company,term,date,basis,median,offers,hedge,trade_date,usable_history
Aalto energia Oyj,12,2026-04-08,observed_seller_data,8.9,1,,,False
Aalto energia Oyj,12,2026-04-09,observed_seller_data,8.9,1,7.008009397260273,2026-04-08,True
Aalto energia Oyj,12,2026-04-10,observed_seller_data,8.9,1,7.001851301369863,2026-04-09,True
Aalto energia Oyj,12,2026-04-11,observed_seller_data,8.9,1,6.91596116438356,2026-04-10,True
Aalto energia Oyj,12,2026-04-12,observed_seller_data,8.9,1,6.91596116438356,2026-04-10,True
Aalto energia Oyj,12,2026-04-13,observed_seller_data,8.9,1,6.91596116438356,2026-04-10,True
Aalto energia Oyj,12,2026-04-14,observed_seller_data,8.9,1,6.929934643835616,2026-04-13,True
Aalto energia Oyj,12,2026-04-15,observed_seller_data,8.9,1,6.809994465753424,2026-04-14,True
Aalto energia Oyj,12,2026-04-16,observed_seller_data,8.9,1,6.761455191780822,2026-04-15,True
Aalto energia Oyj,12,2026-04-17,observed_seller_data,8.9,1,6.797176273972602,2026-04-16,True
Aalto energia Oyj,12,2026-04-18,observed_seller_data,8.9,1,6.730929465753426,2026-04-17,True
Aalto energia Oyj,12,2026-04-19,observed_seller_data,8.9,1,6.730929465753426,2026-04-17,True
Aalto energia Oyj,12,2026-04-20,observed_seller_data,8.9,1,6.730929465753426,2026-04-17,True
Aalto energia Oyj,12,2026-04-21,observed_seller_data,8.9,1,6.749090863013699,2026-04-20,True
Aalto energia Oyj,12,2026-04-22,observed_seller_data,8.9,1,6.839808452054794,2026-04-21,True
Aalto energia Oyj,12,2026-04-23,observed_seller_data,8.9,1,6.872737589041094,2026-04-22,True
Aalto energia Oyj,12,2026-04-24,observed_seller_data,8.9,1,6.963417356164384,2026-04-23,True
Aalto energia Oyj,12,2026-04-25,observed_seller_data,8.9,1,6.8711112465753414,2026-04-24,True
Aalto energia Oyj,12,2026-04-26,observed_seller_data,8.9,1,6.8711112465753414,2026-04-24,True
Aalto energia Oyj,12,2026-04-27,observed_seller_data,8.9,1,6.8711112465753414,2026-04-24,True
Aalto energia Oyj,12,2026-04-28,observed_seller_data,8.9,1,6.778488808219178,2026-04-27,True
Aalto energia Oyj,12,2026-04-29,observed_seller_data,8.9,1,6.82226595890411,2026-04-28,True
Aalto energia Oyj,12,2026-04-30,observed_seller_data,8.9,1,6.91197610958904,2026-04-29,True
Aalto energia Oyj,12,2026-05-01,observed_seller_data,8.9,1,6.984508232876711,2026-04-30,True
Aalto energia Oyj,12,2026-05-02,observed_seller_data,8.9,1,6.984508232876711,2026-04-30,True
Aalto energia Oyj,12,2026-05-03,observed_seller_data,8.9,1,6.984508232876711,2026-04-30,True
Aalto energia Oyj,12,2026-05-04,observed_seller_data,8.9,1,6.984508232876711,2026-04-30,True
Aalto energia Oyj,12,2026-05-05,observed_seller_data,8.9,1,7.199113232876712,2026-05-04,True
Aalto energia Oyj,12,2026-05-06,observed_seller_data,8.9,1,7.225643589041095,2026-05-05,True
Aalto energia Oyj,12,2026-05-07,observed_seller_data,8.9,1,7.098238739726027,2026-05-06,True
Aalto energia Oyj,12,2026-05-08,observed_seller_data,8.9,1,7.211415671232878,2026-05-07,True
Aalto energia Oyj,12,2026-05-09,observed_seller_data,8.9,1,7.42950716438356,2026-05-08,True
Aalto energia Oyj,12,2026-05-10,observed_seller_data,8.9,1,7.42950716438356,2026-05-08,True
Aalto energia Oyj,12,2026-05-11,observed_seller_data,8.9,1,7.42950716438356,2026-05-08,True
Aalto energia Oyj,12,2026-05-12,observed_seller_data,8.9,1,7.627480835616438,2026-05-11,True
Aalto energia Oyj,12,2026-05-13,observed_seller_data,8.9,1,7.662703356164383,2026-05-12,True
Aalto energia Oyj,12,2026-05-14,observed_seller_data,8.9,1,7.6846194383561635,2026-05-13,True
Aalto energia Oyj,12,2026-05-15,observed_seller_data,8.9,1,7.672966849315067,2026-05-14,True
Aalto energia Oyj,12,2026-05-16,observed_seller_data,8.9,1,7.7297306712328755,2026-05-15,True
Aalto energia Oyj,12,2026-05-17,observed_seller_data,8.9,1,7.7297306712328755,2026-05-15,True
Aalto energia Oyj,12,2026-05-18,observed_seller_data,8.9,1,7.7297306712328755,2026-05-15,True
Aalto energia Oyj,12,2026-05-19,observed_seller_data,8.9,1,7.584962123287671,2026-05-18,True
Aalto energia Oyj,12,2026-05-20,observed_seller_data,8.9,1,7.514379547945205,2026-05-19,True
Aalto energia Oyj,12,2026-05-21,observed_seller_data,8.9,1,7.557534356164381,2026-05-20,True
Aalto energia Oyj,12,2026-05-22,observed_seller_data,8.9,1,7.675029863013698,2026-05-21,True
Aalto energia Oyj,12,2026-05-23,observed_seller_data,8.9,1,7.630430945205479,2026-05-22,True
Aalto energia Oyj,12,2026-05-24,observed_seller_data,8.9,1,7.630430945205479,2026-05-22,True
Aalto energia Oyj,12,2026-05-25,observed_seller_data,8.9,1,7.630430945205479,2026-05-22,True
Aalto energia Oyj,12,2026-05-26,observed_seller_data,8.9,1,7.405325205479452,2026-05-25,True
Aalto energia Oyj,12,2026-05-27,observed_seller_data,8.9,1,7.498484027397259,2026-05-26,True
Aalto energia Oyj,12,2026-05-28,observed_seller_data,8.9,1,7.3629646575342464,2026-05-27,True
Aalto energia Oyj,12,2026-05-29,observed_seller_data,8.9,1,7.544537369863012,2026-05-28,True
Aalto energia Oyj,12,2026-05-30,observed_seller_data,8.9,1,7.758901684931507,2026-05-29,True
Aalto energia Oyj,12,2026-05-31,observed_seller_data,8.9,1,7.758901684931507,2026-05-29,True
Aalto energia Oyj,12,2026-06-01,observed_seller_data,8.9,1,7.61820415068493,2026-05-29,True
Aalto energia Oyj,12,2026-06-02,observed_seller_data,8.9,1,7.859800246575342,2026-06-01,True
Aalto energia Oyj,24,2026-04-08,observed_seller_data,8.29,1,,,False
Aalto energia Oyj,24,2026-04-09,observed_seller_data,8.29,1,6.314420047879617,2026-04-08,True
Aalto energia Oyj,24,2026-04-10,observed_seller_data,8.29,1,6.2962903625171,2026-04-09,True
Aalto energia Oyj,24,2026-04-11,observed_seller_data,8.29,1,6.228571867305061,2026-04-10,True
Aalto energia Oyj,24,2026-04-12,observed_seller_data,8.29,1,6.228571867305061,2026-04-10,True
Aalto energia Oyj,24,2026-04-13,observed_seller_data,8.29,1,6.228571867305061,2026-04-10,True
Aalto energia Oyj,24,2026-04-14,observed_seller_data,8.29,1,6.23801269493844,2026-04-13,True
Aalto energia Oyj,24,2026-04-15,observed_seller_data,8.29,1,6.177379541723666,2026-04-14,True
Aalto energia Oyj,24,2026-04-16,observed_seller_data,8.29,1,6.144708337893295,2026-04-15,True
Aalto energia Oyj,24,2026-04-17,observed_seller_data,8.29,1,6.150796203830369,2026-04-16,True
Aalto energia Oyj,24,2026-04-18,observed_seller_data,8.29,1,6.103619534883721,2026-04-17,True
Aalto energia Oyj,24,2026-04-19,observed_seller_data,8.29,1,6.103619534883721,2026-04-17,True
Aalto energia Oyj,24,2026-04-20,observed_seller_data,8.29,1,6.103619534883721,2026-04-17,True
Aalto energia Oyj,24,2026-04-21,observed_seller_data,8.29,1,6.087503686730505,2026-04-20,True
Aalto energia Oyj,24,2026-04-22,observed_seller_data,8.29,1,6.154380937072504,2026-04-21,True
Aalto energia Oyj,24,2026-04-23,observed_seller_data,8.29,1,6.177219876880984,2026-04-22,True
Aalto energia Oyj,24,2026-04-24,observed_seller_data,8.29,1,6.256475444596442,2026-04-23,True
Aalto energia Oyj,24,2026-04-25,observed_seller_data,8.29,1,6.191047195622435,2026-04-24,True
Aalto energia Oyj,24,2026-04-26,observed_seller_data,8.29,1,6.191047195622435,2026-04-24,True
Aalto energia Oyj,24,2026-04-27,observed_seller_data,8.29,1,6.191047195622435,2026-04-24,True
Aalto energia Oyj,24,2026-04-28,observed_seller_data,8.29,1,6.134817701778386,2026-04-27,True
Aalto energia Oyj,24,2026-04-29,observed_seller_data,8.29,1,6.171774103967169,2026-04-28,True
Aalto energia Oyj,24,2026-04-30,observed_seller_data,8.29,1,6.239817079343364,2026-04-29,True
Aalto energia Oyj,24,2026-05-01,observed_seller_data,8.29,1,6.355381805745553,2026-04-30,True
Aalto energia Oyj,24,2026-05-02,observed_seller_data,8.29,1,6.355381805745553,2026-04-30,True
Aalto energia Oyj,24,2026-05-03,observed_seller_data,8.29,1,6.355381805745553,2026-04-30,True
Aalto energia Oyj,24,2026-05-04,observed_seller_data,8.29,1,6.355381805745553,2026-04-30,True
Aalto energia Oyj,24,2026-05-05,observed_seller_data,8.29,1,6.476608625170997,2026-05-04,True
Aalto energia Oyj,24,2026-05-06,observed_seller_data,8.29,1,6.494082482900137,2026-05-05,True
Aalto energia Oyj,24,2026-05-07,observed_seller_data,8.29,1,6.3717053898768805,2026-05-06,True
Aalto energia Oyj,24,2026-05-08,observed_seller_data,8.29,1,6.408783686730506,2026-05-07,True
Aalto energia Oyj,24,2026-05-09,observed_seller_data,8.29,1,6.537145636114911,2026-05-08,True
Aalto energia Oyj,24,2026-05-10,observed_seller_data,8.29,1,6.537145636114911,2026-05-08,True
Aalto energia Oyj,24,2026-05-11,observed_seller_data,8.29,1,6.537145636114911,2026-05-08,True
Aalto energia Oyj,24,2026-05-12,observed_seller_data,8.29,1,6.665234610123119,2026-05-11,True
Aalto energia Oyj,24,2026-05-13,observed_seller_data,8.29,1,6.70606760601915,2026-05-12,True
Aalto energia Oyj,24,2026-05-14,observed_seller_data,8.29,1,6.721105287277702,2026-05-13,True
Aalto energia Oyj,24,2026-05-15,observed_seller_data,8.29,1,6.717319685362518,2026-05-14,True
Aalto energia Oyj,24,2026-05-16,observed_seller_data,8.29,1,6.7470001778385775,2026-05-15,True
Aalto energia Oyj,24,2026-05-17,observed_seller_data,8.29,1,6.7470001778385775,2026-05-15,True
Aalto energia Oyj,24,2026-05-18,observed_seller_data,8.29,1,6.7470001778385775,2026-05-15,True
Aalto energia Oyj,24,2026-05-19,observed_seller_data,8.29,1,6.650742879616962,2026-05-18,True
Aalto energia Oyj,24,2026-05-20,observed_seller_data,8.29,1,6.6187309370725025,2026-05-19,True
Aalto energia Oyj,24,2026-05-21,observed_seller_data,8.29,1,6.6317977017783845,2026-05-20,True
Aalto energia Oyj,24,2026-05-22,observed_seller_data,8.29,1,6.702566997264021,2026-05-21,True
Aalto energia Oyj,24,2026-05-23,observed_seller_data,8.29,1,6.6722512790697674,2026-05-22,True
Aalto energia Oyj,24,2026-05-24,observed_seller_data,8.29,1,6.6722512790697674,2026-05-22,True
Aalto energia Oyj,24,2026-05-25,observed_seller_data,8.29,1,6.6722512790697674,2026-05-22,True
Aalto energia Oyj,24,2026-05-26,observed_seller_data,8.29,1,6.515872441860465,2026-05-25,True
Aalto energia Oyj,24,2026-05-27,observed_seller_data,8.29,1,6.584854521203829,2026-05-26,True
Aalto energia Oyj,24,2026-05-28,observed_seller_data,8.29,1,6.484572982216141,2026-05-27,True
Aalto energia Oyj,24,2026-05-29,observed_seller_data,8.29,1,6.595828474692201,2026-05-28,True
Aalto energia Oyj,24,2026-05-30,observed_seller_data,8.29,1,6.705398043775649,2026-05-29,True
Aalto energia Oyj,24,2026-05-31,observed_seller_data,8.29,1,6.705398043775649,2026-05-29,True
Aalto energia Oyj,24,2026-06-01,observed_seller_data,8.29,1,6.692830875512995,2026-05-29,True
Aalto energia Oyj,24,2026-06-02,observed_seller_data,8.29,1,6.863023296853624,2026-06-01,True
Alajärven Sähkö Oy,12,2026-04-08,observed_seller_data,8.99,1,,,False
Alajärven Sähkö Oy,12,2026-04-09,observed_seller_data,8.99,1,7.008009397260273,2026-04-08,True
Alajärven Sähkö Oy,12,2026-04-10,observed_seller_data,8.99,1,7.001851301369863,2026-04-09,True
Alajärven Sähkö Oy,12,2026-04-11,observed_seller_data,8.99,1,6.91596116438356,2026-04-10,True
Alajärven Sähkö Oy,12,2026-04-12,observed_seller_data,8.99,1,6.91596116438356,2026-04-10,True
Alajärven Sähkö Oy,12,2026-04-13,observed_seller_data,8.99,1,6.91596116438356,2026-04-10,True
Alajärven Sähkö Oy,12,2026-04-14,observed_seller_data,8.99,1,6.929934643835616,2026-04-13,True
Alajärven Sähkö Oy,12,2026-04-15,observed_seller_data,8.99,1,6.809994465753424,2026-04-14,True
Alajärven Sähkö Oy,12,2026-04-16,observed_seller_data,8.99,1,6.761455191780822,2026-04-15,True
Alajärven Sähkö Oy,12,2026-04-17,observed_seller_data,8.99,1,6.797176273972602,2026-04-16,True
Alajärven Sähkö Oy,12,2026-04-18,observed_seller_data,8.99,1,6.730929465753426,2026-04-17,True
Alajärven Sähkö Oy,12,2026-04-19,observed_seller_data,8.99,1,6.730929465753426,2026-04-17,True
Alajärven Sähkö Oy,12,2026-04-20,observed_seller_data,8.99,1,6.730929465753426,2026-04-17,True
Alajärven Sähkö Oy,12,2026-04-21,observed_seller_data,8.99,1,6.749090863013699,2026-04-20,True
Alajärven Sähkö Oy,12,2026-04-22,observed_seller_data,8.99,1,6.839808452054794,2026-04-21,True
Alajärven Sähkö Oy,12,2026-04-23,observed_seller_data,8.99,1,6.872737589041094,2026-04-22,True
Alajärven Sähkö Oy,12,2026-04-24,observed_seller_data,8.99,1,6.963417356164384,2026-04-23,True
Alajärven Sähkö Oy,12,2026-04-25,observed_seller_data,8.99,1,6.8711112465753414,2026-04-24,True
Alajärven Sähkö Oy,12,2026-04-26,observed_seller_data,8.99,1,6.8711112465753414,2026-04-24,True
Alajärven Sähkö Oy,12,2026-04-27,observed_seller_data,8.99,1,6.8711112465753414,2026-04-24,True
Alajärven Sähkö Oy,12,2026-04-28,observed_seller_data,8.99,1,6.778488808219178,2026-04-27,True
Alajärven Sähkö Oy,12,2026-04-29,observed_seller_data,8.99,1,6.82226595890411,2026-04-28,True
Alajärven Sähkö Oy,12,2026-04-30,observed_seller_data,8.99,1,6.91197610958904,2026-04-29,True
Alajärven Sähkö Oy,12,2026-05-01,observed_seller_data,8.99,1,6.984508232876711,2026-04-30,True
Alajärven Sähkö Oy,12,2026-05-02,observed_seller_data,8.99,1,6.984508232876711,2026-04-30,True
Alajärven Sähkö Oy,12,2026-05-03,observed_seller_data,8.99,1,6.984508232876711,2026-04-30,True
Alajärven Sähkö Oy,12,2026-05-04,observed_seller_data,8.99,1,6.984508232876711,2026-04-30,True
Alajärven Sähkö Oy,12,2026-05-05,observed_seller_data,8.99,1,7.199113232876712,2026-05-04,True
Alajärven Sähkö Oy,12,2026-05-06,observed_seller_data,8.99,1,7.225643589041095,2026-05-05,True
Alajärven Sähkö Oy,12,2026-05-07,observed_seller_data,8.99,1,7.098238739726027,2026-05-06,True
Alajärven Sähkö Oy,12,2026-05-08,observed_seller_data,8.99,1,7.211415671232878,2026-05-07,True
Alajärven Sähkö Oy,12,2026-05-09,observed_seller_data,8.99,1,7.42950716438356,2026-05-08,True
Alajärven Sähkö Oy,12,2026-05-10,observed_seller_data,8.99,1,7.42950716438356,2026-05-08,True
Alajärven Sähkö Oy,12,2026-05-11,observed_seller_data,8.99,1,7.42950716438356,2026-05-08,True
Alajärven Sähkö Oy,12,2026-05-12,observed_seller_data,8.99,1,7.627480835616438,2026-05-11,True
Alajärven Sähkö Oy,12,2026-05-13,observed_seller_data,8.99,1,7.662703356164383,2026-05-12,True
Alajärven Sähkö Oy,12,2026-05-14,observed_seller_data,8.99,1,7.6846194383561635,2026-05-13,True
Alajärven Sähkö Oy,12,2026-05-15,observed_seller_data,8.99,1,7.672966849315067,2026-05-14,True
Alajärven Sähkö Oy,12,2026-05-16,observed_seller_data,8.99,1,7.7297306712328755,2026-05-15,True
Alajärven Sähkö Oy,12,2026-05-17,observed_seller_data,8.99,1,7.7297306712328755,2026-05-15,True
Alajärven Sähkö Oy,12,2026-05-18,observed_seller_data,8.99,1,7.7297306712328755,2026-05-15,True
Alajärven Sähkö Oy,12,2026-05-19,observed_seller_data,8.99,1,7.584962123287671,2026-05-18,True
Alajärven Sähkö Oy,12,2026-05-20,observed_seller_data,8.99,1,7.514379547945205,2026-05-19,True
Alajärven Sähkö Oy,12,2026-05-21,observed_seller_data,8.99,1,7.557534356164381,2026-05-20,True
Alajärven Sähkö Oy,12,2026-05-22,observed_seller_data,8.99,1,7.675029863013698,2026-05-21,True
Alajärven Sähkö Oy,12,2026-05-23,observed_seller_data,8.99,1,7.630430945205479,2026-05-22,True
Alajärven Sähkö Oy,12,2026-05-24,observed_seller_data,8.99,1,7.630430945205479,2026-05-22,True
Alajärven Sähkö Oy,12,2026-05-25,observed_seller_data,8.99,1,7.630430945205479,2026-05-22,True
Alajärven Sähkö Oy,12,2026-05-26,observed_seller_data,8.99,1,7.405325205479452,2026-05-25,True
Alajärven Sähkö Oy,12,2026-05-27,observed_seller_data,8.99,1,7.498484027397259,2026-05-26,True
Alajärven Sähkö Oy,12,2026-05-28,observed_seller_data,8.99,1,7.3629646575342464,2026-05-27,True
Alajärven Sähkö Oy,12,2026-05-29,observed_seller_data,8.99,1,7.544537369863012,2026-05-28,True
Alajärven Sähkö Oy,12,2026-05-30,observed_seller_data,8.99,1,7.758901684931507,2026-05-29,True
Alajärven Sähkö Oy,12,2026-05-31,observed_seller_data,8.99,1,7.758901684931507,2026-05-29,True
Alajärven Sähkö Oy,12,2026-06-01,observed_seller_data,8.99,1,7.61820415068493,2026-05-29,True
Alajärven Sähkö Oy,12,2026-06-02,observed_seller_data,8.99,1,7.859800246575342,2026-06-01,True
Alajärven Sähkö Oy,12,2026-06-03,observed_seller_data,8.99,1,7.760411123287669,2026-06-02,True
Alajärven Sähkö Oy,12,2026-06-04,observed_seller_data,8.99,1,7.938253219178082,2026-06-03,True
Alajärven Sähkö Oy,12,2026-06-05,observed_seller_data,8.99,1,7.809387068493151,2026-06-04,True
Alajärven Sähkö Oy,12,2026-06-06,observed_seller_data,8.99,1,7.719044260273972,2026-06-05,True
Alajärven Sähkö Oy,12,2026-06-07,observed_seller_data,8.99,1,7.719044260273972,2026-06-05,True
Alajärven Sähkö Oy,12,2026-06-08,observed_seller_data,8.99,1,7.719044260273972,2026-06-05,True
Alajärven Sähkö Oy,12,2026-06-09,observed_seller_data,8.99,1,7.710300520547945,2026-06-08,True
Alajärven Sähkö Oy,12,2026-06-10,observed_seller_data,8.99,1,7.529601150684932,2026-06-09,True
Alajärven Sähkö Oy,12,2026-06-11,observed_seller_data,8.99,1,7.565910191780821,2026-06-10,True
Alajärven Sähkö Oy,12,2026-06-12,observed_seller_data,8.99,1,7.608071315068491,2026-06-11,True
Alajärven Sähkö Oy,12,2026-06-13,observed_seller_data,8.99,1,7.4029114794520545,2026-06-12,True
Alajärven Sähkö Oy,12,2026-06-14,observed_seller_data,8.99,1,7.4029114794520545,2026-06-12,True
Alajärven Sähkö Oy,12,2026-06-15,observed_seller_data,8.99,1,7.4029114794520545,2026-06-12,True
Alajärven Sähkö Oy,12,2026-06-16,observed_seller_data,8.99,1,7.26479615068493,2026-06-15,True
Alajärven Sähkö Oy,12,2026-06-17,observed_seller_data,8.99,1,7.301139575342464,2026-06-16,True
Alajärven Sähkö Oy,12,2026-06-18,observed_seller_data,8.99,1,7.162126835616437,2026-06-17,True
Alajärven Sähkö Oy,12,2026-06-19,observed_seller_data,8.99,1,7.0250842739726025,2026-06-18,True
Alajärven Sähkö Oy,12,2026-06-20,observed_seller_data,8.99,1,7.132684191780821,2026-06-19,True
Alajärven Sähkö Oy,12,2026-06-21,observed_seller_data,8.99,1,7.132684191780821,2026-06-19,True
Alajärven Sähkö Oy,12,2026-06-22,observed_seller_data,8.99,1,7.132684191780821,2026-06-19,True
Alajärven Sähkö Oy,12,2026-06-23,observed_seller_data,8.99,1,6.836349465753425,2026-06-22,True
Alajärven Sähkö Oy,12,2026-06-24,observed_seller_data,8.99,1,6.874353616438356,2026-06-23,True
Alajärven Sähkö Oy,12,2026-06-25,observed_seller_data,8.99,1,6.835799328767123,2026-06-24,True
Alajärven Sähkö Oy,12,2026-06-26,observed_seller_data,8.99,1,6.8778641780821905,2026-06-25,True
Alajärven Sähkö Oy,12,2026-06-27,observed_seller_data,8.99,1,6.942928191780821,2026-06-26,True
Alajärven Sähkö Oy,12,2026-06-28,observed_seller_data,8.99,1,6.942928191780821,2026-06-26,True
Alajärven Sähkö Oy,12,2026-06-29,observed_seller_data,8.99,1,6.942928191780821,2026-06-26,True
Alajärven Sähkö Oy,12,2026-06-30,observed_seller_data,8.99,1,7.11498009589041,2026-06-29,True
Alajärven Sähkö Oy,12,2026-07-01,observed_seller_data,8.99,1,7.291367767123288,2026-06-30,True
Alajärven Sähkö Oy,12,2026-07-02,observed_seller_data,8.99,1,7.297343630136985,2026-07-01,True
Alajärven Sähkö Oy,12,2026-07-03,observed_seller_data,8.99,1,7.396309835616438,2026-07-02,True
Alajärven Sähkö Oy,12,2026-07-04,observed_seller_data,8.99,1,7.537921972602739,2026-07-03,True
Alajärven Sähkö Oy,12,2026-07-05,observed_seller_data,8.99,1,7.537921972602739,2026-07-03,True
Alajärven Sähkö Oy,12,2026-07-06,observed_seller_data,8.99,1,7.537921972602739,2026-07-03,True
Alajärven Sähkö Oy,12,2026-07-07,observed_seller_data,8.99,1,7.517649424657533,2026-07-06,True
Alajärven Sähkö Oy,12,2026-07-08,observed_seller_data,8.99,1,7.55255905479452,2026-07-07,True
Alajärven Sähkö Oy,12,2026-07-09,observed_seller_data,8.99,1,7.663016246575341,2026-07-08,True
Alajärven Sähkö Oy,12,2026-07-10,observed_seller_data,8.99,1,7.752925821917807,2026-07-09,True
Alajärven Sähkö Oy,12,2026-07-11,observed_seller_data,8.99,1,7.733756986301369,2026-07-10,True
Alajärven Sähkö Oy,12,2026-07-12,observed_seller_data,8.99,1,7.733756986301369,2026-07-10,True
Alajärven Sähkö Oy,12,2026-07-13,observed_seller_data,8.99,1,7.733756986301369,2026-07-10,True
Alajärven Sähkö Oy,12,2026-07-14,observed_seller_data,8.99,1,7.916333698630135,2026-07-13,True
Alajärven Sähkö Oy,12,2026-07-15,observed_seller_data,8.99,1,8.05474128767123,2026-07-14,True
Alajärven Sähkö Oy,12,2026-07-16,observed_seller_data,8.99,1,8.242688712328768,2026-07-15,True
Alajärven Sähkö Oy,12,2026-07-17,observed_seller_data,8.99,1,8.230231547945204,2026-07-16,True
Alajärven Sähkö Oy,12,2026-07-18,observed_seller_data,8.99,1,8.411536068493149,2026-07-17,True
Alajärven Sähkö Oy,12,2026-07-19,observed_seller_data,8.99,1,8.411536068493149,2026-07-17,True
Alajärven Sähkö Oy,12,2026-07-20,observed_seller_data,8.99,1,8.411536068493149,2026-07-17,True
Alajärven Sähkö Oy,12,2026-07-21,observed_seller_data,8.99,1,8.444090424657533,2026-07-20,True
Alajärven Sähkö Oy,12,2026-07-22,observed_seller_data,8.99,1,8.482008616438355,2026-07-21,True
Alajärven Sähkö Oy,12,2026-07-23,observed_seller_data,9.9,1,8.747336246575342,2026-07-22,True
Alajärven Sähkö Oy,12,2026-07-24,observed_seller_data,9.9,1,8.776696369863014,2026-07-23,True
Alajärven Sähkö Oy,12,2026-07-25,observed_seller_data,9.9,1,8.763114863013698,2026-07-24,True
Alajärven Sähkö Oy,12,2026-07-26,observed_seller_data,9.9,1,8.763114863013698,2026-07-24,True
Alajärven Sähkö Oy,12,2026-07-27,canonical_calculation,9.9,1,8.763114863013698,2026-07-24,True
Alajärven Sähkö Oy,12,2026-07-28,canonical_calculation,9.9,1,8.568218520547944,2026-07-27,True
Alajärven Sähkö Oy,12,2026-07-29,canonical_calculation,9.9,1,8.490944904109588,2026-07-28,True
Alajärven Sähkö Oy,12,2026-07-30,canonical_calculation,9.9,1,8.781259068493151,2026-07-29,True
Alajärven Sähkö Oy,12,2026-07-31,canonical_calculation,9.9,1,8.746273794520546,2026-07-30,True
Alajärven Sähkö Oy,12,2026-08-01,canonical_calculation,9.9,1,8.888607986301372,2026-07-31,True
Alajärven Sähkö Oy,12,2026-08-02,canonical_calculation,9.9,1,8.888607986301372,2026-07-31,True
Alajärven Sähkö Oy,12,2026-08-03,canonical_calculation,9.9,1,8.888607986301372,2026-07-31,True
Alajärven Sähkö Oy,12,2026-08-04,canonical_calculation,9.9,1,8.728779438356165,2026-08-03,True
Alajärven Sähkö Oy,12,2026-08-05,canonical_calculation,9.9,1,8.838225753424656,2026-08-04,True
Alajärven Sähkö Oy,12,2026-08-06,canonical_calculation,9.9,1,8.654765383561644,2026-08-05,True
Alajärven Sähkö Oy,12,2026-08-07,canonical_calculation,11.0,1,8.644147739726026,2026-08-06,True
Alajärven Sähkö Oy,12,2026-08-08,canonical_calculation,11.0,1,8.630679698630136,2026-08-07,True
Alajärven Sähkö Oy,12,2026-08-09,canonical_calculation,11.0,1,8.630679698630136,2026-08-07,True
Alajärven Sähkö Oy,12,2026-08-10,canonical_calculation,11.0,1,8.630679698630136,2026-08-07,True
Alajärven Sähkö Oy,12,2026-08-11,canonical_calculation,11.0,1,8.748859438356163,2026-08-10,True
Alajärven Sähkö Oy,12,2026-08-12,canonical_calculation,11.0,1,8.705082287671232,2026-08-11,True
Alajärven Sähkö Oy,12,2026-08-13,canonical_calculation,11.0,1,8.724316452054794,2026-08-12,True
Alajärven Sähkö Oy,12,2026-08-14,canonical_calculation,11.0,1,8.579424123287671,2026-08-13,True
Alajärven Sähkö Oy,12,2026-08-15,canonical_calculation,11.0,1,8.519703315068492,2026-08-14,True
Alajärven Sähkö Oy,12,2026-08-16,canonical_calculation,11.0,1,8.519703315068492,2026-08-14,True
Alajärven Sähkö Oy,12,2026-08-17,canonical_calculation,11.0,1,8.519703315068492,2026-08-14,True
Alajärven Sähkö Oy,12,2026-08-18,canonical_calculation,11.0,1,8.72096405479452,2026-08-17,True
Alajärven Sähkö Oy,12,2026-08-19,canonical_calculation,11.0,1,8.774798397260271,2026-08-18,True
Alajärven Sähkö Oy,12,2026-08-20,canonical_calculation,11.0,1,8.702345356164384,2026-08-19,True
Alajärven Sähkö Oy,12,2026-08-21,canonical_calculation,11.0,1,8.65210409589041,2026-08-20,True
Alajärven Sähkö Oy,12,2026-08-22,canonical_calculation,11.0,1,8.782668794520548,2026-08-21,True
Alajärven Sähkö Oy,12,2026-08-23,canonical_calculation,11.0,1,8.782668794520548,2026-08-21,True
Alajärven Sähkö Oy,12,2026-08-24,canonical_calculation,11.0,1,8.782668794520548,2026-08-21,True
Alajärven Sähkö Oy,12,2026-08-25,canonical_calculation,11.0,1,8.70024108219178,2026-08-24,True
Alajärven Sähkö Oy,12,2026-08-26,canonical_calculation,11.0,1,8.494331684931506,2026-08-25,True
Alajärven Sähkö Oy,12,2026-08-27,canonical_calculation,11.0,1,8.25278716438356,2026-08-26,True
Alajärven Sähkö Oy,12,2026-08-28,canonical_calculation,11.0,1,8.430127260273972,2026-08-27,True
Alajärven Sähkö Oy,12,2026-08-29,canonical_calculation,11.0,1,8.376550794520547,2026-08-28,True
Alajärven Sähkö Oy,12,2026-08-30,canonical_calculation,11.0,1,8.376550794520547,2026-08-28,True
Alajärven Sähkö Oy,12,2026-08-31,canonical_calculation,11.0,1,8.376550794520547,2026-08-28,True
Alajärven Sähkö Oy,12,2026-09-01,canonical_calculation,11.0,1,8.194654876712328,2026-08-31,True
Alajärven Sähkö Oy,12,2026-09-02,canonical_calculation,11.0,1,8.232160465753424,2026-09-01,True
Alajärven Sähkö Oy,12,2026-09-03,canonical_calculation,11.0,1,8.529712369863013,2026-09-02,True
Alajärven Sähkö Oy,12,2026-09-04,canonical_calculation,11.0,1,8.541691602739725,2026-09-03,True
Alajärven Sähkö Oy,12,2026-09-05,canonical_calculation,11.0,1,8.551384328767123,2026-09-04,True
Alajärven Sähkö Oy,12,2026-09-06,canonical_calculation,11.0,1,8.551384328767123,2026-09-04,True
Alajärven Sähkö Oy,12,2026-09-07,canonical_calculation,11.0,1,8.551384328767123,2026-09-04,True
Alajärven Sähkö Oy,12,2026-09-08,canonical_calculation,11.0,1,8.858608328767124,2026-09-07,True
Alajärven Sähkö Oy,12,2026-09-09,canonical_calculation,11.0,1,9.059559616438355,2026-09-08,True
Alajärven Sähkö Oy,12,2026-09-10,canonical_calculation,11.0,1,9.442544356164383,2026-09-09,True
Alajärven Sähkö Oy,12,2026-09-11,canonical_calculation,11.0,1,9.592642356164383,2026-09-10,True
Alajärven Sähkö Oy,12,2026-09-12,canonical_calculation,11.0,1,9.381571986301369,2026-09-11,True
Alajärven Sähkö Oy,12,2026-09-13,canonical_calculation,11.0,1,9.381571986301369,2026-09-11,True
Alajärven Sähkö Oy,24,2026-04-08,observed_seller_data,8.4,1,,,False
Alajärven Sähkö Oy,24,2026-04-09,observed_seller_data,8.4,1,6.314420047879617,2026-04-08,True
Alajärven Sähkö Oy,24,2026-04-10,observed_seller_data,8.4,1,6.2962903625171,2026-04-09,True
Alajärven Sähkö Oy,24,2026-04-11,observed_seller_data,8.4,1,6.228571867305061,2026-04-10,True
Alajärven Sähkö Oy,24,2026-04-12,observed_seller_data,8.4,1,6.228571867305061,2026-04-10,True
Alajärven Sähkö Oy,24,2026-04-13,observed_seller_data,8.4,1,6.228571867305061,2026-04-10,True
Alajärven Sähkö Oy,24,2026-04-14,observed_seller_data,8.4,1,6.23801269493844,2026-04-13,True
Alajärven Sähkö Oy,24,2026-04-15,observed_seller_data,8.4,1,6.177379541723666,2026-04-14,True
Alajärven Sähkö Oy,24,2026-04-16,observed_seller_data,8.4,1,6.144708337893295,2026-04-15,True
Alajärven Sähkö Oy,24,2026-04-17,observed_seller_data,8.4,1,6.150796203830369,2026-04-16,True
Alajärven Sähkö Oy,24,2026-04-18,observed_seller_data,8.4,1,6.103619534883721,2026-04-17,True
Alajärven Sähkö Oy,24,2026-04-19,observed_seller_data,8.4,1,6.103619534883721,2026-04-17,True
Alajärven Sähkö Oy,24,2026-04-20,observed_seller_data,8.4,1,6.103619534883721,2026-04-17,True
Alajärven Sähkö Oy,24,2026-04-21,observed_seller_data,8.4,1,6.087503686730505,2026-04-20,True
Alajärven Sähkö Oy,24,2026-04-22,observed_seller_data,8.4,1,6.154380937072504,2026-04-21,True
Alajärven Sähkö Oy,24,2026-04-23,observed_seller_data,8.4,1,6.177219876880984,2026-04-22,True
Alajärven Sähkö Oy,24,2026-04-24,observed_seller_data,8.4,1,6.256475444596442,2026-04-23,True
Alajärven Sähkö Oy,24,2026-04-25,observed_seller_data,8.4,1,6.191047195622435,2026-04-24,True
Alajärven Sähkö Oy,24,2026-04-26,observed_seller_data,8.4,1,6.191047195622435,2026-04-24,True
Alajärven Sähkö Oy,24,2026-04-27,observed_seller_data,8.4,1,6.191047195622435,2026-04-24,True
Alajärven Sähkö Oy,24,2026-04-28,observed_seller_data,8.4,1,6.134817701778386,2026-04-27,True
Alajärven Sähkö Oy,24,2026-04-29,observed_seller_data,8.4,1,6.171774103967169,2026-04-28,True
Alajärven Sähkö Oy,24,2026-04-30,observed_seller_data,8.4,1,6.239817079343364,2026-04-29,True
Alajärven Sähkö Oy,24,2026-05-01,observed_seller_data,8.4,1,6.355381805745553,2026-04-30,True
Alajärven Sähkö Oy,24,2026-05-02,observed_seller_data,8.4,1,6.355381805745553,2026-04-30,True
Alajärven Sähkö Oy,24,2026-05-03,observed_seller_data,8.4,1,6.355381805745553,2026-04-30,True
Alajärven Sähkö Oy,24,2026-05-04,observed_seller_data,8.4,1,6.355381805745553,2026-04-30,True
Alajärven Sähkö Oy,24,2026-05-05,observed_seller_data,8.4,1,6.476608625170997,2026-05-04,True
Alajärven Sähkö Oy,24,2026-05-06,observed_seller_data,8.4,1,6.494082482900137,2026-05-05,True
Alajärven Sähkö Oy,24,2026-05-07,observed_seller_data,8.4,1,6.3717053898768805,2026-05-06,True
Alajärven Sähkö Oy,24,2026-05-08,observed_seller_data,8.4,1,6.408783686730506,2026-05-07,True
Alajärven Sähkö Oy,24,2026-05-09,observed_seller_data,8.4,1,6.537145636114911,2026-05-08,True
Alajärven Sähkö Oy,24,2026-05-10,observed_seller_data,8.4,1,6.537145636114911,2026-05-08,True
Alajärven Sähkö Oy,24,2026-05-11,observed_seller_data,8.4,1,6.537145636114911,2026-05-08,True
Alajärven Sähkö Oy,24,2026-05-12,observed_seller_data,8.4,1,6.665234610123119,2026-05-11,True
Alajärven Sähkö Oy,24,2026-05-13,observed_seller_data,8.4,1,6.70606760601915,2026-05-12,True
Alajärven Sähkö Oy,24,2026-05-14,observed_seller_data,8.4,1,6.721105287277702,2026-05-13,True
Alajärven Sähkö Oy,24,2026-05-15,observed_seller_data,8.4,1,6.717319685362518,2026-05-14,True
Alajärven Sähkö Oy,24,2026-05-16,observed_seller_data,8.4,1,6.7470001778385775,2026-05-15,True
Alajärven Sähkö Oy,24,2026-05-17,observed_seller_data,8.4,1,6.7470001778385775,2026-05-15,True
Alajärven Sähkö Oy,24,2026-05-18,observed_seller_data,8.4,1,6.7470001778385775,2026-05-15,True
Alajärven Sähkö Oy,24,2026-05-19,observed_seller_data,8.4,1,6.650742879616962,2026-05-18,True
Alajärven Sähkö Oy,24,2026-05-20,observed_seller_data,8.4,1,6.6187309370725025,2026-05-19,True
Alajärven Sähkö Oy,24,2026-05-21,observed_seller_data,8.4,1,6.6317977017783845,2026-05-20,True
Alajärven Sähkö Oy,24,2026-05-22,observed_seller_data,8.4,1,6.702566997264021,2026-05-21,True
Alajärven Sähkö Oy,24,2026-05-23,observed_seller_data,8.4,1,6.6722512790697674,2026-05-22,True
Alajärven Sähkö Oy,24,2026-05-24,observed_seller_data,8.4,1,6.6722512790697674,2026-05-22,True
Alajärven Sähkö Oy,24,2026-05-25,observed_seller_data,8.4,1,6.6722512790697674,2026-05-22,True
Alajärven Sähkö Oy,24,2026-05-26,observed_seller_data,8.4,1,6.515872441860465,2026-05-25,True
Alajärven Sähkö Oy,24,2026-05-27,observed_seller_data,8.4,1,6.584854521203829,2026-05-26,True
Alajärven Sähkö Oy,24,2026-05-28,observed_seller_data,8.4,1,6.484572982216141,2026-05-27,True
Alajärven Sähkö Oy,24,2026-05-29,observed_seller_data,8.4,1,6.595828474692201,2026-05-28,True
Alajärven Sähkö Oy,24,2026-05-30,observed_seller_data,8.4,1,6.705398043775649,2026-05-29,True
Alajärven Sähkö Oy,24,2026-05-31,observed_seller_data,8.4,1,6.705398043775649,2026-05-29,True
Alajärven Sähkö Oy,24,2026-06-01,observed_seller_data,8.4,1,6.692830875512995,2026-05-29,True
Alajärven Sähkö Oy,24,2026-06-02,observed_seller_data,8.4,1,6.863023296853624,2026-06-01,True
Alajärven Sähkö Oy,24,2026-06-03,observed_seller_data,8.7,1,6.804407414500683,2026-06-02,True
Alajärven Sähkö Oy,24,2026-06-04,observed_seller_data,8.7,1,6.924890848153214,2026-06-03,True
Alajärven Sähkö Oy,24,2026-06-05,observed_seller_data,8.7,1,6.841681429548563,2026-06-04,True
Alajärven Sähkö Oy,24,2026-06-06,observed_seller_data,8.7,1,6.780177845417237,2026-06-05,True
Alajärven Sähkö Oy,24,2026-06-07,observed_seller_data,8.7,1,6.780177845417237,2026-06-05,True
Alajärven Sähkö Oy,24,2026-06-08,observed_seller_data,8.7,1,6.780177845417237,2026-06-05,True
Alajärven Sähkö Oy,24,2026-06-09,observed_seller_data,8.7,1,6.7652792270861815,2026-06-08,True
Alajärven Sähkö Oy,24,2026-06-10,observed_seller_data,8.7,1,6.654351648426812,2026-06-09,True
Alajärven Sähkö Oy,24,2026-06-11,observed_seller_data,8.7,1,6.690471956224349,2026-06-10,True
Alajärven Sähkö Oy,24,2026-06-12,observed_seller_data,8.7,1,6.73640049247606,2026-06-11,True
Alajärven Sähkö Oy,24,2026-06-13,observed_seller_data,8.7,1,6.603004808481531,2026-06-12,True
Alajärven Sähkö Oy,24,2026-06-14,observed_seller_data,8.7,1,6.603004808481531,2026-06-12,True
Alajärven Sähkö Oy,24,2026-06-15,observed_seller_data,8.7,1,6.603004808481531,2026-06-12,True
Alajärven Sähkö Oy,24,2026-06-16,observed_seller_data,8.7,1,6.537957694938441,2026-06-15,True
Alajärven Sähkö Oy,24,2026-06-17,observed_seller_data,8.7,1,6.571571436388509,2026-06-16,True
Alajärven Sähkö Oy,24,2026-06-18,observed_seller_data,8.7,1,6.488619541723665,2026-06-17,True
Alajärven Sähkö Oy,24,2026-06-19,observed_seller_data,8.7,1,6.392096135430917,2026-06-18,True
Alajärven Sähkö Oy,24,2026-06-20,observed_seller_data,8.7,1,6.448359965800273,2026-06-19,True
Alajärven Sähkö Oy,24,2026-06-21,observed_seller_data,8.7,1,6.448359965800273,2026-06-19,True
Alajärven Sähkö Oy,24,2026-06-22,observed_seller_data,8.7,1,6.448359965800273,2026-06-19,True
Alajärven Sähkö Oy,24,2026-06-23,observed_seller_data,8.7,1,6.2601099658002735,2026-06-22,True
Alajärven Sähkö Oy,24,2026-06-24,observed_seller_data,8.7,1,6.329272311901504,2026-06-23,True
Alajärven Sähkö Oy,24,2026-06-25,observed_seller_data,8.7,1,6.319347339261285,2026-06-24,True
Alajärven Sähkö Oy,24,2026-06-26,observed_seller_data,8.7,1,6.360398372093023,2026-06-25,True
Alajärven Sähkö Oy,24,2026-06-27,observed_seller_data,8.7,1,6.398996060191518,2026-06-26,True
Alajärven Sähkö Oy,24,2026-06-28,observed_seller_data,8.7,1,6.398996060191518,2026-06-26,True
Alajärven Sähkö Oy,24,2026-06-29,observed_seller_data,8.7,1,6.398996060191518,2026-06-26,True
Alajärven Sähkö Oy,24,2026-06-30,observed_seller_data,8.7,1,6.356499459644321,2026-06-29,True
Alajärven Sähkö Oy,24,2026-07-01,observed_seller_data,8.7,1,6.578045588235293,2026-06-30,True
Alajärven Sähkö Oy,24,2026-07-02,observed_seller_data,8.7,1,6.6284910943912445,2026-07-01,True
Alajärven Sähkö Oy,24,2026-07-03,observed_seller_data,8.7,1,6.720432291381669,2026-07-02,True
Alajärven Sähkö Oy,24,2026-07-04,observed_seller_data,8.7,1,6.790317421340628,2026-07-03,True
Alajärven Sähkö Oy,24,2026-07-05,observed_seller_data,8.7,1,6.790317421340628,2026-07-03,True
Alajärven Sähkö Oy,24,2026-07-06,observed_seller_data,8.7,1,6.790317421340628,2026-07-03,True
Alajärven Sähkö Oy,24,2026-07-07,observed_seller_data,8.7,1,6.748586525307798,2026-07-06,True
Alajärven Sähkö Oy,24,2026-07-08,observed_seller_data,8.7,1,6.768290540355675,2026-07-07,True
Alajärven Sähkö Oy,24,2026-07-09,observed_seller_data,8.7,1,6.846610437756497,2026-07-08,True
Alajärven Sähkö Oy,24,2026-07-10,observed_seller_data,8.7,1,6.866929076607387,2026-07-09,True
Alajärven Sähkö Oy,24,2026-07-11,observed_seller_data,8.7,1,6.839267571819425,2026-07-10,True
Alajärven Sähkö Oy,24,2026-07-12,observed_seller_data,8.7,1,6.839267571819425,2026-07-10,True
Alajärven Sähkö Oy,24,2026-07-13,observed_seller_data,8.7,1,6.839267571819425,2026-07-10,True
Alajärven Sähkö Oy,24,2026-07-14,observed_seller_data,8.7,1,6.9581303214774275,2026-07-13,True
Alajärven Sähkö Oy,24,2026-07-15,observed_seller_data,8.7,1,7.056428926128589,2026-07-14,True
Alajärven Sähkö Oy,24,2026-07-16,observed_seller_data,8.7,1,7.151063823529411,2026-07-15,True
Alajärven Sähkö Oy,24,2026-07-17,observed_seller_data,8.7,1,7.151930820793433,2026-07-16,True
Alajärven Sähkö Oy,24,2026-07-18,observed_seller_data,8.7,1,7.250301532147743,2026-07-17,True
Alajärven Sähkö Oy,24,2026-07-19,observed_seller_data,8.7,1,7.250301532147743,2026-07-17,True
Alajärven Sähkö Oy,24,2026-07-20,observed_seller_data,8.7,1,7.250301532147743,2026-07-17,True
Alajärven Sähkö Oy,24,2026-07-21,observed_seller_data,8.7,1,7.25315146374829,2026-07-20,True
Alajärven Sähkö Oy,24,2026-07-22,observed_seller_data,8.7,1,7.284062920656635,2026-07-21,True
Alajärven Sähkö Oy,24,2026-07-23,observed_seller_data,9.5,1,7.422411648426812,2026-07-22,True
Alajärven Sähkö Oy,24,2026-07-24,observed_seller_data,9.5,1,7.446412879616962,2026-07-23,True
Alajärven Sähkö Oy,24,2026-07-25,observed_seller_data,9.5,1,7.456499233926127,2026-07-24,True
Alajärven Sähkö Oy,24,2026-07-26,observed_seller_data,9.5,1,7.456499233926127,2026-07-24,True
Alajärven Sähkö Oy,24,2026-07-27,canonical_calculation,9.5,1,7.456499233926127,2026-07-24,True
Alajärven Sähkö Oy,24,2026-07-28,canonical_calculation,9.5,1,7.337356641586867,2026-07-27,True
Alajärven Sähkö Oy,24,2026-07-29,canonical_calculation,9.5,1,7.273444350205198,2026-07-28,True
Alajärven Sähkö Oy,24,2026-07-30,canonical_calculation,9.5,1,7.420560909712721,2026-07-29,True
Alajärven Sähkö Oy,24,2026-07-31,canonical_calculation,9.5,1,7.412508994528044,2026-07-30,True
Alajärven Sähkö Oy,24,2026-08-01,canonical_calculation,9.5,1,7.608965424076606,2026-07-31,True
Alajärven Sähkö Oy,24,2026-08-02,canonical_calculation,9.5,1,7.608965424076606,2026-07-31,True
Alajärven Sähkö Oy,24,2026-08-03,canonical_calculation,9.5,1,7.608965424076606,2026-07-31,True
Alajärven Sähkö Oy,24,2026-08-04,canonical_calculation,9.5,1,7.529972530779754,2026-08-03,True
Alajärven Sähkö Oy,24,2026-08-05,canonical_calculation,9.5,1,7.585975403556771,2026-08-04,True
Alajärven Sähkö Oy,24,2026-08-06,canonical_calculation,9.5,1,7.4775578248974,2026-08-05,True
Alajärven Sähkö Oy,24,2026-08-07,canonical_calculation,9.95,1,7.496314151846784,2026-08-06,True
Alajärven Sähkö Oy,24,2026-08-08,canonical_calculation,9.95,1,7.491129336525306,2026-08-07,True
Alajärven Sähkö Oy,24,2026-08-09,canonical_calculation,9.95,1,7.491129336525306,2026-08-07,True
Alajärven Sähkö Oy,24,2026-08-10,canonical_calculation,9.95,1,7.491129336525306,2026-08-07,True
Alajärven Sähkö Oy,24,2026-08-11,canonical_calculation,9.95,1,7.565430143638851,2026-08-10,True
Alajärven Sähkö Oy,24,2026-08-12,canonical_calculation,9.95,1,7.543820451436388,2026-08-11,True
Alajärven Sähkö Oy,24,2026-08-13,canonical_calculation,9.95,1,7.565919439124487,2026-08-12,True
Alajärven Sähkö Oy,24,2026-08-14,canonical_calculation,9.95,1,7.4593920861833105,2026-08-13,True
Alajärven Sähkö Oy,24,2026-08-15,canonical_calculation,9.95,1,7.408258132694938,2026-08-14,True
Alajärven Sähkö Oy,24,2026-08-16,canonical_calculation,9.95,1,7.408258132694938,2026-08-14,True
Alajärven Sähkö Oy,24,2026-08-17,canonical_calculation,9.95,1,7.408258132694938,2026-08-14,True
Alajärven Sähkö Oy,24,2026-08-18,canonical_calculation,9.95,1,7.543262482900136,2026-08-17,True
Alajärven Sähkö Oy,24,2026-08-19,canonical_calculation,9.95,1,7.569327339261285,2026-08-18,True
Alajärven Sähkö Oy,24,2026-08-20,canonical_calculation,9.95,1,7.525651279069766,2026-08-19,True
Alajärven Sähkö Oy,24,2026-08-21,canonical_calculation,9.95,1,7.518734186046511,2026-08-20,True
Alajärven Sähkö Oy,24,2026-08-22,canonical_calculation,9.95,1,7.600690321477427,2026-08-21,True
Alajärven Sähkö Oy,24,2026-08-23,canonical_calculation,9.95,1,7.600690321477427,2026-08-21,True
Alajärven Sähkö Oy,24,2026-08-24,canonical_calculation,9.95,1,7.600690321477427,2026-08-21,True
Alajärven Sähkö Oy,24,2026-08-25,canonical_calculation,9.95,1,7.572352387140903,2026-08-24,True
Alajärven Sähkö Oy,24,2026-08-26,canonical_calculation,9.95,1,7.385951409028726,2026-08-25,True
Alajärven Sähkö Oy,24,2026-08-27,canonical_calculation,9.95,1,7.248811326949384,2026-08-26,True
Alajärven Sähkö Oy,24,2026-08-28,canonical_calculation,9.95,1,7.380433529411764,2026-08-27,True
Alajärven Sähkö Oy,24,2026-08-29,canonical_calculation,9.95,1,7.362903016415868,2026-08-28,True
Alajärven Sähkö Oy,24,2026-08-30,canonical_calculation,9.95,1,7.362903016415868,2026-08-28,True
Alajärven Sähkö Oy,24,2026-08-31,canonical_calculation,9.95,1,7.362903016415868,2026-08-28,True
Alajärven Sähkö Oy,24,2026-09-01,canonical_calculation,9.95,1,7.3933217441860455,2026-08-31,True
Alajärven Sähkö Oy,24,2026-09-02,canonical_calculation,9.95,1,7.452802906976744,2026-09-01,True
Alajärven Sähkö Oy,24,2026-09-03,canonical_calculation,9.95,1,7.658533632010943,2026-09-02,True
Alajärven Sähkö Oy,24,2026-09-04,canonical_calculation,9.95,1,7.687525677154583,2026-09-03,True
Alajärven Sähkö Oy,24,2026-09-05,canonical_calculation,9.95,1,7.69683602599179,2026-09-04,True
Alajärven Sähkö Oy,24,2026-09-06,canonical_calculation,9.95,1,7.69683602599179,2026-09-04,True
Alajärven Sähkö Oy,24,2026-09-07,canonical_calculation,9.95,1,7.69683602599179,2026-09-04,True
Alajärven Sähkö Oy,24,2026-09-08,canonical_calculation,9.95,1,7.916026668946647,2026-09-07,True
Alajärven Sähkö Oy,24,2026-09-09,canonical_calculation,9.95,1,8.065436908344731,2026-09-08,True
Alajärven Sähkö Oy,24,2026-09-10,canonical_calculation,9.95,1,8.37942211354309,2026-09-09,True
Alajärven Sähkö Oy,24,2026-09-11,canonical_calculation,9.95,1,8.510666614227084,2026-09-10,True
Alajärven Sähkö Oy,24,2026-09-12,canonical_calculation,9.95,1,8.336777865937071,2026-09-11,True
Alajärven Sähkö Oy,24,2026-09-13,canonical_calculation,9.95,1,8.336777865937071,2026-09-11,True
Cheap Energy Finland Oy,6,2026-04-08,observed_seller_data,7.45,1,,,False
Cheap Energy Finland Oy,6,2026-04-09,observed_seller_data,7.45,1,5.674571168478261,2026-04-08,True
Cheap Energy Finland Oy,6,2026-04-10,observed_seller_data,7.45,1,5.6259399184782595,2026-04-09,True
Cheap Energy Finland Oy,6,2026-04-11,observed_seller_data,7.45,1,5.571442907608695,2026-04-10,True
Cheap Energy Finland Oy,6,2026-04-12,observed_seller_data,7.45,1,5.571442907608695,2026-04-10,True
Cheap Energy Finland Oy,6,2026-04-13,observed_seller_data,7.45,1,5.571442907608695,2026-04-10,True
Cheap Energy Finland Oy,6,2026-04-14,observed_seller_data,7.45,1,5.563196739130434,2026-04-13,True
Cheap Energy Finland Oy,6,2026-04-15,observed_seller_data,7.45,1,5.412678586956522,2026-04-14,True
Cheap Energy Finland Oy,6,2026-04-16,observed_seller_data,7.45,1,5.3783638858695655,2026-04-15,True
Cheap Energy Finland Oy,6,2026-04-17,observed_seller_data,7.45,1,5.434354619565217,2026-04-16,True
Cheap Energy Finland Oy,6,2026-04-18,observed_seller_data,7.45,1,5.393219266304348,2026-04-17,True
Cheap Energy Finland Oy,6,2026-04-19,observed_seller_data,7.45,1,5.393219266304348,2026-04-17,True
Cheap Energy Finland Oy,6,2026-04-20,observed_seller_data,7.45,1,5.393219266304348,2026-04-17,True
Cheap Energy Finland Oy,6,2026-04-21,observed_seller_data,7.45,1,5.466534456521739,2026-04-20,True
Cheap Energy Finland Oy,6,2026-04-22,observed_seller_data,7.45,1,5.530171141304348,2026-04-21,True
Cheap Energy Finland Oy,6,2026-04-23,observed_seller_data,7.45,1,5.561593885869565,2026-04-22,True
Cheap Energy Finland Oy,6,2026-04-24,observed_seller_data,7.45,1,5.632699184782608,2026-04-23,True
Cheap Energy Finland Oy,6,2026-04-25,observed_seller_data,7.45,1,5.489342717391304,2026-04-24,True
Cheap Energy Finland Oy,6,2026-04-26,observed_seller_data,7.45,1,5.489342717391304,2026-04-24,True
Cheap Energy Finland Oy,6,2026-04-27,observed_seller_data,7.45,1,5.489342717391304,2026-04-24,True
Cheap Energy Finland Oy,6,2026-04-28,observed_seller_data,7.45,1,5.378875434782609,2026-04-27,True
Cheap Energy Finland Oy,6,2026-04-29,observed_seller_data,7.45,1,5.458874864130435,2026-04-28,True
Cheap Energy Finland Oy,6,2026-04-30,observed_seller_data,7.45,1,5.601869836956521,2026-04-29,True
Cheap Energy Finland Oy,6,2026-05-01,observed_seller_data,7.45,1,6.441215491803279,2026-04-30,True
Cheap Energy Finland Oy,6,2026-05-02,observed_seller_data,7.45,1,6.441215491803279,2026-04-30,True
Cheap Energy Finland Oy,6,2026-05-03,observed_seller_data,7.45,1,6.441215491803279,2026-04-30,True
Cheap Energy Finland Oy,6,2026-05-04,observed_seller_data,7.45,1,6.441215491803279,2026-04-30,True
Cheap Energy Finland Oy,6,2026-05-05,observed_seller_data,7.45,1,6.770018633879781,2026-05-04,True
Cheap Energy Finland Oy,6,2026-05-06,observed_seller_data,7.45,1,6.7423194808743165,2026-05-05,True
Cheap Energy Finland Oy,6,2026-05-07,observed_seller_data,7.45,1,6.660545601092896,2026-05-06,True
Cheap Energy Finland Oy,6,2026-05-08,observed_seller_data,7.98,1,6.847012540983606,2026-05-07,True
Cheap Energy Finland Oy,6,2026-05-09,observed_seller_data,7.98,1,7.107675355191256,2026-05-08,True
Cheap Energy Finland Oy,6,2026-05-10,observed_seller_data,7.98,1,7.107675355191256,2026-05-08,True
Cheap Energy Finland Oy,6,2026-05-11,observed_seller_data,7.98,1,7.107675355191256,2026-05-08,True
Cheap Energy Finland Oy,6,2026-05-12,observed_seller_data,7.98,1,7.366465956284151,2026-05-11,True
Cheap Energy Finland Oy,6,2026-05-13,observed_seller_data,7.98,1,7.396359644808744,2026-05-12,True
Cheap Energy Finland Oy,6,2026-05-14,observed_seller_data,7.98,1,7.428221557377048,2026-05-13,True
Cheap Energy Finland Oy,6,2026-05-15,observed_seller_data,7.98,1,7.398444453551912,2026-05-14,True
Cheap Energy Finland Oy,6,2026-05-16,observed_seller_data,7.98,1,7.479093633879781,2026-05-15,True
Cheap Energy Finland Oy,6,2026-05-17,observed_seller_data,7.98,1,7.479093633879781,2026-05-15,True
Cheap Energy Finland Oy,6,2026-05-18,observed_seller_data,7.98,1,7.479093633879781,2026-05-15,True
Cheap Energy Finland Oy,6,2026-05-19,observed_seller_data,7.98,1,7.228169071038252,2026-05-18,True
Cheap Energy Finland Oy,6,2026-05-20,observed_seller_data,7.98,1,7.127330163934426,2026-05-19,True
Cheap Energy Finland Oy,6,2026-05-21,observed_seller_data,7.98,1,7.172736475409835,2026-05-20,True
Cheap Energy Finland Oy,6,2026-05-22,observed_seller_data,7.98,1,7.28672887978142,2026-05-21,True
Cheap Energy Finland Oy,6,2026-05-23,observed_seller_data,7.98,1,7.243229071038251,2026-05-22,True
Cheap Energy Finland Oy,6,2026-05-24,observed_seller_data,7.98,1,7.243229071038251,2026-05-22,True
Cheap Energy Finland Oy,6,2026-05-25,observed_seller_data,7.98,1,7.243229071038251,2026-05-22,True
Cheap Energy Finland Oy,6,2026-05-26,observed_seller_data,7.98,1,6.942173087431693,2026-05-25,True
Cheap Energy Finland Oy,6,2026-05-27,observed_seller_data,7.98,1,7.076855846994536,2026-05-26,True
Cheap Energy Finland Oy,6,2026-05-28,observed_seller_data,7.98,1,6.931831338797814,2026-05-27,True
Cheap Energy Finland Oy,6,2026-05-29,observed_seller_data,7.98,1,7.196656912568304,2026-05-28,True
Cheap Energy Finland Oy,6,2026-05-30,observed_seller_data,7.98,1,7.456805382513661,2026-05-29,True
Cheap Energy Finland Oy,6,2026-05-31,observed_seller_data,7.98,1,7.456805382513661,2026-05-29,True
Cheap Energy Finland Oy,6,2026-06-01,observed_seller_data,7.98,1,8.027859864130434,2026-05-29,True
Cheap Energy Finland Oy,6,2026-06-02,observed_seller_data,7.98,1,8.316530326086957,2026-06-01,True
Cheap Energy Finland Oy,6,2026-06-03,observed_seller_data,7.98,1,8.12564073369565,2026-06-02,True
Cheap Energy Finland Oy,6,2026-06-04,observed_seller_data,7.98,1,8.344590489130434,2026-06-03,True
Cheap Energy Finland Oy,6,2026-06-05,observed_seller_data,7.98,1,8.148851413043477,2026-06-04,True
Cheap Energy Finland Oy,6,2026-06-06,observed_seller_data,7.98,1,8.002125543478261,2026-06-05,True
Cheap Energy Finland Oy,6,2026-06-07,observed_seller_data,7.98,1,8.002125543478261,2026-06-05,True
Cheap Energy Finland Oy,6,2026-06-08,observed_seller_data,7.98,1,8.002125543478261,2026-06-05,True
Cheap Energy Finland Oy,6,2026-06-09,observed_seller_data,7.98,1,8.021243831521739,2026-06-08,True
Cheap Energy Finland Oy,6,2026-06-10,observed_seller_data,9.45,1,7.776116413043478,2026-06-09,True
Cheap Energy Finland Oy,6,2026-06-11,observed_seller_data,9.45,1,7.787288641304348,2026-06-10,True
Cheap Energy Finland Oy,6,2026-06-12,observed_seller_data,9.45,1,7.798379021739129,2026-06-11,True
Cheap Energy Finland Oy,6,2026-06-13,observed_seller_data,9.45,1,7.557739592391304,2026-06-12,True
Cheap Energy Finland Oy,6,2026-06-14,observed_seller_data,9.45,1,7.557739592391304,2026-06-12,True
Cheap Energy Finland Oy,6,2026-06-15,observed_seller_data,9.45,1,7.557739592391304,2026-06-12,True
Cheap Energy Finland Oy,6,2026-06-16,observed_seller_data,9.45,1,7.4405744293478255,2026-06-15,True
Cheap Energy Finland Oy,6,2026-06-17,observed_seller_data,9.45,1,7.485686222826087,2026-06-16,True
Cheap Energy Finland Oy,6,2026-06-18,observed_seller_data,9.45,1,7.333497010869565,2026-06-17,True
Cheap Energy Finland Oy,6,2026-06-19,observed_seller_data,9.45,1,7.184213396739131,2026-06-18,True
Cheap Energy Finland Oy,6,2026-06-20,observed_seller_data,9.45,1,7.332889972826087,2026-06-19,True
Cheap Energy Finland Oy,6,2026-06-21,observed_seller_data,9.45,1,7.332889972826087,2026-06-19,True
Cheap Energy Finland Oy,6,2026-06-22,observed_seller_data,9.45,1,7.332889972826087,2026-06-19,True
Cheap Energy Finland Oy,6,2026-06-23,observed_seller_data,9.45,1,6.920779347826087,2026-06-22,True
Cheap Energy Finland Oy,6,2026-06-24,observed_seller_data,9.45,1,6.979552907608695,2026-06-23,True
Cheap Energy Finland Oy,6,2026-06-25,observed_seller_data,9.45,1,6.916189048913043,2026-06-24,True
Cheap Energy Finland Oy,6,2026-06-26,observed_seller_data,9.45,1,6.9198994836956516,2026-06-25,True
Cheap Energy Finland Oy,6,2026-06-27,observed_seller_data,9.45,1,7.021247554347825,2026-06-26,True
Cheap Energy Finland Oy,6,2026-06-28,observed_seller_data,9.45,1,7.021247554347825,2026-06-26,True
Cheap Energy Finland Oy,6,2026-06-29,observed_seller_data,9.45,1,7.021247554347825,2026-06-26,True
Cheap Energy Finland Oy,6,2026-06-30,observed_seller_data,9.45,1,7.20875410326087,2026-06-29,True
Cheap Energy Finland Oy,6,2026-07-01,observed_seller_data,9.45,1,8.389504483695651,2026-06-30,True
Cheap Energy Finland Oy,6,2026-07-02,observed_seller_data,9.45,1,8.399762744565216,2026-07-01,True
Cheap Energy Finland Oy,6,2026-07-03,observed_seller_data,9.45,1,8.60288858695652,2026-07-02,True
Cheap Energy Finland Oy,6,2026-07-04,observed_seller_data,9.45,1,8.829231929347825,2026-07-03,True
Cheap Energy Finland Oy,6,2026-07-05,observed_seller_data,9.45,1,8.829231929347825,2026-07-03,True
Cheap Energy Finland Oy,6,2026-07-06,observed_seller_data,9.45,1,8.829231929347825,2026-07-03,True
Cheap Energy Finland Oy,6,2026-07-07,observed_seller_data,9.45,1,8.83481804347826,2026-07-06,True
Cheap Energy Finland Oy,6,2026-07-08,observed_seller_data,9.45,1,8.888237391304347,2026-07-07,True
Cheap Energy Finland Oy,6,2026-07-09,observed_seller_data,9.45,1,9.081084510869564,2026-07-08,True
Cheap Energy Finland Oy,6,2026-07-10,observed_seller_data,9.45,1,9.261954565217389,2026-07-09,True
Cheap Energy Finland Oy,6,2026-07-11,observed_seller_data,9.45,1,9.247372010869563,2026-07-10,True
Cheap Energy Finland Oy,6,2026-07-12,observed_seller_data,9.45,1,9.247372010869563,2026-07-10,True
Cheap Energy Finland Oy,6,2026-07-13,observed_seller_data,9.45,1,9.247372010869563,2026-07-10,True
Cheap Energy Finland Oy,6,2026-07-14,observed_seller_data,9.45,1,9.484048641304346,2026-07-13,True
Cheap Energy Finland Oy,6,2026-07-15,observed_seller_data,9.65,1,9.635098804347825,2026-07-14,True
Cheap Energy Finland Oy,6,2026-07-16,observed_seller_data,9.65,1,9.893621983695652,2026-07-15,True
Cheap Energy Finland Oy,6,2026-07-17,observed_seller_data,9.65,1,9.821984673913043,2026-07-16,True
Cheap Energy Finland Oy,6,2026-07-18,observed_seller_data,9.65,1,10.060427853260867,2026-07-17,True
Cheap Energy Finland Oy,6,2026-07-19,observed_seller_data,9.65,1,10.060427853260867,2026-07-17,True
Cheap Energy Finland Oy,6,2026-07-20,observed_seller_data,9.65,1,10.060427853260867,2026-07-17,True
Cheap Energy Finland Oy,6,2026-07-21,observed_seller_data,10.49,1,10.116848288043478,2026-07-20,True
Cheap Energy Finland Oy,6,2026-07-22,observed_seller_data,10.49,1,10.145904266304347,2026-07-21,True
Cheap Energy Finland Oy,6,2026-07-23,observed_seller_data,10.49,1,10.487925869565217,2026-07-22,True
Cheap Energy Finland Oy,6,2026-07-24,observed_seller_data,10.49,1,10.476433070652174,2026-07-23,True
Cheap Energy Finland Oy,6,2026-07-27,canonical_calculation,10.49,1,10.398609429347827,2026-07-24,True
Cheap Energy Finland Oy,6,2026-08-01,canonical_calculation,12.49,1,11.953403508287291,2026-07-31,True
Cheap Energy Finland Oy,6,2026-08-02,canonical_calculation,12.49,1,11.953403508287291,2026-07-31,True
Cheap Energy Finland Oy,12,2026-09-03,canonical_calculation,11.99,1,8.529712369863013,2026-09-02,True
Cheap Energy Finland Oy,12,2026-09-04,canonical_calculation,11.99,1,8.541691602739725,2026-09-03,True
Cheap Energy Finland Oy,12,2026-09-05,canonical_calculation,11.99,1,8.551384328767123,2026-09-04,True
Cheap Energy Finland Oy,12,2026-09-06,canonical_calculation,11.99,1,8.551384328767123,2026-09-04,True
Cheap Energy Finland Oy,12,2026-09-07,canonical_calculation,11.99,1,8.551384328767123,2026-09-04,True
Cheap Energy Finland Oy,12,2026-09-08,canonical_calculation,11.99,1,8.858608328767124,2026-09-07,True
Cheap Energy Finland Oy,12,2026-09-09,canonical_calculation,11.99,1,9.059559616438355,2026-09-08,True
Cheap Energy Finland Oy,12,2026-09-10,canonical_calculation,11.99,1,9.442544356164383,2026-09-09,True
Cheap Energy Finland Oy,12,2026-09-11,canonical_calculation,11.99,1,9.592642356164383,2026-09-10,True
Cheap Energy Finland Oy,24,2026-04-08,observed_seller_data,7.9,1,,,False
Cheap Energy Finland Oy,24,2026-04-09,observed_seller_data,7.9,1,6.314420047879617,2026-04-08,True
Cheap Energy Finland Oy,24,2026-04-10,observed_seller_data,8.09,1,6.2962903625171,2026-04-09,True
Cheap Energy Finland Oy,24,2026-04-11,observed_seller_data,8.09,1,6.228571867305061,2026-04-10,True
Cheap Energy Finland Oy,24,2026-04-12,observed_seller_data,8.09,1,6.228571867305061,2026-04-10,True
Cheap Energy Finland Oy,24,2026-04-13,observed_seller_data,8.09,1,6.228571867305061,2026-04-10,True
Cheap Energy Finland Oy,24,2026-04-14,observed_seller_data,8.09,1,6.23801269493844,2026-04-13,True
Cheap Energy Finland Oy,24,2026-04-15,observed_seller_data,8.09,1,6.177379541723666,2026-04-14,True
Cheap Energy Finland Oy,24,2026-04-16,observed_seller_data,8.09,1,6.144708337893295,2026-04-15,True
Cheap Energy Finland Oy,24,2026-04-17,observed_seller_data,8.09,1,6.150796203830369,2026-04-16,True
Cheap Energy Finland Oy,24,2026-04-18,observed_seller_data,8.09,1,6.103619534883721,2026-04-17,True
Cheap Energy Finland Oy,24,2026-04-19,observed_seller_data,8.09,1,6.103619534883721,2026-04-17,True
Cheap Energy Finland Oy,24,2026-04-20,observed_seller_data,8.09,1,6.103619534883721,2026-04-17,True
Cheap Energy Finland Oy,24,2026-04-21,observed_seller_data,8.09,1,6.087503686730505,2026-04-20,True
Cheap Energy Finland Oy,24,2026-04-22,observed_seller_data,8.09,1,6.154380937072504,2026-04-21,True
Cheap Energy Finland Oy,24,2026-04-23,observed_seller_data,8.09,1,6.177219876880984,2026-04-22,True
Cheap Energy Finland Oy,24,2026-04-24,observed_seller_data,8.09,1,6.256475444596442,2026-04-23,True
Cheap Energy Finland Oy,24,2026-04-25,observed_seller_data,8.09,1,6.191047195622435,2026-04-24,True
Cheap Energy Finland Oy,24,2026-04-26,observed_seller_data,8.09,1,6.191047195622435,2026-04-24,True
Cheap Energy Finland Oy,24,2026-04-27,observed_seller_data,8.09,1,6.191047195622435,2026-04-24,True
Cheap Energy Finland Oy,24,2026-04-28,observed_seller_data,8.09,1,6.134817701778386,2026-04-27,True
Cheap Energy Finland Oy,24,2026-04-29,observed_seller_data,8.09,1,6.171774103967169,2026-04-28,True
Cheap Energy Finland Oy,24,2026-04-30,observed_seller_data,8.09,1,6.239817079343364,2026-04-29,True
Cheap Energy Finland Oy,24,2026-05-01,observed_seller_data,8.09,1,6.355381805745553,2026-04-30,True
Cheap Energy Finland Oy,24,2026-05-02,observed_seller_data,8.09,1,6.355381805745553,2026-04-30,True
Cheap Energy Finland Oy,24,2026-05-03,observed_seller_data,8.09,1,6.355381805745553,2026-04-30,True
Cheap Energy Finland Oy,24,2026-05-04,observed_seller_data,8.09,1,6.355381805745553,2026-04-30,True
Cheap Energy Finland Oy,24,2026-05-05,observed_seller_data,8.09,1,6.476608625170997,2026-05-04,True
Cheap Energy Finland Oy,24,2026-05-06,observed_seller_data,8.09,1,6.494082482900137,2026-05-05,True
Cheap Energy Finland Oy,24,2026-05-07,observed_seller_data,8.09,1,6.3717053898768805,2026-05-06,True
Cheap Energy Finland Oy,24,2026-05-08,observed_seller_data,8.35,1,6.408783686730506,2026-05-07,True
Cheap Energy Finland Oy,24,2026-05-09,observed_seller_data,8.35,1,6.537145636114911,2026-05-08,True
Cheap Energy Finland Oy,24,2026-05-10,observed_seller_data,8.35,1,6.537145636114911,2026-05-08,True
Cheap Energy Finland Oy,24,2026-05-11,observed_seller_data,8.35,1,6.537145636114911,2026-05-08,True
Cheap Energy Finland Oy,24,2026-05-12,observed_seller_data,8.35,1,6.665234610123119,2026-05-11,True
Cheap Energy Finland Oy,24,2026-05-13,observed_seller_data,8.35,1,6.70606760601915,2026-05-12,True
Cheap Energy Finland Oy,24,2026-05-14,observed_seller_data,8.35,1,6.721105287277702,2026-05-13,True
Cheap Energy Finland Oy,24,2026-05-15,observed_seller_data,8.35,1,6.717319685362518,2026-05-14,True
Cheap Energy Finland Oy,24,2026-05-16,observed_seller_data,8.35,1,6.7470001778385775,2026-05-15,True
Cheap Energy Finland Oy,24,2026-05-17,observed_seller_data,8.35,1,6.7470001778385775,2026-05-15,True
Cheap Energy Finland Oy,24,2026-05-18,observed_seller_data,8.35,1,6.7470001778385775,2026-05-15,True
Cheap Energy Finland Oy,24,2026-05-19,observed_seller_data,8.35,1,6.650742879616962,2026-05-18,True
Cheap Energy Finland Oy,24,2026-05-20,observed_seller_data,8.49,1,6.6187309370725025,2026-05-19,True
Cheap Energy Finland Oy,24,2026-05-21,observed_seller_data,8.49,1,6.6317977017783845,2026-05-20,True
Cheap Energy Finland Oy,24,2026-05-22,observed_seller_data,8.49,1,6.702566997264021,2026-05-21,True
Cheap Energy Finland Oy,24,2026-05-23,observed_seller_data,8.49,1,6.6722512790697674,2026-05-22,True
Cheap Energy Finland Oy,24,2026-05-24,observed_seller_data,8.49,1,6.6722512790697674,2026-05-22,True
Cheap Energy Finland Oy,24,2026-05-25,observed_seller_data,8.49,1,6.6722512790697674,2026-05-22,True
Cheap Energy Finland Oy,24,2026-05-26,observed_seller_data,8.49,1,6.515872441860465,2026-05-25,True
Cheap Energy Finland Oy,24,2026-05-27,observed_seller_data,8.49,1,6.584854521203829,2026-05-26,True
Cheap Energy Finland Oy,24,2026-05-28,observed_seller_data,8.49,1,6.484572982216141,2026-05-27,True
Cheap Energy Finland Oy,24,2026-05-29,observed_seller_data,8.49,1,6.595828474692201,2026-05-28,True
Cheap Energy Finland Oy,24,2026-05-30,observed_seller_data,8.49,1,6.705398043775649,2026-05-29,True
Cheap Energy Finland Oy,24,2026-05-31,observed_seller_data,8.49,1,6.705398043775649,2026-05-29,True
Cheap Energy Finland Oy,24,2026-06-01,observed_seller_data,8.49,1,6.692830875512995,2026-05-29,True
Cheap Energy Finland Oy,24,2026-06-02,observed_seller_data,8.49,1,6.863023296853624,2026-06-01,True
Cheap Energy Finland Oy,24,2026-06-03,observed_seller_data,8.49,1,6.804407414500683,2026-06-02,True
Cheap Energy Finland Oy,24,2026-06-04,observed_seller_data,8.49,1,6.924890848153214,2026-06-03,True
Cheap Energy Finland Oy,24,2026-06-05,observed_seller_data,8.49,1,6.841681429548563,2026-06-04,True
Cheap Energy Finland Oy,24,2026-06-06,observed_seller_data,8.49,1,6.780177845417237,2026-06-05,True
Cheap Energy Finland Oy,24,2026-06-07,observed_seller_data,8.49,1,6.780177845417237,2026-06-05,True
Cheap Energy Finland Oy,24,2026-06-08,observed_seller_data,8.49,1,6.780177845417237,2026-06-05,True
Cheap Energy Finland Oy,24,2026-06-09,observed_seller_data,8.49,1,6.7652792270861815,2026-06-08,True
Cheap Energy Finland Oy,24,2026-06-10,observed_seller_data,8.65,1,6.654351648426812,2026-06-09,True
Cheap Energy Finland Oy,24,2026-06-11,observed_seller_data,8.65,1,6.690471956224349,2026-06-10,True
Cheap Energy Finland Oy,24,2026-06-12,observed_seller_data,8.65,1,6.73640049247606,2026-06-11,True
Cheap Energy Finland Oy,24,2026-06-13,observed_seller_data,8.65,1,6.603004808481531,2026-06-12,True
Cheap Energy Finland Oy,24,2026-06-14,observed_seller_data,8.65,1,6.603004808481531,2026-06-12,True
Cheap Energy Finland Oy,24,2026-06-15,observed_seller_data,8.65,1,6.603004808481531,2026-06-12,True
Cheap Energy Finland Oy,24,2026-06-16,observed_seller_data,8.65,1,6.537957694938441,2026-06-15,True
Cheap Energy Finland Oy,24,2026-06-17,observed_seller_data,8.65,1,6.571571436388509,2026-06-16,True
Cheap Energy Finland Oy,24,2026-06-18,observed_seller_data,8.65,1,6.488619541723665,2026-06-17,True
Cheap Energy Finland Oy,24,2026-06-19,observed_seller_data,8.65,1,6.392096135430917,2026-06-18,True
Cheap Energy Finland Oy,24,2026-06-20,observed_seller_data,8.65,1,6.448359965800273,2026-06-19,True
Cheap Energy Finland Oy,24,2026-06-21,observed_seller_data,8.65,1,6.448359965800273,2026-06-19,True
Cheap Energy Finland Oy,24,2026-06-22,observed_seller_data,8.65,1,6.448359965800273,2026-06-19,True
Cheap Energy Finland Oy,24,2026-06-23,observed_seller_data,8.65,1,6.2601099658002735,2026-06-22,True
Cheap Energy Finland Oy,24,2026-06-24,observed_seller_data,8.65,1,6.329272311901504,2026-06-23,True
Cheap Energy Finland Oy,24,2026-06-25,observed_seller_data,8.65,1,6.319347339261285,2026-06-24,True
Cheap Energy Finland Oy,24,2026-06-26,observed_seller_data,8.65,1,6.360398372093023,2026-06-25,True
Cheap Energy Finland Oy,24,2026-06-27,observed_seller_data,8.65,1,6.398996060191518,2026-06-26,True
Cheap Energy Finland Oy,24,2026-06-28,observed_seller_data,8.65,1,6.398996060191518,2026-06-26,True
Cheap Energy Finland Oy,24,2026-06-29,observed_seller_data,8.65,1,6.398996060191518,2026-06-26,True
Cheap Energy Finland Oy,24,2026-06-30,observed_seller_data,8.48,1,6.356499459644321,2026-06-29,True
Cheap Energy Finland Oy,24,2026-07-01,observed_seller_data,8.48,1,6.578045588235293,2026-06-30,True
Cheap Energy Finland Oy,24,2026-07-02,observed_seller_data,8.48,1,6.6284910943912445,2026-07-01,True
Cheap Energy Finland Oy,24,2026-07-03,observed_seller_data,8.48,1,6.720432291381669,2026-07-02,True
Cheap Energy Finland Oy,24,2026-07-04,observed_seller_data,8.48,1,6.790317421340628,2026-07-03,True
Cheap Energy Finland Oy,24,2026-07-05,observed_seller_data,8.48,1,6.790317421340628,2026-07-03,True
Cheap Energy Finland Oy,24,2026-07-06,observed_seller_data,8.48,1,6.790317421340628,2026-07-03,True
Cheap Energy Finland Oy,24,2026-07-07,observed_seller_data,8.48,1,6.748586525307798,2026-07-06,True
Cheap Energy Finland Oy,24,2026-07-08,observed_seller_data,8.48,1,6.768290540355675,2026-07-07,True
Cheap Energy Finland Oy,24,2026-07-09,observed_seller_data,8.48,1,6.846610437756497,2026-07-08,True
Cheap Energy Finland Oy,24,2026-07-10,observed_seller_data,8.615,2,6.866929076607387,2026-07-09,True
Cheap Energy Finland Oy,24,2026-07-11,observed_seller_data,8.75,1,6.839267571819425,2026-07-10,True
Cheap Energy Finland Oy,24,2026-07-12,observed_seller_data,8.75,1,6.839267571819425,2026-07-10,True
Cheap Energy Finland Oy,24,2026-07-13,observed_seller_data,8.75,1,6.839267571819425,2026-07-10,True
Cheap Energy Finland Oy,24,2026-07-14,observed_seller_data,8.75,1,6.9581303214774275,2026-07-13,True
Cheap Energy Finland Oy,24,2026-07-15,observed_seller_data,8.95,1,7.056428926128589,2026-07-14,True
Cheap Energy Finland Oy,24,2026-07-16,observed_seller_data,8.95,1,7.151063823529411,2026-07-15,True
Cheap Energy Finland Oy,24,2026-07-17,observed_seller_data,8.95,1,7.151930820793433,2026-07-16,True
Cheap Energy Finland Oy,24,2026-07-18,observed_seller_data,8.95,1,7.250301532147743,2026-07-17,True
Cheap Energy Finland Oy,24,2026-07-19,observed_seller_data,8.95,1,7.250301532147743,2026-07-17,True
Cheap Energy Finland Oy,24,2026-07-20,observed_seller_data,8.95,1,7.250301532147743,2026-07-17,True
Cheap Energy Finland Oy,24,2026-07-21,observed_seller_data,9.28,1,7.25315146374829,2026-07-20,True
Cheap Energy Finland Oy,24,2026-07-22,observed_seller_data,9.28,1,7.284062920656635,2026-07-21,True
Cheap Energy Finland Oy,24,2026-07-23,observed_seller_data,9.28,1,7.422411648426812,2026-07-22,True
Cheap Energy Finland Oy,24,2026-07-24,observed_seller_data,9.28,1,7.446412879616962,2026-07-23,True
Cheap Energy Finland Oy,24,2026-07-25,observed_seller_data,9.28,1,7.456499233926127,2026-07-24,True
Cheap Energy Finland Oy,24,2026-07-26,observed_seller_data,9.28,1,7.456499233926127,2026-07-24,True
Cheap Energy Finland Oy,24,2026-07-27,canonical_calculation,9.28,1,7.456499233926127,2026-07-24,True
Cheap Energy Finland Oy,24,2026-07-28,canonical_calculation,9.28,1,7.337356641586867,2026-07-27,True
Cheap Energy Finland Oy,24,2026-07-29,canonical_calculation,9.28,1,7.273444350205198,2026-07-28,True
Cheap Energy Finland Oy,24,2026-07-30,canonical_calculation,9.28,1,7.420560909712721,2026-07-29,True
Cheap Energy Finland Oy,24,2026-07-31,canonical_calculation,9.28,1,7.412508994528044,2026-07-30,True
Cheap Energy Finland Oy,24,2026-08-01,canonical_calculation,9.28,1,7.608965424076606,2026-07-31,True
Cheap Energy Finland Oy,24,2026-08-02,canonical_calculation,9.28,1,7.608965424076606,2026-07-31,True
Cheap Energy Finland Oy,24,2026-08-03,canonical_calculation,9.28,1,7.608965424076606,2026-07-31,True
Cheap Energy Finland Oy,24,2026-08-04,canonical_calculation,9.465,2,7.529972530779754,2026-08-03,True
Cheap Energy Finland Oy,24,2026-08-05,canonical_calculation,9.465,2,7.585975403556771,2026-08-04,True
Cheap Energy Finland Oy,24,2026-08-06,canonical_calculation,9.65,1,7.4775578248974,2026-08-05,True
Cheap Energy Finland Oy,24,2026-08-07,canonical_calculation,9.65,1,7.496314151846784,2026-08-06,True
Cheap Energy Finland Oy,24,2026-08-08,canonical_calculation,9.65,1,7.491129336525306,2026-08-07,True
Cheap Energy Finland Oy,24,2026-08-09,canonical_calculation,9.65,1,7.491129336525306,2026-08-07,True
Cheap Energy Finland Oy,24,2026-08-10,canonical_calculation,9.65,1,7.491129336525306,2026-08-07,True
Cheap Energy Finland Oy,24,2026-08-11,canonical_calculation,9.65,1,7.565430143638851,2026-08-10,True
Cheap Energy Finland Oy,24,2026-08-12,canonical_calculation,9.65,1,7.543820451436388,2026-08-11,True
Cheap Energy Finland Oy,24,2026-08-13,canonical_calculation,9.65,1,7.565919439124487,2026-08-12,True
Cheap Energy Finland Oy,24,2026-08-14,canonical_calculation,9.65,1,7.4593920861833105,2026-08-13,True
Cheap Energy Finland Oy,24,2026-08-15,canonical_calculation,9.65,1,7.408258132694938,2026-08-14,True
Cheap Energy Finland Oy,24,2026-08-16,canonical_calculation,9.65,1,7.408258132694938,2026-08-14,True
Cheap Energy Finland Oy,24,2026-08-17,canonical_calculation,9.65,1,7.408258132694938,2026-08-14,True
Cheap Energy Finland Oy,24,2026-08-18,canonical_calculation,9.65,1,7.543262482900136,2026-08-17,True
Cheap Energy Finland Oy,24,2026-08-19,canonical_calculation,9.65,1,7.569327339261285,2026-08-18,True
Cheap Energy Finland Oy,24,2026-08-20,canonical_calculation,9.65,1,7.525651279069766,2026-08-19,True
Cheap Energy Finland Oy,24,2026-08-21,canonical_calculation,9.65,1,7.518734186046511,2026-08-20,True
Cheap Energy Finland Oy,24,2026-08-22,canonical_calculation,9.65,1,7.600690321477427,2026-08-21,True
Cheap Energy Finland Oy,24,2026-08-23,canonical_calculation,9.65,1,7.600690321477427,2026-08-21,True
Cheap Energy Finland Oy,24,2026-08-24,canonical_calculation,9.65,1,7.600690321477427,2026-08-21,True
Cheap Energy Finland Oy,24,2026-08-25,canonical_calculation,9.65,1,7.572352387140903,2026-08-24,True
Cheap Energy Finland Oy,24,2026-08-26,canonical_calculation,9.65,1,7.385951409028726,2026-08-25,True
Cheap Energy Finland Oy,24,2026-08-27,canonical_calculation,9.65,1,7.248811326949384,2026-08-26,True
Cheap Energy Finland Oy,24,2026-08-28,canonical_calculation,9.65,1,7.380433529411764,2026-08-27,True
Cheap Energy Finland Oy,24,2026-08-29,canonical_calculation,9.65,1,7.362903016415868,2026-08-28,True
Cheap Energy Finland Oy,24,2026-08-30,canonical_calculation,9.65,1,7.362903016415868,2026-08-28,True
Cheap Energy Finland Oy,24,2026-08-31,canonical_calculation,9.65,1,7.362903016415868,2026-08-28,True
Cheap Energy Finland Oy,24,2026-09-01,canonical_calculation,9.65,1,7.3933217441860455,2026-08-31,True
Cheap Energy Finland Oy,24,2026-09-02,canonical_calculation,9.65,1,7.452802906976744,2026-09-01,True
Cheap Energy Finland Oy,24,2026-09-03,canonical_calculation,9.65,1,7.658533632010943,2026-09-02,True
Cheap Energy Finland Oy,24,2026-09-04,canonical_calculation,9.65,1,7.687525677154583,2026-09-03,True
Cheap Energy Finland Oy,24,2026-09-05,canonical_calculation,9.65,1,7.69683602599179,2026-09-04,True
Cheap Energy Finland Oy,24,2026-09-06,canonical_calculation,9.65,1,7.69683602599179,2026-09-04,True
Cheap Energy Finland Oy,24,2026-09-07,canonical_calculation,9.65,1,7.69683602599179,2026-09-04,True
Cheap Energy Finland Oy,24,2026-09-08,canonical_calculation,9.65,1,7.916026668946647,2026-09-07,True
Cheap Energy Finland Oy,24,2026-09-09,canonical_calculation,9.68,1,8.065436908344731,2026-09-08,True
Cheap Energy Finland Oy,24,2026-09-10,canonical_calculation,9.68,1,8.37942211354309,2026-09-09,True
Cheap Energy Finland Oy,24,2026-09-11,canonical_calculation,9.68,1,8.510666614227084,2026-09-10,True
Cheap Energy Finland Oy,24,2026-09-12,canonical_calculation,9.68,1,8.336777865937071,2026-09-11,True
Cheap Energy Finland Oy,24,2026-09-13,canonical_calculation,9.68,1,8.336777865937071,2026-09-11,True
Fortum Markets Oy,24,2026-06-04,observed_seller_data,8.99,1,6.924890848153214,2026-06-03,True
Fortum Markets Oy,24,2026-06-05,observed_seller_data,8.99,1,6.841681429548563,2026-06-04,True
Fortum Markets Oy,24,2026-06-06,observed_seller_data,8.99,1,6.780177845417237,2026-06-05,True
Fortum Markets Oy,24,2026-06-07,observed_seller_data,8.99,1,6.780177845417237,2026-06-05,True
Fortum Markets Oy,24,2026-06-08,observed_seller_data,9.29,1,6.780177845417237,2026-06-05,True
Fortum Markets Oy,24,2026-06-09,observed_seller_data,9.29,1,6.7652792270861815,2026-06-08,True
Fortum Markets Oy,24,2026-06-10,observed_seller_data,9.29,1,6.654351648426812,2026-06-09,True
Fortum Markets Oy,24,2026-06-11,observed_seller_data,9.29,1,6.690471956224349,2026-06-10,True
Fortum Markets Oy,24,2026-06-12,observed_seller_data,9.29,1,6.73640049247606,2026-06-11,True
Fortum Markets Oy,24,2026-06-13,observed_seller_data,9.29,1,6.603004808481531,2026-06-12,True
Fortum Markets Oy,24,2026-06-14,observed_seller_data,9.29,1,6.603004808481531,2026-06-12,True
Fortum Markets Oy,24,2026-06-15,observed_seller_data,8.99,1,6.603004808481531,2026-06-12,True
Fortum Markets Oy,24,2026-06-16,observed_seller_data,8.99,1,6.537957694938441,2026-06-15,True
Fortum Markets Oy,24,2026-06-17,observed_seller_data,8.99,1,6.571571436388509,2026-06-16,True
Fortum Markets Oy,24,2026-06-18,observed_seller_data,8.99,1,6.488619541723665,2026-06-17,True
Fortum Markets Oy,24,2026-06-19,observed_seller_data,8.99,1,6.392096135430917,2026-06-18,True
Fortum Markets Oy,24,2026-06-20,observed_seller_data,8.99,1,6.448359965800273,2026-06-19,True
Fortum Markets Oy,24,2026-06-21,observed_seller_data,8.99,1,6.448359965800273,2026-06-19,True
Fortum Markets Oy,24,2026-06-22,observed_seller_data,8.89,1,6.448359965800273,2026-06-19,True
Fortum Markets Oy,24,2026-06-23,observed_seller_data,8.89,1,6.2601099658002735,2026-06-22,True
Fortum Markets Oy,24,2026-06-24,observed_seller_data,8.89,1,6.329272311901504,2026-06-23,True
Fortum Markets Oy,24,2026-06-25,observed_seller_data,8.89,1,6.319347339261285,2026-06-24,True
Fortum Markets Oy,24,2026-06-26,observed_seller_data,8.89,1,6.360398372093023,2026-06-25,True
Fortum Markets Oy,24,2026-06-27,observed_seller_data,8.89,1,6.398996060191518,2026-06-26,True
Fortum Markets Oy,24,2026-06-28,observed_seller_data,8.89,1,6.398996060191518,2026-06-26,True
Fortum Markets Oy,24,2026-06-29,observed_seller_data,8.74,2,6.398996060191518,2026-06-26,True
Fortum Markets Oy,24,2026-06-30,observed_seller_data,8.74,2,6.356499459644321,2026-06-29,True
Fortum Markets Oy,24,2026-07-01,observed_seller_data,8.74,2,6.578045588235293,2026-06-30,True
Fortum Markets Oy,24,2026-07-02,observed_seller_data,8.74,2,6.6284910943912445,2026-07-01,True
Fortum Markets Oy,24,2026-07-03,observed_seller_data,8.74,2,6.720432291381669,2026-07-02,True
Fortum Markets Oy,24,2026-07-04,observed_seller_data,8.74,2,6.790317421340628,2026-07-03,True
Fortum Markets Oy,24,2026-07-05,observed_seller_data,8.74,2,6.790317421340628,2026-07-03,True
Fortum Markets Oy,24,2026-07-06,observed_seller_data,8.940000000000001,2,6.790317421340628,2026-07-03,True
Fortum Markets Oy,24,2026-07-07,observed_seller_data,8.940000000000001,2,6.748586525307798,2026-07-06,True
Fortum Markets Oy,24,2026-07-08,observed_seller_data,8.940000000000001,2,6.768290540355675,2026-07-07,True
Fortum Markets Oy,24,2026-07-09,observed_seller_data,8.940000000000001,2,6.846610437756497,2026-07-08,True
Fortum Markets Oy,24,2026-07-10,observed_seller_data,8.940000000000001,2,6.866929076607387,2026-07-09,True
Fortum Markets Oy,24,2026-07-11,observed_seller_data,8.940000000000001,2,6.839267571819425,2026-07-10,True
Fortum Markets Oy,24,2026-07-12,observed_seller_data,8.940000000000001,2,6.839267571819425,2026-07-10,True
Fortum Markets Oy,24,2026-07-13,observed_seller_data,9.09,2,6.839267571819425,2026-07-10,True
Fortum Markets Oy,24,2026-07-14,observed_seller_data,9.09,2,6.9581303214774275,2026-07-13,True
Fortum Markets Oy,24,2026-07-15,observed_seller_data,9.09,2,7.056428926128589,2026-07-14,True
Fortum Markets Oy,24,2026-07-16,observed_seller_data,9.09,2,7.151063823529411,2026-07-15,True
Fortum Markets Oy,24,2026-07-17,observed_seller_data,9.09,2,7.151930820793433,2026-07-16,True
Fortum Markets Oy,24,2026-07-18,observed_seller_data,9.09,2,7.250301532147743,2026-07-17,True
Fortum Markets Oy,24,2026-07-19,observed_seller_data,9.09,2,7.250301532147743,2026-07-17,True
Fortum Markets Oy,24,2026-07-20,observed_seller_data,9.24,2,7.250301532147743,2026-07-17,True
Fortum Markets Oy,24,2026-07-21,observed_seller_data,9.24,2,7.25315146374829,2026-07-20,True
Fortum Markets Oy,24,2026-07-22,observed_seller_data,9.24,2,7.284062920656635,2026-07-21,True
Fortum Markets Oy,24,2026-07-23,observed_seller_data,9.59,1,7.422411648426812,2026-07-22,True
Fortum Markets Oy,24,2026-07-24,observed_seller_data,9.59,1,7.446412879616962,2026-07-23,True
Fortum Markets Oy,24,2026-07-27,canonical_calculation,9.99,1,7.456499233926127,2026-07-24,True
Fortum Markets Oy,24,2026-07-28,canonical_calculation,9.99,1,7.337356641586867,2026-07-27,True
Fortum Markets Oy,24,2026-07-29,canonical_calculation,9.99,1,7.273444350205198,2026-07-28,True
Fortum Markets Oy,24,2026-07-30,canonical_calculation,9.99,1,7.420560909712721,2026-07-29,True
Fortum Markets Oy,24,2026-07-31,canonical_calculation,9.99,1,7.412508994528044,2026-07-30,True
Fortum Markets Oy,24,2026-08-01,canonical_calculation,9.99,1,7.608965424076606,2026-07-31,True
Fortum Markets Oy,24,2026-08-02,canonical_calculation,9.99,1,7.608965424076606,2026-07-31,True
Fortum Markets Oy,24,2026-08-03,canonical_calculation,9.99,1,7.608965424076606,2026-07-31,True
Fortum Markets Oy,24,2026-08-04,canonical_calculation,9.99,1,7.529972530779754,2026-08-03,True
Fortum Markets Oy,24,2026-08-05,canonical_calculation,9.99,1,7.585975403556771,2026-08-04,True
Fortum Markets Oy,24,2026-08-06,canonical_calculation,9.99,1,7.4775578248974,2026-08-05,True
Fortum Markets Oy,24,2026-08-07,canonical_calculation,9.99,1,7.496314151846784,2026-08-06,True
Fortum Markets Oy,24,2026-08-08,canonical_calculation,9.99,1,7.491129336525306,2026-08-07,True
Fortum Markets Oy,24,2026-08-09,canonical_calculation,9.99,1,7.491129336525306,2026-08-07,True
Fortum Markets Oy,24,2026-08-10,canonical_calculation,9.99,1,7.491129336525306,2026-08-07,True
Fortum Markets Oy,24,2026-08-11,canonical_calculation,9.99,1,7.565430143638851,2026-08-10,True
Fortum Markets Oy,24,2026-08-12,canonical_calculation,9.99,1,7.543820451436388,2026-08-11,True
Fortum Markets Oy,24,2026-08-13,canonical_calculation,9.99,1,7.565919439124487,2026-08-12,True
Fortum Markets Oy,24,2026-08-14,canonical_calculation,9.99,1,7.4593920861833105,2026-08-13,True
Fortum Markets Oy,24,2026-08-15,canonical_calculation,9.99,1,7.408258132694938,2026-08-14,True
Fortum Markets Oy,24,2026-08-16,canonical_calculation,9.99,1,7.408258132694938,2026-08-14,True
Fortum Markets Oy,24,2026-08-17,canonical_calculation,9.99,1,7.408258132694938,2026-08-14,True
Fortum Markets Oy,24,2026-08-18,canonical_calculation,9.99,1,7.543262482900136,2026-08-17,True
Fortum Markets Oy,24,2026-08-19,canonical_calculation,9.99,1,7.569327339261285,2026-08-18,True
Fortum Markets Oy,24,2026-08-20,canonical_calculation,9.99,1,7.525651279069766,2026-08-19,True
Fortum Markets Oy,24,2026-08-21,canonical_calculation,9.99,1,7.518734186046511,2026-08-20,True
Fortum Markets Oy,24,2026-08-22,canonical_calculation,9.99,1,7.600690321477427,2026-08-21,True
Fortum Markets Oy,24,2026-08-23,canonical_calculation,9.99,1,7.600690321477427,2026-08-21,True
Fortum Markets Oy,24,2026-08-24,canonical_calculation,9.99,1,7.600690321477427,2026-08-21,True
Fortum Markets Oy,24,2026-08-25,canonical_calculation,9.99,1,7.572352387140903,2026-08-24,True
Fortum Markets Oy,24,2026-08-26,canonical_calculation,9.99,1,7.385951409028726,2026-08-25,True
Fortum Markets Oy,24,2026-08-27,canonical_calculation,9.99,1,7.248811326949384,2026-08-26,True
Fortum Markets Oy,24,2026-08-28,canonical_calculation,9.99,1,7.380433529411764,2026-08-27,True
Fortum Markets Oy,24,2026-08-29,canonical_calculation,9.99,1,7.362903016415868,2026-08-28,True
Fortum Markets Oy,24,2026-08-30,canonical_calculation,9.99,1,7.362903016415868,2026-08-28,True
Fortum Markets Oy,24,2026-08-31,canonical_calculation,9.99,1,7.362903016415868,2026-08-28,True
Fortum Markets Oy,24,2026-09-01,canonical_calculation,9.99,1,7.3933217441860455,2026-08-31,True
Fortum Markets Oy,24,2026-09-02,canonical_calculation,9.99,1,7.452802906976744,2026-09-01,True
Fortum Markets Oy,24,2026-09-03,canonical_calculation,9.99,1,7.658533632010943,2026-09-02,True
Fortum Markets Oy,24,2026-09-04,canonical_calculation,9.99,1,7.687525677154583,2026-09-03,True
Fortum Markets Oy,24,2026-09-05,canonical_calculation,9.99,1,7.69683602599179,2026-09-04,True
Fortum Markets Oy,24,2026-09-06,canonical_calculation,9.99,1,7.69683602599179,2026-09-04,True
Fortum Markets Oy,24,2026-09-07,canonical_calculation,9.99,1,7.69683602599179,2026-09-04,True
Fortum Markets Oy,24,2026-09-08,canonical_calculation,9.99,1,7.916026668946647,2026-09-07,True
Fortum Markets Oy,24,2026-09-09,canonical_calculation,9.99,1,8.065436908344731,2026-09-08,True
Fortum Markets Oy,24,2026-09-10,canonical_calculation,9.99,1,8.37942211354309,2026-09-09,True
Fortum Markets Oy,24,2026-09-11,canonical_calculation,9.99,1,8.510666614227084,2026-09-10,True
Fortum Markets Oy,24,2026-09-12,canonical_calculation,9.99,1,8.336777865937071,2026-09-11,True
Fortum Markets Oy,24,2026-09-13,canonical_calculation,9.99,1,8.336777865937071,2026-09-11,True
Hehku Energia Oy,6,2026-04-08,observed_seller_data,7.55,1,,,False
Hehku Energia Oy,6,2026-04-09,observed_seller_data,7.55,1,5.674571168478261,2026-04-08,True
Hehku Energia Oy,6,2026-04-10,observed_seller_data,7.55,1,5.6259399184782595,2026-04-09,True
Hehku Energia Oy,6,2026-04-11,observed_seller_data,7.55,1,5.571442907608695,2026-04-10,True
Hehku Energia Oy,6,2026-04-12,observed_seller_data,7.55,1,5.571442907608695,2026-04-10,True
Hehku Energia Oy,6,2026-04-13,observed_seller_data,7.55,1,5.571442907608695,2026-04-10,True
Hehku Energia Oy,6,2026-04-14,observed_seller_data,7.55,1,5.563196739130434,2026-04-13,True
Hehku Energia Oy,6,2026-04-15,observed_seller_data,7.55,1,5.412678586956522,2026-04-14,True
Hehku Energia Oy,6,2026-04-16,observed_seller_data,7.55,1,5.3783638858695655,2026-04-15,True
Hehku Energia Oy,6,2026-04-17,observed_seller_data,7.55,1,5.434354619565217,2026-04-16,True
Hehku Energia Oy,6,2026-04-18,observed_seller_data,7.55,1,5.393219266304348,2026-04-17,True
Hehku Energia Oy,6,2026-04-19,observed_seller_data,7.55,1,5.393219266304348,2026-04-17,True
Hehku Energia Oy,6,2026-04-20,observed_seller_data,7.55,1,5.393219266304348,2026-04-17,True
Hehku Energia Oy,6,2026-04-21,observed_seller_data,7.55,1,5.466534456521739,2026-04-20,True
Hehku Energia Oy,6,2026-04-22,observed_seller_data,7.55,1,5.530171141304348,2026-04-21,True
Hehku Energia Oy,6,2026-04-23,observed_seller_data,7.55,1,5.561593885869565,2026-04-22,True
Hehku Energia Oy,6,2026-04-24,observed_seller_data,7.55,1,5.632699184782608,2026-04-23,True
Hehku Energia Oy,6,2026-04-25,observed_seller_data,7.55,1,5.489342717391304,2026-04-24,True
Hehku Energia Oy,6,2026-04-26,observed_seller_data,7.55,1,5.489342717391304,2026-04-24,True
Hehku Energia Oy,6,2026-04-27,observed_seller_data,7.55,1,5.489342717391304,2026-04-24,True
Hehku Energia Oy,6,2026-04-28,observed_seller_data,7.55,1,5.378875434782609,2026-04-27,True
Hehku Energia Oy,6,2026-04-29,observed_seller_data,7.55,1,5.458874864130435,2026-04-28,True
Hehku Energia Oy,6,2026-04-30,observed_seller_data,7.55,1,5.601869836956521,2026-04-29,True
Hehku Energia Oy,6,2026-05-01,observed_seller_data,7.55,1,6.441215491803279,2026-04-30,True
Hehku Energia Oy,6,2026-05-02,observed_seller_data,7.55,1,6.441215491803279,2026-04-30,True
Hehku Energia Oy,6,2026-05-03,observed_seller_data,7.55,1,6.441215491803279,2026-04-30,True
Hehku Energia Oy,6,2026-05-04,observed_seller_data,7.55,1,6.441215491803279,2026-04-30,True
Hehku Energia Oy,6,2026-05-05,observed_seller_data,7.68,1,6.770018633879781,2026-05-04,True
Hehku Energia Oy,6,2026-05-06,observed_seller_data,7.68,1,6.7423194808743165,2026-05-05,True
Hehku Energia Oy,6,2026-05-07,observed_seller_data,7.68,1,6.660545601092896,2026-05-06,True
Hehku Energia Oy,6,2026-05-08,observed_seller_data,7.68,1,6.847012540983606,2026-05-07,True
Hehku Energia Oy,6,2026-05-09,observed_seller_data,7.68,1,7.107675355191256,2026-05-08,True
Hehku Energia Oy,6,2026-05-10,observed_seller_data,7.68,1,7.107675355191256,2026-05-08,True
Hehku Energia Oy,6,2026-05-11,observed_seller_data,7.68,1,7.107675355191256,2026-05-08,True
Hehku Energia Oy,6,2026-05-12,observed_seller_data,7.68,1,7.366465956284151,2026-05-11,True
Hehku Energia Oy,6,2026-05-13,observed_seller_data,7.68,1,7.396359644808744,2026-05-12,True
Hehku Energia Oy,6,2026-05-14,observed_seller_data,7.68,1,7.428221557377048,2026-05-13,True
Hehku Energia Oy,6,2026-05-15,observed_seller_data,7.68,1,7.398444453551912,2026-05-14,True
Hehku Energia Oy,6,2026-05-16,observed_seller_data,7.68,1,7.479093633879781,2026-05-15,True
Hehku Energia Oy,6,2026-05-17,observed_seller_data,7.68,1,7.479093633879781,2026-05-15,True
Hehku Energia Oy,6,2026-05-18,observed_seller_data,7.68,1,7.479093633879781,2026-05-15,True
Hehku Energia Oy,6,2026-05-19,observed_seller_data,7.68,1,7.228169071038252,2026-05-18,True
Hehku Energia Oy,6,2026-05-20,observed_seller_data,7.98,1,7.127330163934426,2026-05-19,True
Hehku Energia Oy,6,2026-05-21,observed_seller_data,7.98,1,7.172736475409835,2026-05-20,True
Hehku Energia Oy,6,2026-05-22,observed_seller_data,7.98,1,7.28672887978142,2026-05-21,True
Hehku Energia Oy,6,2026-05-23,observed_seller_data,7.98,1,7.243229071038251,2026-05-22,True
Hehku Energia Oy,6,2026-05-24,observed_seller_data,7.98,1,7.243229071038251,2026-05-22,True
Hehku Energia Oy,6,2026-05-25,observed_seller_data,7.98,1,7.243229071038251,2026-05-22,True
Hehku Energia Oy,6,2026-05-26,observed_seller_data,7.98,1,6.942173087431693,2026-05-25,True
Hehku Energia Oy,6,2026-05-27,observed_seller_data,7.98,1,7.076855846994536,2026-05-26,True
Hehku Energia Oy,6,2026-05-28,observed_seller_data,7.98,1,6.931831338797814,2026-05-27,True
Hehku Energia Oy,6,2026-05-29,observed_seller_data,7.98,1,7.196656912568304,2026-05-28,True
Hehku Energia Oy,6,2026-05-30,observed_seller_data,7.98,1,7.456805382513661,2026-05-29,True
Hehku Energia Oy,6,2026-05-31,observed_seller_data,7.98,1,7.456805382513661,2026-05-29,True
Hehku Energia Oy,6,2026-06-01,observed_seller_data,7.98,1,8.027859864130434,2026-05-29,True
Hehku Energia Oy,6,2026-06-02,observed_seller_data,7.98,1,8.316530326086957,2026-06-01,True
Hehku Energia Oy,6,2026-06-03,observed_seller_data,7.98,1,8.12564073369565,2026-06-02,True
Hehku Energia Oy,6,2026-06-04,observed_seller_data,7.98,1,8.344590489130434,2026-06-03,True
Hehku Energia Oy,6,2026-06-05,observed_seller_data,7.98,1,8.148851413043477,2026-06-04,True
Hehku Energia Oy,6,2026-06-06,observed_seller_data,7.98,1,8.002125543478261,2026-06-05,True
Hehku Energia Oy,6,2026-06-07,observed_seller_data,7.98,1,8.002125543478261,2026-06-05,True
Hehku Energia Oy,6,2026-06-08,observed_seller_data,7.98,1,8.002125543478261,2026-06-05,True
Hehku Energia Oy,6,2026-06-09,observed_seller_data,7.98,1,8.021243831521739,2026-06-08,True
Hehku Energia Oy,6,2026-06-10,observed_seller_data,9.49,1,7.776116413043478,2026-06-09,True
Hehku Energia Oy,6,2026-06-11,observed_seller_data,9.49,1,7.787288641304348,2026-06-10,True
Hehku Energia Oy,6,2026-06-12,observed_seller_data,9.49,1,7.798379021739129,2026-06-11,True
Hehku Energia Oy,6,2026-06-13,observed_seller_data,9.49,1,7.557739592391304,2026-06-12,True
Hehku Energia Oy,6,2026-06-14,observed_seller_data,9.49,1,7.557739592391304,2026-06-12,True
Hehku Energia Oy,6,2026-06-15,observed_seller_data,9.49,1,7.557739592391304,2026-06-12,True
Hehku Energia Oy,6,2026-06-16,observed_seller_data,9.49,1,7.4405744293478255,2026-06-15,True
Hehku Energia Oy,6,2026-06-17,observed_seller_data,9.49,1,7.485686222826087,2026-06-16,True
Hehku Energia Oy,6,2026-06-18,observed_seller_data,9.49,1,7.333497010869565,2026-06-17,True
Hehku Energia Oy,6,2026-06-19,observed_seller_data,9.49,1,7.184213396739131,2026-06-18,True
Hehku Energia Oy,6,2026-06-20,observed_seller_data,9.49,1,7.332889972826087,2026-06-19,True
Hehku Energia Oy,6,2026-06-21,observed_seller_data,9.49,1,7.332889972826087,2026-06-19,True
Hehku Energia Oy,6,2026-06-22,observed_seller_data,9.49,1,7.332889972826087,2026-06-19,True
Hehku Energia Oy,6,2026-06-23,observed_seller_data,9.49,1,6.920779347826087,2026-06-22,True
Hehku Energia Oy,6,2026-06-24,observed_seller_data,9.49,1,6.979552907608695,2026-06-23,True
Hehku Energia Oy,6,2026-06-25,observed_seller_data,9.49,1,6.916189048913043,2026-06-24,True
Hehku Energia Oy,6,2026-06-26,observed_seller_data,9.49,1,6.9198994836956516,2026-06-25,True
Hehku Energia Oy,6,2026-06-27,observed_seller_data,9.49,1,7.021247554347825,2026-06-26,True
Hehku Energia Oy,6,2026-06-28,observed_seller_data,9.49,1,7.021247554347825,2026-06-26,True
Hehku Energia Oy,6,2026-06-29,observed_seller_data,9.49,1,7.021247554347825,2026-06-26,True
Hehku Energia Oy,6,2026-06-30,observed_seller_data,9.49,1,7.20875410326087,2026-06-29,True
Hehku Energia Oy,6,2026-07-01,observed_seller_data,9.49,1,8.389504483695651,2026-06-30,True
Hehku Energia Oy,6,2026-07-02,observed_seller_data,9.49,1,8.399762744565216,2026-07-01,True
Hehku Energia Oy,6,2026-07-03,observed_seller_data,9.49,1,8.60288858695652,2026-07-02,True
Hehku Energia Oy,6,2026-07-04,observed_seller_data,9.49,1,8.829231929347825,2026-07-03,True
Hehku Energia Oy,6,2026-07-05,observed_seller_data,9.49,1,8.829231929347825,2026-07-03,True
Hehku Energia Oy,6,2026-07-06,observed_seller_data,9.49,1,8.829231929347825,2026-07-03,True
Hehku Energia Oy,6,2026-07-07,observed_seller_data,9.49,1,8.83481804347826,2026-07-06,True
Hehku Energia Oy,6,2026-07-08,observed_seller_data,9.49,1,8.888237391304347,2026-07-07,True
Hehku Energia Oy,6,2026-07-09,observed_seller_data,9.49,1,9.081084510869564,2026-07-08,True
Hehku Energia Oy,6,2026-07-10,observed_seller_data,9.49,1,9.261954565217389,2026-07-09,True
Hehku Energia Oy,6,2026-07-15,observed_seller_data,9.69,1,9.635098804347825,2026-07-14,True
Hehku Energia Oy,6,2026-07-16,observed_seller_data,9.69,1,9.893621983695652,2026-07-15,True
Hehku Energia Oy,6,2026-07-17,observed_seller_data,9.69,1,9.821984673913043,2026-07-16,True
Hehku Energia Oy,6,2026-07-18,observed_seller_data,9.69,1,10.060427853260867,2026-07-17,True
Hehku Energia Oy,6,2026-07-19,observed_seller_data,9.69,1,10.060427853260867,2026-07-17,True
Hehku Energia Oy,6,2026-07-20,observed_seller_data,9.69,1,10.060427853260867,2026-07-17,True
Hehku Energia Oy,6,2026-07-21,observed_seller_data,10.99,1,10.116848288043478,2026-07-20,True
Hehku Energia Oy,6,2026-07-22,observed_seller_data,10.99,1,10.145904266304347,2026-07-21,True
Hehku Energia Oy,6,2026-07-23,observed_seller_data,10.99,1,10.487925869565217,2026-07-22,True
Hehku Energia Oy,6,2026-07-24,observed_seller_data,10.99,1,10.476433070652174,2026-07-23,True
Hehku Energia Oy,6,2026-07-27,canonical_calculation,10.99,1,10.398609429347827,2026-07-24,True
Hehku Energia Oy,12,2026-04-08,observed_seller_data,9.14,2,,,False
Hehku Energia Oy,12,2026-04-09,observed_seller_data,9.14,2,7.008009397260273,2026-04-08,True
Hehku Energia Oy,12,2026-04-10,observed_seller_data,9.14,2,7.001851301369863,2026-04-09,True
Hehku Energia Oy,12,2026-04-11,observed_seller_data,9.14,2,6.91596116438356,2026-04-10,True
Hehku Energia Oy,12,2026-04-12,observed_seller_data,9.14,2,6.91596116438356,2026-04-10,True
Hehku Energia Oy,12,2026-04-13,observed_seller_data,9.14,2,6.91596116438356,2026-04-10,True
Hehku Energia Oy,12,2026-04-14,observed_seller_data,9.14,2,6.929934643835616,2026-04-13,True
Hehku Energia Oy,12,2026-04-15,observed_seller_data,9.14,2,6.809994465753424,2026-04-14,True
Hehku Energia Oy,12,2026-04-16,observed_seller_data,9.14,2,6.761455191780822,2026-04-15,True
Hehku Energia Oy,12,2026-04-17,observed_seller_data,9.14,2,6.797176273972602,2026-04-16,True
Hehku Energia Oy,12,2026-04-18,observed_seller_data,9.14,2,6.730929465753426,2026-04-17,True
Hehku Energia Oy,12,2026-04-19,observed_seller_data,9.14,2,6.730929465753426,2026-04-17,True
Hehku Energia Oy,12,2026-04-20,observed_seller_data,9.14,2,6.730929465753426,2026-04-17,True
Hehku Energia Oy,12,2026-04-21,observed_seller_data,9.14,2,6.749090863013699,2026-04-20,True
Hehku Energia Oy,12,2026-04-22,observed_seller_data,9.14,2,6.839808452054794,2026-04-21,True
Hehku Energia Oy,12,2026-04-23,observed_seller_data,9.14,2,6.872737589041094,2026-04-22,True
Hehku Energia Oy,12,2026-04-24,observed_seller_data,9.14,2,6.963417356164384,2026-04-23,True
Hehku Energia Oy,12,2026-04-25,observed_seller_data,9.14,2,6.8711112465753414,2026-04-24,True
Hehku Energia Oy,12,2026-04-26,observed_seller_data,9.14,2,6.8711112465753414,2026-04-24,True
Hehku Energia Oy,12,2026-04-27,observed_seller_data,9.14,2,6.8711112465753414,2026-04-24,True
Hehku Energia Oy,12,2026-04-28,observed_seller_data,9.14,2,6.778488808219178,2026-04-27,True
Hehku Energia Oy,12,2026-04-29,observed_seller_data,9.14,2,6.82226595890411,2026-04-28,True
Hehku Energia Oy,12,2026-04-30,observed_seller_data,9.14,2,6.91197610958904,2026-04-29,True
Hehku Energia Oy,12,2026-05-01,observed_seller_data,9.14,2,6.984508232876711,2026-04-30,True
Hehku Energia Oy,12,2026-05-02,observed_seller_data,9.14,2,6.984508232876711,2026-04-30,True
Hehku Energia Oy,12,2026-05-03,observed_seller_data,9.14,2,6.984508232876711,2026-04-30,True
Hehku Energia Oy,12,2026-05-04,observed_seller_data,9.14,2,6.984508232876711,2026-04-30,True
Hehku Energia Oy,12,2026-05-05,observed_seller_data,9.14,2,7.199113232876712,2026-05-04,True
Hehku Energia Oy,12,2026-05-06,observed_seller_data,9.14,2,7.225643589041095,2026-05-05,True
Hehku Energia Oy,12,2026-05-07,observed_seller_data,9.14,2,7.098238739726027,2026-05-06,True
Hehku Energia Oy,12,2026-05-08,observed_seller_data,9.34,2,7.211415671232878,2026-05-07,True
Hehku Energia Oy,12,2026-05-09,observed_seller_data,9.34,2,7.42950716438356,2026-05-08,True
Hehku Energia Oy,12,2026-05-10,observed_seller_data,9.34,2,7.42950716438356,2026-05-08,True
Hehku Energia Oy,12,2026-05-11,observed_seller_data,9.34,2,7.42950716438356,2026-05-08,True
Hehku Energia Oy,12,2026-05-12,observed_seller_data,9.34,2,7.627480835616438,2026-05-11,True
Hehku Energia Oy,12,2026-05-13,observed_seller_data,9.34,2,7.662703356164383,2026-05-12,True
Hehku Energia Oy,12,2026-05-14,observed_seller_data,9.34,2,7.6846194383561635,2026-05-13,True
Hehku Energia Oy,12,2026-05-15,observed_seller_data,9.34,2,7.672966849315067,2026-05-14,True
Hehku Energia Oy,12,2026-05-16,observed_seller_data,9.34,2,7.7297306712328755,2026-05-15,True
Hehku Energia Oy,12,2026-05-17,observed_seller_data,9.34,2,7.7297306712328755,2026-05-15,True
Hehku Energia Oy,12,2026-05-18,observed_seller_data,9.34,2,7.7297306712328755,2026-05-15,True
Hehku Energia Oy,12,2026-05-19,observed_seller_data,9.34,2,7.584962123287671,2026-05-18,True
Hehku Energia Oy,12,2026-05-20,observed_seller_data,9.34,2,7.514379547945205,2026-05-19,True
Hehku Energia Oy,12,2026-05-21,observed_seller_data,9.34,2,7.557534356164381,2026-05-20,True
Hehku Energia Oy,12,2026-05-22,observed_seller_data,9.34,2,7.675029863013698,2026-05-21,True
Hehku Energia Oy,12,2026-05-23,observed_seller_data,9.34,2,7.630430945205479,2026-05-22,True
Hehku Energia Oy,12,2026-05-24,observed_seller_data,9.34,2,7.630430945205479,2026-05-22,True
Hehku Energia Oy,12,2026-05-25,observed_seller_data,9.34,2,7.630430945205479,2026-05-22,True
Hehku Energia Oy,12,2026-05-26,observed_seller_data,9.34,2,7.405325205479452,2026-05-25,True
Hehku Energia Oy,12,2026-05-27,observed_seller_data,9.34,2,7.498484027397259,2026-05-26,True
Hehku Energia Oy,12,2026-05-28,observed_seller_data,9.34,2,7.3629646575342464,2026-05-27,True
Hehku Energia Oy,12,2026-05-29,observed_seller_data,9.34,2,7.544537369863012,2026-05-28,True
Hehku Energia Oy,12,2026-05-30,observed_seller_data,9.34,2,7.758901684931507,2026-05-29,True
Hehku Energia Oy,12,2026-05-31,observed_seller_data,9.34,2,7.758901684931507,2026-05-29,True
Hehku Energia Oy,12,2026-06-01,observed_seller_data,9.34,2,7.61820415068493,2026-05-29,True
Hehku Energia Oy,12,2026-06-02,observed_seller_data,9.34,2,7.859800246575342,2026-06-01,True
Hehku Energia Oy,12,2026-06-03,observed_seller_data,9.34,2,7.760411123287669,2026-06-02,True
Hehku Energia Oy,12,2026-06-04,observed_seller_data,9.34,2,7.938253219178082,2026-06-03,True
Hehku Energia Oy,12,2026-06-05,observed_seller_data,9.34,2,7.809387068493151,2026-06-04,True
Hehku Energia Oy,12,2026-06-06,observed_seller_data,9.34,2,7.719044260273972,2026-06-05,True
Hehku Energia Oy,12,2026-06-07,observed_seller_data,9.34,2,7.719044260273972,2026-06-05,True
Hehku Energia Oy,12,2026-06-08,observed_seller_data,9.34,2,7.719044260273972,2026-06-05,True
Hehku Energia Oy,12,2026-06-09,observed_seller_data,9.34,2,7.710300520547945,2026-06-08,True
Hehku Energia Oy,12,2026-06-10,observed_seller_data,9.34,2,7.529601150684932,2026-06-09,True
Hehku Energia Oy,12,2026-06-11,observed_seller_data,9.34,2,7.565910191780821,2026-06-10,True
Hehku Energia Oy,12,2026-06-12,observed_seller_data,9.34,2,7.608071315068491,2026-06-11,True
Hehku Energia Oy,12,2026-06-13,observed_seller_data,9.34,2,7.4029114794520545,2026-06-12,True
Hehku Energia Oy,12,2026-06-14,observed_seller_data,9.34,2,7.4029114794520545,2026-06-12,True
Hehku Energia Oy,12,2026-06-15,observed_seller_data,9.34,2,7.4029114794520545,2026-06-12,True
Hehku Energia Oy,12,2026-06-16,observed_seller_data,9.34,2,7.26479615068493,2026-06-15,True
Hehku Energia Oy,12,2026-06-17,observed_seller_data,9.34,2,7.301139575342464,2026-06-16,True
Hehku Energia Oy,12,2026-06-18,observed_seller_data,9.34,2,7.162126835616437,2026-06-17,True
Hehku Energia Oy,12,2026-06-19,observed_seller_data,9.34,2,7.0250842739726025,2026-06-18,True
Hehku Energia Oy,12,2026-06-20,observed_seller_data,9.34,2,7.132684191780821,2026-06-19,True
Hehku Energia Oy,12,2026-06-21,observed_seller_data,9.34,2,7.132684191780821,2026-06-19,True
Hehku Energia Oy,12,2026-06-22,observed_seller_data,9.34,2,7.132684191780821,2026-06-19,True
Hehku Energia Oy,12,2026-06-23,observed_seller_data,9.34,2,6.836349465753425,2026-06-22,True
Hehku Energia Oy,12,2026-06-24,observed_seller_data,9.34,2,6.874353616438356,2026-06-23,True
Hehku Energia Oy,12,2026-06-25,observed_seller_data,9.34,2,6.835799328767123,2026-06-24,True
Hehku Energia Oy,12,2026-06-26,observed_seller_data,9.34,2,6.8778641780821905,2026-06-25,True
Hehku Energia Oy,12,2026-06-27,observed_seller_data,9.34,2,6.942928191780821,2026-06-26,True
Hehku Energia Oy,12,2026-06-28,observed_seller_data,9.34,2,6.942928191780821,2026-06-26,True
Hehku Energia Oy,12,2026-06-29,observed_seller_data,9.34,2,6.942928191780821,2026-06-26,True
Hehku Energia Oy,12,2026-06-30,observed_seller_data,9.34,2,7.11498009589041,2026-06-29,True
Hehku Energia Oy,12,2026-07-01,observed_seller_data,9.34,2,7.291367767123288,2026-06-30,True
Hehku Energia Oy,12,2026-07-02,observed_seller_data,9.34,2,7.297343630136985,2026-07-01,True
Hehku Energia Oy,12,2026-07-03,observed_seller_data,9.34,2,7.396309835616438,2026-07-02,True
Hehku Energia Oy,12,2026-07-04,observed_seller_data,9.34,2,7.537921972602739,2026-07-03,True
Hehku Energia Oy,12,2026-07-05,observed_seller_data,9.34,2,7.537921972602739,2026-07-03,True
Hehku Energia Oy,12,2026-07-06,observed_seller_data,9.34,2,7.537921972602739,2026-07-03,True
Hehku Energia Oy,12,2026-07-07,observed_seller_data,9.34,2,7.517649424657533,2026-07-06,True
Hehku Energia Oy,12,2026-07-08,observed_seller_data,9.34,2,7.55255905479452,2026-07-07,True
Hehku Energia Oy,12,2026-07-09,observed_seller_data,9.34,2,7.663016246575341,2026-07-08,True
Hehku Energia Oy,12,2026-07-10,observed_seller_data,9.34,2,7.752925821917807,2026-07-09,True
Hehku Energia Oy,12,2026-07-11,observed_seller_data,9.34,2,7.733756986301369,2026-07-10,True
Hehku Energia Oy,12,2026-07-12,observed_seller_data,9.34,2,7.733756986301369,2026-07-10,True
Hehku Energia Oy,12,2026-07-13,observed_seller_data,9.34,2,7.733756986301369,2026-07-10,True
Hehku Energia Oy,12,2026-07-14,observed_seller_data,9.34,2,7.916333698630135,2026-07-13,True
Hehku Energia Oy,12,2026-07-15,observed_seller_data,9.54,2,8.05474128767123,2026-07-14,True
Hehku Energia Oy,12,2026-07-16,observed_seller_data,9.54,2,8.242688712328768,2026-07-15,True
Hehku Energia Oy,12,2026-07-17,observed_seller_data,9.54,2,8.230231547945204,2026-07-16,True
Hehku Energia Oy,12,2026-07-18,observed_seller_data,9.54,2,8.411536068493149,2026-07-17,True
Hehku Energia Oy,12,2026-07-19,observed_seller_data,9.54,2,8.411536068493149,2026-07-17,True
Hehku Energia Oy,12,2026-07-20,observed_seller_data,9.54,2,8.411536068493149,2026-07-17,True
Hehku Energia Oy,12,2026-07-21,observed_seller_data,10.09,2,8.444090424657533,2026-07-20,True
Hehku Energia Oy,12,2026-07-22,observed_seller_data,10.09,2,8.482008616438355,2026-07-21,True
Hehku Energia Oy,12,2026-07-23,observed_seller_data,10.09,2,8.747336246575342,2026-07-22,True
Hehku Energia Oy,12,2026-07-24,observed_seller_data,10.09,2,8.776696369863014,2026-07-23,True
Hehku Energia Oy,12,2026-07-25,observed_seller_data,10.09,2,8.763114863013698,2026-07-24,True
Hehku Energia Oy,12,2026-07-26,observed_seller_data,10.09,2,8.763114863013698,2026-07-24,True
Hehku Energia Oy,12,2026-07-27,canonical_calculation,10.09,2,8.763114863013698,2026-07-24,True
Hehku Energia Oy,12,2026-07-28,canonical_calculation,10.09,2,8.568218520547944,2026-07-27,True
Hehku Energia Oy,12,2026-07-29,canonical_calculation,10.09,2,8.490944904109588,2026-07-28,True
Hehku Energia Oy,12,2026-07-30,canonical_calculation,10.09,2,8.781259068493151,2026-07-29,True
Hehku Energia Oy,12,2026-07-31,canonical_calculation,10.09,2,8.746273794520546,2026-07-30,True
Hehku Energia Oy,12,2026-08-01,canonical_calculation,10.09,2,8.888607986301372,2026-07-31,True
Hehku Energia Oy,12,2026-08-02,canonical_calculation,10.09,2,8.888607986301372,2026-07-31,True
Hehku Energia Oy,12,2026-08-04,canonical_calculation,10.489999999999998,2,8.728779438356165,2026-08-03,True
Hehku Energia Oy,12,2026-08-05,canonical_calculation,10.489999999999998,2,8.838225753424656,2026-08-04,True
Hehku Energia Oy,12,2026-08-06,canonical_calculation,10.489999999999998,2,8.654765383561644,2026-08-05,True
Hehku Energia Oy,12,2026-08-07,canonical_calculation,10.489999999999998,2,8.644147739726026,2026-08-06,True
Hehku Energia Oy,12,2026-08-08,canonical_calculation,10.489999999999998,2,8.630679698630136,2026-08-07,True
Hehku Energia Oy,12,2026-08-09,canonical_calculation,10.489999999999998,2,8.630679698630136,2026-08-07,True
Hehku Energia Oy,12,2026-08-10,canonical_calculation,10.489999999999998,2,8.630679698630136,2026-08-07,True
Hehku Energia Oy,12,2026-08-11,canonical_calculation,10.489999999999998,2,8.748859438356163,2026-08-10,True
Hehku Energia Oy,12,2026-08-12,canonical_calculation,11.04,2,8.705082287671232,2026-08-11,True
Hehku Energia Oy,12,2026-08-13,canonical_calculation,11.04,2,8.724316452054794,2026-08-12,True
Hehku Energia Oy,12,2026-08-14,canonical_calculation,11.04,2,8.579424123287671,2026-08-13,True
Hehku Energia Oy,12,2026-08-15,canonical_calculation,11.04,2,8.519703315068492,2026-08-14,True
Hehku Energia Oy,12,2026-08-16,canonical_calculation,11.04,2,8.519703315068492,2026-08-14,True
Hehku Energia Oy,12,2026-08-17,canonical_calculation,11.04,2,8.519703315068492,2026-08-14,True
Hehku Energia Oy,12,2026-08-18,canonical_calculation,11.04,2,8.72096405479452,2026-08-17,True
Hehku Energia Oy,12,2026-08-19,canonical_calculation,11.04,2,8.774798397260271,2026-08-18,True
Hehku Energia Oy,12,2026-08-20,canonical_calculation,11.04,2,8.702345356164384,2026-08-19,True
Hehku Energia Oy,12,2026-08-21,canonical_calculation,11.29,2,8.65210409589041,2026-08-20,True
Hehku Energia Oy,12,2026-08-22,canonical_calculation,11.29,2,8.782668794520548,2026-08-21,True
Hehku Energia Oy,12,2026-08-23,canonical_calculation,11.29,2,8.782668794520548,2026-08-21,True
Hehku Energia Oy,12,2026-08-24,canonical_calculation,11.29,2,8.782668794520548,2026-08-21,True
Hehku Energia Oy,12,2026-08-25,canonical_calculation,11.29,2,8.70024108219178,2026-08-24,True
Hehku Energia Oy,12,2026-08-26,canonical_calculation,11.29,2,8.494331684931506,2026-08-25,True
Hehku Energia Oy,12,2026-08-27,canonical_calculation,11.29,2,8.25278716438356,2026-08-26,True
Hehku Energia Oy,12,2026-08-28,canonical_calculation,11.235,2,8.430127260273972,2026-08-27,True
Hehku Energia Oy,12,2026-08-29,canonical_calculation,11.235,2,8.376550794520547,2026-08-28,True
Hehku Energia Oy,12,2026-08-30,canonical_calculation,11.235,2,8.376550794520547,2026-08-28,True
Hehku Energia Oy,12,2026-08-31,canonical_calculation,11.235,2,8.376550794520547,2026-08-28,True
Hehku Energia Oy,12,2026-09-01,canonical_calculation,11.235,2,8.194654876712328,2026-08-31,True
Hehku Energia Oy,12,2026-09-02,canonical_calculation,11.235,2,8.232160465753424,2026-09-01,True
Hehku Energia Oy,12,2026-09-03,canonical_calculation,11.235,2,8.529712369863013,2026-09-02,True
Hehku Energia Oy,12,2026-09-04,canonical_calculation,11.235,2,8.541691602739725,2026-09-03,True
Hehku Energia Oy,12,2026-09-05,canonical_calculation,11.235,2,8.551384328767123,2026-09-04,True
Hehku Energia Oy,12,2026-09-06,canonical_calculation,11.235,2,8.551384328767123,2026-09-04,True
Hehku Energia Oy,12,2026-09-07,canonical_calculation,11.235,2,8.551384328767123,2026-09-04,True
Hehku Energia Oy,12,2026-09-08,canonical_calculation,11.235,2,8.858608328767124,2026-09-07,True
Hehku Energia Oy,12,2026-09-09,canonical_calculation,11.235,2,9.059559616438355,2026-09-08,True
Hehku Energia Oy,12,2026-09-10,canonical_calculation,11.235,2,9.442544356164383,2026-09-09,True
Hehku Energia Oy,12,2026-09-11,canonical_calculation,11.235,2,9.592642356164383,2026-09-10,True
Hehku Energia Oy,12,2026-09-12,canonical_calculation,11.235,2,9.381571986301369,2026-09-11,True
Hehku Energia Oy,12,2026-09-13,canonical_calculation,11.235,2,9.381571986301369,2026-09-11,True
Hehku Energia Oy,24,2026-04-08,observed_seller_data,8.24,2,,,False
Hehku Energia Oy,24,2026-04-09,observed_seller_data,8.24,2,6.314420047879617,2026-04-08,True
Hehku Energia Oy,24,2026-04-10,observed_seller_data,8.34,2,6.2962903625171,2026-04-09,True
Hehku Energia Oy,24,2026-04-11,observed_seller_data,8.34,2,6.228571867305061,2026-04-10,True
Hehku Energia Oy,24,2026-04-12,observed_seller_data,8.34,2,6.228571867305061,2026-04-10,True
Hehku Energia Oy,24,2026-04-13,observed_seller_data,8.34,2,6.228571867305061,2026-04-10,True
Hehku Energia Oy,24,2026-04-14,observed_seller_data,8.34,2,6.23801269493844,2026-04-13,True
Hehku Energia Oy,24,2026-04-15,observed_seller_data,8.34,2,6.177379541723666,2026-04-14,True
Hehku Energia Oy,24,2026-04-16,observed_seller_data,8.34,2,6.144708337893295,2026-04-15,True
Hehku Energia Oy,24,2026-04-17,observed_seller_data,8.34,2,6.150796203830369,2026-04-16,True
Hehku Energia Oy,24,2026-04-18,observed_seller_data,8.34,2,6.103619534883721,2026-04-17,True
Hehku Energia Oy,24,2026-04-19,observed_seller_data,8.34,2,6.103619534883721,2026-04-17,True
Hehku Energia Oy,24,2026-04-20,observed_seller_data,8.34,2,6.103619534883721,2026-04-17,True
Hehku Energia Oy,24,2026-04-21,observed_seller_data,8.34,2,6.087503686730505,2026-04-20,True
Hehku Energia Oy,24,2026-04-22,observed_seller_data,8.34,2,6.154380937072504,2026-04-21,True
Hehku Energia Oy,24,2026-04-23,observed_seller_data,8.34,2,6.177219876880984,2026-04-22,True
Hehku Energia Oy,24,2026-04-24,observed_seller_data,8.34,2,6.256475444596442,2026-04-23,True
Hehku Energia Oy,24,2026-04-25,observed_seller_data,8.34,2,6.191047195622435,2026-04-24,True
Hehku Energia Oy,24,2026-04-26,observed_seller_data,8.34,2,6.191047195622435,2026-04-24,True
Hehku Energia Oy,24,2026-04-27,observed_seller_data,8.34,2,6.191047195622435,2026-04-24,True
Hehku Energia Oy,24,2026-04-28,observed_seller_data,8.34,2,6.134817701778386,2026-04-27,True
Hehku Energia Oy,24,2026-04-29,observed_seller_data,8.34,2,6.171774103967169,2026-04-28,True
Hehku Energia Oy,24,2026-04-30,observed_seller_data,8.34,2,6.239817079343364,2026-04-29,True
Hehku Energia Oy,24,2026-05-01,observed_seller_data,8.34,2,6.355381805745553,2026-04-30,True
Hehku Energia Oy,24,2026-05-02,observed_seller_data,8.34,2,6.355381805745553,2026-04-30,True
Hehku Energia Oy,24,2026-05-03,observed_seller_data,8.34,2,6.355381805745553,2026-04-30,True
Hehku Energia Oy,24,2026-05-04,observed_seller_data,8.34,2,6.355381805745553,2026-04-30,True
Hehku Energia Oy,24,2026-05-05,observed_seller_data,8.34,2,6.476608625170997,2026-05-04,True
Hehku Energia Oy,24,2026-05-06,observed_seller_data,8.34,2,6.494082482900137,2026-05-05,True
Hehku Energia Oy,24,2026-05-07,observed_seller_data,8.34,2,6.3717053898768805,2026-05-06,True
Hehku Energia Oy,24,2026-05-08,observed_seller_data,8.54,2,6.408783686730506,2026-05-07,True
Hehku Energia Oy,24,2026-05-09,observed_seller_data,8.54,2,6.537145636114911,2026-05-08,True
Hehku Energia Oy,24,2026-05-10,observed_seller_data,8.54,2,6.537145636114911,2026-05-08,True
Hehku Energia Oy,24,2026-05-11,observed_seller_data,8.54,2,6.537145636114911,2026-05-08,True
Hehku Energia Oy,24,2026-05-12,observed_seller_data,8.54,2,6.665234610123119,2026-05-11,True
Hehku Energia Oy,24,2026-05-13,observed_seller_data,8.54,2,6.70606760601915,2026-05-12,True
Hehku Energia Oy,24,2026-05-14,observed_seller_data,8.54,2,6.721105287277702,2026-05-13,True
Hehku Energia Oy,24,2026-05-15,observed_seller_data,8.54,2,6.717319685362518,2026-05-14,True
Hehku Energia Oy,24,2026-05-16,observed_seller_data,8.54,2,6.7470001778385775,2026-05-15,True
Hehku Energia Oy,24,2026-05-17,observed_seller_data,8.54,2,6.7470001778385775,2026-05-15,True
Hehku Energia Oy,24,2026-05-18,observed_seller_data,8.54,2,6.7470001778385775,2026-05-15,True
Hehku Energia Oy,24,2026-05-19,observed_seller_data,8.54,2,6.650742879616962,2026-05-18,True
Hehku Energia Oy,24,2026-05-20,observed_seller_data,8.64,2,6.6187309370725025,2026-05-19,True
Hehku Energia Oy,24,2026-05-21,observed_seller_data,8.64,2,6.6317977017783845,2026-05-20,True
Hehku Energia Oy,24,2026-05-22,observed_seller_data,8.64,2,6.702566997264021,2026-05-21,True
Hehku Energia Oy,24,2026-05-23,observed_seller_data,8.64,2,6.6722512790697674,2026-05-22,True
Hehku Energia Oy,24,2026-05-24,observed_seller_data,8.64,2,6.6722512790697674,2026-05-22,True
Hehku Energia Oy,24,2026-05-25,observed_seller_data,8.64,2,6.6722512790697674,2026-05-22,True
Hehku Energia Oy,24,2026-05-26,observed_seller_data,8.64,2,6.515872441860465,2026-05-25,True
Hehku Energia Oy,24,2026-05-27,observed_seller_data,8.64,2,6.584854521203829,2026-05-26,True
Hehku Energia Oy,24,2026-05-28,observed_seller_data,8.64,2,6.484572982216141,2026-05-27,True
Hehku Energia Oy,24,2026-05-29,observed_seller_data,8.64,2,6.595828474692201,2026-05-28,True
Hehku Energia Oy,24,2026-05-30,observed_seller_data,8.64,2,6.705398043775649,2026-05-29,True
Hehku Energia Oy,24,2026-05-31,observed_seller_data,8.64,2,6.705398043775649,2026-05-29,True
Hehku Energia Oy,24,2026-06-01,observed_seller_data,8.64,2,6.692830875512995,2026-05-29,True
Hehku Energia Oy,24,2026-06-02,observed_seller_data,8.64,2,6.863023296853624,2026-06-01,True
Hehku Energia Oy,24,2026-06-03,observed_seller_data,8.79,2,6.804407414500683,2026-06-02,True
Hehku Energia Oy,24,2026-06-04,observed_seller_data,8.79,2,6.924890848153214,2026-06-03,True
Hehku Energia Oy,24,2026-06-05,observed_seller_data,8.79,2,6.841681429548563,2026-06-04,True
Hehku Energia Oy,24,2026-06-06,observed_seller_data,8.79,2,6.780177845417237,2026-06-05,True
Hehku Energia Oy,24,2026-06-07,observed_seller_data,8.79,2,6.780177845417237,2026-06-05,True
Hehku Energia Oy,24,2026-06-08,observed_seller_data,8.79,2,6.780177845417237,2026-06-05,True
Hehku Energia Oy,24,2026-06-09,observed_seller_data,8.79,2,6.7652792270861815,2026-06-08,True
Hehku Energia Oy,24,2026-06-10,observed_seller_data,8.84,2,6.654351648426812,2026-06-09,True
Hehku Energia Oy,24,2026-06-11,observed_seller_data,8.84,2,6.690471956224349,2026-06-10,True
Hehku Energia Oy,24,2026-06-12,observed_seller_data,8.84,2,6.73640049247606,2026-06-11,True
Hehku Energia Oy,24,2026-06-13,observed_seller_data,8.84,2,6.603004808481531,2026-06-12,True
Hehku Energia Oy,24,2026-06-14,observed_seller_data,8.84,2,6.603004808481531,2026-06-12,True
Hehku Energia Oy,24,2026-06-15,observed_seller_data,8.84,2,6.603004808481531,2026-06-12,True
Hehku Energia Oy,24,2026-06-16,observed_seller_data,8.84,2,6.537957694938441,2026-06-15,True
Hehku Energia Oy,24,2026-06-17,observed_seller_data,8.84,2,6.571571436388509,2026-06-16,True
Hehku Energia Oy,24,2026-06-18,observed_seller_data,8.84,2,6.488619541723665,2026-06-17,True
Hehku Energia Oy,24,2026-06-19,observed_seller_data,8.84,2,6.392096135430917,2026-06-18,True
Hehku Energia Oy,24,2026-06-20,observed_seller_data,8.84,2,6.448359965800273,2026-06-19,True
Hehku Energia Oy,24,2026-06-21,observed_seller_data,8.84,2,6.448359965800273,2026-06-19,True
Hehku Energia Oy,24,2026-06-22,observed_seller_data,8.84,2,6.448359965800273,2026-06-19,True
Hehku Energia Oy,24,2026-06-23,observed_seller_data,8.84,2,6.2601099658002735,2026-06-22,True
Hehku Energia Oy,24,2026-06-24,observed_seller_data,8.84,2,6.329272311901504,2026-06-23,True
Hehku Energia Oy,24,2026-06-25,observed_seller_data,8.84,2,6.319347339261285,2026-06-24,True
Hehku Energia Oy,24,2026-06-26,observed_seller_data,8.84,2,6.360398372093023,2026-06-25,True
Hehku Energia Oy,24,2026-06-27,observed_seller_data,8.84,2,6.398996060191518,2026-06-26,True
Hehku Energia Oy,24,2026-06-28,observed_seller_data,8.84,2,6.398996060191518,2026-06-26,True
Hehku Energia Oy,24,2026-06-29,observed_seller_data,8.84,2,6.398996060191518,2026-06-26,True
Hehku Energia Oy,24,2026-06-30,observed_seller_data,8.74,2,6.356499459644321,2026-06-29,True
Hehku Energia Oy,24,2026-07-01,observed_seller_data,8.74,2,6.578045588235293,2026-06-30,True
Hehku Energia Oy,24,2026-07-02,observed_seller_data,8.74,2,6.6284910943912445,2026-07-01,True
Hehku Energia Oy,24,2026-07-03,observed_seller_data,8.74,2,6.720432291381669,2026-07-02,True
Hehku Energia Oy,24,2026-07-04,observed_seller_data,8.74,2,6.790317421340628,2026-07-03,True
Hehku Energia Oy,24,2026-07-05,observed_seller_data,8.74,2,6.790317421340628,2026-07-03,True
Hehku Energia Oy,24,2026-07-06,observed_seller_data,8.74,2,6.790317421340628,2026-07-03,True
Hehku Energia Oy,24,2026-07-07,observed_seller_data,8.74,2,6.748586525307798,2026-07-06,True
Hehku Energia Oy,24,2026-07-08,observed_seller_data,8.74,2,6.768290540355675,2026-07-07,True
Hehku Energia Oy,24,2026-07-09,observed_seller_data,8.74,2,6.846610437756497,2026-07-08,True
Hehku Energia Oy,24,2026-07-10,observed_seller_data,8.69,3,6.866929076607387,2026-07-09,True
Hehku Energia Oy,24,2026-07-11,observed_seller_data,8.84,2,6.839267571819425,2026-07-10,True
Hehku Energia Oy,24,2026-07-12,observed_seller_data,8.84,2,6.839267571819425,2026-07-10,True
Hehku Energia Oy,24,2026-07-13,observed_seller_data,8.84,2,6.839267571819425,2026-07-10,True
Hehku Energia Oy,24,2026-07-14,observed_seller_data,8.84,2,6.9581303214774275,2026-07-13,True
Hehku Energia Oy,24,2026-07-15,observed_seller_data,9.04,2,7.056428926128589,2026-07-14,True
Hehku Energia Oy,24,2026-07-16,observed_seller_data,9.04,2,7.151063823529411,2026-07-15,True
Hehku Energia Oy,24,2026-07-17,observed_seller_data,9.04,2,7.151930820793433,2026-07-16,True
Hehku Energia Oy,24,2026-07-18,observed_seller_data,9.04,2,7.250301532147743,2026-07-17,True
Hehku Energia Oy,24,2026-07-19,observed_seller_data,9.04,2,7.250301532147743,2026-07-17,True
Hehku Energia Oy,24,2026-07-20,observed_seller_data,9.04,2,7.250301532147743,2026-07-17,True
Hehku Energia Oy,24,2026-07-21,observed_seller_data,9.535,2,7.25315146374829,2026-07-20,True
Hehku Energia Oy,24,2026-07-22,observed_seller_data,9.535,2,7.284062920656635,2026-07-21,True
Hehku Energia Oy,24,2026-07-23,observed_seller_data,9.535,2,7.422411648426812,2026-07-22,True
Hehku Energia Oy,24,2026-07-24,observed_seller_data,9.535,2,7.446412879616962,2026-07-23,True
Hehku Energia Oy,24,2026-07-25,observed_seller_data,9.535,2,7.456499233926127,2026-07-24,True
Hehku Energia Oy,24,2026-07-26,observed_seller_data,9.535,2,7.456499233926127,2026-07-24,True
Hehku Energia Oy,24,2026-07-27,canonical_calculation,9.535,2,7.456499233926127,2026-07-24,True
Hehku Energia Oy,24,2026-07-28,canonical_calculation,9.535,2,7.337356641586867,2026-07-27,True
Hehku Energia Oy,24,2026-07-29,canonical_calculation,9.535,2,7.273444350205198,2026-07-28,True
Hehku Energia Oy,24,2026-07-30,canonical_calculation,9.535,2,7.420560909712721,2026-07-29,True
Hehku Energia Oy,24,2026-07-31,canonical_calculation,9.535,2,7.412508994528044,2026-07-30,True
Hehku Energia Oy,24,2026-08-01,canonical_calculation,9.535,2,7.608965424076606,2026-07-31,True
Hehku Energia Oy,24,2026-08-02,canonical_calculation,9.535,2,7.608965424076606,2026-07-31,True
Hehku Energia Oy,24,2026-08-04,canonical_calculation,9.934999999999999,2,7.529972530779754,2026-08-03,True
Hehku Energia Oy,24,2026-08-05,canonical_calculation,9.934999999999999,2,7.585975403556771,2026-08-04,True
Hehku Energia Oy,24,2026-08-06,canonical_calculation,9.934999999999999,2,7.4775578248974,2026-08-05,True
Hehku Energia Oy,24,2026-08-07,canonical_calculation,9.934999999999999,2,7.496314151846784,2026-08-06,True
Hehku Energia Oy,24,2026-08-08,canonical_calculation,9.934999999999999,2,7.491129336525306,2026-08-07,True
Hehku Energia Oy,24,2026-08-09,canonical_calculation,9.934999999999999,2,7.491129336525306,2026-08-07,True
Hehku Energia Oy,24,2026-08-10,canonical_calculation,9.934999999999999,2,7.491129336525306,2026-08-07,True
Hehku Energia Oy,24,2026-08-11,canonical_calculation,9.934999999999999,2,7.565430143638851,2026-08-10,True
Hehku Energia Oy,24,2026-08-12,canonical_calculation,9.934999999999999,2,7.543820451436388,2026-08-11,True
Hehku Energia Oy,24,2026-08-13,canonical_calculation,9.934999999999999,2,7.565919439124487,2026-08-12,True
Hehku Energia Oy,24,2026-08-14,canonical_calculation,9.934999999999999,2,7.4593920861833105,2026-08-13,True
Hehku Energia Oy,24,2026-08-15,canonical_calculation,9.934999999999999,2,7.408258132694938,2026-08-14,True
Hehku Energia Oy,24,2026-08-16,canonical_calculation,9.934999999999999,2,7.408258132694938,2026-08-14,True
Hehku Energia Oy,24,2026-08-17,canonical_calculation,9.934999999999999,2,7.408258132694938,2026-08-14,True
Hehku Energia Oy,24,2026-08-18,canonical_calculation,9.934999999999999,2,7.543262482900136,2026-08-17,True
Hehku Energia Oy,24,2026-08-19,canonical_calculation,9.934999999999999,2,7.569327339261285,2026-08-18,True
Hehku Energia Oy,24,2026-08-20,canonical_calculation,9.934999999999999,2,7.525651279069766,2026-08-19,True
Hehku Energia Oy,24,2026-08-21,canonical_calculation,9.934999999999999,2,7.518734186046511,2026-08-20,True
Hehku Energia Oy,24,2026-08-22,canonical_calculation,9.934999999999999,2,7.600690321477427,2026-08-21,True
Hehku Energia Oy,24,2026-08-23,canonical_calculation,9.934999999999999,2,7.600690321477427,2026-08-21,True
Hehku Energia Oy,24,2026-08-24,canonical_calculation,9.934999999999999,2,7.600690321477427,2026-08-21,True
Hehku Energia Oy,24,2026-08-25,canonical_calculation,9.934999999999999,2,7.572352387140903,2026-08-24,True
Hehku Energia Oy,24,2026-08-26,canonical_calculation,9.934999999999999,2,7.385951409028726,2026-08-25,True
Hehku Energia Oy,24,2026-08-27,canonical_calculation,9.934999999999999,2,7.248811326949384,2026-08-26,True
Hehku Energia Oy,24,2026-08-28,canonical_calculation,9.934999999999999,2,7.380433529411764,2026-08-27,True
Hehku Energia Oy,24,2026-08-29,canonical_calculation,9.934999999999999,2,7.362903016415868,2026-08-28,True
Hehku Energia Oy,24,2026-08-30,canonical_calculation,9.934999999999999,2,7.362903016415868,2026-08-28,True
Hehku Energia Oy,24,2026-08-31,canonical_calculation,9.934999999999999,2,7.362903016415868,2026-08-28,True
Hehku Energia Oy,24,2026-09-01,canonical_calculation,9.934999999999999,2,7.3933217441860455,2026-08-31,True
Hehku Energia Oy,24,2026-09-02,canonical_calculation,9.934999999999999,2,7.452802906976744,2026-09-01,True
Hehku Energia Oy,24,2026-09-03,canonical_calculation,9.934999999999999,2,7.658533632010943,2026-09-02,True
Hehku Energia Oy,24,2026-09-04,canonical_calculation,9.934999999999999,2,7.687525677154583,2026-09-03,True
Hehku Energia Oy,24,2026-09-05,canonical_calculation,9.934999999999999,2,7.69683602599179,2026-09-04,True
Hehku Energia Oy,24,2026-09-06,canonical_calculation,9.934999999999999,2,7.69683602599179,2026-09-04,True
Hehku Energia Oy,24,2026-09-07,canonical_calculation,9.934999999999999,2,7.69683602599179,2026-09-04,True
Hehku Energia Oy,24,2026-09-08,canonical_calculation,9.934999999999999,2,7.916026668946647,2026-09-07,True
Hehku Energia Oy,24,2026-09-09,canonical_calculation,9.985,2,8.065436908344731,2026-09-08,True
Hehku Energia Oy,24,2026-09-10,canonical_calculation,9.985,2,8.37942211354309,2026-09-09,True
Hehku Energia Oy,24,2026-09-11,canonical_calculation,9.985,2,8.510666614227084,2026-09-10,True
Hehku Energia Oy,24,2026-09-12,canonical_calculation,9.985,2,8.336777865937071,2026-09-11,True
Hehku Energia Oy,24,2026-09-13,canonical_calculation,9.985,2,8.336777865937071,2026-09-11,True
Helen Oy,6,2026-04-08,observed_seller_data,7.99,1,,,False
Helen Oy,6,2026-04-09,observed_seller_data,7.99,1,5.674571168478261,2026-04-08,True
Helen Oy,6,2026-04-10,observed_seller_data,7.99,1,5.6259399184782595,2026-04-09,True
Helen Oy,6,2026-04-11,observed_seller_data,7.99,1,5.571442907608695,2026-04-10,True
Helen Oy,6,2026-04-12,observed_seller_data,7.99,1,5.571442907608695,2026-04-10,True
Helen Oy,6,2026-04-13,observed_seller_data,7.99,1,5.571442907608695,2026-04-10,True
Helen Oy,6,2026-04-14,observed_seller_data,7.39,1,5.563196739130434,2026-04-13,True
Helen Oy,6,2026-04-15,observed_seller_data,7.39,1,5.412678586956522,2026-04-14,True
Helen Oy,6,2026-04-16,observed_seller_data,7.39,1,5.3783638858695655,2026-04-15,True
Helen Oy,6,2026-04-17,observed_seller_data,7.39,1,5.434354619565217,2026-04-16,True
Helen Oy,6,2026-04-18,observed_seller_data,7.39,1,5.393219266304348,2026-04-17,True
Helen Oy,6,2026-04-19,observed_seller_data,7.39,1,5.393219266304348,2026-04-17,True
Helen Oy,6,2026-04-20,observed_seller_data,7.39,1,5.393219266304348,2026-04-17,True
Helen Oy,6,2026-04-21,observed_seller_data,6.99,1,5.466534456521739,2026-04-20,True
Helen Oy,6,2026-04-22,observed_seller_data,6.99,1,5.530171141304348,2026-04-21,True
Helen Oy,6,2026-04-23,observed_seller_data,6.99,1,5.561593885869565,2026-04-22,True
Helen Oy,6,2026-04-24,observed_seller_data,6.99,1,5.632699184782608,2026-04-23,True
Helen Oy,6,2026-04-25,observed_seller_data,6.99,1,5.489342717391304,2026-04-24,True
Helen Oy,6,2026-04-26,observed_seller_data,6.99,1,5.489342717391304,2026-04-24,True
Helen Oy,6,2026-04-27,observed_seller_data,6.99,1,5.489342717391304,2026-04-24,True
Helen Oy,6,2026-04-28,observed_seller_data,6.99,1,5.378875434782609,2026-04-27,True
Helen Oy,6,2026-04-29,observed_seller_data,6.99,1,5.458874864130435,2026-04-28,True
Helen Oy,6,2026-04-30,observed_seller_data,6.99,1,5.601869836956521,2026-04-29,True
Helen Oy,6,2026-05-01,observed_seller_data,6.99,1,6.441215491803279,2026-04-30,True
Helen Oy,6,2026-05-02,observed_seller_data,6.99,1,6.441215491803279,2026-04-30,True
Helen Oy,6,2026-05-03,observed_seller_data,6.99,1,6.441215491803279,2026-04-30,True
Helen Oy,6,2026-05-04,observed_seller_data,6.99,1,6.441215491803279,2026-04-30,True
Helen Oy,6,2026-05-05,observed_seller_data,8.7,1,6.770018633879781,2026-05-04,True
Helen Oy,6,2026-05-06,observed_seller_data,8.7,1,6.7423194808743165,2026-05-05,True
Helen Oy,6,2026-05-07,observed_seller_data,8.7,1,6.660545601092896,2026-05-06,True
Helen Oy,6,2026-05-08,observed_seller_data,8.7,1,6.847012540983606,2026-05-07,True
Helen Oy,6,2026-05-09,observed_seller_data,8.7,1,7.107675355191256,2026-05-08,True
Helen Oy,6,2026-05-10,observed_seller_data,8.7,1,7.107675355191256,2026-05-08,True
Helen Oy,6,2026-05-11,observed_seller_data,8.7,1,7.107675355191256,2026-05-08,True
Helen Oy,6,2026-05-12,observed_seller_data,9.04,1,7.366465956284151,2026-05-11,True
Helen Oy,6,2026-05-13,observed_seller_data,9.04,1,7.396359644808744,2026-05-12,True
Helen Oy,6,2026-05-14,observed_seller_data,9.04,1,7.428221557377048,2026-05-13,True
Helen Oy,6,2026-05-15,observed_seller_data,9.04,1,7.398444453551912,2026-05-14,True
Helen Oy,6,2026-05-16,observed_seller_data,9.04,1,7.479093633879781,2026-05-15,True
Helen Oy,6,2026-05-17,observed_seller_data,9.04,1,7.479093633879781,2026-05-15,True
Helen Oy,6,2026-05-18,observed_seller_data,9.04,1,7.479093633879781,2026-05-15,True
Helen Oy,6,2026-05-19,observed_seller_data,9.59,1,7.228169071038252,2026-05-18,True
Helen Oy,6,2026-05-20,observed_seller_data,9.59,1,7.127330163934426,2026-05-19,True
Helen Oy,6,2026-05-21,observed_seller_data,9.59,1,7.172736475409835,2026-05-20,True
Helen Oy,6,2026-05-22,observed_seller_data,9.59,1,7.28672887978142,2026-05-21,True
Helen Oy,6,2026-05-23,observed_seller_data,9.59,1,7.243229071038251,2026-05-22,True
Helen Oy,6,2026-05-24,observed_seller_data,9.59,1,7.243229071038251,2026-05-22,True
Helen Oy,6,2026-05-25,observed_seller_data,9.59,1,7.243229071038251,2026-05-22,True
Helen Oy,6,2026-05-26,observed_seller_data,9.31,1,6.942173087431693,2026-05-25,True
Helen Oy,6,2026-05-27,observed_seller_data,9.31,1,7.076855846994536,2026-05-26,True
Helen Oy,6,2026-05-28,observed_seller_data,9.31,1,6.931831338797814,2026-05-27,True
Helen Oy,6,2026-05-29,observed_seller_data,9.31,1,7.196656912568304,2026-05-28,True
Helen Oy,6,2026-05-30,observed_seller_data,9.31,1,7.456805382513661,2026-05-29,True
Helen Oy,6,2026-05-31,observed_seller_data,9.31,1,7.456805382513661,2026-05-29,True
Helen Oy,6,2026-06-01,observed_seller_data,9.31,1,8.027859864130434,2026-05-29,True
Helen Oy,6,2026-06-02,observed_seller_data,10.69,1,8.316530326086957,2026-06-01,True
Helen Oy,6,2026-06-03,observed_seller_data,10.69,1,8.12564073369565,2026-06-02,True
Helen Oy,6,2026-06-04,observed_seller_data,10.69,1,8.344590489130434,2026-06-03,True
Helen Oy,6,2026-06-05,observed_seller_data,10.69,1,8.148851413043477,2026-06-04,True
Helen Oy,6,2026-06-06,observed_seller_data,10.69,1,8.002125543478261,2026-06-05,True
Helen Oy,6,2026-06-07,observed_seller_data,10.69,1,8.002125543478261,2026-06-05,True
Helen Oy,6,2026-06-08,observed_seller_data,10.69,1,8.002125543478261,2026-06-05,True
Helen Oy,6,2026-06-09,observed_seller_data,10.96,1,8.021243831521739,2026-06-08,True
Helen Oy,6,2026-06-10,observed_seller_data,10.96,1,7.776116413043478,2026-06-09,True
Helen Oy,6,2026-06-11,observed_seller_data,10.96,1,7.787288641304348,2026-06-10,True
Helen Oy,6,2026-06-12,observed_seller_data,10.96,1,7.798379021739129,2026-06-11,True
Helen Oy,6,2026-06-13,observed_seller_data,10.96,1,7.557739592391304,2026-06-12,True
Helen Oy,6,2026-06-14,observed_seller_data,10.96,1,7.557739592391304,2026-06-12,True
Helen Oy,6,2026-06-15,observed_seller_data,10.96,1,7.557739592391304,2026-06-12,True
Helen Oy,6,2026-06-16,observed_seller_data,10.96,1,7.4405744293478255,2026-06-15,True
Helen Oy,6,2026-06-17,observed_seller_data,10.96,1,7.485686222826087,2026-06-16,True
Helen Oy,6,2026-06-18,observed_seller_data,10.96,1,7.333497010869565,2026-06-17,True
Helen Oy,6,2026-06-19,observed_seller_data,10.49,1,7.184213396739131,2026-06-18,True
Helen Oy,6,2026-06-20,observed_seller_data,10.49,1,7.332889972826087,2026-06-19,True
Helen Oy,6,2026-06-21,observed_seller_data,10.49,1,7.332889972826087,2026-06-19,True
Helen Oy,6,2026-06-22,observed_seller_data,10.49,1,7.332889972826087,2026-06-19,True
Helen Oy,6,2026-06-23,observed_seller_data,10.29,1,6.920779347826087,2026-06-22,True
Helen Oy,6,2026-06-24,observed_seller_data,10.29,1,6.979552907608695,2026-06-23,True
Helen Oy,6,2026-06-25,observed_seller_data,10.29,1,6.916189048913043,2026-06-24,True
Helen Oy,6,2026-06-26,observed_seller_data,10.29,1,6.9198994836956516,2026-06-25,True
Helen Oy,6,2026-06-27,observed_seller_data,10.29,1,7.021247554347825,2026-06-26,True
Helen Oy,6,2026-06-28,observed_seller_data,10.29,1,7.021247554347825,2026-06-26,True
Helen Oy,6,2026-06-29,observed_seller_data,10.29,1,7.021247554347825,2026-06-26,True
Helen Oy,6,2026-06-30,observed_seller_data,9.89,1,7.20875410326087,2026-06-29,True
Helen Oy,6,2026-07-01,observed_seller_data,9.89,1,8.389504483695651,2026-06-30,True
Helen Oy,6,2026-07-02,observed_seller_data,9.89,1,8.399762744565216,2026-07-01,True
Helen Oy,6,2026-07-03,observed_seller_data,9.89,1,8.60288858695652,2026-07-02,True
Helen Oy,6,2026-07-04,observed_seller_data,9.89,1,8.829231929347825,2026-07-03,True
Helen Oy,6,2026-07-05,observed_seller_data,9.89,1,8.829231929347825,2026-07-03,True
Helen Oy,6,2026-07-06,observed_seller_data,9.89,1,8.829231929347825,2026-07-03,True
Helen Oy,6,2026-07-07,observed_seller_data,12.16,1,8.83481804347826,2026-07-06,True
Helen Oy,6,2026-07-08,observed_seller_data,12.16,1,8.888237391304347,2026-07-07,True
Helen Oy,6,2026-07-09,observed_seller_data,12.16,1,9.081084510869564,2026-07-08,True
Helen Oy,6,2026-07-10,observed_seller_data,12.16,1,9.261954565217389,2026-07-09,True
Helen Oy,6,2026-07-11,observed_seller_data,12.16,1,9.247372010869563,2026-07-10,True
Helen Oy,6,2026-07-12,observed_seller_data,12.16,1,9.247372010869563,2026-07-10,True
Helen Oy,6,2026-07-13,observed_seller_data,12.16,1,9.247372010869563,2026-07-10,True
Helen Oy,6,2026-07-14,observed_seller_data,12.16,1,9.484048641304346,2026-07-13,True
Helen Oy,6,2026-07-15,observed_seller_data,12.6,1,9.635098804347825,2026-07-14,True
Helen Oy,6,2026-07-16,observed_seller_data,12.6,1,9.893621983695652,2026-07-15,True
Helen Oy,6,2026-07-17,observed_seller_data,12.6,1,9.821984673913043,2026-07-16,True
Helen Oy,6,2026-07-18,observed_seller_data,12.6,1,10.060427853260867,2026-07-17,True
Helen Oy,6,2026-07-19,observed_seller_data,12.6,1,10.060427853260867,2026-07-17,True
Helen Oy,6,2026-07-20,observed_seller_data,12.6,1,10.060427853260867,2026-07-17,True
Helen Oy,6,2026-07-21,observed_seller_data,13.79,1,10.116848288043478,2026-07-20,True
Helen Oy,6,2026-07-22,observed_seller_data,13.79,1,10.145904266304347,2026-07-21,True
Helen Oy,6,2026-07-23,observed_seller_data,13.79,1,10.487925869565217,2026-07-22,True
Helen Oy,6,2026-07-24,observed_seller_data,13.79,1,10.476433070652174,2026-07-23,True
Helen Oy,6,2026-07-25,observed_seller_data,13.79,1,10.398609429347827,2026-07-24,True
Helen Oy,6,2026-07-26,observed_seller_data,13.79,1,10.398609429347827,2026-07-24,True
Helen Oy,6,2026-07-27,canonical_calculation,13.79,1,10.398609429347827,2026-07-24,True
Helen Oy,6,2026-07-29,canonical_calculation,14.22,1,10.074553423913043,2026-07-28,True
Helen Oy,6,2026-07-30,canonical_calculation,14.22,1,10.453140543478257,2026-07-29,True
Helen Oy,6,2026-07-31,canonical_calculation,14.22,1,10.418491630434781,2026-07-30,True
Helen Oy,6,2026-08-01,canonical_calculation,14.22,1,11.953403508287291,2026-07-31,True
Helen Oy,6,2026-08-02,canonical_calculation,14.22,1,11.953403508287291,2026-07-31,True
Helen Oy,6,2026-08-03,canonical_calculation,14.22,1,11.953403508287291,2026-07-31,True
Helen Oy,6,2026-08-05,canonical_calculation,15.39,1,11.838782486187846,2026-08-04,True
Helen Oy,6,2026-08-06,canonical_calculation,15.39,1,11.559888204419888,2026-08-05,True
Helen Oy,6,2026-08-07,canonical_calculation,15.39,1,11.55857773480663,2026-08-06,True
Helen Oy,6,2026-08-08,canonical_calculation,15.39,1,11.478583618784532,2026-08-07,True
Helen Oy,6,2026-08-09,canonical_calculation,15.39,1,11.478583618784532,2026-08-07,True
Helen Oy,6,2026-08-10,canonical_calculation,15.39,1,11.478583618784532,2026-08-07,True
Helen Oy,6,2026-08-11,canonical_calculation,14.45,1,11.645401546961326,2026-08-10,True
Helen Oy,6,2026-08-12,canonical_calculation,14.45,1,11.571758701657458,2026-08-11,True
Helen Oy,6,2026-08-13,canonical_calculation,14.45,1,11.600921850828728,2026-08-12,True
Helen Oy,6,2026-08-14,canonical_calculation,14.45,1,11.42925726519337,2026-08-13,True
Helen Oy,6,2026-08-15,canonical_calculation,14.45,1,11.314379696132594,2026-08-14,True
Helen Oy,6,2026-08-16,canonical_calculation,14.45,1,11.314379696132594,2026-08-14,True
Helen Oy,6,2026-08-17,canonical_calculation,14.45,1,11.314379696132594,2026-08-14,True
Helen Oy,6,2026-08-18,canonical_calculation,13.99,1,11.569546850828727,2026-08-17,True
Helen Oy,6,2026-08-19,canonical_calculation,13.99,1,11.674093204419888,2026-08-18,True
Helen Oy,6,2026-08-20,canonical_calculation,13.99,1,11.554556187845302,2026-08-19,True
Helen Oy,6,2026-08-21,canonical_calculation,13.99,1,11.415459198895025,2026-08-20,True
Helen Oy,6,2026-08-22,canonical_calculation,13.99,1,11.601920303867402,2026-08-21,True
Helen Oy,6,2026-08-23,canonical_calculation,13.99,1,11.601920303867402,2026-08-21,True
Helen Oy,6,2026-08-24,canonical_calculation,13.99,1,11.601920303867402,2026-08-21,True
Helen Oy,6,2026-08-25,canonical_calculation,14.09,1,11.451798729281766,2026-08-24,True
Helen Oy,6,2026-08-26,canonical_calculation,14.09,1,11.270392292817679,2026-08-25,True
Helen Oy,6,2026-08-27,canonical_calculation,14.09,1,10.910380635359115,2026-08-26,True
Helen Oy,6,2026-08-28,canonical_calculation,14.09,1,11.102617513812154,2026-08-27,True
Helen Oy,6,2026-08-29,canonical_calculation,14.09,1,11.025050193370166,2026-08-28,True
Helen Oy,6,2026-08-30,canonical_calculation,14.09,1,11.025050193370166,2026-08-28,True
Helen Oy,6,2026-08-31,canonical_calculation,14.09,1,11.025050193370166,2026-08-28,True
Helen Oy,6,2026-09-01,canonical_calculation,13.47,1,11.866493901098899,2026-08-31,True
Helen Oy,6,2026-09-02,canonical_calculation,13.47,1,11.862680631868132,2026-09-01,True
Helen Oy,6,2026-09-03,canonical_calculation,13.47,1,12.428430494505495,2026-09-02,True
Helen Oy,6,2026-09-04,canonical_calculation,13.47,1,12.439056620879121,2026-09-03,True
Helen Oy,6,2026-09-05,canonical_calculation,13.47,1,12.411219065934064,2026-09-04,True
Helen Oy,6,2026-09-06,canonical_calculation,13.47,1,12.411219065934064,2026-09-04,True
Helen Oy,6,2026-09-07,canonical_calculation,13.47,1,12.411219065934064,2026-09-04,True
Helen Oy,6,2026-09-08,canonical_calculation,14.56,1,12.888525906593406,2026-09-07,True
Helen Oy,6,2026-09-09,canonical_calculation,14.56,1,13.189960357142855,2026-09-08,True
Helen Oy,6,2026-09-10,canonical_calculation,14.56,1,13.81508137362637,2026-09-09,True
Helen Oy,6,2026-09-11,canonical_calculation,16.18,1,13.937105989010986,2026-09-10,True
Helen Oy,6,2026-09-12,canonical_calculation,16.18,1,13.675272994505493,2026-09-11,True
Helen Oy,6,2026-09-13,canonical_calculation,16.18,1,13.675272994505493,2026-09-11,True
Helen Oy,12,2026-04-08,observed_seller_data,9.27,1,,,False
Helen Oy,12,2026-04-09,observed_seller_data,9.27,1,7.008009397260273,2026-04-08,True
Helen Oy,12,2026-04-10,observed_seller_data,9.27,1,7.001851301369863,2026-04-09,True
Helen Oy,12,2026-04-11,observed_seller_data,9.27,1,6.91596116438356,2026-04-10,True
Helen Oy,12,2026-04-12,observed_seller_data,9.27,1,6.91596116438356,2026-04-10,True
Helen Oy,12,2026-04-13,observed_seller_data,9.27,1,6.91596116438356,2026-04-10,True
Helen Oy,12,2026-04-14,observed_seller_data,9.39,1,6.929934643835616,2026-04-13,True
Helen Oy,12,2026-04-15,observed_seller_data,9.39,1,6.809994465753424,2026-04-14,True
Helen Oy,12,2026-04-16,observed_seller_data,9.39,1,6.761455191780822,2026-04-15,True
Helen Oy,12,2026-04-17,observed_seller_data,9.39,1,6.797176273972602,2026-04-16,True
Helen Oy,12,2026-04-18,observed_seller_data,9.39,1,6.730929465753426,2026-04-17,True
Helen Oy,12,2026-04-19,observed_seller_data,9.39,1,6.730929465753426,2026-04-17,True
Helen Oy,12,2026-04-20,observed_seller_data,9.39,1,6.730929465753426,2026-04-17,True
Helen Oy,12,2026-04-21,observed_seller_data,9.19,1,6.749090863013699,2026-04-20,True
Helen Oy,12,2026-04-22,observed_seller_data,9.19,1,6.839808452054794,2026-04-21,True
Helen Oy,12,2026-04-23,observed_seller_data,9.19,1,6.872737589041094,2026-04-22,True
Helen Oy,12,2026-04-24,observed_seller_data,9.19,1,6.963417356164384,2026-04-23,True
Helen Oy,12,2026-04-25,observed_seller_data,9.19,1,6.8711112465753414,2026-04-24,True
Helen Oy,12,2026-04-26,observed_seller_data,9.19,1,6.8711112465753414,2026-04-24,True
Helen Oy,12,2026-04-27,observed_seller_data,9.19,1,6.8711112465753414,2026-04-24,True
Helen Oy,12,2026-04-28,observed_seller_data,9.19,1,6.778488808219178,2026-04-27,True
Helen Oy,12,2026-04-29,observed_seller_data,9.19,1,6.82226595890411,2026-04-28,True
Helen Oy,12,2026-04-30,observed_seller_data,9.19,1,6.91197610958904,2026-04-29,True
Helen Oy,12,2026-05-01,observed_seller_data,9.19,1,6.984508232876711,2026-04-30,True
Helen Oy,12,2026-05-02,observed_seller_data,9.19,1,6.984508232876711,2026-04-30,True
Helen Oy,12,2026-05-03,observed_seller_data,9.19,1,6.984508232876711,2026-04-30,True
Helen Oy,12,2026-05-04,observed_seller_data,9.19,1,6.984508232876711,2026-04-30,True
Helen Oy,12,2026-05-05,observed_seller_data,9.78,1,7.199113232876712,2026-05-04,True
Helen Oy,12,2026-05-06,observed_seller_data,9.78,1,7.225643589041095,2026-05-05,True
Helen Oy,12,2026-05-07,observed_seller_data,9.78,1,7.098238739726027,2026-05-06,True
Helen Oy,12,2026-05-08,observed_seller_data,9.78,1,7.211415671232878,2026-05-07,True
Helen Oy,12,2026-05-09,observed_seller_data,9.78,1,7.42950716438356,2026-05-08,True
Helen Oy,12,2026-05-10,observed_seller_data,9.78,1,7.42950716438356,2026-05-08,True
Helen Oy,12,2026-05-11,observed_seller_data,9.78,1,7.42950716438356,2026-05-08,True
Helen Oy,12,2026-05-12,observed_seller_data,10.09,1,7.627480835616438,2026-05-11,True
Helen Oy,12,2026-05-13,observed_seller_data,10.09,1,7.662703356164383,2026-05-12,True
Helen Oy,12,2026-05-14,observed_seller_data,10.09,1,7.6846194383561635,2026-05-13,True
Helen Oy,12,2026-05-15,observed_seller_data,10.09,1,7.672966849315067,2026-05-14,True
Helen Oy,12,2026-05-16,observed_seller_data,10.09,1,7.7297306712328755,2026-05-15,True
Helen Oy,12,2026-05-17,observed_seller_data,10.09,1,7.7297306712328755,2026-05-15,True
Helen Oy,12,2026-05-18,observed_seller_data,10.09,1,7.7297306712328755,2026-05-15,True
Helen Oy,12,2026-05-19,observed_seller_data,10.49,1,7.584962123287671,2026-05-18,True
Helen Oy,12,2026-05-20,observed_seller_data,10.49,1,7.514379547945205,2026-05-19,True
Helen Oy,12,2026-05-21,observed_seller_data,10.49,1,7.557534356164381,2026-05-20,True
Helen Oy,12,2026-05-22,observed_seller_data,10.49,1,7.675029863013698,2026-05-21,True
Helen Oy,12,2026-05-23,observed_seller_data,10.49,1,7.630430945205479,2026-05-22,True
Helen Oy,12,2026-05-24,observed_seller_data,10.49,1,7.630430945205479,2026-05-22,True
Helen Oy,12,2026-05-25,observed_seller_data,10.49,1,7.630430945205479,2026-05-22,True
Helen Oy,12,2026-05-26,observed_seller_data,10.39,1,7.405325205479452,2026-05-25,True
Helen Oy,12,2026-05-27,observed_seller_data,10.39,1,7.498484027397259,2026-05-26,True
Helen Oy,12,2026-05-28,observed_seller_data,10.39,1,7.3629646575342464,2026-05-27,True
Helen Oy,12,2026-05-29,observed_seller_data,10.39,1,7.544537369863012,2026-05-28,True
Helen Oy,12,2026-05-30,observed_seller_data,10.39,1,7.758901684931507,2026-05-29,True
Helen Oy,12,2026-05-31,observed_seller_data,10.39,1,7.758901684931507,2026-05-29,True
Helen Oy,12,2026-06-01,observed_seller_data,10.39,1,7.61820415068493,2026-05-29,True
Helen Oy,12,2026-06-02,observed_seller_data,10.39,1,7.859800246575342,2026-06-01,True
Helen Oy,12,2026-06-03,observed_seller_data,10.39,1,7.760411123287669,2026-06-02,True
Helen Oy,12,2026-06-04,observed_seller_data,10.39,1,7.938253219178082,2026-06-03,True
Helen Oy,12,2026-06-05,observed_seller_data,10.39,1,7.809387068493151,2026-06-04,True
Helen Oy,12,2026-06-06,observed_seller_data,10.39,1,7.719044260273972,2026-06-05,True
Helen Oy,12,2026-06-07,observed_seller_data,10.39,1,7.719044260273972,2026-06-05,True
Helen Oy,12,2026-06-08,observed_seller_data,10.39,1,7.719044260273972,2026-06-05,True
Helen Oy,12,2026-06-09,observed_seller_data,10.39,1,7.710300520547945,2026-06-08,True
Helen Oy,12,2026-06-10,observed_seller_data,10.39,1,7.529601150684932,2026-06-09,True
Helen Oy,12,2026-06-11,observed_seller_data,10.39,1,7.565910191780821,2026-06-10,True
Helen Oy,12,2026-06-12,observed_seller_data,10.39,1,7.608071315068491,2026-06-11,True
Helen Oy,12,2026-06-13,observed_seller_data,10.39,1,7.4029114794520545,2026-06-12,True
Helen Oy,12,2026-06-14,observed_seller_data,10.39,1,7.4029114794520545,2026-06-12,True
Helen Oy,12,2026-06-15,observed_seller_data,10.39,1,7.4029114794520545,2026-06-12,True
Helen Oy,12,2026-06-16,observed_seller_data,10.39,1,7.26479615068493,2026-06-15,True
Helen Oy,12,2026-06-17,observed_seller_data,10.39,1,7.301139575342464,2026-06-16,True
Helen Oy,12,2026-06-18,observed_seller_data,10.39,1,7.162126835616437,2026-06-17,True
Helen Oy,12,2026-06-19,observed_seller_data,9.99,1,7.0250842739726025,2026-06-18,True
Helen Oy,12,2026-06-20,observed_seller_data,9.99,1,7.132684191780821,2026-06-19,True
Helen Oy,12,2026-06-21,observed_seller_data,9.99,1,7.132684191780821,2026-06-19,True
Helen Oy,12,2026-06-22,observed_seller_data,9.99,1,7.132684191780821,2026-06-19,True
Helen Oy,12,2026-06-23,observed_seller_data,9.79,1,6.836349465753425,2026-06-22,True
Helen Oy,12,2026-06-24,observed_seller_data,9.79,1,6.874353616438356,2026-06-23,True
Helen Oy,12,2026-06-25,observed_seller_data,9.79,1,6.835799328767123,2026-06-24,True
Helen Oy,12,2026-06-26,observed_seller_data,9.79,1,6.8778641780821905,2026-06-25,True
Helen Oy,12,2026-06-27,observed_seller_data,9.79,1,6.942928191780821,2026-06-26,True
Helen Oy,12,2026-06-28,observed_seller_data,9.79,1,6.942928191780821,2026-06-26,True
Helen Oy,12,2026-06-29,observed_seller_data,9.79,1,6.942928191780821,2026-06-26,True
Helen Oy,12,2026-06-30,observed_seller_data,9.59,1,7.11498009589041,2026-06-29,True
Helen Oy,12,2026-07-01,observed_seller_data,9.59,1,7.291367767123288,2026-06-30,True
Helen Oy,12,2026-07-02,observed_seller_data,9.59,1,7.297343630136985,2026-07-01,True
Helen Oy,12,2026-07-03,observed_seller_data,9.59,1,7.396309835616438,2026-07-02,True
Helen Oy,12,2026-07-04,observed_seller_data,9.59,1,7.537921972602739,2026-07-03,True
Helen Oy,12,2026-07-05,observed_seller_data,9.59,1,7.537921972602739,2026-07-03,True
Helen Oy,12,2026-07-06,observed_seller_data,9.59,1,7.537921972602739,2026-07-03,True
Helen Oy,12,2026-07-07,observed_seller_data,10.18,1,7.517649424657533,2026-07-06,True
Helen Oy,12,2026-07-08,observed_seller_data,10.18,1,7.55255905479452,2026-07-07,True
Helen Oy,12,2026-07-09,observed_seller_data,10.18,1,7.663016246575341,2026-07-08,True
Helen Oy,12,2026-07-10,observed_seller_data,10.18,1,7.752925821917807,2026-07-09,True
Helen Oy,12,2026-07-11,observed_seller_data,10.18,1,7.733756986301369,2026-07-10,True
Helen Oy,12,2026-07-12,observed_seller_data,10.18,1,7.733756986301369,2026-07-10,True
Helen Oy,12,2026-07-13,observed_seller_data,10.18,1,7.733756986301369,2026-07-10,True
Helen Oy,12,2026-07-14,observed_seller_data,10.18,1,7.916333698630135,2026-07-13,True
Helen Oy,12,2026-07-15,observed_seller_data,10.49,1,8.05474128767123,2026-07-14,True
Helen Oy,12,2026-07-16,observed_seller_data,10.49,1,8.242688712328768,2026-07-15,True
Helen Oy,12,2026-07-17,observed_seller_data,10.49,1,8.230231547945204,2026-07-16,True
Helen Oy,12,2026-07-18,observed_seller_data,10.49,1,8.411536068493149,2026-07-17,True
Helen Oy,12,2026-07-19,observed_seller_data,10.49,1,8.411536068493149,2026-07-17,True
Helen Oy,12,2026-07-20,observed_seller_data,10.49,1,8.411536068493149,2026-07-17,True
Helen Oy,12,2026-07-21,observed_seller_data,11.38,1,8.444090424657533,2026-07-20,True
Helen Oy,12,2026-07-22,observed_seller_data,11.38,1,8.482008616438355,2026-07-21,True
Helen Oy,12,2026-07-23,observed_seller_data,11.38,1,8.747336246575342,2026-07-22,True
Helen Oy,12,2026-07-24,observed_seller_data,11.38,1,8.776696369863014,2026-07-23,True
Helen Oy,12,2026-07-25,observed_seller_data,11.38,1,8.763114863013698,2026-07-24,True
Helen Oy,12,2026-07-26,observed_seller_data,11.38,1,8.763114863013698,2026-07-24,True
Helen Oy,12,2026-07-27,canonical_calculation,11.38,1,8.763114863013698,2026-07-24,True
Helen Oy,12,2026-07-29,canonical_calculation,11.7,1,8.490944904109588,2026-07-28,True
Helen Oy,12,2026-07-30,canonical_calculation,11.7,1,8.781259068493151,2026-07-29,True
Helen Oy,12,2026-07-31,canonical_calculation,11.7,1,8.746273794520546,2026-07-30,True
Helen Oy,12,2026-08-01,canonical_calculation,11.7,1,8.888607986301372,2026-07-31,True
Helen Oy,12,2026-08-02,canonical_calculation,11.7,1,8.888607986301372,2026-07-31,True
Helen Oy,12,2026-08-03,canonical_calculation,11.7,1,8.888607986301372,2026-07-31,True
Helen Oy,12,2026-08-05,canonical_calculation,11.65,1,8.838225753424656,2026-08-04,True
Helen Oy,12,2026-08-06,canonical_calculation,11.65,1,8.654765383561644,2026-08-05,True
Helen Oy,12,2026-08-07,canonical_calculation,11.65,1,8.644147739726026,2026-08-06,True
Helen Oy,12,2026-08-08,canonical_calculation,11.65,1,8.630679698630136,2026-08-07,True
Helen Oy,12,2026-08-09,canonical_calculation,11.65,1,8.630679698630136,2026-08-07,True
Helen Oy,12,2026-08-10,canonical_calculation,11.65,1,8.630679698630136,2026-08-07,True
Helen Oy,12,2026-08-11,canonical_calculation,11.19,1,8.748859438356163,2026-08-10,True
Helen Oy,12,2026-08-12,canonical_calculation,11.19,1,8.705082287671232,2026-08-11,True
Helen Oy,12,2026-08-13,canonical_calculation,11.19,1,8.724316452054794,2026-08-12,True
Helen Oy,12,2026-08-14,canonical_calculation,11.19,1,8.579424123287671,2026-08-13,True
Helen Oy,12,2026-08-15,canonical_calculation,11.19,1,8.519703315068492,2026-08-14,True
Helen Oy,12,2026-08-16,canonical_calculation,11.19,1,8.519703315068492,2026-08-14,True
Helen Oy,12,2026-08-17,canonical_calculation,11.19,1,8.519703315068492,2026-08-14,True
Helen Oy,12,2026-08-18,canonical_calculation,10.99,1,8.72096405479452,2026-08-17,True
Helen Oy,12,2026-08-19,canonical_calculation,10.99,1,8.774798397260271,2026-08-18,True
Helen Oy,12,2026-08-20,canonical_calculation,10.99,1,8.702345356164384,2026-08-19,True
Helen Oy,12,2026-08-21,canonical_calculation,10.99,1,8.65210409589041,2026-08-20,True
Helen Oy,12,2026-08-22,canonical_calculation,10.99,1,8.782668794520548,2026-08-21,True
Helen Oy,12,2026-08-23,canonical_calculation,10.99,1,8.782668794520548,2026-08-21,True
Helen Oy,12,2026-08-24,canonical_calculation,10.99,1,8.782668794520548,2026-08-21,True
Helen Oy,12,2026-08-25,canonical_calculation,11.47,1,8.70024108219178,2026-08-24,True
Helen Oy,12,2026-08-26,canonical_calculation,11.47,1,8.494331684931506,2026-08-25,True
Helen Oy,12,2026-08-27,canonical_calculation,11.47,1,8.25278716438356,2026-08-26,True
Helen Oy,12,2026-08-28,canonical_calculation,11.47,1,8.430127260273972,2026-08-27,True
Helen Oy,12,2026-08-29,canonical_calculation,11.47,1,8.376550794520547,2026-08-28,True
Helen Oy,12,2026-08-30,canonical_calculation,11.47,1,8.376550794520547,2026-08-28,True
Helen Oy,12,2026-08-31,canonical_calculation,11.47,1,8.376550794520547,2026-08-28,True
Helen Oy,12,2026-09-01,canonical_calculation,10.99,1,8.194654876712328,2026-08-31,True
Helen Oy,12,2026-09-02,canonical_calculation,10.99,1,8.232160465753424,2026-09-01,True
Helen Oy,12,2026-09-03,canonical_calculation,10.99,1,8.529712369863013,2026-09-02,True
Helen Oy,12,2026-09-04,canonical_calculation,10.99,1,8.541691602739725,2026-09-03,True
Helen Oy,12,2026-09-05,canonical_calculation,10.99,1,8.551384328767123,2026-09-04,True
Helen Oy,12,2026-09-06,canonical_calculation,10.99,1,8.551384328767123,2026-09-04,True
Helen Oy,12,2026-09-07,canonical_calculation,10.99,1,8.551384328767123,2026-09-04,True
Helen Oy,12,2026-09-08,canonical_calculation,11.19,1,8.858608328767124,2026-09-07,True
Helen Oy,12,2026-09-09,canonical_calculation,11.19,1,9.059559616438355,2026-09-08,True
Helen Oy,12,2026-09-10,canonical_calculation,11.19,1,9.442544356164383,2026-09-09,True
Helen Oy,12,2026-09-11,canonical_calculation,12.05,1,9.592642356164383,2026-09-10,True
Helen Oy,12,2026-09-12,canonical_calculation,12.05,1,9.381571986301369,2026-09-11,True
Helen Oy,12,2026-09-13,canonical_calculation,12.05,1,9.381571986301369,2026-09-11,True
Helen Oy,24,2026-04-08,observed_seller_data,8.37,1,,,False
Helen Oy,24,2026-04-09,observed_seller_data,8.37,1,6.314420047879617,2026-04-08,True
Helen Oy,24,2026-04-10,observed_seller_data,8.37,1,6.2962903625171,2026-04-09,True
Helen Oy,24,2026-04-11,observed_seller_data,8.37,1,6.228571867305061,2026-04-10,True
Helen Oy,24,2026-04-12,observed_seller_data,8.37,1,6.228571867305061,2026-04-10,True
Helen Oy,24,2026-04-13,observed_seller_data,8.37,1,6.228571867305061,2026-04-10,True
Helen Oy,24,2026-04-14,observed_seller_data,8.48,1,6.23801269493844,2026-04-13,True
Helen Oy,24,2026-04-15,observed_seller_data,8.48,1,6.177379541723666,2026-04-14,True
Helen Oy,24,2026-04-16,observed_seller_data,8.48,1,6.144708337893295,2026-04-15,True
Helen Oy,24,2026-04-17,observed_seller_data,8.48,1,6.150796203830369,2026-04-16,True
Helen Oy,24,2026-04-18,observed_seller_data,8.48,1,6.103619534883721,2026-04-17,True
Helen Oy,24,2026-04-19,observed_seller_data,8.48,1,6.103619534883721,2026-04-17,True
Helen Oy,24,2026-04-20,observed_seller_data,8.48,1,6.103619534883721,2026-04-17,True
Helen Oy,24,2026-04-21,observed_seller_data,8.48,1,6.087503686730505,2026-04-20,True
Helen Oy,24,2026-04-22,observed_seller_data,8.48,1,6.154380937072504,2026-04-21,True
Helen Oy,24,2026-04-23,observed_seller_data,8.48,1,6.177219876880984,2026-04-22,True
Helen Oy,24,2026-04-24,observed_seller_data,8.48,1,6.256475444596442,2026-04-23,True
Helen Oy,24,2026-04-25,observed_seller_data,8.48,1,6.191047195622435,2026-04-24,True
Helen Oy,24,2026-04-26,observed_seller_data,8.48,1,6.191047195622435,2026-04-24,True
Helen Oy,24,2026-04-27,observed_seller_data,8.48,1,6.191047195622435,2026-04-24,True
Helen Oy,24,2026-04-28,observed_seller_data,8.71,1,6.134817701778386,2026-04-27,True
Helen Oy,24,2026-04-29,observed_seller_data,8.71,1,6.171774103967169,2026-04-28,True
Helen Oy,24,2026-04-30,observed_seller_data,8.71,1,6.239817079343364,2026-04-29,True
Helen Oy,24,2026-05-01,observed_seller_data,8.71,1,6.355381805745553,2026-04-30,True
Helen Oy,24,2026-05-02,observed_seller_data,8.71,1,6.355381805745553,2026-04-30,True
Helen Oy,24,2026-05-03,observed_seller_data,8.71,1,6.355381805745553,2026-04-30,True
Helen Oy,24,2026-05-04,observed_seller_data,8.71,1,6.355381805745553,2026-04-30,True
Helen Oy,24,2026-05-05,observed_seller_data,8.68,1,6.476608625170997,2026-05-04,True
Helen Oy,24,2026-05-06,observed_seller_data,8.68,1,6.494082482900137,2026-05-05,True
Helen Oy,24,2026-05-07,observed_seller_data,8.68,1,6.3717053898768805,2026-05-06,True
Helen Oy,24,2026-05-08,observed_seller_data,8.68,1,6.408783686730506,2026-05-07,True
Helen Oy,24,2026-05-09,observed_seller_data,8.68,1,6.537145636114911,2026-05-08,True
Helen Oy,24,2026-05-10,observed_seller_data,8.68,1,6.537145636114911,2026-05-08,True
Helen Oy,24,2026-05-11,observed_seller_data,8.68,1,6.537145636114911,2026-05-08,True
Helen Oy,24,2026-05-12,observed_seller_data,8.89,1,6.665234610123119,2026-05-11,True
Helen Oy,24,2026-05-13,observed_seller_data,8.89,1,6.70606760601915,2026-05-12,True
Helen Oy,24,2026-05-14,observed_seller_data,8.89,1,6.721105287277702,2026-05-13,True
Helen Oy,24,2026-05-15,observed_seller_data,8.89,1,6.717319685362518,2026-05-14,True
Helen Oy,24,2026-05-16,observed_seller_data,8.89,1,6.7470001778385775,2026-05-15,True
Helen Oy,24,2026-05-17,observed_seller_data,8.89,1,6.7470001778385775,2026-05-15,True
Helen Oy,24,2026-05-18,observed_seller_data,8.89,1,6.7470001778385775,2026-05-15,True
Helen Oy,24,2026-05-19,observed_seller_data,9.09,1,6.650742879616962,2026-05-18,True
Helen Oy,24,2026-05-20,observed_seller_data,9.09,1,6.6187309370725025,2026-05-19,True
Helen Oy,24,2026-05-21,observed_seller_data,9.09,1,6.6317977017783845,2026-05-20,True
Helen Oy,24,2026-05-22,observed_seller_data,9.09,1,6.702566997264021,2026-05-21,True
Helen Oy,24,2026-05-23,observed_seller_data,9.09,1,6.6722512790697674,2026-05-22,True
Helen Oy,24,2026-05-24,observed_seller_data,9.09,1,6.6722512790697674,2026-05-22,True
Helen Oy,24,2026-05-25,observed_seller_data,9.09,1,6.6722512790697674,2026-05-22,True
Helen Oy,24,2026-05-26,observed_seller_data,9.14,1,6.515872441860465,2026-05-25,True
Helen Oy,24,2026-05-27,observed_seller_data,9.14,1,6.584854521203829,2026-05-26,True
Helen Oy,24,2026-05-28,observed_seller_data,9.14,1,6.484572982216141,2026-05-27,True
Helen Oy,24,2026-05-29,observed_seller_data,9.14,1,6.595828474692201,2026-05-28,True
Helen Oy,24,2026-05-30,observed_seller_data,9.14,1,6.705398043775649,2026-05-29,True
Helen Oy,24,2026-05-31,observed_seller_data,9.14,1,6.705398043775649,2026-05-29,True
Helen Oy,24,2026-06-01,observed_seller_data,9.14,1,6.692830875512995,2026-05-29,True
Helen Oy,24,2026-06-02,observed_seller_data,8.89,1,6.863023296853624,2026-06-01,True
Helen Oy,24,2026-06-03,observed_seller_data,8.89,1,6.804407414500683,2026-06-02,True
Helen Oy,24,2026-06-04,observed_seller_data,8.89,1,6.924890848153214,2026-06-03,True
Helen Oy,24,2026-06-05,observed_seller_data,8.89,1,6.841681429548563,2026-06-04,True
Helen Oy,24,2026-06-06,observed_seller_data,8.89,1,6.780177845417237,2026-06-05,True
Helen Oy,24,2026-06-07,observed_seller_data,8.89,1,6.780177845417237,2026-06-05,True
Helen Oy,24,2026-06-08,observed_seller_data,8.89,1,6.780177845417237,2026-06-05,True
Helen Oy,24,2026-06-09,observed_seller_data,8.99,1,6.7652792270861815,2026-06-08,True
Helen Oy,24,2026-06-10,observed_seller_data,8.99,1,6.654351648426812,2026-06-09,True
Helen Oy,24,2026-06-11,observed_seller_data,8.99,1,6.690471956224349,2026-06-10,True
Helen Oy,24,2026-06-12,observed_seller_data,8.99,1,6.73640049247606,2026-06-11,True
Helen Oy,24,2026-06-13,observed_seller_data,8.99,1,6.603004808481531,2026-06-12,True
Helen Oy,24,2026-06-14,observed_seller_data,8.99,1,6.603004808481531,2026-06-12,True
Helen Oy,24,2026-06-15,observed_seller_data,8.99,1,6.603004808481531,2026-06-12,True
Helen Oy,24,2026-06-16,observed_seller_data,8.99,1,6.537957694938441,2026-06-15,True
Helen Oy,24,2026-06-17,observed_seller_data,8.99,1,6.571571436388509,2026-06-16,True
Helen Oy,24,2026-06-18,observed_seller_data,8.99,1,6.488619541723665,2026-06-17,True
Helen Oy,24,2026-06-19,observed_seller_data,8.95,1,6.392096135430917,2026-06-18,True
Helen Oy,24,2026-06-20,observed_seller_data,8.95,1,6.448359965800273,2026-06-19,True
Helen Oy,24,2026-06-21,observed_seller_data,8.95,1,6.448359965800273,2026-06-19,True
Helen Oy,24,2026-06-22,observed_seller_data,8.95,1,6.448359965800273,2026-06-19,True
Helen Oy,24,2026-06-23,observed_seller_data,8.79,1,6.2601099658002735,2026-06-22,True
Helen Oy,24,2026-06-24,observed_seller_data,8.79,1,6.329272311901504,2026-06-23,True
Helen Oy,24,2026-06-25,observed_seller_data,8.79,1,6.319347339261285,2026-06-24,True
Helen Oy,24,2026-06-26,observed_seller_data,8.79,1,6.360398372093023,2026-06-25,True
Helen Oy,24,2026-06-27,observed_seller_data,8.79,1,6.398996060191518,2026-06-26,True
Helen Oy,24,2026-06-28,observed_seller_data,8.79,1,6.398996060191518,2026-06-26,True
Helen Oy,24,2026-06-29,observed_seller_data,8.79,1,6.398996060191518,2026-06-26,True
Helen Oy,24,2026-06-30,observed_seller_data,8.79,1,6.356499459644321,2026-06-29,True
Helen Oy,24,2026-07-01,observed_seller_data,8.79,1,6.578045588235293,2026-06-30,True
Helen Oy,24,2026-07-02,observed_seller_data,8.79,1,6.6284910943912445,2026-07-01,True
Helen Oy,24,2026-07-03,observed_seller_data,8.79,1,6.720432291381669,2026-07-02,True
Helen Oy,24,2026-07-04,observed_seller_data,8.79,1,6.790317421340628,2026-07-03,True
Helen Oy,24,2026-07-05,observed_seller_data,8.79,1,6.790317421340628,2026-07-03,True
Helen Oy,24,2026-07-06,observed_seller_data,8.79,1,6.790317421340628,2026-07-03,True
Helen Oy,24,2026-07-07,observed_seller_data,9.3,1,6.748586525307798,2026-07-06,True
Helen Oy,24,2026-07-08,observed_seller_data,9.3,1,6.768290540355675,2026-07-07,True
Helen Oy,24,2026-07-09,observed_seller_data,9.3,1,6.846610437756497,2026-07-08,True
Helen Oy,24,2026-07-10,observed_seller_data,9.3,1,6.866929076607387,2026-07-09,True
Helen Oy,24,2026-07-11,observed_seller_data,9.3,1,6.839267571819425,2026-07-10,True
Helen Oy,24,2026-07-12,observed_seller_data,9.3,1,6.839267571819425,2026-07-10,True
Helen Oy,24,2026-07-13,observed_seller_data,9.3,1,6.839267571819425,2026-07-10,True
Helen Oy,24,2026-07-14,observed_seller_data,9.3,1,6.9581303214774275,2026-07-13,True
Helen Oy,24,2026-07-15,observed_seller_data,9.39,1,7.056428926128589,2026-07-14,True
Helen Oy,24,2026-07-16,observed_seller_data,9.39,1,7.151063823529411,2026-07-15,True
Helen Oy,24,2026-07-17,observed_seller_data,9.39,1,7.151930820793433,2026-07-16,True
Helen Oy,24,2026-07-18,observed_seller_data,9.39,1,7.250301532147743,2026-07-17,True
Helen Oy,24,2026-07-19,observed_seller_data,9.39,1,7.250301532147743,2026-07-17,True
Helen Oy,24,2026-07-20,observed_seller_data,9.39,1,7.250301532147743,2026-07-17,True
Helen Oy,24,2026-07-21,observed_seller_data,9.89,1,7.25315146374829,2026-07-20,True
Helen Oy,24,2026-07-22,observed_seller_data,9.89,1,7.284062920656635,2026-07-21,True
Helen Oy,24,2026-07-23,observed_seller_data,9.89,1,7.422411648426812,2026-07-22,True
Helen Oy,24,2026-07-24,observed_seller_data,9.89,1,7.446412879616962,2026-07-23,True
Helen Oy,24,2026-07-25,observed_seller_data,9.89,1,7.456499233926127,2026-07-24,True
Helen Oy,24,2026-07-26,observed_seller_data,9.89,1,7.456499233926127,2026-07-24,True
Helen Oy,24,2026-07-27,canonical_calculation,9.89,1,7.456499233926127,2026-07-24,True
Helen Oy,24,2026-07-29,canonical_calculation,10.2,1,7.273444350205198,2026-07-28,True
Helen Oy,24,2026-07-30,canonical_calculation,10.2,1,7.420560909712721,2026-07-29,True
Helen Oy,24,2026-07-31,canonical_calculation,10.2,1,7.412508994528044,2026-07-30,True
Helen Oy,24,2026-08-01,canonical_calculation,10.2,1,7.608965424076606,2026-07-31,True
Helen Oy,24,2026-08-02,canonical_calculation,10.2,1,7.608965424076606,2026-07-31,True
Helen Oy,24,2026-08-03,canonical_calculation,10.2,1,7.608965424076606,2026-07-31,True
Helen Oy,24,2026-08-05,canonical_calculation,10.19,1,7.585975403556771,2026-08-04,True
Helen Oy,24,2026-08-06,canonical_calculation,10.19,1,7.4775578248974,2026-08-05,True
Helen Oy,24,2026-08-07,canonical_calculation,10.19,1,7.496314151846784,2026-08-06,True
Helen Oy,24,2026-08-08,canonical_calculation,10.19,1,7.491129336525306,2026-08-07,True
Helen Oy,24,2026-08-09,canonical_calculation,10.19,1,7.491129336525306,2026-08-07,True
Helen Oy,24,2026-08-10,canonical_calculation,10.19,1,7.491129336525306,2026-08-07,True
Helen Oy,24,2026-08-11,canonical_calculation,9.89,1,7.565430143638851,2026-08-10,True
Helen Oy,24,2026-08-12,canonical_calculation,9.89,1,7.543820451436388,2026-08-11,True
Helen Oy,24,2026-08-13,canonical_calculation,9.89,1,7.565919439124487,2026-08-12,True
Helen Oy,24,2026-08-14,canonical_calculation,9.89,1,7.4593920861833105,2026-08-13,True
Helen Oy,24,2026-08-15,canonical_calculation,9.89,1,7.408258132694938,2026-08-14,True
Helen Oy,24,2026-08-16,canonical_calculation,9.89,1,7.408258132694938,2026-08-14,True
Helen Oy,24,2026-08-17,canonical_calculation,9.89,1,7.408258132694938,2026-08-14,True
Helen Oy,24,2026-08-18,canonical_calculation,9.89,1,7.543262482900136,2026-08-17,True
Helen Oy,24,2026-08-19,canonical_calculation,9.89,1,7.569327339261285,2026-08-18,True
Helen Oy,24,2026-08-20,canonical_calculation,9.89,1,7.525651279069766,2026-08-19,True
Helen Oy,24,2026-08-21,canonical_calculation,9.89,1,7.518734186046511,2026-08-20,True
Helen Oy,24,2026-08-22,canonical_calculation,9.89,1,7.600690321477427,2026-08-21,True
Helen Oy,24,2026-08-23,canonical_calculation,9.89,1,7.600690321477427,2026-08-21,True
Helen Oy,24,2026-08-24,canonical_calculation,9.89,1,7.600690321477427,2026-08-21,True
Helen Oy,24,2026-08-25,canonical_calculation,9.99,1,7.572352387140903,2026-08-24,True
Helen Oy,24,2026-08-26,canonical_calculation,9.99,1,7.385951409028726,2026-08-25,True
Helen Oy,24,2026-08-27,canonical_calculation,9.99,1,7.248811326949384,2026-08-26,True
Helen Oy,24,2026-08-28,canonical_calculation,9.99,1,7.380433529411764,2026-08-27,True
Helen Oy,24,2026-08-29,canonical_calculation,9.99,1,7.362903016415868,2026-08-28,True
Helen Oy,24,2026-08-30,canonical_calculation,9.99,1,7.362903016415868,2026-08-28,True
Helen Oy,24,2026-08-31,canonical_calculation,9.99,1,7.362903016415868,2026-08-28,True
Helen Oy,24,2026-09-01,canonical_calculation,9.69,1,7.3933217441860455,2026-08-31,True
Helen Oy,24,2026-09-02,canonical_calculation,9.69,1,7.452802906976744,2026-09-01,True
Helen Oy,24,2026-09-03,canonical_calculation,9.69,1,7.658533632010943,2026-09-02,True
Helen Oy,24,2026-09-04,canonical_calculation,9.69,1,7.687525677154583,2026-09-03,True
Helen Oy,24,2026-09-05,canonical_calculation,9.69,1,7.69683602599179,2026-09-04,True
Helen Oy,24,2026-09-06,canonical_calculation,9.69,1,7.69683602599179,2026-09-04,True
Helen Oy,24,2026-09-07,canonical_calculation,9.69,1,7.69683602599179,2026-09-04,True
Helen Oy,24,2026-09-08,canonical_calculation,9.89,1,7.916026668946647,2026-09-07,True
Helen Oy,24,2026-09-09,canonical_calculation,9.89,1,8.065436908344731,2026-09-08,True
Helen Oy,24,2026-09-10,canonical_calculation,9.89,1,8.37942211354309,2026-09-09,True
Helen Oy,24,2026-09-11,canonical_calculation,10.62,1,8.510666614227084,2026-09-10,True
Helen Oy,24,2026-09-12,canonical_calculation,10.62,1,8.336777865937071,2026-09-11,True
Helen Oy,24,2026-09-13,canonical_calculation,10.62,1,8.336777865937071,2026-09-11,True
Imatran Seudun Sähkö Oy,6,2026-04-08,observed_seller_data,8.38,1,,,False
Imatran Seudun Sähkö Oy,6,2026-04-09,observed_seller_data,8.38,1,5.674571168478261,2026-04-08,True
Imatran Seudun Sähkö Oy,6,2026-04-10,observed_seller_data,8.38,1,5.6259399184782595,2026-04-09,True
Imatran Seudun Sähkö Oy,6,2026-04-11,observed_seller_data,8.38,1,5.571442907608695,2026-04-10,True
Imatran Seudun Sähkö Oy,6,2026-04-12,observed_seller_data,8.38,1,5.571442907608695,2026-04-10,True
Imatran Seudun Sähkö Oy,6,2026-04-13,observed_seller_data,8.38,1,5.571442907608695,2026-04-10,True
Imatran Seudun Sähkö Oy,6,2026-04-14,observed_seller_data,8.38,1,5.563196739130434,2026-04-13,True
Imatran Seudun Sähkö Oy,6,2026-04-15,observed_seller_data,8.38,1,5.412678586956522,2026-04-14,True
Imatran Seudun Sähkö Oy,6,2026-04-16,observed_seller_data,8.38,1,5.3783638858695655,2026-04-15,True
Imatran Seudun Sähkö Oy,6,2026-04-17,observed_seller_data,8.38,1,5.434354619565217,2026-04-16,True
Imatran Seudun Sähkö Oy,6,2026-04-18,observed_seller_data,8.38,1,5.393219266304348,2026-04-17,True
Imatran Seudun Sähkö Oy,6,2026-04-19,observed_seller_data,8.38,1,5.393219266304348,2026-04-17,True
Imatran Seudun Sähkö Oy,6,2026-04-20,observed_seller_data,8.38,1,5.393219266304348,2026-04-17,True
Imatran Seudun Sähkö Oy,6,2026-04-21,observed_seller_data,8.38,1,5.466534456521739,2026-04-20,True
Imatran Seudun Sähkö Oy,6,2026-04-22,observed_seller_data,8.38,1,5.530171141304348,2026-04-21,True
Imatran Seudun Sähkö Oy,6,2026-04-23,observed_seller_data,8.38,1,5.561593885869565,2026-04-22,True
Imatran Seudun Sähkö Oy,6,2026-04-24,observed_seller_data,8.38,1,5.632699184782608,2026-04-23,True
Imatran Seudun Sähkö Oy,6,2026-04-25,observed_seller_data,8.38,1,5.489342717391304,2026-04-24,True
Imatran Seudun Sähkö Oy,6,2026-04-26,observed_seller_data,8.38,1,5.489342717391304,2026-04-24,True
Imatran Seudun Sähkö Oy,6,2026-04-27,observed_seller_data,8.38,1,5.489342717391304,2026-04-24,True
Imatran Seudun Sähkö Oy,6,2026-04-28,observed_seller_data,8.38,1,5.378875434782609,2026-04-27,True
Imatran Seudun Sähkö Oy,6,2026-04-29,observed_seller_data,8.13,1,5.458874864130435,2026-04-28,True
Imatran Seudun Sähkö Oy,6,2026-04-30,observed_seller_data,8.13,1,5.601869836956521,2026-04-29,True
Imatran Seudun Sähkö Oy,6,2026-05-01,observed_seller_data,8.13,1,6.441215491803279,2026-04-30,True
Imatran Seudun Sähkö Oy,6,2026-05-02,observed_seller_data,8.13,1,6.441215491803279,2026-04-30,True
Imatran Seudun Sähkö Oy,6,2026-05-03,observed_seller_data,8.13,1,6.441215491803279,2026-04-30,True
Imatran Seudun Sähkö Oy,6,2026-05-04,observed_seller_data,8.13,1,6.441215491803279,2026-04-30,True
Imatran Seudun Sähkö Oy,6,2026-05-05,observed_seller_data,8.13,1,6.770018633879781,2026-05-04,True
Imatran Seudun Sähkö Oy,6,2026-05-06,observed_seller_data,8.13,1,6.7423194808743165,2026-05-05,True
Imatran Seudun Sähkö Oy,6,2026-05-07,observed_seller_data,8.13,1,6.660545601092896,2026-05-06,True
Imatran Seudun Sähkö Oy,6,2026-05-08,observed_seller_data,8.13,1,6.847012540983606,2026-05-07,True
Imatran Seudun Sähkö Oy,6,2026-05-09,observed_seller_data,8.13,1,7.107675355191256,2026-05-08,True
Imatran Seudun Sähkö Oy,6,2026-05-10,observed_seller_data,8.13,1,7.107675355191256,2026-05-08,True
Imatran Seudun Sähkö Oy,6,2026-05-11,observed_seller_data,8.13,1,7.107675355191256,2026-05-08,True
Imatran Seudun Sähkö Oy,6,2026-05-12,observed_seller_data,8.13,1,7.366465956284151,2026-05-11,True
Imatran Seudun Sähkö Oy,6,2026-05-13,observed_seller_data,8.13,1,7.396359644808744,2026-05-12,True
Imatran Seudun Sähkö Oy,6,2026-05-14,observed_seller_data,9.99,1,7.428221557377048,2026-05-13,True
Imatran Seudun Sähkö Oy,6,2026-05-15,observed_seller_data,9.99,1,7.398444453551912,2026-05-14,True
Imatran Seudun Sähkö Oy,6,2026-05-16,observed_seller_data,9.99,1,7.479093633879781,2026-05-15,True
Imatran Seudun Sähkö Oy,6,2026-05-17,observed_seller_data,9.99,1,7.479093633879781,2026-05-15,True
Imatran Seudun Sähkö Oy,6,2026-05-18,observed_seller_data,9.99,1,7.479093633879781,2026-05-15,True
Imatran Seudun Sähkö Oy,6,2026-05-19,observed_seller_data,9.99,1,7.228169071038252,2026-05-18,True
Imatran Seudun Sähkö Oy,6,2026-05-20,observed_seller_data,9.99,1,7.127330163934426,2026-05-19,True
Imatran Seudun Sähkö Oy,6,2026-05-21,observed_seller_data,9.99,1,7.172736475409835,2026-05-20,True
Imatran Seudun Sähkö Oy,6,2026-05-22,observed_seller_data,9.99,1,7.28672887978142,2026-05-21,True
Imatran Seudun Sähkö Oy,6,2026-05-23,observed_seller_data,10.19,1,7.243229071038251,2026-05-22,True
Imatran Seudun Sähkö Oy,6,2026-05-24,observed_seller_data,10.19,1,7.243229071038251,2026-05-22,True
Imatran Seudun Sähkö Oy,6,2026-05-25,observed_seller_data,10.19,1,7.243229071038251,2026-05-22,True
Imatran Seudun Sähkö Oy,6,2026-05-26,observed_seller_data,10.19,1,6.942173087431693,2026-05-25,True
Imatran Seudun Sähkö Oy,6,2026-05-27,observed_seller_data,10.19,1,7.076855846994536,2026-05-26,True
Imatran Seudun Sähkö Oy,6,2026-05-28,observed_seller_data,10.19,1,6.931831338797814,2026-05-27,True
Imatran Seudun Sähkö Oy,6,2026-05-29,observed_seller_data,10.19,1,7.196656912568304,2026-05-28,True
Imatran Seudun Sähkö Oy,6,2026-05-30,observed_seller_data,10.19,1,7.456805382513661,2026-05-29,True
Imatran Seudun Sähkö Oy,6,2026-05-31,observed_seller_data,10.19,1,7.456805382513661,2026-05-29,True
Imatran Seudun Sähkö Oy,6,2026-06-01,observed_seller_data,10.19,1,8.027859864130434,2026-05-29,True
Imatran Seudun Sähkö Oy,6,2026-06-02,observed_seller_data,10.19,1,8.316530326086957,2026-06-01,True
Imatran Seudun Sähkö Oy,6,2026-06-03,observed_seller_data,10.59,1,8.12564073369565,2026-06-02,True
Imatran Seudun Sähkö Oy,6,2026-06-04,observed_seller_data,10.59,1,8.344590489130434,2026-06-03,True
Imatran Seudun Sähkö Oy,6,2026-06-05,observed_seller_data,10.59,1,8.148851413043477,2026-06-04,True
Imatran Seudun Sähkö Oy,6,2026-06-06,observed_seller_data,10.59,1,8.002125543478261,2026-06-05,True
Imatran Seudun Sähkö Oy,6,2026-06-07,observed_seller_data,10.59,1,8.002125543478261,2026-06-05,True
Imatran Seudun Sähkö Oy,6,2026-06-08,observed_seller_data,10.59,1,8.002125543478261,2026-06-05,True
Imatran Seudun Sähkö Oy,6,2026-06-09,observed_seller_data,10.59,1,8.021243831521739,2026-06-08,True
Imatran Seudun Sähkö Oy,6,2026-06-10,observed_seller_data,10.59,1,7.776116413043478,2026-06-09,True
Imatran Seudun Sähkö Oy,6,2026-06-11,observed_seller_data,10.59,1,7.787288641304348,2026-06-10,True
Imatran Seudun Sähkö Oy,6,2026-06-12,observed_seller_data,11.68,1,7.798379021739129,2026-06-11,True
Imatran Seudun Sähkö Oy,6,2026-06-13,observed_seller_data,11.68,1,7.557739592391304,2026-06-12,True
Imatran Seudun Sähkö Oy,6,2026-06-14,observed_seller_data,11.68,1,7.557739592391304,2026-06-12,True
Imatran Seudun Sähkö Oy,6,2026-06-15,observed_seller_data,11.68,1,7.557739592391304,2026-06-12,True
Imatran Seudun Sähkö Oy,6,2026-06-16,observed_seller_data,11.68,1,7.4405744293478255,2026-06-15,True
Imatran Seudun Sähkö Oy,6,2026-06-17,observed_seller_data,11.68,1,7.485686222826087,2026-06-16,True
Imatran Seudun Sähkö Oy,6,2026-06-18,observed_seller_data,11.68,1,7.333497010869565,2026-06-17,True
Imatran Seudun Sähkö Oy,6,2026-06-19,observed_seller_data,11.68,1,7.184213396739131,2026-06-18,True
Imatran Seudun Sähkö Oy,6,2026-06-20,observed_seller_data,11.68,1,7.332889972826087,2026-06-19,True
Imatran Seudun Sähkö Oy,6,2026-06-21,observed_seller_data,11.68,1,7.332889972826087,2026-06-19,True
Imatran Seudun Sähkö Oy,6,2026-06-22,observed_seller_data,11.68,1,7.332889972826087,2026-06-19,True
Imatran Seudun Sähkö Oy,6,2026-06-23,observed_seller_data,11.68,1,6.920779347826087,2026-06-22,True
Imatran Seudun Sähkö Oy,6,2026-06-24,observed_seller_data,11.68,1,6.979552907608695,2026-06-23,True
Imatran Seudun Sähkö Oy,6,2026-06-25,observed_seller_data,11.68,1,6.916189048913043,2026-06-24,True
Imatran Seudun Sähkö Oy,6,2026-06-26,observed_seller_data,11.68,1,6.9198994836956516,2026-06-25,True
Imatran Seudun Sähkö Oy,6,2026-06-27,observed_seller_data,11.68,1,7.021247554347825,2026-06-26,True
Imatran Seudun Sähkö Oy,6,2026-06-28,observed_seller_data,11.68,1,7.021247554347825,2026-06-26,True
Imatran Seudun Sähkö Oy,6,2026-06-29,observed_seller_data,11.68,1,7.021247554347825,2026-06-26,True
Imatran Seudun Sähkö Oy,6,2026-06-30,observed_seller_data,11.68,1,7.20875410326087,2026-06-29,True
Imatran Seudun Sähkö Oy,6,2026-07-01,observed_seller_data,11.68,1,8.389504483695651,2026-06-30,True
Imatran Seudun Sähkö Oy,6,2026-07-02,observed_seller_data,11.68,1,8.399762744565216,2026-07-01,True
Imatran Seudun Sähkö Oy,6,2026-07-03,observed_seller_data,11.68,1,8.60288858695652,2026-07-02,True
Imatran Seudun Sähkö Oy,6,2026-07-04,observed_seller_data,11.68,1,8.829231929347825,2026-07-03,True
Imatran Seudun Sähkö Oy,6,2026-07-05,observed_seller_data,11.68,1,8.829231929347825,2026-07-03,True
Imatran Seudun Sähkö Oy,6,2026-07-06,observed_seller_data,11.68,1,8.829231929347825,2026-07-03,True
Imatran Seudun Sähkö Oy,6,2026-07-07,observed_seller_data,11.68,1,8.83481804347826,2026-07-06,True
Imatran Seudun Sähkö Oy,6,2026-07-08,observed_seller_data,11.68,1,8.888237391304347,2026-07-07,True
Imatran Seudun Sähkö Oy,6,2026-07-09,observed_seller_data,11.68,1,9.081084510869564,2026-07-08,True
Imatran Seudun Sähkö Oy,6,2026-07-10,observed_seller_data,11.68,1,9.261954565217389,2026-07-09,True
Imatran Seudun Sähkö Oy,6,2026-07-11,observed_seller_data,11.68,1,9.247372010869563,2026-07-10,True
Imatran Seudun Sähkö Oy,6,2026-07-12,observed_seller_data,11.68,1,9.247372010869563,2026-07-10,True
Imatran Seudun Sähkö Oy,6,2026-07-13,observed_seller_data,11.68,1,9.247372010869563,2026-07-10,True
Imatran Seudun Sähkö Oy,6,2026-07-14,observed_seller_data,11.68,1,9.484048641304346,2026-07-13,True
Imatran Seudun Sähkö Oy,6,2026-07-15,observed_seller_data,11.68,1,9.635098804347825,2026-07-14,True
Imatran Seudun Sähkö Oy,6,2026-07-16,observed_seller_data,11.68,1,9.893621983695652,2026-07-15,True
Imatran Seudun Sähkö Oy,6,2026-07-17,observed_seller_data,12.33,1,9.821984673913043,2026-07-16,True
Imatran Seudun Sähkö Oy,6,2026-07-18,observed_seller_data,12.33,1,10.060427853260867,2026-07-17,True
Imatran Seudun Sähkö Oy,6,2026-07-19,observed_seller_data,12.33,1,10.060427853260867,2026-07-17,True
Imatran Seudun Sähkö Oy,6,2026-07-20,observed_seller_data,12.33,1,10.060427853260867,2026-07-17,True
Imatran Seudun Sähkö Oy,6,2026-07-21,observed_seller_data,12.33,1,10.116848288043478,2026-07-20,True
Imatran Seudun Sähkö Oy,6,2026-07-22,observed_seller_data,12.33,1,10.145904266304347,2026-07-21,True
Imatran Seudun Sähkö Oy,6,2026-07-23,observed_seller_data,12.99,1,10.487925869565217,2026-07-22,True
Imatran Seudun Sähkö Oy,6,2026-07-24,observed_seller_data,12.99,1,10.476433070652174,2026-07-23,True
Imatran Seudun Sähkö Oy,6,2026-07-25,observed_seller_data,12.99,1,10.398609429347827,2026-07-24,True
Imatran Seudun Sähkö Oy,6,2026-07-26,observed_seller_data,12.99,1,10.398609429347827,2026-07-24,True
Imatran Seudun Sähkö Oy,6,2026-07-27,canonical_calculation,12.99,1,10.398609429347827,2026-07-24,True
Imatran Seudun Sähkö Oy,6,2026-07-28,canonical_calculation,12.99,1,10.149839782608694,2026-07-27,True
Imatran Seudun Sähkö Oy,6,2026-07-29,canonical_calculation,12.99,1,10.074553423913043,2026-07-28,True
Imatran Seudun Sähkö Oy,6,2026-07-31,canonical_calculation,13.99,1,10.418491630434781,2026-07-30,True
Imatran Seudun Sähkö Oy,6,2026-08-01,canonical_calculation,13.99,1,11.953403508287291,2026-07-31,True
Imatran Seudun Sähkö Oy,6,2026-08-02,canonical_calculation,13.99,1,11.953403508287291,2026-07-31,True
Imatran Seudun Sähkö Oy,6,2026-08-03,canonical_calculation,13.99,1,11.953403508287291,2026-07-31,True
Imatran Seudun Sähkö Oy,6,2026-08-04,canonical_calculation,13.99,1,11.636949364640882,2026-08-03,True
Imatran Seudun Sähkö Oy,6,2026-08-05,canonical_calculation,14.49,1,11.838782486187846,2026-08-04,True
Imatran Seudun Sähkö Oy,6,2026-08-06,canonical_calculation,14.49,1,11.559888204419888,2026-08-05,True
Imatran Seudun Sähkö Oy,6,2026-08-07,canonical_calculation,14.49,1,11.55857773480663,2026-08-06,True
Imatran Seudun Sähkö Oy,6,2026-08-08,canonical_calculation,14.49,1,11.478583618784532,2026-08-07,True
Imatran Seudun Sähkö Oy,6,2026-08-09,canonical_calculation,14.49,1,11.478583618784532,2026-08-07,True
Imatran Seudun Sähkö Oy,6,2026-08-10,canonical_calculation,14.49,1,11.478583618784532,2026-08-07,True
Imatran Seudun Sähkö Oy,6,2026-08-11,canonical_calculation,14.49,1,11.645401546961326,2026-08-10,True
Imatran Seudun Sähkö Oy,6,2026-08-12,canonical_calculation,14.95,1,11.571758701657458,2026-08-11,True
Imatran Seudun Sähkö Oy,6,2026-08-13,canonical_calculation,14.95,1,11.600921850828728,2026-08-12,True
Imatran Seudun Sähkö Oy,6,2026-08-14,canonical_calculation,14.95,1,11.42925726519337,2026-08-13,True
Imatran Seudun Sähkö Oy,6,2026-08-15,canonical_calculation,14.95,1,11.314379696132594,2026-08-14,True
Imatran Seudun Sähkö Oy,6,2026-08-16,canonical_calculation,14.95,1,11.314379696132594,2026-08-14,True
Imatran Seudun Sähkö Oy,6,2026-08-17,canonical_calculation,14.95,1,11.314379696132594,2026-08-14,True
Imatran Seudun Sähkö Oy,6,2026-08-18,canonical_calculation,14.55,1,11.569546850828727,2026-08-17,True
Imatran Seudun Sähkö Oy,6,2026-08-19,canonical_calculation,14.69,1,11.674093204419888,2026-08-18,True
Imatran Seudun Sähkö Oy,6,2026-08-20,canonical_calculation,14.69,1,11.554556187845302,2026-08-19,True
Imatran Seudun Sähkö Oy,6,2026-08-21,canonical_calculation,14.69,1,11.415459198895025,2026-08-20,True
Imatran Seudun Sähkö Oy,6,2026-08-22,canonical_calculation,14.69,1,11.601920303867402,2026-08-21,True
Imatran Seudun Sähkö Oy,6,2026-08-23,canonical_calculation,14.69,1,11.601920303867402,2026-08-21,True
Imatran Seudun Sähkö Oy,6,2026-08-24,canonical_calculation,14.69,1,11.601920303867402,2026-08-21,True
Imatran Seudun Sähkö Oy,6,2026-08-25,canonical_calculation,14.69,1,11.451798729281766,2026-08-24,True
Imatran Seudun Sähkö Oy,6,2026-08-26,canonical_calculation,14.69,1,11.270392292817679,2026-08-25,True
Imatran Seudun Sähkö Oy,6,2026-08-27,canonical_calculation,13.95,1,10.910380635359115,2026-08-26,True
Imatran Seudun Sähkö Oy,6,2026-08-28,canonical_calculation,13.95,1,11.102617513812154,2026-08-27,True
Imatran Seudun Sähkö Oy,6,2026-08-29,canonical_calculation,13.95,1,11.025050193370166,2026-08-28,True
Imatran Seudun Sähkö Oy,6,2026-08-30,canonical_calculation,13.95,1,11.025050193370166,2026-08-28,True
Imatran Seudun Sähkö Oy,6,2026-08-31,canonical_calculation,14.1,1,11.025050193370166,2026-08-28,True
Imatran Seudun Sähkö Oy,6,2026-09-01,canonical_calculation,14.1,1,11.866493901098899,2026-08-31,True
Imatran Seudun Sähkö Oy,6,2026-09-02,canonical_calculation,14.1,1,11.862680631868132,2026-09-01,True
Imatran Seudun Sähkö Oy,6,2026-09-03,canonical_calculation,14.1,1,12.428430494505495,2026-09-02,True
Imatran Seudun Sähkö Oy,6,2026-09-04,canonical_calculation,14.9,1,12.439056620879121,2026-09-03,True
Imatran Seudun Sähkö Oy,6,2026-09-05,canonical_calculation,14.9,1,12.411219065934064,2026-09-04,True
Imatran Seudun Sähkö Oy,6,2026-09-06,canonical_calculation,14.9,1,12.411219065934064,2026-09-04,True
Imatran Seudun Sähkö Oy,6,2026-09-07,canonical_calculation,14.9,1,12.411219065934064,2026-09-04,True
Imatran Seudun Sähkö Oy,6,2026-09-08,canonical_calculation,14.9,1,12.888525906593406,2026-09-07,True
Imatran Seudun Sähkö Oy,6,2026-09-09,canonical_calculation,14.9,1,13.189960357142855,2026-09-08,True
Imatran Seudun Sähkö Oy,6,2026-09-11,canonical_calculation,16.67,1,13.937105989010986,2026-09-10,True
Imatran Seudun Sähkö Oy,6,2026-09-12,canonical_calculation,16.67,1,13.675272994505493,2026-09-11,True
Imatran Seudun Sähkö Oy,6,2026-09-13,canonical_calculation,16.67,1,13.675272994505493,2026-09-11,True
Imatran Seudun Sähkö Oy,12,2026-04-08,observed_seller_data,9.87,1,,,False
Imatran Seudun Sähkö Oy,12,2026-04-09,observed_seller_data,9.69,1,7.008009397260273,2026-04-08,True
Imatran Seudun Sähkö Oy,12,2026-04-10,observed_seller_data,9.69,1,7.001851301369863,2026-04-09,True
Imatran Seudun Sähkö Oy,12,2026-04-11,observed_seller_data,9.69,1,6.91596116438356,2026-04-10,True
Imatran Seudun Sähkö Oy,12,2026-04-12,observed_seller_data,9.69,1,6.91596116438356,2026-04-10,True
Imatran Seudun Sähkö Oy,12,2026-04-13,observed_seller_data,9.69,1,6.91596116438356,2026-04-10,True
Imatran Seudun Sähkö Oy,12,2026-04-14,observed_seller_data,9.69,1,6.929934643835616,2026-04-13,True
Imatran Seudun Sähkö Oy,12,2026-04-15,observed_seller_data,9.69,1,6.809994465753424,2026-04-14,True
Imatran Seudun Sähkö Oy,12,2026-04-16,observed_seller_data,9.69,1,6.761455191780822,2026-04-15,True
Imatran Seudun Sähkö Oy,12,2026-04-17,observed_seller_data,9.69,1,6.797176273972602,2026-04-16,True
Imatran Seudun Sähkö Oy,12,2026-04-18,observed_seller_data,9.69,1,6.730929465753426,2026-04-17,True
Imatran Seudun Sähkö Oy,12,2026-04-19,observed_seller_data,9.69,1,6.730929465753426,2026-04-17,True
Imatran Seudun Sähkö Oy,12,2026-04-20,observed_seller_data,9.69,1,6.730929465753426,2026-04-17,True
Imatran Seudun Sähkö Oy,12,2026-04-21,observed_seller_data,9.69,1,6.749090863013699,2026-04-20,True
Imatran Seudun Sähkö Oy,12,2026-04-22,observed_seller_data,9.69,1,6.839808452054794,2026-04-21,True
Imatran Seudun Sähkö Oy,12,2026-04-23,observed_seller_data,9.69,1,6.872737589041094,2026-04-22,True
Imatran Seudun Sähkö Oy,12,2026-04-24,observed_seller_data,9.69,1,6.963417356164384,2026-04-23,True
Imatran Seudun Sähkö Oy,12,2026-04-25,observed_seller_data,9.69,1,6.8711112465753414,2026-04-24,True
Imatran Seudun Sähkö Oy,12,2026-04-26,observed_seller_data,9.69,1,6.8711112465753414,2026-04-24,True
Imatran Seudun Sähkö Oy,12,2026-04-27,observed_seller_data,9.69,1,6.8711112465753414,2026-04-24,True
Imatran Seudun Sähkö Oy,12,2026-04-28,observed_seller_data,9.69,1,6.778488808219178,2026-04-27,True
Imatran Seudun Sähkö Oy,12,2026-04-29,observed_seller_data,9.57,1,6.82226595890411,2026-04-28,True
Imatran Seudun Sähkö Oy,12,2026-04-30,observed_seller_data,9.57,1,6.91197610958904,2026-04-29,True
Imatran Seudun Sähkö Oy,12,2026-05-01,observed_seller_data,9.57,1,6.984508232876711,2026-04-30,True
Imatran Seudun Sähkö Oy,12,2026-05-02,observed_seller_data,9.57,1,6.984508232876711,2026-04-30,True
Imatran Seudun Sähkö Oy,12,2026-05-03,observed_seller_data,9.57,1,6.984508232876711,2026-04-30,True
Imatran Seudun Sähkö Oy,12,2026-05-04,observed_seller_data,9.57,1,6.984508232876711,2026-04-30,True
Imatran Seudun Sähkö Oy,12,2026-05-05,observed_seller_data,9.57,1,7.199113232876712,2026-05-04,True
Imatran Seudun Sähkö Oy,12,2026-05-06,observed_seller_data,9.57,1,7.225643589041095,2026-05-05,True
Imatran Seudun Sähkö Oy,12,2026-05-07,observed_seller_data,9.57,1,7.098238739726027,2026-05-06,True
Imatran Seudun Sähkö Oy,12,2026-05-08,observed_seller_data,9.57,1,7.211415671232878,2026-05-07,True
Imatran Seudun Sähkö Oy,12,2026-05-09,observed_seller_data,9.57,1,7.42950716438356,2026-05-08,True
Imatran Seudun Sähkö Oy,12,2026-05-10,observed_seller_data,9.57,1,7.42950716438356,2026-05-08,True
Imatran Seudun Sähkö Oy,12,2026-05-11,observed_seller_data,9.57,1,7.42950716438356,2026-05-08,True
Imatran Seudun Sähkö Oy,12,2026-05-12,observed_seller_data,9.57,1,7.627480835616438,2026-05-11,True
Imatran Seudun Sähkö Oy,12,2026-05-13,observed_seller_data,9.57,1,7.662703356164383,2026-05-12,True
Imatran Seudun Sähkö Oy,12,2026-05-14,observed_seller_data,9.98,1,7.6846194383561635,2026-05-13,True
Imatran Seudun Sähkö Oy,12,2026-05-15,observed_seller_data,9.98,1,7.672966849315067,2026-05-14,True
Imatran Seudun Sähkö Oy,12,2026-05-16,observed_seller_data,9.98,1,7.7297306712328755,2026-05-15,True
Imatran Seudun Sähkö Oy,12,2026-05-17,observed_seller_data,9.98,1,7.7297306712328755,2026-05-15,True
Imatran Seudun Sähkö Oy,12,2026-05-18,observed_seller_data,9.98,1,7.7297306712328755,2026-05-15,True
Imatran Seudun Sähkö Oy,12,2026-05-19,observed_seller_data,9.98,1,7.584962123287671,2026-05-18,True
Imatran Seudun Sähkö Oy,12,2026-05-20,observed_seller_data,9.98,1,7.514379547945205,2026-05-19,True
Imatran Seudun Sähkö Oy,12,2026-05-21,observed_seller_data,9.98,1,7.557534356164381,2026-05-20,True
Imatran Seudun Sähkö Oy,12,2026-05-22,observed_seller_data,9.98,1,7.675029863013698,2026-05-21,True
Imatran Seudun Sähkö Oy,12,2026-05-23,observed_seller_data,10.19,1,7.630430945205479,2026-05-22,True
Imatran Seudun Sähkö Oy,12,2026-05-24,observed_seller_data,10.19,1,7.630430945205479,2026-05-22,True
Imatran Seudun Sähkö Oy,12,2026-05-25,observed_seller_data,10.19,1,7.630430945205479,2026-05-22,True
Imatran Seudun Sähkö Oy,12,2026-05-26,observed_seller_data,10.19,1,7.405325205479452,2026-05-25,True
Imatran Seudun Sähkö Oy,12,2026-05-27,observed_seller_data,10.19,1,7.498484027397259,2026-05-26,True
Imatran Seudun Sähkö Oy,12,2026-05-28,observed_seller_data,10.19,1,7.3629646575342464,2026-05-27,True
Imatran Seudun Sähkö Oy,12,2026-05-29,observed_seller_data,10.19,1,7.544537369863012,2026-05-28,True
Imatran Seudun Sähkö Oy,12,2026-05-30,observed_seller_data,10.19,1,7.758901684931507,2026-05-29,True
Imatran Seudun Sähkö Oy,12,2026-05-31,observed_seller_data,10.19,1,7.758901684931507,2026-05-29,True
Imatran Seudun Sähkö Oy,12,2026-06-01,observed_seller_data,10.19,1,7.61820415068493,2026-05-29,True
Imatran Seudun Sähkö Oy,12,2026-06-02,observed_seller_data,10.19,1,7.859800246575342,2026-06-01,True
Imatran Seudun Sähkö Oy,12,2026-06-03,observed_seller_data,10.29,1,7.760411123287669,2026-06-02,True
Imatran Seudun Sähkö Oy,12,2026-06-04,observed_seller_data,10.29,1,7.938253219178082,2026-06-03,True
Imatran Seudun Sähkö Oy,12,2026-06-05,observed_seller_data,10.29,1,7.809387068493151,2026-06-04,True
Imatran Seudun Sähkö Oy,12,2026-06-06,observed_seller_data,10.29,1,7.719044260273972,2026-06-05,True
Imatran Seudun Sähkö Oy,12,2026-06-07,observed_seller_data,10.29,1,7.719044260273972,2026-06-05,True
Imatran Seudun Sähkö Oy,12,2026-06-08,observed_seller_data,10.29,1,7.719044260273972,2026-06-05,True
Imatran Seudun Sähkö Oy,12,2026-06-09,observed_seller_data,10.29,1,7.710300520547945,2026-06-08,True
Imatran Seudun Sähkö Oy,12,2026-06-10,observed_seller_data,10.29,1,7.529601150684932,2026-06-09,True
Imatran Seudun Sähkö Oy,12,2026-06-11,observed_seller_data,10.29,1,7.565910191780821,2026-06-10,True
Imatran Seudun Sähkö Oy,12,2026-06-12,observed_seller_data,10.29,1,7.608071315068491,2026-06-11,True
Imatran Seudun Sähkö Oy,12,2026-06-13,observed_seller_data,10.29,1,7.4029114794520545,2026-06-12,True
Imatran Seudun Sähkö Oy,12,2026-06-14,observed_seller_data,10.29,1,7.4029114794520545,2026-06-12,True
Imatran Seudun Sähkö Oy,12,2026-06-15,observed_seller_data,10.29,1,7.4029114794520545,2026-06-12,True
Imatran Seudun Sähkö Oy,12,2026-06-16,observed_seller_data,10.29,1,7.26479615068493,2026-06-15,True
Imatran Seudun Sähkö Oy,12,2026-06-17,observed_seller_data,10.29,1,7.301139575342464,2026-06-16,True
Imatran Seudun Sähkö Oy,12,2026-06-18,observed_seller_data,10.29,1,7.162126835616437,2026-06-17,True
Imatran Seudun Sähkö Oy,12,2026-06-19,observed_seller_data,9.99,1,7.0250842739726025,2026-06-18,True
Imatran Seudun Sähkö Oy,12,2026-06-20,observed_seller_data,9.99,1,7.132684191780821,2026-06-19,True
Imatran Seudun Sähkö Oy,12,2026-06-21,observed_seller_data,9.99,1,7.132684191780821,2026-06-19,True
Imatran Seudun Sähkö Oy,12,2026-06-22,observed_seller_data,9.99,1,7.132684191780821,2026-06-19,True
Imatran Seudun Sähkö Oy,12,2026-06-23,observed_seller_data,9.99,1,6.836349465753425,2026-06-22,True
Imatran Seudun Sähkö Oy,12,2026-06-24,observed_seller_data,9.99,1,6.874353616438356,2026-06-23,True
Imatran Seudun Sähkö Oy,12,2026-06-25,observed_seller_data,9.99,1,6.835799328767123,2026-06-24,True
Imatran Seudun Sähkö Oy,12,2026-06-26,observed_seller_data,9.49,1,6.8778641780821905,2026-06-25,True
Imatran Seudun Sähkö Oy,12,2026-06-27,observed_seller_data,9.49,1,6.942928191780821,2026-06-26,True
Imatran Seudun Sähkö Oy,12,2026-06-28,observed_seller_data,9.49,1,6.942928191780821,2026-06-26,True
Imatran Seudun Sähkö Oy,12,2026-06-29,observed_seller_data,9.49,1,6.942928191780821,2026-06-26,True
Imatran Seudun Sähkö Oy,12,2026-06-30,observed_seller_data,9.49,1,7.11498009589041,2026-06-29,True
Imatran Seudun Sähkö Oy,12,2026-07-01,observed_seller_data,9.49,1,7.291367767123288,2026-06-30,True
Imatran Seudun Sähkö Oy,12,2026-07-02,observed_seller_data,9.49,1,7.297343630136985,2026-07-01,True
Imatran Seudun Sähkö Oy,12,2026-07-03,observed_seller_data,9.49,1,7.396309835616438,2026-07-02,True
Imatran Seudun Sähkö Oy,12,2026-07-04,observed_seller_data,9.49,1,7.537921972602739,2026-07-03,True
Imatran Seudun Sähkö Oy,12,2026-07-05,observed_seller_data,9.49,1,7.537921972602739,2026-07-03,True
Imatran Seudun Sähkö Oy,12,2026-07-06,observed_seller_data,9.49,1,7.537921972602739,2026-07-03,True
Imatran Seudun Sähkö Oy,12,2026-07-07,observed_seller_data,9.49,1,7.517649424657533,2026-07-06,True
Imatran Seudun Sähkö Oy,12,2026-07-08,observed_seller_data,9.49,1,7.55255905479452,2026-07-07,True
Imatran Seudun Sähkö Oy,12,2026-07-09,observed_seller_data,9.49,1,7.663016246575341,2026-07-08,True
Imatran Seudun Sähkö Oy,12,2026-07-10,observed_seller_data,9.79,1,7.752925821917807,2026-07-09,True
Imatran Seudun Sähkö Oy,12,2026-07-11,observed_seller_data,9.79,1,7.733756986301369,2026-07-10,True
Imatran Seudun Sähkö Oy,12,2026-07-12,observed_seller_data,9.79,1,7.733756986301369,2026-07-10,True
Imatran Seudun Sähkö Oy,12,2026-07-13,observed_seller_data,9.79,1,7.733756986301369,2026-07-10,True
Imatran Seudun Sähkö Oy,12,2026-07-14,observed_seller_data,9.79,1,7.916333698630135,2026-07-13,True
Imatran Seudun Sähkö Oy,12,2026-07-15,observed_seller_data,9.79,1,8.05474128767123,2026-07-14,True
Imatran Seudun Sähkö Oy,12,2026-07-16,observed_seller_data,9.79,1,8.242688712328768,2026-07-15,True
Imatran Seudun Sähkö Oy,12,2026-07-17,observed_seller_data,10.33,1,8.230231547945204,2026-07-16,True
Imatran Seudun Sähkö Oy,12,2026-07-18,observed_seller_data,10.33,1,8.411536068493149,2026-07-17,True
Imatran Seudun Sähkö Oy,12,2026-07-19,observed_seller_data,10.33,1,8.411536068493149,2026-07-17,True
Imatran Seudun Sähkö Oy,12,2026-07-20,observed_seller_data,10.33,1,8.411536068493149,2026-07-17,True
Imatran Seudun Sähkö Oy,12,2026-07-21,observed_seller_data,10.33,1,8.444090424657533,2026-07-20,True
Imatran Seudun Sähkö Oy,12,2026-07-22,observed_seller_data,10.33,1,8.482008616438355,2026-07-21,True
Imatran Seudun Sähkö Oy,12,2026-07-23,observed_seller_data,10.99,1,8.747336246575342,2026-07-22,True
Imatran Seudun Sähkö Oy,12,2026-07-24,observed_seller_data,10.99,1,8.776696369863014,2026-07-23,True
Imatran Seudun Sähkö Oy,12,2026-07-25,observed_seller_data,10.99,1,8.763114863013698,2026-07-24,True
Imatran Seudun Sähkö Oy,12,2026-07-26,observed_seller_data,10.99,1,8.763114863013698,2026-07-24,True
Imatran Seudun Sähkö Oy,12,2026-07-27,canonical_calculation,10.99,1,8.763114863013698,2026-07-24,True
Imatran Seudun Sähkö Oy,12,2026-07-28,canonical_calculation,10.99,1,8.568218520547944,2026-07-27,True
Imatran Seudun Sähkö Oy,12,2026-07-29,canonical_calculation,10.99,1,8.490944904109588,2026-07-28,True
Imatran Seudun Sähkö Oy,12,2026-07-30,canonical_calculation,10.99,1,8.781259068493151,2026-07-29,True
Imatran Seudun Sähkö Oy,12,2026-07-31,canonical_calculation,10.99,1,8.746273794520546,2026-07-30,True
Imatran Seudun Sähkö Oy,12,2026-08-01,canonical_calculation,10.99,1,8.888607986301372,2026-07-31,True
Imatran Seudun Sähkö Oy,12,2026-08-02,canonical_calculation,10.99,1,8.888607986301372,2026-07-31,True
Imatran Seudun Sähkö Oy,12,2026-08-03,canonical_calculation,10.99,1,8.888607986301372,2026-07-31,True
Imatran Seudun Sähkö Oy,12,2026-08-04,canonical_calculation,10.99,1,8.728779438356165,2026-08-03,True
Imatran Seudun Sähkö Oy,12,2026-08-05,canonical_calculation,11.29,1,8.838225753424656,2026-08-04,True
Imatran Seudun Sähkö Oy,12,2026-08-06,canonical_calculation,11.29,1,8.654765383561644,2026-08-05,True
Imatran Seudun Sähkö Oy,12,2026-08-07,canonical_calculation,11.29,1,8.644147739726026,2026-08-06,True
Imatran Seudun Sähkö Oy,12,2026-08-08,canonical_calculation,11.29,1,8.630679698630136,2026-08-07,True
Imatran Seudun Sähkö Oy,12,2026-08-09,canonical_calculation,11.29,1,8.630679698630136,2026-08-07,True
Imatran Seudun Sähkö Oy,12,2026-08-10,canonical_calculation,11.29,1,8.630679698630136,2026-08-07,True
Imatran Seudun Sähkö Oy,12,2026-08-11,canonical_calculation,11.29,1,8.748859438356163,2026-08-10,True
Imatran Seudun Sähkö Oy,12,2026-08-12,canonical_calculation,11.29,1,8.705082287671232,2026-08-11,True
Imatran Seudun Sähkö Oy,12,2026-08-13,canonical_calculation,11.29,1,8.724316452054794,2026-08-12,True
Imatran Seudun Sähkö Oy,12,2026-08-14,canonical_calculation,11.29,1,8.579424123287671,2026-08-13,True
Imatran Seudun Sähkö Oy,12,2026-08-15,canonical_calculation,11.29,1,8.519703315068492,2026-08-14,True
Imatran Seudun Sähkö Oy,12,2026-08-16,canonical_calculation,11.29,1,8.519703315068492,2026-08-14,True
Imatran Seudun Sähkö Oy,12,2026-08-17,canonical_calculation,11.29,1,8.519703315068492,2026-08-14,True
Imatran Seudun Sähkö Oy,12,2026-08-18,canonical_calculation,11.15,1,8.72096405479452,2026-08-17,True
Imatran Seudun Sähkö Oy,12,2026-08-19,canonical_calculation,11.29,1,8.774798397260271,2026-08-18,True
Imatran Seudun Sähkö Oy,12,2026-08-20,canonical_calculation,11.29,1,8.702345356164384,2026-08-19,True
Imatran Seudun Sähkö Oy,12,2026-08-21,canonical_calculation,11.29,1,8.65210409589041,2026-08-20,True
Imatran Seudun Sähkö Oy,12,2026-08-22,canonical_calculation,11.29,1,8.782668794520548,2026-08-21,True
Imatran Seudun Sähkö Oy,12,2026-08-23,canonical_calculation,11.29,1,8.782668794520548,2026-08-21,True
Imatran Seudun Sähkö Oy,12,2026-08-24,canonical_calculation,11.29,1,8.782668794520548,2026-08-21,True
Imatran Seudun Sähkö Oy,12,2026-08-25,canonical_calculation,11.29,1,8.70024108219178,2026-08-24,True
Imatran Seudun Sähkö Oy,12,2026-08-26,canonical_calculation,11.29,1,8.494331684931506,2026-08-25,True
Imatran Seudun Sähkö Oy,12,2026-08-27,canonical_calculation,10.99,1,8.25278716438356,2026-08-26,True
Imatran Seudun Sähkö Oy,12,2026-08-28,canonical_calculation,10.99,1,8.430127260273972,2026-08-27,True
Imatran Seudun Sähkö Oy,12,2026-08-29,canonical_calculation,10.99,1,8.376550794520547,2026-08-28,True
Imatran Seudun Sähkö Oy,12,2026-08-30,canonical_calculation,10.99,1,8.376550794520547,2026-08-28,True
Imatran Seudun Sähkö Oy,12,2026-08-31,canonical_calculation,10.99,1,8.376550794520547,2026-08-28,True
Imatran Seudun Sähkö Oy,12,2026-09-01,canonical_calculation,10.99,1,8.194654876712328,2026-08-31,True
Imatran Seudun Sähkö Oy,12,2026-09-02,canonical_calculation,10.99,1,8.232160465753424,2026-09-01,True
Imatran Seudun Sähkö Oy,12,2026-09-03,canonical_calculation,10.99,1,8.529712369863013,2026-09-02,True
Imatran Seudun Sähkö Oy,12,2026-09-04,canonical_calculation,11.29,1,8.541691602739725,2026-09-03,True
Imatran Seudun Sähkö Oy,12,2026-09-05,canonical_calculation,11.29,1,8.551384328767123,2026-09-04,True
Imatran Seudun Sähkö Oy,12,2026-09-06,canonical_calculation,11.29,1,8.551384328767123,2026-09-04,True
Imatran Seudun Sähkö Oy,12,2026-09-07,canonical_calculation,11.29,1,8.551384328767123,2026-09-04,True
Imatran Seudun Sähkö Oy,12,2026-09-08,canonical_calculation,11.29,1,8.858608328767124,2026-09-07,True
Imatran Seudun Sähkö Oy,12,2026-09-09,canonical_calculation,11.29,1,9.059559616438355,2026-09-08,True
Imatran Seudun Sähkö Oy,12,2026-09-11,canonical_calculation,12.29,1,9.592642356164383,2026-09-10,True
Imatran Seudun Sähkö Oy,12,2026-09-12,canonical_calculation,12.29,1,9.381571986301369,2026-09-11,True
Imatran Seudun Sähkö Oy,12,2026-09-13,canonical_calculation,12.29,1,9.381571986301369,2026-09-11,True
Imatran Seudun Sähkö Oy,24,2026-04-08,observed_seller_data,8.68,1,,,False
Imatran Seudun Sähkö Oy,24,2026-04-09,observed_seller_data,8.48,1,6.314420047879617,2026-04-08,True
Imatran Seudun Sähkö Oy,24,2026-04-10,observed_seller_data,8.48,1,6.2962903625171,2026-04-09,True
Imatran Seudun Sähkö Oy,24,2026-04-11,observed_seller_data,8.48,1,6.228571867305061,2026-04-10,True
Imatran Seudun Sähkö Oy,24,2026-04-12,observed_seller_data,8.48,1,6.228571867305061,2026-04-10,True
Imatran Seudun Sähkö Oy,24,2026-04-13,observed_seller_data,8.48,1,6.228571867305061,2026-04-10,True
Imatran Seudun Sähkö Oy,24,2026-04-14,observed_seller_data,8.48,1,6.23801269493844,2026-04-13,True
Imatran Seudun Sähkö Oy,24,2026-04-15,observed_seller_data,8.48,1,6.177379541723666,2026-04-14,True
Imatran Seudun Sähkö Oy,24,2026-04-16,observed_seller_data,8.48,1,6.144708337893295,2026-04-15,True
Imatran Seudun Sähkö Oy,24,2026-04-17,observed_seller_data,8.48,1,6.150796203830369,2026-04-16,True
Imatran Seudun Sähkö Oy,24,2026-04-18,observed_seller_data,8.48,1,6.103619534883721,2026-04-17,True
Imatran Seudun Sähkö Oy,24,2026-04-19,observed_seller_data,8.48,1,6.103619534883721,2026-04-17,True
Imatran Seudun Sähkö Oy,24,2026-04-20,observed_seller_data,8.48,1,6.103619534883721,2026-04-17,True
Imatran Seudun Sähkö Oy,24,2026-04-21,observed_seller_data,8.48,1,6.087503686730505,2026-04-20,True
Imatran Seudun Sähkö Oy,24,2026-04-22,observed_seller_data,8.48,1,6.154380937072504,2026-04-21,True
Imatran Seudun Sähkö Oy,24,2026-04-23,observed_seller_data,8.48,1,6.177219876880984,2026-04-22,True
Imatran Seudun Sähkö Oy,24,2026-04-24,observed_seller_data,8.48,1,6.256475444596442,2026-04-23,True
Imatran Seudun Sähkö Oy,24,2026-04-25,observed_seller_data,8.48,1,6.191047195622435,2026-04-24,True
Imatran Seudun Sähkö Oy,24,2026-04-26,observed_seller_data,8.48,1,6.191047195622435,2026-04-24,True
Imatran Seudun Sähkö Oy,24,2026-04-27,observed_seller_data,8.48,1,6.191047195622435,2026-04-24,True
Imatran Seudun Sähkö Oy,24,2026-04-28,observed_seller_data,8.48,1,6.134817701778386,2026-04-27,True
Imatran Seudun Sähkö Oy,24,2026-04-29,observed_seller_data,8.38,1,6.171774103967169,2026-04-28,True
Imatran Seudun Sähkö Oy,24,2026-04-30,observed_seller_data,8.38,1,6.239817079343364,2026-04-29,True
Imatran Seudun Sähkö Oy,24,2026-05-01,observed_seller_data,8.38,1,6.355381805745553,2026-04-30,True
Imatran Seudun Sähkö Oy,24,2026-05-02,observed_seller_data,8.38,1,6.355381805745553,2026-04-30,True
Imatran Seudun Sähkö Oy,24,2026-05-03,observed_seller_data,8.38,1,6.355381805745553,2026-04-30,True
Imatran Seudun Sähkö Oy,24,2026-05-04,observed_seller_data,8.38,1,6.355381805745553,2026-04-30,True
Imatran Seudun Sähkö Oy,24,2026-05-05,observed_seller_data,8.38,1,6.476608625170997,2026-05-04,True
Imatran Seudun Sähkö Oy,24,2026-05-06,observed_seller_data,8.38,1,6.494082482900137,2026-05-05,True
Imatran Seudun Sähkö Oy,24,2026-05-07,observed_seller_data,8.38,1,6.3717053898768805,2026-05-06,True
Imatran Seudun Sähkö Oy,24,2026-05-08,observed_seller_data,8.38,1,6.408783686730506,2026-05-07,True
Imatran Seudun Sähkö Oy,24,2026-05-09,observed_seller_data,8.38,1,6.537145636114911,2026-05-08,True
Imatran Seudun Sähkö Oy,24,2026-05-10,observed_seller_data,8.38,1,6.537145636114911,2026-05-08,True
Imatran Seudun Sähkö Oy,24,2026-05-11,observed_seller_data,8.38,1,6.537145636114911,2026-05-08,True
Imatran Seudun Sähkö Oy,24,2026-05-12,observed_seller_data,8.38,1,6.665234610123119,2026-05-11,True
Imatran Seudun Sähkö Oy,24,2026-05-13,observed_seller_data,8.38,1,6.70606760601915,2026-05-12,True
Imatran Seudun Sähkö Oy,24,2026-05-14,observed_seller_data,8.71,1,6.721105287277702,2026-05-13,True
Imatran Seudun Sähkö Oy,24,2026-05-15,observed_seller_data,8.71,1,6.717319685362518,2026-05-14,True
Imatran Seudun Sähkö Oy,24,2026-05-16,observed_seller_data,8.71,1,6.7470001778385775,2026-05-15,True
Imatran Seudun Sähkö Oy,24,2026-05-17,observed_seller_data,8.71,1,6.7470001778385775,2026-05-15,True
Imatran Seudun Sähkö Oy,24,2026-05-18,observed_seller_data,8.71,1,6.7470001778385775,2026-05-15,True
Imatran Seudun Sähkö Oy,24,2026-05-19,observed_seller_data,8.71,1,6.650742879616962,2026-05-18,True
Imatran Seudun Sähkö Oy,24,2026-05-20,observed_seller_data,8.71,1,6.6187309370725025,2026-05-19,True
Imatran Seudun Sähkö Oy,24,2026-05-21,observed_seller_data,8.71,1,6.6317977017783845,2026-05-20,True
Imatran Seudun Sähkö Oy,24,2026-05-22,observed_seller_data,8.71,1,6.702566997264021,2026-05-21,True
Imatran Seudun Sähkö Oy,24,2026-05-23,observed_seller_data,8.71,1,6.6722512790697674,2026-05-22,True
Imatran Seudun Sähkö Oy,24,2026-05-24,observed_seller_data,8.71,1,6.6722512790697674,2026-05-22,True
Imatran Seudun Sähkö Oy,24,2026-05-25,observed_seller_data,8.71,1,6.6722512790697674,2026-05-22,True
Imatran Seudun Sähkö Oy,24,2026-05-26,observed_seller_data,8.71,1,6.515872441860465,2026-05-25,True
Imatran Seudun Sähkö Oy,24,2026-05-27,observed_seller_data,8.71,1,6.584854521203829,2026-05-26,True
Imatran Seudun Sähkö Oy,24,2026-05-28,observed_seller_data,8.71,1,6.484572982216141,2026-05-27,True
Imatran Seudun Sähkö Oy,24,2026-05-29,observed_seller_data,8.71,1,6.595828474692201,2026-05-28,True
Imatran Seudun Sähkö Oy,24,2026-05-30,observed_seller_data,8.71,1,6.705398043775649,2026-05-29,True
Imatran Seudun Sähkö Oy,24,2026-05-31,observed_seller_data,8.71,1,6.705398043775649,2026-05-29,True
Imatran Seudun Sähkö Oy,24,2026-06-01,observed_seller_data,8.71,1,6.692830875512995,2026-05-29,True
Imatran Seudun Sähkö Oy,24,2026-06-02,observed_seller_data,8.71,1,6.863023296853624,2026-06-01,True
Imatran Seudun Sähkö Oy,24,2026-06-03,observed_seller_data,8.89,1,6.804407414500683,2026-06-02,True
Imatran Seudun Sähkö Oy,24,2026-06-04,observed_seller_data,8.89,1,6.924890848153214,2026-06-03,True
Imatran Seudun Sähkö Oy,24,2026-06-05,observed_seller_data,8.89,1,6.841681429548563,2026-06-04,True
Imatran Seudun Sähkö Oy,24,2026-06-06,observed_seller_data,8.89,1,6.780177845417237,2026-06-05,True
Imatran Seudun Sähkö Oy,24,2026-06-07,observed_seller_data,8.89,1,6.780177845417237,2026-06-05,True
Imatran Seudun Sähkö Oy,24,2026-06-08,observed_seller_data,8.89,1,6.780177845417237,2026-06-05,True
Imatran Seudun Sähkö Oy,24,2026-06-09,observed_seller_data,8.89,1,6.7652792270861815,2026-06-08,True
Imatran Seudun Sähkö Oy,24,2026-06-10,observed_seller_data,8.89,1,6.654351648426812,2026-06-09,True
Imatran Seudun Sähkö Oy,24,2026-06-11,observed_seller_data,8.89,1,6.690471956224349,2026-06-10,True
Imatran Seudun Sähkö Oy,24,2026-06-12,observed_seller_data,8.89,1,6.73640049247606,2026-06-11,True
Imatran Seudun Sähkö Oy,24,2026-06-13,observed_seller_data,8.89,1,6.603004808481531,2026-06-12,True
Imatran Seudun Sähkö Oy,24,2026-06-14,observed_seller_data,8.89,1,6.603004808481531,2026-06-12,True
Imatran Seudun Sähkö Oy,24,2026-06-15,observed_seller_data,8.89,1,6.603004808481531,2026-06-12,True
Imatran Seudun Sähkö Oy,24,2026-06-16,observed_seller_data,8.89,1,6.537957694938441,2026-06-15,True
Imatran Seudun Sähkö Oy,24,2026-06-17,observed_seller_data,8.89,1,6.571571436388509,2026-06-16,True
Imatran Seudun Sähkö Oy,24,2026-06-18,observed_seller_data,8.885000000000002,2,6.488619541723665,2026-06-17,True
Imatran Seudun Sähkö Oy,24,2026-06-19,observed_seller_data,8.885000000000002,2,6.392096135430917,2026-06-18,True
Imatran Seudun Sähkö Oy,24,2026-06-20,observed_seller_data,8.885000000000002,2,6.448359965800273,2026-06-19,True
Imatran Seudun Sähkö Oy,24,2026-06-21,observed_seller_data,8.885000000000002,2,6.448359965800273,2026-06-19,True
Imatran Seudun Sähkö Oy,24,2026-06-22,observed_seller_data,8.89,1,6.448359965800273,2026-06-19,True
Imatran Seudun Sähkö Oy,24,2026-06-23,observed_seller_data,8.89,1,6.2601099658002735,2026-06-22,True
Imatran Seudun Sähkö Oy,24,2026-06-24,observed_seller_data,8.89,1,6.329272311901504,2026-06-23,True
Imatran Seudun Sähkö Oy,24,2026-06-25,observed_seller_data,8.89,1,6.319347339261285,2026-06-24,True
Imatran Seudun Sähkö Oy,24,2026-06-26,observed_seller_data,8.58,1,6.360398372093023,2026-06-25,True
Imatran Seudun Sähkö Oy,24,2026-06-27,observed_seller_data,8.58,1,6.398996060191518,2026-06-26,True
Imatran Seudun Sähkö Oy,24,2026-06-28,observed_seller_data,8.58,1,6.398996060191518,2026-06-26,True
Imatran Seudun Sähkö Oy,24,2026-06-29,observed_seller_data,8.58,1,6.398996060191518,2026-06-26,True
Imatran Seudun Sähkö Oy,24,2026-06-30,observed_seller_data,8.58,1,6.356499459644321,2026-06-29,True
Imatran Seudun Sähkö Oy,24,2026-07-01,observed_seller_data,8.58,1,6.578045588235293,2026-06-30,True
Imatran Seudun Sähkö Oy,24,2026-07-02,observed_seller_data,8.58,1,6.6284910943912445,2026-07-01,True
Imatran Seudun Sähkö Oy,24,2026-07-03,observed_seller_data,8.58,1,6.720432291381669,2026-07-02,True
Imatran Seudun Sähkö Oy,24,2026-07-04,observed_seller_data,8.58,1,6.790317421340628,2026-07-03,True
Imatran Seudun Sähkö Oy,24,2026-07-05,observed_seller_data,8.58,1,6.790317421340628,2026-07-03,True
Imatran Seudun Sähkö Oy,24,2026-07-06,observed_seller_data,8.58,1,6.790317421340628,2026-07-03,True
Imatran Seudun Sähkö Oy,24,2026-07-07,observed_seller_data,8.58,1,6.748586525307798,2026-07-06,True
Imatran Seudun Sähkö Oy,24,2026-07-08,observed_seller_data,8.58,1,6.768290540355675,2026-07-07,True
Imatran Seudun Sähkö Oy,24,2026-07-09,observed_seller_data,8.58,1,6.846610437756497,2026-07-08,True
Imatran Seudun Sähkö Oy,24,2026-07-10,observed_seller_data,8.88,1,6.866929076607387,2026-07-09,True
Imatran Seudun Sähkö Oy,24,2026-07-11,observed_seller_data,8.88,1,6.839267571819425,2026-07-10,True
Imatran Seudun Sähkö Oy,24,2026-07-12,observed_seller_data,8.88,1,6.839267571819425,2026-07-10,True
Imatran Seudun Sähkö Oy,24,2026-07-13,observed_seller_data,8.88,1,6.839267571819425,2026-07-10,True
Imatran Seudun Sähkö Oy,24,2026-07-14,observed_seller_data,8.88,1,6.9581303214774275,2026-07-13,True
Imatran Seudun Sähkö Oy,24,2026-07-15,observed_seller_data,8.88,1,7.056428926128589,2026-07-14,True
Imatran Seudun Sähkö Oy,24,2026-07-16,observed_seller_data,8.88,1,7.151063823529411,2026-07-15,True
Imatran Seudun Sähkö Oy,24,2026-07-17,observed_seller_data,8.98,1,7.151930820793433,2026-07-16,True
Imatran Seudun Sähkö Oy,24,2026-07-18,observed_seller_data,8.98,1,7.250301532147743,2026-07-17,True
Imatran Seudun Sähkö Oy,24,2026-07-19,observed_seller_data,8.98,1,7.250301532147743,2026-07-17,True
Imatran Seudun Sähkö Oy,24,2026-07-20,observed_seller_data,8.98,1,7.250301532147743,2026-07-17,True
Imatran Seudun Sähkö Oy,24,2026-07-21,observed_seller_data,8.98,1,7.25315146374829,2026-07-20,True
Imatran Seudun Sähkö Oy,24,2026-07-22,observed_seller_data,8.98,1,7.284062920656635,2026-07-21,True
Imatran Seudun Sähkö Oy,24,2026-07-23,observed_seller_data,9.29,1,7.422411648426812,2026-07-22,True
Imatran Seudun Sähkö Oy,24,2026-07-24,observed_seller_data,9.29,1,7.446412879616962,2026-07-23,True
Imatran Seudun Sähkö Oy,24,2026-07-25,observed_seller_data,9.29,1,7.456499233926127,2026-07-24,True
Imatran Seudun Sähkö Oy,24,2026-07-26,observed_seller_data,9.29,1,7.456499233926127,2026-07-24,True
Imatran Seudun Sähkö Oy,24,2026-07-27,canonical_calculation,9.29,1,7.456499233926127,2026-07-24,True
Imatran Seudun Sähkö Oy,24,2026-07-28,canonical_calculation,9.29,1,7.337356641586867,2026-07-27,True
Imatran Seudun Sähkö Oy,24,2026-07-30,canonical_calculation,9.69,1,7.420560909712721,2026-07-29,True
Imatran Seudun Sähkö Oy,24,2026-07-31,canonical_calculation,9.69,1,7.412508994528044,2026-07-30,True
Imatran Seudun Sähkö Oy,24,2026-08-01,canonical_calculation,9.69,1,7.608965424076606,2026-07-31,True
Imatran Seudun Sähkö Oy,24,2026-08-02,canonical_calculation,9.69,1,7.608965424076606,2026-07-31,True
Imatran Seudun Sähkö Oy,24,2026-08-03,canonical_calculation,9.69,1,7.608965424076606,2026-07-31,True
Imatran Seudun Sähkö Oy,24,2026-08-04,canonical_calculation,9.69,1,7.529972530779754,2026-08-03,True
Imatran Seudun Sähkö Oy,24,2026-08-05,canonical_calculation,9.69,1,7.585975403556771,2026-08-04,True
Imatran Seudun Sähkö Oy,24,2026-08-06,canonical_calculation,9.69,1,7.4775578248974,2026-08-05,True
Imatran Seudun Sähkö Oy,24,2026-08-07,canonical_calculation,9.69,1,7.496314151846784,2026-08-06,True
Imatran Seudun Sähkö Oy,24,2026-08-08,canonical_calculation,9.69,1,7.491129336525306,2026-08-07,True
Imatran Seudun Sähkö Oy,24,2026-08-09,canonical_calculation,9.69,1,7.491129336525306,2026-08-07,True
Imatran Seudun Sähkö Oy,24,2026-08-10,canonical_calculation,9.69,1,7.491129336525306,2026-08-07,True
Imatran Seudun Sähkö Oy,24,2026-08-11,canonical_calculation,9.69,1,7.565430143638851,2026-08-10,True
Imatran Seudun Sähkö Oy,24,2026-08-12,canonical_calculation,9.79,1,7.543820451436388,2026-08-11,True
Imatran Seudun Sähkö Oy,24,2026-08-13,canonical_calculation,9.79,1,7.565919439124487,2026-08-12,True
Imatran Seudun Sähkö Oy,24,2026-08-14,canonical_calculation,9.79,1,7.4593920861833105,2026-08-13,True
Imatran Seudun Sähkö Oy,24,2026-08-15,canonical_calculation,9.79,1,7.408258132694938,2026-08-14,True
Imatran Seudun Sähkö Oy,24,2026-08-16,canonical_calculation,9.79,1,7.408258132694938,2026-08-14,True
Imatran Seudun Sähkö Oy,24,2026-08-17,canonical_calculation,9.79,1,7.408258132694938,2026-08-14,True
Imatran Seudun Sähkö Oy,24,2026-08-18,canonical_calculation,9.55,1,7.543262482900136,2026-08-17,True
Imatran Seudun Sähkö Oy,24,2026-08-19,canonical_calculation,9.69,1,7.569327339261285,2026-08-18,True
Imatran Seudun Sähkö Oy,24,2026-08-20,canonical_calculation,9.69,1,7.525651279069766,2026-08-19,True
Imatran Seudun Sähkö Oy,24,2026-08-21,canonical_calculation,9.69,1,7.518734186046511,2026-08-20,True
Imatran Seudun Sähkö Oy,24,2026-08-22,canonical_calculation,9.69,1,7.600690321477427,2026-08-21,True
Imatran Seudun Sähkö Oy,24,2026-08-23,canonical_calculation,9.69,1,7.600690321477427,2026-08-21,True
Imatran Seudun Sähkö Oy,24,2026-08-24,canonical_calculation,9.69,1,7.600690321477427,2026-08-21,True
Imatran Seudun Sähkö Oy,24,2026-08-25,canonical_calculation,9.69,1,7.572352387140903,2026-08-24,True
Imatran Seudun Sähkö Oy,24,2026-08-26,canonical_calculation,9.69,1,7.385951409028726,2026-08-25,True
Imatran Seudun Sähkö Oy,24,2026-08-27,canonical_calculation,9.45,1,7.248811326949384,2026-08-26,True
Imatran Seudun Sähkö Oy,24,2026-08-28,canonical_calculation,9.45,1,7.380433529411764,2026-08-27,True
Imatran Seudun Sähkö Oy,24,2026-08-29,canonical_calculation,9.45,1,7.362903016415868,2026-08-28,True
Imatran Seudun Sähkö Oy,24,2026-08-30,canonical_calculation,9.45,1,7.362903016415868,2026-08-28,True
Imatran Seudun Sähkö Oy,24,2026-08-31,canonical_calculation,9.65,1,7.362903016415868,2026-08-28,True
Imatran Seudun Sähkö Oy,24,2026-09-01,canonical_calculation,9.89,1,7.3933217441860455,2026-08-31,True
Imatran Seudun Sähkö Oy,24,2026-09-02,canonical_calculation,9.89,1,7.452802906976744,2026-09-01,True
Imatran Seudun Sähkö Oy,24,2026-09-03,canonical_calculation,9.89,1,7.658533632010943,2026-09-02,True
Imatran Seudun Sähkö Oy,24,2026-09-04,canonical_calculation,9.99,1,7.687525677154583,2026-09-03,True
Imatran Seudun Sähkö Oy,24,2026-09-05,canonical_calculation,9.99,1,7.69683602599179,2026-09-04,True
Imatran Seudun Sähkö Oy,24,2026-09-06,canonical_calculation,9.99,1,7.69683602599179,2026-09-04,True
Imatran Seudun Sähkö Oy,24,2026-09-07,canonical_calculation,9.99,1,7.69683602599179,2026-09-04,True
Imatran Seudun Sähkö Oy,24,2026-09-08,canonical_calculation,9.99,1,7.916026668946647,2026-09-07,True
Imatran Seudun Sähkö Oy,24,2026-09-09,canonical_calculation,9.99,1,8.065436908344731,2026-09-08,True
Imatran Seudun Sähkö Oy,24,2026-09-11,canonical_calculation,10.85,1,8.510666614227084,2026-09-10,True
Imatran Seudun Sähkö Oy,24,2026-09-12,canonical_calculation,10.85,1,8.336777865937071,2026-09-11,True
Imatran Seudun Sähkö Oy,24,2026-09-13,canonical_calculation,10.85,1,8.336777865937071,2026-09-11,True
Keravan Energia Oy,6,2026-04-08,observed_seller_data,8.6,1,,,False
Keravan Energia Oy,6,2026-04-09,observed_seller_data,8.6,1,5.674571168478261,2026-04-08,True
Keravan Energia Oy,6,2026-04-10,observed_seller_data,8.6,1,5.6259399184782595,2026-04-09,True
Keravan Energia Oy,6,2026-04-11,observed_seller_data,8.6,1,5.571442907608695,2026-04-10,True
Keravan Energia Oy,6,2026-04-12,observed_seller_data,8.6,1,5.571442907608695,2026-04-10,True
Keravan Energia Oy,6,2026-04-13,observed_seller_data,8.6,1,5.571442907608695,2026-04-10,True
Keravan Energia Oy,6,2026-04-14,observed_seller_data,8.6,1,5.563196739130434,2026-04-13,True
Keravan Energia Oy,6,2026-04-15,observed_seller_data,8.6,1,5.412678586956522,2026-04-14,True
Keravan Energia Oy,6,2026-04-16,observed_seller_data,8.6,1,5.3783638858695655,2026-04-15,True
Keravan Energia Oy,6,2026-04-17,observed_seller_data,8.6,1,5.434354619565217,2026-04-16,True
Keravan Energia Oy,6,2026-04-18,observed_seller_data,8.6,1,5.393219266304348,2026-04-17,True
Keravan Energia Oy,6,2026-04-19,observed_seller_data,8.6,1,5.393219266304348,2026-04-17,True
Keravan Energia Oy,6,2026-04-20,observed_seller_data,8.6,1,5.393219266304348,2026-04-17,True
Keravan Energia Oy,6,2026-04-21,observed_seller_data,8.6,1,5.466534456521739,2026-04-20,True
Keravan Energia Oy,6,2026-04-22,observed_seller_data,8.6,1,5.530171141304348,2026-04-21,True
Keravan Energia Oy,6,2026-04-23,observed_seller_data,8.6,1,5.561593885869565,2026-04-22,True
Keravan Energia Oy,6,2026-04-24,observed_seller_data,8.6,1,5.632699184782608,2026-04-23,True
Keravan Energia Oy,6,2026-04-25,observed_seller_data,8.6,1,5.489342717391304,2026-04-24,True
Keravan Energia Oy,6,2026-04-26,observed_seller_data,8.6,1,5.489342717391304,2026-04-24,True
Keravan Energia Oy,6,2026-04-27,observed_seller_data,8.6,1,5.489342717391304,2026-04-24,True
Keravan Energia Oy,6,2026-04-28,observed_seller_data,8.6,1,5.378875434782609,2026-04-27,True
Keravan Energia Oy,6,2026-04-29,observed_seller_data,8.6,1,5.458874864130435,2026-04-28,True
Keravan Energia Oy,6,2026-04-30,observed_seller_data,8.6,1,5.601869836956521,2026-04-29,True
Keravan Energia Oy,6,2026-05-01,observed_seller_data,8.6,1,6.441215491803279,2026-04-30,True
Keravan Energia Oy,6,2026-05-02,observed_seller_data,8.6,1,6.441215491803279,2026-04-30,True
Keravan Energia Oy,6,2026-05-03,observed_seller_data,8.6,1,6.441215491803279,2026-04-30,True
Keravan Energia Oy,6,2026-05-04,observed_seller_data,8.6,1,6.441215491803279,2026-04-30,True
Keravan Energia Oy,6,2026-05-05,observed_seller_data,8.6,1,6.770018633879781,2026-05-04,True
Keravan Energia Oy,6,2026-05-06,observed_seller_data,8.6,1,6.7423194808743165,2026-05-05,True
Keravan Energia Oy,6,2026-05-07,observed_seller_data,8.6,1,6.660545601092896,2026-05-06,True
Keravan Energia Oy,6,2026-05-08,observed_seller_data,8.6,1,6.847012540983606,2026-05-07,True
Keravan Energia Oy,6,2026-05-09,observed_seller_data,8.6,1,7.107675355191256,2026-05-08,True
Keravan Energia Oy,6,2026-05-10,observed_seller_data,8.6,1,7.107675355191256,2026-05-08,True
Keravan Energia Oy,6,2026-05-11,observed_seller_data,8.6,1,7.107675355191256,2026-05-08,True
Keravan Energia Oy,6,2026-05-12,observed_seller_data,8.6,1,7.366465956284151,2026-05-11,True
Keravan Energia Oy,6,2026-05-13,observed_seller_data,9.99,1,7.396359644808744,2026-05-12,True
Keravan Energia Oy,6,2026-05-14,observed_seller_data,9.99,1,7.428221557377048,2026-05-13,True
Keravan Energia Oy,6,2026-05-15,observed_seller_data,9.99,1,7.398444453551912,2026-05-14,True
Keravan Energia Oy,6,2026-05-16,observed_seller_data,9.99,1,7.479093633879781,2026-05-15,True
Keravan Energia Oy,6,2026-05-17,observed_seller_data,9.99,1,7.479093633879781,2026-05-15,True
Keravan Energia Oy,6,2026-05-18,observed_seller_data,9.99,1,7.479093633879781,2026-05-15,True
Keravan Energia Oy,6,2026-05-19,observed_seller_data,9.99,1,7.228169071038252,2026-05-18,True
Keravan Energia Oy,6,2026-05-20,observed_seller_data,9.99,1,7.127330163934426,2026-05-19,True
Keravan Energia Oy,6,2026-05-21,observed_seller_data,9.99,1,7.172736475409835,2026-05-20,True
Keravan Energia Oy,6,2026-05-22,observed_seller_data,9.99,1,7.28672887978142,2026-05-21,True
Keravan Energia Oy,6,2026-05-23,observed_seller_data,9.99,1,7.243229071038251,2026-05-22,True
Keravan Energia Oy,6,2026-05-24,observed_seller_data,9.99,1,7.243229071038251,2026-05-22,True
Keravan Energia Oy,6,2026-05-25,observed_seller_data,9.99,1,7.243229071038251,2026-05-22,True
Keravan Energia Oy,6,2026-05-26,observed_seller_data,9.99,1,6.942173087431693,2026-05-25,True
Keravan Energia Oy,6,2026-05-27,observed_seller_data,9.99,1,7.076855846994536,2026-05-26,True
Keravan Energia Oy,6,2026-05-28,observed_seller_data,9.99,1,6.931831338797814,2026-05-27,True
Keravan Energia Oy,6,2026-05-29,observed_seller_data,9.99,1,7.196656912568304,2026-05-28,True
Keravan Energia Oy,6,2026-05-30,observed_seller_data,9.99,1,7.456805382513661,2026-05-29,True
Keravan Energia Oy,6,2026-05-31,observed_seller_data,9.99,1,7.456805382513661,2026-05-29,True
Keravan Energia Oy,6,2026-06-01,observed_seller_data,9.99,1,8.027859864130434,2026-05-29,True
Keravan Energia Oy,6,2026-06-02,observed_seller_data,9.99,1,8.316530326086957,2026-06-01,True
Keravan Energia Oy,6,2026-06-03,observed_seller_data,10.4,1,8.12564073369565,2026-06-02,True
Keravan Energia Oy,6,2026-06-04,observed_seller_data,10.4,1,8.344590489130434,2026-06-03,True
Keravan Energia Oy,6,2026-06-05,observed_seller_data,10.4,1,8.148851413043477,2026-06-04,True
Keravan Energia Oy,6,2026-06-06,observed_seller_data,10.4,1,8.002125543478261,2026-06-05,True
Keravan Energia Oy,6,2026-06-07,observed_seller_data,10.4,1,8.002125543478261,2026-06-05,True
Keravan Energia Oy,6,2026-06-08,observed_seller_data,10.4,1,8.002125543478261,2026-06-05,True
Keravan Energia Oy,6,2026-06-09,observed_seller_data,10.4,1,8.021243831521739,2026-06-08,True
Keravan Energia Oy,6,2026-06-10,observed_seller_data,10.9,1,7.776116413043478,2026-06-09,True
Keravan Energia Oy,6,2026-06-11,observed_seller_data,10.9,1,7.787288641304348,2026-06-10,True
Keravan Energia Oy,6,2026-06-12,observed_seller_data,10.9,1,7.798379021739129,2026-06-11,True
Keravan Energia Oy,6,2026-06-13,observed_seller_data,10.9,1,7.557739592391304,2026-06-12,True
Keravan Energia Oy,6,2026-06-14,observed_seller_data,10.9,1,7.557739592391304,2026-06-12,True
Keravan Energia Oy,6,2026-06-15,observed_seller_data,10.9,1,7.557739592391304,2026-06-12,True
Keravan Energia Oy,6,2026-06-16,observed_seller_data,10.9,1,7.4405744293478255,2026-06-15,True
Keravan Energia Oy,6,2026-06-17,observed_seller_data,10.5,1,7.485686222826087,2026-06-16,True
Keravan Energia Oy,6,2026-06-18,observed_seller_data,10.5,1,7.333497010869565,2026-06-17,True
Keravan Energia Oy,6,2026-06-19,observed_seller_data,10.5,1,7.184213396739131,2026-06-18,True
Keravan Energia Oy,6,2026-06-20,observed_seller_data,10.5,1,7.332889972826087,2026-06-19,True
Keravan Energia Oy,6,2026-06-21,observed_seller_data,10.5,1,7.332889972826087,2026-06-19,True
Keravan Energia Oy,6,2026-06-22,observed_seller_data,10.5,1,7.332889972826087,2026-06-19,True
Keravan Energia Oy,6,2026-06-23,observed_seller_data,10.5,1,6.920779347826087,2026-06-22,True
Keravan Energia Oy,6,2026-06-24,observed_seller_data,10.5,1,6.979552907608695,2026-06-23,True
Keravan Energia Oy,6,2026-06-25,observed_seller_data,10.5,1,6.916189048913043,2026-06-24,True
Keravan Energia Oy,6,2026-06-26,observed_seller_data,10.5,1,6.9198994836956516,2026-06-25,True
Keravan Energia Oy,6,2026-06-27,observed_seller_data,10.5,1,7.021247554347825,2026-06-26,True
Keravan Energia Oy,6,2026-06-28,observed_seller_data,10.5,1,7.021247554347825,2026-06-26,True
Keravan Energia Oy,6,2026-06-29,observed_seller_data,10.5,1,7.021247554347825,2026-06-26,True
Keravan Energia Oy,6,2026-06-30,observed_seller_data,10.5,1,7.20875410326087,2026-06-29,True
Keravan Energia Oy,6,2026-07-01,observed_seller_data,10.5,1,8.389504483695651,2026-06-30,True
Keravan Energia Oy,6,2026-07-02,observed_seller_data,10.5,1,8.399762744565216,2026-07-01,True
Keravan Energia Oy,6,2026-07-03,observed_seller_data,10.5,1,8.60288858695652,2026-07-02,True
Keravan Energia Oy,6,2026-07-04,observed_seller_data,10.5,1,8.829231929347825,2026-07-03,True
Keravan Energia Oy,6,2026-07-05,observed_seller_data,10.5,1,8.829231929347825,2026-07-03,True
Keravan Energia Oy,6,2026-07-06,observed_seller_data,10.5,1,8.829231929347825,2026-07-03,True
Keravan Energia Oy,6,2026-07-07,observed_seller_data,10.5,1,8.83481804347826,2026-07-06,True
Keravan Energia Oy,6,2026-07-08,observed_seller_data,10.5,1,8.888237391304347,2026-07-07,True
Keravan Energia Oy,6,2026-07-09,observed_seller_data,10.5,1,9.081084510869564,2026-07-08,True
Keravan Energia Oy,6,2026-07-10,observed_seller_data,10.9,1,9.261954565217389,2026-07-09,True
Keravan Energia Oy,6,2026-07-11,observed_seller_data,10.9,1,9.247372010869563,2026-07-10,True
Keravan Energia Oy,6,2026-07-12,observed_seller_data,10.9,1,9.247372010869563,2026-07-10,True
Keravan Energia Oy,6,2026-07-13,observed_seller_data,10.9,1,9.247372010869563,2026-07-10,True
Keravan Energia Oy,6,2026-07-14,observed_seller_data,10.9,1,9.484048641304346,2026-07-13,True
Keravan Energia Oy,6,2026-07-15,observed_seller_data,11.0,1,9.635098804347825,2026-07-14,True
Keravan Energia Oy,6,2026-07-16,observed_seller_data,11.0,1,9.893621983695652,2026-07-15,True
Keravan Energia Oy,6,2026-07-17,observed_seller_data,11.7,1,9.821984673913043,2026-07-16,True
Keravan Energia Oy,6,2026-07-18,observed_seller_data,11.7,1,10.060427853260867,2026-07-17,True
Keravan Energia Oy,6,2026-07-19,observed_seller_data,11.7,1,10.060427853260867,2026-07-17,True
Keravan Energia Oy,6,2026-07-20,observed_seller_data,11.7,1,10.060427853260867,2026-07-17,True
Keravan Energia Oy,6,2026-07-21,observed_seller_data,11.7,1,10.116848288043478,2026-07-20,True
Keravan Energia Oy,6,2026-07-22,observed_seller_data,11.7,1,10.145904266304347,2026-07-21,True
Keravan Energia Oy,6,2026-07-23,observed_seller_data,12.3,1,10.487925869565217,2026-07-22,True
Keravan Energia Oy,6,2026-07-24,observed_seller_data,12.3,1,10.476433070652174,2026-07-23,True
Keravan Energia Oy,6,2026-07-25,observed_seller_data,12.3,1,10.398609429347827,2026-07-24,True
Keravan Energia Oy,6,2026-07-26,observed_seller_data,12.3,1,10.398609429347827,2026-07-24,True
Keravan Energia Oy,6,2026-07-27,canonical_calculation,12.3,1,10.398609429347827,2026-07-24,True
Keravan Energia Oy,6,2026-07-28,canonical_calculation,12.3,1,10.149839782608694,2026-07-27,True
Keravan Energia Oy,6,2026-07-29,canonical_calculation,12.3,1,10.074553423913043,2026-07-28,True
Keravan Energia Oy,6,2026-07-30,canonical_calculation,12.3,1,10.453140543478257,2026-07-29,True
Keravan Energia Oy,6,2026-08-01,canonical_calculation,12.55,1,11.953403508287291,2026-07-31,True
Keravan Energia Oy,6,2026-08-02,canonical_calculation,12.55,1,11.953403508287291,2026-07-31,True
Keravan Energia Oy,6,2026-08-03,canonical_calculation,12.55,1,11.953403508287291,2026-07-31,True
Keravan Energia Oy,6,2026-08-04,canonical_calculation,12.55,1,11.636949364640882,2026-08-03,True
Keravan Energia Oy,6,2026-08-05,canonical_calculation,13.25,1,11.838782486187846,2026-08-04,True
Keravan Energia Oy,6,2026-08-06,canonical_calculation,13.25,1,11.559888204419888,2026-08-05,True
Keravan Energia Oy,6,2026-08-07,canonical_calculation,13.25,1,11.55857773480663,2026-08-06,True
Keravan Energia Oy,6,2026-08-08,canonical_calculation,13.25,1,11.478583618784532,2026-08-07,True
Keravan Energia Oy,6,2026-08-09,canonical_calculation,13.25,1,11.478583618784532,2026-08-07,True
Keravan Energia Oy,6,2026-08-10,canonical_calculation,13.25,1,11.478583618784532,2026-08-07,True
Keravan Energia Oy,6,2026-08-11,canonical_calculation,13.25,1,11.645401546961326,2026-08-10,True
Keravan Energia Oy,6,2026-08-12,canonical_calculation,13.25,1,11.571758701657458,2026-08-11,True
Keravan Energia Oy,6,2026-08-13,canonical_calculation,13.25,1,11.600921850828728,2026-08-12,True
Keravan Energia Oy,6,2026-08-14,canonical_calculation,13.25,1,11.42925726519337,2026-08-13,True
Keravan Energia Oy,6,2026-08-15,canonical_calculation,13.25,1,11.314379696132594,2026-08-14,True
Keravan Energia Oy,6,2026-08-16,canonical_calculation,13.25,1,11.314379696132594,2026-08-14,True
Keravan Energia Oy,6,2026-08-17,canonical_calculation,13.25,1,11.314379696132594,2026-08-14,True
Keravan Energia Oy,6,2026-08-18,canonical_calculation,13.25,1,11.569546850828727,2026-08-17,True
Keravan Energia Oy,6,2026-08-19,canonical_calculation,13.25,1,11.674093204419888,2026-08-18,True
Keravan Energia Oy,6,2026-08-20,canonical_calculation,13.25,1,11.554556187845302,2026-08-19,True
Keravan Energia Oy,6,2026-08-21,canonical_calculation,13.25,1,11.415459198895025,2026-08-20,True
Keravan Energia Oy,6,2026-08-22,canonical_calculation,13.25,1,11.601920303867402,2026-08-21,True
Keravan Energia Oy,6,2026-08-23,canonical_calculation,13.25,1,11.601920303867402,2026-08-21,True
Keravan Energia Oy,6,2026-08-24,canonical_calculation,13.25,1,11.601920303867402,2026-08-21,True
Keravan Energia Oy,6,2026-08-25,canonical_calculation,13.25,1,11.451798729281766,2026-08-24,True
Keravan Energia Oy,6,2026-08-26,canonical_calculation,13.25,1,11.270392292817679,2026-08-25,True
Keravan Energia Oy,6,2026-08-27,canonical_calculation,13.25,1,10.910380635359115,2026-08-26,True
Keravan Energia Oy,6,2026-08-28,canonical_calculation,13.25,1,11.102617513812154,2026-08-27,True
Keravan Energia Oy,6,2026-08-29,canonical_calculation,13.25,1,11.025050193370166,2026-08-28,True
Keravan Energia Oy,6,2026-08-30,canonical_calculation,13.25,1,11.025050193370166,2026-08-28,True
Keravan Energia Oy,6,2026-08-31,canonical_calculation,13.25,1,11.025050193370166,2026-08-28,True
Keravan Energia Oy,6,2026-09-01,canonical_calculation,13.25,1,11.866493901098899,2026-08-31,True
Keravan Energia Oy,6,2026-09-02,canonical_calculation,13.25,1,11.862680631868132,2026-09-01,True
Keravan Energia Oy,6,2026-09-03,canonical_calculation,13.75,1,12.428430494505495,2026-09-02,True
Keravan Energia Oy,6,2026-09-04,canonical_calculation,13.75,1,12.439056620879121,2026-09-03,True
Keravan Energia Oy,6,2026-09-05,canonical_calculation,13.75,1,12.411219065934064,2026-09-04,True
Keravan Energia Oy,6,2026-09-06,canonical_calculation,13.75,1,12.411219065934064,2026-09-04,True
Keravan Energia Oy,6,2026-09-07,canonical_calculation,13.75,1,12.411219065934064,2026-09-04,True
Keravan Energia Oy,6,2026-09-08,canonical_calculation,13.75,1,12.888525906593406,2026-09-07,True
Keravan Energia Oy,6,2026-09-09,canonical_calculation,14.3,1,13.189960357142855,2026-09-08,True
Keravan Energia Oy,6,2026-09-10,canonical_calculation,14.3,1,13.81508137362637,2026-09-09,True
Keravan Energia Oy,6,2026-09-11,canonical_calculation,14.3,1,13.937105989010986,2026-09-10,True
Keravan Energia Oy,6,2026-09-12,canonical_calculation,15.5,1,13.675272994505493,2026-09-11,True
Keravan Energia Oy,6,2026-09-13,canonical_calculation,15.5,1,13.675272994505493,2026-09-11,True
Keravan Energia Oy,12,2026-04-08,observed_seller_data,8.9,3,,,False
Keravan Energia Oy,12,2026-04-09,observed_seller_data,8.9,3,7.008009397260273,2026-04-08,True
Keravan Energia Oy,12,2026-04-10,observed_seller_data,8.9,3,7.001851301369863,2026-04-09,True
Keravan Energia Oy,12,2026-04-11,observed_seller_data,8.9,3,6.91596116438356,2026-04-10,True
Keravan Energia Oy,12,2026-04-12,observed_seller_data,8.9,3,6.91596116438356,2026-04-10,True
Keravan Energia Oy,12,2026-04-13,observed_seller_data,8.9,3,6.91596116438356,2026-04-10,True
Keravan Energia Oy,12,2026-04-14,observed_seller_data,8.9,3,6.929934643835616,2026-04-13,True
Keravan Energia Oy,12,2026-04-15,observed_seller_data,8.9,3,6.809994465753424,2026-04-14,True
Keravan Energia Oy,12,2026-04-16,observed_seller_data,8.9,3,6.761455191780822,2026-04-15,True
Keravan Energia Oy,12,2026-04-17,observed_seller_data,8.9,3,6.797176273972602,2026-04-16,True
Keravan Energia Oy,12,2026-04-18,observed_seller_data,8.9,3,6.730929465753426,2026-04-17,True
Keravan Energia Oy,12,2026-04-19,observed_seller_data,8.9,3,6.730929465753426,2026-04-17,True
Keravan Energia Oy,12,2026-04-20,observed_seller_data,8.9,3,6.730929465753426,2026-04-17,True
Keravan Energia Oy,12,2026-04-21,observed_seller_data,8.9,3,6.749090863013699,2026-04-20,True
Keravan Energia Oy,12,2026-04-22,observed_seller_data,8.9,3,6.839808452054794,2026-04-21,True
Keravan Energia Oy,12,2026-04-23,observed_seller_data,8.9,3,6.872737589041094,2026-04-22,True
Keravan Energia Oy,12,2026-04-24,observed_seller_data,8.9,3,6.963417356164384,2026-04-23,True
Keravan Energia Oy,12,2026-04-25,observed_seller_data,8.9,3,6.8711112465753414,2026-04-24,True
Keravan Energia Oy,12,2026-04-26,observed_seller_data,8.9,3,6.8711112465753414,2026-04-24,True
Keravan Energia Oy,12,2026-04-27,observed_seller_data,8.9,3,6.8711112465753414,2026-04-24,True
Keravan Energia Oy,12,2026-04-28,observed_seller_data,8.9,3,6.778488808219178,2026-04-27,True
Keravan Energia Oy,12,2026-04-29,observed_seller_data,8.9,3,6.82226595890411,2026-04-28,True
Keravan Energia Oy,12,2026-04-30,observed_seller_data,8.9,3,6.91197610958904,2026-04-29,True
Keravan Energia Oy,12,2026-05-01,observed_seller_data,8.9,3,6.984508232876711,2026-04-30,True
Keravan Energia Oy,12,2026-05-02,observed_seller_data,8.9,3,6.984508232876711,2026-04-30,True
Keravan Energia Oy,12,2026-05-03,observed_seller_data,8.9,3,6.984508232876711,2026-04-30,True
Keravan Energia Oy,12,2026-05-04,observed_seller_data,8.9,3,6.984508232876711,2026-04-30,True
Keravan Energia Oy,12,2026-05-05,observed_seller_data,8.9,3,7.199113232876712,2026-05-04,True
Keravan Energia Oy,12,2026-05-06,observed_seller_data,8.9,3,7.225643589041095,2026-05-05,True
Keravan Energia Oy,12,2026-05-07,observed_seller_data,8.9,3,7.098238739726027,2026-05-06,True
Keravan Energia Oy,12,2026-05-08,observed_seller_data,8.9,3,7.211415671232878,2026-05-07,True
Keravan Energia Oy,12,2026-05-09,observed_seller_data,8.9,3,7.42950716438356,2026-05-08,True
Keravan Energia Oy,12,2026-05-10,observed_seller_data,8.9,3,7.42950716438356,2026-05-08,True
Keravan Energia Oy,12,2026-05-11,observed_seller_data,8.9,3,7.42950716438356,2026-05-08,True
Keravan Energia Oy,12,2026-05-12,observed_seller_data,8.9,3,7.627480835616438,2026-05-11,True
Keravan Energia Oy,12,2026-05-13,observed_seller_data,9.7,3,7.662703356164383,2026-05-12,True
Keravan Energia Oy,12,2026-05-14,observed_seller_data,9.7,3,7.6846194383561635,2026-05-13,True
Keravan Energia Oy,12,2026-05-15,observed_seller_data,9.7,3,7.672966849315067,2026-05-14,True
Keravan Energia Oy,12,2026-05-16,observed_seller_data,9.7,3,7.7297306712328755,2026-05-15,True
Keravan Energia Oy,12,2026-05-17,observed_seller_data,9.7,3,7.7297306712328755,2026-05-15,True
Keravan Energia Oy,12,2026-05-18,observed_seller_data,9.7,3,7.7297306712328755,2026-05-15,True
Keravan Energia Oy,12,2026-05-19,observed_seller_data,9.7,3,7.584962123287671,2026-05-18,True
Keravan Energia Oy,12,2026-05-20,observed_seller_data,9.7,3,7.514379547945205,2026-05-19,True
Keravan Energia Oy,12,2026-05-21,observed_seller_data,9.7,3,7.557534356164381,2026-05-20,True
Keravan Energia Oy,12,2026-05-22,observed_seller_data,9.7,3,7.675029863013698,2026-05-21,True
Keravan Energia Oy,12,2026-05-23,observed_seller_data,9.7,3,7.630430945205479,2026-05-22,True
Keravan Energia Oy,12,2026-05-24,observed_seller_data,9.7,3,7.630430945205479,2026-05-22,True
Keravan Energia Oy,12,2026-05-25,observed_seller_data,9.7,3,7.630430945205479,2026-05-22,True
Keravan Energia Oy,12,2026-05-26,observed_seller_data,9.7,3,7.405325205479452,2026-05-25,True
Keravan Energia Oy,12,2026-05-27,observed_seller_data,9.7,3,7.498484027397259,2026-05-26,True
Keravan Energia Oy,12,2026-05-28,observed_seller_data,9.7,3,7.3629646575342464,2026-05-27,True
Keravan Energia Oy,12,2026-05-29,observed_seller_data,9.7,3,7.544537369863012,2026-05-28,True
Keravan Energia Oy,12,2026-05-30,observed_seller_data,9.7,3,7.758901684931507,2026-05-29,True
Keravan Energia Oy,12,2026-05-31,observed_seller_data,9.7,3,7.758901684931507,2026-05-29,True
Keravan Energia Oy,12,2026-06-01,observed_seller_data,9.7,3,7.61820415068493,2026-05-29,True
Keravan Energia Oy,12,2026-06-02,observed_seller_data,9.7,3,7.859800246575342,2026-06-01,True
Keravan Energia Oy,12,2026-06-03,observed_seller_data,9.7,3,7.760411123287669,2026-06-02,True
Keravan Energia Oy,12,2026-06-04,observed_seller_data,9.7,3,7.938253219178082,2026-06-03,True
Keravan Energia Oy,12,2026-06-05,observed_seller_data,10.0,3,7.809387068493151,2026-06-04,True
Keravan Energia Oy,12,2026-06-06,observed_seller_data,10.0,3,7.719044260273972,2026-06-05,True
Keravan Energia Oy,12,2026-06-07,observed_seller_data,10.0,3,7.719044260273972,2026-06-05,True
Keravan Energia Oy,12,2026-06-08,observed_seller_data,10.0,3,7.719044260273972,2026-06-05,True
Keravan Energia Oy,12,2026-06-09,observed_seller_data,10.0,3,7.710300520547945,2026-06-08,True
Keravan Energia Oy,12,2026-06-10,observed_seller_data,10.0,3,7.529601150684932,2026-06-09,True
Keravan Energia Oy,12,2026-06-11,observed_seller_data,10.0,3,7.565910191780821,2026-06-10,True
Keravan Energia Oy,12,2026-06-12,observed_seller_data,10.0,3,7.608071315068491,2026-06-11,True
Keravan Energia Oy,12,2026-06-13,observed_seller_data,10.0,3,7.4029114794520545,2026-06-12,True
Keravan Energia Oy,12,2026-06-14,observed_seller_data,10.0,3,7.4029114794520545,2026-06-12,True
Keravan Energia Oy,12,2026-06-15,observed_seller_data,10.0,3,7.4029114794520545,2026-06-12,True
Keravan Energia Oy,12,2026-06-16,observed_seller_data,10.0,3,7.26479615068493,2026-06-15,True
Keravan Energia Oy,12,2026-06-17,observed_seller_data,9.2,3,7.301139575342464,2026-06-16,True
Keravan Energia Oy,12,2026-06-18,observed_seller_data,9.2,3,7.162126835616437,2026-06-17,True
Keravan Energia Oy,12,2026-06-19,observed_seller_data,9.2,3,7.0250842739726025,2026-06-18,True
Keravan Energia Oy,12,2026-06-20,observed_seller_data,9.2,3,7.132684191780821,2026-06-19,True
Keravan Energia Oy,12,2026-06-21,observed_seller_data,9.2,3,7.132684191780821,2026-06-19,True
Keravan Energia Oy,12,2026-06-22,observed_seller_data,9.2,3,7.132684191780821,2026-06-19,True
Keravan Energia Oy,12,2026-06-23,observed_seller_data,9.309999999999999,2,6.836349465753425,2026-06-22,True
Keravan Energia Oy,12,2026-06-24,observed_seller_data,9.309999999999999,2,6.874353616438356,2026-06-23,True
Keravan Energia Oy,12,2026-06-25,observed_seller_data,9.309999999999999,2,6.835799328767123,2026-06-24,True
Keravan Energia Oy,12,2026-06-26,observed_seller_data,9.309999999999999,2,6.8778641780821905,2026-06-25,True
Keravan Energia Oy,12,2026-06-27,observed_seller_data,9.309999999999999,2,6.942928191780821,2026-06-26,True
Keravan Energia Oy,12,2026-06-28,observed_seller_data,9.309999999999999,2,6.942928191780821,2026-06-26,True
Keravan Energia Oy,12,2026-06-29,observed_seller_data,9.309999999999999,2,6.942928191780821,2026-06-26,True
Keravan Energia Oy,12,2026-06-30,observed_seller_data,9.309999999999999,2,7.11498009589041,2026-06-29,True
Keravan Energia Oy,12,2026-07-01,observed_seller_data,9.309999999999999,2,7.291367767123288,2026-06-30,True
Keravan Energia Oy,12,2026-07-02,observed_seller_data,9.309999999999999,2,7.297343630136985,2026-07-01,True
Keravan Energia Oy,12,2026-07-03,observed_seller_data,9.309999999999999,2,7.396309835616438,2026-07-02,True
Keravan Energia Oy,12,2026-07-04,observed_seller_data,9.309999999999999,2,7.537921972602739,2026-07-03,True
Keravan Energia Oy,12,2026-07-05,observed_seller_data,9.309999999999999,2,7.537921972602739,2026-07-03,True
Keravan Energia Oy,12,2026-07-06,observed_seller_data,9.309999999999999,2,7.537921972602739,2026-07-03,True
Keravan Energia Oy,12,2026-07-07,observed_seller_data,9.309999999999999,2,7.517649424657533,2026-07-06,True
Keravan Energia Oy,12,2026-07-08,observed_seller_data,9.309999999999999,2,7.55255905479452,2026-07-07,True
Keravan Energia Oy,12,2026-07-09,observed_seller_data,9.309999999999999,2,7.663016246575341,2026-07-08,True
Keravan Energia Oy,12,2026-07-10,observed_seller_data,9.309999999999999,2,7.752925821917807,2026-07-09,True
Keravan Energia Oy,12,2026-07-11,observed_seller_data,9.309999999999999,2,7.733756986301369,2026-07-10,True
Keravan Energia Oy,12,2026-07-12,observed_seller_data,9.309999999999999,2,7.733756986301369,2026-07-10,True
Keravan Energia Oy,12,2026-07-13,observed_seller_data,9.309999999999999,2,7.733756986301369,2026-07-10,True
Keravan Energia Oy,12,2026-07-14,observed_seller_data,9.309999999999999,2,7.916333698630135,2026-07-13,True
Keravan Energia Oy,12,2026-07-15,observed_seller_data,9.309999999999999,2,8.05474128767123,2026-07-14,True
Keravan Energia Oy,12,2026-07-16,observed_seller_data,9.309999999999999,2,8.242688712328768,2026-07-15,True
Keravan Energia Oy,12,2026-07-17,observed_seller_data,10.030000000000001,2,8.230231547945204,2026-07-16,True
Keravan Energia Oy,12,2026-07-18,observed_seller_data,10.030000000000001,2,8.411536068493149,2026-07-17,True
Keravan Energia Oy,12,2026-07-19,observed_seller_data,10.030000000000001,2,8.411536068493149,2026-07-17,True
Keravan Energia Oy,12,2026-07-20,observed_seller_data,10.030000000000001,2,8.411536068493149,2026-07-17,True
Keravan Energia Oy,12,2026-07-21,observed_seller_data,10.030000000000001,2,8.444090424657533,2026-07-20,True
Keravan Energia Oy,12,2026-07-22,observed_seller_data,10.030000000000001,2,8.482008616438355,2026-07-21,True
Keravan Energia Oy,12,2026-07-23,observed_seller_data,10.530000000000001,2,8.747336246575342,2026-07-22,True
Keravan Energia Oy,12,2026-07-24,observed_seller_data,10.530000000000001,2,8.776696369863014,2026-07-23,True
Keravan Energia Oy,12,2026-07-25,observed_seller_data,10.530000000000001,2,8.763114863013698,2026-07-24,True
Keravan Energia Oy,12,2026-07-26,observed_seller_data,10.530000000000001,2,8.763114863013698,2026-07-24,True
Keravan Energia Oy,12,2026-07-27,canonical_calculation,10.530000000000001,2,8.763114863013698,2026-07-24,True
Keravan Energia Oy,12,2026-07-28,canonical_calculation,10.530000000000001,2,8.568218520547944,2026-07-27,True
Keravan Energia Oy,12,2026-07-29,canonical_calculation,10.4,1,8.490944904109588,2026-07-28,True
Keravan Energia Oy,12,2026-07-30,canonical_calculation,10.530000000000001,2,8.781259068493151,2026-07-29,True
Keravan Energia Oy,12,2026-07-31,canonical_calculation,10.530000000000001,2,8.746273794520546,2026-07-30,True
Keravan Energia Oy,12,2026-08-01,canonical_calculation,10.530000000000001,2,8.888607986301372,2026-07-31,True
Keravan Energia Oy,12,2026-08-02,canonical_calculation,10.530000000000001,2,8.888607986301372,2026-07-31,True
Keravan Energia Oy,12,2026-08-03,canonical_calculation,10.530000000000001,2,8.888607986301372,2026-07-31,True
Keravan Energia Oy,12,2026-08-04,canonical_calculation,10.530000000000001,2,8.728779438356165,2026-08-03,True
Keravan Energia Oy,12,2026-08-05,canonical_calculation,11.030000000000001,2,8.838225753424656,2026-08-04,True
Keravan Energia Oy,12,2026-08-06,canonical_calculation,11.030000000000001,2,8.654765383561644,2026-08-05,True
Keravan Energia Oy,12,2026-08-07,canonical_calculation,11.030000000000001,2,8.644147739726026,2026-08-06,True
Keravan Energia Oy,12,2026-08-08,canonical_calculation,11.030000000000001,2,8.630679698630136,2026-08-07,True
Keravan Energia Oy,12,2026-08-09,canonical_calculation,11.030000000000001,2,8.630679698630136,2026-08-07,True
Keravan Energia Oy,12,2026-08-10,canonical_calculation,11.030000000000001,2,8.630679698630136,2026-08-07,True
Keravan Energia Oy,12,2026-08-11,canonical_calculation,11.030000000000001,2,8.748859438356163,2026-08-10,True
Keravan Energia Oy,12,2026-08-12,canonical_calculation,11.030000000000001,2,8.705082287671232,2026-08-11,True
Keravan Energia Oy,12,2026-08-13,canonical_calculation,11.030000000000001,2,8.724316452054794,2026-08-12,True
Keravan Energia Oy,12,2026-08-14,canonical_calculation,11.030000000000001,2,8.579424123287671,2026-08-13,True
Keravan Energia Oy,12,2026-08-15,canonical_calculation,11.030000000000001,2,8.519703315068492,2026-08-14,True
Keravan Energia Oy,12,2026-08-16,canonical_calculation,11.030000000000001,2,8.519703315068492,2026-08-14,True
Keravan Energia Oy,12,2026-08-17,canonical_calculation,11.030000000000001,2,8.519703315068492,2026-08-14,True
Keravan Energia Oy,12,2026-08-18,canonical_calculation,11.030000000000001,2,8.72096405479452,2026-08-17,True
Keravan Energia Oy,12,2026-08-19,canonical_calculation,11.030000000000001,2,8.774798397260271,2026-08-18,True
Keravan Energia Oy,12,2026-08-20,canonical_calculation,11.030000000000001,2,8.702345356164384,2026-08-19,True
Keravan Energia Oy,12,2026-08-21,canonical_calculation,11.030000000000001,2,8.65210409589041,2026-08-20,True
Keravan Energia Oy,12,2026-08-22,canonical_calculation,11.030000000000001,2,8.782668794520548,2026-08-21,True
Keravan Energia Oy,12,2026-08-23,canonical_calculation,11.030000000000001,2,8.782668794520548,2026-08-21,True
Keravan Energia Oy,12,2026-08-24,canonical_calculation,11.030000000000001,2,8.782668794520548,2026-08-21,True
Keravan Energia Oy,12,2026-08-25,canonical_calculation,11.030000000000001,2,8.70024108219178,2026-08-24,True
Keravan Energia Oy,12,2026-08-26,canonical_calculation,11.030000000000001,2,8.494331684931506,2026-08-25,True
Keravan Energia Oy,12,2026-08-27,canonical_calculation,11.030000000000001,2,8.25278716438356,2026-08-26,True
Keravan Energia Oy,12,2026-08-28,canonical_calculation,11.030000000000001,2,8.430127260273972,2026-08-27,True
Keravan Energia Oy,12,2026-08-29,canonical_calculation,11.030000000000001,2,8.376550794520547,2026-08-28,True
Keravan Energia Oy,12,2026-08-30,canonical_calculation,11.030000000000001,2,8.376550794520547,2026-08-28,True
Keravan Energia Oy,12,2026-08-31,canonical_calculation,11.030000000000001,2,8.376550794520547,2026-08-28,True
Keravan Energia Oy,12,2026-09-01,canonical_calculation,11.030000000000001,2,8.194654876712328,2026-08-31,True
Keravan Energia Oy,12,2026-09-02,canonical_calculation,11.030000000000001,2,8.232160465753424,2026-09-01,True
Keravan Energia Oy,12,2026-09-03,canonical_calculation,11.530000000000001,2,8.529712369863013,2026-09-02,True
Keravan Energia Oy,12,2026-09-04,canonical_calculation,11.530000000000001,2,8.541691602739725,2026-09-03,True
Keravan Energia Oy,12,2026-09-05,canonical_calculation,11.530000000000001,2,8.551384328767123,2026-09-04,True
Keravan Energia Oy,12,2026-09-06,canonical_calculation,11.530000000000001,2,8.551384328767123,2026-09-04,True
Keravan Energia Oy,12,2026-09-07,canonical_calculation,11.530000000000001,2,8.551384328767123,2026-09-04,True
Keravan Energia Oy,12,2026-09-08,canonical_calculation,11.530000000000001,2,8.858608328767124,2026-09-07,True
Keravan Energia Oy,12,2026-09-09,canonical_calculation,11.93,2,9.059559616438355,2026-09-08,True
Keravan Energia Oy,12,2026-09-10,canonical_calculation,11.93,2,9.442544356164383,2026-09-09,True
Keravan Energia Oy,12,2026-09-11,canonical_calculation,11.93,2,9.592642356164383,2026-09-10,True
Keravan Energia Oy,12,2026-09-12,canonical_calculation,12.83,2,9.381571986301369,2026-09-11,True
Keravan Energia Oy,12,2026-09-13,canonical_calculation,12.83,2,9.381571986301369,2026-09-11,True
Keravan Energia Oy,24,2026-04-08,observed_seller_data,8.2,2,,,False
Keravan Energia Oy,24,2026-04-09,observed_seller_data,8.2,2,6.314420047879617,2026-04-08,True
Keravan Energia Oy,24,2026-04-10,observed_seller_data,8.2,2,6.2962903625171,2026-04-09,True
Keravan Energia Oy,24,2026-04-11,observed_seller_data,8.2,2,6.228571867305061,2026-04-10,True
Keravan Energia Oy,24,2026-04-12,observed_seller_data,8.2,2,6.228571867305061,2026-04-10,True
Keravan Energia Oy,24,2026-04-13,observed_seller_data,8.2,2,6.228571867305061,2026-04-10,True
Keravan Energia Oy,24,2026-04-14,observed_seller_data,8.2,2,6.23801269493844,2026-04-13,True
Keravan Energia Oy,24,2026-04-15,observed_seller_data,8.2,2,6.177379541723666,2026-04-14,True
Keravan Energia Oy,24,2026-04-16,observed_seller_data,8.2,2,6.144708337893295,2026-04-15,True
Keravan Energia Oy,24,2026-04-17,observed_seller_data,8.2,2,6.150796203830369,2026-04-16,True
Keravan Energia Oy,24,2026-04-18,observed_seller_data,8.2,2,6.103619534883721,2026-04-17,True
Keravan Energia Oy,24,2026-04-19,observed_seller_data,8.2,2,6.103619534883721,2026-04-17,True
Keravan Energia Oy,24,2026-04-20,observed_seller_data,8.2,2,6.103619534883721,2026-04-17,True
Keravan Energia Oy,24,2026-04-21,observed_seller_data,8.2,2,6.087503686730505,2026-04-20,True
Keravan Energia Oy,24,2026-04-22,observed_seller_data,8.2,2,6.154380937072504,2026-04-21,True
Keravan Energia Oy,24,2026-04-23,observed_seller_data,8.2,2,6.177219876880984,2026-04-22,True
Keravan Energia Oy,24,2026-04-24,observed_seller_data,8.2,2,6.256475444596442,2026-04-23,True
Keravan Energia Oy,24,2026-04-25,observed_seller_data,8.2,2,6.191047195622435,2026-04-24,True
Keravan Energia Oy,24,2026-04-26,observed_seller_data,8.2,2,6.191047195622435,2026-04-24,True
Keravan Energia Oy,24,2026-04-27,observed_seller_data,8.2,2,6.191047195622435,2026-04-24,True
Keravan Energia Oy,24,2026-04-28,observed_seller_data,8.2,2,6.134817701778386,2026-04-27,True
Keravan Energia Oy,24,2026-04-29,observed_seller_data,8.2,2,6.171774103967169,2026-04-28,True
Keravan Energia Oy,24,2026-04-30,observed_seller_data,8.2,2,6.239817079343364,2026-04-29,True
Keravan Energia Oy,24,2026-05-01,observed_seller_data,8.2,2,6.355381805745553,2026-04-30,True
Keravan Energia Oy,24,2026-05-02,observed_seller_data,8.2,2,6.355381805745553,2026-04-30,True
Keravan Energia Oy,24,2026-05-03,observed_seller_data,8.2,2,6.355381805745553,2026-04-30,True
Keravan Energia Oy,24,2026-05-04,observed_seller_data,8.2,2,6.355381805745553,2026-04-30,True
Keravan Energia Oy,24,2026-05-05,observed_seller_data,8.2,2,6.476608625170997,2026-05-04,True
Keravan Energia Oy,24,2026-05-06,observed_seller_data,8.515,2,6.494082482900137,2026-05-05,True
Keravan Energia Oy,24,2026-05-07,observed_seller_data,8.515,2,6.3717053898768805,2026-05-06,True
Keravan Energia Oy,24,2026-05-08,observed_seller_data,8.515,2,6.408783686730506,2026-05-07,True
Keravan Energia Oy,24,2026-05-09,observed_seller_data,8.515,2,6.537145636114911,2026-05-08,True
Keravan Energia Oy,24,2026-05-10,observed_seller_data,8.515,2,6.537145636114911,2026-05-08,True
Keravan Energia Oy,24,2026-05-11,observed_seller_data,8.515,2,6.537145636114911,2026-05-08,True
Keravan Energia Oy,24,2026-05-12,observed_seller_data,8.515,2,6.665234610123119,2026-05-11,True
Keravan Energia Oy,24,2026-05-13,observed_seller_data,8.530000000000001,2,6.70606760601915,2026-05-12,True
Keravan Energia Oy,24,2026-05-14,observed_seller_data,8.530000000000001,2,6.721105287277702,2026-05-13,True
Keravan Energia Oy,24,2026-05-15,observed_seller_data,8.530000000000001,2,6.717319685362518,2026-05-14,True
Keravan Energia Oy,24,2026-05-16,observed_seller_data,8.530000000000001,2,6.7470001778385775,2026-05-15,True
Keravan Energia Oy,24,2026-05-17,observed_seller_data,8.530000000000001,2,6.7470001778385775,2026-05-15,True
Keravan Energia Oy,24,2026-05-18,observed_seller_data,8.530000000000001,2,6.7470001778385775,2026-05-15,True
Keravan Energia Oy,24,2026-05-19,observed_seller_data,8.530000000000001,2,6.650742879616962,2026-05-18,True
Keravan Energia Oy,24,2026-05-20,observed_seller_data,8.530000000000001,2,6.6187309370725025,2026-05-19,True
Keravan Energia Oy,24,2026-05-21,observed_seller_data,8.530000000000001,2,6.6317977017783845,2026-05-20,True
Keravan Energia Oy,24,2026-05-22,observed_seller_data,8.530000000000001,2,6.702566997264021,2026-05-21,True
Keravan Energia Oy,24,2026-05-23,observed_seller_data,8.530000000000001,2,6.6722512790697674,2026-05-22,True
Keravan Energia Oy,24,2026-05-24,observed_seller_data,8.530000000000001,2,6.6722512790697674,2026-05-22,True
Keravan Energia Oy,24,2026-05-25,observed_seller_data,8.530000000000001,2,6.6722512790697674,2026-05-22,True
Keravan Energia Oy,24,2026-05-26,observed_seller_data,8.530000000000001,2,6.515872441860465,2026-05-25,True
Keravan Energia Oy,24,2026-05-27,observed_seller_data,8.530000000000001,2,6.584854521203829,2026-05-26,True
Keravan Energia Oy,24,2026-05-28,observed_seller_data,8.530000000000001,2,6.484572982216141,2026-05-27,True
Keravan Energia Oy,24,2026-05-29,observed_seller_data,8.530000000000001,2,6.595828474692201,2026-05-28,True
Keravan Energia Oy,24,2026-05-30,observed_seller_data,8.530000000000001,2,6.705398043775649,2026-05-29,True
Keravan Energia Oy,24,2026-05-31,observed_seller_data,8.530000000000001,2,6.705398043775649,2026-05-29,True
Keravan Energia Oy,24,2026-06-01,observed_seller_data,8.530000000000001,2,6.692830875512995,2026-05-29,True
Keravan Energia Oy,24,2026-06-02,observed_seller_data,8.530000000000001,2,6.863023296853624,2026-06-01,True
Keravan Energia Oy,24,2026-06-03,observed_seller_data,8.530000000000001,2,6.804407414500683,2026-06-02,True
Keravan Energia Oy,24,2026-06-04,observed_seller_data,8.530000000000001,2,6.924890848153214,2026-06-03,True
Keravan Energia Oy,24,2026-06-05,observed_seller_data,8.93,2,6.841681429548563,2026-06-04,True
Keravan Energia Oy,24,2026-06-06,observed_seller_data,8.93,2,6.780177845417237,2026-06-05,True
Keravan Energia Oy,24,2026-06-07,observed_seller_data,8.93,2,6.780177845417237,2026-06-05,True
Keravan Energia Oy,24,2026-06-08,observed_seller_data,8.93,2,6.780177845417237,2026-06-05,True
Keravan Energia Oy,24,2026-06-09,observed_seller_data,8.93,2,6.7652792270861815,2026-06-08,True
Keravan Energia Oy,24,2026-06-10,observed_seller_data,8.93,2,6.654351648426812,2026-06-09,True
Keravan Energia Oy,24,2026-06-11,observed_seller_data,8.93,2,6.690471956224349,2026-06-10,True
Keravan Energia Oy,24,2026-06-12,observed_seller_data,8.93,2,6.73640049247606,2026-06-11,True
Keravan Energia Oy,24,2026-06-13,observed_seller_data,8.93,2,6.603004808481531,2026-06-12,True
Keravan Energia Oy,24,2026-06-14,observed_seller_data,8.93,2,6.603004808481531,2026-06-12,True
Keravan Energia Oy,24,2026-06-15,observed_seller_data,8.93,2,6.603004808481531,2026-06-12,True
Keravan Energia Oy,24,2026-06-16,observed_seller_data,8.93,2,6.537957694938441,2026-06-15,True
Keravan Energia Oy,24,2026-06-17,observed_seller_data,8.61,2,6.571571436388509,2026-06-16,True
Keravan Energia Oy,24,2026-06-18,observed_seller_data,8.61,2,6.488619541723665,2026-06-17,True
Keravan Energia Oy,24,2026-06-19,observed_seller_data,8.61,2,6.392096135430917,2026-06-18,True
Keravan Energia Oy,24,2026-06-20,observed_seller_data,8.61,2,6.448359965800273,2026-06-19,True
Keravan Energia Oy,24,2026-06-21,observed_seller_data,8.61,2,6.448359965800273,2026-06-19,True
Keravan Energia Oy,24,2026-06-22,observed_seller_data,8.61,2,6.448359965800273,2026-06-19,True
Keravan Energia Oy,24,2026-06-23,observed_seller_data,8.61,2,6.2601099658002735,2026-06-22,True
Keravan Energia Oy,24,2026-06-24,observed_seller_data,8.61,2,6.329272311901504,2026-06-23,True
Keravan Energia Oy,24,2026-06-25,observed_seller_data,8.61,2,6.319347339261285,2026-06-24,True
Keravan Energia Oy,24,2026-06-26,observed_seller_data,8.61,2,6.360398372093023,2026-06-25,True
Keravan Energia Oy,24,2026-06-27,observed_seller_data,8.61,2,6.398996060191518,2026-06-26,True
Keravan Energia Oy,24,2026-06-28,observed_seller_data,8.61,2,6.398996060191518,2026-06-26,True
Keravan Energia Oy,24,2026-06-29,observed_seller_data,8.61,2,6.398996060191518,2026-06-26,True
Keravan Energia Oy,24,2026-06-30,observed_seller_data,8.61,2,6.356499459644321,2026-06-29,True
Keravan Energia Oy,24,2026-07-01,observed_seller_data,8.61,2,6.578045588235293,2026-06-30,True
Keravan Energia Oy,24,2026-07-02,observed_seller_data,8.61,2,6.6284910943912445,2026-07-01,True
Keravan Energia Oy,24,2026-07-03,observed_seller_data,8.61,2,6.720432291381669,2026-07-02,True
Keravan Energia Oy,24,2026-07-04,observed_seller_data,8.61,2,6.790317421340628,2026-07-03,True
Keravan Energia Oy,24,2026-07-05,observed_seller_data,8.61,2,6.790317421340628,2026-07-03,True
Keravan Energia Oy,24,2026-07-06,observed_seller_data,8.61,2,6.790317421340628,2026-07-03,True
Keravan Energia Oy,24,2026-07-07,observed_seller_data,8.61,2,6.748586525307798,2026-07-06,True
Keravan Energia Oy,24,2026-07-08,observed_seller_data,8.61,2,6.768290540355675,2026-07-07,True
Keravan Energia Oy,24,2026-07-09,observed_seller_data,8.61,2,6.846610437756497,2026-07-08,True
Keravan Energia Oy,24,2026-07-10,observed_seller_data,8.61,2,6.866929076607387,2026-07-09,True
Keravan Energia Oy,24,2026-07-11,observed_seller_data,8.61,2,6.839267571819425,2026-07-10,True
Keravan Energia Oy,24,2026-07-12,observed_seller_data,8.61,2,6.839267571819425,2026-07-10,True
Keravan Energia Oy,24,2026-07-13,observed_seller_data,8.61,2,6.839267571819425,2026-07-10,True
Keravan Energia Oy,24,2026-07-14,observed_seller_data,8.61,2,6.9581303214774275,2026-07-13,True
Keravan Energia Oy,24,2026-07-15,observed_seller_data,8.61,2,7.056428926128589,2026-07-14,True
Keravan Energia Oy,24,2026-07-16,observed_seller_data,8.61,2,7.151063823529411,2026-07-15,True
Keravan Energia Oy,24,2026-07-17,observed_seller_data,9.129999999999999,2,7.151930820793433,2026-07-16,True
Keravan Energia Oy,24,2026-07-18,observed_seller_data,9.129999999999999,2,7.250301532147743,2026-07-17,True
Keravan Energia Oy,24,2026-07-19,observed_seller_data,9.129999999999999,2,7.250301532147743,2026-07-17,True
Keravan Energia Oy,24,2026-07-20,observed_seller_data,9.129999999999999,2,7.250301532147743,2026-07-17,True
Keravan Energia Oy,24,2026-07-21,observed_seller_data,9.129999999999999,2,7.25315146374829,2026-07-20,True
Keravan Energia Oy,24,2026-07-22,observed_seller_data,9.129999999999999,2,7.284062920656635,2026-07-21,True
Keravan Energia Oy,24,2026-07-23,observed_seller_data,9.129999999999999,2,7.422411648426812,2026-07-22,True
Keravan Energia Oy,24,2026-07-24,observed_seller_data,9.129999999999999,2,7.446412879616962,2026-07-23,True
Keravan Energia Oy,24,2026-07-25,observed_seller_data,9.129999999999999,2,7.456499233926127,2026-07-24,True
Keravan Energia Oy,24,2026-07-26,observed_seller_data,9.129999999999999,2,7.456499233926127,2026-07-24,True
Keravan Energia Oy,24,2026-07-27,canonical_calculation,9.129999999999999,2,7.456499233926127,2026-07-24,True
Keravan Energia Oy,24,2026-07-28,canonical_calculation,9.129999999999999,2,7.337356641586867,2026-07-27,True
Keravan Energia Oy,24,2026-07-30,canonical_calculation,9.27,2,7.420560909712721,2026-07-29,True
Keravan Energia Oy,24,2026-07-31,canonical_calculation,9.27,2,7.412508994528044,2026-07-30,True
Keravan Energia Oy,24,2026-08-02,canonical_calculation,9.46,2,7.608965424076606,2026-07-31,True
Keravan Energia Oy,24,2026-08-03,canonical_calculation,9.46,2,7.608965424076606,2026-07-31,True
Keravan Energia Oy,24,2026-08-04,canonical_calculation,9.46,2,7.529972530779754,2026-08-03,True
Keravan Energia Oy,24,2026-08-05,canonical_calculation,9.46,2,7.585975403556771,2026-08-04,True
Keravan Energia Oy,24,2026-08-06,canonical_calculation,9.46,2,7.4775578248974,2026-08-05,True
Keravan Energia Oy,24,2026-08-07,canonical_calculation,9.46,2,7.496314151846784,2026-08-06,True
Keravan Energia Oy,24,2026-08-08,canonical_calculation,9.46,2,7.491129336525306,2026-08-07,True
Keravan Energia Oy,24,2026-08-09,canonical_calculation,9.46,2,7.491129336525306,2026-08-07,True
Keravan Energia Oy,24,2026-08-10,canonical_calculation,9.46,2,7.491129336525306,2026-08-07,True
Keravan Energia Oy,24,2026-08-11,canonical_calculation,9.46,2,7.565430143638851,2026-08-10,True
Keravan Energia Oy,24,2026-08-12,canonical_calculation,9.46,2,7.543820451436388,2026-08-11,True
Keravan Energia Oy,24,2026-08-13,canonical_calculation,9.46,2,7.565919439124487,2026-08-12,True
Keravan Energia Oy,24,2026-08-14,canonical_calculation,9.46,2,7.4593920861833105,2026-08-13,True
Keravan Energia Oy,24,2026-08-15,canonical_calculation,9.46,2,7.408258132694938,2026-08-14,True
Keravan Energia Oy,24,2026-08-16,canonical_calculation,9.46,2,7.408258132694938,2026-08-14,True
Keravan Energia Oy,24,2026-08-17,canonical_calculation,9.46,2,7.408258132694938,2026-08-14,True
Keravan Energia Oy,24,2026-08-18,canonical_calculation,9.46,2,7.543262482900136,2026-08-17,True
Keravan Energia Oy,24,2026-08-19,canonical_calculation,9.719999999999999,2,7.569327339261285,2026-08-18,True
Keravan Energia Oy,24,2026-08-20,canonical_calculation,9.719999999999999,2,7.525651279069766,2026-08-19,True
Keravan Energia Oy,24,2026-08-21,canonical_calculation,9.719999999999999,2,7.518734186046511,2026-08-20,True
Keravan Energia Oy,24,2026-08-22,canonical_calculation,9.719999999999999,2,7.600690321477427,2026-08-21,True
Keravan Energia Oy,24,2026-08-23,canonical_calculation,9.719999999999999,2,7.600690321477427,2026-08-21,True
Keravan Energia Oy,24,2026-08-24,canonical_calculation,9.719999999999999,2,7.600690321477427,2026-08-21,True
Keravan Energia Oy,24,2026-08-25,canonical_calculation,9.719999999999999,2,7.572352387140903,2026-08-24,True
Keravan Energia Oy,24,2026-08-26,canonical_calculation,9.719999999999999,2,7.385951409028726,2026-08-25,True
Keravan Energia Oy,24,2026-08-27,canonical_calculation,9.719999999999999,2,7.248811326949384,2026-08-26,True
Keravan Energia Oy,24,2026-08-28,canonical_calculation,9.719999999999999,2,7.380433529411764,2026-08-27,True
Keravan Energia Oy,24,2026-08-29,canonical_calculation,9.719999999999999,2,7.362903016415868,2026-08-28,True
Keravan Energia Oy,24,2026-08-30,canonical_calculation,9.719999999999999,2,7.362903016415868,2026-08-28,True
Keravan Energia Oy,24,2026-08-31,canonical_calculation,9.719999999999999,2,7.362903016415868,2026-08-28,True
Keravan Energia Oy,24,2026-09-01,canonical_calculation,9.719999999999999,2,7.3933217441860455,2026-08-31,True
Keravan Energia Oy,24,2026-09-02,canonical_calculation,9.719999999999999,2,7.452802906976744,2026-09-01,True
Keravan Energia Oy,24,2026-09-03,canonical_calculation,10.030000000000001,2,7.658533632010943,2026-09-02,True
Keravan Energia Oy,24,2026-09-04,canonical_calculation,10.030000000000001,2,7.687525677154583,2026-09-03,True
Keravan Energia Oy,24,2026-09-05,canonical_calculation,10.030000000000001,2,7.69683602599179,2026-09-04,True
Keravan Energia Oy,24,2026-09-06,canonical_calculation,10.030000000000001,2,7.69683602599179,2026-09-04,True
Keravan Energia Oy,24,2026-09-07,canonical_calculation,10.030000000000001,2,7.69683602599179,2026-09-04,True
Keravan Energia Oy,24,2026-09-08,canonical_calculation,10.030000000000001,2,7.916026668946647,2026-09-07,True
Keravan Energia Oy,24,2026-09-09,canonical_calculation,10.43,2,8.065436908344731,2026-09-08,True
Keravan Energia Oy,24,2026-09-10,canonical_calculation,10.43,2,8.37942211354309,2026-09-09,True
Keravan Energia Oy,24,2026-09-11,canonical_calculation,10.43,2,8.510666614227084,2026-09-10,True
Keravan Energia Oy,24,2026-09-12,canonical_calculation,11.030000000000001,2,8.336777865937071,2026-09-11,True
Keravan Energia Oy,24,2026-09-13,canonical_calculation,11.030000000000001,2,8.336777865937071,2026-09-11,True
Koillis-Satakunnan Sähkö Oy,12,2026-04-08,observed_seller_data,8.535,2,,,False
Koillis-Satakunnan Sähkö Oy,12,2026-04-09,observed_seller_data,8.535,2,7.008009397260273,2026-04-08,True
Koillis-Satakunnan Sähkö Oy,12,2026-04-10,observed_seller_data,8.915,2,7.001851301369863,2026-04-09,True
Koillis-Satakunnan Sähkö Oy,12,2026-04-11,observed_seller_data,8.915,2,6.91596116438356,2026-04-10,True
Koillis-Satakunnan Sähkö Oy,12,2026-04-12,observed_seller_data,8.915,2,6.91596116438356,2026-04-10,True
Koillis-Satakunnan Sähkö Oy,12,2026-04-13,observed_seller_data,8.915,2,6.91596116438356,2026-04-10,True
Koillis-Satakunnan Sähkö Oy,12,2026-04-14,observed_seller_data,8.915,2,6.929934643835616,2026-04-13,True
Koillis-Satakunnan Sähkö Oy,12,2026-04-15,observed_seller_data,8.915,2,6.809994465753424,2026-04-14,True
Koillis-Satakunnan Sähkö Oy,12,2026-04-16,observed_seller_data,8.915,2,6.761455191780822,2026-04-15,True
Koillis-Satakunnan Sähkö Oy,12,2026-04-17,observed_seller_data,8.915,2,6.797176273972602,2026-04-16,True
Koillis-Satakunnan Sähkö Oy,12,2026-04-18,observed_seller_data,8.915,2,6.730929465753426,2026-04-17,True
Koillis-Satakunnan Sähkö Oy,12,2026-04-19,observed_seller_data,8.915,2,6.730929465753426,2026-04-17,True
Koillis-Satakunnan Sähkö Oy,12,2026-04-20,observed_seller_data,8.915,2,6.730929465753426,2026-04-17,True
Koillis-Satakunnan Sähkö Oy,12,2026-04-21,observed_seller_data,8.915,2,6.749090863013699,2026-04-20,True
Koillis-Satakunnan Sähkö Oy,12,2026-04-22,observed_seller_data,8.915,2,6.839808452054794,2026-04-21,True
Koillis-Satakunnan Sähkö Oy,12,2026-04-23,observed_seller_data,8.915,2,6.872737589041094,2026-04-22,True
Koillis-Satakunnan Sähkö Oy,12,2026-04-24,observed_seller_data,8.915,2,6.963417356164384,2026-04-23,True
Koillis-Satakunnan Sähkö Oy,12,2026-04-25,observed_seller_data,8.915,2,6.8711112465753414,2026-04-24,True
Koillis-Satakunnan Sähkö Oy,12,2026-04-26,observed_seller_data,8.915,2,6.8711112465753414,2026-04-24,True
Koillis-Satakunnan Sähkö Oy,12,2026-04-27,observed_seller_data,8.915,2,6.8711112465753414,2026-04-24,True
Koillis-Satakunnan Sähkö Oy,12,2026-04-28,observed_seller_data,8.915,2,6.778488808219178,2026-04-27,True
Koillis-Satakunnan Sähkö Oy,12,2026-04-29,observed_seller_data,8.915,2,6.82226595890411,2026-04-28,True
Koillis-Satakunnan Sähkö Oy,12,2026-04-30,observed_seller_data,8.915,2,6.91197610958904,2026-04-29,True
Koillis-Satakunnan Sähkö Oy,12,2026-05-01,observed_seller_data,8.915,2,6.984508232876711,2026-04-30,True
Koillis-Satakunnan Sähkö Oy,12,2026-05-02,observed_seller_data,8.915,2,6.984508232876711,2026-04-30,True
Koillis-Satakunnan Sähkö Oy,12,2026-05-03,observed_seller_data,8.915,2,6.984508232876711,2026-04-30,True
Koillis-Satakunnan Sähkö Oy,12,2026-05-04,observed_seller_data,8.915,2,6.984508232876711,2026-04-30,True
Koillis-Satakunnan Sähkö Oy,12,2026-05-05,observed_seller_data,8.915,2,7.199113232876712,2026-05-04,True
Koillis-Satakunnan Sähkö Oy,12,2026-05-06,observed_seller_data,8.915,2,7.225643589041095,2026-05-05,True
Koillis-Satakunnan Sähkö Oy,12,2026-05-07,observed_seller_data,8.915,2,7.098238739726027,2026-05-06,True
Koillis-Satakunnan Sähkö Oy,12,2026-05-08,observed_seller_data,8.915,2,7.211415671232878,2026-05-07,True
Koillis-Satakunnan Sähkö Oy,12,2026-05-09,observed_seller_data,8.915,2,7.42950716438356,2026-05-08,True
Koillis-Satakunnan Sähkö Oy,12,2026-05-10,observed_seller_data,8.915,2,7.42950716438356,2026-05-08,True
Koillis-Satakunnan Sähkö Oy,12,2026-05-11,observed_seller_data,8.915,2,7.42950716438356,2026-05-08,True
Koillis-Satakunnan Sähkö Oy,12,2026-05-12,observed_seller_data,8.915,2,7.627480835616438,2026-05-11,True
Koillis-Satakunnan Sähkö Oy,12,2026-05-13,observed_seller_data,8.915,2,7.662703356164383,2026-05-12,True
Koillis-Satakunnan Sähkö Oy,12,2026-05-14,observed_seller_data,8.915,2,7.6846194383561635,2026-05-13,True
Koillis-Satakunnan Sähkö Oy,12,2026-05-15,observed_seller_data,8.915,2,7.672966849315067,2026-05-14,True
Koillis-Satakunnan Sähkö Oy,12,2026-05-16,observed_seller_data,8.915,2,7.7297306712328755,2026-05-15,True
Koillis-Satakunnan Sähkö Oy,12,2026-05-17,observed_seller_data,8.915,2,7.7297306712328755,2026-05-15,True
Koillis-Satakunnan Sähkö Oy,12,2026-05-18,observed_seller_data,8.915,2,7.7297306712328755,2026-05-15,True
Koillis-Satakunnan Sähkö Oy,12,2026-05-19,observed_seller_data,8.915,2,7.584962123287671,2026-05-18,True
Koillis-Satakunnan Sähkö Oy,12,2026-05-20,observed_seller_data,9.32,2,7.514379547945205,2026-05-19,True
Koillis-Satakunnan Sähkö Oy,12,2026-05-21,observed_seller_data,9.32,2,7.557534356164381,2026-05-20,True
Koillis-Satakunnan Sähkö Oy,12,2026-05-22,observed_seller_data,9.32,2,7.675029863013698,2026-05-21,True
Koillis-Satakunnan Sähkö Oy,12,2026-05-23,observed_seller_data,9.32,2,7.630430945205479,2026-05-22,True
Koillis-Satakunnan Sähkö Oy,12,2026-05-24,observed_seller_data,9.32,2,7.630430945205479,2026-05-22,True
Koillis-Satakunnan Sähkö Oy,12,2026-05-25,observed_seller_data,9.32,2,7.630430945205479,2026-05-22,True
Koillis-Satakunnan Sähkö Oy,12,2026-05-26,observed_seller_data,9.32,2,7.405325205479452,2026-05-25,True
Koillis-Satakunnan Sähkö Oy,12,2026-05-27,observed_seller_data,9.32,2,7.498484027397259,2026-05-26,True
Koillis-Satakunnan Sähkö Oy,12,2026-05-28,observed_seller_data,9.82,2,7.3629646575342464,2026-05-27,True
Koillis-Satakunnan Sähkö Oy,12,2026-05-29,observed_seller_data,9.82,2,7.544537369863012,2026-05-28,True
Koillis-Satakunnan Sähkö Oy,12,2026-05-30,observed_seller_data,9.82,2,7.758901684931507,2026-05-29,True
Koillis-Satakunnan Sähkö Oy,12,2026-05-31,observed_seller_data,9.82,2,7.758901684931507,2026-05-29,True
Koillis-Satakunnan Sähkö Oy,12,2026-06-01,observed_seller_data,9.82,2,7.61820415068493,2026-05-29,True
Koillis-Satakunnan Sähkö Oy,12,2026-06-02,observed_seller_data,9.82,2,7.859800246575342,2026-06-01,True
Koillis-Satakunnan Sähkö Oy,12,2026-06-03,observed_seller_data,9.82,2,7.760411123287669,2026-06-02,True
Koillis-Satakunnan Sähkö Oy,12,2026-06-04,observed_seller_data,9.82,2,7.938253219178082,2026-06-03,True
Koillis-Satakunnan Sähkö Oy,12,2026-06-05,observed_seller_data,9.82,2,7.809387068493151,2026-06-04,True
Koillis-Satakunnan Sähkö Oy,12,2026-06-06,observed_seller_data,9.82,2,7.719044260273972,2026-06-05,True
Koillis-Satakunnan Sähkö Oy,12,2026-06-07,observed_seller_data,9.82,2,7.719044260273972,2026-06-05,True
Koillis-Satakunnan Sähkö Oy,12,2026-06-08,observed_seller_data,9.82,2,7.719044260273972,2026-06-05,True
Koillis-Satakunnan Sähkö Oy,12,2026-06-09,observed_seller_data,9.82,2,7.710300520547945,2026-06-08,True
Koillis-Satakunnan Sähkö Oy,12,2026-06-10,observed_seller_data,9.82,2,7.529601150684932,2026-06-09,True
Koillis-Satakunnan Sähkö Oy,12,2026-06-11,observed_seller_data,9.82,2,7.565910191780821,2026-06-10,True
Koillis-Satakunnan Sähkö Oy,12,2026-06-12,observed_seller_data,9.82,2,7.608071315068491,2026-06-11,True
Koillis-Satakunnan Sähkö Oy,12,2026-06-13,observed_seller_data,9.82,2,7.4029114794520545,2026-06-12,True
Koillis-Satakunnan Sähkö Oy,12,2026-06-14,observed_seller_data,9.82,2,7.4029114794520545,2026-06-12,True
Koillis-Satakunnan Sähkö Oy,12,2026-06-15,observed_seller_data,9.82,2,7.4029114794520545,2026-06-12,True
Koillis-Satakunnan Sähkö Oy,12,2026-06-16,observed_seller_data,9.82,2,7.26479615068493,2026-06-15,True
Koillis-Satakunnan Sähkö Oy,12,2026-06-17,observed_seller_data,9.82,2,7.301139575342464,2026-06-16,True
Koillis-Satakunnan Sähkö Oy,12,2026-06-18,observed_seller_data,9.82,2,7.162126835616437,2026-06-17,True
Koillis-Satakunnan Sähkö Oy,12,2026-06-19,observed_seller_data,9.82,2,7.0250842739726025,2026-06-18,True
Koillis-Satakunnan Sähkö Oy,12,2026-06-20,observed_seller_data,9.82,2,7.132684191780821,2026-06-19,True
Koillis-Satakunnan Sähkö Oy,12,2026-06-21,observed_seller_data,9.82,2,7.132684191780821,2026-06-19,True
Koillis-Satakunnan Sähkö Oy,12,2026-06-22,observed_seller_data,9.82,2,7.132684191780821,2026-06-19,True
Koillis-Satakunnan Sähkö Oy,12,2026-06-23,observed_seller_data,9.82,2,6.836349465753425,2026-06-22,True
Koillis-Satakunnan Sähkö Oy,12,2026-06-24,observed_seller_data,9.82,2,6.874353616438356,2026-06-23,True
Koillis-Satakunnan Sähkö Oy,12,2026-06-25,observed_seller_data,9.82,2,6.835799328767123,2026-06-24,True
Koillis-Satakunnan Sähkö Oy,12,2026-06-26,observed_seller_data,9.82,2,6.8778641780821905,2026-06-25,True
Koillis-Satakunnan Sähkö Oy,12,2026-06-27,observed_seller_data,9.82,2,6.942928191780821,2026-06-26,True
Koillis-Satakunnan Sähkö Oy,12,2026-06-28,observed_seller_data,9.82,2,6.942928191780821,2026-06-26,True
Koillis-Satakunnan Sähkö Oy,12,2026-06-29,observed_seller_data,9.82,2,6.942928191780821,2026-06-26,True
Koillis-Satakunnan Sähkö Oy,12,2026-06-30,observed_seller_data,9.82,2,7.11498009589041,2026-06-29,True
Koillis-Satakunnan Sähkö Oy,12,2026-07-01,observed_seller_data,9.82,2,7.291367767123288,2026-06-30,True
Koillis-Satakunnan Sähkö Oy,12,2026-07-02,observed_seller_data,9.82,2,7.297343630136985,2026-07-01,True
Koillis-Satakunnan Sähkö Oy,12,2026-07-03,observed_seller_data,9.82,2,7.396309835616438,2026-07-02,True
Koillis-Satakunnan Sähkö Oy,12,2026-07-04,observed_seller_data,9.82,2,7.537921972602739,2026-07-03,True
Koillis-Satakunnan Sähkö Oy,12,2026-07-05,observed_seller_data,9.82,2,7.537921972602739,2026-07-03,True
Koillis-Satakunnan Sähkö Oy,12,2026-07-06,observed_seller_data,9.82,2,7.537921972602739,2026-07-03,True
Koillis-Satakunnan Sähkö Oy,12,2026-07-07,observed_seller_data,9.82,2,7.517649424657533,2026-07-06,True
Koillis-Satakunnan Sähkö Oy,12,2026-07-08,observed_seller_data,9.82,2,7.55255905479452,2026-07-07,True
Koillis-Satakunnan Sähkö Oy,12,2026-07-09,observed_seller_data,9.82,2,7.663016246575341,2026-07-08,True
Koillis-Satakunnan Sähkö Oy,12,2026-07-10,observed_seller_data,9.82,2,7.752925821917807,2026-07-09,True
Koillis-Satakunnan Sähkö Oy,12,2026-07-11,observed_seller_data,9.82,2,7.733756986301369,2026-07-10,True
Koillis-Satakunnan Sähkö Oy,12,2026-07-12,observed_seller_data,9.82,2,7.733756986301369,2026-07-10,True
Koillis-Satakunnan Sähkö Oy,12,2026-07-13,observed_seller_data,9.82,2,7.733756986301369,2026-07-10,True
Koillis-Satakunnan Sähkö Oy,12,2026-07-14,observed_seller_data,9.82,2,7.916333698630135,2026-07-13,True
Koillis-Satakunnan Sähkö Oy,12,2026-07-15,observed_seller_data,9.82,2,8.05474128767123,2026-07-14,True
Koillis-Satakunnan Sähkö Oy,12,2026-07-16,observed_seller_data,9.82,2,8.242688712328768,2026-07-15,True
Koillis-Satakunnan Sähkö Oy,12,2026-07-17,observed_seller_data,9.82,2,8.230231547945204,2026-07-16,True
Koillis-Satakunnan Sähkö Oy,12,2026-07-18,observed_seller_data,9.82,2,8.411536068493149,2026-07-17,True
Koillis-Satakunnan Sähkö Oy,12,2026-07-19,observed_seller_data,9.82,2,8.411536068493149,2026-07-17,True
Koillis-Satakunnan Sähkö Oy,12,2026-07-20,observed_seller_data,9.82,2,8.411536068493149,2026-07-17,True
Koillis-Satakunnan Sähkö Oy,12,2026-07-21,observed_seller_data,9.82,2,8.444090424657533,2026-07-20,True
Koillis-Satakunnan Sähkö Oy,12,2026-07-22,observed_seller_data,9.82,2,8.482008616438355,2026-07-21,True
Koillis-Satakunnan Sähkö Oy,12,2026-07-23,observed_seller_data,9.82,2,8.747336246575342,2026-07-22,True
Koillis-Satakunnan Sähkö Oy,12,2026-07-24,observed_seller_data,9.82,2,8.776696369863014,2026-07-23,True
Koillis-Satakunnan Sähkö Oy,12,2026-07-25,observed_seller_data,9.82,2,8.763114863013698,2026-07-24,True
Koillis-Satakunnan Sähkö Oy,12,2026-07-26,observed_seller_data,9.82,2,8.763114863013698,2026-07-24,True
Koillis-Satakunnan Sähkö Oy,12,2026-07-27,canonical_calculation,9.82,2,8.763114863013698,2026-07-24,True
Koillis-Satakunnan Sähkö Oy,12,2026-07-29,canonical_calculation,10.445,2,8.490944904109588,2026-07-28,True
Koillis-Satakunnan Sähkö Oy,12,2026-07-30,canonical_calculation,10.445,2,8.781259068493151,2026-07-29,True
Koillis-Satakunnan Sähkö Oy,12,2026-07-31,canonical_calculation,10.445,2,8.746273794520546,2026-07-30,True
Koillis-Satakunnan Sähkö Oy,12,2026-08-01,canonical_calculation,10.445,2,8.888607986301372,2026-07-31,True
Koillis-Satakunnan Sähkö Oy,12,2026-08-02,canonical_calculation,10.445,2,8.888607986301372,2026-07-31,True
Koillis-Satakunnan Sähkö Oy,12,2026-08-03,canonical_calculation,10.445,2,8.888607986301372,2026-07-31,True
Koillis-Satakunnan Sähkö Oy,12,2026-08-04,canonical_calculation,10.445,2,8.728779438356165,2026-08-03,True
Koillis-Satakunnan Sähkö Oy,12,2026-08-05,canonical_calculation,10.445,2,8.838225753424656,2026-08-04,True
Koillis-Satakunnan Sähkö Oy,12,2026-08-06,canonical_calculation,10.445,2,8.654765383561644,2026-08-05,True
Koillis-Satakunnan Sähkö Oy,12,2026-08-07,canonical_calculation,10.445,2,8.644147739726026,2026-08-06,True
Koillis-Satakunnan Sähkö Oy,12,2026-08-08,canonical_calculation,10.445,2,8.630679698630136,2026-08-07,True
Koillis-Satakunnan Sähkö Oy,12,2026-08-09,canonical_calculation,10.445,2,8.630679698630136,2026-08-07,True
Koillis-Satakunnan Sähkö Oy,12,2026-08-10,canonical_calculation,10.445,2,8.630679698630136,2026-08-07,True
Koillis-Satakunnan Sähkö Oy,12,2026-08-11,canonical_calculation,10.445,2,8.748859438356163,2026-08-10,True
Koillis-Satakunnan Sähkö Oy,12,2026-08-12,canonical_calculation,10.445,2,8.705082287671232,2026-08-11,True
Koillis-Satakunnan Sähkö Oy,12,2026-08-13,canonical_calculation,10.445,2,8.724316452054794,2026-08-12,True
Koillis-Satakunnan Sähkö Oy,12,2026-08-14,canonical_calculation,10.445,2,8.579424123287671,2026-08-13,True
Koillis-Satakunnan Sähkö Oy,12,2026-08-15,canonical_calculation,10.445,2,8.519703315068492,2026-08-14,True
Koillis-Satakunnan Sähkö Oy,12,2026-08-16,canonical_calculation,10.445,2,8.519703315068492,2026-08-14,True
Koillis-Satakunnan Sähkö Oy,12,2026-08-17,canonical_calculation,10.445,2,8.519703315068492,2026-08-14,True
Koillis-Satakunnan Sähkö Oy,12,2026-08-18,canonical_calculation,10.445,2,8.72096405479452,2026-08-17,True
Koillis-Satakunnan Sähkö Oy,12,2026-08-19,canonical_calculation,10.445,2,8.774798397260271,2026-08-18,True
Koillis-Satakunnan Sähkö Oy,12,2026-08-20,canonical_calculation,10.445,2,8.702345356164384,2026-08-19,True
Koillis-Satakunnan Sähkö Oy,12,2026-08-21,canonical_calculation,10.445,2,8.65210409589041,2026-08-20,True
Koillis-Satakunnan Sähkö Oy,12,2026-08-22,canonical_calculation,10.445,2,8.782668794520548,2026-08-21,True
Koillis-Satakunnan Sähkö Oy,12,2026-08-23,canonical_calculation,10.445,2,8.782668794520548,2026-08-21,True
Koillis-Satakunnan Sähkö Oy,12,2026-08-24,canonical_calculation,10.445,2,8.782668794520548,2026-08-21,True
Koillis-Satakunnan Sähkö Oy,12,2026-08-25,canonical_calculation,10.445,2,8.70024108219178,2026-08-24,True
Koillis-Satakunnan Sähkö Oy,12,2026-08-26,canonical_calculation,10.855,2,8.494331684931506,2026-08-25,True
Koillis-Satakunnan Sähkö Oy,12,2026-08-27,canonical_calculation,10.855,2,8.25278716438356,2026-08-26,True
Koillis-Satakunnan Sähkö Oy,12,2026-08-28,canonical_calculation,10.855,2,8.430127260273972,2026-08-27,True
Koillis-Satakunnan Sähkö Oy,12,2026-08-29,canonical_calculation,10.855,2,8.376550794520547,2026-08-28,True
Koillis-Satakunnan Sähkö Oy,12,2026-08-30,canonical_calculation,10.855,2,8.376550794520547,2026-08-28,True
Koillis-Satakunnan Sähkö Oy,12,2026-08-31,canonical_calculation,10.855,2,8.376550794520547,2026-08-28,True
Koillis-Satakunnan Sähkö Oy,12,2026-09-01,canonical_calculation,10.855,2,8.194654876712328,2026-08-31,True
Koillis-Satakunnan Sähkö Oy,12,2026-09-02,canonical_calculation,10.855,2,8.232160465753424,2026-09-01,True
Koillis-Satakunnan Sähkö Oy,12,2026-09-03,canonical_calculation,10.855,2,8.529712369863013,2026-09-02,True
Koillis-Satakunnan Sähkö Oy,12,2026-09-04,canonical_calculation,10.855,2,8.541691602739725,2026-09-03,True
Koillis-Satakunnan Sähkö Oy,12,2026-09-05,canonical_calculation,10.855,2,8.551384328767123,2026-09-04,True
Koillis-Satakunnan Sähkö Oy,12,2026-09-06,canonical_calculation,10.855,2,8.551384328767123,2026-09-04,True
Koillis-Satakunnan Sähkö Oy,12,2026-09-07,canonical_calculation,10.855,2,8.551384328767123,2026-09-04,True
Koillis-Satakunnan Sähkö Oy,12,2026-09-08,canonical_calculation,10.855,2,8.858608328767124,2026-09-07,True
Koillis-Satakunnan Sähkö Oy,12,2026-09-09,canonical_calculation,10.855,2,9.059559616438355,2026-09-08,True
Koillis-Satakunnan Sähkö Oy,12,2026-09-11,canonical_calculation,11.17,2,9.592642356164383,2026-09-10,True
Koillis-Satakunnan Sähkö Oy,12,2026-09-12,canonical_calculation,11.17,2,9.381571986301369,2026-09-11,True
Koillis-Satakunnan Sähkö Oy,12,2026-09-13,canonical_calculation,11.17,2,9.381571986301369,2026-09-11,True
Koillis-Satakunnan Sähkö Oy,24,2026-04-08,observed_seller_data,7.91,1,,,False
Koillis-Satakunnan Sähkö Oy,24,2026-04-09,observed_seller_data,7.91,1,6.314420047879617,2026-04-08,True
Koillis-Satakunnan Sähkö Oy,24,2026-04-10,observed_seller_data,8.16,1,6.2962903625171,2026-04-09,True
Koillis-Satakunnan Sähkö Oy,24,2026-04-11,observed_seller_data,8.16,1,6.228571867305061,2026-04-10,True
Koillis-Satakunnan Sähkö Oy,24,2026-04-12,observed_seller_data,8.16,1,6.228571867305061,2026-04-10,True
Koillis-Satakunnan Sähkö Oy,24,2026-04-13,observed_seller_data,8.16,1,6.228571867305061,2026-04-10,True
Koillis-Satakunnan Sähkö Oy,24,2026-04-14,observed_seller_data,8.16,1,6.23801269493844,2026-04-13,True
Koillis-Satakunnan Sähkö Oy,24,2026-04-15,observed_seller_data,8.16,1,6.177379541723666,2026-04-14,True
Koillis-Satakunnan Sähkö Oy,24,2026-04-16,observed_seller_data,8.16,1,6.144708337893295,2026-04-15,True
Koillis-Satakunnan Sähkö Oy,24,2026-04-17,observed_seller_data,8.16,1,6.150796203830369,2026-04-16,True
Koillis-Satakunnan Sähkö Oy,24,2026-04-18,observed_seller_data,8.16,1,6.103619534883721,2026-04-17,True
Koillis-Satakunnan Sähkö Oy,24,2026-04-19,observed_seller_data,8.16,1,6.103619534883721,2026-04-17,True
Koillis-Satakunnan Sähkö Oy,24,2026-04-20,observed_seller_data,8.16,1,6.103619534883721,2026-04-17,True
Koillis-Satakunnan Sähkö Oy,24,2026-04-21,observed_seller_data,8.16,1,6.087503686730505,2026-04-20,True
Koillis-Satakunnan Sähkö Oy,24,2026-04-22,observed_seller_data,8.16,1,6.154380937072504,2026-04-21,True
Koillis-Satakunnan Sähkö Oy,24,2026-04-23,observed_seller_data,8.16,1,6.177219876880984,2026-04-22,True
Koillis-Satakunnan Sähkö Oy,24,2026-04-24,observed_seller_data,8.16,1,6.256475444596442,2026-04-23,True
Koillis-Satakunnan Sähkö Oy,24,2026-04-25,observed_seller_data,8.16,1,6.191047195622435,2026-04-24,True
Koillis-Satakunnan Sähkö Oy,24,2026-04-26,observed_seller_data,8.16,1,6.191047195622435,2026-04-24,True
Koillis-Satakunnan Sähkö Oy,24,2026-04-27,observed_seller_data,8.16,1,6.191047195622435,2026-04-24,True
Koillis-Satakunnan Sähkö Oy,24,2026-04-28,observed_seller_data,8.16,1,6.134817701778386,2026-04-27,True
Koillis-Satakunnan Sähkö Oy,24,2026-04-29,observed_seller_data,8.16,1,6.171774103967169,2026-04-28,True
Koillis-Satakunnan Sähkö Oy,24,2026-04-30,observed_seller_data,8.16,1,6.239817079343364,2026-04-29,True
Koillis-Satakunnan Sähkö Oy,24,2026-05-01,observed_seller_data,8.16,1,6.355381805745553,2026-04-30,True
Koillis-Satakunnan Sähkö Oy,24,2026-05-02,observed_seller_data,8.16,1,6.355381805745553,2026-04-30,True
Koillis-Satakunnan Sähkö Oy,24,2026-05-03,observed_seller_data,8.16,1,6.355381805745553,2026-04-30,True
Koillis-Satakunnan Sähkö Oy,24,2026-05-04,observed_seller_data,8.16,1,6.355381805745553,2026-04-30,True
Koillis-Satakunnan Sähkö Oy,24,2026-05-05,observed_seller_data,8.16,1,6.476608625170997,2026-05-04,True
Koillis-Satakunnan Sähkö Oy,24,2026-05-06,observed_seller_data,8.16,1,6.494082482900137,2026-05-05,True
Koillis-Satakunnan Sähkö Oy,24,2026-05-07,observed_seller_data,8.16,1,6.3717053898768805,2026-05-06,True
Koillis-Satakunnan Sähkö Oy,24,2026-05-08,observed_seller_data,8.16,1,6.408783686730506,2026-05-07,True
Koillis-Satakunnan Sähkö Oy,24,2026-05-09,observed_seller_data,8.16,1,6.537145636114911,2026-05-08,True
Koillis-Satakunnan Sähkö Oy,24,2026-05-10,observed_seller_data,8.16,1,6.537145636114911,2026-05-08,True
Koillis-Satakunnan Sähkö Oy,24,2026-05-11,observed_seller_data,8.16,1,6.537145636114911,2026-05-08,True
Koillis-Satakunnan Sähkö Oy,24,2026-05-12,observed_seller_data,8.16,1,6.665234610123119,2026-05-11,True
Koillis-Satakunnan Sähkö Oy,24,2026-05-13,observed_seller_data,8.16,1,6.70606760601915,2026-05-12,True
Koillis-Satakunnan Sähkö Oy,24,2026-05-14,observed_seller_data,8.16,1,6.721105287277702,2026-05-13,True
Koillis-Satakunnan Sähkö Oy,24,2026-05-15,observed_seller_data,8.16,1,6.717319685362518,2026-05-14,True
Koillis-Satakunnan Sähkö Oy,24,2026-05-16,observed_seller_data,8.16,1,6.7470001778385775,2026-05-15,True
Koillis-Satakunnan Sähkö Oy,24,2026-05-17,observed_seller_data,8.16,1,6.7470001778385775,2026-05-15,True
Koillis-Satakunnan Sähkö Oy,24,2026-05-18,observed_seller_data,8.16,1,6.7470001778385775,2026-05-15,True
Koillis-Satakunnan Sähkö Oy,24,2026-05-19,observed_seller_data,8.16,1,6.650742879616962,2026-05-18,True
Koillis-Satakunnan Sähkö Oy,24,2026-05-20,observed_seller_data,8.35,1,6.6187309370725025,2026-05-19,True
Koillis-Satakunnan Sähkö Oy,24,2026-05-21,observed_seller_data,8.35,1,6.6317977017783845,2026-05-20,True
Koillis-Satakunnan Sähkö Oy,24,2026-05-22,observed_seller_data,8.35,1,6.702566997264021,2026-05-21,True
Koillis-Satakunnan Sähkö Oy,24,2026-05-23,observed_seller_data,8.35,1,6.6722512790697674,2026-05-22,True
Koillis-Satakunnan Sähkö Oy,24,2026-05-24,observed_seller_data,8.35,1,6.6722512790697674,2026-05-22,True
Koillis-Satakunnan Sähkö Oy,24,2026-05-25,observed_seller_data,8.35,1,6.6722512790697674,2026-05-22,True
Koillis-Satakunnan Sähkö Oy,24,2026-05-26,observed_seller_data,8.35,1,6.515872441860465,2026-05-25,True
Koillis-Satakunnan Sähkö Oy,24,2026-05-27,observed_seller_data,8.35,1,6.584854521203829,2026-05-26,True
Koillis-Satakunnan Sähkö Oy,24,2026-05-28,observed_seller_data,8.72,1,6.484572982216141,2026-05-27,True
Koillis-Satakunnan Sähkö Oy,24,2026-05-29,observed_seller_data,8.72,1,6.595828474692201,2026-05-28,True
Koillis-Satakunnan Sähkö Oy,24,2026-05-30,observed_seller_data,8.72,1,6.705398043775649,2026-05-29,True
Koillis-Satakunnan Sähkö Oy,24,2026-05-31,observed_seller_data,8.72,1,6.705398043775649,2026-05-29,True
Koillis-Satakunnan Sähkö Oy,24,2026-06-01,observed_seller_data,8.72,1,6.692830875512995,2026-05-29,True
Koillis-Satakunnan Sähkö Oy,24,2026-06-02,observed_seller_data,8.72,1,6.863023296853624,2026-06-01,True
Koillis-Satakunnan Sähkö Oy,24,2026-06-03,observed_seller_data,8.72,1,6.804407414500683,2026-06-02,True
Koillis-Satakunnan Sähkö Oy,24,2026-06-04,observed_seller_data,8.72,1,6.924890848153214,2026-06-03,True
Koillis-Satakunnan Sähkö Oy,24,2026-06-05,observed_seller_data,8.72,1,6.841681429548563,2026-06-04,True
Koillis-Satakunnan Sähkö Oy,24,2026-06-06,observed_seller_data,8.72,1,6.780177845417237,2026-06-05,True
Koillis-Satakunnan Sähkö Oy,24,2026-06-07,observed_seller_data,8.72,1,6.780177845417237,2026-06-05,True
Koillis-Satakunnan Sähkö Oy,24,2026-06-08,observed_seller_data,8.72,1,6.780177845417237,2026-06-05,True
Koillis-Satakunnan Sähkö Oy,24,2026-06-09,observed_seller_data,8.72,1,6.7652792270861815,2026-06-08,True
Koillis-Satakunnan Sähkö Oy,24,2026-06-10,observed_seller_data,8.72,1,6.654351648426812,2026-06-09,True
Koillis-Satakunnan Sähkö Oy,24,2026-06-11,observed_seller_data,8.97,1,6.690471956224349,2026-06-10,True
Koillis-Satakunnan Sähkö Oy,24,2026-06-12,observed_seller_data,8.97,1,6.73640049247606,2026-06-11,True
Koillis-Satakunnan Sähkö Oy,24,2026-06-13,observed_seller_data,8.97,1,6.603004808481531,2026-06-12,True
Koillis-Satakunnan Sähkö Oy,24,2026-06-14,observed_seller_data,8.97,1,6.603004808481531,2026-06-12,True
Koillis-Satakunnan Sähkö Oy,24,2026-06-15,observed_seller_data,8.97,1,6.603004808481531,2026-06-12,True
Koillis-Satakunnan Sähkö Oy,24,2026-06-16,observed_seller_data,8.97,1,6.537957694938441,2026-06-15,True
Koillis-Satakunnan Sähkö Oy,24,2026-06-17,observed_seller_data,8.97,1,6.571571436388509,2026-06-16,True
Koillis-Satakunnan Sähkö Oy,24,2026-06-18,observed_seller_data,8.97,1,6.488619541723665,2026-06-17,True
Koillis-Satakunnan Sähkö Oy,24,2026-06-19,observed_seller_data,8.97,1,6.392096135430917,2026-06-18,True
Koillis-Satakunnan Sähkö Oy,24,2026-06-20,observed_seller_data,8.97,1,6.448359965800273,2026-06-19,True
Koillis-Satakunnan Sähkö Oy,24,2026-06-21,observed_seller_data,8.97,1,6.448359965800273,2026-06-19,True
Koillis-Satakunnan Sähkö Oy,24,2026-06-22,observed_seller_data,8.97,1,6.448359965800273,2026-06-19,True
Koillis-Satakunnan Sähkö Oy,24,2026-06-23,observed_seller_data,8.97,1,6.2601099658002735,2026-06-22,True
Koillis-Satakunnan Sähkö Oy,24,2026-06-24,observed_seller_data,8.97,1,6.329272311901504,2026-06-23,True
Koillis-Satakunnan Sähkö Oy,24,2026-06-25,observed_seller_data,8.97,1,6.319347339261285,2026-06-24,True
Koillis-Satakunnan Sähkö Oy,24,2026-06-26,observed_seller_data,8.97,1,6.360398372093023,2026-06-25,True
Koillis-Satakunnan Sähkö Oy,24,2026-06-27,observed_seller_data,8.97,1,6.398996060191518,2026-06-26,True
Koillis-Satakunnan Sähkö Oy,24,2026-06-28,observed_seller_data,8.97,1,6.398996060191518,2026-06-26,True
Koillis-Satakunnan Sähkö Oy,24,2026-06-29,observed_seller_data,8.97,1,6.398996060191518,2026-06-26,True
Koillis-Satakunnan Sähkö Oy,24,2026-06-30,observed_seller_data,8.97,1,6.356499459644321,2026-06-29,True
Koillis-Satakunnan Sähkö Oy,24,2026-07-01,observed_seller_data,8.97,1,6.578045588235293,2026-06-30,True
Koillis-Satakunnan Sähkö Oy,24,2026-07-02,observed_seller_data,8.97,1,6.6284910943912445,2026-07-01,True
Koillis-Satakunnan Sähkö Oy,24,2026-07-03,observed_seller_data,8.97,1,6.720432291381669,2026-07-02,True
Koillis-Satakunnan Sähkö Oy,24,2026-07-04,observed_seller_data,8.97,1,6.790317421340628,2026-07-03,True
Koillis-Satakunnan Sähkö Oy,24,2026-07-05,observed_seller_data,8.97,1,6.790317421340628,2026-07-03,True
Koillis-Satakunnan Sähkö Oy,24,2026-07-06,observed_seller_data,8.97,1,6.790317421340628,2026-07-03,True
Koillis-Satakunnan Sähkö Oy,24,2026-07-07,observed_seller_data,8.97,1,6.748586525307798,2026-07-06,True
Koillis-Satakunnan Sähkö Oy,24,2026-07-08,observed_seller_data,8.97,1,6.768290540355675,2026-07-07,True
Koillis-Satakunnan Sähkö Oy,24,2026-07-09,observed_seller_data,8.97,1,6.846610437756497,2026-07-08,True
Koillis-Satakunnan Sähkö Oy,24,2026-07-10,observed_seller_data,8.97,1,6.866929076607387,2026-07-09,True
Koillis-Satakunnan Sähkö Oy,24,2026-07-11,observed_seller_data,8.97,1,6.839267571819425,2026-07-10,True
Koillis-Satakunnan Sähkö Oy,24,2026-07-12,observed_seller_data,8.97,1,6.839267571819425,2026-07-10,True
Koillis-Satakunnan Sähkö Oy,24,2026-07-13,observed_seller_data,8.97,1,6.839267571819425,2026-07-10,True
Koillis-Satakunnan Sähkö Oy,24,2026-07-14,observed_seller_data,8.97,1,6.9581303214774275,2026-07-13,True
Koillis-Satakunnan Sähkö Oy,24,2026-07-15,observed_seller_data,8.97,1,7.056428926128589,2026-07-14,True
Koillis-Satakunnan Sähkö Oy,24,2026-07-16,observed_seller_data,8.97,1,7.151063823529411,2026-07-15,True
Koillis-Satakunnan Sähkö Oy,24,2026-07-17,observed_seller_data,8.97,1,7.151930820793433,2026-07-16,True
Koillis-Satakunnan Sähkö Oy,24,2026-07-18,observed_seller_data,8.97,1,7.250301532147743,2026-07-17,True
Koillis-Satakunnan Sähkö Oy,24,2026-07-19,observed_seller_data,8.97,1,7.250301532147743,2026-07-17,True
Koillis-Satakunnan Sähkö Oy,24,2026-07-20,observed_seller_data,8.97,1,7.250301532147743,2026-07-17,True
Koillis-Satakunnan Sähkö Oy,24,2026-07-21,observed_seller_data,8.97,1,7.25315146374829,2026-07-20,True
Koillis-Satakunnan Sähkö Oy,24,2026-07-22,observed_seller_data,8.97,1,7.284062920656635,2026-07-21,True
Koillis-Satakunnan Sähkö Oy,24,2026-07-23,observed_seller_data,8.97,1,7.422411648426812,2026-07-22,True
Koillis-Satakunnan Sähkö Oy,24,2026-07-24,observed_seller_data,8.97,1,7.446412879616962,2026-07-23,True
Koillis-Satakunnan Sähkö Oy,24,2026-07-25,observed_seller_data,8.97,1,7.456499233926127,2026-07-24,True
Koillis-Satakunnan Sähkö Oy,24,2026-07-26,observed_seller_data,8.97,1,7.456499233926127,2026-07-24,True
Koillis-Satakunnan Sähkö Oy,24,2026-07-27,canonical_calculation,8.97,1,7.456499233926127,2026-07-24,True
Koillis-Satakunnan Sähkö Oy,24,2026-07-29,canonical_calculation,9.66,1,7.273444350205198,2026-07-28,True
Koillis-Satakunnan Sähkö Oy,24,2026-07-30,canonical_calculation,9.66,1,7.420560909712721,2026-07-29,True
Koillis-Satakunnan Sähkö Oy,24,2026-07-31,canonical_calculation,9.66,1,7.412508994528044,2026-07-30,True
Koillis-Satakunnan Sähkö Oy,24,2026-08-01,canonical_calculation,9.66,1,7.608965424076606,2026-07-31,True
Koillis-Satakunnan Sähkö Oy,24,2026-08-02,canonical_calculation,9.66,1,7.608965424076606,2026-07-31,True
Koillis-Satakunnan Sähkö Oy,24,2026-08-03,canonical_calculation,9.66,1,7.608965424076606,2026-07-31,True
Koillis-Satakunnan Sähkö Oy,24,2026-08-04,canonical_calculation,9.66,1,7.529972530779754,2026-08-03,True
Koillis-Satakunnan Sähkö Oy,24,2026-08-05,canonical_calculation,9.66,1,7.585975403556771,2026-08-04,True
Koillis-Satakunnan Sähkö Oy,24,2026-08-06,canonical_calculation,9.66,1,7.4775578248974,2026-08-05,True
Koillis-Satakunnan Sähkö Oy,24,2026-08-07,canonical_calculation,9.66,1,7.496314151846784,2026-08-06,True
Koillis-Satakunnan Sähkö Oy,24,2026-08-08,canonical_calculation,9.66,1,7.491129336525306,2026-08-07,True
Koillis-Satakunnan Sähkö Oy,24,2026-08-09,canonical_calculation,9.66,1,7.491129336525306,2026-08-07,True
Koillis-Satakunnan Sähkö Oy,24,2026-08-10,canonical_calculation,9.66,1,7.491129336525306,2026-08-07,True
Koillis-Satakunnan Sähkö Oy,24,2026-08-11,canonical_calculation,9.66,1,7.565430143638851,2026-08-10,True
Koillis-Satakunnan Sähkö Oy,24,2026-08-12,canonical_calculation,9.66,1,7.543820451436388,2026-08-11,True
Koillis-Satakunnan Sähkö Oy,24,2026-08-13,canonical_calculation,9.66,1,7.565919439124487,2026-08-12,True
Koillis-Satakunnan Sähkö Oy,24,2026-08-14,canonical_calculation,9.66,1,7.4593920861833105,2026-08-13,True
Koillis-Satakunnan Sähkö Oy,24,2026-08-15,canonical_calculation,9.66,1,7.408258132694938,2026-08-14,True
Koillis-Satakunnan Sähkö Oy,24,2026-08-16,canonical_calculation,9.66,1,7.408258132694938,2026-08-14,True
Koillis-Satakunnan Sähkö Oy,24,2026-08-17,canonical_calculation,9.66,1,7.408258132694938,2026-08-14,True
Koillis-Satakunnan Sähkö Oy,24,2026-08-18,canonical_calculation,9.66,1,7.543262482900136,2026-08-17,True
Koillis-Satakunnan Sähkö Oy,24,2026-08-19,canonical_calculation,9.66,1,7.569327339261285,2026-08-18,True
Koillis-Satakunnan Sähkö Oy,24,2026-08-20,canonical_calculation,9.66,1,7.525651279069766,2026-08-19,True
Koillis-Satakunnan Sähkö Oy,24,2026-08-21,canonical_calculation,9.66,1,7.518734186046511,2026-08-20,True
Koillis-Satakunnan Sähkö Oy,24,2026-08-22,canonical_calculation,9.66,1,7.600690321477427,2026-08-21,True
Koillis-Satakunnan Sähkö Oy,24,2026-08-23,canonical_calculation,9.66,1,7.600690321477427,2026-08-21,True
Koillis-Satakunnan Sähkö Oy,24,2026-08-24,canonical_calculation,9.66,1,7.600690321477427,2026-08-21,True
Koillis-Satakunnan Sähkö Oy,24,2026-08-25,canonical_calculation,9.66,1,7.572352387140903,2026-08-24,True
Koillis-Satakunnan Sähkö Oy,24,2026-08-26,canonical_calculation,9.98,1,7.385951409028726,2026-08-25,True
Koillis-Satakunnan Sähkö Oy,24,2026-08-27,canonical_calculation,9.98,1,7.248811326949384,2026-08-26,True
Koillis-Satakunnan Sähkö Oy,24,2026-08-28,canonical_calculation,9.98,1,7.380433529411764,2026-08-27,True
Koillis-Satakunnan Sähkö Oy,24,2026-08-29,canonical_calculation,9.98,1,7.362903016415868,2026-08-28,True
Koillis-Satakunnan Sähkö Oy,24,2026-08-30,canonical_calculation,9.98,1,7.362903016415868,2026-08-28,True
Koillis-Satakunnan Sähkö Oy,24,2026-08-31,canonical_calculation,9.98,1,7.362903016415868,2026-08-28,True
Koillis-Satakunnan Sähkö Oy,24,2026-09-01,canonical_calculation,9.98,1,7.3933217441860455,2026-08-31,True
Koillis-Satakunnan Sähkö Oy,24,2026-09-02,canonical_calculation,9.98,1,7.452802906976744,2026-09-01,True
Koillis-Satakunnan Sähkö Oy,24,2026-09-03,canonical_calculation,9.98,1,7.658533632010943,2026-09-02,True
Koillis-Satakunnan Sähkö Oy,24,2026-09-04,canonical_calculation,9.98,1,7.687525677154583,2026-09-03,True
Koillis-Satakunnan Sähkö Oy,24,2026-09-05,canonical_calculation,9.98,1,7.69683602599179,2026-09-04,True
Koillis-Satakunnan Sähkö Oy,24,2026-09-06,canonical_calculation,9.98,1,7.69683602599179,2026-09-04,True
Koillis-Satakunnan Sähkö Oy,24,2026-09-07,canonical_calculation,9.98,1,7.69683602599179,2026-09-04,True
Koillis-Satakunnan Sähkö Oy,24,2026-09-08,canonical_calculation,9.98,1,7.916026668946647,2026-09-07,True
Koillis-Satakunnan Sähkö Oy,24,2026-09-09,canonical_calculation,9.98,1,8.065436908344731,2026-09-08,True
Koillis-Satakunnan Sähkö Oy,24,2026-09-12,canonical_calculation,10.04,1,8.336777865937071,2026-09-11,True
Koillis-Satakunnan Sähkö Oy,24,2026-09-13,canonical_calculation,10.04,1,8.336777865937071,2026-09-11,True
Kokkolan Energia Oy,6,2026-04-08,observed_seller_data,7.25,1,,,False
Kokkolan Energia Oy,6,2026-04-09,observed_seller_data,7.25,1,5.674571168478261,2026-04-08,True
Kokkolan Energia Oy,6,2026-04-10,observed_seller_data,7.25,1,5.6259399184782595,2026-04-09,True
Kokkolan Energia Oy,6,2026-04-11,observed_seller_data,7.25,1,5.571442907608695,2026-04-10,True
Kokkolan Energia Oy,6,2026-04-12,observed_seller_data,7.25,1,5.571442907608695,2026-04-10,True
Kokkolan Energia Oy,6,2026-04-13,observed_seller_data,7.25,1,5.571442907608695,2026-04-10,True
Kokkolan Energia Oy,6,2026-04-14,observed_seller_data,7.25,1,5.563196739130434,2026-04-13,True
Kokkolan Energia Oy,6,2026-04-15,observed_seller_data,7.25,1,5.412678586956522,2026-04-14,True
Kokkolan Energia Oy,6,2026-04-16,observed_seller_data,7.25,1,5.3783638858695655,2026-04-15,True
Kokkolan Energia Oy,6,2026-04-17,observed_seller_data,7.25,1,5.434354619565217,2026-04-16,True
Kokkolan Energia Oy,6,2026-04-18,observed_seller_data,7.25,1,5.393219266304348,2026-04-17,True
Kokkolan Energia Oy,6,2026-04-19,observed_seller_data,7.25,1,5.393219266304348,2026-04-17,True
Kokkolan Energia Oy,6,2026-04-20,observed_seller_data,7.25,1,5.393219266304348,2026-04-17,True
Kokkolan Energia Oy,6,2026-04-21,observed_seller_data,7.25,1,5.466534456521739,2026-04-20,True
Kokkolan Energia Oy,6,2026-04-22,observed_seller_data,7.25,1,5.530171141304348,2026-04-21,True
Kokkolan Energia Oy,6,2026-04-23,observed_seller_data,7.25,1,5.561593885869565,2026-04-22,True
Kokkolan Energia Oy,6,2026-04-24,observed_seller_data,7.25,1,5.632699184782608,2026-04-23,True
Kokkolan Energia Oy,6,2026-04-25,observed_seller_data,7.25,1,5.489342717391304,2026-04-24,True
Kokkolan Energia Oy,6,2026-04-26,observed_seller_data,7.25,1,5.489342717391304,2026-04-24,True
Kokkolan Energia Oy,6,2026-04-27,observed_seller_data,7.25,1,5.489342717391304,2026-04-24,True
Kokkolan Energia Oy,6,2026-04-28,observed_seller_data,7.25,1,5.378875434782609,2026-04-27,True
Kokkolan Energia Oy,6,2026-04-29,observed_seller_data,7.25,1,5.458874864130435,2026-04-28,True
Kokkolan Energia Oy,6,2026-04-30,observed_seller_data,7.25,1,5.601869836956521,2026-04-29,True
Kokkolan Energia Oy,6,2026-05-01,observed_seller_data,7.25,1,6.441215491803279,2026-04-30,True
Kokkolan Energia Oy,6,2026-05-02,observed_seller_data,7.25,1,6.441215491803279,2026-04-30,True
Kokkolan Energia Oy,6,2026-05-03,observed_seller_data,7.25,1,6.441215491803279,2026-04-30,True
Kokkolan Energia Oy,6,2026-05-04,observed_seller_data,7.25,1,6.441215491803279,2026-04-30,True
Kokkolan Energia Oy,6,2026-05-05,observed_seller_data,8.79,2,6.770018633879781,2026-05-04,True
Kokkolan Energia Oy,6,2026-05-06,observed_seller_data,8.79,2,6.7423194808743165,2026-05-05,True
Kokkolan Energia Oy,6,2026-05-07,observed_seller_data,8.79,2,6.660545601092896,2026-05-06,True
Kokkolan Energia Oy,6,2026-05-08,observed_seller_data,8.79,2,6.847012540983606,2026-05-07,True
Kokkolan Energia Oy,6,2026-05-09,observed_seller_data,8.79,2,7.107675355191256,2026-05-08,True
Kokkolan Energia Oy,6,2026-05-10,observed_seller_data,8.79,2,7.107675355191256,2026-05-08,True
Kokkolan Energia Oy,6,2026-05-11,observed_seller_data,8.79,2,7.107675355191256,2026-05-08,True
Kokkolan Energia Oy,6,2026-05-12,observed_seller_data,8.79,2,7.366465956284151,2026-05-11,True
Kokkolan Energia Oy,6,2026-05-13,observed_seller_data,8.79,2,7.396359644808744,2026-05-12,True
Kokkolan Energia Oy,6,2026-05-14,observed_seller_data,8.79,2,7.428221557377048,2026-05-13,True
Kokkolan Energia Oy,6,2026-05-15,observed_seller_data,8.79,2,7.398444453551912,2026-05-14,True
Kokkolan Energia Oy,6,2026-05-16,observed_seller_data,8.79,2,7.479093633879781,2026-05-15,True
Kokkolan Energia Oy,6,2026-05-17,observed_seller_data,8.79,2,7.479093633879781,2026-05-15,True
Kokkolan Energia Oy,6,2026-05-18,observed_seller_data,8.79,2,7.479093633879781,2026-05-15,True
Kokkolan Energia Oy,6,2026-05-19,observed_seller_data,8.79,2,7.228169071038252,2026-05-18,True
Kokkolan Energia Oy,6,2026-05-20,observed_seller_data,8.79,2,7.127330163934426,2026-05-19,True
Kokkolan Energia Oy,6,2026-05-21,observed_seller_data,8.79,2,7.172736475409835,2026-05-20,True
Kokkolan Energia Oy,6,2026-05-22,observed_seller_data,8.79,2,7.28672887978142,2026-05-21,True
Kokkolan Energia Oy,6,2026-05-23,observed_seller_data,8.79,2,7.243229071038251,2026-05-22,True
Kokkolan Energia Oy,6,2026-05-24,observed_seller_data,8.79,2,7.243229071038251,2026-05-22,True
Kokkolan Energia Oy,6,2026-05-25,observed_seller_data,8.79,2,7.243229071038251,2026-05-22,True
Kokkolan Energia Oy,6,2026-05-26,observed_seller_data,8.79,2,6.942173087431693,2026-05-25,True
Kokkolan Energia Oy,6,2026-05-27,observed_seller_data,8.79,2,7.076855846994536,2026-05-26,True
Kokkolan Energia Oy,6,2026-05-28,observed_seller_data,8.79,2,6.931831338797814,2026-05-27,True
Kokkolan Energia Oy,6,2026-05-29,observed_seller_data,8.79,2,7.196656912568304,2026-05-28,True
Kokkolan Energia Oy,6,2026-05-30,observed_seller_data,8.79,2,7.456805382513661,2026-05-29,True
Kokkolan Energia Oy,6,2026-05-31,observed_seller_data,8.79,2,7.456805382513661,2026-05-29,True
Kokkolan Energia Oy,6,2026-06-01,observed_seller_data,8.79,2,8.027859864130434,2026-05-29,True
Kokkolan Energia Oy,6,2026-06-02,observed_seller_data,8.79,2,8.316530326086957,2026-06-01,True
Kokkolan Energia Oy,6,2026-06-03,observed_seller_data,8.79,2,8.12564073369565,2026-06-02,True
Kokkolan Energia Oy,6,2026-06-04,observed_seller_data,8.79,2,8.344590489130434,2026-06-03,True
Kokkolan Energia Oy,6,2026-06-05,observed_seller_data,11.114999999999998,2,8.148851413043477,2026-06-04,True
Kokkolan Energia Oy,6,2026-06-06,observed_seller_data,11.114999999999998,2,8.002125543478261,2026-06-05,True
Kokkolan Energia Oy,6,2026-06-07,observed_seller_data,11.114999999999998,2,8.002125543478261,2026-06-05,True
Kokkolan Energia Oy,6,2026-06-08,observed_seller_data,11.114999999999998,2,8.002125543478261,2026-06-05,True
Kokkolan Energia Oy,6,2026-06-09,observed_seller_data,11.114999999999998,2,8.021243831521739,2026-06-08,True
Kokkolan Energia Oy,6,2026-06-10,observed_seller_data,11.114999999999998,2,7.776116413043478,2026-06-09,True
Kokkolan Energia Oy,6,2026-06-11,observed_seller_data,11.114999999999998,2,7.787288641304348,2026-06-10,True
Kokkolan Energia Oy,6,2026-06-12,observed_seller_data,11.114999999999998,2,7.798379021739129,2026-06-11,True
Kokkolan Energia Oy,6,2026-06-13,observed_seller_data,11.114999999999998,2,7.557739592391304,2026-06-12,True
Kokkolan Energia Oy,6,2026-06-14,observed_seller_data,11.114999999999998,2,7.557739592391304,2026-06-12,True
Kokkolan Energia Oy,6,2026-06-15,observed_seller_data,11.114999999999998,2,7.557739592391304,2026-06-12,True
Kokkolan Energia Oy,6,2026-06-16,observed_seller_data,11.114999999999998,2,7.4405744293478255,2026-06-15,True
Kokkolan Energia Oy,6,2026-06-17,observed_seller_data,11.114999999999998,2,7.485686222826087,2026-06-16,True
Kokkolan Energia Oy,6,2026-06-18,observed_seller_data,11.114999999999998,2,7.333497010869565,2026-06-17,True
Kokkolan Energia Oy,6,2026-06-19,observed_seller_data,11.114999999999998,2,7.184213396739131,2026-06-18,True
Kokkolan Energia Oy,6,2026-06-20,observed_seller_data,11.114999999999998,2,7.332889972826087,2026-06-19,True
Kokkolan Energia Oy,6,2026-06-21,observed_seller_data,11.114999999999998,2,7.332889972826087,2026-06-19,True
Kokkolan Energia Oy,6,2026-06-22,observed_seller_data,11.114999999999998,2,7.332889972826087,2026-06-19,True
Kokkolan Energia Oy,6,2026-06-23,observed_seller_data,11.114999999999998,2,6.920779347826087,2026-06-22,True
Kokkolan Energia Oy,6,2026-06-24,observed_seller_data,11.114999999999998,2,6.979552907608695,2026-06-23,True
Kokkolan Energia Oy,6,2026-06-25,observed_seller_data,11.114999999999998,2,6.916189048913043,2026-06-24,True
Kokkolan Energia Oy,6,2026-06-26,observed_seller_data,11.114999999999998,2,6.9198994836956516,2026-06-25,True
Kokkolan Energia Oy,6,2026-06-27,observed_seller_data,11.114999999999998,2,7.021247554347825,2026-06-26,True
Kokkolan Energia Oy,6,2026-06-28,observed_seller_data,11.114999999999998,2,7.021247554347825,2026-06-26,True
Kokkolan Energia Oy,6,2026-06-29,observed_seller_data,11.114999999999998,2,7.021247554347825,2026-06-26,True
Kokkolan Energia Oy,6,2026-06-30,observed_seller_data,11.114999999999998,2,7.20875410326087,2026-06-29,True
Kokkolan Energia Oy,6,2026-07-01,observed_seller_data,11.114999999999998,2,8.389504483695651,2026-06-30,True
Kokkolan Energia Oy,6,2026-07-02,observed_seller_data,11.114999999999998,2,8.399762744565216,2026-07-01,True
Kokkolan Energia Oy,6,2026-07-03,observed_seller_data,11.114999999999998,2,8.60288858695652,2026-07-02,True
Kokkolan Energia Oy,6,2026-07-04,observed_seller_data,11.114999999999998,2,8.829231929347825,2026-07-03,True
Kokkolan Energia Oy,6,2026-07-05,observed_seller_data,11.114999999999998,2,8.829231929347825,2026-07-03,True
Kokkolan Energia Oy,6,2026-07-06,observed_seller_data,11.114999999999998,2,8.829231929347825,2026-07-03,True
Kokkolan Energia Oy,6,2026-07-07,observed_seller_data,11.114999999999998,2,8.83481804347826,2026-07-06,True
Kokkolan Energia Oy,6,2026-07-08,observed_seller_data,11.114999999999998,2,8.888237391304347,2026-07-07,True
Kokkolan Energia Oy,6,2026-07-09,observed_seller_data,11.114999999999998,2,9.081084510869564,2026-07-08,True
Kokkolan Energia Oy,6,2026-07-10,observed_seller_data,11.114999999999998,2,9.261954565217389,2026-07-09,True
Kokkolan Energia Oy,6,2026-07-11,observed_seller_data,11.114999999999998,2,9.247372010869563,2026-07-10,True
Kokkolan Energia Oy,6,2026-07-12,observed_seller_data,11.114999999999998,2,9.247372010869563,2026-07-10,True
Kokkolan Energia Oy,6,2026-07-13,observed_seller_data,11.114999999999998,2,9.247372010869563,2026-07-10,True
Kokkolan Energia Oy,6,2026-07-14,observed_seller_data,11.114999999999998,2,9.484048641304346,2026-07-13,True
Kokkolan Energia Oy,6,2026-07-15,observed_seller_data,11.114999999999998,2,9.635098804347825,2026-07-14,True
Kokkolan Energia Oy,6,2026-07-16,observed_seller_data,11.114999999999998,2,9.893621983695652,2026-07-15,True
Kokkolan Energia Oy,6,2026-07-17,observed_seller_data,11.114999999999998,2,9.821984673913043,2026-07-16,True
Kokkolan Energia Oy,6,2026-07-18,observed_seller_data,11.114999999999998,2,10.060427853260867,2026-07-17,True
Kokkolan Energia Oy,6,2026-07-19,observed_seller_data,11.114999999999998,2,10.060427853260867,2026-07-17,True
Kokkolan Energia Oy,6,2026-07-20,observed_seller_data,11.114999999999998,2,10.060427853260867,2026-07-17,True
Kokkolan Energia Oy,6,2026-07-21,observed_seller_data,12.280000000000001,2,10.116848288043478,2026-07-20,True
Kokkolan Energia Oy,6,2026-07-22,observed_seller_data,12.280000000000001,2,10.145904266304347,2026-07-21,True
Kokkolan Energia Oy,6,2026-07-23,observed_seller_data,12.280000000000001,2,10.487925869565217,2026-07-22,True
Kokkolan Energia Oy,6,2026-07-24,observed_seller_data,12.280000000000001,2,10.476433070652174,2026-07-23,True
Kokkolan Energia Oy,6,2026-07-25,observed_seller_data,12.64,1,10.398609429347827,2026-07-24,True
Kokkolan Energia Oy,6,2026-07-26,observed_seller_data,12.64,1,10.398609429347827,2026-07-24,True
Kokkolan Energia Oy,6,2026-07-27,canonical_calculation,12.64,1,10.398609429347827,2026-07-24,True
Kokkolan Energia Oy,6,2026-07-28,canonical_calculation,12.64,1,10.149839782608694,2026-07-27,True
Kokkolan Energia Oy,6,2026-07-29,canonical_calculation,12.64,1,10.074553423913043,2026-07-28,True
Kokkolan Energia Oy,6,2026-07-30,canonical_calculation,12.64,1,10.453140543478257,2026-07-29,True
Kokkolan Energia Oy,6,2026-07-31,canonical_calculation,12.64,1,10.418491630434781,2026-07-30,True
Kokkolan Energia Oy,6,2026-08-01,canonical_calculation,12.64,1,11.953403508287291,2026-07-31,True
Kokkolan Energia Oy,6,2026-08-02,canonical_calculation,12.64,1,11.953403508287291,2026-07-31,True
Kokkolan Energia Oy,6,2026-08-03,canonical_calculation,12.64,1,11.953403508287291,2026-07-31,True
Kokkolan Energia Oy,6,2026-08-04,canonical_calculation,12.64,1,11.636949364640882,2026-08-03,True
Kokkolan Energia Oy,6,2026-08-05,canonical_calculation,12.64,1,11.838782486187846,2026-08-04,True
Kokkolan Energia Oy,6,2026-08-06,canonical_calculation,12.64,1,11.559888204419888,2026-08-05,True
Kokkolan Energia Oy,6,2026-08-07,canonical_calculation,12.64,1,11.55857773480663,2026-08-06,True
Kokkolan Energia Oy,6,2026-08-08,canonical_calculation,12.64,1,11.478583618784532,2026-08-07,True
Kokkolan Energia Oy,6,2026-08-09,canonical_calculation,12.64,1,11.478583618784532,2026-08-07,True
Kokkolan Energia Oy,6,2026-08-10,canonical_calculation,12.64,1,11.478583618784532,2026-08-07,True
Kokkolan Energia Oy,6,2026-08-11,canonical_calculation,14.1,1,11.645401546961326,2026-08-10,True
Kokkolan Energia Oy,6,2026-08-12,canonical_calculation,14.1,1,11.571758701657458,2026-08-11,True
Kokkolan Energia Oy,6,2026-08-13,canonical_calculation,14.1,1,11.600921850828728,2026-08-12,True
Kokkolan Energia Oy,6,2026-08-14,canonical_calculation,14.1,1,11.42925726519337,2026-08-13,True
Kokkolan Energia Oy,6,2026-08-15,canonical_calculation,14.1,1,11.314379696132594,2026-08-14,True
Kokkolan Energia Oy,6,2026-08-16,canonical_calculation,14.1,1,11.314379696132594,2026-08-14,True
Kokkolan Energia Oy,6,2026-08-17,canonical_calculation,14.1,1,11.314379696132594,2026-08-14,True
Kokkolan Energia Oy,6,2026-08-18,canonical_calculation,14.1,1,11.569546850828727,2026-08-17,True
Kokkolan Energia Oy,6,2026-08-19,canonical_calculation,14.1,1,11.674093204419888,2026-08-18,True
Kokkolan Energia Oy,6,2026-08-20,canonical_calculation,12.99,1,11.554556187845302,2026-08-19,True
Kokkolan Energia Oy,6,2026-08-21,canonical_calculation,12.99,1,11.415459198895025,2026-08-20,True
Kokkolan Energia Oy,6,2026-08-22,canonical_calculation,12.99,1,11.601920303867402,2026-08-21,True
Kokkolan Energia Oy,6,2026-08-23,canonical_calculation,12.99,1,11.601920303867402,2026-08-21,True
Kokkolan Energia Oy,6,2026-08-24,canonical_calculation,12.99,1,11.601920303867402,2026-08-21,True
Kokkolan Energia Oy,6,2026-08-25,canonical_calculation,13.5,1,11.451798729281766,2026-08-24,True
Kokkolan Energia Oy,6,2026-08-26,canonical_calculation,13.5,1,11.270392292817679,2026-08-25,True
Kokkolan Energia Oy,6,2026-08-27,canonical_calculation,13.5,1,10.910380635359115,2026-08-26,True
Kokkolan Energia Oy,6,2026-08-28,canonical_calculation,13.5,1,11.102617513812154,2026-08-27,True
Kokkolan Energia Oy,6,2026-08-29,canonical_calculation,13.5,1,11.025050193370166,2026-08-28,True
Kokkolan Energia Oy,6,2026-08-30,canonical_calculation,13.5,1,11.025050193370166,2026-08-28,True
Kokkolan Energia Oy,6,2026-08-31,canonical_calculation,13.5,1,11.025050193370166,2026-08-28,True
Kokkolan Energia Oy,6,2026-09-01,canonical_calculation,13.5,1,11.866493901098899,2026-08-31,True
Kokkolan Energia Oy,6,2026-09-02,canonical_calculation,13.5,1,11.862680631868132,2026-09-01,True
Kokkolan Energia Oy,6,2026-09-03,canonical_calculation,14.5,1,12.428430494505495,2026-09-02,True
Kokkolan Energia Oy,6,2026-09-04,canonical_calculation,14.5,1,12.439056620879121,2026-09-03,True
Kokkolan Energia Oy,6,2026-09-05,canonical_calculation,14.5,1,12.411219065934064,2026-09-04,True
Kokkolan Energia Oy,6,2026-09-06,canonical_calculation,14.5,1,12.411219065934064,2026-09-04,True
Kokkolan Energia Oy,6,2026-09-07,canonical_calculation,14.5,1,12.411219065934064,2026-09-04,True
Kokkolan Energia Oy,6,2026-09-08,canonical_calculation,14.5,1,12.888525906593406,2026-09-07,True
Kokkolan Energia Oy,6,2026-09-09,canonical_calculation,15.83,1,13.189960357142855,2026-09-08,True
Kokkolan Energia Oy,6,2026-09-10,canonical_calculation,15.83,1,13.81508137362637,2026-09-09,True
Kokkolan Energia Oy,6,2026-09-11,canonical_calculation,15.83,1,13.937105989010986,2026-09-10,True
Kokkolan Energia Oy,6,2026-09-12,canonical_calculation,15.83,1,13.675272994505493,2026-09-11,True
Kokkolan Energia Oy,6,2026-09-13,canonical_calculation,15.83,1,13.675272994505493,2026-09-11,True
Kokkolan Energia Oy,12,2026-04-08,observed_seller_data,9.05,1,,,False
Kokkolan Energia Oy,12,2026-04-09,observed_seller_data,9.05,1,7.008009397260273,2026-04-08,True
Kokkolan Energia Oy,12,2026-04-10,observed_seller_data,9.05,1,7.001851301369863,2026-04-09,True
Kokkolan Energia Oy,12,2026-04-11,observed_seller_data,9.05,1,6.91596116438356,2026-04-10,True
Kokkolan Energia Oy,12,2026-04-12,observed_seller_data,9.05,1,6.91596116438356,2026-04-10,True
Kokkolan Energia Oy,12,2026-04-13,observed_seller_data,9.05,1,6.91596116438356,2026-04-10,True
Kokkolan Energia Oy,12,2026-04-14,observed_seller_data,9.05,1,6.929934643835616,2026-04-13,True
Kokkolan Energia Oy,12,2026-04-15,observed_seller_data,9.05,1,6.809994465753424,2026-04-14,True
Kokkolan Energia Oy,12,2026-04-16,observed_seller_data,9.05,1,6.761455191780822,2026-04-15,True
Kokkolan Energia Oy,12,2026-04-17,observed_seller_data,9.05,1,6.797176273972602,2026-04-16,True
Kokkolan Energia Oy,12,2026-04-18,observed_seller_data,9.05,1,6.730929465753426,2026-04-17,True
Kokkolan Energia Oy,12,2026-04-19,observed_seller_data,9.05,1,6.730929465753426,2026-04-17,True
Kokkolan Energia Oy,12,2026-04-20,observed_seller_data,9.05,1,6.730929465753426,2026-04-17,True
Kokkolan Energia Oy,12,2026-04-21,observed_seller_data,9.05,1,6.749090863013699,2026-04-20,True
Kokkolan Energia Oy,12,2026-04-22,observed_seller_data,9.05,1,6.839808452054794,2026-04-21,True
Kokkolan Energia Oy,12,2026-04-23,observed_seller_data,9.05,1,6.872737589041094,2026-04-22,True
Kokkolan Energia Oy,12,2026-04-24,observed_seller_data,9.05,1,6.963417356164384,2026-04-23,True
Kokkolan Energia Oy,12,2026-04-25,observed_seller_data,9.05,1,6.8711112465753414,2026-04-24,True
Kokkolan Energia Oy,12,2026-04-26,observed_seller_data,9.05,1,6.8711112465753414,2026-04-24,True
Kokkolan Energia Oy,12,2026-04-27,observed_seller_data,9.05,1,6.8711112465753414,2026-04-24,True
Kokkolan Energia Oy,12,2026-04-28,observed_seller_data,9.05,1,6.778488808219178,2026-04-27,True
Kokkolan Energia Oy,12,2026-04-29,observed_seller_data,9.05,1,6.82226595890411,2026-04-28,True
Kokkolan Energia Oy,12,2026-04-30,observed_seller_data,9.05,1,6.91197610958904,2026-04-29,True
Kokkolan Energia Oy,12,2026-05-01,observed_seller_data,9.05,1,6.984508232876711,2026-04-30,True
Kokkolan Energia Oy,12,2026-05-02,observed_seller_data,9.05,1,6.984508232876711,2026-04-30,True
Kokkolan Energia Oy,12,2026-05-03,observed_seller_data,9.05,1,6.984508232876711,2026-04-30,True
Kokkolan Energia Oy,12,2026-05-04,observed_seller_data,9.05,1,6.984508232876711,2026-04-30,True
Kokkolan Energia Oy,12,2026-05-05,observed_seller_data,9.58,1,7.199113232876712,2026-05-04,True
Kokkolan Energia Oy,12,2026-05-06,observed_seller_data,9.58,1,7.225643589041095,2026-05-05,True
Kokkolan Energia Oy,12,2026-05-07,observed_seller_data,9.58,1,7.098238739726027,2026-05-06,True
Kokkolan Energia Oy,12,2026-05-08,observed_seller_data,9.58,1,7.211415671232878,2026-05-07,True
Kokkolan Energia Oy,12,2026-05-09,observed_seller_data,9.58,1,7.42950716438356,2026-05-08,True
Kokkolan Energia Oy,12,2026-05-10,observed_seller_data,9.58,1,7.42950716438356,2026-05-08,True
Kokkolan Energia Oy,12,2026-05-11,observed_seller_data,9.58,1,7.42950716438356,2026-05-08,True
Kokkolan Energia Oy,12,2026-05-12,observed_seller_data,9.58,1,7.627480835616438,2026-05-11,True
Kokkolan Energia Oy,12,2026-05-13,observed_seller_data,9.58,1,7.662703356164383,2026-05-12,True
Kokkolan Energia Oy,12,2026-05-14,observed_seller_data,9.58,1,7.6846194383561635,2026-05-13,True
Kokkolan Energia Oy,12,2026-05-15,observed_seller_data,9.58,1,7.672966849315067,2026-05-14,True
Kokkolan Energia Oy,12,2026-05-16,observed_seller_data,9.58,1,7.7297306712328755,2026-05-15,True
Kokkolan Energia Oy,12,2026-05-17,observed_seller_data,9.58,1,7.7297306712328755,2026-05-15,True
Kokkolan Energia Oy,12,2026-05-18,observed_seller_data,9.58,1,7.7297306712328755,2026-05-15,True
Kokkolan Energia Oy,12,2026-05-19,observed_seller_data,9.58,1,7.584962123287671,2026-05-18,True
Kokkolan Energia Oy,12,2026-05-20,observed_seller_data,9.58,1,7.514379547945205,2026-05-19,True
Kokkolan Energia Oy,12,2026-05-21,observed_seller_data,9.84,1,7.557534356164381,2026-05-20,True
Kokkolan Energia Oy,12,2026-05-22,observed_seller_data,9.84,1,7.675029863013698,2026-05-21,True
Kokkolan Energia Oy,12,2026-05-23,observed_seller_data,9.84,1,7.630430945205479,2026-05-22,True
Kokkolan Energia Oy,12,2026-05-24,observed_seller_data,9.84,1,7.630430945205479,2026-05-22,True
Kokkolan Energia Oy,12,2026-05-25,observed_seller_data,9.84,1,7.630430945205479,2026-05-22,True
Kokkolan Energia Oy,12,2026-05-26,observed_seller_data,9.84,1,7.405325205479452,2026-05-25,True
Kokkolan Energia Oy,12,2026-05-27,observed_seller_data,9.84,1,7.498484027397259,2026-05-26,True
Kokkolan Energia Oy,12,2026-05-28,observed_seller_data,9.84,1,7.3629646575342464,2026-05-27,True
Kokkolan Energia Oy,12,2026-05-29,observed_seller_data,9.84,1,7.544537369863012,2026-05-28,True
Kokkolan Energia Oy,12,2026-05-30,observed_seller_data,9.84,1,7.758901684931507,2026-05-29,True
Kokkolan Energia Oy,12,2026-05-31,observed_seller_data,9.84,1,7.758901684931507,2026-05-29,True
Kokkolan Energia Oy,12,2026-06-01,observed_seller_data,9.84,1,7.61820415068493,2026-05-29,True
Kokkolan Energia Oy,12,2026-06-02,observed_seller_data,9.84,1,7.859800246575342,2026-06-01,True
Kokkolan Energia Oy,12,2026-06-03,observed_seller_data,9.84,1,7.760411123287669,2026-06-02,True
Kokkolan Energia Oy,12,2026-06-04,observed_seller_data,9.84,1,7.938253219178082,2026-06-03,True
Kokkolan Energia Oy,12,2026-06-05,observed_seller_data,9.84,1,7.809387068493151,2026-06-04,True
Kokkolan Energia Oy,12,2026-06-06,observed_seller_data,9.84,1,7.719044260273972,2026-06-05,True
Kokkolan Energia Oy,12,2026-06-07,observed_seller_data,9.84,1,7.719044260273972,2026-06-05,True
Kokkolan Energia Oy,12,2026-06-08,observed_seller_data,9.84,1,7.719044260273972,2026-06-05,True
Kokkolan Energia Oy,12,2026-06-09,observed_seller_data,9.84,1,7.710300520547945,2026-06-08,True
Kokkolan Energia Oy,12,2026-06-10,observed_seller_data,9.84,1,7.529601150684932,2026-06-09,True
Kokkolan Energia Oy,12,2026-06-11,observed_seller_data,9.84,1,7.565910191780821,2026-06-10,True
Kokkolan Energia Oy,12,2026-06-12,observed_seller_data,9.84,1,7.608071315068491,2026-06-11,True
Kokkolan Energia Oy,12,2026-06-13,observed_seller_data,9.84,1,7.4029114794520545,2026-06-12,True
Kokkolan Energia Oy,12,2026-06-14,observed_seller_data,9.84,1,7.4029114794520545,2026-06-12,True
Kokkolan Energia Oy,12,2026-06-15,observed_seller_data,9.84,1,7.4029114794520545,2026-06-12,True
Kokkolan Energia Oy,12,2026-06-16,observed_seller_data,9.84,1,7.26479615068493,2026-06-15,True
Kokkolan Energia Oy,12,2026-06-17,observed_seller_data,9.84,1,7.301139575342464,2026-06-16,True
Kokkolan Energia Oy,12,2026-06-18,observed_seller_data,9.84,1,7.162126835616437,2026-06-17,True
Kokkolan Energia Oy,12,2026-06-19,observed_seller_data,9.84,1,7.0250842739726025,2026-06-18,True
Kokkolan Energia Oy,12,2026-06-20,observed_seller_data,9.84,1,7.132684191780821,2026-06-19,True
Kokkolan Energia Oy,12,2026-06-21,observed_seller_data,9.84,1,7.132684191780821,2026-06-19,True
Kokkolan Energia Oy,12,2026-06-22,observed_seller_data,9.84,1,7.132684191780821,2026-06-19,True
Kokkolan Energia Oy,12,2026-06-23,observed_seller_data,9.84,1,6.836349465753425,2026-06-22,True
Kokkolan Energia Oy,12,2026-06-24,observed_seller_data,9.84,1,6.874353616438356,2026-06-23,True
Kokkolan Energia Oy,12,2026-06-25,observed_seller_data,9.84,1,6.835799328767123,2026-06-24,True
Kokkolan Energia Oy,12,2026-06-26,observed_seller_data,9.84,1,6.8778641780821905,2026-06-25,True
Kokkolan Energia Oy,12,2026-06-27,observed_seller_data,9.84,1,6.942928191780821,2026-06-26,True
Kokkolan Energia Oy,12,2026-06-28,observed_seller_data,9.84,1,6.942928191780821,2026-06-26,True
Kokkolan Energia Oy,12,2026-06-29,observed_seller_data,9.84,1,6.942928191780821,2026-06-26,True
Kokkolan Energia Oy,12,2026-06-30,observed_seller_data,9.84,1,7.11498009589041,2026-06-29,True
Kokkolan Energia Oy,12,2026-07-01,observed_seller_data,9.84,1,7.291367767123288,2026-06-30,True
Kokkolan Energia Oy,12,2026-07-02,observed_seller_data,9.84,1,7.297343630136985,2026-07-01,True
Kokkolan Energia Oy,12,2026-07-03,observed_seller_data,9.84,1,7.396309835616438,2026-07-02,True
Kokkolan Energia Oy,12,2026-07-04,observed_seller_data,9.84,1,7.537921972602739,2026-07-03,True
Kokkolan Energia Oy,12,2026-07-05,observed_seller_data,9.84,1,7.537921972602739,2026-07-03,True
Kokkolan Energia Oy,12,2026-07-06,observed_seller_data,9.84,1,7.537921972602739,2026-07-03,True
Kokkolan Energia Oy,12,2026-07-07,observed_seller_data,9.84,1,7.517649424657533,2026-07-06,True
Kokkolan Energia Oy,12,2026-07-08,observed_seller_data,9.84,1,7.55255905479452,2026-07-07,True
Kokkolan Energia Oy,12,2026-07-09,observed_seller_data,9.84,1,7.663016246575341,2026-07-08,True
Kokkolan Energia Oy,12,2026-07-10,observed_seller_data,9.84,1,7.752925821917807,2026-07-09,True
Kokkolan Energia Oy,12,2026-07-11,observed_seller_data,9.84,1,7.733756986301369,2026-07-10,True
Kokkolan Energia Oy,12,2026-07-12,observed_seller_data,9.84,1,7.733756986301369,2026-07-10,True
Kokkolan Energia Oy,12,2026-07-13,observed_seller_data,9.84,1,7.733756986301369,2026-07-10,True
Kokkolan Energia Oy,12,2026-07-14,observed_seller_data,9.84,1,7.916333698630135,2026-07-13,True
Kokkolan Energia Oy,12,2026-07-15,observed_seller_data,9.84,1,8.05474128767123,2026-07-14,True
Kokkolan Energia Oy,12,2026-07-16,observed_seller_data,9.84,1,8.242688712328768,2026-07-15,True
Kokkolan Energia Oy,12,2026-07-17,observed_seller_data,9.84,1,8.230231547945204,2026-07-16,True
Kokkolan Energia Oy,12,2026-07-18,observed_seller_data,9.84,1,8.411536068493149,2026-07-17,True
Kokkolan Energia Oy,12,2026-07-19,observed_seller_data,9.84,1,8.411536068493149,2026-07-17,True
Kokkolan Energia Oy,12,2026-07-20,observed_seller_data,9.84,1,8.411536068493149,2026-07-17,True
Kokkolan Energia Oy,12,2026-07-21,observed_seller_data,11.31,1,8.444090424657533,2026-07-20,True
Kokkolan Energia Oy,12,2026-07-22,observed_seller_data,11.31,1,8.482008616438355,2026-07-21,True
Kokkolan Energia Oy,12,2026-07-23,observed_seller_data,11.31,1,8.747336246575342,2026-07-22,True
Kokkolan Energia Oy,12,2026-07-24,observed_seller_data,11.31,1,8.776696369863014,2026-07-23,True
Kokkolan Energia Oy,12,2026-07-25,observed_seller_data,11.31,1,8.763114863013698,2026-07-24,True
Kokkolan Energia Oy,12,2026-07-26,observed_seller_data,11.31,1,8.763114863013698,2026-07-24,True
Kokkolan Energia Oy,12,2026-07-27,canonical_calculation,11.31,1,8.763114863013698,2026-07-24,True
Kokkolan Energia Oy,12,2026-07-28,canonical_calculation,11.31,1,8.568218520547944,2026-07-27,True
Kokkolan Energia Oy,12,2026-07-29,canonical_calculation,11.31,1,8.490944904109588,2026-07-28,True
Kokkolan Energia Oy,12,2026-07-30,canonical_calculation,11.31,1,8.781259068493151,2026-07-29,True
Kokkolan Energia Oy,12,2026-07-31,canonical_calculation,11.31,1,8.746273794520546,2026-07-30,True
Kokkolan Energia Oy,12,2026-08-01,canonical_calculation,11.31,1,8.888607986301372,2026-07-31,True
Kokkolan Energia Oy,12,2026-08-02,canonical_calculation,11.31,1,8.888607986301372,2026-07-31,True
Kokkolan Energia Oy,12,2026-08-03,canonical_calculation,11.31,1,8.888607986301372,2026-07-31,True
Kokkolan Energia Oy,12,2026-08-04,canonical_calculation,11.31,1,8.728779438356165,2026-08-03,True
Kokkolan Energia Oy,12,2026-08-05,canonical_calculation,11.31,1,8.838225753424656,2026-08-04,True
Kokkolan Energia Oy,12,2026-08-06,canonical_calculation,11.31,1,8.654765383561644,2026-08-05,True
Kokkolan Energia Oy,12,2026-08-07,canonical_calculation,11.31,1,8.644147739726026,2026-08-06,True
Kokkolan Energia Oy,12,2026-08-08,canonical_calculation,11.31,1,8.630679698630136,2026-08-07,True
Kokkolan Energia Oy,12,2026-08-09,canonical_calculation,11.31,1,8.630679698630136,2026-08-07,True
Kokkolan Energia Oy,12,2026-08-10,canonical_calculation,11.31,1,8.630679698630136,2026-08-07,True
Kokkolan Energia Oy,12,2026-08-11,canonical_calculation,11.71,1,8.748859438356163,2026-08-10,True
Kokkolan Energia Oy,12,2026-08-12,canonical_calculation,11.71,1,8.705082287671232,2026-08-11,True
Kokkolan Energia Oy,12,2026-08-13,canonical_calculation,11.71,1,8.724316452054794,2026-08-12,True
Kokkolan Energia Oy,12,2026-08-14,canonical_calculation,11.71,1,8.579424123287671,2026-08-13,True
Kokkolan Energia Oy,12,2026-08-15,canonical_calculation,11.71,1,8.519703315068492,2026-08-14,True
Kokkolan Energia Oy,12,2026-08-16,canonical_calculation,11.71,1,8.519703315068492,2026-08-14,True
Kokkolan Energia Oy,12,2026-08-17,canonical_calculation,11.71,1,8.519703315068492,2026-08-14,True
Kokkolan Energia Oy,12,2026-08-18,canonical_calculation,11.71,1,8.72096405479452,2026-08-17,True
Kokkolan Energia Oy,12,2026-08-19,canonical_calculation,11.71,1,8.774798397260271,2026-08-18,True
Kokkolan Energia Oy,12,2026-08-20,canonical_calculation,11.71,1,8.702345356164384,2026-08-19,True
Kokkolan Energia Oy,12,2026-08-21,canonical_calculation,11.71,1,8.65210409589041,2026-08-20,True
Kokkolan Energia Oy,12,2026-08-22,canonical_calculation,11.71,1,8.782668794520548,2026-08-21,True
Kokkolan Energia Oy,12,2026-08-23,canonical_calculation,11.71,1,8.782668794520548,2026-08-21,True
Kokkolan Energia Oy,12,2026-08-24,canonical_calculation,11.71,1,8.782668794520548,2026-08-21,True
Kokkolan Energia Oy,12,2026-08-25,canonical_calculation,11.71,1,8.70024108219178,2026-08-24,True
Kokkolan Energia Oy,12,2026-08-26,canonical_calculation,11.71,1,8.494331684931506,2026-08-25,True
Kokkolan Energia Oy,12,2026-08-27,canonical_calculation,11.71,1,8.25278716438356,2026-08-26,True
Kokkolan Energia Oy,12,2026-08-28,canonical_calculation,11.71,1,8.430127260273972,2026-08-27,True
Kokkolan Energia Oy,12,2026-08-29,canonical_calculation,11.71,1,8.376550794520547,2026-08-28,True
Kokkolan Energia Oy,12,2026-08-30,canonical_calculation,11.71,1,8.376550794520547,2026-08-28,True
Kokkolan Energia Oy,12,2026-08-31,canonical_calculation,11.71,1,8.376550794520547,2026-08-28,True
Kokkolan Energia Oy,12,2026-09-01,canonical_calculation,11.71,1,8.194654876712328,2026-08-31,True
Kokkolan Energia Oy,12,2026-09-02,canonical_calculation,11.71,1,8.232160465753424,2026-09-01,True
Kokkolan Energia Oy,12,2026-09-03,canonical_calculation,11.97,1,8.529712369863013,2026-09-02,True
Kokkolan Energia Oy,12,2026-09-04,canonical_calculation,11.97,1,8.541691602739725,2026-09-03,True
Kokkolan Energia Oy,12,2026-09-05,canonical_calculation,11.97,1,8.551384328767123,2026-09-04,True
Kokkolan Energia Oy,12,2026-09-06,canonical_calculation,11.97,1,8.551384328767123,2026-09-04,True
Kokkolan Energia Oy,12,2026-09-07,canonical_calculation,11.97,1,8.551384328767123,2026-09-04,True
Kokkolan Energia Oy,12,2026-09-08,canonical_calculation,11.97,1,8.858608328767124,2026-09-07,True
Kokkolan Energia Oy,12,2026-09-09,canonical_calculation,12.3,1,9.059559616438355,2026-09-08,True
Kokkolan Energia Oy,12,2026-09-10,canonical_calculation,12.3,1,9.442544356164383,2026-09-09,True
Kokkolan Energia Oy,12,2026-09-11,canonical_calculation,12.3,1,9.592642356164383,2026-09-10,True
Kokkolan Energia Oy,12,2026-09-12,canonical_calculation,12.3,1,9.381571986301369,2026-09-11,True
Kokkolan Energia Oy,12,2026-09-13,canonical_calculation,12.3,1,9.381571986301369,2026-09-11,True
Kokkolan Energia Oy,24,2026-04-08,observed_seller_data,8.65,1,,,False
Kokkolan Energia Oy,24,2026-04-09,observed_seller_data,8.65,1,6.314420047879617,2026-04-08,True
Kokkolan Energia Oy,24,2026-04-10,observed_seller_data,8.65,1,6.2962903625171,2026-04-09,True
Kokkolan Energia Oy,24,2026-04-11,observed_seller_data,8.65,1,6.228571867305061,2026-04-10,True
Kokkolan Energia Oy,24,2026-04-12,observed_seller_data,8.65,1,6.228571867305061,2026-04-10,True
Kokkolan Energia Oy,24,2026-04-13,observed_seller_data,8.65,1,6.228571867305061,2026-04-10,True
Kokkolan Energia Oy,24,2026-04-14,observed_seller_data,8.65,1,6.23801269493844,2026-04-13,True
Kokkolan Energia Oy,24,2026-04-15,observed_seller_data,8.65,1,6.177379541723666,2026-04-14,True
Kokkolan Energia Oy,24,2026-04-16,observed_seller_data,8.65,1,6.144708337893295,2026-04-15,True
Kokkolan Energia Oy,24,2026-04-17,observed_seller_data,8.65,1,6.150796203830369,2026-04-16,True
Kokkolan Energia Oy,24,2026-04-18,observed_seller_data,8.65,1,6.103619534883721,2026-04-17,True
Kokkolan Energia Oy,24,2026-04-19,observed_seller_data,8.65,1,6.103619534883721,2026-04-17,True
Kokkolan Energia Oy,24,2026-04-20,observed_seller_data,8.65,1,6.103619534883721,2026-04-17,True
Kokkolan Energia Oy,24,2026-04-21,observed_seller_data,8.65,1,6.087503686730505,2026-04-20,True
Kokkolan Energia Oy,24,2026-04-22,observed_seller_data,8.65,1,6.154380937072504,2026-04-21,True
Kokkolan Energia Oy,24,2026-04-23,observed_seller_data,8.65,1,6.177219876880984,2026-04-22,True
Kokkolan Energia Oy,24,2026-04-24,observed_seller_data,8.65,1,6.256475444596442,2026-04-23,True
Kokkolan Energia Oy,24,2026-04-25,observed_seller_data,8.65,1,6.191047195622435,2026-04-24,True
Kokkolan Energia Oy,24,2026-04-26,observed_seller_data,8.65,1,6.191047195622435,2026-04-24,True
Kokkolan Energia Oy,24,2026-04-27,observed_seller_data,8.65,1,6.191047195622435,2026-04-24,True
Kokkolan Energia Oy,24,2026-04-28,observed_seller_data,8.65,1,6.134817701778386,2026-04-27,True
Kokkolan Energia Oy,24,2026-04-29,observed_seller_data,8.65,1,6.171774103967169,2026-04-28,True
Kokkolan Energia Oy,24,2026-04-30,observed_seller_data,8.65,1,6.239817079343364,2026-04-29,True
Kokkolan Energia Oy,24,2026-05-01,observed_seller_data,8.65,1,6.355381805745553,2026-04-30,True
Kokkolan Energia Oy,24,2026-05-02,observed_seller_data,8.65,1,6.355381805745553,2026-04-30,True
Kokkolan Energia Oy,24,2026-05-03,observed_seller_data,8.65,1,6.355381805745553,2026-04-30,True
Kokkolan Energia Oy,24,2026-05-04,observed_seller_data,8.65,1,6.355381805745553,2026-04-30,True
Kokkolan Energia Oy,24,2026-05-05,observed_seller_data,8.65,1,6.476608625170997,2026-05-04,True
Kokkolan Energia Oy,24,2026-05-06,observed_seller_data,8.65,1,6.494082482900137,2026-05-05,True
Kokkolan Energia Oy,24,2026-05-07,observed_seller_data,8.65,1,6.3717053898768805,2026-05-06,True
Kokkolan Energia Oy,24,2026-05-08,observed_seller_data,8.65,1,6.408783686730506,2026-05-07,True
Kokkolan Energia Oy,24,2026-05-09,observed_seller_data,8.65,1,6.537145636114911,2026-05-08,True
Kokkolan Energia Oy,24,2026-05-10,observed_seller_data,8.65,1,6.537145636114911,2026-05-08,True
Kokkolan Energia Oy,24,2026-05-11,observed_seller_data,8.65,1,6.537145636114911,2026-05-08,True
Kokkolan Energia Oy,24,2026-05-12,observed_seller_data,8.65,1,6.665234610123119,2026-05-11,True
Kokkolan Energia Oy,24,2026-05-13,observed_seller_data,8.65,1,6.70606760601915,2026-05-12,True
Kokkolan Energia Oy,24,2026-05-14,observed_seller_data,8.65,1,6.721105287277702,2026-05-13,True
Kokkolan Energia Oy,24,2026-05-15,observed_seller_data,8.65,1,6.717319685362518,2026-05-14,True
Kokkolan Energia Oy,24,2026-05-16,observed_seller_data,8.65,1,6.7470001778385775,2026-05-15,True
Kokkolan Energia Oy,24,2026-05-17,observed_seller_data,8.65,1,6.7470001778385775,2026-05-15,True
Kokkolan Energia Oy,24,2026-05-18,observed_seller_data,8.65,1,6.7470001778385775,2026-05-15,True
Kokkolan Energia Oy,24,2026-05-19,observed_seller_data,8.65,1,6.650742879616962,2026-05-18,True
Kokkolan Energia Oy,24,2026-05-20,observed_seller_data,8.65,1,6.6187309370725025,2026-05-19,True
Kokkolan Energia Oy,24,2026-05-21,observed_seller_data,9.31,1,6.6317977017783845,2026-05-20,True
Kokkolan Energia Oy,24,2026-05-22,observed_seller_data,9.31,1,6.702566997264021,2026-05-21,True
Kokkolan Energia Oy,24,2026-05-23,observed_seller_data,9.31,1,6.6722512790697674,2026-05-22,True
Kokkolan Energia Oy,24,2026-05-24,observed_seller_data,9.31,1,6.6722512790697674,2026-05-22,True
Kokkolan Energia Oy,24,2026-05-25,observed_seller_data,9.31,1,6.6722512790697674,2026-05-22,True
Kokkolan Energia Oy,24,2026-05-26,observed_seller_data,9.31,1,6.515872441860465,2026-05-25,True
Kokkolan Energia Oy,24,2026-05-27,observed_seller_data,9.31,1,6.584854521203829,2026-05-26,True
Kokkolan Energia Oy,24,2026-05-28,observed_seller_data,9.31,1,6.484572982216141,2026-05-27,True
Kokkolan Energia Oy,24,2026-05-29,observed_seller_data,9.31,1,6.595828474692201,2026-05-28,True
Kokkolan Energia Oy,24,2026-05-30,observed_seller_data,9.31,1,6.705398043775649,2026-05-29,True
Kokkolan Energia Oy,24,2026-05-31,observed_seller_data,9.31,1,6.705398043775649,2026-05-29,True
Kokkolan Energia Oy,24,2026-06-01,observed_seller_data,9.31,1,6.692830875512995,2026-05-29,True
Kokkolan Energia Oy,24,2026-06-02,observed_seller_data,9.31,1,6.863023296853624,2026-06-01,True
Kokkolan Energia Oy,24,2026-06-03,observed_seller_data,9.31,1,6.804407414500683,2026-06-02,True
Kokkolan Energia Oy,24,2026-06-04,observed_seller_data,9.31,1,6.924890848153214,2026-06-03,True
Kokkolan Energia Oy,24,2026-06-05,observed_seller_data,9.49,1,6.841681429548563,2026-06-04,True
Kokkolan Energia Oy,24,2026-06-06,observed_seller_data,9.49,1,6.780177845417237,2026-06-05,True
Kokkolan Energia Oy,24,2026-06-07,observed_seller_data,9.49,1,6.780177845417237,2026-06-05,True
Kokkolan Energia Oy,24,2026-06-08,observed_seller_data,9.49,1,6.780177845417237,2026-06-05,True
Kokkolan Energia Oy,24,2026-06-09,observed_seller_data,9.49,1,6.7652792270861815,2026-06-08,True
Kokkolan Energia Oy,24,2026-06-10,observed_seller_data,9.49,1,6.654351648426812,2026-06-09,True
Kokkolan Energia Oy,24,2026-06-11,observed_seller_data,9.49,1,6.690471956224349,2026-06-10,True
Kokkolan Energia Oy,24,2026-06-12,observed_seller_data,9.49,1,6.73640049247606,2026-06-11,True
Kokkolan Energia Oy,24,2026-06-13,observed_seller_data,9.49,1,6.603004808481531,2026-06-12,True
Kokkolan Energia Oy,24,2026-06-14,observed_seller_data,9.49,1,6.603004808481531,2026-06-12,True
Kokkolan Energia Oy,24,2026-06-15,observed_seller_data,9.49,1,6.603004808481531,2026-06-12,True
Kokkolan Energia Oy,24,2026-06-16,observed_seller_data,9.49,1,6.537957694938441,2026-06-15,True
Kokkolan Energia Oy,24,2026-06-17,observed_seller_data,9.49,1,6.571571436388509,2026-06-16,True
Kokkolan Energia Oy,24,2026-06-18,observed_seller_data,9.49,1,6.488619541723665,2026-06-17,True
Kokkolan Energia Oy,24,2026-06-19,observed_seller_data,9.49,1,6.392096135430917,2026-06-18,True
Kokkolan Energia Oy,24,2026-06-20,observed_seller_data,9.49,1,6.448359965800273,2026-06-19,True
Kokkolan Energia Oy,24,2026-06-21,observed_seller_data,9.49,1,6.448359965800273,2026-06-19,True
Kokkolan Energia Oy,24,2026-06-22,observed_seller_data,9.49,1,6.448359965800273,2026-06-19,True
Kokkolan Energia Oy,24,2026-06-23,observed_seller_data,9.49,1,6.2601099658002735,2026-06-22,True
Kokkolan Energia Oy,24,2026-06-24,observed_seller_data,7.99,1,6.329272311901504,2026-06-23,True
Kokkolan Energia Oy,24,2026-06-25,observed_seller_data,7.99,1,6.319347339261285,2026-06-24,True
Kokkolan Energia Oy,24,2026-06-26,observed_seller_data,7.99,1,6.360398372093023,2026-06-25,True
Kokkolan Energia Oy,24,2026-06-27,observed_seller_data,7.99,1,6.398996060191518,2026-06-26,True
Kokkolan Energia Oy,24,2026-06-28,observed_seller_data,7.99,1,6.398996060191518,2026-06-26,True
Kokkolan Energia Oy,24,2026-06-29,observed_seller_data,7.99,1,6.398996060191518,2026-06-26,True
Kokkolan Energia Oy,24,2026-06-30,observed_seller_data,8.98,1,6.356499459644321,2026-06-29,True
Kokkolan Energia Oy,24,2026-07-01,observed_seller_data,8.98,1,6.578045588235293,2026-06-30,True
Kokkolan Energia Oy,24,2026-07-02,observed_seller_data,8.98,1,6.6284910943912445,2026-07-01,True
Kokkolan Energia Oy,24,2026-07-03,observed_seller_data,8.98,1,6.720432291381669,2026-07-02,True
Kokkolan Energia Oy,24,2026-07-04,observed_seller_data,8.98,1,6.790317421340628,2026-07-03,True
Kokkolan Energia Oy,24,2026-07-05,observed_seller_data,8.98,1,6.790317421340628,2026-07-03,True
Kokkolan Energia Oy,24,2026-07-06,observed_seller_data,8.98,1,6.790317421340628,2026-07-03,True
Kokkolan Energia Oy,24,2026-07-07,observed_seller_data,8.98,1,6.748586525307798,2026-07-06,True
Kokkolan Energia Oy,24,2026-07-08,observed_seller_data,8.98,1,6.768290540355675,2026-07-07,True
Kokkolan Energia Oy,24,2026-07-09,observed_seller_data,8.98,1,6.846610437756497,2026-07-08,True
Kokkolan Energia Oy,24,2026-07-10,observed_seller_data,8.98,1,6.866929076607387,2026-07-09,True
Kokkolan Energia Oy,24,2026-07-11,observed_seller_data,8.98,1,6.839267571819425,2026-07-10,True
Kokkolan Energia Oy,24,2026-07-12,observed_seller_data,8.98,1,6.839267571819425,2026-07-10,True
Kokkolan Energia Oy,24,2026-07-13,observed_seller_data,8.98,1,6.839267571819425,2026-07-10,True
Kokkolan Energia Oy,24,2026-07-14,observed_seller_data,8.98,1,6.9581303214774275,2026-07-13,True
Kokkolan Energia Oy,24,2026-07-15,observed_seller_data,8.98,1,7.056428926128589,2026-07-14,True
Kokkolan Energia Oy,24,2026-07-16,observed_seller_data,8.98,1,7.151063823529411,2026-07-15,True
Kokkolan Energia Oy,24,2026-07-17,observed_seller_data,8.98,1,7.151930820793433,2026-07-16,True
Kokkolan Energia Oy,24,2026-07-18,observed_seller_data,8.98,1,7.250301532147743,2026-07-17,True
Kokkolan Energia Oy,24,2026-07-19,observed_seller_data,8.98,1,7.250301532147743,2026-07-17,True
Kokkolan Energia Oy,24,2026-07-20,observed_seller_data,8.98,1,7.250301532147743,2026-07-17,True
Kokkolan Energia Oy,24,2026-07-21,observed_seller_data,9.98,1,7.25315146374829,2026-07-20,True
Kokkolan Energia Oy,24,2026-07-22,observed_seller_data,9.98,1,7.284062920656635,2026-07-21,True
Kokkolan Energia Oy,24,2026-07-23,observed_seller_data,9.98,1,7.422411648426812,2026-07-22,True
Kokkolan Energia Oy,24,2026-07-24,observed_seller_data,9.98,1,7.446412879616962,2026-07-23,True
Kokkolan Energia Oy,24,2026-07-25,observed_seller_data,9.98,1,7.456499233926127,2026-07-24,True
Kokkolan Energia Oy,24,2026-07-26,observed_seller_data,9.98,1,7.456499233926127,2026-07-24,True
Kokkolan Energia Oy,24,2026-07-27,canonical_calculation,9.98,1,7.456499233926127,2026-07-24,True
Kokkolan Energia Oy,24,2026-07-28,canonical_calculation,9.98,1,7.337356641586867,2026-07-27,True
Kokkolan Energia Oy,24,2026-07-29,canonical_calculation,9.98,1,7.273444350205198,2026-07-28,True
Kokkolan Energia Oy,24,2026-07-30,canonical_calculation,9.98,1,7.420560909712721,2026-07-29,True
Kokkolan Energia Oy,24,2026-07-31,canonical_calculation,9.98,1,7.412508994528044,2026-07-30,True
Kokkolan Energia Oy,24,2026-08-01,canonical_calculation,9.98,1,7.608965424076606,2026-07-31,True
Kokkolan Energia Oy,24,2026-08-02,canonical_calculation,9.98,1,7.608965424076606,2026-07-31,True
Kokkolan Energia Oy,24,2026-08-03,canonical_calculation,9.98,1,7.608965424076606,2026-07-31,True
Kokkolan Energia Oy,24,2026-08-04,canonical_calculation,9.98,1,7.529972530779754,2026-08-03,True
Kokkolan Energia Oy,24,2026-08-05,canonical_calculation,9.98,1,7.585975403556771,2026-08-04,True
Kokkolan Energia Oy,24,2026-08-06,canonical_calculation,9.98,1,7.4775578248974,2026-08-05,True
Kokkolan Energia Oy,24,2026-08-07,canonical_calculation,9.98,1,7.496314151846784,2026-08-06,True
Kokkolan Energia Oy,24,2026-08-08,canonical_calculation,9.98,1,7.491129336525306,2026-08-07,True
Kokkolan Energia Oy,24,2026-08-09,canonical_calculation,9.98,1,7.491129336525306,2026-08-07,True
Kokkolan Energia Oy,24,2026-08-10,canonical_calculation,9.98,1,7.491129336525306,2026-08-07,True
Kokkolan Energia Oy,24,2026-08-11,canonical_calculation,9.98,1,7.565430143638851,2026-08-10,True
Kokkolan Energia Oy,24,2026-08-12,canonical_calculation,9.98,1,7.543820451436388,2026-08-11,True
Kokkolan Energia Oy,24,2026-08-13,canonical_calculation,9.98,1,7.565919439124487,2026-08-12,True
Kokkolan Energia Oy,24,2026-08-14,canonical_calculation,9.98,1,7.4593920861833105,2026-08-13,True
Kokkolan Energia Oy,24,2026-08-15,canonical_calculation,9.98,1,7.408258132694938,2026-08-14,True
Kokkolan Energia Oy,24,2026-08-16,canonical_calculation,9.98,1,7.408258132694938,2026-08-14,True
Kokkolan Energia Oy,24,2026-08-17,canonical_calculation,9.98,1,7.408258132694938,2026-08-14,True
Kokkolan Energia Oy,24,2026-08-18,canonical_calculation,9.98,1,7.543262482900136,2026-08-17,True
Kokkolan Energia Oy,24,2026-08-19,canonical_calculation,9.98,1,7.569327339261285,2026-08-18,True
Kokkolan Energia Oy,24,2026-08-20,canonical_calculation,9.98,1,7.525651279069766,2026-08-19,True
Kokkolan Energia Oy,24,2026-08-21,canonical_calculation,9.98,1,7.518734186046511,2026-08-20,True
Kokkolan Energia Oy,24,2026-08-22,canonical_calculation,9.98,1,7.600690321477427,2026-08-21,True
Kokkolan Energia Oy,24,2026-08-23,canonical_calculation,9.98,1,7.600690321477427,2026-08-21,True
Kokkolan Energia Oy,24,2026-08-24,canonical_calculation,9.98,1,7.600690321477427,2026-08-21,True
Kokkolan Energia Oy,24,2026-08-25,canonical_calculation,9.98,1,7.572352387140903,2026-08-24,True
Kokkolan Energia Oy,24,2026-08-26,canonical_calculation,9.98,1,7.385951409028726,2026-08-25,True
Kokkolan Energia Oy,24,2026-08-27,canonical_calculation,9.98,1,7.248811326949384,2026-08-26,True
Kokkolan Energia Oy,24,2026-08-28,canonical_calculation,9.98,1,7.380433529411764,2026-08-27,True
Kokkolan Energia Oy,24,2026-08-29,canonical_calculation,9.98,1,7.362903016415868,2026-08-28,True
Kokkolan Energia Oy,24,2026-08-30,canonical_calculation,9.98,1,7.362903016415868,2026-08-28,True
Kokkolan Energia Oy,24,2026-08-31,canonical_calculation,9.98,1,7.362903016415868,2026-08-28,True
Kokkolan Energia Oy,24,2026-09-01,canonical_calculation,9.98,1,7.3933217441860455,2026-08-31,True
Kokkolan Energia Oy,24,2026-09-02,canonical_calculation,9.98,1,7.452802906976744,2026-09-01,True
Kokkolan Energia Oy,24,2026-09-03,canonical_calculation,10.48,1,7.658533632010943,2026-09-02,True
Kokkolan Energia Oy,24,2026-09-04,canonical_calculation,10.48,1,7.687525677154583,2026-09-03,True
Kokkolan Energia Oy,24,2026-09-05,canonical_calculation,10.48,1,7.69683602599179,2026-09-04,True
Kokkolan Energia Oy,24,2026-09-06,canonical_calculation,10.48,1,7.69683602599179,2026-09-04,True
Kokkolan Energia Oy,24,2026-09-07,canonical_calculation,10.48,1,7.69683602599179,2026-09-04,True
Kokkolan Energia Oy,24,2026-09-08,canonical_calculation,10.48,1,7.916026668946647,2026-09-07,True
Kokkolan Energia Oy,24,2026-09-09,canonical_calculation,11.31,1,8.065436908344731,2026-09-08,True
Kokkolan Energia Oy,24,2026-09-10,canonical_calculation,11.31,1,8.37942211354309,2026-09-09,True
Kokkolan Energia Oy,24,2026-09-11,canonical_calculation,11.31,1,8.510666614227084,2026-09-10,True
Kokkolan Energia Oy,24,2026-09-12,canonical_calculation,11.31,1,8.336777865937071,2026-09-11,True
Kokkolan Energia Oy,24,2026-09-13,canonical_calculation,11.31,1,8.336777865937071,2026-09-11,True
Korpelan Energia Oy,12,2026-04-08,observed_seller_data,8.95,1,,,False
Korpelan Energia Oy,12,2026-04-09,observed_seller_data,8.95,1,7.008009397260273,2026-04-08,True
Korpelan Energia Oy,12,2026-04-10,observed_seller_data,8.95,1,7.001851301369863,2026-04-09,True
Korpelan Energia Oy,12,2026-04-11,observed_seller_data,8.95,1,6.91596116438356,2026-04-10,True
Korpelan Energia Oy,12,2026-04-12,observed_seller_data,8.95,1,6.91596116438356,2026-04-10,True
Korpelan Energia Oy,12,2026-04-13,observed_seller_data,8.95,1,6.91596116438356,2026-04-10,True
Korpelan Energia Oy,12,2026-04-14,observed_seller_data,8.95,1,6.929934643835616,2026-04-13,True
Korpelan Energia Oy,12,2026-04-15,observed_seller_data,8.95,1,6.809994465753424,2026-04-14,True
Korpelan Energia Oy,12,2026-04-16,observed_seller_data,8.95,1,6.761455191780822,2026-04-15,True
Korpelan Energia Oy,12,2026-04-17,observed_seller_data,8.95,1,6.797176273972602,2026-04-16,True
Korpelan Energia Oy,12,2026-04-18,observed_seller_data,8.95,1,6.730929465753426,2026-04-17,True
Korpelan Energia Oy,12,2026-04-19,observed_seller_data,8.95,1,6.730929465753426,2026-04-17,True
Korpelan Energia Oy,12,2026-04-20,observed_seller_data,8.95,1,6.730929465753426,2026-04-17,True
Korpelan Energia Oy,12,2026-04-21,observed_seller_data,8.95,1,6.749090863013699,2026-04-20,True
Korpelan Energia Oy,12,2026-04-22,observed_seller_data,8.95,1,6.839808452054794,2026-04-21,True
Korpelan Energia Oy,12,2026-04-23,observed_seller_data,8.95,1,6.872737589041094,2026-04-22,True
Korpelan Energia Oy,12,2026-04-24,observed_seller_data,8.95,1,6.963417356164384,2026-04-23,True
Korpelan Energia Oy,12,2026-04-25,observed_seller_data,8.95,1,6.8711112465753414,2026-04-24,True
Korpelan Energia Oy,12,2026-04-26,observed_seller_data,8.95,1,6.8711112465753414,2026-04-24,True
Korpelan Energia Oy,12,2026-04-27,observed_seller_data,8.95,1,6.8711112465753414,2026-04-24,True
Korpelan Energia Oy,12,2026-04-28,observed_seller_data,8.95,1,6.778488808219178,2026-04-27,True
Korpelan Energia Oy,12,2026-04-29,observed_seller_data,8.95,1,6.82226595890411,2026-04-28,True
Korpelan Energia Oy,12,2026-04-30,observed_seller_data,8.95,1,6.91197610958904,2026-04-29,True
Korpelan Energia Oy,12,2026-05-01,observed_seller_data,8.95,1,6.984508232876711,2026-04-30,True
Korpelan Energia Oy,12,2026-05-02,observed_seller_data,8.95,1,6.984508232876711,2026-04-30,True
Korpelan Energia Oy,12,2026-05-03,observed_seller_data,8.95,1,6.984508232876711,2026-04-30,True
Korpelan Energia Oy,12,2026-05-04,observed_seller_data,8.95,1,6.984508232876711,2026-04-30,True
Korpelan Energia Oy,12,2026-05-05,observed_seller_data,8.95,1,7.199113232876712,2026-05-04,True
Korpelan Energia Oy,12,2026-05-06,observed_seller_data,8.95,1,7.225643589041095,2026-05-05,True
Korpelan Energia Oy,12,2026-05-07,observed_seller_data,8.95,1,7.098238739726027,2026-05-06,True
Korpelan Energia Oy,12,2026-05-08,observed_seller_data,8.95,1,7.211415671232878,2026-05-07,True
Korpelan Energia Oy,12,2026-05-09,observed_seller_data,8.95,1,7.42950716438356,2026-05-08,True
Korpelan Energia Oy,12,2026-05-10,observed_seller_data,8.95,1,7.42950716438356,2026-05-08,True
Korpelan Energia Oy,12,2026-05-11,observed_seller_data,8.95,1,7.42950716438356,2026-05-08,True
Korpelan Energia Oy,12,2026-05-12,observed_seller_data,8.95,1,7.627480835616438,2026-05-11,True
Korpelan Energia Oy,12,2026-05-13,observed_seller_data,8.95,1,7.662703356164383,2026-05-12,True
Korpelan Energia Oy,12,2026-05-14,observed_seller_data,8.95,1,7.6846194383561635,2026-05-13,True
Korpelan Energia Oy,12,2026-05-15,observed_seller_data,8.95,1,7.672966849315067,2026-05-14,True
Korpelan Energia Oy,12,2026-05-16,observed_seller_data,8.95,1,7.7297306712328755,2026-05-15,True
Korpelan Energia Oy,12,2026-05-17,observed_seller_data,8.95,1,7.7297306712328755,2026-05-15,True
Korpelan Energia Oy,12,2026-05-18,observed_seller_data,8.95,1,7.7297306712328755,2026-05-15,True
Korpelan Energia Oy,12,2026-05-19,observed_seller_data,8.95,1,7.584962123287671,2026-05-18,True
Korpelan Energia Oy,12,2026-05-20,observed_seller_data,8.95,1,7.514379547945205,2026-05-19,True
Korpelan Energia Oy,12,2026-05-21,observed_seller_data,8.95,1,7.557534356164381,2026-05-20,True
Korpelan Energia Oy,12,2026-05-22,observed_seller_data,8.95,1,7.675029863013698,2026-05-21,True
Korpelan Energia Oy,12,2026-05-23,observed_seller_data,8.95,1,7.630430945205479,2026-05-22,True
Korpelan Energia Oy,12,2026-05-24,observed_seller_data,8.95,1,7.630430945205479,2026-05-22,True
Korpelan Energia Oy,12,2026-05-25,observed_seller_data,8.95,1,7.630430945205479,2026-05-22,True
Korpelan Energia Oy,12,2026-05-26,observed_seller_data,8.95,1,7.405325205479452,2026-05-25,True
Korpelan Energia Oy,12,2026-05-27,observed_seller_data,8.95,1,7.498484027397259,2026-05-26,True
Korpelan Energia Oy,12,2026-05-28,observed_seller_data,8.95,1,7.3629646575342464,2026-05-27,True
Korpelan Energia Oy,12,2026-05-29,observed_seller_data,8.95,1,7.544537369863012,2026-05-28,True
Korpelan Energia Oy,12,2026-05-30,observed_seller_data,8.95,1,7.758901684931507,2026-05-29,True
Korpelan Energia Oy,12,2026-05-31,observed_seller_data,8.95,1,7.758901684931507,2026-05-29,True
Korpelan Energia Oy,12,2026-06-01,observed_seller_data,8.95,1,7.61820415068493,2026-05-29,True
Korpelan Energia Oy,12,2026-06-02,observed_seller_data,8.95,1,7.859800246575342,2026-06-01,True
Korpelan Energia Oy,12,2026-06-03,observed_seller_data,8.95,1,7.760411123287669,2026-06-02,True
Korpelan Energia Oy,12,2026-06-04,observed_seller_data,8.95,1,7.938253219178082,2026-06-03,True
Korpelan Energia Oy,12,2026-06-05,observed_seller_data,8.95,1,7.809387068493151,2026-06-04,True
Korpelan Energia Oy,12,2026-06-06,observed_seller_data,8.95,1,7.719044260273972,2026-06-05,True
Korpelan Energia Oy,12,2026-06-07,observed_seller_data,8.95,1,7.719044260273972,2026-06-05,True
Korpelan Energia Oy,12,2026-06-08,observed_seller_data,8.95,1,7.719044260273972,2026-06-05,True
Korpelan Energia Oy,12,2026-06-09,observed_seller_data,9.15,1,7.710300520547945,2026-06-08,True
Korpelan Energia Oy,12,2026-06-10,observed_seller_data,9.15,1,7.529601150684932,2026-06-09,True
Korpelan Energia Oy,12,2026-06-11,observed_seller_data,9.15,1,7.565910191780821,2026-06-10,True
Korpelan Energia Oy,12,2026-06-12,observed_seller_data,9.15,1,7.608071315068491,2026-06-11,True
Korpelan Energia Oy,12,2026-06-13,observed_seller_data,9.15,1,7.4029114794520545,2026-06-12,True
Korpelan Energia Oy,12,2026-06-14,observed_seller_data,9.15,1,7.4029114794520545,2026-06-12,True
Korpelan Energia Oy,12,2026-06-15,observed_seller_data,9.15,1,7.4029114794520545,2026-06-12,True
Korpelan Energia Oy,12,2026-06-16,observed_seller_data,9.15,1,7.26479615068493,2026-06-15,True
Korpelan Energia Oy,12,2026-06-17,observed_seller_data,9.15,1,7.301139575342464,2026-06-16,True
Korpelan Energia Oy,12,2026-06-18,observed_seller_data,9.15,1,7.162126835616437,2026-06-17,True
Korpelan Energia Oy,12,2026-06-19,observed_seller_data,9.15,1,7.0250842739726025,2026-06-18,True
Korpelan Energia Oy,12,2026-06-20,observed_seller_data,9.15,1,7.132684191780821,2026-06-19,True
Korpelan Energia Oy,12,2026-06-21,observed_seller_data,9.15,1,7.132684191780821,2026-06-19,True
Korpelan Energia Oy,12,2026-06-22,observed_seller_data,9.15,1,7.132684191780821,2026-06-19,True
Korpelan Energia Oy,12,2026-06-23,observed_seller_data,9.15,1,6.836349465753425,2026-06-22,True
Korpelan Energia Oy,12,2026-06-24,observed_seller_data,8.95,1,6.874353616438356,2026-06-23,True
Korpelan Energia Oy,12,2026-06-25,observed_seller_data,8.95,1,6.835799328767123,2026-06-24,True
Korpelan Energia Oy,12,2026-06-26,observed_seller_data,8.95,1,6.8778641780821905,2026-06-25,True
Korpelan Energia Oy,12,2026-06-27,observed_seller_data,8.95,1,6.942928191780821,2026-06-26,True
Korpelan Energia Oy,12,2026-06-28,observed_seller_data,8.95,1,6.942928191780821,2026-06-26,True
Korpelan Energia Oy,12,2026-06-29,observed_seller_data,8.95,1,6.942928191780821,2026-06-26,True
Korpelan Energia Oy,12,2026-06-30,observed_seller_data,9.15,1,7.11498009589041,2026-06-29,True
Korpelan Energia Oy,12,2026-07-01,observed_seller_data,9.15,1,7.291367767123288,2026-06-30,True
Korpelan Energia Oy,12,2026-07-02,observed_seller_data,9.15,1,7.297343630136985,2026-07-01,True
Korpelan Energia Oy,12,2026-07-03,observed_seller_data,9.15,1,7.396309835616438,2026-07-02,True
Korpelan Energia Oy,12,2026-07-04,observed_seller_data,9.15,1,7.537921972602739,2026-07-03,True
Korpelan Energia Oy,12,2026-07-05,observed_seller_data,9.15,1,7.537921972602739,2026-07-03,True
Korpelan Energia Oy,12,2026-07-06,observed_seller_data,9.15,1,7.537921972602739,2026-07-03,True
Korpelan Energia Oy,12,2026-07-07,observed_seller_data,9.15,1,7.517649424657533,2026-07-06,True
Korpelan Energia Oy,12,2026-07-08,observed_seller_data,9.15,1,7.55255905479452,2026-07-07,True
Korpelan Energia Oy,12,2026-07-09,observed_seller_data,9.15,1,7.663016246575341,2026-07-08,True
Korpelan Energia Oy,12,2026-07-10,observed_seller_data,9.15,1,7.752925821917807,2026-07-09,True
Korpelan Energia Oy,12,2026-07-11,observed_seller_data,9.15,1,7.733756986301369,2026-07-10,True
Korpelan Energia Oy,12,2026-07-12,observed_seller_data,9.15,1,7.733756986301369,2026-07-10,True
Korpelan Energia Oy,12,2026-07-13,observed_seller_data,9.15,1,7.733756986301369,2026-07-10,True
Korpelan Energia Oy,12,2026-07-14,observed_seller_data,9.15,1,7.916333698630135,2026-07-13,True
Korpelan Energia Oy,12,2026-07-15,observed_seller_data,9.15,1,8.05474128767123,2026-07-14,True
Korpelan Energia Oy,12,2026-07-16,observed_seller_data,9.15,1,8.242688712328768,2026-07-15,True
Korpelan Energia Oy,12,2026-07-17,observed_seller_data,9.15,1,8.230231547945204,2026-07-16,True
Korpelan Energia Oy,12,2026-07-18,observed_seller_data,9.15,1,8.411536068493149,2026-07-17,True
Korpelan Energia Oy,12,2026-07-19,observed_seller_data,9.15,1,8.411536068493149,2026-07-17,True
Korpelan Energia Oy,12,2026-07-20,observed_seller_data,9.15,1,8.411536068493149,2026-07-17,True
Korpelan Energia Oy,12,2026-07-21,observed_seller_data,9.75,1,8.444090424657533,2026-07-20,True
Korpelan Energia Oy,12,2026-07-22,observed_seller_data,9.75,1,8.482008616438355,2026-07-21,True
Korpelan Energia Oy,12,2026-07-23,observed_seller_data,9.75,1,8.747336246575342,2026-07-22,True
Korpelan Energia Oy,12,2026-07-24,observed_seller_data,9.75,1,8.776696369863014,2026-07-23,True
Korpelan Energia Oy,12,2026-07-25,observed_seller_data,9.75,1,8.763114863013698,2026-07-24,True
Korpelan Energia Oy,12,2026-07-26,observed_seller_data,9.75,1,8.763114863013698,2026-07-24,True
Korpelan Energia Oy,12,2026-07-27,canonical_calculation,9.75,1,8.763114863013698,2026-07-24,True
Korpelan Energia Oy,12,2026-07-28,canonical_calculation,9.75,1,8.568218520547944,2026-07-27,True
Korpelan Energia Oy,12,2026-07-29,canonical_calculation,9.75,1,8.490944904109588,2026-07-28,True
Korpelan Energia Oy,12,2026-07-30,canonical_calculation,9.75,1,8.781259068493151,2026-07-29,True
Korpelan Energia Oy,12,2026-07-31,canonical_calculation,9.75,1,8.746273794520546,2026-07-30,True
Korpelan Energia Oy,12,2026-08-01,canonical_calculation,9.75,1,8.888607986301372,2026-07-31,True
Korpelan Energia Oy,12,2026-08-02,canonical_calculation,9.75,1,8.888607986301372,2026-07-31,True
Korpelan Energia Oy,12,2026-08-03,canonical_calculation,9.75,1,8.888607986301372,2026-07-31,True
Korpelan Energia Oy,12,2026-08-05,canonical_calculation,10.5,1,8.838225753424656,2026-08-04,True
Korpelan Energia Oy,12,2026-08-06,canonical_calculation,10.5,1,8.654765383561644,2026-08-05,True
Korpelan Energia Oy,12,2026-08-07,canonical_calculation,10.5,1,8.644147739726026,2026-08-06,True
Korpelan Energia Oy,12,2026-08-08,canonical_calculation,10.5,1,8.630679698630136,2026-08-07,True
Korpelan Energia Oy,12,2026-08-09,canonical_calculation,10.5,1,8.630679698630136,2026-08-07,True
Korpelan Energia Oy,12,2026-08-10,canonical_calculation,10.5,1,8.630679698630136,2026-08-07,True
Korpelan Energia Oy,12,2026-08-11,canonical_calculation,10.5,1,8.748859438356163,2026-08-10,True
Korpelan Energia Oy,12,2026-08-12,canonical_calculation,10.95,1,8.705082287671232,2026-08-11,True
Korpelan Energia Oy,12,2026-08-13,canonical_calculation,10.95,1,8.724316452054794,2026-08-12,True
Korpelan Energia Oy,12,2026-08-14,canonical_calculation,10.95,1,8.579424123287671,2026-08-13,True
Korpelan Energia Oy,12,2026-08-15,canonical_calculation,10.95,1,8.519703315068492,2026-08-14,True
Korpelan Energia Oy,12,2026-08-16,canonical_calculation,10.95,1,8.519703315068492,2026-08-14,True
Korpelan Energia Oy,12,2026-08-17,canonical_calculation,10.95,1,8.519703315068492,2026-08-14,True
Korpelan Energia Oy,12,2026-08-18,canonical_calculation,10.95,1,8.72096405479452,2026-08-17,True
Korpelan Energia Oy,12,2026-08-19,canonical_calculation,10.95,1,8.774798397260271,2026-08-18,True
Korpelan Energia Oy,12,2026-08-20,canonical_calculation,10.95,1,8.702345356164384,2026-08-19,True
Korpelan Energia Oy,12,2026-08-21,canonical_calculation,10.95,1,8.65210409589041,2026-08-20,True
Korpelan Energia Oy,12,2026-08-22,canonical_calculation,10.95,1,8.782668794520548,2026-08-21,True
Korpelan Energia Oy,12,2026-08-23,canonical_calculation,10.95,1,8.782668794520548,2026-08-21,True
Korpelan Energia Oy,12,2026-08-24,canonical_calculation,10.95,1,8.782668794520548,2026-08-21,True
Korpelan Energia Oy,12,2026-08-25,canonical_calculation,10.95,1,8.70024108219178,2026-08-24,True
Korpelan Energia Oy,12,2026-08-26,canonical_calculation,10.95,1,8.494331684931506,2026-08-25,True
Korpelan Energia Oy,12,2026-08-27,canonical_calculation,10.95,1,8.25278716438356,2026-08-26,True
Korpelan Energia Oy,12,2026-08-28,canonical_calculation,10.95,1,8.430127260273972,2026-08-27,True
Korpelan Energia Oy,12,2026-08-29,canonical_calculation,10.95,1,8.376550794520547,2026-08-28,True
Korpelan Energia Oy,12,2026-08-30,canonical_calculation,10.95,1,8.376550794520547,2026-08-28,True
Korpelan Energia Oy,12,2026-08-31,canonical_calculation,10.95,1,8.376550794520547,2026-08-28,True
Korpelan Energia Oy,12,2026-09-01,canonical_calculation,10.95,1,8.194654876712328,2026-08-31,True
Korpelan Energia Oy,12,2026-09-02,canonical_calculation,10.95,1,8.232160465753424,2026-09-01,True
Korpelan Energia Oy,12,2026-09-03,canonical_calculation,10.95,1,8.529712369863013,2026-09-02,True
Korpelan Energia Oy,12,2026-09-04,canonical_calculation,10.95,1,8.541691602739725,2026-09-03,True
Korpelan Energia Oy,12,2026-09-05,canonical_calculation,10.95,1,8.551384328767123,2026-09-04,True
Korpelan Energia Oy,12,2026-09-06,canonical_calculation,10.95,1,8.551384328767123,2026-09-04,True
Korpelan Energia Oy,12,2026-09-07,canonical_calculation,10.95,1,8.551384328767123,2026-09-04,True
Korpelan Energia Oy,12,2026-09-08,canonical_calculation,10.95,1,8.858608328767124,2026-09-07,True
Korpelan Energia Oy,12,2026-09-09,canonical_calculation,10.95,1,9.059559616438355,2026-09-08,True
Korpelan Energia Oy,12,2026-09-11,canonical_calculation,11.55,1,9.592642356164383,2026-09-10,True
Korpelan Energia Oy,12,2026-09-12,canonical_calculation,11.55,1,9.381571986301369,2026-09-11,True
Korpelan Energia Oy,12,2026-09-13,canonical_calculation,11.55,1,9.381571986301369,2026-09-11,True
Korpelan Energia Oy,24,2026-09-01,canonical_calculation,9.75,1,7.3933217441860455,2026-08-31,True
Korpelan Energia Oy,24,2026-09-02,canonical_calculation,9.75,1,7.452802906976744,2026-09-01,True
Korpelan Energia Oy,24,2026-09-03,canonical_calculation,9.75,1,7.658533632010943,2026-09-02,True
Korpelan Energia Oy,24,2026-09-04,canonical_calculation,9.75,1,7.687525677154583,2026-09-03,True
Korpelan Energia Oy,24,2026-09-05,canonical_calculation,9.75,1,7.69683602599179,2026-09-04,True
Korpelan Energia Oy,24,2026-09-06,canonical_calculation,9.75,1,7.69683602599179,2026-09-04,True
Korpelan Energia Oy,24,2026-09-07,canonical_calculation,9.75,1,7.69683602599179,2026-09-04,True
Korpelan Energia Oy,24,2026-09-08,canonical_calculation,9.75,1,7.916026668946647,2026-09-07,True
Korpelan Energia Oy,24,2026-09-09,canonical_calculation,9.75,1,8.065436908344731,2026-09-08,True
Korpelan Energia Oy,24,2026-09-11,canonical_calculation,10.35,1,8.510666614227084,2026-09-10,True
Korpelan Energia Oy,24,2026-09-12,canonical_calculation,10.35,1,8.336777865937071,2026-09-11,True
Korpelan Energia Oy,24,2026-09-13,canonical_calculation,10.35,1,8.336777865937071,2026-09-11,True
Köyliön-Säkylän Sähkö Oy,12,2026-04-08,observed_seller_data,8.1,1,,,False
Köyliön-Säkylän Sähkö Oy,12,2026-04-09,observed_seller_data,8.1,1,7.008009397260273,2026-04-08,True
Köyliön-Säkylän Sähkö Oy,12,2026-04-10,observed_seller_data,8.1,1,7.001851301369863,2026-04-09,True
Köyliön-Säkylän Sähkö Oy,12,2026-04-11,observed_seller_data,8.1,1,6.91596116438356,2026-04-10,True
Köyliön-Säkylän Sähkö Oy,12,2026-04-12,observed_seller_data,8.1,1,6.91596116438356,2026-04-10,True
Köyliön-Säkylän Sähkö Oy,12,2026-04-13,observed_seller_data,8.1,1,6.91596116438356,2026-04-10,True
Köyliön-Säkylän Sähkö Oy,12,2026-04-14,observed_seller_data,8.1,1,6.929934643835616,2026-04-13,True
Köyliön-Säkylän Sähkö Oy,12,2026-04-15,observed_seller_data,8.1,1,6.809994465753424,2026-04-14,True
Köyliön-Säkylän Sähkö Oy,12,2026-04-16,observed_seller_data,8.1,1,6.761455191780822,2026-04-15,True
Köyliön-Säkylän Sähkö Oy,12,2026-04-17,observed_seller_data,8.75,2,6.797176273972602,2026-04-16,True
Köyliön-Säkylän Sähkö Oy,12,2026-04-18,observed_seller_data,9.4,1,6.730929465753426,2026-04-17,True
Köyliön-Säkylän Sähkö Oy,12,2026-04-19,observed_seller_data,9.4,1,6.730929465753426,2026-04-17,True
Köyliön-Säkylän Sähkö Oy,12,2026-04-20,observed_seller_data,9.4,1,6.730929465753426,2026-04-17,True
Köyliön-Säkylän Sähkö Oy,12,2026-04-21,observed_seller_data,9.4,1,6.749090863013699,2026-04-20,True
Köyliön-Säkylän Sähkö Oy,12,2026-04-22,observed_seller_data,9.4,1,6.839808452054794,2026-04-21,True
Köyliön-Säkylän Sähkö Oy,12,2026-04-23,observed_seller_data,9.4,1,6.872737589041094,2026-04-22,True
Köyliön-Säkylän Sähkö Oy,12,2026-04-24,observed_seller_data,9.4,1,6.963417356164384,2026-04-23,True
Köyliön-Säkylän Sähkö Oy,12,2026-04-25,observed_seller_data,9.4,1,6.8711112465753414,2026-04-24,True
Köyliön-Säkylän Sähkö Oy,12,2026-04-26,observed_seller_data,9.4,1,6.8711112465753414,2026-04-24,True
Köyliön-Säkylän Sähkö Oy,12,2026-04-27,observed_seller_data,9.4,1,6.8711112465753414,2026-04-24,True
Köyliön-Säkylän Sähkö Oy,12,2026-04-28,observed_seller_data,9.4,1,6.778488808219178,2026-04-27,True
Köyliön-Säkylän Sähkö Oy,12,2026-04-29,observed_seller_data,9.4,1,6.82226595890411,2026-04-28,True
Köyliön-Säkylän Sähkö Oy,12,2026-04-30,observed_seller_data,9.4,1,6.91197610958904,2026-04-29,True
Köyliön-Säkylän Sähkö Oy,12,2026-05-01,observed_seller_data,9.4,1,6.984508232876711,2026-04-30,True
Köyliön-Säkylän Sähkö Oy,12,2026-05-02,observed_seller_data,9.4,1,6.984508232876711,2026-04-30,True
Köyliön-Säkylän Sähkö Oy,12,2026-05-03,observed_seller_data,9.4,1,6.984508232876711,2026-04-30,True
Köyliön-Säkylän Sähkö Oy,12,2026-05-04,observed_seller_data,9.4,1,6.984508232876711,2026-04-30,True
Köyliön-Säkylän Sähkö Oy,12,2026-05-05,observed_seller_data,9.4,1,7.199113232876712,2026-05-04,True
Köyliön-Säkylän Sähkö Oy,12,2026-05-06,observed_seller_data,9.4,1,7.225643589041095,2026-05-05,True
Köyliön-Säkylän Sähkö Oy,12,2026-05-07,observed_seller_data,9.4,1,7.098238739726027,2026-05-06,True
Köyliön-Säkylän Sähkö Oy,12,2026-05-08,observed_seller_data,9.4,1,7.211415671232878,2026-05-07,True
Köyliön-Säkylän Sähkö Oy,12,2026-05-09,observed_seller_data,9.4,1,7.42950716438356,2026-05-08,True
Köyliön-Säkylän Sähkö Oy,12,2026-05-10,observed_seller_data,9.4,1,7.42950716438356,2026-05-08,True
Köyliön-Säkylän Sähkö Oy,12,2026-05-11,observed_seller_data,9.4,1,7.42950716438356,2026-05-08,True
Köyliön-Säkylän Sähkö Oy,12,2026-05-12,observed_seller_data,9.4,1,7.627480835616438,2026-05-11,True
Köyliön-Säkylän Sähkö Oy,12,2026-05-13,observed_seller_data,9.4,1,7.662703356164383,2026-05-12,True
Köyliön-Säkylän Sähkö Oy,12,2026-05-14,observed_seller_data,9.4,1,7.6846194383561635,2026-05-13,True
Köyliön-Säkylän Sähkö Oy,12,2026-05-15,observed_seller_data,9.4,1,7.672966849315067,2026-05-14,True
Köyliön-Säkylän Sähkö Oy,12,2026-05-16,observed_seller_data,9.4,1,7.7297306712328755,2026-05-15,True
Köyliön-Säkylän Sähkö Oy,12,2026-05-17,observed_seller_data,9.4,1,7.7297306712328755,2026-05-15,True
Köyliön-Säkylän Sähkö Oy,12,2026-05-18,observed_seller_data,9.4,1,7.7297306712328755,2026-05-15,True
Köyliön-Säkylän Sähkö Oy,12,2026-05-19,observed_seller_data,9.4,1,7.584962123287671,2026-05-18,True
Köyliön-Säkylän Sähkö Oy,12,2026-05-20,observed_seller_data,9.4,1,7.514379547945205,2026-05-19,True
Köyliön-Säkylän Sähkö Oy,12,2026-05-21,observed_seller_data,9.4,1,7.557534356164381,2026-05-20,True
Köyliön-Säkylän Sähkö Oy,12,2026-05-22,observed_seller_data,9.4,1,7.675029863013698,2026-05-21,True
Köyliön-Säkylän Sähkö Oy,12,2026-05-23,observed_seller_data,9.4,1,7.630430945205479,2026-05-22,True
Köyliön-Säkylän Sähkö Oy,12,2026-05-24,observed_seller_data,9.4,1,7.630430945205479,2026-05-22,True
Köyliön-Säkylän Sähkö Oy,12,2026-05-25,observed_seller_data,9.4,1,7.630430945205479,2026-05-22,True
Köyliön-Säkylän Sähkö Oy,12,2026-05-26,observed_seller_data,9.4,1,7.405325205479452,2026-05-25,True
Köyliön-Säkylän Sähkö Oy,12,2026-05-27,observed_seller_data,9.4,1,7.498484027397259,2026-05-26,True
Köyliön-Säkylän Sähkö Oy,12,2026-05-28,observed_seller_data,9.4,1,7.3629646575342464,2026-05-27,True
Köyliön-Säkylän Sähkö Oy,12,2026-05-29,observed_seller_data,9.4,1,7.544537369863012,2026-05-28,True
Köyliön-Säkylän Sähkö Oy,12,2026-05-30,observed_seller_data,9.4,1,7.758901684931507,2026-05-29,True
Köyliön-Säkylän Sähkö Oy,12,2026-05-31,observed_seller_data,9.4,1,7.758901684931507,2026-05-29,True
Köyliön-Säkylän Sähkö Oy,12,2026-06-01,observed_seller_data,9.4,1,7.61820415068493,2026-05-29,True
Köyliön-Säkylän Sähkö Oy,12,2026-06-02,observed_seller_data,9.4,1,7.859800246575342,2026-06-01,True
Köyliön-Säkylän Sähkö Oy,12,2026-06-03,observed_seller_data,9.4,1,7.760411123287669,2026-06-02,True
Köyliön-Säkylän Sähkö Oy,12,2026-06-04,observed_seller_data,9.4,1,7.938253219178082,2026-06-03,True
Köyliön-Säkylän Sähkö Oy,12,2026-06-05,observed_seller_data,9.4,1,7.809387068493151,2026-06-04,True
Köyliön-Säkylän Sähkö Oy,12,2026-06-06,observed_seller_data,9.4,1,7.719044260273972,2026-06-05,True
Köyliön-Säkylän Sähkö Oy,12,2026-06-07,observed_seller_data,9.4,1,7.719044260273972,2026-06-05,True
Köyliön-Säkylän Sähkö Oy,12,2026-06-08,observed_seller_data,9.4,1,7.719044260273972,2026-06-05,True
Köyliön-Säkylän Sähkö Oy,12,2026-06-09,observed_seller_data,9.4,1,7.710300520547945,2026-06-08,True
Köyliön-Säkylän Sähkö Oy,12,2026-06-10,observed_seller_data,9.4,1,7.529601150684932,2026-06-09,True
Köyliön-Säkylän Sähkö Oy,12,2026-06-11,observed_seller_data,9.4,1,7.565910191780821,2026-06-10,True
Köyliön-Säkylän Sähkö Oy,12,2026-06-12,observed_seller_data,9.4,1,7.608071315068491,2026-06-11,True
Köyliön-Säkylän Sähkö Oy,12,2026-06-13,observed_seller_data,9.4,1,7.4029114794520545,2026-06-12,True
Köyliön-Säkylän Sähkö Oy,12,2026-06-14,observed_seller_data,9.4,1,7.4029114794520545,2026-06-12,True
Köyliön-Säkylän Sähkö Oy,12,2026-06-15,observed_seller_data,9.4,1,7.4029114794520545,2026-06-12,True
Köyliön-Säkylän Sähkö Oy,12,2026-06-16,observed_seller_data,9.4,1,7.26479615068493,2026-06-15,True
Köyliön-Säkylän Sähkö Oy,12,2026-06-17,observed_seller_data,9.4,1,7.301139575342464,2026-06-16,True
Köyliön-Säkylän Sähkö Oy,12,2026-06-18,observed_seller_data,9.4,1,7.162126835616437,2026-06-17,True
Köyliön-Säkylän Sähkö Oy,12,2026-06-19,observed_seller_data,9.4,1,7.0250842739726025,2026-06-18,True
Köyliön-Säkylän Sähkö Oy,12,2026-06-20,observed_seller_data,9.4,1,7.132684191780821,2026-06-19,True
Köyliön-Säkylän Sähkö Oy,12,2026-06-21,observed_seller_data,9.4,1,7.132684191780821,2026-06-19,True
Köyliön-Säkylän Sähkö Oy,12,2026-06-22,observed_seller_data,9.4,1,7.132684191780821,2026-06-19,True
Köyliön-Säkylän Sähkö Oy,12,2026-06-23,observed_seller_data,9.4,1,6.836349465753425,2026-06-22,True
Köyliön-Säkylän Sähkö Oy,12,2026-06-24,observed_seller_data,9.4,1,6.874353616438356,2026-06-23,True
Köyliön-Säkylän Sähkö Oy,12,2026-06-25,observed_seller_data,9.4,1,6.835799328767123,2026-06-24,True
Köyliön-Säkylän Sähkö Oy,12,2026-06-26,observed_seller_data,9.4,1,6.8778641780821905,2026-06-25,True
Köyliön-Säkylän Sähkö Oy,12,2026-06-27,observed_seller_data,9.4,1,6.942928191780821,2026-06-26,True
Köyliön-Säkylän Sähkö Oy,12,2026-06-28,observed_seller_data,9.4,1,6.942928191780821,2026-06-26,True
Köyliön-Säkylän Sähkö Oy,12,2026-06-29,observed_seller_data,9.4,1,6.942928191780821,2026-06-26,True
Köyliön-Säkylän Sähkö Oy,12,2026-06-30,observed_seller_data,9.4,1,7.11498009589041,2026-06-29,True
Köyliön-Säkylän Sähkö Oy,12,2026-07-01,observed_seller_data,9.4,1,7.291367767123288,2026-06-30,True
Köyliön-Säkylän Sähkö Oy,12,2026-07-02,observed_seller_data,9.4,1,7.297343630136985,2026-07-01,True
Köyliön-Säkylän Sähkö Oy,12,2026-07-03,observed_seller_data,9.4,1,7.396309835616438,2026-07-02,True
Köyliön-Säkylän Sähkö Oy,12,2026-07-04,observed_seller_data,9.4,1,7.537921972602739,2026-07-03,True
Köyliön-Säkylän Sähkö Oy,12,2026-07-05,observed_seller_data,9.4,1,7.537921972602739,2026-07-03,True
Köyliön-Säkylän Sähkö Oy,12,2026-07-06,observed_seller_data,9.4,1,7.537921972602739,2026-07-03,True
Köyliön-Säkylän Sähkö Oy,12,2026-07-07,observed_seller_data,9.4,1,7.517649424657533,2026-07-06,True
Köyliön-Säkylän Sähkö Oy,12,2026-07-08,observed_seller_data,9.4,1,7.55255905479452,2026-07-07,True
Köyliön-Säkylän Sähkö Oy,12,2026-07-09,observed_seller_data,9.4,1,7.663016246575341,2026-07-08,True
Köyliön-Säkylän Sähkö Oy,12,2026-07-10,observed_seller_data,9.4,1,7.752925821917807,2026-07-09,True
Köyliön-Säkylän Sähkö Oy,12,2026-07-11,observed_seller_data,9.4,1,7.733756986301369,2026-07-10,True
Köyliön-Säkylän Sähkö Oy,12,2026-07-12,observed_seller_data,9.4,1,7.733756986301369,2026-07-10,True
Köyliön-Säkylän Sähkö Oy,12,2026-07-13,observed_seller_data,9.4,1,7.733756986301369,2026-07-10,True
Köyliön-Säkylän Sähkö Oy,12,2026-07-14,observed_seller_data,9.4,1,7.916333698630135,2026-07-13,True
Köyliön-Säkylän Sähkö Oy,12,2026-07-15,observed_seller_data,9.4,1,8.05474128767123,2026-07-14,True
Köyliön-Säkylän Sähkö Oy,12,2026-07-16,observed_seller_data,9.4,1,8.242688712328768,2026-07-15,True
Köyliön-Säkylän Sähkö Oy,12,2026-07-17,observed_seller_data,9.4,1,8.230231547945204,2026-07-16,True
Köyliön-Säkylän Sähkö Oy,12,2026-07-18,observed_seller_data,10.6,1,8.411536068493149,2026-07-17,True
Köyliön-Säkylän Sähkö Oy,12,2026-07-19,observed_seller_data,10.6,1,8.411536068493149,2026-07-17,True
Köyliön-Säkylän Sähkö Oy,12,2026-07-20,observed_seller_data,10.6,1,8.411536068493149,2026-07-17,True
Köyliön-Säkylän Sähkö Oy,12,2026-07-21,observed_seller_data,10.6,1,8.444090424657533,2026-07-20,True
Köyliön-Säkylän Sähkö Oy,12,2026-07-22,observed_seller_data,10.6,1,8.482008616438355,2026-07-21,True
Köyliön-Säkylän Sähkö Oy,12,2026-07-23,observed_seller_data,10.6,1,8.747336246575342,2026-07-22,True
Köyliön-Säkylän Sähkö Oy,12,2026-07-24,observed_seller_data,10.6,1,8.776696369863014,2026-07-23,True
Köyliön-Säkylän Sähkö Oy,12,2026-07-25,observed_seller_data,10.6,1,8.763114863013698,2026-07-24,True
Köyliön-Säkylän Sähkö Oy,12,2026-07-26,observed_seller_data,10.6,1,8.763114863013698,2026-07-24,True
Köyliön-Säkylän Sähkö Oy,12,2026-07-27,canonical_calculation,10.6,1,8.763114863013698,2026-07-24,True
Köyliön-Säkylän Sähkö Oy,12,2026-07-28,canonical_calculation,10.6,1,8.568218520547944,2026-07-27,True
Köyliön-Säkylän Sähkö Oy,12,2026-07-29,canonical_calculation,10.6,1,8.490944904109588,2026-07-28,True
Köyliön-Säkylän Sähkö Oy,12,2026-07-30,canonical_calculation,10.6,1,8.781259068493151,2026-07-29,True
Köyliön-Säkylän Sähkö Oy,12,2026-07-31,canonical_calculation,10.6,1,8.746273794520546,2026-07-30,True
Köyliön-Säkylän Sähkö Oy,12,2026-08-01,canonical_calculation,10.6,1,8.888607986301372,2026-07-31,True
Köyliön-Säkylän Sähkö Oy,12,2026-08-02,canonical_calculation,10.6,1,8.888607986301372,2026-07-31,True
Köyliön-Säkylän Sähkö Oy,12,2026-08-03,canonical_calculation,10.6,1,8.888607986301372,2026-07-31,True
Köyliön-Säkylän Sähkö Oy,12,2026-08-04,canonical_calculation,10.6,1,8.728779438356165,2026-08-03,True
Köyliön-Säkylän Sähkö Oy,12,2026-08-05,canonical_calculation,10.6,1,8.838225753424656,2026-08-04,True
Köyliön-Säkylän Sähkö Oy,12,2026-08-06,canonical_calculation,10.6,1,8.654765383561644,2026-08-05,True
Köyliön-Säkylän Sähkö Oy,12,2026-08-07,canonical_calculation,10.6,1,8.644147739726026,2026-08-06,True
Köyliön-Säkylän Sähkö Oy,12,2026-08-08,canonical_calculation,11.2,1,8.630679698630136,2026-08-07,True
Köyliön-Säkylän Sähkö Oy,12,2026-08-09,canonical_calculation,11.2,1,8.630679698630136,2026-08-07,True
Köyliön-Säkylän Sähkö Oy,12,2026-08-10,canonical_calculation,11.2,1,8.630679698630136,2026-08-07,True
Köyliön-Säkylän Sähkö Oy,12,2026-08-11,canonical_calculation,11.2,1,8.748859438356163,2026-08-10,True
Köyliön-Säkylän Sähkö Oy,12,2026-08-12,canonical_calculation,11.2,1,8.705082287671232,2026-08-11,True
Köyliön-Säkylän Sähkö Oy,12,2026-08-13,canonical_calculation,11.2,1,8.724316452054794,2026-08-12,True
Köyliön-Säkylän Sähkö Oy,12,2026-08-14,canonical_calculation,11.2,1,8.579424123287671,2026-08-13,True
Köyliön-Säkylän Sähkö Oy,12,2026-08-15,canonical_calculation,11.2,1,8.519703315068492,2026-08-14,True
Köyliön-Säkylän Sähkö Oy,12,2026-08-16,canonical_calculation,11.2,1,8.519703315068492,2026-08-14,True
Köyliön-Säkylän Sähkö Oy,12,2026-08-17,canonical_calculation,11.2,1,8.519703315068492,2026-08-14,True
Köyliön-Säkylän Sähkö Oy,12,2026-08-18,canonical_calculation,11.2,1,8.72096405479452,2026-08-17,True
Köyliön-Säkylän Sähkö Oy,12,2026-08-19,canonical_calculation,11.2,1,8.774798397260271,2026-08-18,True
Köyliön-Säkylän Sähkö Oy,12,2026-08-20,canonical_calculation,11.2,1,8.702345356164384,2026-08-19,True
Köyliön-Säkylän Sähkö Oy,12,2026-08-21,canonical_calculation,11.2,1,8.65210409589041,2026-08-20,True
Köyliön-Säkylän Sähkö Oy,12,2026-08-22,canonical_calculation,11.2,1,8.782668794520548,2026-08-21,True
Köyliön-Säkylän Sähkö Oy,12,2026-08-23,canonical_calculation,11.2,1,8.782668794520548,2026-08-21,True
Köyliön-Säkylän Sähkö Oy,12,2026-08-24,canonical_calculation,11.2,1,8.782668794520548,2026-08-21,True
Köyliön-Säkylän Sähkö Oy,12,2026-08-25,canonical_calculation,11.2,1,8.70024108219178,2026-08-24,True
Köyliön-Säkylän Sähkö Oy,12,2026-08-26,canonical_calculation,11.2,1,8.494331684931506,2026-08-25,True
Köyliön-Säkylän Sähkö Oy,12,2026-08-27,canonical_calculation,11.2,1,8.25278716438356,2026-08-26,True
Köyliön-Säkylän Sähkö Oy,12,2026-08-28,canonical_calculation,11.2,1,8.430127260273972,2026-08-27,True
Köyliön-Säkylän Sähkö Oy,12,2026-08-29,canonical_calculation,11.2,1,8.376550794520547,2026-08-28,True
Köyliön-Säkylän Sähkö Oy,12,2026-08-30,canonical_calculation,11.2,1,8.376550794520547,2026-08-28,True
Köyliön-Säkylän Sähkö Oy,12,2026-08-31,canonical_calculation,11.2,1,8.376550794520547,2026-08-28,True
Köyliön-Säkylän Sähkö Oy,12,2026-09-01,canonical_calculation,11.2,1,8.194654876712328,2026-08-31,True
Köyliön-Säkylän Sähkö Oy,12,2026-09-02,canonical_calculation,11.2,1,8.232160465753424,2026-09-01,True
Köyliön-Säkylän Sähkö Oy,12,2026-09-03,canonical_calculation,11.2,1,8.529712369863013,2026-09-02,True
Köyliön-Säkylän Sähkö Oy,12,2026-09-04,canonical_calculation,11.2,1,8.541691602739725,2026-09-03,True
Köyliön-Säkylän Sähkö Oy,12,2026-09-05,canonical_calculation,11.2,1,8.551384328767123,2026-09-04,True
Köyliön-Säkylän Sähkö Oy,12,2026-09-06,canonical_calculation,11.2,1,8.551384328767123,2026-09-04,True
Köyliön-Säkylän Sähkö Oy,12,2026-09-07,canonical_calculation,11.2,1,8.551384328767123,2026-09-04,True
Köyliön-Säkylän Sähkö Oy,12,2026-09-08,canonical_calculation,11.2,1,8.858608328767124,2026-09-07,True
Köyliön-Säkylän Sähkö Oy,12,2026-09-09,canonical_calculation,11.2,1,9.059559616438355,2026-09-08,True
Köyliön-Säkylän Sähkö Oy,12,2026-09-10,canonical_calculation,11.2,1,9.442544356164383,2026-09-09,True
Köyliön-Säkylän Sähkö Oy,12,2026-09-11,canonical_calculation,11.2,1,9.592642356164383,2026-09-10,True
Köyliön-Säkylän Sähkö Oy,12,2026-09-12,canonical_calculation,12.5,1,9.381571986301369,2026-09-11,True
Köyliön-Säkylän Sähkö Oy,12,2026-09-13,canonical_calculation,12.5,1,9.381571986301369,2026-09-11,True
Köyliön-Säkylän Sähkö Oy,24,2026-04-08,observed_seller_data,7.85,1,,,False
Köyliön-Säkylän Sähkö Oy,24,2026-04-09,observed_seller_data,7.85,1,6.314420047879617,2026-04-08,True
Köyliön-Säkylän Sähkö Oy,24,2026-04-10,observed_seller_data,7.85,1,6.2962903625171,2026-04-09,True
Köyliön-Säkylän Sähkö Oy,24,2026-04-11,observed_seller_data,7.85,1,6.228571867305061,2026-04-10,True
Köyliön-Säkylän Sähkö Oy,24,2026-04-12,observed_seller_data,7.85,1,6.228571867305061,2026-04-10,True
Köyliön-Säkylän Sähkö Oy,24,2026-04-13,observed_seller_data,7.85,1,6.228571867305061,2026-04-10,True
Köyliön-Säkylän Sähkö Oy,24,2026-04-14,observed_seller_data,7.85,1,6.23801269493844,2026-04-13,True
Köyliön-Säkylän Sähkö Oy,24,2026-04-15,observed_seller_data,7.85,1,6.177379541723666,2026-04-14,True
Köyliön-Säkylän Sähkö Oy,24,2026-04-16,observed_seller_data,7.85,1,6.144708337893295,2026-04-15,True
Köyliön-Säkylän Sähkö Oy,24,2026-04-17,observed_seller_data,8.6,1,6.150796203830369,2026-04-16,True
Köyliön-Säkylän Sähkö Oy,24,2026-04-18,observed_seller_data,8.6,1,6.103619534883721,2026-04-17,True
Köyliön-Säkylän Sähkö Oy,24,2026-04-19,observed_seller_data,8.6,1,6.103619534883721,2026-04-17,True
Köyliön-Säkylän Sähkö Oy,24,2026-04-20,observed_seller_data,8.6,1,6.103619534883721,2026-04-17,True
Köyliön-Säkylän Sähkö Oy,24,2026-04-21,observed_seller_data,8.6,1,6.087503686730505,2026-04-20,True
Köyliön-Säkylän Sähkö Oy,24,2026-04-22,observed_seller_data,8.6,1,6.154380937072504,2026-04-21,True
Köyliön-Säkylän Sähkö Oy,24,2026-04-23,observed_seller_data,8.6,1,6.177219876880984,2026-04-22,True
Köyliön-Säkylän Sähkö Oy,24,2026-04-24,observed_seller_data,8.6,1,6.256475444596442,2026-04-23,True
Köyliön-Säkylän Sähkö Oy,24,2026-04-25,observed_seller_data,8.6,1,6.191047195622435,2026-04-24,True
Köyliön-Säkylän Sähkö Oy,24,2026-04-26,observed_seller_data,8.6,1,6.191047195622435,2026-04-24,True
Köyliön-Säkylän Sähkö Oy,24,2026-04-27,observed_seller_data,8.6,1,6.191047195622435,2026-04-24,True
Köyliön-Säkylän Sähkö Oy,24,2026-04-28,observed_seller_data,8.6,1,6.134817701778386,2026-04-27,True
Köyliön-Säkylän Sähkö Oy,24,2026-04-29,observed_seller_data,8.6,1,6.171774103967169,2026-04-28,True
Köyliön-Säkylän Sähkö Oy,24,2026-04-30,observed_seller_data,8.6,1,6.239817079343364,2026-04-29,True
Köyliön-Säkylän Sähkö Oy,24,2026-05-01,observed_seller_data,8.6,1,6.355381805745553,2026-04-30,True
Köyliön-Säkylän Sähkö Oy,24,2026-05-02,observed_seller_data,8.6,1,6.355381805745553,2026-04-30,True
Köyliön-Säkylän Sähkö Oy,24,2026-05-03,observed_seller_data,8.6,1,6.355381805745553,2026-04-30,True
Köyliön-Säkylän Sähkö Oy,24,2026-05-04,observed_seller_data,8.6,1,6.355381805745553,2026-04-30,True
Köyliön-Säkylän Sähkö Oy,24,2026-05-05,observed_seller_data,8.6,1,6.476608625170997,2026-05-04,True
Köyliön-Säkylän Sähkö Oy,24,2026-05-06,observed_seller_data,8.6,1,6.494082482900137,2026-05-05,True
Köyliön-Säkylän Sähkö Oy,24,2026-05-07,observed_seller_data,8.6,1,6.3717053898768805,2026-05-06,True
Köyliön-Säkylän Sähkö Oy,24,2026-05-08,observed_seller_data,8.6,1,6.408783686730506,2026-05-07,True
Köyliön-Säkylän Sähkö Oy,24,2026-05-09,observed_seller_data,8.6,1,6.537145636114911,2026-05-08,True
Köyliön-Säkylän Sähkö Oy,24,2026-05-10,observed_seller_data,8.6,1,6.537145636114911,2026-05-08,True
Köyliön-Säkylän Sähkö Oy,24,2026-05-11,observed_seller_data,8.6,1,6.537145636114911,2026-05-08,True
Köyliön-Säkylän Sähkö Oy,24,2026-05-12,observed_seller_data,8.6,1,6.665234610123119,2026-05-11,True
Köyliön-Säkylän Sähkö Oy,24,2026-05-13,observed_seller_data,8.6,1,6.70606760601915,2026-05-12,True
Köyliön-Säkylän Sähkö Oy,24,2026-05-14,observed_seller_data,8.6,1,6.721105287277702,2026-05-13,True
Köyliön-Säkylän Sähkö Oy,24,2026-05-15,observed_seller_data,8.6,1,6.717319685362518,2026-05-14,True
Köyliön-Säkylän Sähkö Oy,24,2026-05-16,observed_seller_data,8.6,1,6.7470001778385775,2026-05-15,True
Köyliön-Säkylän Sähkö Oy,24,2026-05-17,observed_seller_data,8.6,1,6.7470001778385775,2026-05-15,True
Köyliön-Säkylän Sähkö Oy,24,2026-05-18,observed_seller_data,8.6,1,6.7470001778385775,2026-05-15,True
Köyliön-Säkylän Sähkö Oy,24,2026-05-19,observed_seller_data,8.6,1,6.650742879616962,2026-05-18,True
Köyliön-Säkylän Sähkö Oy,24,2026-05-20,observed_seller_data,8.6,1,6.6187309370725025,2026-05-19,True
Köyliön-Säkylän Sähkö Oy,24,2026-05-21,observed_seller_data,8.6,1,6.6317977017783845,2026-05-20,True
Köyliön-Säkylän Sähkö Oy,24,2026-05-22,observed_seller_data,8.6,1,6.702566997264021,2026-05-21,True
Köyliön-Säkylän Sähkö Oy,24,2026-05-23,observed_seller_data,8.6,1,6.6722512790697674,2026-05-22,True
Köyliön-Säkylän Sähkö Oy,24,2026-05-24,observed_seller_data,8.6,1,6.6722512790697674,2026-05-22,True
Köyliön-Säkylän Sähkö Oy,24,2026-05-25,observed_seller_data,8.6,1,6.6722512790697674,2026-05-22,True
Köyliön-Säkylän Sähkö Oy,24,2026-05-26,observed_seller_data,8.6,1,6.515872441860465,2026-05-25,True
Köyliön-Säkylän Sähkö Oy,24,2026-05-27,observed_seller_data,8.6,1,6.584854521203829,2026-05-26,True
Köyliön-Säkylän Sähkö Oy,24,2026-05-28,observed_seller_data,8.6,1,6.484572982216141,2026-05-27,True
Köyliön-Säkylän Sähkö Oy,24,2026-05-29,observed_seller_data,8.6,1,6.595828474692201,2026-05-28,True
Köyliön-Säkylän Sähkö Oy,24,2026-05-30,observed_seller_data,8.6,1,6.705398043775649,2026-05-29,True
Köyliön-Säkylän Sähkö Oy,24,2026-05-31,observed_seller_data,8.6,1,6.705398043775649,2026-05-29,True
Köyliön-Säkylän Sähkö Oy,24,2026-06-01,observed_seller_data,8.6,1,6.692830875512995,2026-05-29,True
Köyliön-Säkylän Sähkö Oy,24,2026-06-02,observed_seller_data,8.6,1,6.863023296853624,2026-06-01,True
Köyliön-Säkylän Sähkö Oy,24,2026-06-03,observed_seller_data,8.6,1,6.804407414500683,2026-06-02,True
Köyliön-Säkylän Sähkö Oy,24,2026-06-04,observed_seller_data,8.6,1,6.924890848153214,2026-06-03,True
Köyliön-Säkylän Sähkö Oy,24,2026-06-05,observed_seller_data,8.6,1,6.841681429548563,2026-06-04,True
Köyliön-Säkylän Sähkö Oy,24,2026-06-06,observed_seller_data,8.6,1,6.780177845417237,2026-06-05,True
Köyliön-Säkylän Sähkö Oy,24,2026-06-07,observed_seller_data,8.6,1,6.780177845417237,2026-06-05,True
Köyliön-Säkylän Sähkö Oy,24,2026-06-08,observed_seller_data,8.6,1,6.780177845417237,2026-06-05,True
Köyliön-Säkylän Sähkö Oy,24,2026-06-09,observed_seller_data,8.6,1,6.7652792270861815,2026-06-08,True
Köyliön-Säkylän Sähkö Oy,24,2026-06-10,observed_seller_data,8.6,1,6.654351648426812,2026-06-09,True
Köyliön-Säkylän Sähkö Oy,24,2026-06-11,observed_seller_data,8.6,1,6.690471956224349,2026-06-10,True
Köyliön-Säkylän Sähkö Oy,24,2026-06-12,observed_seller_data,8.6,1,6.73640049247606,2026-06-11,True
Köyliön-Säkylän Sähkö Oy,24,2026-06-13,observed_seller_data,8.6,1,6.603004808481531,2026-06-12,True
Köyliön-Säkylän Sähkö Oy,24,2026-06-14,observed_seller_data,8.6,1,6.603004808481531,2026-06-12,True
Köyliön-Säkylän Sähkö Oy,24,2026-06-15,observed_seller_data,8.6,1,6.603004808481531,2026-06-12,True
Köyliön-Säkylän Sähkö Oy,24,2026-06-16,observed_seller_data,8.6,1,6.537957694938441,2026-06-15,True
Köyliön-Säkylän Sähkö Oy,24,2026-06-17,observed_seller_data,8.6,1,6.571571436388509,2026-06-16,True
Köyliön-Säkylän Sähkö Oy,24,2026-06-18,observed_seller_data,8.6,1,6.488619541723665,2026-06-17,True
Köyliön-Säkylän Sähkö Oy,24,2026-06-19,observed_seller_data,8.6,1,6.392096135430917,2026-06-18,True
Köyliön-Säkylän Sähkö Oy,24,2026-06-20,observed_seller_data,8.6,1,6.448359965800273,2026-06-19,True
Köyliön-Säkylän Sähkö Oy,24,2026-06-21,observed_seller_data,8.6,1,6.448359965800273,2026-06-19,True
Köyliön-Säkylän Sähkö Oy,24,2026-06-22,observed_seller_data,8.6,1,6.448359965800273,2026-06-19,True
Köyliön-Säkylän Sähkö Oy,24,2026-06-23,observed_seller_data,8.6,1,6.2601099658002735,2026-06-22,True
Köyliön-Säkylän Sähkö Oy,24,2026-06-24,observed_seller_data,8.6,1,6.329272311901504,2026-06-23,True
Köyliön-Säkylän Sähkö Oy,24,2026-06-25,observed_seller_data,8.6,1,6.319347339261285,2026-06-24,True
Köyliön-Säkylän Sähkö Oy,24,2026-06-26,observed_seller_data,8.6,1,6.360398372093023,2026-06-25,True
Köyliön-Säkylän Sähkö Oy,24,2026-06-27,observed_seller_data,8.6,1,6.398996060191518,2026-06-26,True
Köyliön-Säkylän Sähkö Oy,24,2026-06-28,observed_seller_data,8.6,1,6.398996060191518,2026-06-26,True
Köyliön-Säkylän Sähkö Oy,24,2026-06-29,observed_seller_data,8.6,1,6.398996060191518,2026-06-26,True
Köyliön-Säkylän Sähkö Oy,24,2026-06-30,observed_seller_data,8.6,1,6.356499459644321,2026-06-29,True
Köyliön-Säkylän Sähkö Oy,24,2026-07-01,observed_seller_data,8.6,1,6.578045588235293,2026-06-30,True
Köyliön-Säkylän Sähkö Oy,24,2026-07-02,observed_seller_data,8.6,1,6.6284910943912445,2026-07-01,True
Köyliön-Säkylän Sähkö Oy,24,2026-07-03,observed_seller_data,8.6,1,6.720432291381669,2026-07-02,True
Köyliön-Säkylän Sähkö Oy,24,2026-07-04,observed_seller_data,8.6,1,6.790317421340628,2026-07-03,True
Köyliön-Säkylän Sähkö Oy,24,2026-07-05,observed_seller_data,8.6,1,6.790317421340628,2026-07-03,True
Köyliön-Säkylän Sähkö Oy,24,2026-07-06,observed_seller_data,8.6,1,6.790317421340628,2026-07-03,True
Köyliön-Säkylän Sähkö Oy,24,2026-07-07,observed_seller_data,8.6,1,6.748586525307798,2026-07-06,True
Köyliön-Säkylän Sähkö Oy,24,2026-07-08,observed_seller_data,8.6,1,6.768290540355675,2026-07-07,True
Köyliön-Säkylän Sähkö Oy,24,2026-07-09,observed_seller_data,8.6,1,6.846610437756497,2026-07-08,True
Köyliön-Säkylän Sähkö Oy,24,2026-07-10,observed_seller_data,8.6,1,6.866929076607387,2026-07-09,True
Köyliön-Säkylän Sähkö Oy,24,2026-07-11,observed_seller_data,8.6,1,6.839267571819425,2026-07-10,True
Köyliön-Säkylän Sähkö Oy,24,2026-07-12,observed_seller_data,8.6,1,6.839267571819425,2026-07-10,True
Köyliön-Säkylän Sähkö Oy,24,2026-07-13,observed_seller_data,8.6,1,6.839267571819425,2026-07-10,True
Köyliön-Säkylän Sähkö Oy,24,2026-07-14,observed_seller_data,8.6,1,6.9581303214774275,2026-07-13,True
Köyliön-Säkylän Sähkö Oy,24,2026-07-15,observed_seller_data,8.6,1,7.056428926128589,2026-07-14,True
Köyliön-Säkylän Sähkö Oy,24,2026-07-16,observed_seller_data,8.6,1,7.151063823529411,2026-07-15,True
Köyliön-Säkylän Sähkö Oy,24,2026-07-17,observed_seller_data,8.6,1,7.151930820793433,2026-07-16,True
Köyliön-Säkylän Sähkö Oy,24,2026-07-18,observed_seller_data,9.4,1,7.250301532147743,2026-07-17,True
Köyliön-Säkylän Sähkö Oy,24,2026-07-19,observed_seller_data,9.4,1,7.250301532147743,2026-07-17,True
Köyliön-Säkylän Sähkö Oy,24,2026-07-20,observed_seller_data,9.4,1,7.250301532147743,2026-07-17,True
Köyliön-Säkylän Sähkö Oy,24,2026-07-21,observed_seller_data,9.4,1,7.25315146374829,2026-07-20,True
Köyliön-Säkylän Sähkö Oy,24,2026-07-22,observed_seller_data,9.4,1,7.284062920656635,2026-07-21,True
Köyliön-Säkylän Sähkö Oy,24,2026-07-23,observed_seller_data,9.4,1,7.422411648426812,2026-07-22,True
Köyliön-Säkylän Sähkö Oy,24,2026-07-24,observed_seller_data,9.4,1,7.446412879616962,2026-07-23,True
Köyliön-Säkylän Sähkö Oy,24,2026-07-25,observed_seller_data,9.4,1,7.456499233926127,2026-07-24,True
Köyliön-Säkylän Sähkö Oy,24,2026-07-26,observed_seller_data,9.4,1,7.456499233926127,2026-07-24,True
Köyliön-Säkylän Sähkö Oy,24,2026-07-27,canonical_calculation,9.4,1,7.456499233926127,2026-07-24,True
Köyliön-Säkylän Sähkö Oy,24,2026-07-28,canonical_calculation,9.4,1,7.337356641586867,2026-07-27,True
Köyliön-Säkylän Sähkö Oy,24,2026-07-29,canonical_calculation,9.4,1,7.273444350205198,2026-07-28,True
Köyliön-Säkylän Sähkö Oy,24,2026-07-30,canonical_calculation,9.4,1,7.420560909712721,2026-07-29,True
Köyliön-Säkylän Sähkö Oy,24,2026-07-31,canonical_calculation,9.4,1,7.412508994528044,2026-07-30,True
Köyliön-Säkylän Sähkö Oy,24,2026-08-01,canonical_calculation,9.4,1,7.608965424076606,2026-07-31,True
Köyliön-Säkylän Sähkö Oy,24,2026-08-02,canonical_calculation,9.4,1,7.608965424076606,2026-07-31,True
Köyliön-Säkylän Sähkö Oy,24,2026-08-03,canonical_calculation,9.4,1,7.608965424076606,2026-07-31,True
Köyliön-Säkylän Sähkö Oy,24,2026-08-04,canonical_calculation,9.4,1,7.529972530779754,2026-08-03,True
Köyliön-Säkylän Sähkö Oy,24,2026-08-05,canonical_calculation,9.4,1,7.585975403556771,2026-08-04,True
Köyliön-Säkylän Sähkö Oy,24,2026-08-06,canonical_calculation,9.4,1,7.4775578248974,2026-08-05,True
Köyliön-Säkylän Sähkö Oy,24,2026-08-07,canonical_calculation,9.4,1,7.496314151846784,2026-08-06,True
Köyliön-Säkylän Sähkö Oy,24,2026-08-08,canonical_calculation,9.9,1,7.491129336525306,2026-08-07,True
Köyliön-Säkylän Sähkö Oy,24,2026-08-09,canonical_calculation,9.9,1,7.491129336525306,2026-08-07,True
Köyliön-Säkylän Sähkö Oy,24,2026-08-10,canonical_calculation,9.9,1,7.491129336525306,2026-08-07,True
Köyliön-Säkylän Sähkö Oy,24,2026-08-11,canonical_calculation,9.9,1,7.565430143638851,2026-08-10,True
Köyliön-Säkylän Sähkö Oy,24,2026-08-12,canonical_calculation,9.9,1,7.543820451436388,2026-08-11,True
Köyliön-Säkylän Sähkö Oy,24,2026-08-13,canonical_calculation,9.9,1,7.565919439124487,2026-08-12,True
Köyliön-Säkylän Sähkö Oy,24,2026-08-14,canonical_calculation,9.9,1,7.4593920861833105,2026-08-13,True
Köyliön-Säkylän Sähkö Oy,24,2026-08-15,canonical_calculation,9.9,1,7.408258132694938,2026-08-14,True
Köyliön-Säkylän Sähkö Oy,24,2026-08-16,canonical_calculation,9.9,1,7.408258132694938,2026-08-14,True
Köyliön-Säkylän Sähkö Oy,24,2026-08-17,canonical_calculation,9.9,1,7.408258132694938,2026-08-14,True
Köyliön-Säkylän Sähkö Oy,24,2026-08-18,canonical_calculation,9.9,1,7.543262482900136,2026-08-17,True
Köyliön-Säkylän Sähkö Oy,24,2026-08-19,canonical_calculation,9.9,1,7.569327339261285,2026-08-18,True
Köyliön-Säkylän Sähkö Oy,24,2026-08-20,canonical_calculation,9.9,1,7.525651279069766,2026-08-19,True
Köyliön-Säkylän Sähkö Oy,24,2026-08-21,canonical_calculation,9.9,1,7.518734186046511,2026-08-20,True
Köyliön-Säkylän Sähkö Oy,24,2026-08-22,canonical_calculation,9.9,1,7.600690321477427,2026-08-21,True
Köyliön-Säkylän Sähkö Oy,24,2026-08-23,canonical_calculation,9.9,1,7.600690321477427,2026-08-21,True
Köyliön-Säkylän Sähkö Oy,24,2026-08-24,canonical_calculation,9.9,1,7.600690321477427,2026-08-21,True
Köyliön-Säkylän Sähkö Oy,24,2026-08-25,canonical_calculation,9.9,1,7.572352387140903,2026-08-24,True
Köyliön-Säkylän Sähkö Oy,24,2026-08-26,canonical_calculation,9.9,1,7.385951409028726,2026-08-25,True
Köyliön-Säkylän Sähkö Oy,24,2026-08-27,canonical_calculation,9.9,1,7.248811326949384,2026-08-26,True
Köyliön-Säkylän Sähkö Oy,24,2026-08-28,canonical_calculation,9.9,1,7.380433529411764,2026-08-27,True
Köyliön-Säkylän Sähkö Oy,24,2026-08-29,canonical_calculation,9.9,1,7.362903016415868,2026-08-28,True
Köyliön-Säkylän Sähkö Oy,24,2026-08-30,canonical_calculation,9.9,1,7.362903016415868,2026-08-28,True
Köyliön-Säkylän Sähkö Oy,24,2026-08-31,canonical_calculation,9.9,1,7.362903016415868,2026-08-28,True
Köyliön-Säkylän Sähkö Oy,24,2026-09-01,canonical_calculation,9.9,1,7.3933217441860455,2026-08-31,True
Köyliön-Säkylän Sähkö Oy,24,2026-09-02,canonical_calculation,9.9,1,7.452802906976744,2026-09-01,True
Köyliön-Säkylän Sähkö Oy,24,2026-09-03,canonical_calculation,9.9,1,7.658533632010943,2026-09-02,True
Köyliön-Säkylän Sähkö Oy,24,2026-09-04,canonical_calculation,9.9,1,7.687525677154583,2026-09-03,True
Köyliön-Säkylän Sähkö Oy,24,2026-09-05,canonical_calculation,9.9,1,7.69683602599179,2026-09-04,True
Köyliön-Säkylän Sähkö Oy,24,2026-09-06,canonical_calculation,9.9,1,7.69683602599179,2026-09-04,True
Köyliön-Säkylän Sähkö Oy,24,2026-09-07,canonical_calculation,9.9,1,7.69683602599179,2026-09-04,True
Köyliön-Säkylän Sähkö Oy,24,2026-09-08,canonical_calculation,9.9,1,7.916026668946647,2026-09-07,True
Köyliön-Säkylän Sähkö Oy,24,2026-09-09,canonical_calculation,9.9,1,8.065436908344731,2026-09-08,True
Köyliön-Säkylän Sähkö Oy,24,2026-09-10,canonical_calculation,9.9,1,8.37942211354309,2026-09-09,True
Köyliön-Säkylän Sähkö Oy,24,2026-09-11,canonical_calculation,9.9,1,8.510666614227084,2026-09-10,True
Köyliön-Säkylän Sähkö Oy,24,2026-09-12,canonical_calculation,10.6,1,8.336777865937071,2026-09-11,True
Köyliön-Säkylän Sähkö Oy,24,2026-09-13,canonical_calculation,10.6,1,8.336777865937071,2026-09-11,True
Lammaisten Energia Oy,6,2026-04-08,observed_seller_data,10.42,1,,,False
Lammaisten Energia Oy,6,2026-04-09,observed_seller_data,10.42,1,5.674571168478261,2026-04-08,True
Lammaisten Energia Oy,6,2026-04-10,observed_seller_data,10.42,1,5.6259399184782595,2026-04-09,True
Lammaisten Energia Oy,6,2026-04-11,observed_seller_data,10.42,1,5.571442907608695,2026-04-10,True
Lammaisten Energia Oy,6,2026-04-12,observed_seller_data,10.42,1,5.571442907608695,2026-04-10,True
Lammaisten Energia Oy,6,2026-04-13,observed_seller_data,10.42,1,5.571442907608695,2026-04-10,True
Lammaisten Energia Oy,6,2026-04-14,observed_seller_data,10.42,1,5.563196739130434,2026-04-13,True
Lammaisten Energia Oy,6,2026-04-15,observed_seller_data,10.42,1,5.412678586956522,2026-04-14,True
Lammaisten Energia Oy,6,2026-04-16,observed_seller_data,10.42,1,5.3783638858695655,2026-04-15,True
Lammaisten Energia Oy,6,2026-04-17,observed_seller_data,10.42,1,5.434354619565217,2026-04-16,True
Lammaisten Energia Oy,6,2026-04-18,observed_seller_data,10.42,1,5.393219266304348,2026-04-17,True
Lammaisten Energia Oy,6,2026-04-19,observed_seller_data,10.42,1,5.393219266304348,2026-04-17,True
Lammaisten Energia Oy,6,2026-04-20,observed_seller_data,10.42,1,5.393219266304348,2026-04-17,True
Lammaisten Energia Oy,6,2026-04-21,observed_seller_data,10.42,1,5.466534456521739,2026-04-20,True
Lammaisten Energia Oy,6,2026-04-22,observed_seller_data,10.42,1,5.530171141304348,2026-04-21,True
Lammaisten Energia Oy,6,2026-04-23,observed_seller_data,10.42,1,5.561593885869565,2026-04-22,True
Lammaisten Energia Oy,6,2026-04-24,observed_seller_data,10.42,1,5.632699184782608,2026-04-23,True
Lammaisten Energia Oy,6,2026-04-25,observed_seller_data,10.42,1,5.489342717391304,2026-04-24,True
Lammaisten Energia Oy,6,2026-04-26,observed_seller_data,10.42,1,5.489342717391304,2026-04-24,True
Lammaisten Energia Oy,6,2026-04-27,observed_seller_data,10.42,1,5.489342717391304,2026-04-24,True
Lammaisten Energia Oy,6,2026-04-28,observed_seller_data,10.42,1,5.378875434782609,2026-04-27,True
Lammaisten Energia Oy,6,2026-04-29,observed_seller_data,10.42,1,5.458874864130435,2026-04-28,True
Lammaisten Energia Oy,6,2026-04-30,observed_seller_data,10.42,1,5.601869836956521,2026-04-29,True
Lammaisten Energia Oy,6,2026-05-01,observed_seller_data,10.42,1,6.441215491803279,2026-04-30,True
Lammaisten Energia Oy,6,2026-05-02,observed_seller_data,10.42,1,6.441215491803279,2026-04-30,True
Lammaisten Energia Oy,6,2026-05-03,observed_seller_data,10.42,1,6.441215491803279,2026-04-30,True
Lammaisten Energia Oy,6,2026-05-04,observed_seller_data,10.42,1,6.441215491803279,2026-04-30,True
Lammaisten Energia Oy,12,2026-04-08,observed_seller_data,10.42,1,,,False
Lammaisten Energia Oy,12,2026-04-09,observed_seller_data,10.42,1,7.008009397260273,2026-04-08,True
Lammaisten Energia Oy,12,2026-04-10,observed_seller_data,10.42,1,7.001851301369863,2026-04-09,True
Lammaisten Energia Oy,12,2026-04-11,observed_seller_data,10.42,1,6.91596116438356,2026-04-10,True
Lammaisten Energia Oy,12,2026-04-12,observed_seller_data,10.42,1,6.91596116438356,2026-04-10,True
Lammaisten Energia Oy,12,2026-04-13,observed_seller_data,10.42,1,6.91596116438356,2026-04-10,True
Lammaisten Energia Oy,12,2026-04-14,observed_seller_data,10.42,1,6.929934643835616,2026-04-13,True
Lammaisten Energia Oy,12,2026-04-15,observed_seller_data,10.42,1,6.809994465753424,2026-04-14,True
Lammaisten Energia Oy,12,2026-04-16,observed_seller_data,10.42,1,6.761455191780822,2026-04-15,True
Lammaisten Energia Oy,12,2026-04-17,observed_seller_data,10.42,1,6.797176273972602,2026-04-16,True
Lammaisten Energia Oy,12,2026-04-18,observed_seller_data,10.42,1,6.730929465753426,2026-04-17,True
Lammaisten Energia Oy,12,2026-04-19,observed_seller_data,10.42,1,6.730929465753426,2026-04-17,True
Lammaisten Energia Oy,12,2026-04-20,observed_seller_data,10.42,1,6.730929465753426,2026-04-17,True
Lammaisten Energia Oy,12,2026-04-21,observed_seller_data,10.42,1,6.749090863013699,2026-04-20,True
Lammaisten Energia Oy,12,2026-04-22,observed_seller_data,10.42,1,6.839808452054794,2026-04-21,True
Lammaisten Energia Oy,12,2026-04-23,observed_seller_data,10.42,1,6.872737589041094,2026-04-22,True
Lammaisten Energia Oy,12,2026-04-24,observed_seller_data,10.42,1,6.963417356164384,2026-04-23,True
Lammaisten Energia Oy,12,2026-04-25,observed_seller_data,10.42,1,6.8711112465753414,2026-04-24,True
Lammaisten Energia Oy,12,2026-04-26,observed_seller_data,10.42,1,6.8711112465753414,2026-04-24,True
Lammaisten Energia Oy,12,2026-04-27,observed_seller_data,10.42,1,6.8711112465753414,2026-04-24,True
Lammaisten Energia Oy,12,2026-04-28,observed_seller_data,10.42,1,6.778488808219178,2026-04-27,True
Lammaisten Energia Oy,12,2026-04-29,observed_seller_data,10.42,1,6.82226595890411,2026-04-28,True
Lammaisten Energia Oy,12,2026-04-30,observed_seller_data,10.42,1,6.91197610958904,2026-04-29,True
Lammaisten Energia Oy,12,2026-05-01,observed_seller_data,10.42,1,6.984508232876711,2026-04-30,True
Lammaisten Energia Oy,12,2026-05-02,observed_seller_data,10.42,1,6.984508232876711,2026-04-30,True
Lammaisten Energia Oy,12,2026-05-03,observed_seller_data,10.42,1,6.984508232876711,2026-04-30,True
Lammaisten Energia Oy,12,2026-05-04,observed_seller_data,10.42,1,6.984508232876711,2026-04-30,True
Lammaisten Energia Oy,12,2026-05-05,observed_seller_data,9.85,1,7.199113232876712,2026-05-04,True
Lammaisten Energia Oy,12,2026-05-06,observed_seller_data,9.85,1,7.225643589041095,2026-05-05,True
Lammaisten Energia Oy,12,2026-05-07,observed_seller_data,9.85,1,7.098238739726027,2026-05-06,True
Lammaisten Energia Oy,12,2026-05-08,observed_seller_data,9.85,1,7.211415671232878,2026-05-07,True
Lammaisten Energia Oy,12,2026-05-09,observed_seller_data,9.85,1,7.42950716438356,2026-05-08,True
Lammaisten Energia Oy,12,2026-05-10,observed_seller_data,9.85,1,7.42950716438356,2026-05-08,True
Lammaisten Energia Oy,12,2026-05-11,observed_seller_data,9.85,1,7.42950716438356,2026-05-08,True
Lammaisten Energia Oy,12,2026-05-12,observed_seller_data,9.85,1,7.627480835616438,2026-05-11,True
Lammaisten Energia Oy,12,2026-05-13,observed_seller_data,9.85,1,7.662703356164383,2026-05-12,True
Lammaisten Energia Oy,12,2026-05-14,observed_seller_data,9.85,1,7.6846194383561635,2026-05-13,True
Lammaisten Energia Oy,12,2026-05-15,observed_seller_data,9.85,1,7.672966849315067,2026-05-14,True
Lammaisten Energia Oy,12,2026-05-16,observed_seller_data,9.85,1,7.7297306712328755,2026-05-15,True
Lammaisten Energia Oy,12,2026-05-17,observed_seller_data,9.85,1,7.7297306712328755,2026-05-15,True
Lammaisten Energia Oy,12,2026-05-18,observed_seller_data,9.85,1,7.7297306712328755,2026-05-15,True
Lammaisten Energia Oy,12,2026-05-19,observed_seller_data,9.85,1,7.584962123287671,2026-05-18,True
Lammaisten Energia Oy,12,2026-05-20,observed_seller_data,10.42,1,7.514379547945205,2026-05-19,True
Lammaisten Energia Oy,12,2026-05-21,observed_seller_data,10.42,1,7.557534356164381,2026-05-20,True
Lammaisten Energia Oy,12,2026-05-22,observed_seller_data,10.42,1,7.675029863013698,2026-05-21,True
Lammaisten Energia Oy,12,2026-05-23,observed_seller_data,10.42,1,7.630430945205479,2026-05-22,True
Lammaisten Energia Oy,12,2026-05-24,observed_seller_data,10.42,1,7.630430945205479,2026-05-22,True
Lammaisten Energia Oy,12,2026-05-25,observed_seller_data,10.42,1,7.630430945205479,2026-05-22,True
Lammaisten Energia Oy,12,2026-05-26,observed_seller_data,10.42,1,7.405325205479452,2026-05-25,True
Lammaisten Energia Oy,12,2026-05-27,observed_seller_data,10.42,1,7.498484027397259,2026-05-26,True
Lammaisten Energia Oy,12,2026-05-28,observed_seller_data,10.42,1,7.3629646575342464,2026-05-27,True
Lammaisten Energia Oy,12,2026-05-29,observed_seller_data,10.42,1,7.544537369863012,2026-05-28,True
Lammaisten Energia Oy,12,2026-05-30,observed_seller_data,10.42,1,7.758901684931507,2026-05-29,True
Lammaisten Energia Oy,12,2026-05-31,observed_seller_data,10.42,1,7.758901684931507,2026-05-29,True
Lammaisten Energia Oy,12,2026-06-01,observed_seller_data,10.42,1,7.61820415068493,2026-05-29,True
Lammaisten Energia Oy,12,2026-06-02,observed_seller_data,10.42,1,7.859800246575342,2026-06-01,True
Lammaisten Energia Oy,12,2026-06-03,observed_seller_data,10.42,1,7.760411123287669,2026-06-02,True
Lammaisten Energia Oy,12,2026-06-04,observed_seller_data,10.42,1,7.938253219178082,2026-06-03,True
Lammaisten Energia Oy,12,2026-06-05,observed_seller_data,10.42,1,7.809387068493151,2026-06-04,True
Lammaisten Energia Oy,12,2026-06-06,observed_seller_data,10.42,1,7.719044260273972,2026-06-05,True
Lammaisten Energia Oy,12,2026-06-07,observed_seller_data,10.42,1,7.719044260273972,2026-06-05,True
Lammaisten Energia Oy,12,2026-06-08,observed_seller_data,10.42,1,7.719044260273972,2026-06-05,True
Lammaisten Energia Oy,12,2026-06-09,observed_seller_data,10.42,1,7.710300520547945,2026-06-08,True
Lammaisten Energia Oy,12,2026-06-10,observed_seller_data,10.42,1,7.529601150684932,2026-06-09,True
Lammaisten Energia Oy,12,2026-06-11,observed_seller_data,10.42,1,7.565910191780821,2026-06-10,True
Lammaisten Energia Oy,12,2026-06-12,observed_seller_data,10.42,1,7.608071315068491,2026-06-11,True
Lammaisten Energia Oy,12,2026-06-13,observed_seller_data,10.42,1,7.4029114794520545,2026-06-12,True
Lammaisten Energia Oy,12,2026-06-14,observed_seller_data,10.42,1,7.4029114794520545,2026-06-12,True
Lammaisten Energia Oy,12,2026-06-15,observed_seller_data,10.42,1,7.4029114794520545,2026-06-12,True
Lammaisten Energia Oy,12,2026-06-16,observed_seller_data,10.42,1,7.26479615068493,2026-06-15,True
Lammaisten Energia Oy,12,2026-06-17,observed_seller_data,10.42,1,7.301139575342464,2026-06-16,True
Lammaisten Energia Oy,12,2026-06-18,observed_seller_data,10.42,1,7.162126835616437,2026-06-17,True
Lammaisten Energia Oy,12,2026-06-19,observed_seller_data,10.42,1,7.0250842739726025,2026-06-18,True
Lammaisten Energia Oy,12,2026-06-20,observed_seller_data,10.42,1,7.132684191780821,2026-06-19,True
Lammaisten Energia Oy,12,2026-06-21,observed_seller_data,10.42,1,7.132684191780821,2026-06-19,True
Lammaisten Energia Oy,12,2026-06-22,observed_seller_data,10.42,1,7.132684191780821,2026-06-19,True
Lammaisten Energia Oy,12,2026-06-23,observed_seller_data,10.42,1,6.836349465753425,2026-06-22,True
Lammaisten Energia Oy,12,2026-06-24,observed_seller_data,10.42,1,6.874353616438356,2026-06-23,True
Lammaisten Energia Oy,12,2026-06-25,observed_seller_data,10.42,1,6.835799328767123,2026-06-24,True
Lammaisten Energia Oy,12,2026-06-26,observed_seller_data,10.42,1,6.8778641780821905,2026-06-25,True
Lammaisten Energia Oy,12,2026-06-27,observed_seller_data,10.42,1,6.942928191780821,2026-06-26,True
Lammaisten Energia Oy,12,2026-06-28,observed_seller_data,10.42,1,6.942928191780821,2026-06-26,True
Lammaisten Energia Oy,12,2026-06-29,observed_seller_data,10.42,1,6.942928191780821,2026-06-26,True
Lammaisten Energia Oy,12,2026-06-30,observed_seller_data,10.42,1,7.11498009589041,2026-06-29,True
Lammaisten Energia Oy,12,2026-07-01,observed_seller_data,10.42,1,7.291367767123288,2026-06-30,True
Lammaisten Energia Oy,12,2026-07-02,observed_seller_data,10.42,1,7.297343630136985,2026-07-01,True
Lammaisten Energia Oy,12,2026-07-03,observed_seller_data,10.42,1,7.396309835616438,2026-07-02,True
Lammaisten Energia Oy,12,2026-07-04,observed_seller_data,10.42,1,7.537921972602739,2026-07-03,True
Lammaisten Energia Oy,12,2026-07-05,observed_seller_data,10.42,1,7.537921972602739,2026-07-03,True
Lammaisten Energia Oy,12,2026-07-06,observed_seller_data,10.42,1,7.537921972602739,2026-07-03,True
Lammaisten Energia Oy,12,2026-07-07,observed_seller_data,10.42,1,7.517649424657533,2026-07-06,True
Lammaisten Energia Oy,12,2026-07-08,observed_seller_data,10.42,1,7.55255905479452,2026-07-07,True
Lammaisten Energia Oy,12,2026-07-09,observed_seller_data,10.42,1,7.663016246575341,2026-07-08,True
Lammaisten Energia Oy,12,2026-07-10,observed_seller_data,10.42,1,7.752925821917807,2026-07-09,True
Lammaisten Energia Oy,12,2026-07-11,observed_seller_data,10.42,1,7.733756986301369,2026-07-10,True
Lammaisten Energia Oy,12,2026-07-12,observed_seller_data,10.42,1,7.733756986301369,2026-07-10,True
Lammaisten Energia Oy,12,2026-07-13,observed_seller_data,10.42,1,7.733756986301369,2026-07-10,True
Lammaisten Energia Oy,12,2026-07-14,observed_seller_data,10.42,1,7.916333698630135,2026-07-13,True
Lammaisten Energia Oy,12,2026-07-15,observed_seller_data,10.42,1,8.05474128767123,2026-07-14,True
Lammaisten Energia Oy,12,2026-07-16,observed_seller_data,10.42,1,8.242688712328768,2026-07-15,True
Lammaisten Energia Oy,12,2026-07-17,observed_seller_data,10.42,1,8.230231547945204,2026-07-16,True
Lammaisten Energia Oy,12,2026-07-18,observed_seller_data,10.42,1,8.411536068493149,2026-07-17,True
Lammaisten Energia Oy,12,2026-07-19,observed_seller_data,10.42,1,8.411536068493149,2026-07-17,True
Lammaisten Energia Oy,12,2026-07-20,observed_seller_data,10.42,1,8.411536068493149,2026-07-17,True
Lammaisten Energia Oy,12,2026-07-21,observed_seller_data,10.42,1,8.444090424657533,2026-07-20,True
Lammaisten Energia Oy,12,2026-07-22,observed_seller_data,10.42,1,8.482008616438355,2026-07-21,True
Lammaisten Energia Oy,12,2026-07-23,observed_seller_data,10.42,1,8.747336246575342,2026-07-22,True
Lammaisten Energia Oy,12,2026-07-24,observed_seller_data,10.42,1,8.776696369863014,2026-07-23,True
Lammaisten Energia Oy,12,2026-07-25,observed_seller_data,10.42,1,8.763114863013698,2026-07-24,True
Lammaisten Energia Oy,12,2026-07-26,observed_seller_data,10.42,1,8.763114863013698,2026-07-24,True
Lammaisten Energia Oy,12,2026-07-27,canonical_calculation,10.42,1,8.763114863013698,2026-07-24,True
Lammaisten Energia Oy,12,2026-07-28,canonical_calculation,10.42,1,8.568218520547944,2026-07-27,True
Lammaisten Energia Oy,12,2026-07-29,canonical_calculation,10.42,1,8.490944904109588,2026-07-28,True
Lammaisten Energia Oy,12,2026-07-30,canonical_calculation,10.42,1,8.781259068493151,2026-07-29,True
Lammaisten Energia Oy,12,2026-08-01,canonical_calculation,12.2,1,8.888607986301372,2026-07-31,True
Lammaisten Energia Oy,12,2026-08-02,canonical_calculation,12.2,1,8.888607986301372,2026-07-31,True
Lammaisten Energia Oy,12,2026-08-03,canonical_calculation,12.2,1,8.888607986301372,2026-07-31,True
Lammaisten Energia Oy,12,2026-08-04,canonical_calculation,12.2,1,8.728779438356165,2026-08-03,True
Lammaisten Energia Oy,12,2026-08-05,canonical_calculation,12.2,1,8.838225753424656,2026-08-04,True
Lammaisten Energia Oy,12,2026-08-06,canonical_calculation,12.2,1,8.654765383561644,2026-08-05,True
Lammaisten Energia Oy,12,2026-08-07,canonical_calculation,12.2,1,8.644147739726026,2026-08-06,True
Lammaisten Energia Oy,12,2026-08-08,canonical_calculation,12.2,1,8.630679698630136,2026-08-07,True
Lammaisten Energia Oy,12,2026-08-09,canonical_calculation,12.2,1,8.630679698630136,2026-08-07,True
Lammaisten Energia Oy,12,2026-08-10,canonical_calculation,12.2,1,8.630679698630136,2026-08-07,True
Lammaisten Energia Oy,12,2026-08-11,canonical_calculation,12.2,1,8.748859438356163,2026-08-10,True
Lammaisten Energia Oy,12,2026-08-12,canonical_calculation,12.2,1,8.705082287671232,2026-08-11,True
Lammaisten Energia Oy,12,2026-08-13,canonical_calculation,12.2,1,8.724316452054794,2026-08-12,True
Lammaisten Energia Oy,12,2026-08-14,canonical_calculation,12.2,1,8.579424123287671,2026-08-13,True
Lammaisten Energia Oy,12,2026-08-15,canonical_calculation,12.2,1,8.519703315068492,2026-08-14,True
Lammaisten Energia Oy,12,2026-08-16,canonical_calculation,12.2,1,8.519703315068492,2026-08-14,True
Lammaisten Energia Oy,12,2026-08-17,canonical_calculation,12.2,1,8.519703315068492,2026-08-14,True
Lammaisten Energia Oy,12,2026-08-18,canonical_calculation,12.2,1,8.72096405479452,2026-08-17,True
Lammaisten Energia Oy,12,2026-08-19,canonical_calculation,12.2,1,8.774798397260271,2026-08-18,True
Lammaisten Energia Oy,12,2026-08-20,canonical_calculation,12.2,1,8.702345356164384,2026-08-19,True
Lammaisten Energia Oy,12,2026-08-21,canonical_calculation,12.2,1,8.65210409589041,2026-08-20,True
Lammaisten Energia Oy,12,2026-08-22,canonical_calculation,12.2,1,8.782668794520548,2026-08-21,True
Lammaisten Energia Oy,12,2026-08-23,canonical_calculation,12.2,1,8.782668794520548,2026-08-21,True
Lammaisten Energia Oy,12,2026-08-24,canonical_calculation,12.2,1,8.782668794520548,2026-08-21,True
Lammaisten Energia Oy,12,2026-08-25,canonical_calculation,12.2,1,8.70024108219178,2026-08-24,True
Lammaisten Energia Oy,12,2026-08-26,canonical_calculation,12.2,1,8.494331684931506,2026-08-25,True
Lammaisten Energia Oy,12,2026-08-27,canonical_calculation,12.2,1,8.25278716438356,2026-08-26,True
Lammaisten Energia Oy,12,2026-08-28,canonical_calculation,12.2,1,8.430127260273972,2026-08-27,True
Lammaisten Energia Oy,12,2026-08-29,canonical_calculation,12.2,1,8.376550794520547,2026-08-28,True
Lammaisten Energia Oy,12,2026-08-30,canonical_calculation,12.2,1,8.376550794520547,2026-08-28,True
Lammaisten Energia Oy,12,2026-08-31,canonical_calculation,12.2,1,8.376550794520547,2026-08-28,True
Lammaisten Energia Oy,12,2026-09-01,canonical_calculation,12.2,1,8.194654876712328,2026-08-31,True
Lammaisten Energia Oy,12,2026-09-02,canonical_calculation,12.2,1,8.232160465753424,2026-09-01,True
Lammaisten Energia Oy,12,2026-09-03,canonical_calculation,12.2,1,8.529712369863013,2026-09-02,True
Lammaisten Energia Oy,12,2026-09-04,canonical_calculation,12.2,1,8.541691602739725,2026-09-03,True
Lammaisten Energia Oy,12,2026-09-05,canonical_calculation,12.2,1,8.551384328767123,2026-09-04,True
Lammaisten Energia Oy,12,2026-09-06,canonical_calculation,12.2,1,8.551384328767123,2026-09-04,True
Lammaisten Energia Oy,12,2026-09-07,canonical_calculation,12.2,1,8.551384328767123,2026-09-04,True
Lammaisten Energia Oy,12,2026-09-08,canonical_calculation,12.2,1,8.858608328767124,2026-09-07,True
Lammaisten Energia Oy,12,2026-09-09,canonical_calculation,12.2,1,9.059559616438355,2026-09-08,True
Lammaisten Energia Oy,12,2026-09-10,canonical_calculation,12.2,1,9.442544356164383,2026-09-09,True
Lammaisten Energia Oy,12,2026-09-11,canonical_calculation,12.2,1,9.592642356164383,2026-09-10,True
Lammaisten Energia Oy,12,2026-09-12,canonical_calculation,13.06,1,9.381571986301369,2026-09-11,True
Lammaisten Energia Oy,12,2026-09-13,canonical_calculation,13.06,1,9.381571986301369,2026-09-11,True
Lammaisten Energia Oy,24,2026-04-08,observed_seller_data,9.61,1,,,False
Lammaisten Energia Oy,24,2026-04-09,observed_seller_data,9.61,1,6.314420047879617,2026-04-08,True
Lammaisten Energia Oy,24,2026-04-10,observed_seller_data,9.61,1,6.2962903625171,2026-04-09,True
Lammaisten Energia Oy,24,2026-04-11,observed_seller_data,9.61,1,6.228571867305061,2026-04-10,True
Lammaisten Energia Oy,24,2026-04-12,observed_seller_data,9.61,1,6.228571867305061,2026-04-10,True
Lammaisten Energia Oy,24,2026-04-13,observed_seller_data,9.61,1,6.228571867305061,2026-04-10,True
Lammaisten Energia Oy,24,2026-04-14,observed_seller_data,9.61,1,6.23801269493844,2026-04-13,True
Lammaisten Energia Oy,24,2026-04-15,observed_seller_data,9.61,1,6.177379541723666,2026-04-14,True
Lammaisten Energia Oy,24,2026-04-16,observed_seller_data,9.61,1,6.144708337893295,2026-04-15,True
Lammaisten Energia Oy,24,2026-04-17,observed_seller_data,9.61,1,6.150796203830369,2026-04-16,True
Lammaisten Energia Oy,24,2026-04-18,observed_seller_data,9.61,1,6.103619534883721,2026-04-17,True
Lammaisten Energia Oy,24,2026-04-19,observed_seller_data,9.61,1,6.103619534883721,2026-04-17,True
Lammaisten Energia Oy,24,2026-04-20,observed_seller_data,9.61,1,6.103619534883721,2026-04-17,True
Lammaisten Energia Oy,24,2026-04-21,observed_seller_data,9.61,1,6.087503686730505,2026-04-20,True
Lammaisten Energia Oy,24,2026-04-22,observed_seller_data,9.61,1,6.154380937072504,2026-04-21,True
Lammaisten Energia Oy,24,2026-04-23,observed_seller_data,9.61,1,6.177219876880984,2026-04-22,True
Lammaisten Energia Oy,24,2026-04-24,observed_seller_data,9.61,1,6.256475444596442,2026-04-23,True
Lammaisten Energia Oy,24,2026-04-25,observed_seller_data,9.61,1,6.191047195622435,2026-04-24,True
Lammaisten Energia Oy,24,2026-04-26,observed_seller_data,9.61,1,6.191047195622435,2026-04-24,True
Lammaisten Energia Oy,24,2026-04-27,observed_seller_data,9.61,1,6.191047195622435,2026-04-24,True
Lammaisten Energia Oy,24,2026-04-28,observed_seller_data,9.61,1,6.134817701778386,2026-04-27,True
Lammaisten Energia Oy,24,2026-04-29,observed_seller_data,9.61,1,6.171774103967169,2026-04-28,True
Lammaisten Energia Oy,24,2026-04-30,observed_seller_data,9.61,1,6.239817079343364,2026-04-29,True
Lammaisten Energia Oy,24,2026-05-01,observed_seller_data,9.61,1,6.355381805745553,2026-04-30,True
Lammaisten Energia Oy,24,2026-05-02,observed_seller_data,9.61,1,6.355381805745553,2026-04-30,True
Lammaisten Energia Oy,24,2026-05-03,observed_seller_data,9.61,1,6.355381805745553,2026-04-30,True
Lammaisten Energia Oy,24,2026-05-04,observed_seller_data,9.61,1,6.355381805745553,2026-04-30,True
Lammaisten Energia Oy,24,2026-05-05,observed_seller_data,9.61,1,6.476608625170997,2026-05-04,True
Lammaisten Energia Oy,24,2026-05-06,observed_seller_data,9.61,1,6.494082482900137,2026-05-05,True
Lammaisten Energia Oy,24,2026-05-07,observed_seller_data,9.61,1,6.3717053898768805,2026-05-06,True
Lammaisten Energia Oy,24,2026-05-08,observed_seller_data,9.61,1,6.408783686730506,2026-05-07,True
Lammaisten Energia Oy,24,2026-05-09,observed_seller_data,9.61,1,6.537145636114911,2026-05-08,True
Lammaisten Energia Oy,24,2026-05-10,observed_seller_data,9.61,1,6.537145636114911,2026-05-08,True
Lammaisten Energia Oy,24,2026-05-11,observed_seller_data,9.61,1,6.537145636114911,2026-05-08,True
Lammaisten Energia Oy,24,2026-05-12,observed_seller_data,9.61,1,6.665234610123119,2026-05-11,True
Lammaisten Energia Oy,24,2026-05-13,observed_seller_data,9.61,1,6.70606760601915,2026-05-12,True
Lammaisten Energia Oy,24,2026-05-14,observed_seller_data,9.61,1,6.721105287277702,2026-05-13,True
Lammaisten Energia Oy,24,2026-05-15,observed_seller_data,9.61,1,6.717319685362518,2026-05-14,True
Lammaisten Energia Oy,24,2026-05-16,observed_seller_data,9.61,1,6.7470001778385775,2026-05-15,True
Lammaisten Energia Oy,24,2026-05-17,observed_seller_data,9.61,1,6.7470001778385775,2026-05-15,True
Lammaisten Energia Oy,24,2026-05-18,observed_seller_data,9.61,1,6.7470001778385775,2026-05-15,True
Lammaisten Energia Oy,24,2026-05-19,observed_seller_data,9.61,1,6.650742879616962,2026-05-18,True
Lammaisten Energia Oy,24,2026-05-20,observed_seller_data,9.97,1,6.6187309370725025,2026-05-19,True
Lammaisten Energia Oy,24,2026-05-21,observed_seller_data,9.97,1,6.6317977017783845,2026-05-20,True
Lammaisten Energia Oy,24,2026-05-22,observed_seller_data,9.97,1,6.702566997264021,2026-05-21,True
Lammaisten Energia Oy,24,2026-05-23,observed_seller_data,9.97,1,6.6722512790697674,2026-05-22,True
Lammaisten Energia Oy,24,2026-05-24,observed_seller_data,9.97,1,6.6722512790697674,2026-05-22,True
Lammaisten Energia Oy,24,2026-05-25,observed_seller_data,9.97,1,6.6722512790697674,2026-05-22,True
Lammaisten Energia Oy,24,2026-05-26,observed_seller_data,9.97,1,6.515872441860465,2026-05-25,True
Lammaisten Energia Oy,24,2026-05-27,observed_seller_data,9.97,1,6.584854521203829,2026-05-26,True
Lammaisten Energia Oy,24,2026-05-28,observed_seller_data,9.97,1,6.484572982216141,2026-05-27,True
Lammaisten Energia Oy,24,2026-05-29,observed_seller_data,9.97,1,6.595828474692201,2026-05-28,True
Lammaisten Energia Oy,24,2026-05-30,observed_seller_data,9.97,1,6.705398043775649,2026-05-29,True
Lammaisten Energia Oy,24,2026-05-31,observed_seller_data,9.97,1,6.705398043775649,2026-05-29,True
Lammaisten Energia Oy,24,2026-06-01,observed_seller_data,9.97,1,6.692830875512995,2026-05-29,True
Lammaisten Energia Oy,24,2026-06-02,observed_seller_data,9.97,1,6.863023296853624,2026-06-01,True
Lammaisten Energia Oy,24,2026-06-03,observed_seller_data,9.97,1,6.804407414500683,2026-06-02,True
Lammaisten Energia Oy,24,2026-06-04,observed_seller_data,9.97,1,6.924890848153214,2026-06-03,True
Lammaisten Energia Oy,24,2026-06-05,observed_seller_data,9.97,1,6.841681429548563,2026-06-04,True
Lammaisten Energia Oy,24,2026-06-06,observed_seller_data,9.97,1,6.780177845417237,2026-06-05,True
Lammaisten Energia Oy,24,2026-06-07,observed_seller_data,9.97,1,6.780177845417237,2026-06-05,True
Lammaisten Energia Oy,24,2026-06-08,observed_seller_data,9.97,1,6.780177845417237,2026-06-05,True
Lammaisten Energia Oy,24,2026-06-09,observed_seller_data,9.97,1,6.7652792270861815,2026-06-08,True
Lammaisten Energia Oy,24,2026-06-10,observed_seller_data,9.97,1,6.654351648426812,2026-06-09,True
Lammaisten Energia Oy,24,2026-06-11,observed_seller_data,9.97,1,6.690471956224349,2026-06-10,True
Lammaisten Energia Oy,24,2026-06-12,observed_seller_data,9.97,1,6.73640049247606,2026-06-11,True
Lammaisten Energia Oy,24,2026-06-13,observed_seller_data,9.97,1,6.603004808481531,2026-06-12,True
Lammaisten Energia Oy,24,2026-06-14,observed_seller_data,9.97,1,6.603004808481531,2026-06-12,True
Lammaisten Energia Oy,24,2026-06-15,observed_seller_data,9.97,1,6.603004808481531,2026-06-12,True
Lammaisten Energia Oy,24,2026-06-16,observed_seller_data,9.97,1,6.537957694938441,2026-06-15,True
Lammaisten Energia Oy,24,2026-06-17,observed_seller_data,9.97,1,6.571571436388509,2026-06-16,True
Lammaisten Energia Oy,24,2026-06-18,observed_seller_data,9.97,1,6.488619541723665,2026-06-17,True
Lammaisten Energia Oy,24,2026-06-19,observed_seller_data,9.97,1,6.392096135430917,2026-06-18,True
Lammaisten Energia Oy,24,2026-06-20,observed_seller_data,9.97,1,6.448359965800273,2026-06-19,True
Lammaisten Energia Oy,24,2026-06-21,observed_seller_data,9.97,1,6.448359965800273,2026-06-19,True
Lammaisten Energia Oy,24,2026-06-22,observed_seller_data,9.97,1,6.448359965800273,2026-06-19,True
Lammaisten Energia Oy,24,2026-06-23,observed_seller_data,9.97,1,6.2601099658002735,2026-06-22,True
Lammaisten Energia Oy,24,2026-06-24,observed_seller_data,9.97,1,6.329272311901504,2026-06-23,True
Lammaisten Energia Oy,24,2026-06-25,observed_seller_data,9.97,1,6.319347339261285,2026-06-24,True
Lammaisten Energia Oy,24,2026-06-26,observed_seller_data,9.97,1,6.360398372093023,2026-06-25,True
Lammaisten Energia Oy,24,2026-06-27,observed_seller_data,9.97,1,6.398996060191518,2026-06-26,True
Lammaisten Energia Oy,24,2026-06-28,observed_seller_data,9.97,1,6.398996060191518,2026-06-26,True
Lammaisten Energia Oy,24,2026-06-29,observed_seller_data,9.97,1,6.398996060191518,2026-06-26,True
Lammaisten Energia Oy,24,2026-06-30,observed_seller_data,9.97,1,6.356499459644321,2026-06-29,True
Lammaisten Energia Oy,24,2026-07-01,observed_seller_data,9.97,1,6.578045588235293,2026-06-30,True
Lammaisten Energia Oy,24,2026-07-02,observed_seller_data,9.97,1,6.6284910943912445,2026-07-01,True
Lammaisten Energia Oy,24,2026-07-03,observed_seller_data,9.97,1,6.720432291381669,2026-07-02,True
Lammaisten Energia Oy,24,2026-07-04,observed_seller_data,9.97,1,6.790317421340628,2026-07-03,True
Lammaisten Energia Oy,24,2026-07-05,observed_seller_data,9.97,1,6.790317421340628,2026-07-03,True
Lammaisten Energia Oy,24,2026-07-06,observed_seller_data,9.97,1,6.790317421340628,2026-07-03,True
Lammaisten Energia Oy,24,2026-07-07,observed_seller_data,9.97,1,6.748586525307798,2026-07-06,True
Lammaisten Energia Oy,24,2026-07-08,observed_seller_data,9.97,1,6.768290540355675,2026-07-07,True
Lammaisten Energia Oy,24,2026-07-09,observed_seller_data,9.97,1,6.846610437756497,2026-07-08,True
Lammaisten Energia Oy,24,2026-07-10,observed_seller_data,9.97,1,6.866929076607387,2026-07-09,True
Lammaisten Energia Oy,24,2026-07-11,observed_seller_data,9.97,1,6.839267571819425,2026-07-10,True
Lammaisten Energia Oy,24,2026-07-12,observed_seller_data,9.97,1,6.839267571819425,2026-07-10,True
Lammaisten Energia Oy,24,2026-07-13,observed_seller_data,9.97,1,6.839267571819425,2026-07-10,True
Lammaisten Energia Oy,24,2026-07-14,observed_seller_data,9.97,1,6.9581303214774275,2026-07-13,True
Lammaisten Energia Oy,24,2026-07-15,observed_seller_data,9.97,1,7.056428926128589,2026-07-14,True
Lammaisten Energia Oy,24,2026-07-16,observed_seller_data,9.97,1,7.151063823529411,2026-07-15,True
Lammaisten Energia Oy,24,2026-07-17,observed_seller_data,9.97,1,7.151930820793433,2026-07-16,True
Lammaisten Energia Oy,24,2026-07-18,observed_seller_data,9.97,1,7.250301532147743,2026-07-17,True
Lammaisten Energia Oy,24,2026-07-19,observed_seller_data,9.97,1,7.250301532147743,2026-07-17,True
Lammaisten Energia Oy,24,2026-07-20,observed_seller_data,9.97,1,7.250301532147743,2026-07-17,True
Lammaisten Energia Oy,24,2026-07-21,observed_seller_data,9.97,1,7.25315146374829,2026-07-20,True
Lammaisten Energia Oy,24,2026-07-22,observed_seller_data,9.97,1,7.284062920656635,2026-07-21,True
Lammaisten Energia Oy,24,2026-07-23,observed_seller_data,9.97,1,7.422411648426812,2026-07-22,True
Lammaisten Energia Oy,24,2026-07-24,observed_seller_data,9.97,1,7.446412879616962,2026-07-23,True
Lammaisten Energia Oy,24,2026-07-25,observed_seller_data,9.97,1,7.456499233926127,2026-07-24,True
Lammaisten Energia Oy,24,2026-07-26,observed_seller_data,9.97,1,7.456499233926127,2026-07-24,True
Lammaisten Energia Oy,24,2026-07-27,canonical_calculation,9.97,1,7.456499233926127,2026-07-24,True
Lammaisten Energia Oy,24,2026-07-28,canonical_calculation,9.97,1,7.337356641586867,2026-07-27,True
Lammaisten Energia Oy,24,2026-07-29,canonical_calculation,9.97,1,7.273444350205198,2026-07-28,True
Lammaisten Energia Oy,24,2026-07-30,canonical_calculation,9.97,1,7.420560909712721,2026-07-29,True
Lammaisten Energia Oy,24,2026-08-01,canonical_calculation,10.42,1,7.608965424076606,2026-07-31,True
Lammaisten Energia Oy,24,2026-08-02,canonical_calculation,10.42,1,7.608965424076606,2026-07-31,True
Lammaisten Energia Oy,24,2026-08-03,canonical_calculation,10.42,1,7.608965424076606,2026-07-31,True
Lammaisten Energia Oy,24,2026-08-04,canonical_calculation,10.42,1,7.529972530779754,2026-08-03,True
Lammaisten Energia Oy,24,2026-08-05,canonical_calculation,10.42,1,7.585975403556771,2026-08-04,True
Lammaisten Energia Oy,24,2026-08-06,canonical_calculation,10.42,1,7.4775578248974,2026-08-05,True
Lammaisten Energia Oy,24,2026-08-07,canonical_calculation,10.42,1,7.496314151846784,2026-08-06,True
Lammaisten Energia Oy,24,2026-08-08,canonical_calculation,10.42,1,7.491129336525306,2026-08-07,True
Lammaisten Energia Oy,24,2026-08-09,canonical_calculation,10.42,1,7.491129336525306,2026-08-07,True
Lammaisten Energia Oy,24,2026-08-10,canonical_calculation,10.42,1,7.491129336525306,2026-08-07,True
Lammaisten Energia Oy,24,2026-08-11,canonical_calculation,10.42,1,7.565430143638851,2026-08-10,True
Lammaisten Energia Oy,24,2026-08-12,canonical_calculation,10.42,1,7.543820451436388,2026-08-11,True
Lammaisten Energia Oy,24,2026-08-13,canonical_calculation,10.42,1,7.565919439124487,2026-08-12,True
Lammaisten Energia Oy,24,2026-08-14,canonical_calculation,10.42,1,7.4593920861833105,2026-08-13,True
Lammaisten Energia Oy,24,2026-08-15,canonical_calculation,10.42,1,7.408258132694938,2026-08-14,True
Lammaisten Energia Oy,24,2026-08-16,canonical_calculation,10.42,1,7.408258132694938,2026-08-14,True
Lammaisten Energia Oy,24,2026-08-17,canonical_calculation,10.42,1,7.408258132694938,2026-08-14,True
Lammaisten Energia Oy,24,2026-08-18,canonical_calculation,10.42,1,7.543262482900136,2026-08-17,True
Lammaisten Energia Oy,24,2026-08-19,canonical_calculation,10.42,1,7.569327339261285,2026-08-18,True
Lammaisten Energia Oy,24,2026-08-20,canonical_calculation,10.42,1,7.525651279069766,2026-08-19,True
Lammaisten Energia Oy,24,2026-08-21,canonical_calculation,10.42,1,7.518734186046511,2026-08-20,True
Lammaisten Energia Oy,24,2026-08-22,canonical_calculation,10.42,1,7.600690321477427,2026-08-21,True
Lammaisten Energia Oy,24,2026-08-23,canonical_calculation,10.42,1,7.600690321477427,2026-08-21,True
Lammaisten Energia Oy,24,2026-08-24,canonical_calculation,10.42,1,7.600690321477427,2026-08-21,True
Lammaisten Energia Oy,24,2026-08-25,canonical_calculation,10.42,1,7.572352387140903,2026-08-24,True
Lammaisten Energia Oy,24,2026-08-26,canonical_calculation,10.42,1,7.385951409028726,2026-08-25,True
Lammaisten Energia Oy,24,2026-08-27,canonical_calculation,10.42,1,7.248811326949384,2026-08-26,True
Lammaisten Energia Oy,24,2026-08-28,canonical_calculation,10.42,1,7.380433529411764,2026-08-27,True
Lammaisten Energia Oy,24,2026-08-29,canonical_calculation,10.42,1,7.362903016415868,2026-08-28,True
Lammaisten Energia Oy,24,2026-08-30,canonical_calculation,10.42,1,7.362903016415868,2026-08-28,True
Lammaisten Energia Oy,24,2026-08-31,canonical_calculation,10.42,1,7.362903016415868,2026-08-28,True
Lammaisten Energia Oy,24,2026-09-01,canonical_calculation,10.42,1,7.3933217441860455,2026-08-31,True
Lammaisten Energia Oy,24,2026-09-02,canonical_calculation,10.42,1,7.452802906976744,2026-09-01,True
Lammaisten Energia Oy,24,2026-09-03,canonical_calculation,10.42,1,7.658533632010943,2026-09-02,True
Lammaisten Energia Oy,24,2026-09-04,canonical_calculation,10.42,1,7.687525677154583,2026-09-03,True
Lammaisten Energia Oy,24,2026-09-05,canonical_calculation,10.42,1,7.69683602599179,2026-09-04,True
Lammaisten Energia Oy,24,2026-09-06,canonical_calculation,10.42,1,7.69683602599179,2026-09-04,True
Lammaisten Energia Oy,24,2026-09-07,canonical_calculation,10.42,1,7.69683602599179,2026-09-04,True
Lammaisten Energia Oy,24,2026-09-08,canonical_calculation,10.42,1,7.916026668946647,2026-09-07,True
Lammaisten Energia Oy,24,2026-09-09,canonical_calculation,10.42,1,8.065436908344731,2026-09-08,True
Lammaisten Energia Oy,24,2026-09-10,canonical_calculation,10.42,1,8.37942211354309,2026-09-09,True
Lammaisten Energia Oy,24,2026-09-11,canonical_calculation,10.42,1,8.510666614227084,2026-09-10,True
Lammaisten Energia Oy,24,2026-09-12,canonical_calculation,12.04,1,8.336777865937071,2026-09-11,True
Lammaisten Energia Oy,24,2026-09-13,canonical_calculation,12.04,1,8.336777865937071,2026-09-11,True
Lumme Energia,6,2026-04-08,observed_seller_data,8.38,1,,,False
Lumme Energia,6,2026-04-09,observed_seller_data,9.1,1,5.674571168478261,2026-04-08,True
Lumme Energia,6,2026-04-10,observed_seller_data,8.71,1,5.6259399184782595,2026-04-09,True
Lumme Energia,6,2026-04-11,observed_seller_data,7.29,1,5.571442907608695,2026-04-10,True
Lumme Energia,6,2026-04-12,observed_seller_data,7.29,1,5.571442907608695,2026-04-10,True
Lumme Energia,6,2026-04-13,observed_seller_data,7.29,1,5.571442907608695,2026-04-10,True
Lumme Energia,6,2026-04-14,observed_seller_data,7.29,1,5.563196739130434,2026-04-13,True
Lumme Energia,6,2026-04-15,observed_seller_data,7.29,1,5.412678586956522,2026-04-14,True
Lumme Energia,6,2026-04-16,observed_seller_data,7.29,1,5.3783638858695655,2026-04-15,True
Lumme Energia,6,2026-04-17,observed_seller_data,7.29,1,5.434354619565217,2026-04-16,True
Lumme Energia,6,2026-04-18,observed_seller_data,7.09,1,5.393219266304348,2026-04-17,True
Lumme Energia,6,2026-04-19,observed_seller_data,7.09,1,5.393219266304348,2026-04-17,True
Lumme Energia,6,2026-04-20,observed_seller_data,7.09,1,5.393219266304348,2026-04-17,True
Lumme Energia,6,2026-04-21,observed_seller_data,7.09,1,5.466534456521739,2026-04-20,True
Lumme Energia,6,2026-04-22,observed_seller_data,7.09,1,5.530171141304348,2026-04-21,True
Lumme Energia,6,2026-04-23,observed_seller_data,7.09,1,5.561593885869565,2026-04-22,True
Lumme Energia,6,2026-04-24,observed_seller_data,7.09,1,5.632699184782608,2026-04-23,True
Lumme Energia,6,2026-04-25,observed_seller_data,7.09,1,5.489342717391304,2026-04-24,True
Lumme Energia,6,2026-04-26,observed_seller_data,7.09,1,5.489342717391304,2026-04-24,True
Lumme Energia,6,2026-04-27,observed_seller_data,7.09,1,5.489342717391304,2026-04-24,True
Lumme Energia,6,2026-04-28,observed_seller_data,7.09,1,5.378875434782609,2026-04-27,True
Lumme Energia,6,2026-04-29,observed_seller_data,7.09,1,5.458874864130435,2026-04-28,True
Lumme Energia,6,2026-04-30,observed_seller_data,7.09,1,5.601869836956521,2026-04-29,True
Lumme Energia,6,2026-05-01,observed_seller_data,7.09,1,6.441215491803279,2026-04-30,True
Lumme Energia,6,2026-05-02,observed_seller_data,7.09,1,6.441215491803279,2026-04-30,True
Lumme Energia,6,2026-05-03,observed_seller_data,7.09,1,6.441215491803279,2026-04-30,True
Lumme Energia,6,2026-05-04,observed_seller_data,7.09,1,6.441215491803279,2026-04-30,True
Lumme Energia,6,2026-05-05,observed_seller_data,7.09,1,6.770018633879781,2026-05-04,True
Lumme Energia,6,2026-05-06,observed_seller_data,7.59,1,6.7423194808743165,2026-05-05,True
Lumme Energia,6,2026-05-07,observed_seller_data,7.59,1,6.660545601092896,2026-05-06,True
Lumme Energia,6,2026-05-08,observed_seller_data,7.59,1,6.847012540983606,2026-05-07,True
Lumme Energia,6,2026-05-09,observed_seller_data,7.99,1,7.107675355191256,2026-05-08,True
Lumme Energia,6,2026-05-10,observed_seller_data,7.99,1,7.107675355191256,2026-05-08,True
Lumme Energia,6,2026-05-11,observed_seller_data,7.99,1,7.107675355191256,2026-05-08,True
Lumme Energia,6,2026-05-12,observed_seller_data,7.99,1,7.366465956284151,2026-05-11,True
Lumme Energia,6,2026-05-13,observed_seller_data,7.99,1,7.396359644808744,2026-05-12,True
Lumme Energia,6,2026-05-14,observed_seller_data,7.99,1,7.428221557377048,2026-05-13,True
Lumme Energia,6,2026-05-15,observed_seller_data,7.99,1,7.398444453551912,2026-05-14,True
Lumme Energia,6,2026-05-16,observed_seller_data,8.49,1,7.479093633879781,2026-05-15,True
Lumme Energia,6,2026-05-17,observed_seller_data,8.49,1,7.479093633879781,2026-05-15,True
Lumme Energia,6,2026-05-18,observed_seller_data,8.49,1,7.479093633879781,2026-05-15,True
Lumme Energia,6,2026-05-19,observed_seller_data,8.49,1,7.228169071038252,2026-05-18,True
Lumme Energia,6,2026-05-20,observed_seller_data,8.49,1,7.127330163934426,2026-05-19,True
Lumme Energia,6,2026-05-21,observed_seller_data,8.49,1,7.172736475409835,2026-05-20,True
Lumme Energia,6,2026-05-22,observed_seller_data,8.49,1,7.28672887978142,2026-05-21,True
Lumme Energia,6,2026-05-23,observed_seller_data,8.99,1,7.243229071038251,2026-05-22,True
Lumme Energia,6,2026-05-24,observed_seller_data,8.99,1,7.243229071038251,2026-05-22,True
Lumme Energia,6,2026-05-25,observed_seller_data,8.99,1,7.243229071038251,2026-05-22,True
Lumme Energia,6,2026-05-26,observed_seller_data,8.99,1,6.942173087431693,2026-05-25,True
Lumme Energia,6,2026-05-27,observed_seller_data,8.99,1,7.076855846994536,2026-05-26,True
Lumme Energia,6,2026-05-28,observed_seller_data,8.99,1,6.931831338797814,2026-05-27,True
Lumme Energia,6,2026-05-29,observed_seller_data,8.99,1,7.196656912568304,2026-05-28,True
Lumme Energia,6,2026-05-30,observed_seller_data,8.79,1,7.456805382513661,2026-05-29,True
Lumme Energia,6,2026-05-31,observed_seller_data,8.79,1,7.456805382513661,2026-05-29,True
Lumme Energia,6,2026-06-01,observed_seller_data,8.79,1,8.027859864130434,2026-05-29,True
Lumme Energia,6,2026-06-02,observed_seller_data,8.79,1,8.316530326086957,2026-06-01,True
Lumme Energia,6,2026-06-03,observed_seller_data,8.79,1,8.12564073369565,2026-06-02,True
Lumme Energia,6,2026-06-04,observed_seller_data,8.79,1,8.344590489130434,2026-06-03,True
Lumme Energia,6,2026-06-05,observed_seller_data,8.79,1,8.148851413043477,2026-06-04,True
Lumme Energia,6,2026-06-06,observed_seller_data,9.79,1,8.002125543478261,2026-06-05,True
Lumme Energia,6,2026-06-07,observed_seller_data,9.79,1,8.002125543478261,2026-06-05,True
Lumme Energia,6,2026-06-08,observed_seller_data,9.79,1,8.002125543478261,2026-06-05,True
Lumme Energia,6,2026-06-09,observed_seller_data,9.79,1,8.021243831521739,2026-06-08,True
Lumme Energia,6,2026-06-10,observed_seller_data,9.79,1,7.776116413043478,2026-06-09,True
Lumme Energia,6,2026-06-11,observed_seller_data,9.79,1,7.787288641304348,2026-06-10,True
Lumme Energia,6,2026-06-12,observed_seller_data,9.79,1,7.798379021739129,2026-06-11,True
Lumme Energia,6,2026-06-13,observed_seller_data,9.79,1,7.557739592391304,2026-06-12,True
Lumme Energia,6,2026-06-14,observed_seller_data,9.79,1,7.557739592391304,2026-06-12,True
Lumme Energia,6,2026-06-15,observed_seller_data,9.79,1,7.557739592391304,2026-06-12,True
Lumme Energia,6,2026-06-16,observed_seller_data,11.59,1,7.4405744293478255,2026-06-15,True
Lumme Energia,6,2026-06-17,observed_seller_data,11.59,1,7.485686222826087,2026-06-16,True
Lumme Energia,6,2026-06-18,observed_seller_data,11.59,1,7.333497010869565,2026-06-17,True
Lumme Energia,6,2026-06-19,observed_seller_data,11.59,1,7.184213396739131,2026-06-18,True
Lumme Energia,6,2026-06-20,observed_seller_data,11.59,1,7.332889972826087,2026-06-19,True
Lumme Energia,6,2026-06-21,observed_seller_data,11.59,1,7.332889972826087,2026-06-19,True
Lumme Energia,6,2026-06-22,observed_seller_data,11.59,1,7.332889972826087,2026-06-19,True
Lumme Energia,6,2026-06-23,observed_seller_data,11.59,1,6.920779347826087,2026-06-22,True
Lumme Energia,6,2026-06-24,observed_seller_data,11.59,1,6.979552907608695,2026-06-23,True
Lumme Energia,6,2026-06-25,observed_seller_data,11.59,1,6.916189048913043,2026-06-24,True
Lumme Energia,6,2026-06-26,observed_seller_data,11.59,1,6.9198994836956516,2026-06-25,True
Lumme Energia,6,2026-06-27,observed_seller_data,10.99,1,7.021247554347825,2026-06-26,True
Lumme Energia,6,2026-06-28,observed_seller_data,10.99,1,7.021247554347825,2026-06-26,True
Lumme Energia,6,2026-06-29,observed_seller_data,10.99,1,7.021247554347825,2026-06-26,True
Lumme Energia,6,2026-06-30,observed_seller_data,10.99,1,7.20875410326087,2026-06-29,True
Lumme Energia,6,2026-07-01,observed_seller_data,10.99,1,8.389504483695651,2026-06-30,True
Lumme Energia,6,2026-07-02,observed_seller_data,10.99,1,8.399762744565216,2026-07-01,True
Lumme Energia,12,2026-04-08,observed_seller_data,9.59,1,,,False
Lumme Energia,12,2026-04-09,observed_seller_data,9.59,1,7.008009397260273,2026-04-08,True
Lumme Energia,12,2026-04-10,observed_seller_data,9.59,1,7.001851301369863,2026-04-09,True
Lumme Energia,12,2026-04-11,observed_seller_data,9.59,1,6.91596116438356,2026-04-10,True
Lumme Energia,12,2026-04-12,observed_seller_data,9.59,1,6.91596116438356,2026-04-10,True
Lumme Energia,12,2026-04-13,observed_seller_data,9.59,1,6.91596116438356,2026-04-10,True
Lumme Energia,12,2026-04-14,observed_seller_data,9.59,1,6.929934643835616,2026-04-13,True
Lumme Energia,12,2026-04-15,observed_seller_data,9.59,1,6.809994465753424,2026-04-14,True
Lumme Energia,12,2026-04-16,observed_seller_data,9.59,1,6.761455191780822,2026-04-15,True
Lumme Energia,12,2026-04-17,observed_seller_data,9.59,1,6.797176273972602,2026-04-16,True
Lumme Energia,12,2026-04-18,observed_seller_data,9.39,1,6.730929465753426,2026-04-17,True
Lumme Energia,12,2026-04-19,observed_seller_data,9.39,1,6.730929465753426,2026-04-17,True
Lumme Energia,12,2026-04-20,observed_seller_data,9.39,1,6.730929465753426,2026-04-17,True
Lumme Energia,12,2026-04-21,observed_seller_data,9.39,1,6.749090863013699,2026-04-20,True
Lumme Energia,12,2026-04-22,observed_seller_data,9.39,1,6.839808452054794,2026-04-21,True
Lumme Energia,12,2026-04-23,observed_seller_data,9.39,1,6.872737589041094,2026-04-22,True
Lumme Energia,12,2026-04-24,observed_seller_data,9.39,1,6.963417356164384,2026-04-23,True
Lumme Energia,12,2026-04-25,observed_seller_data,9.39,1,6.8711112465753414,2026-04-24,True
Lumme Energia,12,2026-04-26,observed_seller_data,9.39,1,6.8711112465753414,2026-04-24,True
Lumme Energia,12,2026-04-27,observed_seller_data,9.39,1,6.8711112465753414,2026-04-24,True
Lumme Energia,12,2026-04-28,observed_seller_data,9.39,1,6.778488808219178,2026-04-27,True
Lumme Energia,12,2026-04-29,observed_seller_data,9.39,1,6.82226595890411,2026-04-28,True
Lumme Energia,12,2026-04-30,observed_seller_data,9.39,1,6.91197610958904,2026-04-29,True
Lumme Energia,12,2026-05-01,observed_seller_data,9.39,1,6.984508232876711,2026-04-30,True
Lumme Energia,12,2026-05-02,observed_seller_data,9.39,1,6.984508232876711,2026-04-30,True
Lumme Energia,12,2026-05-03,observed_seller_data,9.39,1,6.984508232876711,2026-04-30,True
Lumme Energia,12,2026-05-04,observed_seller_data,9.39,1,6.984508232876711,2026-04-30,True
Lumme Energia,12,2026-05-05,observed_seller_data,9.39,1,7.199113232876712,2026-05-04,True
Lumme Energia,12,2026-05-06,observed_seller_data,9.69,1,7.225643589041095,2026-05-05,True
Lumme Energia,12,2026-05-07,observed_seller_data,9.69,1,7.098238739726027,2026-05-06,True
Lumme Energia,12,2026-05-08,observed_seller_data,9.69,1,7.211415671232878,2026-05-07,True
Lumme Energia,12,2026-05-09,observed_seller_data,9.99,1,7.42950716438356,2026-05-08,True
Lumme Energia,12,2026-05-10,observed_seller_data,9.99,1,7.42950716438356,2026-05-08,True
Lumme Energia,12,2026-05-11,observed_seller_data,9.99,1,7.42950716438356,2026-05-08,True
Lumme Energia,12,2026-05-12,observed_seller_data,9.99,1,7.627480835616438,2026-05-11,True
Lumme Energia,12,2026-05-13,observed_seller_data,9.99,1,7.662703356164383,2026-05-12,True
Lumme Energia,12,2026-05-14,observed_seller_data,9.99,1,7.6846194383561635,2026-05-13,True
Lumme Energia,12,2026-05-15,observed_seller_data,9.99,1,7.672966849315067,2026-05-14,True
Lumme Energia,12,2026-05-16,observed_seller_data,10.19,1,7.7297306712328755,2026-05-15,True
Lumme Energia,12,2026-05-17,observed_seller_data,10.19,1,7.7297306712328755,2026-05-15,True
Lumme Energia,12,2026-05-18,observed_seller_data,10.19,1,7.7297306712328755,2026-05-15,True
Lumme Energia,12,2026-05-19,observed_seller_data,10.19,1,7.584962123287671,2026-05-18,True
Lumme Energia,12,2026-05-20,observed_seller_data,10.19,1,7.514379547945205,2026-05-19,True
Lumme Energia,12,2026-05-21,observed_seller_data,10.19,1,7.557534356164381,2026-05-20,True
Lumme Energia,12,2026-05-22,observed_seller_data,10.19,1,7.675029863013698,2026-05-21,True
Lumme Energia,12,2026-05-23,observed_seller_data,9.99,1,7.630430945205479,2026-05-22,True
Lumme Energia,12,2026-05-24,observed_seller_data,9.99,1,7.630430945205479,2026-05-22,True
Lumme Energia,12,2026-05-25,observed_seller_data,9.99,1,7.630430945205479,2026-05-22,True
Lumme Energia,12,2026-05-26,observed_seller_data,9.99,1,7.405325205479452,2026-05-25,True
Lumme Energia,12,2026-05-27,observed_seller_data,9.99,1,7.498484027397259,2026-05-26,True
Lumme Energia,12,2026-05-28,observed_seller_data,9.99,1,7.3629646575342464,2026-05-27,True
Lumme Energia,12,2026-05-29,observed_seller_data,9.99,1,7.544537369863012,2026-05-28,True
Lumme Energia,12,2026-05-30,observed_seller_data,9.99,1,7.758901684931507,2026-05-29,True
Lumme Energia,12,2026-05-31,observed_seller_data,9.99,1,7.758901684931507,2026-05-29,True
Lumme Energia,12,2026-06-01,observed_seller_data,9.99,1,7.61820415068493,2026-05-29,True
Lumme Energia,12,2026-06-02,observed_seller_data,9.99,1,7.859800246575342,2026-06-01,True
Lumme Energia,12,2026-06-03,observed_seller_data,9.99,1,7.760411123287669,2026-06-02,True
Lumme Energia,12,2026-06-04,observed_seller_data,9.99,1,7.938253219178082,2026-06-03,True
Lumme Energia,12,2026-06-05,observed_seller_data,9.99,1,7.809387068493151,2026-06-04,True
Lumme Energia,12,2026-06-06,observed_seller_data,10.59,1,7.719044260273972,2026-06-05,True
Lumme Energia,12,2026-06-07,observed_seller_data,10.59,1,7.719044260273972,2026-06-05,True
Lumme Energia,12,2026-06-08,observed_seller_data,10.59,1,7.719044260273972,2026-06-05,True
Lumme Energia,12,2026-06-09,observed_seller_data,10.59,1,7.710300520547945,2026-06-08,True
Lumme Energia,12,2026-06-10,observed_seller_data,10.59,1,7.529601150684932,2026-06-09,True
Lumme Energia,12,2026-06-11,observed_seller_data,10.59,1,7.565910191780821,2026-06-10,True
Lumme Energia,12,2026-06-12,observed_seller_data,10.59,1,7.608071315068491,2026-06-11,True
Lumme Energia,12,2026-06-13,observed_seller_data,10.59,1,7.4029114794520545,2026-06-12,True
Lumme Energia,12,2026-06-14,observed_seller_data,10.59,1,7.4029114794520545,2026-06-12,True
Lumme Energia,12,2026-06-15,observed_seller_data,10.59,1,7.4029114794520545,2026-06-12,True
Lumme Energia,12,2026-06-16,observed_seller_data,10.59,1,7.26479615068493,2026-06-15,True
Lumme Energia,12,2026-06-17,observed_seller_data,10.59,1,7.301139575342464,2026-06-16,True
Lumme Energia,12,2026-06-18,observed_seller_data,10.59,1,7.162126835616437,2026-06-17,True
Lumme Energia,12,2026-06-19,observed_seller_data,10.59,1,7.0250842739726025,2026-06-18,True
Lumme Energia,12,2026-06-20,observed_seller_data,10.59,1,7.132684191780821,2026-06-19,True
Lumme Energia,12,2026-06-21,observed_seller_data,10.59,1,7.132684191780821,2026-06-19,True
Lumme Energia,12,2026-06-22,observed_seller_data,10.59,1,7.132684191780821,2026-06-19,True
Lumme Energia,12,2026-06-23,observed_seller_data,10.59,1,6.836349465753425,2026-06-22,True
Lumme Energia,12,2026-06-24,observed_seller_data,9.69,1,6.874353616438356,2026-06-23,True
Lumme Energia,12,2026-06-25,observed_seller_data,9.69,1,6.835799328767123,2026-06-24,True
Lumme Energia,12,2026-06-26,observed_seller_data,9.69,1,6.8778641780821905,2026-06-25,True
Lumme Energia,12,2026-06-27,observed_seller_data,9.29,1,6.942928191780821,2026-06-26,True
Lumme Energia,12,2026-06-28,observed_seller_data,9.29,1,6.942928191780821,2026-06-26,True
Lumme Energia,12,2026-06-29,observed_seller_data,9.29,1,6.942928191780821,2026-06-26,True
Lumme Energia,12,2026-06-30,observed_seller_data,9.29,1,7.11498009589041,2026-06-29,True
Lumme Energia,12,2026-07-01,observed_seller_data,9.29,1,7.291367767123288,2026-06-30,True
Lumme Energia,12,2026-07-02,observed_seller_data,9.29,1,7.297343630136985,2026-07-01,True
Lumme Energia,12,2026-07-03,observed_seller_data,9.29,1,7.396309835616438,2026-07-02,True
Lumme Energia,12,2026-07-04,observed_seller_data,9.79,1,7.537921972602739,2026-07-03,True
Lumme Energia,12,2026-07-05,observed_seller_data,9.79,1,7.537921972602739,2026-07-03,True
Lumme Energia,12,2026-07-06,observed_seller_data,9.79,1,7.537921972602739,2026-07-03,True
Lumme Energia,12,2026-07-07,observed_seller_data,9.79,1,7.517649424657533,2026-07-06,True
Lumme Energia,12,2026-07-08,observed_seller_data,9.79,1,7.55255905479452,2026-07-07,True
Lumme Energia,12,2026-07-09,observed_seller_data,9.79,1,7.663016246575341,2026-07-08,True
Lumme Energia,12,2026-07-10,observed_seller_data,9.79,1,7.752925821917807,2026-07-09,True
Lumme Energia,12,2026-07-11,observed_seller_data,10.39,1,7.733756986301369,2026-07-10,True
Lumme Energia,12,2026-07-12,observed_seller_data,10.39,1,7.733756986301369,2026-07-10,True
Lumme Energia,12,2026-07-13,observed_seller_data,10.39,1,7.733756986301369,2026-07-10,True
Lumme Energia,12,2026-07-14,observed_seller_data,10.39,1,7.916333698630135,2026-07-13,True
Lumme Energia,12,2026-07-15,observed_seller_data,10.39,1,8.05474128767123,2026-07-14,True
Lumme Energia,12,2026-07-16,observed_seller_data,10.39,1,8.242688712328768,2026-07-15,True
Lumme Energia,12,2026-07-17,observed_seller_data,10.39,1,8.230231547945204,2026-07-16,True
Lumme Energia,12,2026-07-18,observed_seller_data,10.59,1,8.411536068493149,2026-07-17,True
Lumme Energia,12,2026-07-19,observed_seller_data,10.59,1,8.411536068493149,2026-07-17,True
Lumme Energia,12,2026-07-20,observed_seller_data,10.59,1,8.411536068493149,2026-07-17,True
Lumme Energia,12,2026-07-21,observed_seller_data,10.59,1,8.444090424657533,2026-07-20,True
Lumme Energia,12,2026-07-22,observed_seller_data,10.59,1,8.482008616438355,2026-07-21,True
Lumme Energia,12,2026-07-23,observed_seller_data,10.59,1,8.747336246575342,2026-07-22,True
Lumme Energia,12,2026-07-24,observed_seller_data,10.59,1,8.776696369863014,2026-07-23,True
Lumme Energia,12,2026-07-25,observed_seller_data,10.99,1,8.763114863013698,2026-07-24,True
Lumme Energia,12,2026-07-26,observed_seller_data,10.99,1,8.763114863013698,2026-07-24,True
Lumme Energia,12,2026-07-27,canonical_calculation,10.99,1,8.763114863013698,2026-07-24,True
Lumme Energia,12,2026-07-28,canonical_calculation,10.99,1,8.568218520547944,2026-07-27,True
Lumme Energia,12,2026-07-29,canonical_calculation,10.99,1,8.490944904109588,2026-07-28,True
Lumme Energia,12,2026-07-30,canonical_calculation,10.99,1,8.781259068493151,2026-07-29,True
Lumme Energia,12,2026-07-31,canonical_calculation,10.99,1,8.746273794520546,2026-07-30,True
Lumme Energia,12,2026-08-01,canonical_calculation,10.99,1,8.888607986301372,2026-07-31,True
Lumme Energia,12,2026-08-02,canonical_calculation,10.99,1,8.888607986301372,2026-07-31,True
Lumme Energia,12,2026-08-03,canonical_calculation,10.99,1,8.888607986301372,2026-07-31,True
Lumme Energia,12,2026-08-04,canonical_calculation,10.99,1,8.728779438356165,2026-08-03,True
Lumme Energia,12,2026-08-05,canonical_calculation,10.99,1,8.838225753424656,2026-08-04,True
Lumme Energia,12,2026-08-06,canonical_calculation,10.99,1,8.654765383561644,2026-08-05,True
Lumme Energia,12,2026-08-07,canonical_calculation,10.99,1,8.644147739726026,2026-08-06,True
Lumme Energia,12,2026-08-08,canonical_calculation,11.19,1,8.630679698630136,2026-08-07,True
Lumme Energia,12,2026-08-09,canonical_calculation,11.19,1,8.630679698630136,2026-08-07,True
Lumme Energia,12,2026-08-10,canonical_calculation,11.19,1,8.630679698630136,2026-08-07,True
Lumme Energia,12,2026-08-11,canonical_calculation,11.19,1,8.748859438356163,2026-08-10,True
Lumme Energia,12,2026-08-12,canonical_calculation,11.19,1,8.705082287671232,2026-08-11,True
Lumme Energia,12,2026-08-13,canonical_calculation,11.19,1,8.724316452054794,2026-08-12,True
Lumme Energia,12,2026-08-14,canonical_calculation,11.19,1,8.579424123287671,2026-08-13,True
Lumme Energia,12,2026-08-15,canonical_calculation,11.19,1,8.519703315068492,2026-08-14,True
Lumme Energia,12,2026-08-16,canonical_calculation,11.19,1,8.519703315068492,2026-08-14,True
Lumme Energia,12,2026-08-17,canonical_calculation,11.19,1,8.519703315068492,2026-08-14,True
Lumme Energia,24,2026-04-08,observed_seller_data,8.79,1,,,False
Lumme Energia,24,2026-04-09,observed_seller_data,8.79,1,6.314420047879617,2026-04-08,True
Lumme Energia,24,2026-04-10,observed_seller_data,8.79,1,6.2962903625171,2026-04-09,True
Lumme Energia,24,2026-04-11,observed_seller_data,8.79,1,6.228571867305061,2026-04-10,True
Lumme Energia,24,2026-04-12,observed_seller_data,8.79,1,6.228571867305061,2026-04-10,True
Lumme Energia,24,2026-04-13,observed_seller_data,8.79,1,6.228571867305061,2026-04-10,True
Lumme Energia,24,2026-04-14,observed_seller_data,8.79,1,6.23801269493844,2026-04-13,True
Lumme Energia,24,2026-04-15,observed_seller_data,8.79,1,6.177379541723666,2026-04-14,True
Lumme Energia,24,2026-04-16,observed_seller_data,8.79,1,6.144708337893295,2026-04-15,True
Lumme Energia,24,2026-04-17,observed_seller_data,8.79,1,6.150796203830369,2026-04-16,True
Lumme Energia,24,2026-04-18,observed_seller_data,8.49,1,6.103619534883721,2026-04-17,True
Lumme Energia,24,2026-04-19,observed_seller_data,8.49,1,6.103619534883721,2026-04-17,True
Lumme Energia,24,2026-04-20,observed_seller_data,8.49,1,6.103619534883721,2026-04-17,True
Lumme Energia,24,2026-04-21,observed_seller_data,8.49,1,6.087503686730505,2026-04-20,True
Lumme Energia,24,2026-04-22,observed_seller_data,8.49,1,6.154380937072504,2026-04-21,True
Lumme Energia,24,2026-04-23,observed_seller_data,8.49,1,6.177219876880984,2026-04-22,True
Lumme Energia,24,2026-04-24,observed_seller_data,8.49,1,6.256475444596442,2026-04-23,True
Lumme Energia,24,2026-04-25,observed_seller_data,8.49,1,6.191047195622435,2026-04-24,True
Lumme Energia,24,2026-04-26,observed_seller_data,8.49,1,6.191047195622435,2026-04-24,True
Lumme Energia,24,2026-04-27,observed_seller_data,8.49,1,6.191047195622435,2026-04-24,True
Lumme Energia,24,2026-04-28,observed_seller_data,8.49,1,6.134817701778386,2026-04-27,True
Lumme Energia,24,2026-04-29,observed_seller_data,8.29,1,6.171774103967169,2026-04-28,True
Lumme Energia,24,2026-04-30,observed_seller_data,8.29,1,6.239817079343364,2026-04-29,True
Lumme Energia,24,2026-05-01,observed_seller_data,8.29,1,6.355381805745553,2026-04-30,True
Lumme Energia,24,2026-05-02,observed_seller_data,8.29,1,6.355381805745553,2026-04-30,True
Lumme Energia,24,2026-05-03,observed_seller_data,8.29,1,6.355381805745553,2026-04-30,True
Lumme Energia,24,2026-05-04,observed_seller_data,8.29,1,6.355381805745553,2026-04-30,True
Lumme Energia,24,2026-05-05,observed_seller_data,8.29,1,6.476608625170997,2026-05-04,True
Lumme Energia,24,2026-05-06,observed_seller_data,8.59,1,6.494082482900137,2026-05-05,True
Lumme Energia,24,2026-05-07,observed_seller_data,8.59,1,6.3717053898768805,2026-05-06,True
Lumme Energia,24,2026-05-08,observed_seller_data,8.59,1,6.408783686730506,2026-05-07,True
Lumme Energia,24,2026-05-09,observed_seller_data,8.79,1,6.537145636114911,2026-05-08,True
Lumme Energia,24,2026-05-10,observed_seller_data,8.79,1,6.537145636114911,2026-05-08,True
Lumme Energia,24,2026-05-11,observed_seller_data,8.79,1,6.537145636114911,2026-05-08,True
Lumme Energia,24,2026-05-12,observed_seller_data,8.79,1,6.665234610123119,2026-05-11,True
Lumme Energia,24,2026-05-13,observed_seller_data,8.79,1,6.70606760601915,2026-05-12,True
Lumme Energia,24,2026-05-14,observed_seller_data,8.79,1,6.721105287277702,2026-05-13,True
Lumme Energia,24,2026-05-15,observed_seller_data,8.79,1,6.717319685362518,2026-05-14,True
Lumme Energia,24,2026-05-16,observed_seller_data,8.99,1,6.7470001778385775,2026-05-15,True
Lumme Energia,24,2026-05-17,observed_seller_data,8.99,1,6.7470001778385775,2026-05-15,True
Lumme Energia,24,2026-05-18,observed_seller_data,8.99,1,6.7470001778385775,2026-05-15,True
Lumme Energia,24,2026-05-19,observed_seller_data,8.99,1,6.650742879616962,2026-05-18,True
Lumme Energia,24,2026-05-20,observed_seller_data,8.99,1,6.6187309370725025,2026-05-19,True
Lumme Energia,24,2026-05-21,observed_seller_data,8.99,1,6.6317977017783845,2026-05-20,True
Lumme Energia,24,2026-05-22,observed_seller_data,8.99,1,6.702566997264021,2026-05-21,True
Lumme Energia,24,2026-05-23,observed_seller_data,8.59,1,6.6722512790697674,2026-05-22,True
Lumme Energia,24,2026-05-24,observed_seller_data,8.59,1,6.6722512790697674,2026-05-22,True
Lumme Energia,24,2026-05-25,observed_seller_data,8.59,1,6.6722512790697674,2026-05-22,True
Lumme Energia,24,2026-05-26,observed_seller_data,8.59,1,6.515872441860465,2026-05-25,True
Lumme Energia,24,2026-05-27,observed_seller_data,8.59,1,6.584854521203829,2026-05-26,True
Lumme Energia,24,2026-05-28,observed_seller_data,8.59,1,6.484572982216141,2026-05-27,True
Lumme Energia,24,2026-05-29,observed_seller_data,8.59,1,6.595828474692201,2026-05-28,True
Lumme Energia,24,2026-05-30,observed_seller_data,8.59,1,6.705398043775649,2026-05-29,True
Lumme Energia,24,2026-05-31,observed_seller_data,8.59,1,6.705398043775649,2026-05-29,True
Lumme Energia,24,2026-06-01,observed_seller_data,8.59,1,6.692830875512995,2026-05-29,True
Lumme Energia,24,2026-06-02,observed_seller_data,8.59,1,6.863023296853624,2026-06-01,True
Lumme Energia,24,2026-06-03,observed_seller_data,8.59,1,6.804407414500683,2026-06-02,True
Lumme Energia,24,2026-06-04,observed_seller_data,8.59,1,6.924890848153214,2026-06-03,True
Lumme Energia,24,2026-06-05,observed_seller_data,8.59,1,6.841681429548563,2026-06-04,True
Lumme Energia,24,2026-06-06,observed_seller_data,8.99,1,6.780177845417237,2026-06-05,True
Lumme Energia,24,2026-06-07,observed_seller_data,8.99,1,6.780177845417237,2026-06-05,True
Lumme Energia,24,2026-06-08,observed_seller_data,8.99,1,6.780177845417237,2026-06-05,True
Lumme Energia,24,2026-06-09,observed_seller_data,8.99,1,6.7652792270861815,2026-06-08,True
Lumme Energia,24,2026-06-10,observed_seller_data,8.99,1,6.654351648426812,2026-06-09,True
Lumme Energia,24,2026-06-11,observed_seller_data,8.99,1,6.690471956224349,2026-06-10,True
Lumme Energia,24,2026-06-12,observed_seller_data,8.99,1,6.73640049247606,2026-06-11,True
Lumme Energia,24,2026-06-13,observed_seller_data,8.99,1,6.603004808481531,2026-06-12,True
Lumme Energia,24,2026-06-14,observed_seller_data,8.99,1,6.603004808481531,2026-06-12,True
Lumme Energia,24,2026-06-15,observed_seller_data,8.99,1,6.603004808481531,2026-06-12,True
Lumme Energia,24,2026-06-16,observed_seller_data,8.99,1,6.537957694938441,2026-06-15,True
Lumme Energia,24,2026-06-17,observed_seller_data,8.99,1,6.571571436388509,2026-06-16,True
Lumme Energia,24,2026-06-18,observed_seller_data,8.99,1,6.488619541723665,2026-06-17,True
Lumme Energia,24,2026-06-19,observed_seller_data,8.99,1,6.392096135430917,2026-06-18,True
Lumme Energia,24,2026-06-20,observed_seller_data,8.99,1,6.448359965800273,2026-06-19,True
Lumme Energia,24,2026-06-21,observed_seller_data,8.99,1,6.448359965800273,2026-06-19,True
Lumme Energia,24,2026-06-22,observed_seller_data,8.99,1,6.448359965800273,2026-06-19,True
Lumme Energia,24,2026-06-23,observed_seller_data,8.99,1,6.2601099658002735,2026-06-22,True
Lumme Energia,24,2026-06-24,observed_seller_data,8.79,1,6.329272311901504,2026-06-23,True
Lumme Energia,24,2026-06-25,observed_seller_data,8.79,1,6.319347339261285,2026-06-24,True
Lumme Energia,24,2026-06-26,observed_seller_data,8.79,1,6.360398372093023,2026-06-25,True
Lumme Energia,24,2026-06-27,observed_seller_data,8.49,1,6.398996060191518,2026-06-26,True
Lumme Energia,24,2026-06-28,observed_seller_data,8.49,1,6.398996060191518,2026-06-26,True
Lumme Energia,24,2026-06-29,observed_seller_data,8.49,1,6.398996060191518,2026-06-26,True
Lumme Energia,24,2026-06-30,observed_seller_data,8.49,1,6.356499459644321,2026-06-29,True
Lumme Energia,24,2026-07-01,observed_seller_data,8.49,1,6.578045588235293,2026-06-30,True
Lumme Energia,24,2026-07-02,observed_seller_data,8.49,1,6.6284910943912445,2026-07-01,True
Lumme Energia,24,2026-07-03,observed_seller_data,8.49,1,6.720432291381669,2026-07-02,True
Lumme Energia,24,2026-07-04,observed_seller_data,8.79,1,6.790317421340628,2026-07-03,True
Lumme Energia,24,2026-07-05,observed_seller_data,8.79,1,6.790317421340628,2026-07-03,True
Lumme Energia,24,2026-07-06,observed_seller_data,8.79,1,6.790317421340628,2026-07-03,True
Lumme Energia,24,2026-07-07,observed_seller_data,8.79,1,6.748586525307798,2026-07-06,True
Lumme Energia,24,2026-07-08,observed_seller_data,8.79,1,6.768290540355675,2026-07-07,True
Lumme Energia,24,2026-07-09,observed_seller_data,8.79,1,6.846610437756497,2026-07-08,True
Lumme Energia,24,2026-07-10,observed_seller_data,8.79,1,6.866929076607387,2026-07-09,True
Lumme Energia,24,2026-07-11,observed_seller_data,8.99,1,6.839267571819425,2026-07-10,True
Lumme Energia,24,2026-07-12,observed_seller_data,8.99,1,6.839267571819425,2026-07-10,True
Lumme Energia,24,2026-07-13,observed_seller_data,8.99,1,6.839267571819425,2026-07-10,True
Lumme Energia,24,2026-07-14,observed_seller_data,8.99,1,6.9581303214774275,2026-07-13,True
Lumme Energia,24,2026-07-15,observed_seller_data,8.99,1,7.056428926128589,2026-07-14,True
Lumme Energia,24,2026-07-16,observed_seller_data,8.99,1,7.151063823529411,2026-07-15,True
Lumme Energia,24,2026-07-17,observed_seller_data,8.99,1,7.151930820793433,2026-07-16,True
Lumme Energia,24,2026-07-18,observed_seller_data,9.39,1,7.250301532147743,2026-07-17,True
Lumme Energia,24,2026-07-19,observed_seller_data,9.39,1,7.250301532147743,2026-07-17,True
Lumme Energia,24,2026-07-20,observed_seller_data,9.39,1,7.250301532147743,2026-07-17,True
Lumme Energia,24,2026-07-21,observed_seller_data,9.39,1,7.25315146374829,2026-07-20,True
Lumme Energia,24,2026-07-22,observed_seller_data,9.39,1,7.284062920656635,2026-07-21,True
Lumme Energia,24,2026-07-23,observed_seller_data,9.39,1,7.422411648426812,2026-07-22,True
Lumme Energia,24,2026-07-24,observed_seller_data,9.39,1,7.446412879616962,2026-07-23,True
Lumme Energia,24,2026-07-25,observed_seller_data,9.59,1,7.456499233926127,2026-07-24,True
Lumme Energia,24,2026-07-26,observed_seller_data,9.59,1,7.456499233926127,2026-07-24,True
Lumme Energia,24,2026-07-27,canonical_calculation,9.59,1,7.456499233926127,2026-07-24,True
Lumme Energia,24,2026-07-28,canonical_calculation,9.59,1,7.337356641586867,2026-07-27,True
Lumme Energia,24,2026-07-29,canonical_calculation,9.59,1,7.273444350205198,2026-07-28,True
Lumme Energia,24,2026-07-30,canonical_calculation,9.59,1,7.420560909712721,2026-07-29,True
Lumme Energia,24,2026-08-01,canonical_calculation,9.75,1,7.608965424076606,2026-07-31,True
Lumme Energia,24,2026-08-02,canonical_calculation,9.75,1,7.608965424076606,2026-07-31,True
Lumme Energia,24,2026-08-03,canonical_calculation,9.75,1,7.608965424076606,2026-07-31,True
Lumme Energia,24,2026-08-04,canonical_calculation,9.75,1,7.529972530779754,2026-08-03,True
Lumme Energia,24,2026-08-05,canonical_calculation,9.75,1,7.585975403556771,2026-08-04,True
Lumme Energia,24,2026-08-06,canonical_calculation,9.75,1,7.4775578248974,2026-08-05,True
Lumme Energia,24,2026-08-07,canonical_calculation,9.75,1,7.496314151846784,2026-08-06,True
Lumme Energia,24,2026-08-08,canonical_calculation,9.89,1,7.491129336525306,2026-08-07,True
Lumme Energia,24,2026-08-09,canonical_calculation,9.89,1,7.491129336525306,2026-08-07,True
Lumme Energia,24,2026-08-10,canonical_calculation,9.89,1,7.491129336525306,2026-08-07,True
Lumme Energia,24,2026-08-11,canonical_calculation,9.89,1,7.565430143638851,2026-08-10,True
Lumme Energia,24,2026-08-12,canonical_calculation,9.89,1,7.543820451436388,2026-08-11,True
Lumme Energia,24,2026-08-13,canonical_calculation,9.89,1,7.565919439124487,2026-08-12,True
Lumme Energia,24,2026-08-14,canonical_calculation,9.89,1,7.4593920861833105,2026-08-13,True
Lumme Energia,24,2026-08-15,canonical_calculation,9.59,1,7.408258132694938,2026-08-14,True
Lumme Energia,24,2026-08-16,canonical_calculation,9.59,1,7.408258132694938,2026-08-14,True
Lumme Energia,24,2026-08-17,canonical_calculation,9.59,1,7.408258132694938,2026-08-14,True
Nurmijärven Sähkö Oy,12,2026-04-08,observed_seller_data,9.45,1,,,False
Nurmijärven Sähkö Oy,12,2026-04-09,observed_seller_data,9.45,1,7.008009397260273,2026-04-08,True
Nurmijärven Sähkö Oy,12,2026-04-10,observed_seller_data,9.45,1,7.001851301369863,2026-04-09,True
Nurmijärven Sähkö Oy,12,2026-04-11,observed_seller_data,9.45,1,6.91596116438356,2026-04-10,True
Nurmijärven Sähkö Oy,12,2026-04-12,observed_seller_data,9.45,1,6.91596116438356,2026-04-10,True
Nurmijärven Sähkö Oy,12,2026-04-13,observed_seller_data,9.45,1,6.91596116438356,2026-04-10,True
Nurmijärven Sähkö Oy,12,2026-04-14,observed_seller_data,9.45,1,6.929934643835616,2026-04-13,True
Nurmijärven Sähkö Oy,12,2026-04-15,observed_seller_data,9.45,1,6.809994465753424,2026-04-14,True
Nurmijärven Sähkö Oy,12,2026-04-16,observed_seller_data,9.45,1,6.761455191780822,2026-04-15,True
Nurmijärven Sähkö Oy,12,2026-04-17,observed_seller_data,9.45,1,6.797176273972602,2026-04-16,True
Nurmijärven Sähkö Oy,12,2026-04-18,observed_seller_data,9.45,1,6.730929465753426,2026-04-17,True
Nurmijärven Sähkö Oy,12,2026-04-19,observed_seller_data,9.45,1,6.730929465753426,2026-04-17,True
Nurmijärven Sähkö Oy,12,2026-04-20,observed_seller_data,9.45,1,6.730929465753426,2026-04-17,True
Nurmijärven Sähkö Oy,12,2026-04-21,observed_seller_data,9.45,1,6.749090863013699,2026-04-20,True
Nurmijärven Sähkö Oy,12,2026-04-22,observed_seller_data,9.45,1,6.839808452054794,2026-04-21,True
Nurmijärven Sähkö Oy,12,2026-04-23,observed_seller_data,9.45,1,6.872737589041094,2026-04-22,True
Nurmijärven Sähkö Oy,12,2026-04-24,observed_seller_data,9.45,1,6.963417356164384,2026-04-23,True
Nurmijärven Sähkö Oy,12,2026-04-25,observed_seller_data,9.45,1,6.8711112465753414,2026-04-24,True
Nurmijärven Sähkö Oy,12,2026-04-26,observed_seller_data,9.45,1,6.8711112465753414,2026-04-24,True
Nurmijärven Sähkö Oy,12,2026-04-27,observed_seller_data,9.45,1,6.8711112465753414,2026-04-24,True
Nurmijärven Sähkö Oy,12,2026-04-28,observed_seller_data,9.45,1,6.778488808219178,2026-04-27,True
Nurmijärven Sähkö Oy,12,2026-04-29,observed_seller_data,9.45,1,6.82226595890411,2026-04-28,True
Nurmijärven Sähkö Oy,12,2026-04-30,observed_seller_data,9.45,1,6.91197610958904,2026-04-29,True
Nurmijärven Sähkö Oy,12,2026-05-01,observed_seller_data,9.45,1,6.984508232876711,2026-04-30,True
Nurmijärven Sähkö Oy,12,2026-05-02,observed_seller_data,9.45,1,6.984508232876711,2026-04-30,True
Nurmijärven Sähkö Oy,12,2026-05-03,observed_seller_data,9.45,1,6.984508232876711,2026-04-30,True
Nurmijärven Sähkö Oy,12,2026-05-04,observed_seller_data,9.45,1,6.984508232876711,2026-04-30,True
Nurmijärven Sähkö Oy,12,2026-05-05,observed_seller_data,9.45,1,7.199113232876712,2026-05-04,True
Nurmijärven Sähkö Oy,12,2026-05-06,observed_seller_data,9.45,1,7.225643589041095,2026-05-05,True
Nurmijärven Sähkö Oy,12,2026-05-07,observed_seller_data,9.45,1,7.098238739726027,2026-05-06,True
Nurmijärven Sähkö Oy,12,2026-05-08,observed_seller_data,9.45,1,7.211415671232878,2026-05-07,True
Nurmijärven Sähkö Oy,12,2026-05-09,observed_seller_data,9.45,1,7.42950716438356,2026-05-08,True
Nurmijärven Sähkö Oy,12,2026-05-10,observed_seller_data,9.45,1,7.42950716438356,2026-05-08,True
Nurmijärven Sähkö Oy,12,2026-05-11,observed_seller_data,9.45,1,7.42950716438356,2026-05-08,True
Nurmijärven Sähkö Oy,12,2026-05-12,observed_seller_data,9.45,1,7.627480835616438,2026-05-11,True
Nurmijärven Sähkö Oy,12,2026-05-13,observed_seller_data,9.45,1,7.662703356164383,2026-05-12,True
Nurmijärven Sähkö Oy,12,2026-05-14,observed_seller_data,9.45,1,7.6846194383561635,2026-05-13,True
Nurmijärven Sähkö Oy,12,2026-05-15,observed_seller_data,9.45,1,7.672966849315067,2026-05-14,True
Nurmijärven Sähkö Oy,12,2026-05-16,observed_seller_data,9.45,1,7.7297306712328755,2026-05-15,True
Nurmijärven Sähkö Oy,12,2026-05-17,observed_seller_data,9.45,1,7.7297306712328755,2026-05-15,True
Nurmijärven Sähkö Oy,12,2026-05-18,observed_seller_data,9.45,1,7.7297306712328755,2026-05-15,True
Nurmijärven Sähkö Oy,12,2026-05-19,observed_seller_data,9.45,1,7.584962123287671,2026-05-18,True
Nurmijärven Sähkö Oy,12,2026-05-20,observed_seller_data,9.45,1,7.514379547945205,2026-05-19,True
Nurmijärven Sähkö Oy,12,2026-05-21,observed_seller_data,9.45,1,7.557534356164381,2026-05-20,True
Nurmijärven Sähkö Oy,12,2026-05-22,observed_seller_data,9.45,1,7.675029863013698,2026-05-21,True
Nurmijärven Sähkö Oy,12,2026-05-23,observed_seller_data,9.45,1,7.630430945205479,2026-05-22,True
Nurmijärven Sähkö Oy,12,2026-05-24,observed_seller_data,9.45,1,7.630430945205479,2026-05-22,True
Nurmijärven Sähkö Oy,12,2026-05-25,observed_seller_data,9.45,1,7.630430945205479,2026-05-22,True
Nurmijärven Sähkö Oy,12,2026-05-26,observed_seller_data,9.45,1,7.405325205479452,2026-05-25,True
Nurmijärven Sähkö Oy,12,2026-05-27,observed_seller_data,9.45,1,7.498484027397259,2026-05-26,True
Nurmijärven Sähkö Oy,12,2026-05-28,observed_seller_data,9.45,1,7.3629646575342464,2026-05-27,True
Nurmijärven Sähkö Oy,12,2026-05-29,observed_seller_data,9.45,1,7.544537369863012,2026-05-28,True
Nurmijärven Sähkö Oy,12,2026-05-30,observed_seller_data,9.45,1,7.758901684931507,2026-05-29,True
Nurmijärven Sähkö Oy,12,2026-05-31,observed_seller_data,9.45,1,7.758901684931507,2026-05-29,True
Nurmijärven Sähkö Oy,12,2026-06-01,observed_seller_data,10.45,1,7.61820415068493,2026-05-29,True
Nurmijärven Sähkö Oy,12,2026-06-02,observed_seller_data,10.45,1,7.859800246575342,2026-06-01,True
Nurmijärven Sähkö Oy,12,2026-06-03,observed_seller_data,10.45,1,7.760411123287669,2026-06-02,True
Nurmijärven Sähkö Oy,12,2026-06-04,observed_seller_data,10.45,1,7.938253219178082,2026-06-03,True
Nurmijärven Sähkö Oy,12,2026-06-05,observed_seller_data,10.45,1,7.809387068493151,2026-06-04,True
Nurmijärven Sähkö Oy,12,2026-06-06,observed_seller_data,10.45,1,7.719044260273972,2026-06-05,True
Nurmijärven Sähkö Oy,12,2026-06-07,observed_seller_data,10.45,1,7.719044260273972,2026-06-05,True
Nurmijärven Sähkö Oy,12,2026-06-08,observed_seller_data,10.45,1,7.719044260273972,2026-06-05,True
Nurmijärven Sähkö Oy,12,2026-06-09,observed_seller_data,10.45,1,7.710300520547945,2026-06-08,True
Nurmijärven Sähkö Oy,12,2026-06-10,observed_seller_data,10.45,1,7.529601150684932,2026-06-09,True
Nurmijärven Sähkö Oy,12,2026-06-11,observed_seller_data,10.45,1,7.565910191780821,2026-06-10,True
Nurmijärven Sähkö Oy,12,2026-06-12,observed_seller_data,10.45,1,7.608071315068491,2026-06-11,True
Nurmijärven Sähkö Oy,12,2026-06-13,observed_seller_data,10.45,1,7.4029114794520545,2026-06-12,True
Nurmijärven Sähkö Oy,12,2026-06-14,observed_seller_data,10.45,1,7.4029114794520545,2026-06-12,True
Nurmijärven Sähkö Oy,12,2026-06-15,observed_seller_data,10.45,1,7.4029114794520545,2026-06-12,True
Nurmijärven Sähkö Oy,12,2026-06-16,observed_seller_data,10.45,1,7.26479615068493,2026-06-15,True
Nurmijärven Sähkö Oy,12,2026-06-17,observed_seller_data,10.45,1,7.301139575342464,2026-06-16,True
Nurmijärven Sähkö Oy,12,2026-06-18,observed_seller_data,10.45,1,7.162126835616437,2026-06-17,True
Nurmijärven Sähkö Oy,12,2026-06-19,observed_seller_data,10.45,1,7.0250842739726025,2026-06-18,True
Nurmijärven Sähkö Oy,12,2026-06-20,observed_seller_data,10.45,1,7.132684191780821,2026-06-19,True
Nurmijärven Sähkö Oy,12,2026-06-21,observed_seller_data,10.45,1,7.132684191780821,2026-06-19,True
Nurmijärven Sähkö Oy,12,2026-06-22,observed_seller_data,10.45,1,7.132684191780821,2026-06-19,True
Nurmijärven Sähkö Oy,12,2026-06-23,observed_seller_data,10.45,1,6.836349465753425,2026-06-22,True
Nurmijärven Sähkö Oy,12,2026-06-24,observed_seller_data,10.45,1,6.874353616438356,2026-06-23,True
Nurmijärven Sähkö Oy,12,2026-06-25,observed_seller_data,10.45,1,6.835799328767123,2026-06-24,True
Nurmijärven Sähkö Oy,12,2026-06-26,observed_seller_data,10.45,1,6.8778641780821905,2026-06-25,True
Nurmijärven Sähkö Oy,12,2026-06-27,observed_seller_data,10.45,1,6.942928191780821,2026-06-26,True
Nurmijärven Sähkö Oy,12,2026-06-28,observed_seller_data,10.45,1,6.942928191780821,2026-06-26,True
Nurmijärven Sähkö Oy,12,2026-06-29,observed_seller_data,10.45,1,6.942928191780821,2026-06-26,True
Nurmijärven Sähkö Oy,12,2026-06-30,observed_seller_data,10.45,1,7.11498009589041,2026-06-29,True
Nurmijärven Sähkö Oy,12,2026-07-01,observed_seller_data,10.45,1,7.291367767123288,2026-06-30,True
Nurmijärven Sähkö Oy,12,2026-07-02,observed_seller_data,10.45,1,7.297343630136985,2026-07-01,True
Nurmijärven Sähkö Oy,12,2026-07-03,observed_seller_data,10.45,1,7.396309835616438,2026-07-02,True
Nurmijärven Sähkö Oy,12,2026-07-04,observed_seller_data,10.45,1,7.537921972602739,2026-07-03,True
Nurmijärven Sähkö Oy,12,2026-07-05,observed_seller_data,10.45,1,7.537921972602739,2026-07-03,True
Nurmijärven Sähkö Oy,12,2026-07-06,observed_seller_data,10.45,1,7.537921972602739,2026-07-03,True
Nurmijärven Sähkö Oy,12,2026-07-07,observed_seller_data,10.45,1,7.517649424657533,2026-07-06,True
Nurmijärven Sähkö Oy,12,2026-07-08,observed_seller_data,10.45,1,7.55255905479452,2026-07-07,True
Nurmijärven Sähkö Oy,12,2026-07-09,observed_seller_data,10.45,1,7.663016246575341,2026-07-08,True
Nurmijärven Sähkö Oy,12,2026-07-10,observed_seller_data,10.45,1,7.752925821917807,2026-07-09,True
Nurmijärven Sähkö Oy,12,2026-07-11,observed_seller_data,10.45,1,7.733756986301369,2026-07-10,True
Nurmijärven Sähkö Oy,12,2026-07-12,observed_seller_data,10.45,1,7.733756986301369,2026-07-10,True
Nurmijärven Sähkö Oy,12,2026-07-13,observed_seller_data,10.45,1,7.733756986301369,2026-07-10,True
Nurmijärven Sähkö Oy,12,2026-07-14,observed_seller_data,10.45,1,7.916333698630135,2026-07-13,True
Nurmijärven Sähkö Oy,12,2026-07-15,observed_seller_data,10.45,1,8.05474128767123,2026-07-14,True
Nurmijärven Sähkö Oy,12,2026-07-16,observed_seller_data,10.45,1,8.242688712328768,2026-07-15,True
Nurmijärven Sähkö Oy,12,2026-07-17,observed_seller_data,10.45,1,8.230231547945204,2026-07-16,True
Nurmijärven Sähkö Oy,12,2026-07-18,observed_seller_data,10.45,1,8.411536068493149,2026-07-17,True
Nurmijärven Sähkö Oy,12,2026-07-19,observed_seller_data,10.45,1,8.411536068493149,2026-07-17,True
Nurmijärven Sähkö Oy,12,2026-07-20,observed_seller_data,10.45,1,8.411536068493149,2026-07-17,True
Nurmijärven Sähkö Oy,12,2026-07-21,observed_seller_data,10.45,1,8.444090424657533,2026-07-20,True
Nurmijärven Sähkö Oy,12,2026-07-22,observed_seller_data,10.45,1,8.482008616438355,2026-07-21,True
Nurmijärven Sähkö Oy,12,2026-07-23,observed_seller_data,10.45,1,8.747336246575342,2026-07-22,True
Nurmijärven Sähkö Oy,12,2026-07-24,observed_seller_data,10.45,1,8.776696369863014,2026-07-23,True
Nurmijärven Sähkö Oy,12,2026-07-25,observed_seller_data,10.45,1,8.763114863013698,2026-07-24,True
Nurmijärven Sähkö Oy,12,2026-07-26,observed_seller_data,10.45,1,8.763114863013698,2026-07-24,True
Nurmijärven Sähkö Oy,12,2026-07-27,canonical_calculation,10.45,1,8.763114863013698,2026-07-24,True
Nurmijärven Sähkö Oy,12,2026-07-28,canonical_calculation,10.45,1,8.568218520547944,2026-07-27,True
Nurmijärven Sähkö Oy,12,2026-07-29,canonical_calculation,10.45,1,8.490944904109588,2026-07-28,True
Nurmijärven Sähkö Oy,12,2026-07-30,canonical_calculation,10.45,1,8.781259068493151,2026-07-29,True
Nurmijärven Sähkö Oy,12,2026-07-31,canonical_calculation,10.45,1,8.746273794520546,2026-07-30,True
Nurmijärven Sähkö Oy,12,2026-08-01,canonical_calculation,10.45,1,8.888607986301372,2026-07-31,True
Nurmijärven Sähkö Oy,12,2026-08-02,canonical_calculation,10.45,1,8.888607986301372,2026-07-31,True
Nurmijärven Sähkö Oy,12,2026-08-03,canonical_calculation,10.45,1,8.888607986301372,2026-07-31,True
Nurmijärven Sähkö Oy,12,2026-08-04,canonical_calculation,10.45,1,8.728779438356165,2026-08-03,True
Nurmijärven Sähkö Oy,12,2026-08-05,canonical_calculation,10.45,1,8.838225753424656,2026-08-04,True
Nurmijärven Sähkö Oy,12,2026-08-06,canonical_calculation,11.49,1,8.654765383561644,2026-08-05,True
Nurmijärven Sähkö Oy,12,2026-08-07,canonical_calculation,11.49,1,8.644147739726026,2026-08-06,True
Nurmijärven Sähkö Oy,12,2026-08-08,canonical_calculation,11.49,1,8.630679698630136,2026-08-07,True
Nurmijärven Sähkö Oy,12,2026-08-09,canonical_calculation,11.49,1,8.630679698630136,2026-08-07,True
Nurmijärven Sähkö Oy,12,2026-08-10,canonical_calculation,11.49,1,8.630679698630136,2026-08-07,True
Nurmijärven Sähkö Oy,12,2026-08-11,canonical_calculation,11.49,1,8.748859438356163,2026-08-10,True
Nurmijärven Sähkö Oy,12,2026-08-12,canonical_calculation,11.49,1,8.705082287671232,2026-08-11,True
Nurmijärven Sähkö Oy,12,2026-08-13,canonical_calculation,11.49,1,8.724316452054794,2026-08-12,True
Nurmijärven Sähkö Oy,12,2026-08-14,canonical_calculation,11.49,1,8.579424123287671,2026-08-13,True
Nurmijärven Sähkö Oy,12,2026-08-15,canonical_calculation,11.49,1,8.519703315068492,2026-08-14,True
Nurmijärven Sähkö Oy,12,2026-08-16,canonical_calculation,11.49,1,8.519703315068492,2026-08-14,True
Nurmijärven Sähkö Oy,12,2026-08-17,canonical_calculation,11.49,1,8.519703315068492,2026-08-14,True
Nurmijärven Sähkö Oy,12,2026-08-18,canonical_calculation,11.49,1,8.72096405479452,2026-08-17,True
Nurmijärven Sähkö Oy,12,2026-08-19,canonical_calculation,11.49,1,8.774798397260271,2026-08-18,True
Nurmijärven Sähkö Oy,12,2026-08-20,canonical_calculation,11.49,1,8.702345356164384,2026-08-19,True
Nurmijärven Sähkö Oy,12,2026-08-21,canonical_calculation,11.49,1,8.65210409589041,2026-08-20,True
Nurmijärven Sähkö Oy,12,2026-08-22,canonical_calculation,11.49,1,8.782668794520548,2026-08-21,True
Nurmijärven Sähkö Oy,12,2026-08-23,canonical_calculation,11.49,1,8.782668794520548,2026-08-21,True
Nurmijärven Sähkö Oy,12,2026-08-24,canonical_calculation,11.49,1,8.782668794520548,2026-08-21,True
Nurmijärven Sähkö Oy,12,2026-08-25,canonical_calculation,11.49,1,8.70024108219178,2026-08-24,True
Nurmijärven Sähkö Oy,12,2026-08-26,canonical_calculation,11.49,1,8.494331684931506,2026-08-25,True
Nurmijärven Sähkö Oy,12,2026-08-27,canonical_calculation,11.49,1,8.25278716438356,2026-08-26,True
Nurmijärven Sähkö Oy,12,2026-08-28,canonical_calculation,11.49,1,8.430127260273972,2026-08-27,True
Nurmijärven Sähkö Oy,12,2026-08-29,canonical_calculation,11.49,1,8.376550794520547,2026-08-28,True
Nurmijärven Sähkö Oy,12,2026-08-30,canonical_calculation,11.49,1,8.376550794520547,2026-08-28,True
Nurmijärven Sähkö Oy,12,2026-08-31,canonical_calculation,11.49,1,8.376550794520547,2026-08-28,True
Nurmijärven Sähkö Oy,12,2026-09-01,canonical_calculation,11.49,1,8.194654876712328,2026-08-31,True
Nurmijärven Sähkö Oy,12,2026-09-02,canonical_calculation,11.49,1,8.232160465753424,2026-09-01,True
Nurmijärven Sähkö Oy,12,2026-09-03,canonical_calculation,11.49,1,8.529712369863013,2026-09-02,True
Nurmijärven Sähkö Oy,12,2026-09-04,canonical_calculation,11.49,1,8.541691602739725,2026-09-03,True
Nurmijärven Sähkö Oy,12,2026-09-05,canonical_calculation,11.49,1,8.551384328767123,2026-09-04,True
Nurmijärven Sähkö Oy,12,2026-09-06,canonical_calculation,11.49,1,8.551384328767123,2026-09-04,True
Nurmijärven Sähkö Oy,12,2026-09-07,canonical_calculation,11.49,1,8.551384328767123,2026-09-04,True
Nurmijärven Sähkö Oy,12,2026-09-08,canonical_calculation,11.49,1,8.858608328767124,2026-09-07,True
Nurmijärven Sähkö Oy,12,2026-09-09,canonical_calculation,11.49,1,9.059559616438355,2026-09-08,True
Nurmijärven Sähkö Oy,12,2026-09-10,canonical_calculation,11.49,1,9.442544356164383,2026-09-09,True
Nurmijärven Sähkö Oy,12,2026-09-11,canonical_calculation,11.49,1,9.592642356164383,2026-09-10,True
Nurmijärven Sähkö Oy,12,2026-09-12,canonical_calculation,11.49,1,9.381571986301369,2026-09-11,True
Nurmijärven Sähkö Oy,12,2026-09-13,canonical_calculation,11.49,1,9.381571986301369,2026-09-11,True
Nurmijärven Sähkö Oy,24,2026-04-08,observed_seller_data,8.45,1,,,False
Nurmijärven Sähkö Oy,24,2026-04-09,observed_seller_data,8.45,1,6.314420047879617,2026-04-08,True
Nurmijärven Sähkö Oy,24,2026-04-10,observed_seller_data,8.45,1,6.2962903625171,2026-04-09,True
Nurmijärven Sähkö Oy,24,2026-04-11,observed_seller_data,8.45,1,6.228571867305061,2026-04-10,True
Nurmijärven Sähkö Oy,24,2026-04-12,observed_seller_data,8.45,1,6.228571867305061,2026-04-10,True
Nurmijärven Sähkö Oy,24,2026-04-13,observed_seller_data,8.45,1,6.228571867305061,2026-04-10,True
Nurmijärven Sähkö Oy,24,2026-04-14,observed_seller_data,8.45,1,6.23801269493844,2026-04-13,True
Nurmijärven Sähkö Oy,24,2026-04-15,observed_seller_data,8.45,1,6.177379541723666,2026-04-14,True
Nurmijärven Sähkö Oy,24,2026-04-16,observed_seller_data,8.45,1,6.144708337893295,2026-04-15,True
Nurmijärven Sähkö Oy,24,2026-04-17,observed_seller_data,8.45,1,6.150796203830369,2026-04-16,True
Nurmijärven Sähkö Oy,24,2026-04-18,observed_seller_data,8.45,1,6.103619534883721,2026-04-17,True
Nurmijärven Sähkö Oy,24,2026-04-19,observed_seller_data,8.45,1,6.103619534883721,2026-04-17,True
Nurmijärven Sähkö Oy,24,2026-04-20,observed_seller_data,8.45,1,6.103619534883721,2026-04-17,True
Nurmijärven Sähkö Oy,24,2026-04-21,observed_seller_data,8.45,1,6.087503686730505,2026-04-20,True
Nurmijärven Sähkö Oy,24,2026-04-22,observed_seller_data,8.45,1,6.154380937072504,2026-04-21,True
Nurmijärven Sähkö Oy,24,2026-04-23,observed_seller_data,8.45,1,6.177219876880984,2026-04-22,True
Nurmijärven Sähkö Oy,24,2026-04-24,observed_seller_data,8.45,1,6.256475444596442,2026-04-23,True
Nurmijärven Sähkö Oy,24,2026-04-25,observed_seller_data,8.45,1,6.191047195622435,2026-04-24,True
Nurmijärven Sähkö Oy,24,2026-04-26,observed_seller_data,8.45,1,6.191047195622435,2026-04-24,True
Nurmijärven Sähkö Oy,24,2026-04-27,observed_seller_data,8.45,1,6.191047195622435,2026-04-24,True
Nurmijärven Sähkö Oy,24,2026-04-28,observed_seller_data,8.45,1,6.134817701778386,2026-04-27,True
Nurmijärven Sähkö Oy,24,2026-04-29,observed_seller_data,8.45,1,6.171774103967169,2026-04-28,True
Nurmijärven Sähkö Oy,24,2026-04-30,observed_seller_data,8.45,1,6.239817079343364,2026-04-29,True
Nurmijärven Sähkö Oy,24,2026-05-01,observed_seller_data,8.45,1,6.355381805745553,2026-04-30,True
Nurmijärven Sähkö Oy,24,2026-05-02,observed_seller_data,8.45,1,6.355381805745553,2026-04-30,True
Nurmijärven Sähkö Oy,24,2026-05-03,observed_seller_data,8.45,1,6.355381805745553,2026-04-30,True
Nurmijärven Sähkö Oy,24,2026-05-04,observed_seller_data,8.45,1,6.355381805745553,2026-04-30,True
Nurmijärven Sähkö Oy,24,2026-05-05,observed_seller_data,8.45,1,6.476608625170997,2026-05-04,True
Nurmijärven Sähkö Oy,24,2026-05-06,observed_seller_data,8.45,1,6.494082482900137,2026-05-05,True
Nurmijärven Sähkö Oy,24,2026-05-07,observed_seller_data,8.45,1,6.3717053898768805,2026-05-06,True
Nurmijärven Sähkö Oy,24,2026-05-08,observed_seller_data,8.45,1,6.408783686730506,2026-05-07,True
Nurmijärven Sähkö Oy,24,2026-05-09,observed_seller_data,8.45,1,6.537145636114911,2026-05-08,True
Nurmijärven Sähkö Oy,24,2026-05-10,observed_seller_data,8.45,1,6.537145636114911,2026-05-08,True
Nurmijärven Sähkö Oy,24,2026-05-11,observed_seller_data,8.45,1,6.537145636114911,2026-05-08,True
Nurmijärven Sähkö Oy,24,2026-05-12,observed_seller_data,8.45,1,6.665234610123119,2026-05-11,True
Nurmijärven Sähkö Oy,24,2026-05-13,observed_seller_data,8.45,1,6.70606760601915,2026-05-12,True
Nurmijärven Sähkö Oy,24,2026-05-14,observed_seller_data,8.45,1,6.721105287277702,2026-05-13,True
Nurmijärven Sähkö Oy,24,2026-05-15,observed_seller_data,8.45,1,6.717319685362518,2026-05-14,True
Nurmijärven Sähkö Oy,24,2026-05-16,observed_seller_data,8.45,1,6.7470001778385775,2026-05-15,True
Nurmijärven Sähkö Oy,24,2026-05-17,observed_seller_data,8.45,1,6.7470001778385775,2026-05-15,True
Nurmijärven Sähkö Oy,24,2026-05-18,observed_seller_data,8.45,1,6.7470001778385775,2026-05-15,True
Nurmijärven Sähkö Oy,24,2026-05-19,observed_seller_data,8.45,1,6.650742879616962,2026-05-18,True
Nurmijärven Sähkö Oy,24,2026-05-20,observed_seller_data,8.45,1,6.6187309370725025,2026-05-19,True
Nurmijärven Sähkö Oy,24,2026-05-21,observed_seller_data,8.45,1,6.6317977017783845,2026-05-20,True
Nurmijärven Sähkö Oy,24,2026-05-22,observed_seller_data,8.45,1,6.702566997264021,2026-05-21,True
Nurmijärven Sähkö Oy,24,2026-05-23,observed_seller_data,8.45,1,6.6722512790697674,2026-05-22,True
Nurmijärven Sähkö Oy,24,2026-05-24,observed_seller_data,8.45,1,6.6722512790697674,2026-05-22,True
Nurmijärven Sähkö Oy,24,2026-05-25,observed_seller_data,8.45,1,6.6722512790697674,2026-05-22,True
Nurmijärven Sähkö Oy,24,2026-05-26,observed_seller_data,8.45,1,6.515872441860465,2026-05-25,True
Nurmijärven Sähkö Oy,24,2026-05-27,observed_seller_data,8.45,1,6.584854521203829,2026-05-26,True
Nurmijärven Sähkö Oy,24,2026-05-28,observed_seller_data,8.45,1,6.484572982216141,2026-05-27,True
Nurmijärven Sähkö Oy,24,2026-05-29,observed_seller_data,8.45,1,6.595828474692201,2026-05-28,True
Nurmijärven Sähkö Oy,24,2026-05-30,observed_seller_data,8.45,1,6.705398043775649,2026-05-29,True
Nurmijärven Sähkö Oy,24,2026-05-31,observed_seller_data,8.45,1,6.705398043775649,2026-05-29,True
Nurmijärven Sähkö Oy,24,2026-06-01,observed_seller_data,9.45,1,6.692830875512995,2026-05-29,True
Nurmijärven Sähkö Oy,24,2026-06-02,observed_seller_data,9.45,1,6.863023296853624,2026-06-01,True
Nurmijärven Sähkö Oy,24,2026-06-03,observed_seller_data,9.45,1,6.804407414500683,2026-06-02,True
Nurmijärven Sähkö Oy,24,2026-06-04,observed_seller_data,9.45,1,6.924890848153214,2026-06-03,True
Nurmijärven Sähkö Oy,24,2026-06-05,observed_seller_data,9.45,1,6.841681429548563,2026-06-04,True
Nurmijärven Sähkö Oy,24,2026-06-06,observed_seller_data,9.45,1,6.780177845417237,2026-06-05,True
Nurmijärven Sähkö Oy,24,2026-06-07,observed_seller_data,9.45,1,6.780177845417237,2026-06-05,True
Nurmijärven Sähkö Oy,24,2026-06-08,observed_seller_data,9.45,1,6.780177845417237,2026-06-05,True
Nurmijärven Sähkö Oy,24,2026-06-09,observed_seller_data,9.45,1,6.7652792270861815,2026-06-08,True
Nurmijärven Sähkö Oy,24,2026-06-10,observed_seller_data,9.45,1,6.654351648426812,2026-06-09,True
Nurmijärven Sähkö Oy,24,2026-06-11,observed_seller_data,9.45,1,6.690471956224349,2026-06-10,True
Nurmijärven Sähkö Oy,24,2026-06-12,observed_seller_data,9.45,1,6.73640049247606,2026-06-11,True
Nurmijärven Sähkö Oy,24,2026-06-13,observed_seller_data,9.45,1,6.603004808481531,2026-06-12,True
Nurmijärven Sähkö Oy,24,2026-06-14,observed_seller_data,9.45,1,6.603004808481531,2026-06-12,True
Nurmijärven Sähkö Oy,24,2026-06-15,observed_seller_data,9.45,1,6.603004808481531,2026-06-12,True
Nurmijärven Sähkö Oy,24,2026-06-16,observed_seller_data,9.45,1,6.537957694938441,2026-06-15,True
Nurmijärven Sähkö Oy,24,2026-06-17,observed_seller_data,9.45,1,6.571571436388509,2026-06-16,True
Nurmijärven Sähkö Oy,24,2026-06-18,observed_seller_data,9.45,1,6.488619541723665,2026-06-17,True
Nurmijärven Sähkö Oy,24,2026-06-19,observed_seller_data,9.45,1,6.392096135430917,2026-06-18,True
Nurmijärven Sähkö Oy,24,2026-06-20,observed_seller_data,9.45,1,6.448359965800273,2026-06-19,True
Nurmijärven Sähkö Oy,24,2026-06-21,observed_seller_data,9.45,1,6.448359965800273,2026-06-19,True
Nurmijärven Sähkö Oy,24,2026-06-22,observed_seller_data,9.45,1,6.448359965800273,2026-06-19,True
Nurmijärven Sähkö Oy,24,2026-06-23,observed_seller_data,9.45,1,6.2601099658002735,2026-06-22,True
Nurmijärven Sähkö Oy,24,2026-06-24,observed_seller_data,9.45,1,6.329272311901504,2026-06-23,True
Nurmijärven Sähkö Oy,24,2026-06-25,observed_seller_data,9.45,1,6.319347339261285,2026-06-24,True
Nurmijärven Sähkö Oy,24,2026-06-26,observed_seller_data,9.45,1,6.360398372093023,2026-06-25,True
Nurmijärven Sähkö Oy,24,2026-06-27,observed_seller_data,9.45,1,6.398996060191518,2026-06-26,True
Nurmijärven Sähkö Oy,24,2026-06-28,observed_seller_data,9.45,1,6.398996060191518,2026-06-26,True
Nurmijärven Sähkö Oy,24,2026-06-29,observed_seller_data,9.45,1,6.398996060191518,2026-06-26,True
Nurmijärven Sähkö Oy,24,2026-06-30,observed_seller_data,9.45,1,6.356499459644321,2026-06-29,True
Nurmijärven Sähkö Oy,24,2026-07-01,observed_seller_data,9.45,1,6.578045588235293,2026-06-30,True
Nurmijärven Sähkö Oy,24,2026-07-02,observed_seller_data,9.45,1,6.6284910943912445,2026-07-01,True
Nurmijärven Sähkö Oy,24,2026-07-03,observed_seller_data,9.45,1,6.720432291381669,2026-07-02,True
Nurmijärven Sähkö Oy,24,2026-07-04,observed_seller_data,9.45,1,6.790317421340628,2026-07-03,True
Nurmijärven Sähkö Oy,24,2026-07-05,observed_seller_data,9.45,1,6.790317421340628,2026-07-03,True
Nurmijärven Sähkö Oy,24,2026-07-06,observed_seller_data,9.45,1,6.790317421340628,2026-07-03,True
Nurmijärven Sähkö Oy,24,2026-07-07,observed_seller_data,9.45,1,6.748586525307798,2026-07-06,True
Nurmijärven Sähkö Oy,24,2026-07-08,observed_seller_data,9.45,1,6.768290540355675,2026-07-07,True
Nurmijärven Sähkö Oy,24,2026-07-09,observed_seller_data,9.45,1,6.846610437756497,2026-07-08,True
Nurmijärven Sähkö Oy,24,2026-07-10,observed_seller_data,9.45,1,6.866929076607387,2026-07-09,True
Nurmijärven Sähkö Oy,24,2026-07-11,observed_seller_data,9.45,1,6.839267571819425,2026-07-10,True
Nurmijärven Sähkö Oy,24,2026-07-12,observed_seller_data,9.45,1,6.839267571819425,2026-07-10,True
Nurmijärven Sähkö Oy,24,2026-07-13,observed_seller_data,9.45,1,6.839267571819425,2026-07-10,True
Nurmijärven Sähkö Oy,24,2026-07-14,observed_seller_data,9.45,1,6.9581303214774275,2026-07-13,True
Nurmijärven Sähkö Oy,24,2026-07-15,observed_seller_data,9.45,1,7.056428926128589,2026-07-14,True
Nurmijärven Sähkö Oy,24,2026-07-16,observed_seller_data,9.45,1,7.151063823529411,2026-07-15,True
Nurmijärven Sähkö Oy,24,2026-07-17,observed_seller_data,9.45,1,7.151930820793433,2026-07-16,True
Nurmijärven Sähkö Oy,24,2026-07-18,observed_seller_data,9.45,1,7.250301532147743,2026-07-17,True
Nurmijärven Sähkö Oy,24,2026-07-19,observed_seller_data,9.45,1,7.250301532147743,2026-07-17,True
Nurmijärven Sähkö Oy,24,2026-07-20,observed_seller_data,9.45,1,7.250301532147743,2026-07-17,True
Nurmijärven Sähkö Oy,24,2026-07-21,observed_seller_data,9.45,1,7.25315146374829,2026-07-20,True
Nurmijärven Sähkö Oy,24,2026-07-22,observed_seller_data,9.45,1,7.284062920656635,2026-07-21,True
Nurmijärven Sähkö Oy,24,2026-07-23,observed_seller_data,9.45,1,7.422411648426812,2026-07-22,True
Nurmijärven Sähkö Oy,24,2026-07-24,observed_seller_data,9.45,1,7.446412879616962,2026-07-23,True
Nurmijärven Sähkö Oy,24,2026-07-25,observed_seller_data,9.45,1,7.456499233926127,2026-07-24,True
Nurmijärven Sähkö Oy,24,2026-07-26,observed_seller_data,9.45,1,7.456499233926127,2026-07-24,True
Nurmijärven Sähkö Oy,24,2026-07-27,canonical_calculation,9.45,1,7.456499233926127,2026-07-24,True
Nurmijärven Sähkö Oy,24,2026-07-28,canonical_calculation,9.45,1,7.337356641586867,2026-07-27,True
Nurmijärven Sähkö Oy,24,2026-07-29,canonical_calculation,9.45,1,7.273444350205198,2026-07-28,True
Nurmijärven Sähkö Oy,24,2026-07-30,canonical_calculation,9.45,1,7.420560909712721,2026-07-29,True
Nurmijärven Sähkö Oy,24,2026-07-31,canonical_calculation,9.45,1,7.412508994528044,2026-07-30,True
Nurmijärven Sähkö Oy,24,2026-08-01,canonical_calculation,9.45,1,7.608965424076606,2026-07-31,True
Nurmijärven Sähkö Oy,24,2026-08-02,canonical_calculation,9.45,1,7.608965424076606,2026-07-31,True
Nurmijärven Sähkö Oy,24,2026-08-03,canonical_calculation,9.45,1,7.608965424076606,2026-07-31,True
Nurmijärven Sähkö Oy,24,2026-08-04,canonical_calculation,9.45,1,7.529972530779754,2026-08-03,True
Nurmijärven Sähkö Oy,24,2026-08-05,canonical_calculation,9.45,1,7.585975403556771,2026-08-04,True
Nurmijärven Sähkö Oy,24,2026-08-06,canonical_calculation,10.49,1,7.4775578248974,2026-08-05,True
Nurmijärven Sähkö Oy,24,2026-08-07,canonical_calculation,10.49,1,7.496314151846784,2026-08-06,True
Nurmijärven Sähkö Oy,24,2026-08-08,canonical_calculation,10.49,1,7.491129336525306,2026-08-07,True
Nurmijärven Sähkö Oy,24,2026-08-09,canonical_calculation,10.49,1,7.491129336525306,2026-08-07,True
Nurmijärven Sähkö Oy,24,2026-08-10,canonical_calculation,10.49,1,7.491129336525306,2026-08-07,True
Nurmijärven Sähkö Oy,24,2026-08-11,canonical_calculation,10.49,1,7.565430143638851,2026-08-10,True
Nurmijärven Sähkö Oy,24,2026-08-12,canonical_calculation,10.49,1,7.543820451436388,2026-08-11,True
Nurmijärven Sähkö Oy,24,2026-08-13,canonical_calculation,10.49,1,7.565919439124487,2026-08-12,True
Nurmijärven Sähkö Oy,24,2026-08-14,canonical_calculation,10.49,1,7.4593920861833105,2026-08-13,True
Nurmijärven Sähkö Oy,24,2026-08-15,canonical_calculation,10.49,1,7.408258132694938,2026-08-14,True
Nurmijärven Sähkö Oy,24,2026-08-16,canonical_calculation,10.49,1,7.408258132694938,2026-08-14,True
Nurmijärven Sähkö Oy,24,2026-08-17,canonical_calculation,10.49,1,7.408258132694938,2026-08-14,True
Nurmijärven Sähkö Oy,24,2026-08-18,canonical_calculation,10.49,1,7.543262482900136,2026-08-17,True
Nurmijärven Sähkö Oy,24,2026-08-19,canonical_calculation,10.49,1,7.569327339261285,2026-08-18,True
Nurmijärven Sähkö Oy,24,2026-08-20,canonical_calculation,10.49,1,7.525651279069766,2026-08-19,True
Nurmijärven Sähkö Oy,24,2026-08-21,canonical_calculation,10.49,1,7.518734186046511,2026-08-20,True
Nurmijärven Sähkö Oy,24,2026-08-22,canonical_calculation,10.49,1,7.600690321477427,2026-08-21,True
Nurmijärven Sähkö Oy,24,2026-08-23,canonical_calculation,10.49,1,7.600690321477427,2026-08-21,True
Nurmijärven Sähkö Oy,24,2026-08-24,canonical_calculation,10.49,1,7.600690321477427,2026-08-21,True
Nurmijärven Sähkö Oy,24,2026-08-25,canonical_calculation,10.49,1,7.572352387140903,2026-08-24,True
Nurmijärven Sähkö Oy,24,2026-08-26,canonical_calculation,10.49,1,7.385951409028726,2026-08-25,True
Nurmijärven Sähkö Oy,24,2026-08-27,canonical_calculation,10.49,1,7.248811326949384,2026-08-26,True
Nurmijärven Sähkö Oy,24,2026-08-28,canonical_calculation,10.49,1,7.380433529411764,2026-08-27,True
Nurmijärven Sähkö Oy,24,2026-08-29,canonical_calculation,10.49,1,7.362903016415868,2026-08-28,True
Nurmijärven Sähkö Oy,24,2026-08-30,canonical_calculation,10.49,1,7.362903016415868,2026-08-28,True
Nurmijärven Sähkö Oy,24,2026-08-31,canonical_calculation,10.49,1,7.362903016415868,2026-08-28,True
Nurmijärven Sähkö Oy,24,2026-09-01,canonical_calculation,10.49,1,7.3933217441860455,2026-08-31,True
Nurmijärven Sähkö Oy,24,2026-09-02,canonical_calculation,10.49,1,7.452802906976744,2026-09-01,True
Nurmijärven Sähkö Oy,24,2026-09-03,canonical_calculation,10.49,1,7.658533632010943,2026-09-02,True
Nurmijärven Sähkö Oy,24,2026-09-04,canonical_calculation,10.49,1,7.687525677154583,2026-09-03,True
Nurmijärven Sähkö Oy,24,2026-09-05,canonical_calculation,10.49,1,7.69683602599179,2026-09-04,True
Nurmijärven Sähkö Oy,24,2026-09-06,canonical_calculation,10.49,1,7.69683602599179,2026-09-04,True
Nurmijärven Sähkö Oy,24,2026-09-07,canonical_calculation,10.49,1,7.69683602599179,2026-09-04,True
Nurmijärven Sähkö Oy,24,2026-09-08,canonical_calculation,10.49,1,7.916026668946647,2026-09-07,True
Nurmijärven Sähkö Oy,24,2026-09-09,canonical_calculation,10.49,1,8.065436908344731,2026-09-08,True
Nurmijärven Sähkö Oy,24,2026-09-10,canonical_calculation,10.49,1,8.37942211354309,2026-09-09,True
Nurmijärven Sähkö Oy,24,2026-09-11,canonical_calculation,10.49,1,8.510666614227084,2026-09-10,True
Nurmijärven Sähkö Oy,24,2026-09-12,canonical_calculation,10.49,1,8.336777865937071,2026-09-11,True
Nurmijärven Sähkö Oy,24,2026-09-13,canonical_calculation,10.49,1,8.336777865937071,2026-09-11,True
Omavoima Oy,12,2026-04-08,observed_seller_data,9.27,1,,,False
Omavoima Oy,12,2026-04-09,observed_seller_data,9.27,1,7.008009397260273,2026-04-08,True
Omavoima Oy,12,2026-04-10,observed_seller_data,9.27,1,7.001851301369863,2026-04-09,True
Omavoima Oy,12,2026-04-11,observed_seller_data,9.27,1,6.91596116438356,2026-04-10,True
Omavoima Oy,12,2026-04-12,observed_seller_data,9.27,1,6.91596116438356,2026-04-10,True
Omavoima Oy,12,2026-04-13,observed_seller_data,9.27,1,6.91596116438356,2026-04-10,True
Omavoima Oy,12,2026-04-14,observed_seller_data,9.57,1,6.929934643835616,2026-04-13,True
Omavoima Oy,12,2026-04-15,observed_seller_data,9.57,1,6.809994465753424,2026-04-14,True
Omavoima Oy,12,2026-04-16,observed_seller_data,9.57,1,6.761455191780822,2026-04-15,True
Omavoima Oy,12,2026-04-17,observed_seller_data,9.57,1,6.797176273972602,2026-04-16,True
Omavoima Oy,12,2026-04-18,observed_seller_data,9.57,1,6.730929465753426,2026-04-17,True
Omavoima Oy,12,2026-04-19,observed_seller_data,9.57,1,6.730929465753426,2026-04-17,True
Omavoima Oy,12,2026-04-20,observed_seller_data,9.57,1,6.730929465753426,2026-04-17,True
Omavoima Oy,12,2026-04-21,observed_seller_data,9.57,1,6.749090863013699,2026-04-20,True
Omavoima Oy,12,2026-04-22,observed_seller_data,9.57,1,6.839808452054794,2026-04-21,True
Omavoima Oy,12,2026-04-23,observed_seller_data,9.57,1,6.872737589041094,2026-04-22,True
Omavoima Oy,12,2026-04-24,observed_seller_data,9.57,1,6.963417356164384,2026-04-23,True
Omavoima Oy,12,2026-04-25,observed_seller_data,9.57,1,6.8711112465753414,2026-04-24,True
Omavoima Oy,12,2026-04-26,observed_seller_data,9.57,1,6.8711112465753414,2026-04-24,True
Omavoima Oy,12,2026-04-27,observed_seller_data,9.57,1,6.8711112465753414,2026-04-24,True
Omavoima Oy,12,2026-04-28,observed_seller_data,9.57,1,6.778488808219178,2026-04-27,True
Omavoima Oy,12,2026-04-29,observed_seller_data,9.57,1,6.82226595890411,2026-04-28,True
Omavoima Oy,12,2026-04-30,observed_seller_data,9.57,1,6.91197610958904,2026-04-29,True
Omavoima Oy,12,2026-05-01,observed_seller_data,9.57,1,6.984508232876711,2026-04-30,True
Omavoima Oy,12,2026-05-02,observed_seller_data,9.57,1,6.984508232876711,2026-04-30,True
Omavoima Oy,12,2026-05-03,observed_seller_data,9.57,1,6.984508232876711,2026-04-30,True
Omavoima Oy,12,2026-05-04,observed_seller_data,9.57,1,6.984508232876711,2026-04-30,True
Omavoima Oy,12,2026-05-05,observed_seller_data,9.57,1,7.199113232876712,2026-05-04,True
Omavoima Oy,12,2026-05-06,observed_seller_data,9.57,1,7.225643589041095,2026-05-05,True
Omavoima Oy,12,2026-05-07,observed_seller_data,9.57,1,7.098238739726027,2026-05-06,True
Omavoima Oy,12,2026-05-08,observed_seller_data,9.57,1,7.211415671232878,2026-05-07,True
Omavoima Oy,12,2026-05-09,observed_seller_data,9.57,1,7.42950716438356,2026-05-08,True
Omavoima Oy,12,2026-05-10,observed_seller_data,9.57,1,7.42950716438356,2026-05-08,True
Omavoima Oy,12,2026-05-11,observed_seller_data,9.57,1,7.42950716438356,2026-05-08,True
Omavoima Oy,12,2026-05-12,observed_seller_data,9.57,1,7.627480835616438,2026-05-11,True
Omavoima Oy,12,2026-05-13,observed_seller_data,9.57,1,7.662703356164383,2026-05-12,True
Omavoima Oy,12,2026-05-14,observed_seller_data,9.57,1,7.6846194383561635,2026-05-13,True
Omavoima Oy,12,2026-05-15,observed_seller_data,9.57,1,7.672966849315067,2026-05-14,True
Omavoima Oy,12,2026-05-16,observed_seller_data,9.57,1,7.7297306712328755,2026-05-15,True
Omavoima Oy,12,2026-05-17,observed_seller_data,9.57,1,7.7297306712328755,2026-05-15,True
Omavoima Oy,12,2026-05-18,observed_seller_data,9.57,1,7.7297306712328755,2026-05-15,True
Omavoima Oy,12,2026-05-19,observed_seller_data,9.57,1,7.584962123287671,2026-05-18,True
Omavoima Oy,12,2026-05-20,observed_seller_data,9.57,1,7.514379547945205,2026-05-19,True
Omavoima Oy,12,2026-05-21,observed_seller_data,9.57,1,7.557534356164381,2026-05-20,True
Omavoima Oy,12,2026-05-22,observed_seller_data,9.57,1,7.675029863013698,2026-05-21,True
Omavoima Oy,12,2026-05-23,observed_seller_data,9.57,1,7.630430945205479,2026-05-22,True
Omavoima Oy,12,2026-05-24,observed_seller_data,9.57,1,7.630430945205479,2026-05-22,True
Omavoima Oy,12,2026-05-25,observed_seller_data,9.57,1,7.630430945205479,2026-05-22,True
Omavoima Oy,12,2026-05-26,observed_seller_data,10.07,1,7.405325205479452,2026-05-25,True
Omavoima Oy,12,2026-05-27,observed_seller_data,10.07,1,7.498484027397259,2026-05-26,True
Omavoima Oy,12,2026-05-28,observed_seller_data,10.07,1,7.3629646575342464,2026-05-27,True
Omavoima Oy,12,2026-05-29,observed_seller_data,10.07,1,7.544537369863012,2026-05-28,True
Omavoima Oy,12,2026-05-30,observed_seller_data,10.07,1,7.758901684931507,2026-05-29,True
Omavoima Oy,12,2026-05-31,observed_seller_data,10.07,1,7.758901684931507,2026-05-29,True
Omavoima Oy,12,2026-06-01,observed_seller_data,10.07,1,7.61820415068493,2026-05-29,True
Omavoima Oy,12,2026-06-02,observed_seller_data,10.07,1,7.859800246575342,2026-06-01,True
Omavoima Oy,12,2026-06-03,observed_seller_data,10.07,1,7.760411123287669,2026-06-02,True
Omavoima Oy,12,2026-06-04,observed_seller_data,10.07,1,7.938253219178082,2026-06-03,True
Omavoima Oy,12,2026-06-05,observed_seller_data,10.07,1,7.809387068493151,2026-06-04,True
Omavoima Oy,12,2026-06-06,observed_seller_data,10.07,1,7.719044260273972,2026-06-05,True
Omavoima Oy,12,2026-06-07,observed_seller_data,10.07,1,7.719044260273972,2026-06-05,True
Omavoima Oy,12,2026-06-08,observed_seller_data,10.07,1,7.719044260273972,2026-06-05,True
Omavoima Oy,12,2026-06-09,observed_seller_data,10.07,1,7.710300520547945,2026-06-08,True
Omavoima Oy,12,2026-06-10,observed_seller_data,10.07,1,7.529601150684932,2026-06-09,True
Omavoima Oy,12,2026-06-11,observed_seller_data,10.07,1,7.565910191780821,2026-06-10,True
Omavoima Oy,12,2026-06-12,observed_seller_data,10.07,1,7.608071315068491,2026-06-11,True
Omavoima Oy,12,2026-06-13,observed_seller_data,10.07,1,7.4029114794520545,2026-06-12,True
Omavoima Oy,12,2026-06-14,observed_seller_data,10.07,1,7.4029114794520545,2026-06-12,True
Omavoima Oy,12,2026-06-15,observed_seller_data,10.07,1,7.4029114794520545,2026-06-12,True
Omavoima Oy,12,2026-06-16,observed_seller_data,10.07,1,7.26479615068493,2026-06-15,True
Omavoima Oy,12,2026-06-17,observed_seller_data,10.07,1,7.301139575342464,2026-06-16,True
Omavoima Oy,12,2026-06-18,observed_seller_data,10.07,1,7.162126835616437,2026-06-17,True
Omavoima Oy,12,2026-06-19,observed_seller_data,10.07,1,7.0250842739726025,2026-06-18,True
Omavoima Oy,12,2026-06-20,observed_seller_data,10.07,1,7.132684191780821,2026-06-19,True
Omavoima Oy,12,2026-06-21,observed_seller_data,10.07,1,7.132684191780821,2026-06-19,True
Omavoima Oy,12,2026-06-22,observed_seller_data,10.07,1,7.132684191780821,2026-06-19,True
Omavoima Oy,12,2026-06-23,observed_seller_data,10.07,1,6.836349465753425,2026-06-22,True
Omavoima Oy,12,2026-06-24,observed_seller_data,10.07,1,6.874353616438356,2026-06-23,True
Omavoima Oy,12,2026-06-25,observed_seller_data,10.07,1,6.835799328767123,2026-06-24,True
Omavoima Oy,12,2026-06-26,observed_seller_data,10.07,1,6.8778641780821905,2026-06-25,True
Omavoima Oy,12,2026-06-27,observed_seller_data,10.07,1,6.942928191780821,2026-06-26,True
Omavoima Oy,12,2026-06-28,observed_seller_data,10.07,1,6.942928191780821,2026-06-26,True
Omavoima Oy,12,2026-06-29,observed_seller_data,10.07,1,6.942928191780821,2026-06-26,True
Omavoima Oy,12,2026-06-30,observed_seller_data,10.07,1,7.11498009589041,2026-06-29,True
Omavoima Oy,12,2026-07-01,observed_seller_data,10.07,1,7.291367767123288,2026-06-30,True
Omavoima Oy,12,2026-07-02,observed_seller_data,10.07,1,7.297343630136985,2026-07-01,True
Omavoima Oy,12,2026-07-03,observed_seller_data,10.07,1,7.396309835616438,2026-07-02,True
Omavoima Oy,12,2026-07-04,observed_seller_data,10.07,1,7.537921972602739,2026-07-03,True
Omavoima Oy,12,2026-07-05,observed_seller_data,10.07,1,7.537921972602739,2026-07-03,True
Omavoima Oy,12,2026-07-06,observed_seller_data,10.07,1,7.537921972602739,2026-07-03,True
Omavoima Oy,12,2026-07-07,observed_seller_data,10.07,1,7.517649424657533,2026-07-06,True
Omavoima Oy,12,2026-07-08,observed_seller_data,10.07,1,7.55255905479452,2026-07-07,True
Omavoima Oy,12,2026-07-09,observed_seller_data,10.07,1,7.663016246575341,2026-07-08,True
Omavoima Oy,12,2026-07-10,observed_seller_data,10.07,1,7.752925821917807,2026-07-09,True
Omavoima Oy,12,2026-07-11,observed_seller_data,10.07,1,7.733756986301369,2026-07-10,True
Omavoima Oy,12,2026-07-12,observed_seller_data,10.07,1,7.733756986301369,2026-07-10,True
Omavoima Oy,12,2026-07-13,observed_seller_data,10.07,1,7.733756986301369,2026-07-10,True
Omavoima Oy,12,2026-07-14,observed_seller_data,10.07,1,7.916333698630135,2026-07-13,True
Omavoima Oy,12,2026-07-15,observed_seller_data,10.07,1,8.05474128767123,2026-07-14,True
Omavoima Oy,12,2026-07-16,observed_seller_data,10.07,1,8.242688712328768,2026-07-15,True
Omavoima Oy,12,2026-07-17,observed_seller_data,10.07,1,8.230231547945204,2026-07-16,True
Omavoima Oy,12,2026-07-18,observed_seller_data,10.07,1,8.411536068493149,2026-07-17,True
Omavoima Oy,12,2026-07-19,observed_seller_data,10.07,1,8.411536068493149,2026-07-17,True
Omavoima Oy,12,2026-07-20,observed_seller_data,10.07,1,8.411536068493149,2026-07-17,True
Omavoima Oy,12,2026-07-21,observed_seller_data,10.07,1,8.444090424657533,2026-07-20,True
Omavoima Oy,12,2026-07-22,observed_seller_data,10.07,1,8.482008616438355,2026-07-21,True
Omavoima Oy,12,2026-07-23,observed_seller_data,10.07,1,8.747336246575342,2026-07-22,True
Omavoima Oy,12,2026-07-24,observed_seller_data,10.07,1,8.776696369863014,2026-07-23,True
Omavoima Oy,12,2026-07-25,observed_seller_data,10.07,1,8.763114863013698,2026-07-24,True
Omavoima Oy,12,2026-07-26,observed_seller_data,10.07,1,8.763114863013698,2026-07-24,True
Omavoima Oy,12,2026-07-27,canonical_calculation,10.07,1,8.763114863013698,2026-07-24,True
Omavoima Oy,12,2026-07-29,canonical_calculation,10.77,1,8.490944904109588,2026-07-28,True
Omavoima Oy,12,2026-07-30,canonical_calculation,10.77,1,8.781259068493151,2026-07-29,True
Omavoima Oy,12,2026-07-31,canonical_calculation,10.77,1,8.746273794520546,2026-07-30,True
Omavoima Oy,12,2026-08-01,canonical_calculation,10.77,1,8.888607986301372,2026-07-31,True
Omavoima Oy,12,2026-08-02,canonical_calculation,10.77,1,8.888607986301372,2026-07-31,True
Omavoima Oy,12,2026-08-03,canonical_calculation,10.77,1,8.888607986301372,2026-07-31,True
Omavoima Oy,12,2026-08-04,canonical_calculation,10.77,1,8.728779438356165,2026-08-03,True
Omavoima Oy,12,2026-08-05,canonical_calculation,10.77,1,8.838225753424656,2026-08-04,True
Omavoima Oy,12,2026-08-06,canonical_calculation,10.77,1,8.654765383561644,2026-08-05,True
Omavoima Oy,12,2026-08-07,canonical_calculation,10.97,1,8.644147739726026,2026-08-06,True
Omavoima Oy,12,2026-08-08,canonical_calculation,10.97,1,8.630679698630136,2026-08-07,True
Omavoima Oy,12,2026-08-09,canonical_calculation,10.97,1,8.630679698630136,2026-08-07,True
Omavoima Oy,12,2026-08-10,canonical_calculation,10.97,1,8.630679698630136,2026-08-07,True
Omavoima Oy,12,2026-08-11,canonical_calculation,10.97,1,8.748859438356163,2026-08-10,True
Omavoima Oy,12,2026-08-12,canonical_calculation,10.97,1,8.705082287671232,2026-08-11,True
Omavoima Oy,12,2026-08-13,canonical_calculation,10.97,1,8.724316452054794,2026-08-12,True
Omavoima Oy,12,2026-08-14,canonical_calculation,10.97,1,8.579424123287671,2026-08-13,True
Omavoima Oy,12,2026-08-15,canonical_calculation,10.97,1,8.519703315068492,2026-08-14,True
Omavoima Oy,12,2026-08-16,canonical_calculation,10.97,1,8.519703315068492,2026-08-14,True
Omavoima Oy,12,2026-08-17,canonical_calculation,10.97,1,8.519703315068492,2026-08-14,True
Omavoima Oy,12,2026-08-18,canonical_calculation,10.97,1,8.72096405479452,2026-08-17,True
Omavoima Oy,12,2026-08-19,canonical_calculation,10.97,1,8.774798397260271,2026-08-18,True
Omavoima Oy,12,2026-08-20,canonical_calculation,10.97,1,8.702345356164384,2026-08-19,True
Omavoima Oy,12,2026-08-21,canonical_calculation,10.97,1,8.65210409589041,2026-08-20,True
Omavoima Oy,12,2026-08-22,canonical_calculation,10.97,1,8.782668794520548,2026-08-21,True
Omavoima Oy,12,2026-08-23,canonical_calculation,10.97,1,8.782668794520548,2026-08-21,True
Omavoima Oy,12,2026-08-24,canonical_calculation,10.97,1,8.782668794520548,2026-08-21,True
Omavoima Oy,12,2026-08-25,canonical_calculation,10.97,1,8.70024108219178,2026-08-24,True
Omavoima Oy,12,2026-08-26,canonical_calculation,10.97,1,8.494331684931506,2026-08-25,True
Omavoima Oy,12,2026-08-27,canonical_calculation,10.97,1,8.25278716438356,2026-08-26,True
Omavoima Oy,12,2026-08-28,canonical_calculation,10.97,1,8.430127260273972,2026-08-27,True
Omavoima Oy,12,2026-08-29,canonical_calculation,10.97,1,8.376550794520547,2026-08-28,True
Omavoima Oy,12,2026-08-30,canonical_calculation,10.97,1,8.376550794520547,2026-08-28,True
Omavoima Oy,12,2026-08-31,canonical_calculation,10.97,1,8.376550794520547,2026-08-28,True
Omavoima Oy,12,2026-09-01,canonical_calculation,10.97,1,8.194654876712328,2026-08-31,True
Omavoima Oy,12,2026-09-02,canonical_calculation,10.97,1,8.232160465753424,2026-09-01,True
Omavoima Oy,12,2026-09-03,canonical_calculation,10.97,1,8.529712369863013,2026-09-02,True
Omavoima Oy,12,2026-09-04,canonical_calculation,11.27,1,8.541691602739725,2026-09-03,True
Omavoima Oy,12,2026-09-05,canonical_calculation,11.27,1,8.551384328767123,2026-09-04,True
Omavoima Oy,12,2026-09-06,canonical_calculation,11.27,1,8.551384328767123,2026-09-04,True
Omavoima Oy,12,2026-09-07,canonical_calculation,11.27,1,8.551384328767123,2026-09-04,True
Omavoima Oy,12,2026-09-08,canonical_calculation,11.27,1,8.858608328767124,2026-09-07,True
Omavoima Oy,12,2026-09-09,canonical_calculation,11.27,1,9.059559616438355,2026-09-08,True
Omavoima Oy,12,2026-09-10,canonical_calculation,11.27,1,9.442544356164383,2026-09-09,True
Omavoima Oy,12,2026-09-11,canonical_calculation,11.27,1,9.592642356164383,2026-09-10,True
Omavoima Oy,12,2026-09-12,canonical_calculation,11.27,1,9.381571986301369,2026-09-11,True
Omavoima Oy,12,2026-09-13,canonical_calculation,11.27,1,9.381571986301369,2026-09-11,True
Omavoima Oy,24,2026-04-08,observed_seller_data,8.48,1,,,False
Omavoima Oy,24,2026-04-09,observed_seller_data,8.48,1,6.314420047879617,2026-04-08,True
Omavoima Oy,24,2026-04-10,observed_seller_data,8.48,1,6.2962903625171,2026-04-09,True
Omavoima Oy,24,2026-04-11,observed_seller_data,8.48,1,6.228571867305061,2026-04-10,True
Omavoima Oy,24,2026-04-12,observed_seller_data,8.48,1,6.228571867305061,2026-04-10,True
Omavoima Oy,24,2026-04-13,observed_seller_data,8.48,1,6.228571867305061,2026-04-10,True
Omavoima Oy,24,2026-04-14,observed_seller_data,8.58,1,6.23801269493844,2026-04-13,True
Omavoima Oy,24,2026-04-15,observed_seller_data,8.58,1,6.177379541723666,2026-04-14,True
Omavoima Oy,24,2026-04-16,observed_seller_data,8.58,1,6.144708337893295,2026-04-15,True
Omavoima Oy,24,2026-04-17,observed_seller_data,8.58,1,6.150796203830369,2026-04-16,True
Omavoima Oy,24,2026-04-18,observed_seller_data,8.58,1,6.103619534883721,2026-04-17,True
Omavoima Oy,24,2026-04-19,observed_seller_data,8.58,1,6.103619534883721,2026-04-17,True
Omavoima Oy,24,2026-04-20,observed_seller_data,8.58,1,6.103619534883721,2026-04-17,True
Omavoima Oy,24,2026-04-21,observed_seller_data,8.58,1,6.087503686730505,2026-04-20,True
Omavoima Oy,24,2026-04-22,observed_seller_data,8.58,1,6.154380937072504,2026-04-21,True
Omavoima Oy,24,2026-04-23,observed_seller_data,8.58,1,6.177219876880984,2026-04-22,True
Omavoima Oy,24,2026-04-24,observed_seller_data,8.58,1,6.256475444596442,2026-04-23,True
Omavoima Oy,24,2026-04-25,observed_seller_data,8.58,1,6.191047195622435,2026-04-24,True
Omavoima Oy,24,2026-04-26,observed_seller_data,8.58,1,6.191047195622435,2026-04-24,True
Omavoima Oy,24,2026-04-27,observed_seller_data,8.58,1,6.191047195622435,2026-04-24,True
Omavoima Oy,24,2026-04-28,observed_seller_data,8.58,1,6.134817701778386,2026-04-27,True
Omavoima Oy,24,2026-04-29,observed_seller_data,8.58,1,6.171774103967169,2026-04-28,True
Omavoima Oy,24,2026-04-30,observed_seller_data,8.58,1,6.239817079343364,2026-04-29,True
Omavoima Oy,24,2026-05-01,observed_seller_data,8.58,1,6.355381805745553,2026-04-30,True
Omavoima Oy,24,2026-05-02,observed_seller_data,8.58,1,6.355381805745553,2026-04-30,True
Omavoima Oy,24,2026-05-03,observed_seller_data,8.58,1,6.355381805745553,2026-04-30,True
Omavoima Oy,24,2026-05-04,observed_seller_data,8.58,1,6.355381805745553,2026-04-30,True
Omavoima Oy,24,2026-05-05,observed_seller_data,8.58,1,6.476608625170997,2026-05-04,True
Omavoima Oy,24,2026-05-06,observed_seller_data,8.58,1,6.494082482900137,2026-05-05,True
Omavoima Oy,24,2026-05-07,observed_seller_data,8.58,1,6.3717053898768805,2026-05-06,True
Omavoima Oy,24,2026-05-08,observed_seller_data,8.58,1,6.408783686730506,2026-05-07,True
Omavoima Oy,24,2026-05-09,observed_seller_data,8.58,1,6.537145636114911,2026-05-08,True
Omavoima Oy,24,2026-05-10,observed_seller_data,8.58,1,6.537145636114911,2026-05-08,True
Omavoima Oy,24,2026-05-11,observed_seller_data,8.58,1,6.537145636114911,2026-05-08,True
Omavoima Oy,24,2026-05-12,observed_seller_data,8.58,1,6.665234610123119,2026-05-11,True
Omavoima Oy,24,2026-05-13,observed_seller_data,8.58,1,6.70606760601915,2026-05-12,True
Omavoima Oy,24,2026-05-14,observed_seller_data,8.58,1,6.721105287277702,2026-05-13,True
Omavoima Oy,24,2026-05-15,observed_seller_data,8.58,1,6.717319685362518,2026-05-14,True
Omavoima Oy,24,2026-05-16,observed_seller_data,8.58,1,6.7470001778385775,2026-05-15,True
Omavoima Oy,24,2026-05-17,observed_seller_data,8.58,1,6.7470001778385775,2026-05-15,True
Omavoima Oy,24,2026-05-18,observed_seller_data,8.58,1,6.7470001778385775,2026-05-15,True
Omavoima Oy,24,2026-05-19,observed_seller_data,8.58,1,6.650742879616962,2026-05-18,True
Omavoima Oy,24,2026-05-20,observed_seller_data,8.58,1,6.6187309370725025,2026-05-19,True
Omavoima Oy,24,2026-05-21,observed_seller_data,8.58,1,6.6317977017783845,2026-05-20,True
Omavoima Oy,24,2026-05-22,observed_seller_data,8.58,1,6.702566997264021,2026-05-21,True
Omavoima Oy,24,2026-05-23,observed_seller_data,8.58,1,6.6722512790697674,2026-05-22,True
Omavoima Oy,24,2026-05-24,observed_seller_data,8.58,1,6.6722512790697674,2026-05-22,True
Omavoima Oy,24,2026-05-25,observed_seller_data,8.58,1,6.6722512790697674,2026-05-22,True
Omavoima Oy,24,2026-05-26,observed_seller_data,8.98,1,6.515872441860465,2026-05-25,True
Omavoima Oy,24,2026-05-27,observed_seller_data,8.98,1,6.584854521203829,2026-05-26,True
Omavoima Oy,24,2026-05-28,observed_seller_data,8.98,1,6.484572982216141,2026-05-27,True
Omavoima Oy,24,2026-05-29,observed_seller_data,8.98,1,6.595828474692201,2026-05-28,True
Omavoima Oy,24,2026-05-30,observed_seller_data,8.98,1,6.705398043775649,2026-05-29,True
Omavoima Oy,24,2026-05-31,observed_seller_data,8.98,1,6.705398043775649,2026-05-29,True
Omavoima Oy,24,2026-06-01,observed_seller_data,8.98,1,6.692830875512995,2026-05-29,True
Omavoima Oy,24,2026-06-02,observed_seller_data,8.98,1,6.863023296853624,2026-06-01,True
Omavoima Oy,24,2026-06-03,observed_seller_data,8.98,1,6.804407414500683,2026-06-02,True
Omavoima Oy,24,2026-06-04,observed_seller_data,8.98,1,6.924890848153214,2026-06-03,True
Omavoima Oy,24,2026-06-05,observed_seller_data,8.98,1,6.841681429548563,2026-06-04,True
Omavoima Oy,24,2026-06-06,observed_seller_data,8.98,1,6.780177845417237,2026-06-05,True
Omavoima Oy,24,2026-06-07,observed_seller_data,8.98,1,6.780177845417237,2026-06-05,True
Omavoima Oy,24,2026-06-08,observed_seller_data,8.98,1,6.780177845417237,2026-06-05,True
Omavoima Oy,24,2026-06-09,observed_seller_data,8.98,1,6.7652792270861815,2026-06-08,True
Omavoima Oy,24,2026-06-10,observed_seller_data,8.98,1,6.654351648426812,2026-06-09,True
Omavoima Oy,24,2026-06-11,observed_seller_data,8.98,1,6.690471956224349,2026-06-10,True
Omavoima Oy,24,2026-06-12,observed_seller_data,8.98,1,6.73640049247606,2026-06-11,True
Omavoima Oy,24,2026-06-13,observed_seller_data,8.98,1,6.603004808481531,2026-06-12,True
Omavoima Oy,24,2026-06-14,observed_seller_data,8.98,1,6.603004808481531,2026-06-12,True
Omavoima Oy,24,2026-06-15,observed_seller_data,8.98,1,6.603004808481531,2026-06-12,True
Omavoima Oy,24,2026-06-16,observed_seller_data,8.98,1,6.537957694938441,2026-06-15,True
Omavoima Oy,24,2026-06-17,observed_seller_data,8.98,1,6.571571436388509,2026-06-16,True
Omavoima Oy,24,2026-06-18,observed_seller_data,8.98,1,6.488619541723665,2026-06-17,True
Omavoima Oy,24,2026-06-19,observed_seller_data,8.98,1,6.392096135430917,2026-06-18,True
Omavoima Oy,24,2026-06-20,observed_seller_data,8.98,1,6.448359965800273,2026-06-19,True
Omavoima Oy,24,2026-06-21,observed_seller_data,8.98,1,6.448359965800273,2026-06-19,True
Omavoima Oy,24,2026-06-22,observed_seller_data,8.98,1,6.448359965800273,2026-06-19,True
Omavoima Oy,24,2026-06-23,observed_seller_data,8.98,1,6.2601099658002735,2026-06-22,True
Omavoima Oy,24,2026-06-24,observed_seller_data,8.98,1,6.329272311901504,2026-06-23,True
Omavoima Oy,24,2026-06-25,observed_seller_data,8.98,1,6.319347339261285,2026-06-24,True
Omavoima Oy,24,2026-06-26,observed_seller_data,8.98,1,6.360398372093023,2026-06-25,True
Omavoima Oy,24,2026-06-27,observed_seller_data,8.98,1,6.398996060191518,2026-06-26,True
Omavoima Oy,24,2026-06-28,observed_seller_data,8.98,1,6.398996060191518,2026-06-26,True
Omavoima Oy,24,2026-06-29,observed_seller_data,8.98,1,6.398996060191518,2026-06-26,True
Omavoima Oy,24,2026-06-30,observed_seller_data,8.98,1,6.356499459644321,2026-06-29,True
Omavoima Oy,24,2026-07-01,observed_seller_data,8.98,1,6.578045588235293,2026-06-30,True
Omavoima Oy,24,2026-07-02,observed_seller_data,8.98,1,6.6284910943912445,2026-07-01,True
Omavoima Oy,24,2026-07-03,observed_seller_data,8.98,1,6.720432291381669,2026-07-02,True
Omavoima Oy,24,2026-07-04,observed_seller_data,8.98,1,6.790317421340628,2026-07-03,True
Omavoima Oy,24,2026-07-05,observed_seller_data,8.98,1,6.790317421340628,2026-07-03,True
Omavoima Oy,24,2026-07-06,observed_seller_data,8.98,1,6.790317421340628,2026-07-03,True
Omavoima Oy,24,2026-07-07,observed_seller_data,8.98,1,6.748586525307798,2026-07-06,True
Omavoima Oy,24,2026-07-08,observed_seller_data,8.98,1,6.768290540355675,2026-07-07,True
Omavoima Oy,24,2026-07-09,observed_seller_data,8.98,1,6.846610437756497,2026-07-08,True
Omavoima Oy,24,2026-07-10,observed_seller_data,8.98,1,6.866929076607387,2026-07-09,True
Omavoima Oy,24,2026-07-11,observed_seller_data,8.98,1,6.839267571819425,2026-07-10,True
Omavoima Oy,24,2026-07-12,observed_seller_data,8.98,1,6.839267571819425,2026-07-10,True
Omavoima Oy,24,2026-07-13,observed_seller_data,8.98,1,6.839267571819425,2026-07-10,True
Omavoima Oy,24,2026-07-14,observed_seller_data,8.98,1,6.9581303214774275,2026-07-13,True
Omavoima Oy,24,2026-07-15,observed_seller_data,8.98,1,7.056428926128589,2026-07-14,True
Omavoima Oy,24,2026-07-16,observed_seller_data,8.98,1,7.151063823529411,2026-07-15,True
Omavoima Oy,24,2026-07-17,observed_seller_data,8.98,1,7.151930820793433,2026-07-16,True
Omavoima Oy,24,2026-07-18,observed_seller_data,8.98,1,7.250301532147743,2026-07-17,True
Omavoima Oy,24,2026-07-19,observed_seller_data,8.98,1,7.250301532147743,2026-07-17,True
Omavoima Oy,24,2026-07-20,observed_seller_data,8.98,1,7.250301532147743,2026-07-17,True
Omavoima Oy,24,2026-07-21,observed_seller_data,8.98,1,7.25315146374829,2026-07-20,True
Omavoima Oy,24,2026-07-22,observed_seller_data,8.98,1,7.284062920656635,2026-07-21,True
Omavoima Oy,24,2026-07-23,observed_seller_data,8.98,1,7.422411648426812,2026-07-22,True
Omavoima Oy,24,2026-07-24,observed_seller_data,8.98,1,7.446412879616962,2026-07-23,True
Omavoima Oy,24,2026-07-25,observed_seller_data,8.98,1,7.456499233926127,2026-07-24,True
Omavoima Oy,24,2026-07-26,observed_seller_data,8.98,1,7.456499233926127,2026-07-24,True
Omavoima Oy,24,2026-07-27,canonical_calculation,8.98,1,7.456499233926127,2026-07-24,True
Omavoima Oy,24,2026-07-29,canonical_calculation,9.68,1,7.273444350205198,2026-07-28,True
Omavoima Oy,24,2026-07-30,canonical_calculation,9.68,1,7.420560909712721,2026-07-29,True
Omavoima Oy,24,2026-07-31,canonical_calculation,9.68,1,7.412508994528044,2026-07-30,True
Omavoima Oy,24,2026-08-01,canonical_calculation,9.68,1,7.608965424076606,2026-07-31,True
Omavoima Oy,24,2026-08-02,canonical_calculation,9.68,1,7.608965424076606,2026-07-31,True
Omavoima Oy,24,2026-08-03,canonical_calculation,9.68,1,7.608965424076606,2026-07-31,True
Omavoima Oy,24,2026-08-04,canonical_calculation,9.68,1,7.529972530779754,2026-08-03,True
Omavoima Oy,24,2026-08-05,canonical_calculation,9.68,1,7.585975403556771,2026-08-04,True
Omavoima Oy,24,2026-08-06,canonical_calculation,9.68,1,7.4775578248974,2026-08-05,True
Omavoima Oy,24,2026-08-07,canonical_calculation,9.68,1,7.496314151846784,2026-08-06,True
Omavoima Oy,24,2026-08-08,canonical_calculation,9.68,1,7.491129336525306,2026-08-07,True
Omavoima Oy,24,2026-08-09,canonical_calculation,9.68,1,7.491129336525306,2026-08-07,True
Omavoima Oy,24,2026-08-10,canonical_calculation,9.68,1,7.491129336525306,2026-08-07,True
Omavoima Oy,24,2026-08-11,canonical_calculation,9.68,1,7.565430143638851,2026-08-10,True
Omavoima Oy,24,2026-08-12,canonical_calculation,9.68,1,7.543820451436388,2026-08-11,True
Omavoima Oy,24,2026-08-13,canonical_calculation,9.68,1,7.565919439124487,2026-08-12,True
Omavoima Oy,24,2026-08-14,canonical_calculation,9.68,1,7.4593920861833105,2026-08-13,True
Omavoima Oy,24,2026-08-15,canonical_calculation,9.68,1,7.408258132694938,2026-08-14,True
Omavoima Oy,24,2026-08-16,canonical_calculation,9.68,1,7.408258132694938,2026-08-14,True
Omavoima Oy,24,2026-08-17,canonical_calculation,9.68,1,7.408258132694938,2026-08-14,True
Omavoima Oy,24,2026-08-18,canonical_calculation,9.68,1,7.543262482900136,2026-08-17,True
Omavoima Oy,24,2026-08-19,canonical_calculation,9.68,1,7.569327339261285,2026-08-18,True
Omavoima Oy,24,2026-08-20,canonical_calculation,9.68,1,7.525651279069766,2026-08-19,True
Omavoima Oy,24,2026-08-21,canonical_calculation,9.68,1,7.518734186046511,2026-08-20,True
Omavoima Oy,24,2026-08-22,canonical_calculation,9.68,1,7.600690321477427,2026-08-21,True
Omavoima Oy,24,2026-08-23,canonical_calculation,9.68,1,7.600690321477427,2026-08-21,True
Omavoima Oy,24,2026-08-24,canonical_calculation,9.68,1,7.600690321477427,2026-08-21,True
Omavoima Oy,24,2026-08-25,canonical_calculation,9.68,1,7.572352387140903,2026-08-24,True
Omavoima Oy,24,2026-08-26,canonical_calculation,9.68,1,7.385951409028726,2026-08-25,True
Omavoima Oy,24,2026-08-27,canonical_calculation,9.68,1,7.248811326949384,2026-08-26,True
Omavoima Oy,24,2026-08-28,canonical_calculation,9.68,1,7.380433529411764,2026-08-27,True
Omavoima Oy,24,2026-08-29,canonical_calculation,9.68,1,7.362903016415868,2026-08-28,True
Omavoima Oy,24,2026-08-30,canonical_calculation,9.68,1,7.362903016415868,2026-08-28,True
Omavoima Oy,24,2026-08-31,canonical_calculation,9.68,1,7.362903016415868,2026-08-28,True
Omavoima Oy,24,2026-09-01,canonical_calculation,9.68,1,7.3933217441860455,2026-08-31,True
Omavoima Oy,24,2026-09-02,canonical_calculation,9.68,1,7.452802906976744,2026-09-01,True
Omavoima Oy,24,2026-09-03,canonical_calculation,9.68,1,7.658533632010943,2026-09-02,True
Omavoima Oy,24,2026-09-04,canonical_calculation,9.88,1,7.687525677154583,2026-09-03,True
Omavoima Oy,24,2026-09-05,canonical_calculation,9.88,1,7.69683602599179,2026-09-04,True
Omavoima Oy,24,2026-09-06,canonical_calculation,9.88,1,7.69683602599179,2026-09-04,True
Omavoima Oy,24,2026-09-07,canonical_calculation,9.88,1,7.69683602599179,2026-09-04,True
Omavoima Oy,24,2026-09-08,canonical_calculation,9.88,1,7.916026668946647,2026-09-07,True
Omavoima Oy,24,2026-09-09,canonical_calculation,9.88,1,8.065436908344731,2026-09-08,True
Omavoima Oy,24,2026-09-10,canonical_calculation,9.88,1,8.37942211354309,2026-09-09,True
Omavoima Oy,24,2026-09-11,canonical_calculation,9.88,1,8.510666614227084,2026-09-10,True
Omavoima Oy,24,2026-09-12,canonical_calculation,9.88,1,8.336777865937071,2026-09-11,True
Omavoima Oy,24,2026-09-13,canonical_calculation,9.88,1,8.336777865937071,2026-09-11,True
Oomi Oy,6,2026-04-17,observed_seller_data,7.09,1,5.434354619565217,2026-04-16,True
Oomi Oy,6,2026-04-18,observed_seller_data,7.09,1,5.393219266304348,2026-04-17,True
Oomi Oy,6,2026-04-19,observed_seller_data,7.09,1,5.393219266304348,2026-04-17,True
Oomi Oy,6,2026-04-20,observed_seller_data,7.09,1,5.393219266304348,2026-04-17,True
Oomi Oy,6,2026-04-21,observed_seller_data,7.09,1,5.466534456521739,2026-04-20,True
Oomi Oy,6,2026-04-22,observed_seller_data,7.09,1,5.530171141304348,2026-04-21,True
Oomi Oy,6,2026-04-23,observed_seller_data,7.09,1,5.561593885869565,2026-04-22,True
Oomi Oy,6,2026-04-24,observed_seller_data,7.09,1,5.632699184782608,2026-04-23,True
Oomi Oy,6,2026-04-25,observed_seller_data,7.09,1,5.489342717391304,2026-04-24,True
Oomi Oy,6,2026-04-26,observed_seller_data,7.09,1,5.489342717391304,2026-04-24,True
Oomi Oy,6,2026-04-27,observed_seller_data,7.09,1,5.489342717391304,2026-04-24,True
Oomi Oy,6,2026-04-28,observed_seller_data,7.09,1,5.378875434782609,2026-04-27,True
Oomi Oy,6,2026-04-29,observed_seller_data,7.09,1,5.458874864130435,2026-04-28,True
Oomi Oy,6,2026-04-30,observed_seller_data,7.09,1,5.601869836956521,2026-04-29,True
Oomi Oy,6,2026-05-01,observed_seller_data,7.09,1,6.441215491803279,2026-04-30,True
Oomi Oy,6,2026-05-02,observed_seller_data,7.09,1,6.441215491803279,2026-04-30,True
Oomi Oy,6,2026-05-03,observed_seller_data,7.09,1,6.441215491803279,2026-04-30,True
Oomi Oy,6,2026-05-04,observed_seller_data,7.09,1,6.441215491803279,2026-04-30,True
Oomi Oy,6,2026-05-05,observed_seller_data,7.59,1,6.770018633879781,2026-05-04,True
Oomi Oy,6,2026-05-06,observed_seller_data,7.59,1,6.7423194808743165,2026-05-05,True
Oomi Oy,6,2026-05-07,observed_seller_data,7.59,1,6.660545601092896,2026-05-06,True
Oomi Oy,6,2026-05-08,observed_seller_data,7.99,1,6.847012540983606,2026-05-07,True
Oomi Oy,6,2026-05-09,observed_seller_data,7.99,1,7.107675355191256,2026-05-08,True
Oomi Oy,6,2026-05-10,observed_seller_data,7.99,1,7.107675355191256,2026-05-08,True
Oomi Oy,6,2026-05-11,observed_seller_data,7.99,1,7.107675355191256,2026-05-08,True
Oomi Oy,6,2026-05-12,observed_seller_data,7.99,1,7.366465956284151,2026-05-11,True
Oomi Oy,6,2026-05-13,observed_seller_data,7.99,1,7.396359644808744,2026-05-12,True
Oomi Oy,6,2026-05-14,observed_seller_data,7.99,1,7.428221557377048,2026-05-13,True
Oomi Oy,6,2026-05-15,observed_seller_data,8.49,1,7.398444453551912,2026-05-14,True
Oomi Oy,6,2026-05-16,observed_seller_data,8.49,1,7.479093633879781,2026-05-15,True
Oomi Oy,6,2026-05-17,observed_seller_data,8.49,1,7.479093633879781,2026-05-15,True
Oomi Oy,6,2026-05-18,observed_seller_data,8.49,1,7.479093633879781,2026-05-15,True
Oomi Oy,6,2026-05-19,observed_seller_data,8.49,1,7.228169071038252,2026-05-18,True
Oomi Oy,6,2026-05-20,observed_seller_data,8.49,1,7.127330163934426,2026-05-19,True
Oomi Oy,6,2026-05-21,observed_seller_data,8.49,1,7.172736475409835,2026-05-20,True
Oomi Oy,6,2026-05-22,observed_seller_data,8.99,1,7.28672887978142,2026-05-21,True
Oomi Oy,6,2026-05-23,observed_seller_data,8.99,1,7.243229071038251,2026-05-22,True
Oomi Oy,6,2026-05-24,observed_seller_data,8.99,1,7.243229071038251,2026-05-22,True
Oomi Oy,6,2026-05-25,observed_seller_data,8.99,1,7.243229071038251,2026-05-22,True
Oomi Oy,6,2026-05-26,observed_seller_data,8.99,1,6.942173087431693,2026-05-25,True
Oomi Oy,6,2026-05-27,observed_seller_data,8.99,1,7.076855846994536,2026-05-26,True
Oomi Oy,6,2026-05-28,observed_seller_data,8.99,1,6.931831338797814,2026-05-27,True
Oomi Oy,6,2026-05-29,observed_seller_data,8.79,1,7.196656912568304,2026-05-28,True
Oomi Oy,6,2026-05-30,observed_seller_data,8.79,1,7.456805382513661,2026-05-29,True
Oomi Oy,6,2026-05-31,observed_seller_data,8.79,1,7.456805382513661,2026-05-29,True
Oomi Oy,6,2026-06-01,observed_seller_data,8.79,1,8.027859864130434,2026-05-29,True
Oomi Oy,6,2026-06-02,observed_seller_data,8.79,1,8.316530326086957,2026-06-01,True
Oomi Oy,6,2026-06-03,observed_seller_data,8.79,1,8.12564073369565,2026-06-02,True
Oomi Oy,6,2026-06-04,observed_seller_data,8.79,1,8.344590489130434,2026-06-03,True
Oomi Oy,6,2026-06-05,observed_seller_data,9.79,1,8.148851413043477,2026-06-04,True
Oomi Oy,6,2026-06-06,observed_seller_data,9.79,1,8.002125543478261,2026-06-05,True
Oomi Oy,6,2026-06-07,observed_seller_data,9.79,1,8.002125543478261,2026-06-05,True
Oomi Oy,6,2026-06-08,observed_seller_data,9.79,1,8.002125543478261,2026-06-05,True
Oomi Oy,6,2026-06-09,observed_seller_data,9.79,1,8.021243831521739,2026-06-08,True
Oomi Oy,6,2026-06-10,observed_seller_data,9.79,1,7.776116413043478,2026-06-09,True
Oomi Oy,6,2026-06-11,observed_seller_data,9.79,1,7.787288641304348,2026-06-10,True
Oomi Oy,6,2026-06-12,observed_seller_data,9.79,1,7.798379021739129,2026-06-11,True
Oomi Oy,6,2026-06-13,observed_seller_data,9.79,1,7.557739592391304,2026-06-12,True
Oomi Oy,6,2026-06-14,observed_seller_data,9.79,1,7.557739592391304,2026-06-12,True
Oomi Oy,6,2026-06-15,observed_seller_data,11.59,1,7.557739592391304,2026-06-12,True
Oomi Oy,6,2026-06-16,observed_seller_data,11.59,1,7.4405744293478255,2026-06-15,True
Oomi Oy,6,2026-06-17,observed_seller_data,11.59,1,7.485686222826087,2026-06-16,True
Oomi Oy,6,2026-06-18,observed_seller_data,11.59,1,7.333497010869565,2026-06-17,True
Oomi Oy,6,2026-06-19,observed_seller_data,11.59,1,7.184213396739131,2026-06-18,True
Oomi Oy,6,2026-06-20,observed_seller_data,11.59,1,7.332889972826087,2026-06-19,True
Oomi Oy,6,2026-06-21,observed_seller_data,11.59,1,7.332889972826087,2026-06-19,True
Oomi Oy,6,2026-06-22,observed_seller_data,11.59,1,7.332889972826087,2026-06-19,True
Oomi Oy,6,2026-06-23,observed_seller_data,11.59,1,6.920779347826087,2026-06-22,True
Oomi Oy,6,2026-06-24,observed_seller_data,11.59,1,6.979552907608695,2026-06-23,True
Oomi Oy,6,2026-06-25,observed_seller_data,11.59,1,6.916189048913043,2026-06-24,True
Oomi Oy,6,2026-06-26,observed_seller_data,10.99,1,6.9198994836956516,2026-06-25,True
Oomi Oy,6,2026-06-27,observed_seller_data,10.99,1,7.021247554347825,2026-06-26,True
Oomi Oy,6,2026-06-28,observed_seller_data,10.99,1,7.021247554347825,2026-06-26,True
Oomi Oy,6,2026-06-29,observed_seller_data,10.99,1,7.021247554347825,2026-06-26,True
Oomi Oy,6,2026-06-30,observed_seller_data,10.99,1,7.20875410326087,2026-06-29,True
Oomi Oy,6,2026-07-01,observed_seller_data,10.99,1,8.389504483695651,2026-06-30,True
Oomi Oy,6,2026-07-02,observed_seller_data,10.99,1,8.399762744565216,2026-07-01,True
Oomi Oy,12,2026-04-08,observed_seller_data,9.59,1,,,False
Oomi Oy,12,2026-04-09,observed_seller_data,9.59,1,7.008009397260273,2026-04-08,True
Oomi Oy,12,2026-04-10,observed_seller_data,9.59,1,7.001851301369863,2026-04-09,True
Oomi Oy,12,2026-04-11,observed_seller_data,9.59,1,6.91596116438356,2026-04-10,True
Oomi Oy,12,2026-04-12,observed_seller_data,9.59,1,6.91596116438356,2026-04-10,True
Oomi Oy,12,2026-04-13,observed_seller_data,9.59,1,6.91596116438356,2026-04-10,True
Oomi Oy,12,2026-04-14,observed_seller_data,9.59,1,6.929934643835616,2026-04-13,True
Oomi Oy,12,2026-04-15,observed_seller_data,9.59,1,6.809994465753424,2026-04-14,True
Oomi Oy,12,2026-04-16,observed_seller_data,9.59,1,6.761455191780822,2026-04-15,True
Oomi Oy,12,2026-04-17,observed_seller_data,9.39,1,6.797176273972602,2026-04-16,True
Oomi Oy,12,2026-04-18,observed_seller_data,9.39,1,6.730929465753426,2026-04-17,True
Oomi Oy,12,2026-04-19,observed_seller_data,9.39,1,6.730929465753426,2026-04-17,True
Oomi Oy,12,2026-04-20,observed_seller_data,9.39,1,6.730929465753426,2026-04-17,True
Oomi Oy,12,2026-04-21,observed_seller_data,9.39,1,6.749090863013699,2026-04-20,True
Oomi Oy,12,2026-04-22,observed_seller_data,9.39,1,6.839808452054794,2026-04-21,True
Oomi Oy,12,2026-04-23,observed_seller_data,9.39,1,6.872737589041094,2026-04-22,True
Oomi Oy,12,2026-04-24,observed_seller_data,9.39,1,6.963417356164384,2026-04-23,True
Oomi Oy,12,2026-04-25,observed_seller_data,9.39,1,6.8711112465753414,2026-04-24,True
Oomi Oy,12,2026-04-26,observed_seller_data,9.39,1,6.8711112465753414,2026-04-24,True
Oomi Oy,12,2026-04-27,observed_seller_data,9.39,1,6.8711112465753414,2026-04-24,True
Oomi Oy,12,2026-04-28,observed_seller_data,9.39,1,6.778488808219178,2026-04-27,True
Oomi Oy,12,2026-04-29,observed_seller_data,9.39,1,6.82226595890411,2026-04-28,True
Oomi Oy,12,2026-04-30,observed_seller_data,9.39,1,6.91197610958904,2026-04-29,True
Oomi Oy,12,2026-05-01,observed_seller_data,9.39,1,6.984508232876711,2026-04-30,True
Oomi Oy,12,2026-05-02,observed_seller_data,9.39,1,6.984508232876711,2026-04-30,True
Oomi Oy,12,2026-05-03,observed_seller_data,9.39,1,6.984508232876711,2026-04-30,True
Oomi Oy,12,2026-05-04,observed_seller_data,9.39,1,6.984508232876711,2026-04-30,True
Oomi Oy,12,2026-05-05,observed_seller_data,9.69,1,7.199113232876712,2026-05-04,True
Oomi Oy,12,2026-05-06,observed_seller_data,9.69,1,7.225643589041095,2026-05-05,True
Oomi Oy,12,2026-05-07,observed_seller_data,9.69,1,7.098238739726027,2026-05-06,True
Oomi Oy,12,2026-05-08,observed_seller_data,9.99,1,7.211415671232878,2026-05-07,True
Oomi Oy,12,2026-05-09,observed_seller_data,9.99,1,7.42950716438356,2026-05-08,True
Oomi Oy,12,2026-05-10,observed_seller_data,9.99,1,7.42950716438356,2026-05-08,True
Oomi Oy,12,2026-05-11,observed_seller_data,9.99,1,7.42950716438356,2026-05-08,True
Oomi Oy,12,2026-05-12,observed_seller_data,9.99,1,7.627480835616438,2026-05-11,True
Oomi Oy,12,2026-05-13,observed_seller_data,9.99,1,7.662703356164383,2026-05-12,True
Oomi Oy,12,2026-05-14,observed_seller_data,9.99,1,7.6846194383561635,2026-05-13,True
Oomi Oy,12,2026-05-15,observed_seller_data,10.19,1,7.672966849315067,2026-05-14,True
Oomi Oy,12,2026-05-16,observed_seller_data,10.19,1,7.7297306712328755,2026-05-15,True
Oomi Oy,12,2026-05-17,observed_seller_data,10.19,1,7.7297306712328755,2026-05-15,True
Oomi Oy,12,2026-05-18,observed_seller_data,10.19,1,7.7297306712328755,2026-05-15,True
Oomi Oy,12,2026-05-19,observed_seller_data,10.19,1,7.584962123287671,2026-05-18,True
Oomi Oy,12,2026-05-20,observed_seller_data,10.19,1,7.514379547945205,2026-05-19,True
Oomi Oy,12,2026-05-21,observed_seller_data,10.19,1,7.557534356164381,2026-05-20,True
Oomi Oy,12,2026-05-22,observed_seller_data,9.99,1,7.675029863013698,2026-05-21,True
Oomi Oy,12,2026-05-23,observed_seller_data,9.99,1,7.630430945205479,2026-05-22,True
Oomi Oy,12,2026-05-24,observed_seller_data,9.99,1,7.630430945205479,2026-05-22,True
Oomi Oy,12,2026-05-25,observed_seller_data,9.99,1,7.630430945205479,2026-05-22,True
Oomi Oy,12,2026-05-26,observed_seller_data,9.99,1,7.405325205479452,2026-05-25,True
Oomi Oy,12,2026-05-27,observed_seller_data,9.99,1,7.498484027397259,2026-05-26,True
Oomi Oy,12,2026-05-28,observed_seller_data,9.99,1,7.3629646575342464,2026-05-27,True
Oomi Oy,12,2026-05-29,observed_seller_data,9.99,1,7.544537369863012,2026-05-28,True
Oomi Oy,12,2026-05-30,observed_seller_data,9.99,1,7.758901684931507,2026-05-29,True
Oomi Oy,12,2026-05-31,observed_seller_data,9.99,1,7.758901684931507,2026-05-29,True
Oomi Oy,12,2026-06-01,observed_seller_data,9.99,1,7.61820415068493,2026-05-29,True
Oomi Oy,12,2026-06-02,observed_seller_data,9.99,1,7.859800246575342,2026-06-01,True
Oomi Oy,12,2026-06-03,observed_seller_data,9.99,1,7.760411123287669,2026-06-02,True
Oomi Oy,12,2026-06-04,observed_seller_data,9.99,1,7.938253219178082,2026-06-03,True
Oomi Oy,12,2026-06-05,observed_seller_data,10.59,1,7.809387068493151,2026-06-04,True
Oomi Oy,12,2026-06-06,observed_seller_data,10.59,1,7.719044260273972,2026-06-05,True
Oomi Oy,12,2026-06-07,observed_seller_data,10.59,1,7.719044260273972,2026-06-05,True
Oomi Oy,12,2026-06-08,observed_seller_data,10.59,1,7.719044260273972,2026-06-05,True
Oomi Oy,12,2026-06-09,observed_seller_data,10.59,1,7.710300520547945,2026-06-08,True
Oomi Oy,12,2026-06-10,observed_seller_data,10.59,1,7.529601150684932,2026-06-09,True
Oomi Oy,12,2026-06-11,observed_seller_data,10.59,1,7.565910191780821,2026-06-10,True
Oomi Oy,12,2026-06-12,observed_seller_data,10.59,1,7.608071315068491,2026-06-11,True
Oomi Oy,12,2026-06-13,observed_seller_data,10.59,1,7.4029114794520545,2026-06-12,True
Oomi Oy,12,2026-06-14,observed_seller_data,10.59,1,7.4029114794520545,2026-06-12,True
Oomi Oy,12,2026-06-15,observed_seller_data,10.59,1,7.4029114794520545,2026-06-12,True
Oomi Oy,12,2026-06-16,observed_seller_data,10.59,1,7.26479615068493,2026-06-15,True
Oomi Oy,12,2026-06-17,observed_seller_data,10.59,1,7.301139575342464,2026-06-16,True
Oomi Oy,12,2026-06-18,observed_seller_data,10.59,1,7.162126835616437,2026-06-17,True
Oomi Oy,12,2026-06-19,observed_seller_data,10.59,1,7.0250842739726025,2026-06-18,True
Oomi Oy,12,2026-06-20,observed_seller_data,10.59,1,7.132684191780821,2026-06-19,True
Oomi Oy,12,2026-06-21,observed_seller_data,10.59,1,7.132684191780821,2026-06-19,True
Oomi Oy,12,2026-06-22,observed_seller_data,10.59,1,7.132684191780821,2026-06-19,True
Oomi Oy,12,2026-06-23,observed_seller_data,9.69,1,6.836349465753425,2026-06-22,True
Oomi Oy,12,2026-06-24,observed_seller_data,9.69,1,6.874353616438356,2026-06-23,True
Oomi Oy,12,2026-06-25,observed_seller_data,9.69,1,6.835799328767123,2026-06-24,True
Oomi Oy,12,2026-06-26,observed_seller_data,9.29,1,6.8778641780821905,2026-06-25,True
Oomi Oy,12,2026-06-27,observed_seller_data,9.29,1,6.942928191780821,2026-06-26,True
Oomi Oy,12,2026-06-28,observed_seller_data,9.29,1,6.942928191780821,2026-06-26,True
Oomi Oy,12,2026-06-29,observed_seller_data,9.29,1,6.942928191780821,2026-06-26,True
Oomi Oy,12,2026-06-30,observed_seller_data,9.29,1,7.11498009589041,2026-06-29,True
Oomi Oy,12,2026-07-01,observed_seller_data,9.29,1,7.291367767123288,2026-06-30,True
Oomi Oy,12,2026-07-02,observed_seller_data,9.29,1,7.297343630136985,2026-07-01,True
Oomi Oy,12,2026-07-03,observed_seller_data,9.79,1,7.396309835616438,2026-07-02,True
Oomi Oy,12,2026-07-04,observed_seller_data,9.79,1,7.537921972602739,2026-07-03,True
Oomi Oy,12,2026-07-05,observed_seller_data,9.79,1,7.537921972602739,2026-07-03,True
Oomi Oy,12,2026-07-06,observed_seller_data,9.79,1,7.537921972602739,2026-07-03,True
Oomi Oy,12,2026-07-07,observed_seller_data,9.79,1,7.517649424657533,2026-07-06,True
Oomi Oy,12,2026-07-08,observed_seller_data,9.79,1,7.55255905479452,2026-07-07,True
Oomi Oy,12,2026-07-09,observed_seller_data,9.79,1,7.663016246575341,2026-07-08,True
Oomi Oy,12,2026-07-10,observed_seller_data,10.39,1,7.752925821917807,2026-07-09,True
Oomi Oy,12,2026-07-11,observed_seller_data,10.39,1,7.733756986301369,2026-07-10,True
Oomi Oy,12,2026-07-12,observed_seller_data,10.39,1,7.733756986301369,2026-07-10,True
Oomi Oy,12,2026-07-13,observed_seller_data,10.39,1,7.733756986301369,2026-07-10,True
Oomi Oy,12,2026-07-14,observed_seller_data,10.39,1,7.916333698630135,2026-07-13,True
Oomi Oy,12,2026-07-15,observed_seller_data,10.39,1,8.05474128767123,2026-07-14,True
Oomi Oy,12,2026-07-16,observed_seller_data,10.39,1,8.242688712328768,2026-07-15,True
Oomi Oy,12,2026-07-17,observed_seller_data,10.59,1,8.230231547945204,2026-07-16,True
Oomi Oy,12,2026-07-18,observed_seller_data,10.59,1,8.411536068493149,2026-07-17,True
Oomi Oy,12,2026-07-19,observed_seller_data,10.59,1,8.411536068493149,2026-07-17,True
Oomi Oy,12,2026-07-20,observed_seller_data,10.59,1,8.411536068493149,2026-07-17,True
Oomi Oy,12,2026-07-21,observed_seller_data,10.59,1,8.444090424657533,2026-07-20,True
Oomi Oy,12,2026-07-22,observed_seller_data,10.59,1,8.482008616438355,2026-07-21,True
Oomi Oy,12,2026-07-23,observed_seller_data,10.59,1,8.747336246575342,2026-07-22,True
Oomi Oy,12,2026-07-25,observed_seller_data,10.99,1,8.763114863013698,2026-07-24,True
Oomi Oy,12,2026-07-26,observed_seller_data,10.99,1,8.763114863013698,2026-07-24,True
Oomi Oy,12,2026-07-27,canonical_calculation,10.99,1,8.763114863013698,2026-07-24,True
Oomi Oy,12,2026-07-28,canonical_calculation,10.99,1,8.568218520547944,2026-07-27,True
Oomi Oy,12,2026-07-29,canonical_calculation,10.99,1,8.490944904109588,2026-07-28,True
Oomi Oy,12,2026-07-30,canonical_calculation,10.99,1,8.781259068493151,2026-07-29,True
Oomi Oy,12,2026-07-31,canonical_calculation,10.99,1,8.746273794520546,2026-07-30,True
Oomi Oy,12,2026-08-01,canonical_calculation,10.99,1,8.888607986301372,2026-07-31,True
Oomi Oy,12,2026-08-02,canonical_calculation,10.99,1,8.888607986301372,2026-07-31,True
Oomi Oy,12,2026-08-03,canonical_calculation,10.99,1,8.888607986301372,2026-07-31,True
Oomi Oy,12,2026-08-04,canonical_calculation,10.99,1,8.728779438356165,2026-08-03,True
Oomi Oy,12,2026-08-05,canonical_calculation,10.99,1,8.838225753424656,2026-08-04,True
Oomi Oy,12,2026-08-06,canonical_calculation,10.99,1,8.654765383561644,2026-08-05,True
Oomi Oy,12,2026-08-07,canonical_calculation,11.19,1,8.644147739726026,2026-08-06,True
Oomi Oy,12,2026-08-08,canonical_calculation,11.19,1,8.630679698630136,2026-08-07,True
Oomi Oy,12,2026-08-09,canonical_calculation,11.19,1,8.630679698630136,2026-08-07,True
Oomi Oy,12,2026-08-10,canonical_calculation,11.19,1,8.630679698630136,2026-08-07,True
Oomi Oy,12,2026-08-11,canonical_calculation,11.19,1,8.748859438356163,2026-08-10,True
Oomi Oy,12,2026-08-12,canonical_calculation,11.19,1,8.705082287671232,2026-08-11,True
Oomi Oy,12,2026-08-13,canonical_calculation,11.19,1,8.724316452054794,2026-08-12,True
Oomi Oy,12,2026-08-14,canonical_calculation,11.19,1,8.579424123287671,2026-08-13,True
Oomi Oy,12,2026-08-15,canonical_calculation,11.19,1,8.519703315068492,2026-08-14,True
Oomi Oy,12,2026-08-16,canonical_calculation,11.19,1,8.519703315068492,2026-08-14,True
Oomi Oy,12,2026-08-17,canonical_calculation,11.19,1,8.519703315068492,2026-08-14,True
Oomi Oy,12,2026-08-18,canonical_calculation,11.19,1,8.72096405479452,2026-08-17,True
Oomi Oy,12,2026-08-19,canonical_calculation,11.19,1,8.774798397260271,2026-08-18,True
Oomi Oy,12,2026-08-20,canonical_calculation,11.19,1,8.702345356164384,2026-08-19,True
Oomi Oy,12,2026-08-21,canonical_calculation,11.19,1,8.65210409589041,2026-08-20,True
Oomi Oy,12,2026-08-22,canonical_calculation,11.19,1,8.782668794520548,2026-08-21,True
Oomi Oy,12,2026-08-23,canonical_calculation,11.19,1,8.782668794520548,2026-08-21,True
Oomi Oy,12,2026-08-24,canonical_calculation,11.19,1,8.782668794520548,2026-08-21,True
Oomi Oy,12,2026-08-25,canonical_calculation,11.19,1,8.70024108219178,2026-08-24,True
Oomi Oy,12,2026-08-26,canonical_calculation,11.19,1,8.494331684931506,2026-08-25,True
Oomi Oy,12,2026-08-27,canonical_calculation,11.19,1,8.25278716438356,2026-08-26,True
Oomi Oy,12,2026-08-28,canonical_calculation,10.79,1,8.430127260273972,2026-08-27,True
Oomi Oy,12,2026-08-29,canonical_calculation,10.79,1,8.376550794520547,2026-08-28,True
Oomi Oy,12,2026-08-30,canonical_calculation,10.79,1,8.376550794520547,2026-08-28,True
Oomi Oy,12,2026-08-31,canonical_calculation,10.79,1,8.376550794520547,2026-08-28,True
Oomi Oy,12,2026-09-01,canonical_calculation,10.79,1,8.194654876712328,2026-08-31,True
Oomi Oy,12,2026-09-02,canonical_calculation,10.79,1,8.232160465753424,2026-09-01,True
Oomi Oy,12,2026-09-03,canonical_calculation,10.79,1,8.529712369863013,2026-09-02,True
Oomi Oy,12,2026-09-04,canonical_calculation,11.19,1,8.541691602739725,2026-09-03,True
Oomi Oy,12,2026-09-05,canonical_calculation,11.19,1,8.551384328767123,2026-09-04,True
Oomi Oy,12,2026-09-06,canonical_calculation,11.19,1,8.551384328767123,2026-09-04,True
Oomi Oy,12,2026-09-07,canonical_calculation,11.19,1,8.551384328767123,2026-09-04,True
Oomi Oy,12,2026-09-08,canonical_calculation,11.19,1,8.858608328767124,2026-09-07,True
Oomi Oy,12,2026-09-09,canonical_calculation,11.19,1,9.059559616438355,2026-09-08,True
Oomi Oy,12,2026-09-10,canonical_calculation,11.19,1,9.442544356164383,2026-09-09,True
Oomi Oy,12,2026-09-11,canonical_calculation,12.79,1,9.592642356164383,2026-09-10,True
Oomi Oy,12,2026-09-12,canonical_calculation,12.79,1,9.381571986301369,2026-09-11,True
Oomi Oy,12,2026-09-13,canonical_calculation,12.79,1,9.381571986301369,2026-09-11,True
Oomi Oy,24,2026-04-08,observed_seller_data,8.79,1,,,False
Oomi Oy,24,2026-04-09,observed_seller_data,8.79,1,6.314420047879617,2026-04-08,True
Oomi Oy,24,2026-04-10,observed_seller_data,8.79,1,6.2962903625171,2026-04-09,True
Oomi Oy,24,2026-04-11,observed_seller_data,8.79,1,6.228571867305061,2026-04-10,True
Oomi Oy,24,2026-04-12,observed_seller_data,8.79,1,6.228571867305061,2026-04-10,True
Oomi Oy,24,2026-04-13,observed_seller_data,8.79,1,6.228571867305061,2026-04-10,True
Oomi Oy,24,2026-04-14,observed_seller_data,8.79,1,6.23801269493844,2026-04-13,True
Oomi Oy,24,2026-04-15,observed_seller_data,8.79,1,6.177379541723666,2026-04-14,True
Oomi Oy,24,2026-04-16,observed_seller_data,8.79,1,6.144708337893295,2026-04-15,True
Oomi Oy,24,2026-04-17,observed_seller_data,8.49,1,6.150796203830369,2026-04-16,True
Oomi Oy,24,2026-04-18,observed_seller_data,8.49,1,6.103619534883721,2026-04-17,True
Oomi Oy,24,2026-04-19,observed_seller_data,8.49,1,6.103619534883721,2026-04-17,True
Oomi Oy,24,2026-04-20,observed_seller_data,8.49,1,6.103619534883721,2026-04-17,True
Oomi Oy,24,2026-04-21,observed_seller_data,8.49,1,6.087503686730505,2026-04-20,True
Oomi Oy,24,2026-04-22,observed_seller_data,8.49,1,6.154380937072504,2026-04-21,True
Oomi Oy,24,2026-04-23,observed_seller_data,8.49,1,6.177219876880984,2026-04-22,True
Oomi Oy,24,2026-04-24,observed_seller_data,8.49,1,6.256475444596442,2026-04-23,True
Oomi Oy,24,2026-04-25,observed_seller_data,8.49,1,6.191047195622435,2026-04-24,True
Oomi Oy,24,2026-04-26,observed_seller_data,8.49,1,6.191047195622435,2026-04-24,True
Oomi Oy,24,2026-04-27,observed_seller_data,8.29,1,6.191047195622435,2026-04-24,True
Oomi Oy,24,2026-04-28,observed_seller_data,8.29,1,6.134817701778386,2026-04-27,True
Oomi Oy,24,2026-04-29,observed_seller_data,8.29,1,6.171774103967169,2026-04-28,True
Oomi Oy,24,2026-04-30,observed_seller_data,8.29,1,6.239817079343364,2026-04-29,True
Oomi Oy,24,2026-05-01,observed_seller_data,8.29,1,6.355381805745553,2026-04-30,True
Oomi Oy,24,2026-05-02,observed_seller_data,8.29,1,6.355381805745553,2026-04-30,True
Oomi Oy,24,2026-05-03,observed_seller_data,8.29,1,6.355381805745553,2026-04-30,True
Oomi Oy,24,2026-05-04,observed_seller_data,8.29,1,6.355381805745553,2026-04-30,True
Oomi Oy,24,2026-05-05,observed_seller_data,8.59,1,6.476608625170997,2026-05-04,True
Oomi Oy,24,2026-05-06,observed_seller_data,8.59,1,6.494082482900137,2026-05-05,True
Oomi Oy,24,2026-05-07,observed_seller_data,8.59,1,6.3717053898768805,2026-05-06,True
Oomi Oy,24,2026-05-08,observed_seller_data,8.79,1,6.408783686730506,2026-05-07,True
Oomi Oy,24,2026-05-09,observed_seller_data,8.79,1,6.537145636114911,2026-05-08,True
Oomi Oy,24,2026-05-10,observed_seller_data,8.79,1,6.537145636114911,2026-05-08,True
Oomi Oy,24,2026-05-11,observed_seller_data,8.79,1,6.537145636114911,2026-05-08,True
Oomi Oy,24,2026-05-12,observed_seller_data,8.79,1,6.665234610123119,2026-05-11,True
Oomi Oy,24,2026-05-13,observed_seller_data,8.79,1,6.70606760601915,2026-05-12,True
Oomi Oy,24,2026-05-14,observed_seller_data,8.79,1,6.721105287277702,2026-05-13,True
Oomi Oy,24,2026-05-15,observed_seller_data,8.99,1,6.717319685362518,2026-05-14,True
Oomi Oy,24,2026-05-16,observed_seller_data,8.99,1,6.7470001778385775,2026-05-15,True
Oomi Oy,24,2026-05-17,observed_seller_data,8.99,1,6.7470001778385775,2026-05-15,True
Oomi Oy,24,2026-05-18,observed_seller_data,8.99,1,6.7470001778385775,2026-05-15,True
Oomi Oy,24,2026-05-19,observed_seller_data,8.99,1,6.650742879616962,2026-05-18,True
Oomi Oy,24,2026-05-20,observed_seller_data,8.99,1,6.6187309370725025,2026-05-19,True
Oomi Oy,24,2026-05-21,observed_seller_data,8.99,1,6.6317977017783845,2026-05-20,True
Oomi Oy,24,2026-05-22,observed_seller_data,8.59,1,6.702566997264021,2026-05-21,True
Oomi Oy,24,2026-05-23,observed_seller_data,8.59,1,6.6722512790697674,2026-05-22,True
Oomi Oy,24,2026-05-24,observed_seller_data,8.59,1,6.6722512790697674,2026-05-22,True
Oomi Oy,24,2026-05-25,observed_seller_data,8.59,1,6.6722512790697674,2026-05-22,True
Oomi Oy,24,2026-05-26,observed_seller_data,8.59,1,6.515872441860465,2026-05-25,True
Oomi Oy,24,2026-05-27,observed_seller_data,8.59,1,6.584854521203829,2026-05-26,True
Oomi Oy,24,2026-05-28,observed_seller_data,8.59,1,6.484572982216141,2026-05-27,True
Oomi Oy,24,2026-05-29,observed_seller_data,8.59,1,6.595828474692201,2026-05-28,True
Oomi Oy,24,2026-05-30,observed_seller_data,8.59,1,6.705398043775649,2026-05-29,True
Oomi Oy,24,2026-05-31,observed_seller_data,8.59,1,6.705398043775649,2026-05-29,True
Oomi Oy,24,2026-06-01,observed_seller_data,8.59,1,6.692830875512995,2026-05-29,True
Oomi Oy,24,2026-06-02,observed_seller_data,8.59,1,6.863023296853624,2026-06-01,True
Oomi Oy,24,2026-06-03,observed_seller_data,8.59,1,6.804407414500683,2026-06-02,True
Oomi Oy,24,2026-06-04,observed_seller_data,8.59,1,6.924890848153214,2026-06-03,True
Oomi Oy,24,2026-06-05,observed_seller_data,8.99,1,6.841681429548563,2026-06-04,True
Oomi Oy,24,2026-06-06,observed_seller_data,8.99,1,6.780177845417237,2026-06-05,True
Oomi Oy,24,2026-06-07,observed_seller_data,8.99,1,6.780177845417237,2026-06-05,True
Oomi Oy,24,2026-06-08,observed_seller_data,8.99,1,6.780177845417237,2026-06-05,True
Oomi Oy,24,2026-06-09,observed_seller_data,8.99,1,6.7652792270861815,2026-06-08,True
Oomi Oy,24,2026-06-10,observed_seller_data,8.99,1,6.654351648426812,2026-06-09,True
Oomi Oy,24,2026-06-11,observed_seller_data,8.99,1,6.690471956224349,2026-06-10,True
Oomi Oy,24,2026-06-12,observed_seller_data,8.99,1,6.73640049247606,2026-06-11,True
Oomi Oy,24,2026-06-13,observed_seller_data,8.99,1,6.603004808481531,2026-06-12,True
Oomi Oy,24,2026-06-14,observed_seller_data,8.99,1,6.603004808481531,2026-06-12,True
Oomi Oy,24,2026-06-15,observed_seller_data,8.99,1,6.603004808481531,2026-06-12,True
Oomi Oy,24,2026-06-16,observed_seller_data,8.99,1,6.537957694938441,2026-06-15,True
Oomi Oy,24,2026-06-17,observed_seller_data,8.99,1,6.571571436388509,2026-06-16,True
Oomi Oy,24,2026-06-18,observed_seller_data,8.99,1,6.488619541723665,2026-06-17,True
Oomi Oy,24,2026-06-19,observed_seller_data,8.99,1,6.392096135430917,2026-06-18,True
Oomi Oy,24,2026-06-20,observed_seller_data,8.99,1,6.448359965800273,2026-06-19,True
Oomi Oy,24,2026-06-21,observed_seller_data,8.99,1,6.448359965800273,2026-06-19,True
Oomi Oy,24,2026-06-22,observed_seller_data,8.99,1,6.448359965800273,2026-06-19,True
Oomi Oy,24,2026-06-23,observed_seller_data,8.79,1,6.2601099658002735,2026-06-22,True
Oomi Oy,24,2026-06-24,observed_seller_data,8.79,1,6.329272311901504,2026-06-23,True
Oomi Oy,24,2026-06-25,observed_seller_data,8.79,1,6.319347339261285,2026-06-24,True
Oomi Oy,24,2026-06-26,observed_seller_data,8.49,1,6.360398372093023,2026-06-25,True
Oomi Oy,24,2026-06-27,observed_seller_data,8.49,1,6.398996060191518,2026-06-26,True
Oomi Oy,24,2026-06-28,observed_seller_data,8.49,1,6.398996060191518,2026-06-26,True
Oomi Oy,24,2026-06-29,observed_seller_data,8.49,1,6.398996060191518,2026-06-26,True
Oomi Oy,24,2026-06-30,observed_seller_data,8.49,1,6.356499459644321,2026-06-29,True
Oomi Oy,24,2026-07-01,observed_seller_data,8.49,1,6.578045588235293,2026-06-30,True
Oomi Oy,24,2026-07-02,observed_seller_data,8.49,1,6.6284910943912445,2026-07-01,True
Oomi Oy,24,2026-07-03,observed_seller_data,8.79,1,6.720432291381669,2026-07-02,True
Oomi Oy,24,2026-07-04,observed_seller_data,8.79,1,6.790317421340628,2026-07-03,True
Oomi Oy,24,2026-07-05,observed_seller_data,8.79,1,6.790317421340628,2026-07-03,True
Oomi Oy,24,2026-07-06,observed_seller_data,8.79,1,6.790317421340628,2026-07-03,True
Oomi Oy,24,2026-07-07,observed_seller_data,8.79,1,6.748586525307798,2026-07-06,True
Oomi Oy,24,2026-07-08,observed_seller_data,8.79,1,6.768290540355675,2026-07-07,True
Oomi Oy,24,2026-07-09,observed_seller_data,8.79,1,6.846610437756497,2026-07-08,True
Oomi Oy,24,2026-07-10,observed_seller_data,8.99,1,6.866929076607387,2026-07-09,True
Oomi Oy,24,2026-07-11,observed_seller_data,8.99,1,6.839267571819425,2026-07-10,True
Oomi Oy,24,2026-07-12,observed_seller_data,8.99,1,6.839267571819425,2026-07-10,True
Oomi Oy,24,2026-07-13,observed_seller_data,8.99,1,6.839267571819425,2026-07-10,True
Oomi Oy,24,2026-07-14,observed_seller_data,8.99,1,6.9581303214774275,2026-07-13,True
Oomi Oy,24,2026-07-15,observed_seller_data,8.99,1,7.056428926128589,2026-07-14,True
Oomi Oy,24,2026-07-16,observed_seller_data,8.99,1,7.151063823529411,2026-07-15,True
Oomi Oy,24,2026-07-17,observed_seller_data,9.39,1,7.151930820793433,2026-07-16,True
Oomi Oy,24,2026-07-18,observed_seller_data,9.39,1,7.250301532147743,2026-07-17,True
Oomi Oy,24,2026-07-19,observed_seller_data,9.39,1,7.250301532147743,2026-07-17,True
Oomi Oy,24,2026-07-20,observed_seller_data,9.39,1,7.250301532147743,2026-07-17,True
Oomi Oy,24,2026-07-21,observed_seller_data,9.39,1,7.25315146374829,2026-07-20,True
Oomi Oy,24,2026-07-22,observed_seller_data,9.39,1,7.284062920656635,2026-07-21,True
Oomi Oy,24,2026-07-23,observed_seller_data,9.39,1,7.422411648426812,2026-07-22,True
Oomi Oy,24,2026-07-25,observed_seller_data,9.59,1,7.456499233926127,2026-07-24,True
Oomi Oy,24,2026-07-26,observed_seller_data,9.59,1,7.456499233926127,2026-07-24,True
Oomi Oy,24,2026-07-27,canonical_calculation,9.59,1,7.456499233926127,2026-07-24,True
Oomi Oy,24,2026-07-28,canonical_calculation,9.59,1,7.337356641586867,2026-07-27,True
Oomi Oy,24,2026-07-29,canonical_calculation,9.59,1,7.273444350205198,2026-07-28,True
Oomi Oy,24,2026-07-30,canonical_calculation,9.59,1,7.420560909712721,2026-07-29,True
Oomi Oy,24,2026-08-01,canonical_calculation,9.75,1,7.608965424076606,2026-07-31,True
Oomi Oy,24,2026-08-02,canonical_calculation,9.75,1,7.608965424076606,2026-07-31,True
Oomi Oy,24,2026-08-03,canonical_calculation,9.75,1,7.608965424076606,2026-07-31,True
Oomi Oy,24,2026-08-04,canonical_calculation,9.75,1,7.529972530779754,2026-08-03,True
Oomi Oy,24,2026-08-05,canonical_calculation,9.75,1,7.585975403556771,2026-08-04,True
Oomi Oy,24,2026-08-06,canonical_calculation,9.75,1,7.4775578248974,2026-08-05,True
Oomi Oy,24,2026-08-07,canonical_calculation,9.89,1,7.496314151846784,2026-08-06,True
Oomi Oy,24,2026-08-08,canonical_calculation,9.89,1,7.491129336525306,2026-08-07,True
Oomi Oy,24,2026-08-09,canonical_calculation,9.89,1,7.491129336525306,2026-08-07,True
Oomi Oy,24,2026-08-10,canonical_calculation,9.89,1,7.491129336525306,2026-08-07,True
Oomi Oy,24,2026-08-11,canonical_calculation,9.89,1,7.565430143638851,2026-08-10,True
Oomi Oy,24,2026-08-12,canonical_calculation,9.89,1,7.543820451436388,2026-08-11,True
Oomi Oy,24,2026-08-13,canonical_calculation,9.89,1,7.565919439124487,2026-08-12,True
Oomi Oy,24,2026-08-14,canonical_calculation,9.59,1,7.4593920861833105,2026-08-13,True
Oomi Oy,24,2026-08-15,canonical_calculation,9.59,1,7.408258132694938,2026-08-14,True
Oomi Oy,24,2026-08-16,canonical_calculation,9.59,1,7.408258132694938,2026-08-14,True
Oomi Oy,24,2026-08-17,canonical_calculation,9.59,1,7.408258132694938,2026-08-14,True
Oomi Oy,24,2026-08-18,canonical_calculation,9.59,1,7.543262482900136,2026-08-17,True
Oomi Oy,24,2026-08-19,canonical_calculation,9.59,1,7.569327339261285,2026-08-18,True
Oomi Oy,24,2026-08-20,canonical_calculation,9.59,1,7.525651279069766,2026-08-19,True
Oomi Oy,24,2026-08-21,canonical_calculation,9.59,1,7.518734186046511,2026-08-20,True
Oomi Oy,24,2026-08-22,canonical_calculation,9.59,1,7.600690321477427,2026-08-21,True
Oomi Oy,24,2026-08-23,canonical_calculation,9.59,1,7.600690321477427,2026-08-21,True
Oomi Oy,24,2026-08-24,canonical_calculation,9.59,1,7.600690321477427,2026-08-21,True
Oomi Oy,24,2026-08-25,canonical_calculation,9.59,1,7.572352387140903,2026-08-24,True
Oomi Oy,24,2026-08-26,canonical_calculation,9.59,1,7.385951409028726,2026-08-25,True
Oomi Oy,24,2026-08-27,canonical_calculation,9.59,1,7.248811326949384,2026-08-26,True
Oomi Oy,24,2026-08-28,canonical_calculation,9.59,1,7.380433529411764,2026-08-27,True
Oomi Oy,24,2026-08-29,canonical_calculation,9.59,1,7.362903016415868,2026-08-28,True
Oomi Oy,24,2026-08-30,canonical_calculation,9.59,1,7.362903016415868,2026-08-28,True
Oomi Oy,24,2026-08-31,canonical_calculation,9.59,1,7.362903016415868,2026-08-28,True
Oomi Oy,24,2026-09-01,canonical_calculation,9.59,1,7.3933217441860455,2026-08-31,True
Oomi Oy,24,2026-09-02,canonical_calculation,9.59,1,7.452802906976744,2026-09-01,True
Oomi Oy,24,2026-09-03,canonical_calculation,9.59,1,7.658533632010943,2026-09-02,True
Oomi Oy,24,2026-09-04,canonical_calculation,9.79,1,7.687525677154583,2026-09-03,True
Oomi Oy,24,2026-09-05,canonical_calculation,9.79,1,7.69683602599179,2026-09-04,True
Oomi Oy,24,2026-09-06,canonical_calculation,9.79,1,7.69683602599179,2026-09-04,True
Oomi Oy,24,2026-09-07,canonical_calculation,9.79,1,7.69683602599179,2026-09-04,True
Oomi Oy,24,2026-09-08,canonical_calculation,9.79,1,7.916026668946647,2026-09-07,True
Oomi Oy,24,2026-09-09,canonical_calculation,9.79,1,8.065436908344731,2026-09-08,True
Oomi Oy,24,2026-09-10,canonical_calculation,9.79,1,8.37942211354309,2026-09-09,True
Oomi Oy,24,2026-09-11,canonical_calculation,10.49,1,8.510666614227084,2026-09-10,True
Oomi Oy,24,2026-09-12,canonical_calculation,10.49,1,8.336777865937071,2026-09-11,True
Oomi Oy,24,2026-09-13,canonical_calculation,10.49,1,8.336777865937071,2026-09-11,True
Paneliankosken Voima Oy,12,2026-04-08,observed_seller_data,8.25,1,,,False
Paneliankosken Voima Oy,12,2026-04-09,observed_seller_data,8.25,1,7.008009397260273,2026-04-08,True
Paneliankosken Voima Oy,12,2026-04-10,observed_seller_data,8.25,1,7.001851301369863,2026-04-09,True
Paneliankosken Voima Oy,12,2026-04-11,observed_seller_data,8.25,1,6.91596116438356,2026-04-10,True
Paneliankosken Voima Oy,12,2026-04-12,observed_seller_data,8.25,1,6.91596116438356,2026-04-10,True
Paneliankosken Voima Oy,12,2026-04-13,observed_seller_data,8.25,1,6.91596116438356,2026-04-10,True
Paneliankosken Voima Oy,12,2026-04-14,observed_seller_data,8.25,1,6.929934643835616,2026-04-13,True
Paneliankosken Voima Oy,12,2026-04-15,observed_seller_data,8.25,1,6.809994465753424,2026-04-14,True
Paneliankosken Voima Oy,12,2026-04-16,observed_seller_data,8.75,1,6.761455191780822,2026-04-15,True
Paneliankosken Voima Oy,12,2026-04-17,observed_seller_data,8.75,1,6.797176273972602,2026-04-16,True
Paneliankosken Voima Oy,12,2026-04-18,observed_seller_data,8.75,1,6.730929465753426,2026-04-17,True
Paneliankosken Voima Oy,12,2026-04-19,observed_seller_data,8.75,1,6.730929465753426,2026-04-17,True
Paneliankosken Voima Oy,12,2026-04-20,observed_seller_data,8.75,1,6.730929465753426,2026-04-17,True
Paneliankosken Voima Oy,12,2026-04-21,observed_seller_data,8.75,1,6.749090863013699,2026-04-20,True
Paneliankosken Voima Oy,12,2026-04-22,observed_seller_data,8.75,1,6.839808452054794,2026-04-21,True
Paneliankosken Voima Oy,12,2026-04-23,observed_seller_data,8.75,1,6.872737589041094,2026-04-22,True
Paneliankosken Voima Oy,12,2026-04-24,observed_seller_data,8.75,1,6.963417356164384,2026-04-23,True
Paneliankosken Voima Oy,12,2026-04-25,observed_seller_data,8.75,1,6.8711112465753414,2026-04-24,True
Paneliankosken Voima Oy,12,2026-04-26,observed_seller_data,8.75,1,6.8711112465753414,2026-04-24,True
Paneliankosken Voima Oy,12,2026-04-27,observed_seller_data,8.75,1,6.8711112465753414,2026-04-24,True
Paneliankosken Voima Oy,12,2026-04-28,observed_seller_data,8.75,1,6.778488808219178,2026-04-27,True
Paneliankosken Voima Oy,12,2026-04-29,observed_seller_data,8.75,1,6.82226595890411,2026-04-28,True
Paneliankosken Voima Oy,12,2026-04-30,observed_seller_data,8.75,1,6.91197610958904,2026-04-29,True
Paneliankosken Voima Oy,12,2026-05-01,observed_seller_data,8.75,1,6.984508232876711,2026-04-30,True
Paneliankosken Voima Oy,12,2026-05-02,observed_seller_data,8.75,1,6.984508232876711,2026-04-30,True
Paneliankosken Voima Oy,12,2026-05-03,observed_seller_data,8.75,1,6.984508232876711,2026-04-30,True
Paneliankosken Voima Oy,12,2026-05-04,observed_seller_data,8.75,1,6.984508232876711,2026-04-30,True
Paneliankosken Voima Oy,12,2026-05-05,observed_seller_data,8.75,1,7.199113232876712,2026-05-04,True
Paneliankosken Voima Oy,12,2026-05-06,observed_seller_data,8.75,1,7.225643589041095,2026-05-05,True
Paneliankosken Voima Oy,12,2026-05-07,observed_seller_data,8.75,1,7.098238739726027,2026-05-06,True
Paneliankosken Voima Oy,12,2026-05-08,observed_seller_data,8.75,1,7.211415671232878,2026-05-07,True
Paneliankosken Voima Oy,12,2026-05-09,observed_seller_data,8.75,1,7.42950716438356,2026-05-08,True
Paneliankosken Voima Oy,12,2026-05-10,observed_seller_data,8.75,1,7.42950716438356,2026-05-08,True
Paneliankosken Voima Oy,12,2026-05-11,observed_seller_data,8.75,1,7.42950716438356,2026-05-08,True
Paneliankosken Voima Oy,12,2026-05-12,observed_seller_data,8.75,1,7.627480835616438,2026-05-11,True
Paneliankosken Voima Oy,12,2026-05-13,observed_seller_data,8.75,1,7.662703356164383,2026-05-12,True
Paneliankosken Voima Oy,12,2026-05-14,observed_seller_data,8.75,1,7.6846194383561635,2026-05-13,True
Paneliankosken Voima Oy,12,2026-05-15,observed_seller_data,8.75,1,7.672966849315067,2026-05-14,True
Paneliankosken Voima Oy,12,2026-05-16,observed_seller_data,8.75,1,7.7297306712328755,2026-05-15,True
Paneliankosken Voima Oy,12,2026-05-17,observed_seller_data,8.75,1,7.7297306712328755,2026-05-15,True
Paneliankosken Voima Oy,12,2026-05-18,observed_seller_data,8.75,1,7.7297306712328755,2026-05-15,True
Paneliankosken Voima Oy,12,2026-05-19,observed_seller_data,8.75,1,7.584962123287671,2026-05-18,True
Paneliankosken Voima Oy,12,2026-05-20,observed_seller_data,8.75,1,7.514379547945205,2026-05-19,True
Paneliankosken Voima Oy,12,2026-05-21,observed_seller_data,9.15,1,7.557534356164381,2026-05-20,True
Paneliankosken Voima Oy,12,2026-05-22,observed_seller_data,9.15,1,7.675029863013698,2026-05-21,True
Paneliankosken Voima Oy,12,2026-05-23,observed_seller_data,9.15,1,7.630430945205479,2026-05-22,True
Paneliankosken Voima Oy,12,2026-05-24,observed_seller_data,9.15,1,7.630430945205479,2026-05-22,True
Paneliankosken Voima Oy,12,2026-05-25,observed_seller_data,9.15,1,7.630430945205479,2026-05-22,True
Paneliankosken Voima Oy,12,2026-05-26,observed_seller_data,9.15,1,7.405325205479452,2026-05-25,True
Paneliankosken Voima Oy,12,2026-05-27,observed_seller_data,9.15,1,7.498484027397259,2026-05-26,True
Paneliankosken Voima Oy,12,2026-05-28,observed_seller_data,9.15,1,7.3629646575342464,2026-05-27,True
Paneliankosken Voima Oy,12,2026-05-29,observed_seller_data,9.15,1,7.544537369863012,2026-05-28,True
Paneliankosken Voima Oy,12,2026-05-30,observed_seller_data,9.15,1,7.758901684931507,2026-05-29,True
Paneliankosken Voima Oy,12,2026-05-31,observed_seller_data,9.15,1,7.758901684931507,2026-05-29,True
Paneliankosken Voima Oy,12,2026-06-01,observed_seller_data,9.15,1,7.61820415068493,2026-05-29,True
Paneliankosken Voima Oy,12,2026-06-02,observed_seller_data,9.15,1,7.859800246575342,2026-06-01,True
Paneliankosken Voima Oy,12,2026-06-03,observed_seller_data,9.15,1,7.760411123287669,2026-06-02,True
Paneliankosken Voima Oy,12,2026-06-04,observed_seller_data,9.15,1,7.938253219178082,2026-06-03,True
Paneliankosken Voima Oy,12,2026-06-05,observed_seller_data,9.15,1,7.809387068493151,2026-06-04,True
Paneliankosken Voima Oy,12,2026-06-06,observed_seller_data,9.15,1,7.719044260273972,2026-06-05,True
Paneliankosken Voima Oy,12,2026-06-07,observed_seller_data,9.15,1,7.719044260273972,2026-06-05,True
Paneliankosken Voima Oy,12,2026-06-08,observed_seller_data,9.15,1,7.719044260273972,2026-06-05,True
Paneliankosken Voima Oy,12,2026-06-09,observed_seller_data,9.15,1,7.710300520547945,2026-06-08,True
Paneliankosken Voima Oy,12,2026-06-10,observed_seller_data,9.15,1,7.529601150684932,2026-06-09,True
Paneliankosken Voima Oy,12,2026-06-11,observed_seller_data,9.15,1,7.565910191780821,2026-06-10,True
Paneliankosken Voima Oy,12,2026-06-12,observed_seller_data,9.15,1,7.608071315068491,2026-06-11,True
Paneliankosken Voima Oy,12,2026-06-13,observed_seller_data,9.15,1,7.4029114794520545,2026-06-12,True
Paneliankosken Voima Oy,12,2026-06-14,observed_seller_data,9.15,1,7.4029114794520545,2026-06-12,True
Paneliankosken Voima Oy,12,2026-06-15,observed_seller_data,9.15,1,7.4029114794520545,2026-06-12,True
Paneliankosken Voima Oy,12,2026-06-16,observed_seller_data,9.15,1,7.26479615068493,2026-06-15,True
Paneliankosken Voima Oy,12,2026-06-17,observed_seller_data,9.15,1,7.301139575342464,2026-06-16,True
Paneliankosken Voima Oy,12,2026-06-18,observed_seller_data,9.15,1,7.162126835616437,2026-06-17,True
Paneliankosken Voima Oy,12,2026-06-19,observed_seller_data,9.15,1,7.0250842739726025,2026-06-18,True
Paneliankosken Voima Oy,12,2026-06-20,observed_seller_data,9.15,1,7.132684191780821,2026-06-19,True
Paneliankosken Voima Oy,12,2026-06-21,observed_seller_data,9.15,1,7.132684191780821,2026-06-19,True
Paneliankosken Voima Oy,12,2026-06-22,observed_seller_data,9.15,1,7.132684191780821,2026-06-19,True
Paneliankosken Voima Oy,12,2026-06-23,observed_seller_data,9.15,1,6.836349465753425,2026-06-22,True
Paneliankosken Voima Oy,12,2026-06-24,observed_seller_data,9.15,1,6.874353616438356,2026-06-23,True
Paneliankosken Voima Oy,12,2026-06-25,observed_seller_data,9.15,1,6.835799328767123,2026-06-24,True
Paneliankosken Voima Oy,12,2026-06-26,observed_seller_data,9.15,1,6.8778641780821905,2026-06-25,True
Paneliankosken Voima Oy,12,2026-06-27,observed_seller_data,9.15,1,6.942928191780821,2026-06-26,True
Paneliankosken Voima Oy,12,2026-06-28,observed_seller_data,9.15,1,6.942928191780821,2026-06-26,True
Paneliankosken Voima Oy,12,2026-06-29,observed_seller_data,9.15,1,6.942928191780821,2026-06-26,True
Paneliankosken Voima Oy,12,2026-06-30,observed_seller_data,9.15,1,7.11498009589041,2026-06-29,True
Paneliankosken Voima Oy,12,2026-07-01,observed_seller_data,9.15,1,7.291367767123288,2026-06-30,True
Paneliankosken Voima Oy,12,2026-07-02,observed_seller_data,9.15,1,7.297343630136985,2026-07-01,True
Paneliankosken Voima Oy,12,2026-07-03,observed_seller_data,9.15,1,7.396309835616438,2026-07-02,True
Paneliankosken Voima Oy,12,2026-07-04,observed_seller_data,9.15,1,7.537921972602739,2026-07-03,True
Paneliankosken Voima Oy,12,2026-07-05,observed_seller_data,9.15,1,7.537921972602739,2026-07-03,True
Paneliankosken Voima Oy,12,2026-07-06,observed_seller_data,9.15,1,7.537921972602739,2026-07-03,True
Paneliankosken Voima Oy,12,2026-07-07,observed_seller_data,9.15,1,7.517649424657533,2026-07-06,True
Paneliankosken Voima Oy,12,2026-07-08,observed_seller_data,9.15,1,7.55255905479452,2026-07-07,True
Paneliankosken Voima Oy,12,2026-07-09,observed_seller_data,9.15,1,7.663016246575341,2026-07-08,True
Paneliankosken Voima Oy,12,2026-07-10,observed_seller_data,9.15,1,7.752925821917807,2026-07-09,True
Paneliankosken Voima Oy,12,2026-07-11,observed_seller_data,9.15,1,7.733756986301369,2026-07-10,True
Paneliankosken Voima Oy,12,2026-07-12,observed_seller_data,9.15,1,7.733756986301369,2026-07-10,True
Paneliankosken Voima Oy,12,2026-07-13,observed_seller_data,9.15,1,7.733756986301369,2026-07-10,True
Paneliankosken Voima Oy,12,2026-07-14,observed_seller_data,9.15,1,7.916333698630135,2026-07-13,True
Paneliankosken Voima Oy,12,2026-07-15,observed_seller_data,9.15,1,8.05474128767123,2026-07-14,True
Paneliankosken Voima Oy,12,2026-07-16,observed_seller_data,9.15,1,8.242688712328768,2026-07-15,True
Paneliankosken Voima Oy,12,2026-07-17,observed_seller_data,9.15,1,8.230231547945204,2026-07-16,True
Paneliankosken Voima Oy,12,2026-07-18,observed_seller_data,9.15,1,8.411536068493149,2026-07-17,True
Paneliankosken Voima Oy,12,2026-07-19,observed_seller_data,9.15,1,8.411536068493149,2026-07-17,True
Paneliankosken Voima Oy,12,2026-07-20,observed_seller_data,9.15,1,8.411536068493149,2026-07-17,True
Paneliankosken Voima Oy,12,2026-07-21,observed_seller_data,9.7,1,8.444090424657533,2026-07-20,True
Paneliankosken Voima Oy,12,2026-07-22,observed_seller_data,9.7,1,8.482008616438355,2026-07-21,True
Paneliankosken Voima Oy,12,2026-07-23,observed_seller_data,9.7,1,8.747336246575342,2026-07-22,True
Paneliankosken Voima Oy,12,2026-07-24,observed_seller_data,9.7,1,8.776696369863014,2026-07-23,True
Paneliankosken Voima Oy,12,2026-07-25,observed_seller_data,9.7,1,8.763114863013698,2026-07-24,True
Paneliankosken Voima Oy,12,2026-07-26,observed_seller_data,9.7,1,8.763114863013698,2026-07-24,True
Paneliankosken Voima Oy,12,2026-07-27,canonical_calculation,9.7,1,8.763114863013698,2026-07-24,True
Paneliankosken Voima Oy,12,2026-07-28,canonical_calculation,9.7,1,8.568218520547944,2026-07-27,True
Paneliankosken Voima Oy,12,2026-07-31,canonical_calculation,10.6,1,8.746273794520546,2026-07-30,True
Paneliankosken Voima Oy,12,2026-08-01,canonical_calculation,10.6,1,8.888607986301372,2026-07-31,True
Paneliankosken Voima Oy,12,2026-08-02,canonical_calculation,10.6,1,8.888607986301372,2026-07-31,True
Paneliankosken Voima Oy,12,2026-08-03,canonical_calculation,10.6,1,8.888607986301372,2026-07-31,True
Paneliankosken Voima Oy,12,2026-08-04,canonical_calculation,10.6,1,8.728779438356165,2026-08-03,True
Paneliankosken Voima Oy,12,2026-08-05,canonical_calculation,10.6,1,8.838225753424656,2026-08-04,True
Paneliankosken Voima Oy,12,2026-08-06,canonical_calculation,10.6,1,8.654765383561644,2026-08-05,True
Paneliankosken Voima Oy,12,2026-08-07,canonical_calculation,10.6,1,8.644147739726026,2026-08-06,True
Paneliankosken Voima Oy,12,2026-08-08,canonical_calculation,10.6,1,8.630679698630136,2026-08-07,True
Paneliankosken Voima Oy,12,2026-08-09,canonical_calculation,10.6,1,8.630679698630136,2026-08-07,True
Paneliankosken Voima Oy,12,2026-08-10,canonical_calculation,10.6,1,8.630679698630136,2026-08-07,True
Paneliankosken Voima Oy,12,2026-08-11,canonical_calculation,10.6,1,8.748859438356163,2026-08-10,True
Paneliankosken Voima Oy,12,2026-08-12,canonical_calculation,10.6,1,8.705082287671232,2026-08-11,True
Paneliankosken Voima Oy,12,2026-08-13,canonical_calculation,10.6,1,8.724316452054794,2026-08-12,True
Paneliankosken Voima Oy,12,2026-08-14,canonical_calculation,10.6,1,8.579424123287671,2026-08-13,True
Paneliankosken Voima Oy,12,2026-08-15,canonical_calculation,10.6,1,8.519703315068492,2026-08-14,True
Paneliankosken Voima Oy,12,2026-08-16,canonical_calculation,10.6,1,8.519703315068492,2026-08-14,True
Paneliankosken Voima Oy,12,2026-08-17,canonical_calculation,10.6,1,8.519703315068492,2026-08-14,True
Paneliankosken Voima Oy,12,2026-08-18,canonical_calculation,10.6,1,8.72096405479452,2026-08-17,True
Paneliankosken Voima Oy,12,2026-08-19,canonical_calculation,10.6,1,8.774798397260271,2026-08-18,True
Paneliankosken Voima Oy,12,2026-08-21,canonical_calculation,11.2,1,8.65210409589041,2026-08-20,True
Paneliankosken Voima Oy,12,2026-08-22,canonical_calculation,11.2,1,8.782668794520548,2026-08-21,True
Paneliankosken Voima Oy,12,2026-08-23,canonical_calculation,11.2,1,8.782668794520548,2026-08-21,True
Paneliankosken Voima Oy,12,2026-08-24,canonical_calculation,11.2,1,8.782668794520548,2026-08-21,True
Paneliankosken Voima Oy,12,2026-08-25,canonical_calculation,11.2,1,8.70024108219178,2026-08-24,True
Paneliankosken Voima Oy,12,2026-08-26,canonical_calculation,11.2,1,8.494331684931506,2026-08-25,True
Paneliankosken Voima Oy,12,2026-08-27,canonical_calculation,11.2,1,8.25278716438356,2026-08-26,True
Paneliankosken Voima Oy,12,2026-08-28,canonical_calculation,11.2,1,8.430127260273972,2026-08-27,True
Paneliankosken Voima Oy,12,2026-08-29,canonical_calculation,11.2,1,8.376550794520547,2026-08-28,True
Paneliankosken Voima Oy,12,2026-08-30,canonical_calculation,11.2,1,8.376550794520547,2026-08-28,True
Paneliankosken Voima Oy,12,2026-08-31,canonical_calculation,11.2,1,8.376550794520547,2026-08-28,True
Paneliankosken Voima Oy,12,2026-09-01,canonical_calculation,11.2,1,8.194654876712328,2026-08-31,True
Paneliankosken Voima Oy,12,2026-09-02,canonical_calculation,11.2,1,8.232160465753424,2026-09-01,True
Paneliankosken Voima Oy,12,2026-09-03,canonical_calculation,11.2,1,8.529712369863013,2026-09-02,True
Paneliankosken Voima Oy,12,2026-09-04,canonical_calculation,11.2,1,8.541691602739725,2026-09-03,True
Paneliankosken Voima Oy,12,2026-09-05,canonical_calculation,11.2,1,8.551384328767123,2026-09-04,True
Paneliankosken Voima Oy,12,2026-09-06,canonical_calculation,11.2,1,8.551384328767123,2026-09-04,True
Paneliankosken Voima Oy,12,2026-09-07,canonical_calculation,11.2,1,8.551384328767123,2026-09-04,True
Paneliankosken Voima Oy,12,2026-09-08,canonical_calculation,11.2,1,8.858608328767124,2026-09-07,True
Paneliankosken Voima Oy,12,2026-09-09,canonical_calculation,11.2,1,9.059559616438355,2026-09-08,True
Paneliankosken Voima Oy,12,2026-09-10,canonical_calculation,11.2,1,9.442544356164383,2026-09-09,True
Paneliankosken Voima Oy,12,2026-09-11,canonical_calculation,11.2,1,9.592642356164383,2026-09-10,True
Paneliankosken Voima Oy,12,2026-09-12,canonical_calculation,11.2,1,9.381571986301369,2026-09-11,True
Paneliankosken Voima Oy,12,2026-09-13,canonical_calculation,11.2,1,9.381571986301369,2026-09-11,True
Paneliankosken Voima Oy,24,2026-04-08,observed_seller_data,7.85,1,,,False
Paneliankosken Voima Oy,24,2026-04-09,observed_seller_data,7.85,1,6.314420047879617,2026-04-08,True
Paneliankosken Voima Oy,24,2026-04-10,observed_seller_data,7.85,1,6.2962903625171,2026-04-09,True
Paneliankosken Voima Oy,24,2026-04-11,observed_seller_data,7.85,1,6.228571867305061,2026-04-10,True
Paneliankosken Voima Oy,24,2026-04-12,observed_seller_data,7.85,1,6.228571867305061,2026-04-10,True
Paneliankosken Voima Oy,24,2026-04-13,observed_seller_data,7.85,1,6.228571867305061,2026-04-10,True
Paneliankosken Voima Oy,24,2026-04-14,observed_seller_data,7.85,1,6.23801269493844,2026-04-13,True
Paneliankosken Voima Oy,24,2026-04-15,observed_seller_data,7.85,1,6.177379541723666,2026-04-14,True
Paneliankosken Voima Oy,24,2026-04-16,observed_seller_data,8.15,1,6.144708337893295,2026-04-15,True
Paneliankosken Voima Oy,24,2026-04-17,observed_seller_data,8.15,1,6.150796203830369,2026-04-16,True
Paneliankosken Voima Oy,24,2026-04-18,observed_seller_data,8.15,1,6.103619534883721,2026-04-17,True
Paneliankosken Voima Oy,24,2026-04-19,observed_seller_data,8.15,1,6.103619534883721,2026-04-17,True
Paneliankosken Voima Oy,24,2026-04-20,observed_seller_data,8.15,1,6.103619534883721,2026-04-17,True
Paneliankosken Voima Oy,24,2026-04-21,observed_seller_data,8.15,1,6.087503686730505,2026-04-20,True
Paneliankosken Voima Oy,24,2026-04-22,observed_seller_data,8.15,1,6.154380937072504,2026-04-21,True
Paneliankosken Voima Oy,24,2026-04-23,observed_seller_data,8.15,1,6.177219876880984,2026-04-22,True
Paneliankosken Voima Oy,24,2026-04-24,observed_seller_data,8.15,1,6.256475444596442,2026-04-23,True
Paneliankosken Voima Oy,24,2026-04-25,observed_seller_data,8.15,1,6.191047195622435,2026-04-24,True
Paneliankosken Voima Oy,24,2026-04-26,observed_seller_data,8.15,1,6.191047195622435,2026-04-24,True
Paneliankosken Voima Oy,24,2026-04-27,observed_seller_data,8.15,1,6.191047195622435,2026-04-24,True
Paneliankosken Voima Oy,24,2026-04-28,observed_seller_data,8.15,1,6.134817701778386,2026-04-27,True
Paneliankosken Voima Oy,24,2026-04-29,observed_seller_data,8.15,1,6.171774103967169,2026-04-28,True
Paneliankosken Voima Oy,24,2026-04-30,observed_seller_data,8.15,1,6.239817079343364,2026-04-29,True
Paneliankosken Voima Oy,24,2026-05-01,observed_seller_data,8.15,1,6.355381805745553,2026-04-30,True
Paneliankosken Voima Oy,24,2026-05-02,observed_seller_data,8.15,1,6.355381805745553,2026-04-30,True
Paneliankosken Voima Oy,24,2026-05-03,observed_seller_data,8.15,1,6.355381805745553,2026-04-30,True
Paneliankosken Voima Oy,24,2026-05-04,observed_seller_data,8.15,1,6.355381805745553,2026-04-30,True
Paneliankosken Voima Oy,24,2026-05-05,observed_seller_data,8.15,1,6.476608625170997,2026-05-04,True
Paneliankosken Voima Oy,24,2026-05-06,observed_seller_data,8.15,1,6.494082482900137,2026-05-05,True
Paneliankosken Voima Oy,24,2026-05-07,observed_seller_data,8.15,1,6.3717053898768805,2026-05-06,True
Paneliankosken Voima Oy,24,2026-05-08,observed_seller_data,8.15,1,6.408783686730506,2026-05-07,True
Paneliankosken Voima Oy,24,2026-05-09,observed_seller_data,8.15,1,6.537145636114911,2026-05-08,True
Paneliankosken Voima Oy,24,2026-05-10,observed_seller_data,8.15,1,6.537145636114911,2026-05-08,True
Paneliankosken Voima Oy,24,2026-05-11,observed_seller_data,8.15,1,6.537145636114911,2026-05-08,True
Paneliankosken Voima Oy,24,2026-05-12,observed_seller_data,8.15,1,6.665234610123119,2026-05-11,True
Paneliankosken Voima Oy,24,2026-05-13,observed_seller_data,8.15,1,6.70606760601915,2026-05-12,True
Paneliankosken Voima Oy,24,2026-05-14,observed_seller_data,8.15,1,6.721105287277702,2026-05-13,True
Paneliankosken Voima Oy,24,2026-05-15,observed_seller_data,8.15,1,6.717319685362518,2026-05-14,True
Paneliankosken Voima Oy,24,2026-05-16,observed_seller_data,8.15,1,6.7470001778385775,2026-05-15,True
Paneliankosken Voima Oy,24,2026-05-17,observed_seller_data,8.15,1,6.7470001778385775,2026-05-15,True
Paneliankosken Voima Oy,24,2026-05-18,observed_seller_data,8.15,1,6.7470001778385775,2026-05-15,True
Paneliankosken Voima Oy,24,2026-05-19,observed_seller_data,8.15,1,6.650742879616962,2026-05-18,True
Paneliankosken Voima Oy,24,2026-05-20,observed_seller_data,8.15,1,6.6187309370725025,2026-05-19,True
Paneliankosken Voima Oy,24,2026-05-21,observed_seller_data,8.4,1,6.6317977017783845,2026-05-20,True
Paneliankosken Voima Oy,24,2026-05-22,observed_seller_data,8.4,1,6.702566997264021,2026-05-21,True
Paneliankosken Voima Oy,24,2026-05-23,observed_seller_data,8.4,1,6.6722512790697674,2026-05-22,True
Paneliankosken Voima Oy,24,2026-05-24,observed_seller_data,8.4,1,6.6722512790697674,2026-05-22,True
Paneliankosken Voima Oy,24,2026-05-25,observed_seller_data,8.4,1,6.6722512790697674,2026-05-22,True
Paneliankosken Voima Oy,24,2026-05-26,observed_seller_data,8.4,1,6.515872441860465,2026-05-25,True
Paneliankosken Voima Oy,24,2026-05-27,observed_seller_data,8.4,1,6.584854521203829,2026-05-26,True
Paneliankosken Voima Oy,24,2026-05-28,observed_seller_data,8.4,1,6.484572982216141,2026-05-27,True
Paneliankosken Voima Oy,24,2026-05-29,observed_seller_data,8.4,1,6.595828474692201,2026-05-28,True
Paneliankosken Voima Oy,24,2026-05-30,observed_seller_data,8.4,1,6.705398043775649,2026-05-29,True
Paneliankosken Voima Oy,24,2026-05-31,observed_seller_data,8.4,1,6.705398043775649,2026-05-29,True
Paneliankosken Voima Oy,24,2026-06-01,observed_seller_data,8.4,1,6.692830875512995,2026-05-29,True
Paneliankosken Voima Oy,24,2026-06-02,observed_seller_data,8.4,1,6.863023296853624,2026-06-01,True
Paneliankosken Voima Oy,24,2026-06-03,observed_seller_data,8.4,1,6.804407414500683,2026-06-02,True
Paneliankosken Voima Oy,24,2026-06-04,observed_seller_data,8.4,1,6.924890848153214,2026-06-03,True
Paneliankosken Voima Oy,24,2026-06-05,observed_seller_data,8.4,1,6.841681429548563,2026-06-04,True
Paneliankosken Voima Oy,24,2026-06-06,observed_seller_data,8.4,1,6.780177845417237,2026-06-05,True
Paneliankosken Voima Oy,24,2026-06-07,observed_seller_data,8.4,1,6.780177845417237,2026-06-05,True
Paneliankosken Voima Oy,24,2026-06-08,observed_seller_data,8.4,1,6.780177845417237,2026-06-05,True
Paneliankosken Voima Oy,24,2026-06-09,observed_seller_data,8.4,1,6.7652792270861815,2026-06-08,True
Paneliankosken Voima Oy,24,2026-06-10,observed_seller_data,8.4,1,6.654351648426812,2026-06-09,True
Paneliankosken Voima Oy,24,2026-06-11,observed_seller_data,8.4,1,6.690471956224349,2026-06-10,True
Paneliankosken Voima Oy,24,2026-06-12,observed_seller_data,8.75,1,6.73640049247606,2026-06-11,True
Paneliankosken Voima Oy,24,2026-06-13,observed_seller_data,8.75,1,6.603004808481531,2026-06-12,True
Paneliankosken Voima Oy,24,2026-06-14,observed_seller_data,8.75,1,6.603004808481531,2026-06-12,True
Paneliankosken Voima Oy,24,2026-06-15,observed_seller_data,8.75,1,6.603004808481531,2026-06-12,True
Paneliankosken Voima Oy,24,2026-06-16,observed_seller_data,8.75,1,6.537957694938441,2026-06-15,True
Paneliankosken Voima Oy,24,2026-06-17,observed_seller_data,8.75,1,6.571571436388509,2026-06-16,True
Paneliankosken Voima Oy,24,2026-06-18,observed_seller_data,8.75,1,6.488619541723665,2026-06-17,True
Paneliankosken Voima Oy,24,2026-06-19,observed_seller_data,8.75,1,6.392096135430917,2026-06-18,True
Paneliankosken Voima Oy,24,2026-06-20,observed_seller_data,8.75,1,6.448359965800273,2026-06-19,True
Paneliankosken Voima Oy,24,2026-06-21,observed_seller_data,8.75,1,6.448359965800273,2026-06-19,True
Paneliankosken Voima Oy,24,2026-06-22,observed_seller_data,8.75,1,6.448359965800273,2026-06-19,True
Paneliankosken Voima Oy,24,2026-06-23,observed_seller_data,8.75,1,6.2601099658002735,2026-06-22,True
Paneliankosken Voima Oy,24,2026-06-24,observed_seller_data,8.75,1,6.329272311901504,2026-06-23,True
Paneliankosken Voima Oy,24,2026-06-25,observed_seller_data,8.75,1,6.319347339261285,2026-06-24,True
Paneliankosken Voima Oy,24,2026-06-26,observed_seller_data,8.75,1,6.360398372093023,2026-06-25,True
Paneliankosken Voima Oy,24,2026-06-27,observed_seller_data,8.75,1,6.398996060191518,2026-06-26,True
Paneliankosken Voima Oy,24,2026-06-28,observed_seller_data,8.75,1,6.398996060191518,2026-06-26,True
Paneliankosken Voima Oy,24,2026-06-29,observed_seller_data,8.75,1,6.398996060191518,2026-06-26,True
Paneliankosken Voima Oy,24,2026-06-30,observed_seller_data,8.75,1,6.356499459644321,2026-06-29,True
Paneliankosken Voima Oy,24,2026-07-01,observed_seller_data,8.75,1,6.578045588235293,2026-06-30,True
Paneliankosken Voima Oy,24,2026-07-02,observed_seller_data,8.75,1,6.6284910943912445,2026-07-01,True
Paneliankosken Voima Oy,24,2026-07-03,observed_seller_data,8.75,1,6.720432291381669,2026-07-02,True
Paneliankosken Voima Oy,24,2026-07-04,observed_seller_data,8.75,1,6.790317421340628,2026-07-03,True
Paneliankosken Voima Oy,24,2026-07-05,observed_seller_data,8.75,1,6.790317421340628,2026-07-03,True
Paneliankosken Voima Oy,24,2026-07-06,observed_seller_data,8.75,1,6.790317421340628,2026-07-03,True
Paneliankosken Voima Oy,24,2026-07-07,observed_seller_data,8.75,1,6.748586525307798,2026-07-06,True
Paneliankosken Voima Oy,24,2026-07-08,observed_seller_data,8.75,1,6.768290540355675,2026-07-07,True
Paneliankosken Voima Oy,24,2026-07-09,observed_seller_data,8.75,1,6.846610437756497,2026-07-08,True
Paneliankosken Voima Oy,24,2026-07-10,observed_seller_data,8.75,1,6.866929076607387,2026-07-09,True
Paneliankosken Voima Oy,24,2026-07-11,observed_seller_data,8.75,1,6.839267571819425,2026-07-10,True
Paneliankosken Voima Oy,24,2026-07-12,observed_seller_data,8.75,1,6.839267571819425,2026-07-10,True
Paneliankosken Voima Oy,24,2026-07-13,observed_seller_data,8.75,1,6.839267571819425,2026-07-10,True
Paneliankosken Voima Oy,24,2026-07-14,observed_seller_data,8.75,1,6.9581303214774275,2026-07-13,True
Paneliankosken Voima Oy,24,2026-07-15,observed_seller_data,8.75,1,7.056428926128589,2026-07-14,True
Paneliankosken Voima Oy,24,2026-07-16,observed_seller_data,8.75,1,7.151063823529411,2026-07-15,True
Paneliankosken Voima Oy,24,2026-07-17,observed_seller_data,8.75,1,7.151930820793433,2026-07-16,True
Paneliankosken Voima Oy,24,2026-07-18,observed_seller_data,8.75,1,7.250301532147743,2026-07-17,True
Paneliankosken Voima Oy,24,2026-07-19,observed_seller_data,8.75,1,7.250301532147743,2026-07-17,True
Paneliankosken Voima Oy,24,2026-07-20,observed_seller_data,8.75,1,7.250301532147743,2026-07-17,True
Paneliankosken Voima Oy,24,2026-07-21,observed_seller_data,9.15,1,7.25315146374829,2026-07-20,True
Paneliankosken Voima Oy,24,2026-07-22,observed_seller_data,9.15,1,7.284062920656635,2026-07-21,True
Paneliankosken Voima Oy,24,2026-07-23,observed_seller_data,9.15,1,7.422411648426812,2026-07-22,True
Paneliankosken Voima Oy,24,2026-07-24,observed_seller_data,9.15,1,7.446412879616962,2026-07-23,True
Paneliankosken Voima Oy,24,2026-07-25,observed_seller_data,9.15,1,7.456499233926127,2026-07-24,True
Paneliankosken Voima Oy,24,2026-07-26,observed_seller_data,9.15,1,7.456499233926127,2026-07-24,True
Paneliankosken Voima Oy,24,2026-07-27,canonical_calculation,9.15,1,7.456499233926127,2026-07-24,True
Paneliankosken Voima Oy,24,2026-07-28,canonical_calculation,9.15,1,7.337356641586867,2026-07-27,True
Paneliankosken Voima Oy,24,2026-07-29,canonical_calculation,9.15,1,7.273444350205198,2026-07-28,True
Paneliankosken Voima Oy,24,2026-07-31,canonical_calculation,9.6,1,7.412508994528044,2026-07-30,True
Paneliankosken Voima Oy,24,2026-08-01,canonical_calculation,9.6,1,7.608965424076606,2026-07-31,True
Paneliankosken Voima Oy,24,2026-08-02,canonical_calculation,9.6,1,7.608965424076606,2026-07-31,True
Paneliankosken Voima Oy,24,2026-08-03,canonical_calculation,9.6,1,7.608965424076606,2026-07-31,True
Paneliankosken Voima Oy,24,2026-08-04,canonical_calculation,9.6,1,7.529972530779754,2026-08-03,True
Paneliankosken Voima Oy,24,2026-08-05,canonical_calculation,9.6,1,7.585975403556771,2026-08-04,True
Paneliankosken Voima Oy,24,2026-08-06,canonical_calculation,9.6,1,7.4775578248974,2026-08-05,True
Paneliankosken Voima Oy,24,2026-08-07,canonical_calculation,9.6,1,7.496314151846784,2026-08-06,True
Paneliankosken Voima Oy,24,2026-08-08,canonical_calculation,9.6,1,7.491129336525306,2026-08-07,True
Paneliankosken Voima Oy,24,2026-08-09,canonical_calculation,9.6,1,7.491129336525306,2026-08-07,True
Paneliankosken Voima Oy,24,2026-08-10,canonical_calculation,9.6,1,7.491129336525306,2026-08-07,True
Paneliankosken Voima Oy,24,2026-08-11,canonical_calculation,9.6,1,7.565430143638851,2026-08-10,True
Paneliankosken Voima Oy,24,2026-08-12,canonical_calculation,9.6,1,7.543820451436388,2026-08-11,True
Paneliankosken Voima Oy,24,2026-08-13,canonical_calculation,9.6,1,7.565919439124487,2026-08-12,True
Paneliankosken Voima Oy,24,2026-08-14,canonical_calculation,9.6,1,7.4593920861833105,2026-08-13,True
Paneliankosken Voima Oy,24,2026-08-15,canonical_calculation,9.6,1,7.408258132694938,2026-08-14,True
Paneliankosken Voima Oy,24,2026-08-16,canonical_calculation,9.6,1,7.408258132694938,2026-08-14,True
Paneliankosken Voima Oy,24,2026-08-17,canonical_calculation,9.6,1,7.408258132694938,2026-08-14,True
Paneliankosken Voima Oy,24,2026-08-18,canonical_calculation,9.6,1,7.543262482900136,2026-08-17,True
Paneliankosken Voima Oy,24,2026-08-19,canonical_calculation,9.6,1,7.569327339261285,2026-08-18,True
Paneliankosken Voima Oy,24,2026-08-21,canonical_calculation,10.2,1,7.518734186046511,2026-08-20,True
Paneliankosken Voima Oy,24,2026-08-22,canonical_calculation,10.2,1,7.600690321477427,2026-08-21,True
Paneliankosken Voima Oy,24,2026-08-23,canonical_calculation,10.2,1,7.600690321477427,2026-08-21,True
Paneliankosken Voima Oy,24,2026-08-24,canonical_calculation,10.2,1,7.600690321477427,2026-08-21,True
Paneliankosken Voima Oy,24,2026-08-25,canonical_calculation,10.2,1,7.572352387140903,2026-08-24,True
Paneliankosken Voima Oy,24,2026-08-26,canonical_calculation,10.2,1,7.385951409028726,2026-08-25,True
Paneliankosken Voima Oy,24,2026-08-27,canonical_calculation,10.2,1,7.248811326949384,2026-08-26,True
Paneliankosken Voima Oy,24,2026-08-28,canonical_calculation,10.2,1,7.380433529411764,2026-08-27,True
Paneliankosken Voima Oy,24,2026-08-29,canonical_calculation,10.2,1,7.362903016415868,2026-08-28,True
Paneliankosken Voima Oy,24,2026-08-30,canonical_calculation,10.2,1,7.362903016415868,2026-08-28,True
Paneliankosken Voima Oy,24,2026-08-31,canonical_calculation,10.2,1,7.362903016415868,2026-08-28,True
Paneliankosken Voima Oy,24,2026-09-01,canonical_calculation,10.2,1,7.3933217441860455,2026-08-31,True
Paneliankosken Voima Oy,24,2026-09-02,canonical_calculation,10.2,1,7.452802906976744,2026-09-01,True
Paneliankosken Voima Oy,24,2026-09-03,canonical_calculation,10.2,1,7.658533632010943,2026-09-02,True
Paneliankosken Voima Oy,24,2026-09-04,canonical_calculation,10.2,1,7.687525677154583,2026-09-03,True
Paneliankosken Voima Oy,24,2026-09-05,canonical_calculation,10.2,1,7.69683602599179,2026-09-04,True
Paneliankosken Voima Oy,24,2026-09-06,canonical_calculation,10.2,1,7.69683602599179,2026-09-04,True
Paneliankosken Voima Oy,24,2026-09-07,canonical_calculation,10.2,1,7.69683602599179,2026-09-04,True
Paneliankosken Voima Oy,24,2026-09-08,canonical_calculation,10.2,1,7.916026668946647,2026-09-07,True
Paneliankosken Voima Oy,24,2026-09-09,canonical_calculation,10.2,1,8.065436908344731,2026-09-08,True
Paneliankosken Voima Oy,24,2026-09-10,canonical_calculation,10.2,1,8.37942211354309,2026-09-09,True
Paneliankosken Voima Oy,24,2026-09-11,canonical_calculation,10.2,1,8.510666614227084,2026-09-10,True
Paneliankosken Voima Oy,24,2026-09-12,canonical_calculation,10.2,1,8.336777865937071,2026-09-11,True
Paneliankosken Voima Oy,24,2026-09-13,canonical_calculation,10.2,1,8.336777865937071,2026-09-11,True
Pohjois-Karjalan Sähkö Oy,6,2026-04-08,observed_seller_data,7.74,1,,,False
Pohjois-Karjalan Sähkö Oy,6,2026-04-09,observed_seller_data,7.74,1,5.674571168478261,2026-04-08,True
Pohjois-Karjalan Sähkö Oy,6,2026-04-10,observed_seller_data,7.74,1,5.6259399184782595,2026-04-09,True
Pohjois-Karjalan Sähkö Oy,6,2026-04-11,observed_seller_data,7.74,1,5.571442907608695,2026-04-10,True
Pohjois-Karjalan Sähkö Oy,6,2026-04-12,observed_seller_data,7.74,1,5.571442907608695,2026-04-10,True
Pohjois-Karjalan Sähkö Oy,6,2026-04-13,observed_seller_data,7.74,1,5.571442907608695,2026-04-10,True
Pohjois-Karjalan Sähkö Oy,6,2026-04-14,observed_seller_data,7.74,1,5.563196739130434,2026-04-13,True
Pohjois-Karjalan Sähkö Oy,6,2026-04-15,observed_seller_data,7.74,1,5.412678586956522,2026-04-14,True
Pohjois-Karjalan Sähkö Oy,6,2026-04-16,observed_seller_data,7.74,1,5.3783638858695655,2026-04-15,True
Pohjois-Karjalan Sähkö Oy,6,2026-04-17,observed_seller_data,7.74,1,5.434354619565217,2026-04-16,True
Pohjois-Karjalan Sähkö Oy,6,2026-04-18,observed_seller_data,7.74,1,5.393219266304348,2026-04-17,True
Pohjois-Karjalan Sähkö Oy,6,2026-04-19,observed_seller_data,7.74,1,5.393219266304348,2026-04-17,True
Pohjois-Karjalan Sähkö Oy,6,2026-04-20,observed_seller_data,7.74,1,5.393219266304348,2026-04-17,True
Pohjois-Karjalan Sähkö Oy,6,2026-04-21,observed_seller_data,7.74,1,5.466534456521739,2026-04-20,True
Pohjois-Karjalan Sähkö Oy,6,2026-04-22,observed_seller_data,7.74,1,5.530171141304348,2026-04-21,True
Pohjois-Karjalan Sähkö Oy,6,2026-04-23,observed_seller_data,7.74,1,5.561593885869565,2026-04-22,True
Pohjois-Karjalan Sähkö Oy,6,2026-04-24,observed_seller_data,7.74,1,5.632699184782608,2026-04-23,True
Pohjois-Karjalan Sähkö Oy,6,2026-04-25,observed_seller_data,7.74,1,5.489342717391304,2026-04-24,True
Pohjois-Karjalan Sähkö Oy,6,2026-04-26,observed_seller_data,7.74,1,5.489342717391304,2026-04-24,True
Pohjois-Karjalan Sähkö Oy,6,2026-04-27,observed_seller_data,7.74,1,5.489342717391304,2026-04-24,True
Pohjois-Karjalan Sähkö Oy,6,2026-04-28,observed_seller_data,7.74,1,5.378875434782609,2026-04-27,True
Pohjois-Karjalan Sähkö Oy,6,2026-04-29,observed_seller_data,7.74,1,5.458874864130435,2026-04-28,True
Pohjois-Karjalan Sähkö Oy,6,2026-04-30,observed_seller_data,7.74,1,5.601869836956521,2026-04-29,True
Pohjois-Karjalan Sähkö Oy,6,2026-05-01,observed_seller_data,7.74,1,6.441215491803279,2026-04-30,True
Pohjois-Karjalan Sähkö Oy,6,2026-05-02,observed_seller_data,7.74,1,6.441215491803279,2026-04-30,True
Pohjois-Karjalan Sähkö Oy,6,2026-05-03,observed_seller_data,7.74,1,6.441215491803279,2026-04-30,True
Pohjois-Karjalan Sähkö Oy,6,2026-05-04,observed_seller_data,7.74,1,6.441215491803279,2026-04-30,True
Pohjois-Karjalan Sähkö Oy,6,2026-05-05,observed_seller_data,7.74,1,6.770018633879781,2026-05-04,True
Pohjois-Karjalan Sähkö Oy,6,2026-05-06,observed_seller_data,8.76,1,6.7423194808743165,2026-05-05,True
Pohjois-Karjalan Sähkö Oy,6,2026-05-07,observed_seller_data,8.76,1,6.660545601092896,2026-05-06,True
Pohjois-Karjalan Sähkö Oy,6,2026-05-08,observed_seller_data,8.76,1,6.847012540983606,2026-05-07,True
Pohjois-Karjalan Sähkö Oy,6,2026-05-09,observed_seller_data,8.76,1,7.107675355191256,2026-05-08,True
Pohjois-Karjalan Sähkö Oy,6,2026-05-10,observed_seller_data,8.76,1,7.107675355191256,2026-05-08,True
Pohjois-Karjalan Sähkö Oy,6,2026-05-11,observed_seller_data,8.76,1,7.107675355191256,2026-05-08,True
Pohjois-Karjalan Sähkö Oy,6,2026-05-12,observed_seller_data,8.76,1,7.366465956284151,2026-05-11,True
Pohjois-Karjalan Sähkö Oy,6,2026-05-13,observed_seller_data,8.76,1,7.396359644808744,2026-05-12,True
Pohjois-Karjalan Sähkö Oy,6,2026-05-14,observed_seller_data,8.76,1,7.428221557377048,2026-05-13,True
Pohjois-Karjalan Sähkö Oy,6,2026-05-15,observed_seller_data,8.76,1,7.398444453551912,2026-05-14,True
Pohjois-Karjalan Sähkö Oy,6,2026-05-16,observed_seller_data,8.76,1,7.479093633879781,2026-05-15,True
Pohjois-Karjalan Sähkö Oy,6,2026-05-17,observed_seller_data,8.76,1,7.479093633879781,2026-05-15,True
Pohjois-Karjalan Sähkö Oy,6,2026-05-18,observed_seller_data,8.76,1,7.479093633879781,2026-05-15,True
Pohjois-Karjalan Sähkö Oy,6,2026-05-19,observed_seller_data,8.76,1,7.228169071038252,2026-05-18,True
Pohjois-Karjalan Sähkö Oy,6,2026-05-20,observed_seller_data,8.76,1,7.127330163934426,2026-05-19,True
Pohjois-Karjalan Sähkö Oy,6,2026-05-21,observed_seller_data,8.76,1,7.172736475409835,2026-05-20,True
Pohjois-Karjalan Sähkö Oy,6,2026-05-22,observed_seller_data,8.76,1,7.28672887978142,2026-05-21,True
Pohjois-Karjalan Sähkö Oy,6,2026-05-23,observed_seller_data,8.76,1,7.243229071038251,2026-05-22,True
Pohjois-Karjalan Sähkö Oy,6,2026-05-24,observed_seller_data,8.76,1,7.243229071038251,2026-05-22,True
Pohjois-Karjalan Sähkö Oy,6,2026-05-25,observed_seller_data,8.76,1,7.243229071038251,2026-05-22,True
Pohjois-Karjalan Sähkö Oy,6,2026-05-26,observed_seller_data,8.76,1,6.942173087431693,2026-05-25,True
Pohjois-Karjalan Sähkö Oy,6,2026-05-27,observed_seller_data,8.76,1,7.076855846994536,2026-05-26,True
Pohjois-Karjalan Sähkö Oy,6,2026-05-28,observed_seller_data,8.76,1,6.931831338797814,2026-05-27,True
Pohjois-Karjalan Sähkö Oy,6,2026-05-29,observed_seller_data,8.76,1,7.196656912568304,2026-05-28,True
Pohjois-Karjalan Sähkö Oy,6,2026-05-30,observed_seller_data,8.76,1,7.456805382513661,2026-05-29,True
Pohjois-Karjalan Sähkö Oy,6,2026-05-31,observed_seller_data,8.76,1,7.456805382513661,2026-05-29,True
Pohjois-Karjalan Sähkö Oy,6,2026-06-01,observed_seller_data,8.76,1,8.027859864130434,2026-05-29,True
Pohjois-Karjalan Sähkö Oy,6,2026-06-02,observed_seller_data,8.76,1,8.316530326086957,2026-06-01,True
Pohjois-Karjalan Sähkö Oy,6,2026-06-03,observed_seller_data,8.76,1,8.12564073369565,2026-06-02,True
Pohjois-Karjalan Sähkö Oy,6,2026-06-04,observed_seller_data,8.76,1,8.344590489130434,2026-06-03,True
Pohjois-Karjalan Sähkö Oy,6,2026-06-05,observed_seller_data,10.79,1,8.148851413043477,2026-06-04,True
Pohjois-Karjalan Sähkö Oy,6,2026-06-06,observed_seller_data,10.79,1,8.002125543478261,2026-06-05,True
Pohjois-Karjalan Sähkö Oy,6,2026-06-07,observed_seller_data,10.79,1,8.002125543478261,2026-06-05,True
Pohjois-Karjalan Sähkö Oy,6,2026-06-08,observed_seller_data,10.79,1,8.002125543478261,2026-06-05,True
Pohjois-Karjalan Sähkö Oy,6,2026-06-09,observed_seller_data,10.79,1,8.021243831521739,2026-06-08,True
Pohjois-Karjalan Sähkö Oy,6,2026-06-10,observed_seller_data,10.79,1,7.776116413043478,2026-06-09,True
Pohjois-Karjalan Sähkö Oy,6,2026-06-11,observed_seller_data,10.79,1,7.787288641304348,2026-06-10,True
Pohjois-Karjalan Sähkö Oy,6,2026-06-12,observed_seller_data,10.79,1,7.798379021739129,2026-06-11,True
Pohjois-Karjalan Sähkö Oy,6,2026-06-13,observed_seller_data,10.79,1,7.557739592391304,2026-06-12,True
Pohjois-Karjalan Sähkö Oy,6,2026-06-14,observed_seller_data,10.79,1,7.557739592391304,2026-06-12,True
Pohjois-Karjalan Sähkö Oy,6,2026-06-15,observed_seller_data,10.79,1,7.557739592391304,2026-06-12,True
Pohjois-Karjalan Sähkö Oy,6,2026-06-16,observed_seller_data,10.79,1,7.4405744293478255,2026-06-15,True
Pohjois-Karjalan Sähkö Oy,6,2026-06-17,observed_seller_data,10.79,1,7.485686222826087,2026-06-16,True
Pohjois-Karjalan Sähkö Oy,6,2026-06-18,observed_seller_data,10.79,1,7.333497010869565,2026-06-17,True
Pohjois-Karjalan Sähkö Oy,6,2026-06-19,observed_seller_data,10.79,1,7.184213396739131,2026-06-18,True
Pohjois-Karjalan Sähkö Oy,6,2026-06-20,observed_seller_data,10.79,1,7.332889972826087,2026-06-19,True
Pohjois-Karjalan Sähkö Oy,6,2026-06-21,observed_seller_data,10.79,1,7.332889972826087,2026-06-19,True
Pohjois-Karjalan Sähkö Oy,6,2026-06-22,observed_seller_data,10.79,1,7.332889972826087,2026-06-19,True
Pohjois-Karjalan Sähkö Oy,6,2026-06-23,observed_seller_data,10.79,1,6.920779347826087,2026-06-22,True
Pohjois-Karjalan Sähkö Oy,6,2026-06-24,observed_seller_data,10.79,1,6.979552907608695,2026-06-23,True
Pohjois-Karjalan Sähkö Oy,6,2026-06-25,observed_seller_data,10.79,1,6.916189048913043,2026-06-24,True
Pohjois-Karjalan Sähkö Oy,6,2026-06-26,observed_seller_data,10.79,1,6.9198994836956516,2026-06-25,True
Pohjois-Karjalan Sähkö Oy,6,2026-06-27,observed_seller_data,10.79,1,7.021247554347825,2026-06-26,True
Pohjois-Karjalan Sähkö Oy,6,2026-06-28,observed_seller_data,10.79,1,7.021247554347825,2026-06-26,True
Pohjois-Karjalan Sähkö Oy,6,2026-06-29,observed_seller_data,10.79,1,7.021247554347825,2026-06-26,True
Pohjois-Karjalan Sähkö Oy,6,2026-06-30,observed_seller_data,10.79,1,7.20875410326087,2026-06-29,True
Pohjois-Karjalan Sähkö Oy,6,2026-07-01,observed_seller_data,10.79,1,8.389504483695651,2026-06-30,True
Pohjois-Karjalan Sähkö Oy,6,2026-07-02,observed_seller_data,10.79,1,8.399762744565216,2026-07-01,True
Pohjois-Karjalan Sähkö Oy,6,2026-07-03,observed_seller_data,10.79,1,8.60288858695652,2026-07-02,True
Pohjois-Karjalan Sähkö Oy,6,2026-07-04,observed_seller_data,10.79,1,8.829231929347825,2026-07-03,True
Pohjois-Karjalan Sähkö Oy,6,2026-07-05,observed_seller_data,10.79,1,8.829231929347825,2026-07-03,True
Pohjois-Karjalan Sähkö Oy,6,2026-07-06,observed_seller_data,10.79,1,8.829231929347825,2026-07-03,True
Pohjois-Karjalan Sähkö Oy,6,2026-07-07,observed_seller_data,10.79,1,8.83481804347826,2026-07-06,True
Pohjois-Karjalan Sähkö Oy,6,2026-07-08,observed_seller_data,11.364999999999998,2,8.888237391304347,2026-07-07,True
Pohjois-Karjalan Sähkö Oy,6,2026-07-09,observed_seller_data,11.364999999999998,2,9.081084510869564,2026-07-08,True
Pohjois-Karjalan Sähkö Oy,6,2026-07-10,observed_seller_data,11.364999999999998,2,9.261954565217389,2026-07-09,True
Pohjois-Karjalan Sähkö Oy,6,2026-07-11,observed_seller_data,11.364999999999998,2,9.247372010869563,2026-07-10,True
Pohjois-Karjalan Sähkö Oy,6,2026-07-12,observed_seller_data,11.364999999999998,2,9.247372010869563,2026-07-10,True
Pohjois-Karjalan Sähkö Oy,6,2026-07-13,observed_seller_data,11.364999999999998,2,9.247372010869563,2026-07-10,True
Pohjois-Karjalan Sähkö Oy,6,2026-07-14,observed_seller_data,11.364999999999998,2,9.484048641304346,2026-07-13,True
Pohjois-Karjalan Sähkö Oy,6,2026-07-15,observed_seller_data,11.364999999999998,2,9.635098804347825,2026-07-14,True
Pohjois-Karjalan Sähkö Oy,6,2026-07-16,observed_seller_data,11.364999999999998,2,9.893621983695652,2026-07-15,True
Pohjois-Karjalan Sähkö Oy,6,2026-07-17,observed_seller_data,11.364999999999998,2,9.821984673913043,2026-07-16,True
Pohjois-Karjalan Sähkö Oy,6,2026-07-18,observed_seller_data,11.364999999999998,2,10.060427853260867,2026-07-17,True
Pohjois-Karjalan Sähkö Oy,6,2026-07-19,observed_seller_data,11.364999999999998,2,10.060427853260867,2026-07-17,True
Pohjois-Karjalan Sähkö Oy,6,2026-07-20,observed_seller_data,11.364999999999998,2,10.060427853260867,2026-07-17,True
Pohjois-Karjalan Sähkö Oy,6,2026-07-21,observed_seller_data,11.364999999999998,2,10.116848288043478,2026-07-20,True
Pohjois-Karjalan Sähkö Oy,6,2026-07-22,observed_seller_data,11.364999999999998,2,10.145904266304347,2026-07-21,True
Pohjois-Karjalan Sähkö Oy,6,2026-07-23,observed_seller_data,11.364999999999998,2,10.487925869565217,2026-07-22,True
Pohjois-Karjalan Sähkö Oy,6,2026-07-24,observed_seller_data,11.364999999999998,2,10.476433070652174,2026-07-23,True
Pohjois-Karjalan Sähkö Oy,6,2026-07-25,observed_seller_data,11.364999999999998,2,10.398609429347827,2026-07-24,True
Pohjois-Karjalan Sähkö Oy,6,2026-07-26,observed_seller_data,11.364999999999998,2,10.398609429347827,2026-07-24,True
Pohjois-Karjalan Sähkö Oy,6,2026-07-27,canonical_calculation,11.364999999999998,2,10.398609429347827,2026-07-24,True
Pohjois-Karjalan Sähkö Oy,6,2026-07-28,canonical_calculation,11.364999999999998,2,10.149839782608694,2026-07-27,True
Pohjois-Karjalan Sähkö Oy,6,2026-07-29,canonical_calculation,11.364999999999998,2,10.074553423913043,2026-07-28,True
Pohjois-Karjalan Sähkö Oy,6,2026-07-30,canonical_calculation,11.94,1,10.453140543478257,2026-07-29,True
Pohjois-Karjalan Sähkö Oy,6,2026-07-31,canonical_calculation,11.94,1,10.418491630434781,2026-07-30,True
Pohjois-Karjalan Sähkö Oy,6,2026-08-01,canonical_calculation,11.94,1,11.953403508287291,2026-07-31,True
Pohjois-Karjalan Sähkö Oy,6,2026-08-02,canonical_calculation,11.94,1,11.953403508287291,2026-07-31,True
Pohjois-Karjalan Sähkö Oy,6,2026-08-03,canonical_calculation,11.94,1,11.953403508287291,2026-07-31,True
Pohjois-Karjalan Sähkö Oy,6,2026-08-04,canonical_calculation,11.94,1,11.636949364640882,2026-08-03,True
Pohjois-Karjalan Sähkö Oy,6,2026-08-05,canonical_calculation,11.94,1,11.838782486187846,2026-08-04,True
Pohjois-Karjalan Sähkö Oy,6,2026-08-06,canonical_calculation,11.94,1,11.559888204419888,2026-08-05,True
Pohjois-Karjalan Sähkö Oy,6,2026-08-07,canonical_calculation,11.94,1,11.55857773480663,2026-08-06,True
Pohjois-Karjalan Sähkö Oy,6,2026-08-08,canonical_calculation,14.43,1,11.478583618784532,2026-08-07,True
Pohjois-Karjalan Sähkö Oy,6,2026-08-09,canonical_calculation,14.43,1,11.478583618784532,2026-08-07,True
Pohjois-Karjalan Sähkö Oy,6,2026-08-10,canonical_calculation,14.43,1,11.478583618784532,2026-08-07,True
Pohjois-Karjalan Sähkö Oy,6,2026-08-11,canonical_calculation,14.43,1,11.645401546961326,2026-08-10,True
Pohjois-Karjalan Sähkö Oy,6,2026-08-12,canonical_calculation,14.43,1,11.571758701657458,2026-08-11,True
Pohjois-Karjalan Sähkö Oy,6,2026-08-13,canonical_calculation,14.43,1,11.600921850828728,2026-08-12,True
Pohjois-Karjalan Sähkö Oy,6,2026-08-14,canonical_calculation,14.43,1,11.42925726519337,2026-08-13,True
Pohjois-Karjalan Sähkö Oy,6,2026-08-15,canonical_calculation,14.43,1,11.314379696132594,2026-08-14,True
Pohjois-Karjalan Sähkö Oy,6,2026-08-16,canonical_calculation,14.43,1,11.314379696132594,2026-08-14,True
Pohjois-Karjalan Sähkö Oy,6,2026-08-17,canonical_calculation,14.43,1,11.314379696132594,2026-08-14,True
Pohjois-Karjalan Sähkö Oy,6,2026-08-18,canonical_calculation,14.43,1,11.569546850828727,2026-08-17,True
Pohjois-Karjalan Sähkö Oy,6,2026-08-19,canonical_calculation,14.43,1,11.674093204419888,2026-08-18,True
Pohjois-Karjalan Sähkö Oy,6,2026-08-20,canonical_calculation,14.43,1,11.554556187845302,2026-08-19,True
Pohjois-Karjalan Sähkö Oy,6,2026-08-21,canonical_calculation,14.43,1,11.415459198895025,2026-08-20,True
Pohjois-Karjalan Sähkö Oy,6,2026-08-22,canonical_calculation,14.43,1,11.601920303867402,2026-08-21,True
Pohjois-Karjalan Sähkö Oy,6,2026-08-23,canonical_calculation,14.43,1,11.601920303867402,2026-08-21,True
Pohjois-Karjalan Sähkö Oy,6,2026-08-24,canonical_calculation,14.43,1,11.601920303867402,2026-08-21,True
Pohjois-Karjalan Sähkö Oy,6,2026-08-25,canonical_calculation,14.43,1,11.451798729281766,2026-08-24,True
Pohjois-Karjalan Sähkö Oy,6,2026-08-26,canonical_calculation,14.43,1,11.270392292817679,2026-08-25,True
Pohjois-Karjalan Sähkö Oy,6,2026-08-27,canonical_calculation,14.43,1,10.910380635359115,2026-08-26,True
Pohjois-Karjalan Sähkö Oy,6,2026-08-28,canonical_calculation,14.43,1,11.102617513812154,2026-08-27,True
Pohjois-Karjalan Sähkö Oy,6,2026-08-29,canonical_calculation,14.43,1,11.025050193370166,2026-08-28,True
Pohjois-Karjalan Sähkö Oy,6,2026-08-30,canonical_calculation,14.43,1,11.025050193370166,2026-08-28,True
Pohjois-Karjalan Sähkö Oy,6,2026-08-31,canonical_calculation,14.43,1,11.025050193370166,2026-08-28,True
Pohjois-Karjalan Sähkö Oy,6,2026-09-01,canonical_calculation,14.43,1,11.866493901098899,2026-08-31,True
Pohjois-Karjalan Sähkö Oy,6,2026-09-02,canonical_calculation,14.43,1,11.862680631868132,2026-09-01,True
Pohjois-Karjalan Sähkö Oy,6,2026-09-03,canonical_calculation,14.43,1,12.428430494505495,2026-09-02,True
Pohjois-Karjalan Sähkö Oy,6,2026-09-04,canonical_calculation,14.43,1,12.439056620879121,2026-09-03,True
Pohjois-Karjalan Sähkö Oy,6,2026-09-05,canonical_calculation,14.43,1,12.411219065934064,2026-09-04,True
Pohjois-Karjalan Sähkö Oy,6,2026-09-06,canonical_calculation,14.43,1,12.411219065934064,2026-09-04,True
Pohjois-Karjalan Sähkö Oy,6,2026-09-07,canonical_calculation,14.43,1,12.411219065934064,2026-09-04,True
Pohjois-Karjalan Sähkö Oy,6,2026-09-08,canonical_calculation,14.43,1,12.888525906593406,2026-09-07,True
Pohjois-Karjalan Sähkö Oy,6,2026-09-09,canonical_calculation,14.43,1,13.189960357142855,2026-09-08,True
Pohjois-Karjalan Sähkö Oy,6,2026-09-10,canonical_calculation,14.43,1,13.81508137362637,2026-09-09,True
Pohjois-Karjalan Sähkö Oy,6,2026-09-11,canonical_calculation,14.43,1,13.937105989010986,2026-09-10,True
Pohjois-Karjalan Sähkö Oy,6,2026-09-12,canonical_calculation,14.43,1,13.675272994505493,2026-09-11,True
Pohjois-Karjalan Sähkö Oy,6,2026-09-13,canonical_calculation,14.43,1,13.675272994505493,2026-09-11,True
Pohjois-Karjalan Sähkö Oy,12,2026-04-08,observed_seller_data,8.51,1,,,False
Pohjois-Karjalan Sähkö Oy,12,2026-04-09,observed_seller_data,8.51,1,7.008009397260273,2026-04-08,True
Pohjois-Karjalan Sähkö Oy,12,2026-04-10,observed_seller_data,8.51,1,7.001851301369863,2026-04-09,True
Pohjois-Karjalan Sähkö Oy,12,2026-04-11,observed_seller_data,8.51,1,6.91596116438356,2026-04-10,True
Pohjois-Karjalan Sähkö Oy,12,2026-04-12,observed_seller_data,8.51,1,6.91596116438356,2026-04-10,True
Pohjois-Karjalan Sähkö Oy,12,2026-04-13,observed_seller_data,8.51,1,6.91596116438356,2026-04-10,True
Pohjois-Karjalan Sähkö Oy,12,2026-04-14,observed_seller_data,8.51,1,6.929934643835616,2026-04-13,True
Pohjois-Karjalan Sähkö Oy,12,2026-04-15,observed_seller_data,8.51,1,6.809994465753424,2026-04-14,True
Pohjois-Karjalan Sähkö Oy,12,2026-04-16,observed_seller_data,8.51,1,6.761455191780822,2026-04-15,True
Pohjois-Karjalan Sähkö Oy,12,2026-04-17,observed_seller_data,8.51,1,6.797176273972602,2026-04-16,True
Pohjois-Karjalan Sähkö Oy,12,2026-04-18,observed_seller_data,8.51,1,6.730929465753426,2026-04-17,True
Pohjois-Karjalan Sähkö Oy,12,2026-04-19,observed_seller_data,8.51,1,6.730929465753426,2026-04-17,True
Pohjois-Karjalan Sähkö Oy,12,2026-04-20,observed_seller_data,8.51,1,6.730929465753426,2026-04-17,True
Pohjois-Karjalan Sähkö Oy,12,2026-04-21,observed_seller_data,8.51,1,6.749090863013699,2026-04-20,True
Pohjois-Karjalan Sähkö Oy,12,2026-04-22,observed_seller_data,8.51,1,6.839808452054794,2026-04-21,True
Pohjois-Karjalan Sähkö Oy,12,2026-04-23,observed_seller_data,8.51,1,6.872737589041094,2026-04-22,True
Pohjois-Karjalan Sähkö Oy,12,2026-04-24,observed_seller_data,8.51,1,6.963417356164384,2026-04-23,True
Pohjois-Karjalan Sähkö Oy,12,2026-04-25,observed_seller_data,8.51,1,6.8711112465753414,2026-04-24,True
Pohjois-Karjalan Sähkö Oy,12,2026-04-26,observed_seller_data,8.51,1,6.8711112465753414,2026-04-24,True
Pohjois-Karjalan Sähkö Oy,12,2026-04-27,observed_seller_data,8.51,1,6.8711112465753414,2026-04-24,True
Pohjois-Karjalan Sähkö Oy,12,2026-04-28,observed_seller_data,8.51,1,6.778488808219178,2026-04-27,True
Pohjois-Karjalan Sähkö Oy,12,2026-04-29,observed_seller_data,8.51,1,6.82226595890411,2026-04-28,True
Pohjois-Karjalan Sähkö Oy,12,2026-04-30,observed_seller_data,8.51,1,6.91197610958904,2026-04-29,True
Pohjois-Karjalan Sähkö Oy,12,2026-05-01,observed_seller_data,8.51,1,6.984508232876711,2026-04-30,True
Pohjois-Karjalan Sähkö Oy,12,2026-05-02,observed_seller_data,8.51,1,6.984508232876711,2026-04-30,True
Pohjois-Karjalan Sähkö Oy,12,2026-05-03,observed_seller_data,8.51,1,6.984508232876711,2026-04-30,True
Pohjois-Karjalan Sähkö Oy,12,2026-05-04,observed_seller_data,8.51,1,6.984508232876711,2026-04-30,True
Pohjois-Karjalan Sähkö Oy,12,2026-05-05,observed_seller_data,8.51,1,7.199113232876712,2026-05-04,True
Pohjois-Karjalan Sähkö Oy,12,2026-05-06,observed_seller_data,9.78,1,7.225643589041095,2026-05-05,True
Pohjois-Karjalan Sähkö Oy,12,2026-05-07,observed_seller_data,9.78,1,7.098238739726027,2026-05-06,True
Pohjois-Karjalan Sähkö Oy,12,2026-05-08,observed_seller_data,9.78,1,7.211415671232878,2026-05-07,True
Pohjois-Karjalan Sähkö Oy,12,2026-05-09,observed_seller_data,9.78,1,7.42950716438356,2026-05-08,True
Pohjois-Karjalan Sähkö Oy,12,2026-05-10,observed_seller_data,9.78,1,7.42950716438356,2026-05-08,True
Pohjois-Karjalan Sähkö Oy,12,2026-05-11,observed_seller_data,9.78,1,7.42950716438356,2026-05-08,True
Pohjois-Karjalan Sähkö Oy,12,2026-05-12,observed_seller_data,9.78,1,7.627480835616438,2026-05-11,True
Pohjois-Karjalan Sähkö Oy,12,2026-05-13,observed_seller_data,9.78,1,7.662703356164383,2026-05-12,True
Pohjois-Karjalan Sähkö Oy,12,2026-05-14,observed_seller_data,9.78,1,7.6846194383561635,2026-05-13,True
Pohjois-Karjalan Sähkö Oy,12,2026-05-15,observed_seller_data,9.78,1,7.672966849315067,2026-05-14,True
Pohjois-Karjalan Sähkö Oy,12,2026-05-16,observed_seller_data,9.78,1,7.7297306712328755,2026-05-15,True
Pohjois-Karjalan Sähkö Oy,12,2026-05-17,observed_seller_data,9.78,1,7.7297306712328755,2026-05-15,True
Pohjois-Karjalan Sähkö Oy,12,2026-05-18,observed_seller_data,9.78,1,7.7297306712328755,2026-05-15,True
Pohjois-Karjalan Sähkö Oy,12,2026-05-19,observed_seller_data,9.78,1,7.584962123287671,2026-05-18,True
Pohjois-Karjalan Sähkö Oy,12,2026-05-20,observed_seller_data,9.78,1,7.514379547945205,2026-05-19,True
Pohjois-Karjalan Sähkö Oy,12,2026-05-21,observed_seller_data,9.78,1,7.557534356164381,2026-05-20,True
Pohjois-Karjalan Sähkö Oy,12,2026-05-22,observed_seller_data,9.78,1,7.675029863013698,2026-05-21,True
Pohjois-Karjalan Sähkö Oy,12,2026-05-23,observed_seller_data,9.78,1,7.630430945205479,2026-05-22,True
Pohjois-Karjalan Sähkö Oy,12,2026-05-24,observed_seller_data,9.78,1,7.630430945205479,2026-05-22,True
Pohjois-Karjalan Sähkö Oy,12,2026-05-25,observed_seller_data,9.78,1,7.630430945205479,2026-05-22,True
Pohjois-Karjalan Sähkö Oy,12,2026-05-26,observed_seller_data,9.78,1,7.405325205479452,2026-05-25,True
Pohjois-Karjalan Sähkö Oy,12,2026-05-27,observed_seller_data,9.78,1,7.498484027397259,2026-05-26,True
Pohjois-Karjalan Sähkö Oy,12,2026-05-28,observed_seller_data,9.78,1,7.3629646575342464,2026-05-27,True
Pohjois-Karjalan Sähkö Oy,12,2026-05-29,observed_seller_data,9.78,1,7.544537369863012,2026-05-28,True
Pohjois-Karjalan Sähkö Oy,12,2026-05-30,observed_seller_data,9.78,1,7.758901684931507,2026-05-29,True
Pohjois-Karjalan Sähkö Oy,12,2026-05-31,observed_seller_data,9.78,1,7.758901684931507,2026-05-29,True
Pohjois-Karjalan Sähkö Oy,12,2026-06-01,observed_seller_data,9.78,1,7.61820415068493,2026-05-29,True
Pohjois-Karjalan Sähkö Oy,12,2026-06-02,observed_seller_data,9.78,1,7.859800246575342,2026-06-01,True
Pohjois-Karjalan Sähkö Oy,12,2026-06-03,observed_seller_data,9.78,1,7.760411123287669,2026-06-02,True
Pohjois-Karjalan Sähkö Oy,12,2026-06-04,observed_seller_data,9.78,1,7.938253219178082,2026-06-03,True
Pohjois-Karjalan Sähkö Oy,12,2026-06-05,observed_seller_data,10.48,1,7.809387068493151,2026-06-04,True
Pohjois-Karjalan Sähkö Oy,12,2026-06-06,observed_seller_data,10.48,1,7.719044260273972,2026-06-05,True
Pohjois-Karjalan Sähkö Oy,12,2026-06-07,observed_seller_data,10.48,1,7.719044260273972,2026-06-05,True
Pohjois-Karjalan Sähkö Oy,12,2026-06-08,observed_seller_data,10.48,1,7.719044260273972,2026-06-05,True
Pohjois-Karjalan Sähkö Oy,12,2026-06-09,observed_seller_data,10.48,1,7.710300520547945,2026-06-08,True
Pohjois-Karjalan Sähkö Oy,12,2026-06-10,observed_seller_data,10.48,1,7.529601150684932,2026-06-09,True
Pohjois-Karjalan Sähkö Oy,12,2026-06-11,observed_seller_data,10.48,1,7.565910191780821,2026-06-10,True
Pohjois-Karjalan Sähkö Oy,12,2026-06-12,observed_seller_data,10.48,1,7.608071315068491,2026-06-11,True
Pohjois-Karjalan Sähkö Oy,12,2026-06-13,observed_seller_data,10.48,1,7.4029114794520545,2026-06-12,True
Pohjois-Karjalan Sähkö Oy,12,2026-06-14,observed_seller_data,10.48,1,7.4029114794520545,2026-06-12,True
Pohjois-Karjalan Sähkö Oy,12,2026-06-15,observed_seller_data,10.48,1,7.4029114794520545,2026-06-12,True
Pohjois-Karjalan Sähkö Oy,12,2026-06-16,observed_seller_data,10.48,1,7.26479615068493,2026-06-15,True
Pohjois-Karjalan Sähkö Oy,12,2026-06-17,observed_seller_data,10.48,1,7.301139575342464,2026-06-16,True
Pohjois-Karjalan Sähkö Oy,12,2026-06-18,observed_seller_data,10.48,1,7.162126835616437,2026-06-17,True
Pohjois-Karjalan Sähkö Oy,12,2026-06-19,observed_seller_data,10.48,1,7.0250842739726025,2026-06-18,True
Pohjois-Karjalan Sähkö Oy,12,2026-06-20,observed_seller_data,10.48,1,7.132684191780821,2026-06-19,True
Pohjois-Karjalan Sähkö Oy,12,2026-06-21,observed_seller_data,10.48,1,7.132684191780821,2026-06-19,True
Pohjois-Karjalan Sähkö Oy,12,2026-06-22,observed_seller_data,10.48,1,7.132684191780821,2026-06-19,True
Pohjois-Karjalan Sähkö Oy,12,2026-06-23,observed_seller_data,10.48,1,6.836349465753425,2026-06-22,True
Pohjois-Karjalan Sähkö Oy,12,2026-06-24,observed_seller_data,10.48,1,6.874353616438356,2026-06-23,True
Pohjois-Karjalan Sähkö Oy,12,2026-06-25,observed_seller_data,10.48,1,6.835799328767123,2026-06-24,True
Pohjois-Karjalan Sähkö Oy,12,2026-06-26,observed_seller_data,10.48,1,6.8778641780821905,2026-06-25,True
Pohjois-Karjalan Sähkö Oy,12,2026-06-27,observed_seller_data,10.48,1,6.942928191780821,2026-06-26,True
Pohjois-Karjalan Sähkö Oy,12,2026-06-28,observed_seller_data,10.48,1,6.942928191780821,2026-06-26,True
Pohjois-Karjalan Sähkö Oy,12,2026-06-29,observed_seller_data,10.48,1,6.942928191780821,2026-06-26,True
Pohjois-Karjalan Sähkö Oy,12,2026-06-30,observed_seller_data,10.48,1,7.11498009589041,2026-06-29,True
Pohjois-Karjalan Sähkö Oy,12,2026-07-01,observed_seller_data,10.48,1,7.291367767123288,2026-06-30,True
Pohjois-Karjalan Sähkö Oy,12,2026-07-02,observed_seller_data,10.48,1,7.297343630136985,2026-07-01,True
Pohjois-Karjalan Sähkö Oy,12,2026-07-03,observed_seller_data,10.48,1,7.396309835616438,2026-07-02,True
Pohjois-Karjalan Sähkö Oy,12,2026-07-04,observed_seller_data,10.48,1,7.537921972602739,2026-07-03,True
Pohjois-Karjalan Sähkö Oy,12,2026-07-05,observed_seller_data,10.48,1,7.537921972602739,2026-07-03,True
Pohjois-Karjalan Sähkö Oy,12,2026-07-06,observed_seller_data,10.48,1,7.537921972602739,2026-07-03,True
Pohjois-Karjalan Sähkö Oy,12,2026-07-07,observed_seller_data,10.48,1,7.517649424657533,2026-07-06,True
Pohjois-Karjalan Sähkö Oy,12,2026-07-08,observed_seller_data,10.48,1,7.55255905479452,2026-07-07,True
Pohjois-Karjalan Sähkö Oy,12,2026-07-09,observed_seller_data,10.48,1,7.663016246575341,2026-07-08,True
Pohjois-Karjalan Sähkö Oy,12,2026-07-10,observed_seller_data,10.48,1,7.752925821917807,2026-07-09,True
Pohjois-Karjalan Sähkö Oy,12,2026-07-11,observed_seller_data,10.48,1,7.733756986301369,2026-07-10,True
Pohjois-Karjalan Sähkö Oy,12,2026-07-12,observed_seller_data,10.48,1,7.733756986301369,2026-07-10,True
Pohjois-Karjalan Sähkö Oy,12,2026-07-13,observed_seller_data,10.48,1,7.733756986301369,2026-07-10,True
Pohjois-Karjalan Sähkö Oy,12,2026-07-14,observed_seller_data,10.48,1,7.916333698630135,2026-07-13,True
Pohjois-Karjalan Sähkö Oy,12,2026-07-15,observed_seller_data,10.48,1,8.05474128767123,2026-07-14,True
Pohjois-Karjalan Sähkö Oy,12,2026-07-16,observed_seller_data,10.48,1,8.242688712328768,2026-07-15,True
Pohjois-Karjalan Sähkö Oy,12,2026-07-17,observed_seller_data,10.48,1,8.230231547945204,2026-07-16,True
Pohjois-Karjalan Sähkö Oy,12,2026-07-18,observed_seller_data,10.48,1,8.411536068493149,2026-07-17,True
Pohjois-Karjalan Sähkö Oy,12,2026-07-19,observed_seller_data,10.48,1,8.411536068493149,2026-07-17,True
Pohjois-Karjalan Sähkö Oy,12,2026-07-20,observed_seller_data,10.48,1,8.411536068493149,2026-07-17,True
Pohjois-Karjalan Sähkö Oy,12,2026-07-21,observed_seller_data,10.48,1,8.444090424657533,2026-07-20,True
Pohjois-Karjalan Sähkö Oy,12,2026-07-22,observed_seller_data,10.48,1,8.482008616438355,2026-07-21,True
Pohjois-Karjalan Sähkö Oy,12,2026-07-23,observed_seller_data,10.48,1,8.747336246575342,2026-07-22,True
Pohjois-Karjalan Sähkö Oy,12,2026-07-24,observed_seller_data,10.48,1,8.776696369863014,2026-07-23,True
Pohjois-Karjalan Sähkö Oy,12,2026-07-25,observed_seller_data,11.370000000000001,2,8.763114863013698,2026-07-24,True
Pohjois-Karjalan Sähkö Oy,12,2026-07-26,observed_seller_data,11.370000000000001,2,8.763114863013698,2026-07-24,True
Pohjois-Karjalan Sähkö Oy,12,2026-07-27,canonical_calculation,11.370000000000001,2,8.763114863013698,2026-07-24,True
Pohjois-Karjalan Sähkö Oy,12,2026-07-28,canonical_calculation,11.370000000000001,2,8.568218520547944,2026-07-27,True
Pohjois-Karjalan Sähkö Oy,12,2026-07-29,canonical_calculation,11.370000000000001,2,8.490944904109588,2026-07-28,True
Pohjois-Karjalan Sähkö Oy,12,2026-07-30,canonical_calculation,12.26,1,8.781259068493151,2026-07-29,True
Pohjois-Karjalan Sähkö Oy,12,2026-07-31,canonical_calculation,12.26,1,8.746273794520546,2026-07-30,True
Pohjois-Karjalan Sähkö Oy,12,2026-08-01,canonical_calculation,12.26,1,8.888607986301372,2026-07-31,True
Pohjois-Karjalan Sähkö Oy,12,2026-08-02,canonical_calculation,12.26,1,8.888607986301372,2026-07-31,True
Pohjois-Karjalan Sähkö Oy,12,2026-08-03,canonical_calculation,12.26,1,8.888607986301372,2026-07-31,True
Pohjois-Karjalan Sähkö Oy,12,2026-08-04,canonical_calculation,12.26,1,8.728779438356165,2026-08-03,True
Pohjois-Karjalan Sähkö Oy,12,2026-08-05,canonical_calculation,12.26,1,8.838225753424656,2026-08-04,True
Pohjois-Karjalan Sähkö Oy,12,2026-08-06,canonical_calculation,12.26,1,8.654765383561644,2026-08-05,True
Pohjois-Karjalan Sähkö Oy,12,2026-08-07,canonical_calculation,12.26,1,8.644147739726026,2026-08-06,True
Pohjois-Karjalan Sähkö Oy,12,2026-08-08,canonical_calculation,12.26,1,8.630679698630136,2026-08-07,True
Pohjois-Karjalan Sähkö Oy,12,2026-08-09,canonical_calculation,12.26,1,8.630679698630136,2026-08-07,True
Pohjois-Karjalan Sähkö Oy,12,2026-08-10,canonical_calculation,12.26,1,8.630679698630136,2026-08-07,True
Pohjois-Karjalan Sähkö Oy,12,2026-08-11,canonical_calculation,12.26,1,8.748859438356163,2026-08-10,True
Pohjois-Karjalan Sähkö Oy,12,2026-08-12,canonical_calculation,12.26,1,8.705082287671232,2026-08-11,True
Pohjois-Karjalan Sähkö Oy,12,2026-08-13,canonical_calculation,12.26,1,8.724316452054794,2026-08-12,True
Pohjois-Karjalan Sähkö Oy,12,2026-08-14,canonical_calculation,12.26,1,8.579424123287671,2026-08-13,True
Pohjois-Karjalan Sähkö Oy,12,2026-08-15,canonical_calculation,12.26,1,8.519703315068492,2026-08-14,True
Pohjois-Karjalan Sähkö Oy,12,2026-08-16,canonical_calculation,12.26,1,8.519703315068492,2026-08-14,True
Pohjois-Karjalan Sähkö Oy,12,2026-08-17,canonical_calculation,12.26,1,8.519703315068492,2026-08-14,True
Pohjois-Karjalan Sähkö Oy,12,2026-08-18,canonical_calculation,12.26,1,8.72096405479452,2026-08-17,True
Pohjois-Karjalan Sähkö Oy,12,2026-08-19,canonical_calculation,12.26,1,8.774798397260271,2026-08-18,True
Pohjois-Karjalan Sähkö Oy,12,2026-08-20,canonical_calculation,12.26,1,8.702345356164384,2026-08-19,True
Pohjois-Karjalan Sähkö Oy,12,2026-08-21,canonical_calculation,12.26,1,8.65210409589041,2026-08-20,True
Pohjois-Karjalan Sähkö Oy,12,2026-08-22,canonical_calculation,12.26,1,8.782668794520548,2026-08-21,True
Pohjois-Karjalan Sähkö Oy,12,2026-08-23,canonical_calculation,12.26,1,8.782668794520548,2026-08-21,True
Pohjois-Karjalan Sähkö Oy,12,2026-08-24,canonical_calculation,12.26,1,8.782668794520548,2026-08-21,True
Pohjois-Karjalan Sähkö Oy,12,2026-08-25,canonical_calculation,12.26,1,8.70024108219178,2026-08-24,True
Pohjois-Karjalan Sähkö Oy,12,2026-08-26,canonical_calculation,12.26,1,8.494331684931506,2026-08-25,True
Pohjois-Karjalan Sähkö Oy,12,2026-08-27,canonical_calculation,12.26,1,8.25278716438356,2026-08-26,True
Pohjois-Karjalan Sähkö Oy,12,2026-08-28,canonical_calculation,12.26,1,8.430127260273972,2026-08-27,True
Pohjois-Karjalan Sähkö Oy,12,2026-08-29,canonical_calculation,12.26,1,8.376550794520547,2026-08-28,True
Pohjois-Karjalan Sähkö Oy,12,2026-08-30,canonical_calculation,12.26,1,8.376550794520547,2026-08-28,True
Pohjois-Karjalan Sähkö Oy,12,2026-08-31,canonical_calculation,12.26,1,8.376550794520547,2026-08-28,True
Pohjois-Karjalan Sähkö Oy,12,2026-09-01,canonical_calculation,12.26,1,8.194654876712328,2026-08-31,True
Pohjois-Karjalan Sähkö Oy,12,2026-09-02,canonical_calculation,12.26,1,8.232160465753424,2026-09-01,True
Pohjois-Karjalan Sähkö Oy,12,2026-09-03,canonical_calculation,12.26,1,8.529712369863013,2026-09-02,True
Pohjois-Karjalan Sähkö Oy,12,2026-09-04,canonical_calculation,12.26,1,8.541691602739725,2026-09-03,True
Pohjois-Karjalan Sähkö Oy,12,2026-09-05,canonical_calculation,12.26,1,8.551384328767123,2026-09-04,True
Pohjois-Karjalan Sähkö Oy,12,2026-09-06,canonical_calculation,12.26,1,8.551384328767123,2026-09-04,True
Pohjois-Karjalan Sähkö Oy,12,2026-09-07,canonical_calculation,12.26,1,8.551384328767123,2026-09-04,True
Pohjois-Karjalan Sähkö Oy,12,2026-09-08,canonical_calculation,12.26,1,8.858608328767124,2026-09-07,True
Pohjois-Karjalan Sähkö Oy,12,2026-09-09,canonical_calculation,12.26,1,9.059559616438355,2026-09-08,True
Pohjois-Karjalan Sähkö Oy,12,2026-09-10,canonical_calculation,12.26,1,9.442544356164383,2026-09-09,True
Pohjois-Karjalan Sähkö Oy,12,2026-09-11,canonical_calculation,12.26,1,9.592642356164383,2026-09-10,True
Pohjois-Karjalan Sähkö Oy,12,2026-09-12,canonical_calculation,12.26,1,9.381571986301369,2026-09-11,True
Pohjois-Karjalan Sähkö Oy,12,2026-09-13,canonical_calculation,12.26,1,9.381571986301369,2026-09-11,True
Pohjois-Karjalan Sähkö Oy,24,2026-04-08,observed_seller_data,7.99,1,,,False
Pohjois-Karjalan Sähkö Oy,24,2026-04-09,observed_seller_data,7.99,1,6.314420047879617,2026-04-08,True
Pohjois-Karjalan Sähkö Oy,24,2026-04-10,observed_seller_data,7.99,1,6.2962903625171,2026-04-09,True
Pohjois-Karjalan Sähkö Oy,24,2026-04-11,observed_seller_data,7.99,1,6.228571867305061,2026-04-10,True
Pohjois-Karjalan Sähkö Oy,24,2026-04-12,observed_seller_data,7.99,1,6.228571867305061,2026-04-10,True
Pohjois-Karjalan Sähkö Oy,24,2026-04-13,observed_seller_data,7.99,1,6.228571867305061,2026-04-10,True
Pohjois-Karjalan Sähkö Oy,24,2026-04-14,observed_seller_data,7.99,1,6.23801269493844,2026-04-13,True
Pohjois-Karjalan Sähkö Oy,24,2026-04-15,observed_seller_data,7.99,1,6.177379541723666,2026-04-14,True
Pohjois-Karjalan Sähkö Oy,24,2026-04-16,observed_seller_data,7.99,1,6.144708337893295,2026-04-15,True
Pohjois-Karjalan Sähkö Oy,24,2026-04-17,observed_seller_data,7.99,1,6.150796203830369,2026-04-16,True
Pohjois-Karjalan Sähkö Oy,24,2026-04-18,observed_seller_data,7.99,1,6.103619534883721,2026-04-17,True
Pohjois-Karjalan Sähkö Oy,24,2026-04-19,observed_seller_data,7.99,1,6.103619534883721,2026-04-17,True
Pohjois-Karjalan Sähkö Oy,24,2026-04-20,observed_seller_data,7.99,1,6.103619534883721,2026-04-17,True
Pohjois-Karjalan Sähkö Oy,24,2026-04-21,observed_seller_data,7.99,1,6.087503686730505,2026-04-20,True
Pohjois-Karjalan Sähkö Oy,24,2026-04-22,observed_seller_data,7.99,1,6.154380937072504,2026-04-21,True
Pohjois-Karjalan Sähkö Oy,24,2026-04-23,observed_seller_data,7.99,1,6.177219876880984,2026-04-22,True
Pohjois-Karjalan Sähkö Oy,24,2026-04-24,observed_seller_data,7.99,1,6.256475444596442,2026-04-23,True
Pohjois-Karjalan Sähkö Oy,24,2026-04-25,observed_seller_data,7.99,1,6.191047195622435,2026-04-24,True
Pohjois-Karjalan Sähkö Oy,24,2026-04-26,observed_seller_data,7.99,1,6.191047195622435,2026-04-24,True
Pohjois-Karjalan Sähkö Oy,24,2026-04-27,observed_seller_data,7.99,1,6.191047195622435,2026-04-24,True
Pohjois-Karjalan Sähkö Oy,24,2026-04-28,observed_seller_data,7.99,1,6.134817701778386,2026-04-27,True
Pohjois-Karjalan Sähkö Oy,24,2026-04-29,observed_seller_data,7.99,1,6.171774103967169,2026-04-28,True
Pohjois-Karjalan Sähkö Oy,24,2026-04-30,observed_seller_data,7.99,1,6.239817079343364,2026-04-29,True
Pohjois-Karjalan Sähkö Oy,24,2026-05-01,observed_seller_data,7.99,1,6.355381805745553,2026-04-30,True
Pohjois-Karjalan Sähkö Oy,24,2026-05-02,observed_seller_data,7.99,1,6.355381805745553,2026-04-30,True
Pohjois-Karjalan Sähkö Oy,24,2026-05-03,observed_seller_data,7.99,1,6.355381805745553,2026-04-30,True
Pohjois-Karjalan Sähkö Oy,24,2026-05-04,observed_seller_data,7.99,1,6.355381805745553,2026-04-30,True
Pohjois-Karjalan Sähkö Oy,24,2026-05-05,observed_seller_data,7.99,1,6.476608625170997,2026-05-04,True
Pohjois-Karjalan Sähkö Oy,24,2026-05-06,observed_seller_data,8.98,1,6.494082482900137,2026-05-05,True
Pohjois-Karjalan Sähkö Oy,24,2026-05-07,observed_seller_data,8.98,1,6.3717053898768805,2026-05-06,True
Pohjois-Karjalan Sähkö Oy,24,2026-05-08,observed_seller_data,8.98,1,6.408783686730506,2026-05-07,True
Pohjois-Karjalan Sähkö Oy,24,2026-05-09,observed_seller_data,8.98,1,6.537145636114911,2026-05-08,True
Pohjois-Karjalan Sähkö Oy,24,2026-05-10,observed_seller_data,8.98,1,6.537145636114911,2026-05-08,True
Pohjois-Karjalan Sähkö Oy,24,2026-05-11,observed_seller_data,8.98,1,6.537145636114911,2026-05-08,True
Pohjois-Karjalan Sähkö Oy,24,2026-05-12,observed_seller_data,8.98,1,6.665234610123119,2026-05-11,True
Pohjois-Karjalan Sähkö Oy,24,2026-05-13,observed_seller_data,8.98,1,6.70606760601915,2026-05-12,True
Pohjois-Karjalan Sähkö Oy,24,2026-05-14,observed_seller_data,8.98,1,6.721105287277702,2026-05-13,True
Pohjois-Karjalan Sähkö Oy,24,2026-05-15,observed_seller_data,8.98,1,6.717319685362518,2026-05-14,True
Pohjois-Karjalan Sähkö Oy,24,2026-05-16,observed_seller_data,8.98,1,6.7470001778385775,2026-05-15,True
Pohjois-Karjalan Sähkö Oy,24,2026-05-17,observed_seller_data,8.98,1,6.7470001778385775,2026-05-15,True
Pohjois-Karjalan Sähkö Oy,24,2026-05-18,observed_seller_data,8.98,1,6.7470001778385775,2026-05-15,True
Pohjois-Karjalan Sähkö Oy,24,2026-05-19,observed_seller_data,8.98,1,6.650742879616962,2026-05-18,True
Pohjois-Karjalan Sähkö Oy,24,2026-05-20,observed_seller_data,8.98,1,6.6187309370725025,2026-05-19,True
Pohjois-Karjalan Sähkö Oy,24,2026-05-21,observed_seller_data,8.98,1,6.6317977017783845,2026-05-20,True
Pohjois-Karjalan Sähkö Oy,24,2026-05-22,observed_seller_data,8.98,1,6.702566997264021,2026-05-21,True
Pohjois-Karjalan Sähkö Oy,24,2026-05-23,observed_seller_data,8.98,1,6.6722512790697674,2026-05-22,True
Pohjois-Karjalan Sähkö Oy,24,2026-05-24,observed_seller_data,8.98,1,6.6722512790697674,2026-05-22,True
Pohjois-Karjalan Sähkö Oy,24,2026-05-25,observed_seller_data,8.98,1,6.6722512790697674,2026-05-22,True
Pohjois-Karjalan Sähkö Oy,24,2026-05-26,observed_seller_data,8.98,1,6.515872441860465,2026-05-25,True
Pohjois-Karjalan Sähkö Oy,24,2026-05-27,observed_seller_data,8.98,1,6.584854521203829,2026-05-26,True
Pohjois-Karjalan Sähkö Oy,24,2026-05-28,observed_seller_data,8.98,1,6.484572982216141,2026-05-27,True
Pohjois-Karjalan Sähkö Oy,24,2026-05-29,observed_seller_data,8.98,1,6.595828474692201,2026-05-28,True
Pohjois-Karjalan Sähkö Oy,24,2026-05-30,observed_seller_data,8.98,1,6.705398043775649,2026-05-29,True
Pohjois-Karjalan Sähkö Oy,24,2026-05-31,observed_seller_data,8.98,1,6.705398043775649,2026-05-29,True
Pohjois-Karjalan Sähkö Oy,24,2026-06-01,observed_seller_data,8.98,1,6.692830875512995,2026-05-29,True
Pohjois-Karjalan Sähkö Oy,24,2026-06-02,observed_seller_data,8.98,1,6.863023296853624,2026-06-01,True
Pohjois-Karjalan Sähkö Oy,24,2026-06-03,observed_seller_data,8.98,1,6.804407414500683,2026-06-02,True
Pohjois-Karjalan Sähkö Oy,24,2026-06-04,observed_seller_data,8.98,1,6.924890848153214,2026-06-03,True
Pohjois-Karjalan Sähkö Oy,24,2026-06-05,observed_seller_data,8.98,1,6.841681429548563,2026-06-04,True
Pohjois-Karjalan Sähkö Oy,24,2026-06-06,observed_seller_data,8.98,1,6.780177845417237,2026-06-05,True
Pohjois-Karjalan Sähkö Oy,24,2026-06-07,observed_seller_data,8.98,1,6.780177845417237,2026-06-05,True
Pohjois-Karjalan Sähkö Oy,24,2026-06-08,observed_seller_data,8.98,1,6.780177845417237,2026-06-05,True
Pohjois-Karjalan Sähkö Oy,24,2026-06-09,observed_seller_data,8.98,1,6.7652792270861815,2026-06-08,True
Pohjois-Karjalan Sähkö Oy,24,2026-06-10,observed_seller_data,8.98,1,6.654351648426812,2026-06-09,True
Pohjois-Karjalan Sähkö Oy,24,2026-06-11,observed_seller_data,8.98,1,6.690471956224349,2026-06-10,True
Pohjois-Karjalan Sähkö Oy,24,2026-06-12,observed_seller_data,8.98,1,6.73640049247606,2026-06-11,True
Pohjois-Karjalan Sähkö Oy,24,2026-06-13,observed_seller_data,8.98,1,6.603004808481531,2026-06-12,True
Pohjois-Karjalan Sähkö Oy,24,2026-06-14,observed_seller_data,8.98,1,6.603004808481531,2026-06-12,True
Pohjois-Karjalan Sähkö Oy,24,2026-06-15,observed_seller_data,8.98,1,6.603004808481531,2026-06-12,True
Pohjois-Karjalan Sähkö Oy,24,2026-06-16,observed_seller_data,8.98,1,6.537957694938441,2026-06-15,True
Pohjois-Karjalan Sähkö Oy,24,2026-06-17,observed_seller_data,8.98,1,6.571571436388509,2026-06-16,True
Pohjois-Karjalan Sähkö Oy,24,2026-06-18,observed_seller_data,8.98,1,6.488619541723665,2026-06-17,True
Pohjois-Karjalan Sähkö Oy,24,2026-06-19,observed_seller_data,8.98,1,6.392096135430917,2026-06-18,True
Pohjois-Karjalan Sähkö Oy,24,2026-06-20,observed_seller_data,8.98,1,6.448359965800273,2026-06-19,True
Pohjois-Karjalan Sähkö Oy,24,2026-06-21,observed_seller_data,8.98,1,6.448359965800273,2026-06-19,True
Pohjois-Karjalan Sähkö Oy,24,2026-06-22,observed_seller_data,8.98,1,6.448359965800273,2026-06-19,True
Pohjois-Karjalan Sähkö Oy,24,2026-06-23,observed_seller_data,8.98,1,6.2601099658002735,2026-06-22,True
Pohjois-Karjalan Sähkö Oy,24,2026-06-24,observed_seller_data,8.98,1,6.329272311901504,2026-06-23,True
Pohjois-Karjalan Sähkö Oy,24,2026-06-25,observed_seller_data,8.98,1,6.319347339261285,2026-06-24,True
Pohjois-Karjalan Sähkö Oy,24,2026-06-26,observed_seller_data,8.98,1,6.360398372093023,2026-06-25,True
Pohjois-Karjalan Sähkö Oy,24,2026-06-27,observed_seller_data,8.98,1,6.398996060191518,2026-06-26,True
Pohjois-Karjalan Sähkö Oy,24,2026-06-28,observed_seller_data,8.98,1,6.398996060191518,2026-06-26,True
Pohjois-Karjalan Sähkö Oy,24,2026-06-29,observed_seller_data,8.98,1,6.398996060191518,2026-06-26,True
Pohjois-Karjalan Sähkö Oy,24,2026-06-30,observed_seller_data,8.98,1,6.356499459644321,2026-06-29,True
Pohjois-Karjalan Sähkö Oy,24,2026-07-01,observed_seller_data,8.98,1,6.578045588235293,2026-06-30,True
Pohjois-Karjalan Sähkö Oy,24,2026-07-02,observed_seller_data,8.98,1,6.6284910943912445,2026-07-01,True
Pohjois-Karjalan Sähkö Oy,24,2026-07-03,observed_seller_data,8.98,1,6.720432291381669,2026-07-02,True
Pohjois-Karjalan Sähkö Oy,24,2026-07-04,observed_seller_data,8.98,1,6.790317421340628,2026-07-03,True
Pohjois-Karjalan Sähkö Oy,24,2026-07-05,observed_seller_data,8.98,1,6.790317421340628,2026-07-03,True
Pohjois-Karjalan Sähkö Oy,24,2026-07-06,observed_seller_data,8.98,1,6.790317421340628,2026-07-03,True
Pohjois-Karjalan Sähkö Oy,24,2026-07-07,observed_seller_data,8.98,1,6.748586525307798,2026-07-06,True
Pohjois-Karjalan Sähkö Oy,24,2026-07-08,observed_seller_data,8.98,1,6.768290540355675,2026-07-07,True
Pohjois-Karjalan Sähkö Oy,24,2026-07-09,observed_seller_data,8.98,1,6.846610437756497,2026-07-08,True
Pohjois-Karjalan Sähkö Oy,24,2026-07-10,observed_seller_data,8.98,1,6.866929076607387,2026-07-09,True
Pohjois-Karjalan Sähkö Oy,24,2026-07-11,observed_seller_data,8.98,1,6.839267571819425,2026-07-10,True
Pohjois-Karjalan Sähkö Oy,24,2026-07-12,observed_seller_data,8.98,1,6.839267571819425,2026-07-10,True
Pohjois-Karjalan Sähkö Oy,24,2026-07-13,observed_seller_data,8.98,1,6.839267571819425,2026-07-10,True
Pohjois-Karjalan Sähkö Oy,24,2026-07-14,observed_seller_data,9.58,2,6.9581303214774275,2026-07-13,True
Pohjois-Karjalan Sähkö Oy,24,2026-07-15,observed_seller_data,10.18,1,7.056428926128589,2026-07-14,True
Pohjois-Karjalan Sähkö Oy,24,2026-07-16,observed_seller_data,10.18,1,7.151063823529411,2026-07-15,True
Pohjois-Karjalan Sähkö Oy,24,2026-07-17,observed_seller_data,10.18,1,7.151930820793433,2026-07-16,True
Pohjois-Karjalan Sähkö Oy,24,2026-07-18,observed_seller_data,10.18,1,7.250301532147743,2026-07-17,True
Pohjois-Karjalan Sähkö Oy,24,2026-07-19,observed_seller_data,10.18,1,7.250301532147743,2026-07-17,True
Pohjois-Karjalan Sähkö Oy,24,2026-07-20,observed_seller_data,10.18,1,7.250301532147743,2026-07-17,True
Pohjois-Karjalan Sähkö Oy,24,2026-07-21,observed_seller_data,10.18,1,7.25315146374829,2026-07-20,True
Pohjois-Karjalan Sähkö Oy,24,2026-07-22,observed_seller_data,10.18,1,7.284062920656635,2026-07-21,True
Pohjois-Karjalan Sähkö Oy,24,2026-07-23,observed_seller_data,10.18,1,7.422411648426812,2026-07-22,True
Pohjois-Karjalan Sähkö Oy,24,2026-07-24,observed_seller_data,10.18,1,7.446412879616962,2026-07-23,True
Pohjois-Karjalan Sähkö Oy,24,2026-07-25,observed_seller_data,10.18,1,7.456499233926127,2026-07-24,True
Pohjois-Karjalan Sähkö Oy,24,2026-07-26,observed_seller_data,10.18,1,7.456499233926127,2026-07-24,True
Pohjois-Karjalan Sähkö Oy,24,2026-07-27,canonical_calculation,10.18,1,7.456499233926127,2026-07-24,True
Pohjois-Karjalan Sähkö Oy,24,2026-07-28,canonical_calculation,10.18,1,7.337356641586867,2026-07-27,True
Pohjois-Karjalan Sähkö Oy,24,2026-07-29,canonical_calculation,10.18,1,7.273444350205198,2026-07-28,True
Pohjois-Karjalan Sähkö Oy,24,2026-07-30,canonical_calculation,10.18,1,7.420560909712721,2026-07-29,True
Pohjois-Karjalan Sähkö Oy,24,2026-07-31,canonical_calculation,10.18,1,7.412508994528044,2026-07-30,True
Pohjois-Karjalan Sähkö Oy,24,2026-08-01,canonical_calculation,10.18,1,7.608965424076606,2026-07-31,True
Pohjois-Karjalan Sähkö Oy,24,2026-08-02,canonical_calculation,10.18,1,7.608965424076606,2026-07-31,True
Pohjois-Karjalan Sähkö Oy,24,2026-08-03,canonical_calculation,10.18,1,7.608965424076606,2026-07-31,True
Pohjois-Karjalan Sähkö Oy,24,2026-08-04,canonical_calculation,10.18,1,7.529972530779754,2026-08-03,True
Pohjois-Karjalan Sähkö Oy,24,2026-08-05,canonical_calculation,10.18,1,7.585975403556771,2026-08-04,True
Pohjois-Karjalan Sähkö Oy,24,2026-08-06,canonical_calculation,10.18,1,7.4775578248974,2026-08-05,True
Pohjois-Karjalan Sähkö Oy,24,2026-08-07,canonical_calculation,10.18,1,7.496314151846784,2026-08-06,True
Pohjois-Karjalan Sähkö Oy,24,2026-08-08,canonical_calculation,10.18,1,7.491129336525306,2026-08-07,True
Pohjois-Karjalan Sähkö Oy,24,2026-08-09,canonical_calculation,10.18,1,7.491129336525306,2026-08-07,True
Pohjois-Karjalan Sähkö Oy,24,2026-08-10,canonical_calculation,10.18,1,7.491129336525306,2026-08-07,True
Pohjois-Karjalan Sähkö Oy,24,2026-08-11,canonical_calculation,10.18,1,7.565430143638851,2026-08-10,True
Pohjois-Karjalan Sähkö Oy,24,2026-08-12,canonical_calculation,10.18,1,7.543820451436388,2026-08-11,True
Pohjois-Karjalan Sähkö Oy,24,2026-08-13,canonical_calculation,10.18,1,7.565919439124487,2026-08-12,True
Pohjois-Karjalan Sähkö Oy,24,2026-08-14,canonical_calculation,10.18,1,7.4593920861833105,2026-08-13,True
Pohjois-Karjalan Sähkö Oy,24,2026-08-15,canonical_calculation,10.18,1,7.408258132694938,2026-08-14,True
Pohjois-Karjalan Sähkö Oy,24,2026-08-16,canonical_calculation,10.18,1,7.408258132694938,2026-08-14,True
Pohjois-Karjalan Sähkö Oy,24,2026-08-17,canonical_calculation,10.18,1,7.408258132694938,2026-08-14,True
Pohjois-Karjalan Sähkö Oy,24,2026-08-18,canonical_calculation,10.18,1,7.543262482900136,2026-08-17,True
Pohjois-Karjalan Sähkö Oy,24,2026-08-19,canonical_calculation,10.18,1,7.569327339261285,2026-08-18,True
Pohjois-Karjalan Sähkö Oy,24,2026-08-20,canonical_calculation,10.18,1,7.525651279069766,2026-08-19,True
Pohjois-Karjalan Sähkö Oy,24,2026-08-21,canonical_calculation,10.18,1,7.518734186046511,2026-08-20,True
Pohjois-Karjalan Sähkö Oy,24,2026-08-22,canonical_calculation,10.18,1,7.600690321477427,2026-08-21,True
Pohjois-Karjalan Sähkö Oy,24,2026-08-23,canonical_calculation,10.18,1,7.600690321477427,2026-08-21,True
Pohjois-Karjalan Sähkö Oy,24,2026-08-24,canonical_calculation,10.18,1,7.600690321477427,2026-08-21,True
Pohjois-Karjalan Sähkö Oy,24,2026-08-25,canonical_calculation,10.18,1,7.572352387140903,2026-08-24,True
Pohjois-Karjalan Sähkö Oy,24,2026-08-26,canonical_calculation,10.18,1,7.385951409028726,2026-08-25,True
Pohjois-Karjalan Sähkö Oy,24,2026-08-27,canonical_calculation,10.18,1,7.248811326949384,2026-08-26,True
Pohjois-Karjalan Sähkö Oy,24,2026-08-28,canonical_calculation,10.18,1,7.380433529411764,2026-08-27,True
Pohjois-Karjalan Sähkö Oy,24,2026-08-29,canonical_calculation,10.18,1,7.362903016415868,2026-08-28,True
Pohjois-Karjalan Sähkö Oy,24,2026-08-30,canonical_calculation,10.18,1,7.362903016415868,2026-08-28,True
Pohjois-Karjalan Sähkö Oy,24,2026-08-31,canonical_calculation,10.18,1,7.362903016415868,2026-08-28,True
Pohjois-Karjalan Sähkö Oy,24,2026-09-01,canonical_calculation,10.18,1,7.3933217441860455,2026-08-31,True
Pohjois-Karjalan Sähkö Oy,24,2026-09-02,canonical_calculation,10.18,1,7.452802906976744,2026-09-01,True
Pohjois-Karjalan Sähkö Oy,24,2026-09-03,canonical_calculation,10.18,1,7.658533632010943,2026-09-02,True
Pohjois-Karjalan Sähkö Oy,24,2026-09-04,canonical_calculation,10.18,1,7.687525677154583,2026-09-03,True
Pohjois-Karjalan Sähkö Oy,24,2026-09-05,canonical_calculation,10.18,1,7.69683602599179,2026-09-04,True
Pohjois-Karjalan Sähkö Oy,24,2026-09-06,canonical_calculation,10.18,1,7.69683602599179,2026-09-04,True
Pohjois-Karjalan Sähkö Oy,24,2026-09-07,canonical_calculation,10.18,1,7.69683602599179,2026-09-04,True
Pohjois-Karjalan Sähkö Oy,24,2026-09-08,canonical_calculation,10.18,1,7.916026668946647,2026-09-07,True
Pohjois-Karjalan Sähkö Oy,24,2026-09-09,canonical_calculation,10.18,1,8.065436908344731,2026-09-08,True
Pohjois-Karjalan Sähkö Oy,24,2026-09-10,canonical_calculation,10.18,1,8.37942211354309,2026-09-09,True
Pohjois-Karjalan Sähkö Oy,24,2026-09-11,canonical_calculation,10.18,1,8.510666614227084,2026-09-10,True
Pohjois-Karjalan Sähkö Oy,24,2026-09-12,canonical_calculation,10.18,1,8.336777865937071,2026-09-11,True
Pohjois-Karjalan Sähkö Oy,24,2026-09-13,canonical_calculation,10.18,1,8.336777865937071,2026-09-11,True
Porvoon Energia Oy,6,2026-04-08,observed_seller_data,7.2,1,,,False
Porvoon Energia Oy,6,2026-04-09,observed_seller_data,7.2,1,5.674571168478261,2026-04-08,True
Porvoon Energia Oy,6,2026-04-10,observed_seller_data,7.0,1,5.6259399184782595,2026-04-09,True
Porvoon Energia Oy,6,2026-04-11,observed_seller_data,7.0,1,5.571442907608695,2026-04-10,True
Porvoon Energia Oy,6,2026-04-12,observed_seller_data,7.0,1,5.571442907608695,2026-04-10,True
Porvoon Energia Oy,6,2026-04-13,observed_seller_data,7.0,1,5.571442907608695,2026-04-10,True
Porvoon Energia Oy,6,2026-04-14,observed_seller_data,7.0,1,5.563196739130434,2026-04-13,True
Porvoon Energia Oy,6,2026-04-15,observed_seller_data,7.0,1,5.412678586956522,2026-04-14,True
Porvoon Energia Oy,6,2026-04-16,observed_seller_data,7.0,1,5.3783638858695655,2026-04-15,True
Porvoon Energia Oy,6,2026-04-17,observed_seller_data,7.0,1,5.434354619565217,2026-04-16,True
Porvoon Energia Oy,6,2026-04-18,observed_seller_data,7.0,1,5.393219266304348,2026-04-17,True
Porvoon Energia Oy,6,2026-04-19,observed_seller_data,7.0,1,5.393219266304348,2026-04-17,True
Porvoon Energia Oy,6,2026-04-20,observed_seller_data,7.0,1,5.393219266304348,2026-04-17,True
Porvoon Energia Oy,6,2026-04-21,observed_seller_data,7.0,1,5.466534456521739,2026-04-20,True
Porvoon Energia Oy,6,2026-04-22,observed_seller_data,7.0,1,5.530171141304348,2026-04-21,True
Porvoon Energia Oy,6,2026-04-23,observed_seller_data,7.0,1,5.561593885869565,2026-04-22,True
Porvoon Energia Oy,6,2026-04-24,observed_seller_data,7.0,1,5.632699184782608,2026-04-23,True
Porvoon Energia Oy,6,2026-04-25,observed_seller_data,7.0,1,5.489342717391304,2026-04-24,True
Porvoon Energia Oy,6,2026-04-26,observed_seller_data,7.0,1,5.489342717391304,2026-04-24,True
Porvoon Energia Oy,6,2026-04-27,observed_seller_data,7.0,1,5.489342717391304,2026-04-24,True
Porvoon Energia Oy,6,2026-04-28,observed_seller_data,7.0,1,5.378875434782609,2026-04-27,True
Porvoon Energia Oy,6,2026-04-29,observed_seller_data,7.0,1,5.458874864130435,2026-04-28,True
Porvoon Energia Oy,6,2026-04-30,observed_seller_data,7.0,1,5.601869836956521,2026-04-29,True
Porvoon Energia Oy,6,2026-05-01,observed_seller_data,7.0,1,6.441215491803279,2026-04-30,True
Porvoon Energia Oy,6,2026-05-02,observed_seller_data,7.0,1,6.441215491803279,2026-04-30,True
Porvoon Energia Oy,6,2026-05-03,observed_seller_data,7.0,1,6.441215491803279,2026-04-30,True
Porvoon Energia Oy,6,2026-05-04,observed_seller_data,7.0,1,6.441215491803279,2026-04-30,True
Porvoon Energia Oy,6,2026-05-05,observed_seller_data,7.0,1,6.770018633879781,2026-05-04,True
Porvoon Energia Oy,6,2026-05-06,observed_seller_data,8.1,1,6.7423194808743165,2026-05-05,True
Porvoon Energia Oy,6,2026-05-07,observed_seller_data,8.1,1,6.660545601092896,2026-05-06,True
Porvoon Energia Oy,6,2026-05-08,observed_seller_data,8.1,1,6.847012540983606,2026-05-07,True
Porvoon Energia Oy,6,2026-05-09,observed_seller_data,8.1,1,7.107675355191256,2026-05-08,True
Porvoon Energia Oy,6,2026-05-10,observed_seller_data,8.1,1,7.107675355191256,2026-05-08,True
Porvoon Energia Oy,6,2026-05-11,observed_seller_data,8.1,1,7.107675355191256,2026-05-08,True
Porvoon Energia Oy,6,2026-05-12,observed_seller_data,8.1,1,7.366465956284151,2026-05-11,True
Porvoon Energia Oy,6,2026-05-13,observed_seller_data,8.1,1,7.396359644808744,2026-05-12,True
Porvoon Energia Oy,6,2026-05-14,observed_seller_data,8.1,1,7.428221557377048,2026-05-13,True
Porvoon Energia Oy,6,2026-05-15,observed_seller_data,8.1,1,7.398444453551912,2026-05-14,True
Porvoon Energia Oy,6,2026-05-16,observed_seller_data,8.1,1,7.479093633879781,2026-05-15,True
Porvoon Energia Oy,6,2026-05-17,observed_seller_data,8.1,1,7.479093633879781,2026-05-15,True
Porvoon Energia Oy,6,2026-05-18,observed_seller_data,8.1,1,7.479093633879781,2026-05-15,True
Porvoon Energia Oy,6,2026-05-19,observed_seller_data,8.1,1,7.228169071038252,2026-05-18,True
Porvoon Energia Oy,6,2026-05-20,observed_seller_data,8.1,1,7.127330163934426,2026-05-19,True
Porvoon Energia Oy,6,2026-05-21,observed_seller_data,8.1,1,7.172736475409835,2026-05-20,True
Porvoon Energia Oy,6,2026-05-22,observed_seller_data,8.1,1,7.28672887978142,2026-05-21,True
Porvoon Energia Oy,6,2026-05-23,observed_seller_data,8.1,1,7.243229071038251,2026-05-22,True
Porvoon Energia Oy,6,2026-05-24,observed_seller_data,8.1,1,7.243229071038251,2026-05-22,True
Porvoon Energia Oy,6,2026-05-25,observed_seller_data,8.1,1,7.243229071038251,2026-05-22,True
Porvoon Energia Oy,6,2026-05-26,observed_seller_data,8.1,1,6.942173087431693,2026-05-25,True
Porvoon Energia Oy,6,2026-05-27,observed_seller_data,8.1,1,7.076855846994536,2026-05-26,True
Porvoon Energia Oy,6,2026-05-28,observed_seller_data,8.1,1,6.931831338797814,2026-05-27,True
Porvoon Energia Oy,6,2026-05-29,observed_seller_data,8.1,1,7.196656912568304,2026-05-28,True
Porvoon Energia Oy,6,2026-05-30,observed_seller_data,8.1,1,7.456805382513661,2026-05-29,True
Porvoon Energia Oy,6,2026-05-31,observed_seller_data,8.1,1,7.456805382513661,2026-05-29,True
Porvoon Energia Oy,6,2026-06-01,observed_seller_data,8.1,1,8.027859864130434,2026-05-29,True
Porvoon Energia Oy,6,2026-06-02,observed_seller_data,8.1,1,8.316530326086957,2026-06-01,True
Porvoon Energia Oy,6,2026-06-03,observed_seller_data,10.5,1,8.12564073369565,2026-06-02,True
Porvoon Energia Oy,6,2026-06-04,observed_seller_data,10.5,1,8.344590489130434,2026-06-03,True
Porvoon Energia Oy,6,2026-06-05,observed_seller_data,10.5,1,8.148851413043477,2026-06-04,True
Porvoon Energia Oy,6,2026-06-06,observed_seller_data,10.5,1,8.002125543478261,2026-06-05,True
Porvoon Energia Oy,6,2026-06-07,observed_seller_data,10.5,1,8.002125543478261,2026-06-05,True
Porvoon Energia Oy,6,2026-06-08,observed_seller_data,10.5,1,8.002125543478261,2026-06-05,True
Porvoon Energia Oy,6,2026-06-09,observed_seller_data,10.5,1,8.021243831521739,2026-06-08,True
Porvoon Energia Oy,6,2026-06-10,observed_seller_data,10.5,1,7.776116413043478,2026-06-09,True
Porvoon Energia Oy,6,2026-06-11,observed_seller_data,10.5,1,7.787288641304348,2026-06-10,True
Porvoon Energia Oy,6,2026-06-12,observed_seller_data,10.5,1,7.798379021739129,2026-06-11,True
Porvoon Energia Oy,6,2026-06-13,observed_seller_data,10.5,1,7.557739592391304,2026-06-12,True
Porvoon Energia Oy,6,2026-06-14,observed_seller_data,10.5,1,7.557739592391304,2026-06-12,True
Porvoon Energia Oy,6,2026-06-15,observed_seller_data,10.5,1,7.557739592391304,2026-06-12,True
Porvoon Energia Oy,6,2026-06-16,observed_seller_data,10.5,1,7.4405744293478255,2026-06-15,True
Porvoon Energia Oy,12,2026-04-08,observed_seller_data,9.9,3,,,False
Porvoon Energia Oy,12,2026-04-09,observed_seller_data,9.9,3,7.008009397260273,2026-04-08,True
Porvoon Energia Oy,12,2026-04-10,observed_seller_data,9.7,3,7.001851301369863,2026-04-09,True
Porvoon Energia Oy,12,2026-04-11,observed_seller_data,9.7,3,6.91596116438356,2026-04-10,True
Porvoon Energia Oy,12,2026-04-12,observed_seller_data,9.7,3,6.91596116438356,2026-04-10,True
Porvoon Energia Oy,12,2026-04-13,observed_seller_data,9.7,3,6.91596116438356,2026-04-10,True
Porvoon Energia Oy,12,2026-04-14,observed_seller_data,9.7,3,6.929934643835616,2026-04-13,True
Porvoon Energia Oy,12,2026-04-15,observed_seller_data,9.7,3,6.809994465753424,2026-04-14,True
Porvoon Energia Oy,12,2026-04-16,observed_seller_data,9.7,3,6.761455191780822,2026-04-15,True
Porvoon Energia Oy,12,2026-04-17,observed_seller_data,9.7,3,6.797176273972602,2026-04-16,True
Porvoon Energia Oy,12,2026-04-18,observed_seller_data,9.7,3,6.730929465753426,2026-04-17,True
Porvoon Energia Oy,12,2026-04-19,observed_seller_data,9.7,3,6.730929465753426,2026-04-17,True
Porvoon Energia Oy,12,2026-04-20,observed_seller_data,9.7,3,6.730929465753426,2026-04-17,True
Porvoon Energia Oy,12,2026-04-21,observed_seller_data,9.7,3,6.749090863013699,2026-04-20,True
Porvoon Energia Oy,12,2026-04-22,observed_seller_data,9.5,3,6.839808452054794,2026-04-21,True
Porvoon Energia Oy,12,2026-04-23,observed_seller_data,9.5,3,6.872737589041094,2026-04-22,True
Porvoon Energia Oy,12,2026-04-24,observed_seller_data,9.5,3,6.963417356164384,2026-04-23,True
Porvoon Energia Oy,12,2026-04-25,observed_seller_data,9.5,3,6.8711112465753414,2026-04-24,True
Porvoon Energia Oy,12,2026-04-26,observed_seller_data,9.5,3,6.8711112465753414,2026-04-24,True
Porvoon Energia Oy,12,2026-04-27,observed_seller_data,9.5,3,6.8711112465753414,2026-04-24,True
Porvoon Energia Oy,12,2026-04-28,observed_seller_data,9.5,3,6.778488808219178,2026-04-27,True
Porvoon Energia Oy,12,2026-04-29,observed_seller_data,9.5,3,6.82226595890411,2026-04-28,True
Porvoon Energia Oy,12,2026-04-30,observed_seller_data,9.5,3,6.91197610958904,2026-04-29,True
Porvoon Energia Oy,12,2026-05-01,observed_seller_data,9.5,3,6.984508232876711,2026-04-30,True
Porvoon Energia Oy,12,2026-05-02,observed_seller_data,9.5,3,6.984508232876711,2026-04-30,True
Porvoon Energia Oy,12,2026-05-03,observed_seller_data,9.5,3,6.984508232876711,2026-04-30,True
Porvoon Energia Oy,12,2026-05-04,observed_seller_data,9.5,3,6.984508232876711,2026-04-30,True
Porvoon Energia Oy,12,2026-05-05,observed_seller_data,9.5,3,7.199113232876712,2026-05-04,True
Porvoon Energia Oy,12,2026-05-06,observed_seller_data,9.8,3,7.225643589041095,2026-05-05,True
Porvoon Energia Oy,12,2026-05-07,observed_seller_data,9.8,3,7.098238739726027,2026-05-06,True
Porvoon Energia Oy,12,2026-05-08,observed_seller_data,9.8,3,7.211415671232878,2026-05-07,True
Porvoon Energia Oy,12,2026-05-09,observed_seller_data,9.8,3,7.42950716438356,2026-05-08,True
Porvoon Energia Oy,12,2026-05-10,observed_seller_data,9.8,3,7.42950716438356,2026-05-08,True
Porvoon Energia Oy,12,2026-05-11,observed_seller_data,9.8,3,7.42950716438356,2026-05-08,True
Porvoon Energia Oy,12,2026-05-12,observed_seller_data,9.8,3,7.627480835616438,2026-05-11,True
Porvoon Energia Oy,12,2026-05-13,observed_seller_data,9.8,3,7.662703356164383,2026-05-12,True
Porvoon Energia Oy,12,2026-05-14,observed_seller_data,9.8,3,7.6846194383561635,2026-05-13,True
Porvoon Energia Oy,12,2026-05-15,observed_seller_data,9.8,3,7.672966849315067,2026-05-14,True
Porvoon Energia Oy,12,2026-05-16,observed_seller_data,9.8,3,7.7297306712328755,2026-05-15,True
Porvoon Energia Oy,12,2026-05-17,observed_seller_data,9.8,3,7.7297306712328755,2026-05-15,True
Porvoon Energia Oy,12,2026-05-18,observed_seller_data,9.8,3,7.7297306712328755,2026-05-15,True
Porvoon Energia Oy,12,2026-05-19,observed_seller_data,9.8,3,7.584962123287671,2026-05-18,True
Porvoon Energia Oy,12,2026-05-20,observed_seller_data,9.8,3,7.514379547945205,2026-05-19,True
Porvoon Energia Oy,12,2026-05-21,observed_seller_data,9.8,3,7.557534356164381,2026-05-20,True
Porvoon Energia Oy,12,2026-05-22,observed_seller_data,9.8,3,7.675029863013698,2026-05-21,True
Porvoon Energia Oy,12,2026-05-23,observed_seller_data,9.8,3,7.630430945205479,2026-05-22,True
Porvoon Energia Oy,12,2026-05-24,observed_seller_data,9.8,3,7.630430945205479,2026-05-22,True
Porvoon Energia Oy,12,2026-05-25,observed_seller_data,9.8,3,7.630430945205479,2026-05-22,True
Porvoon Energia Oy,12,2026-05-26,observed_seller_data,9.8,3,7.405325205479452,2026-05-25,True
Porvoon Energia Oy,12,2026-05-27,observed_seller_data,9.8,3,7.498484027397259,2026-05-26,True
Porvoon Energia Oy,12,2026-05-28,observed_seller_data,9.8,3,7.3629646575342464,2026-05-27,True
Porvoon Energia Oy,12,2026-05-29,observed_seller_data,9.8,3,7.544537369863012,2026-05-28,True
Porvoon Energia Oy,12,2026-05-30,observed_seller_data,9.8,3,7.758901684931507,2026-05-29,True
Porvoon Energia Oy,12,2026-05-31,observed_seller_data,9.8,3,7.758901684931507,2026-05-29,True
Porvoon Energia Oy,12,2026-06-01,observed_seller_data,9.8,3,7.61820415068493,2026-05-29,True
Porvoon Energia Oy,12,2026-06-02,observed_seller_data,9.8,3,7.859800246575342,2026-06-01,True
Porvoon Energia Oy,12,2026-06-03,observed_seller_data,10.1,3,7.760411123287669,2026-06-02,True
Porvoon Energia Oy,12,2026-06-04,observed_seller_data,10.1,3,7.938253219178082,2026-06-03,True
Porvoon Energia Oy,12,2026-06-05,observed_seller_data,10.1,3,7.809387068493151,2026-06-04,True
Porvoon Energia Oy,12,2026-06-06,observed_seller_data,10.1,3,7.719044260273972,2026-06-05,True
Porvoon Energia Oy,12,2026-06-07,observed_seller_data,10.1,3,7.719044260273972,2026-06-05,True
Porvoon Energia Oy,12,2026-06-08,observed_seller_data,10.1,3,7.719044260273972,2026-06-05,True
Porvoon Energia Oy,12,2026-06-09,observed_seller_data,10.1,3,7.710300520547945,2026-06-08,True
Porvoon Energia Oy,12,2026-06-10,observed_seller_data,10.1,3,7.529601150684932,2026-06-09,True
Porvoon Energia Oy,12,2026-06-11,observed_seller_data,10.1,3,7.565910191780821,2026-06-10,True
Porvoon Energia Oy,12,2026-06-12,observed_seller_data,10.1,3,7.608071315068491,2026-06-11,True
Porvoon Energia Oy,12,2026-06-13,observed_seller_data,10.1,3,7.4029114794520545,2026-06-12,True
Porvoon Energia Oy,12,2026-06-14,observed_seller_data,10.1,3,7.4029114794520545,2026-06-12,True
Porvoon Energia Oy,12,2026-06-15,observed_seller_data,10.1,3,7.4029114794520545,2026-06-12,True
Porvoon Energia Oy,12,2026-06-16,observed_seller_data,10.1,3,7.26479615068493,2026-06-15,True
Porvoon Energia Oy,12,2026-06-17,observed_seller_data,9.9,3,7.301139575342464,2026-06-16,True
Porvoon Energia Oy,12,2026-06-18,observed_seller_data,9.9,3,7.162126835616437,2026-06-17,True
Porvoon Energia Oy,12,2026-06-19,observed_seller_data,9.9,3,7.0250842739726025,2026-06-18,True
Porvoon Energia Oy,12,2026-06-20,observed_seller_data,9.9,3,7.132684191780821,2026-06-19,True
Porvoon Energia Oy,12,2026-06-21,observed_seller_data,9.9,3,7.132684191780821,2026-06-19,True
Porvoon Energia Oy,12,2026-06-22,observed_seller_data,9.9,3,7.132684191780821,2026-06-19,True
Porvoon Energia Oy,12,2026-06-23,observed_seller_data,9.9,3,6.836349465753425,2026-06-22,True
Porvoon Energia Oy,12,2026-06-24,observed_seller_data,9.6,3,6.874353616438356,2026-06-23,True
Porvoon Energia Oy,12,2026-06-25,observed_seller_data,9.6,3,6.835799328767123,2026-06-24,True
Porvoon Energia Oy,12,2026-06-26,observed_seller_data,9.6,3,6.8778641780821905,2026-06-25,True
Porvoon Energia Oy,12,2026-06-27,observed_seller_data,9.6,3,6.942928191780821,2026-06-26,True
Porvoon Energia Oy,12,2026-06-28,observed_seller_data,9.6,3,6.942928191780821,2026-06-26,True
Porvoon Energia Oy,12,2026-06-29,observed_seller_data,9.6,3,6.942928191780821,2026-06-26,True
Porvoon Energia Oy,12,2026-06-30,observed_seller_data,9.6,3,7.11498009589041,2026-06-29,True
Porvoon Energia Oy,12,2026-07-01,observed_seller_data,9.8,3,7.291367767123288,2026-06-30,True
Porvoon Energia Oy,12,2026-07-02,observed_seller_data,9.8,3,7.297343630136985,2026-07-01,True
Porvoon Energia Oy,12,2026-07-03,observed_seller_data,9.8,3,7.396309835616438,2026-07-02,True
Porvoon Energia Oy,12,2026-07-04,observed_seller_data,9.8,3,7.537921972602739,2026-07-03,True
Porvoon Energia Oy,12,2026-07-05,observed_seller_data,9.8,3,7.537921972602739,2026-07-03,True
Porvoon Energia Oy,12,2026-07-06,observed_seller_data,9.8,3,7.537921972602739,2026-07-03,True
Porvoon Energia Oy,12,2026-07-07,observed_seller_data,9.8,3,7.517649424657533,2026-07-06,True
Porvoon Energia Oy,12,2026-07-08,observed_seller_data,10.4,3,7.55255905479452,2026-07-07,True
Porvoon Energia Oy,12,2026-07-09,observed_seller_data,10.4,3,7.663016246575341,2026-07-08,True
Porvoon Energia Oy,12,2026-07-10,observed_seller_data,10.4,3,7.752925821917807,2026-07-09,True
Porvoon Energia Oy,12,2026-07-11,observed_seller_data,10.4,3,7.733756986301369,2026-07-10,True
Porvoon Energia Oy,12,2026-07-12,observed_seller_data,10.4,3,7.733756986301369,2026-07-10,True
Porvoon Energia Oy,12,2026-07-13,observed_seller_data,10.4,3,7.733756986301369,2026-07-10,True
Porvoon Energia Oy,12,2026-07-14,observed_seller_data,10.4,3,7.916333698630135,2026-07-13,True
Porvoon Energia Oy,12,2026-07-15,observed_seller_data,10.9,3,8.05474128767123,2026-07-14,True
Porvoon Energia Oy,12,2026-07-16,observed_seller_data,10.9,3,8.242688712328768,2026-07-15,True
Porvoon Energia Oy,12,2026-07-17,observed_seller_data,10.9,3,8.230231547945204,2026-07-16,True
Porvoon Energia Oy,12,2026-07-18,observed_seller_data,10.9,3,8.411536068493149,2026-07-17,True
Porvoon Energia Oy,12,2026-07-19,observed_seller_data,10.9,3,8.411536068493149,2026-07-17,True
Porvoon Energia Oy,12,2026-07-20,observed_seller_data,10.9,3,8.411536068493149,2026-07-17,True
Porvoon Energia Oy,12,2026-07-21,observed_seller_data,10.9,3,8.444090424657533,2026-07-20,True
Porvoon Energia Oy,12,2026-07-22,observed_seller_data,10.9,3,8.482008616438355,2026-07-21,True
Porvoon Energia Oy,12,2026-07-23,observed_seller_data,10.9,3,8.747336246575342,2026-07-22,True
Porvoon Energia Oy,12,2026-07-24,observed_seller_data,10.9,3,8.776696369863014,2026-07-23,True
Porvoon Energia Oy,12,2026-07-25,observed_seller_data,11.7,3,8.763114863013698,2026-07-24,True
Porvoon Energia Oy,12,2026-07-26,observed_seller_data,11.7,3,8.763114863013698,2026-07-24,True
Porvoon Energia Oy,12,2026-07-27,canonical_calculation,11.7,3,8.763114863013698,2026-07-24,True
Porvoon Energia Oy,12,2026-07-28,canonical_calculation,11.7,3,8.568218520547944,2026-07-27,True
Porvoon Energia Oy,12,2026-07-29,canonical_calculation,11.7,3,8.490944904109588,2026-07-28,True
Porvoon Energia Oy,12,2026-07-30,canonical_calculation,11.7,3,8.781259068493151,2026-07-29,True
Porvoon Energia Oy,12,2026-07-31,canonical_calculation,11.7,3,8.746273794520546,2026-07-30,True
Porvoon Energia Oy,12,2026-08-01,canonical_calculation,11.7,3,8.888607986301372,2026-07-31,True
Porvoon Energia Oy,12,2026-08-02,canonical_calculation,11.7,3,8.888607986301372,2026-07-31,True
Porvoon Energia Oy,12,2026-08-03,canonical_calculation,11.7,3,8.888607986301372,2026-07-31,True
Porvoon Energia Oy,12,2026-08-04,canonical_calculation,11.7,3,8.728779438356165,2026-08-03,True
Porvoon Energia Oy,12,2026-08-05,canonical_calculation,11.9,3,8.838225753424656,2026-08-04,True
Porvoon Energia Oy,12,2026-08-06,canonical_calculation,11.9,3,8.654765383561644,2026-08-05,True
Porvoon Energia Oy,12,2026-08-07,canonical_calculation,11.9,3,8.644147739726026,2026-08-06,True
Porvoon Energia Oy,12,2026-08-08,canonical_calculation,11.9,3,8.630679698630136,2026-08-07,True
Porvoon Energia Oy,12,2026-08-09,canonical_calculation,11.9,3,8.630679698630136,2026-08-07,True
Porvoon Energia Oy,12,2026-08-10,canonical_calculation,11.9,3,8.630679698630136,2026-08-07,True
Porvoon Energia Oy,12,2026-08-11,canonical_calculation,11.9,3,8.748859438356163,2026-08-10,True
Porvoon Energia Oy,12,2026-08-12,canonical_calculation,11.9,3,8.705082287671232,2026-08-11,True
Porvoon Energia Oy,12,2026-08-13,canonical_calculation,11.9,3,8.724316452054794,2026-08-12,True
Porvoon Energia Oy,12,2026-08-14,canonical_calculation,11.9,3,8.579424123287671,2026-08-13,True
Porvoon Energia Oy,12,2026-08-15,canonical_calculation,11.9,3,8.519703315068492,2026-08-14,True
Porvoon Energia Oy,12,2026-08-16,canonical_calculation,11.9,3,8.519703315068492,2026-08-14,True
Porvoon Energia Oy,12,2026-08-17,canonical_calculation,11.9,3,8.519703315068492,2026-08-14,True
Porvoon Energia Oy,12,2026-08-18,canonical_calculation,11.9,3,8.72096405479452,2026-08-17,True
Porvoon Energia Oy,12,2026-08-19,canonical_calculation,11.9,3,8.774798397260271,2026-08-18,True
Porvoon Energia Oy,12,2026-08-20,canonical_calculation,11.9,3,8.702345356164384,2026-08-19,True
Porvoon Energia Oy,12,2026-08-21,canonical_calculation,11.9,3,8.65210409589041,2026-08-20,True
Porvoon Energia Oy,12,2026-08-22,canonical_calculation,11.9,3,8.782668794520548,2026-08-21,True
Porvoon Energia Oy,12,2026-08-23,canonical_calculation,11.9,3,8.782668794520548,2026-08-21,True
Porvoon Energia Oy,12,2026-08-24,canonical_calculation,11.9,3,8.782668794520548,2026-08-21,True
Porvoon Energia Oy,12,2026-08-25,canonical_calculation,11.9,3,8.70024108219178,2026-08-24,True
Porvoon Energia Oy,12,2026-08-26,canonical_calculation,11.9,3,8.494331684931506,2026-08-25,True
Porvoon Energia Oy,12,2026-08-27,canonical_calculation,11.9,3,8.25278716438356,2026-08-26,True
Porvoon Energia Oy,12,2026-08-28,canonical_calculation,11.9,3,8.430127260273972,2026-08-27,True
Porvoon Energia Oy,12,2026-08-29,canonical_calculation,11.9,3,8.376550794520547,2026-08-28,True
Porvoon Energia Oy,12,2026-08-30,canonical_calculation,11.9,3,8.376550794520547,2026-08-28,True
Porvoon Energia Oy,12,2026-08-31,canonical_calculation,11.9,3,8.376550794520547,2026-08-28,True
Porvoon Energia Oy,12,2026-09-01,canonical_calculation,11.9,3,8.194654876712328,2026-08-31,True
Porvoon Energia Oy,12,2026-09-02,canonical_calculation,11.9,3,8.232160465753424,2026-09-01,True
Porvoon Energia Oy,12,2026-09-03,canonical_calculation,11.9,3,8.529712369863013,2026-09-02,True
Porvoon Energia Oy,12,2026-09-04,canonical_calculation,11.9,3,8.541691602739725,2026-09-03,True
Porvoon Energia Oy,12,2026-09-05,canonical_calculation,11.9,3,8.551384328767123,2026-09-04,True
Porvoon Energia Oy,12,2026-09-06,canonical_calculation,11.9,3,8.551384328767123,2026-09-04,True
Porvoon Energia Oy,12,2026-09-07,canonical_calculation,11.9,3,8.551384328767123,2026-09-04,True
Porvoon Energia Oy,12,2026-09-08,canonical_calculation,11.9,3,8.858608328767124,2026-09-07,True
Porvoon Energia Oy,12,2026-09-09,canonical_calculation,12.1,3,9.059559616438355,2026-09-08,True
Porvoon Energia Oy,12,2026-09-10,canonical_calculation,12.1,3,9.442544356164383,2026-09-09,True
Porvoon Energia Oy,12,2026-09-11,canonical_calculation,13.0,3,9.592642356164383,2026-09-10,True
Porvoon Energia Oy,12,2026-09-12,canonical_calculation,13.0,3,9.381571986301369,2026-09-11,True
Porvoon Energia Oy,12,2026-09-13,canonical_calculation,13.0,3,9.381571986301369,2026-09-11,True
Porvoon Energia Oy,24,2026-04-08,observed_seller_data,9.0,3,,,False
Porvoon Energia Oy,24,2026-04-09,observed_seller_data,9.0,3,6.314420047879617,2026-04-08,True
Porvoon Energia Oy,24,2026-04-10,observed_seller_data,8.9,3,6.2962903625171,2026-04-09,True
Porvoon Energia Oy,24,2026-04-11,observed_seller_data,8.9,3,6.228571867305061,2026-04-10,True
Porvoon Energia Oy,24,2026-04-12,observed_seller_data,8.9,3,6.228571867305061,2026-04-10,True
Porvoon Energia Oy,24,2026-04-13,observed_seller_data,8.9,3,6.228571867305061,2026-04-10,True
Porvoon Energia Oy,24,2026-04-14,observed_seller_data,8.9,3,6.23801269493844,2026-04-13,True
Porvoon Energia Oy,24,2026-04-15,observed_seller_data,8.9,3,6.177379541723666,2026-04-14,True
Porvoon Energia Oy,24,2026-04-16,observed_seller_data,8.9,3,6.144708337893295,2026-04-15,True
Porvoon Energia Oy,24,2026-04-17,observed_seller_data,8.9,3,6.150796203830369,2026-04-16,True
Porvoon Energia Oy,24,2026-04-18,observed_seller_data,8.9,3,6.103619534883721,2026-04-17,True
Porvoon Energia Oy,24,2026-04-19,observed_seller_data,8.9,3,6.103619534883721,2026-04-17,True
Porvoon Energia Oy,24,2026-04-20,observed_seller_data,8.9,3,6.103619534883721,2026-04-17,True
Porvoon Energia Oy,24,2026-04-21,observed_seller_data,8.9,3,6.087503686730505,2026-04-20,True
Porvoon Energia Oy,24,2026-04-22,observed_seller_data,8.7,3,6.154380937072504,2026-04-21,True
Porvoon Energia Oy,24,2026-04-23,observed_seller_data,8.7,3,6.177219876880984,2026-04-22,True
Porvoon Energia Oy,24,2026-04-24,observed_seller_data,8.7,3,6.256475444596442,2026-04-23,True
Porvoon Energia Oy,24,2026-04-25,observed_seller_data,8.7,3,6.191047195622435,2026-04-24,True
Porvoon Energia Oy,24,2026-04-26,observed_seller_data,8.7,3,6.191047195622435,2026-04-24,True
Porvoon Energia Oy,24,2026-04-27,observed_seller_data,8.7,3,6.191047195622435,2026-04-24,True
Porvoon Energia Oy,24,2026-04-28,observed_seller_data,8.7,3,6.134817701778386,2026-04-27,True
Porvoon Energia Oy,24,2026-04-29,observed_seller_data,8.7,3,6.171774103967169,2026-04-28,True
Porvoon Energia Oy,24,2026-04-30,observed_seller_data,8.7,3,6.239817079343364,2026-04-29,True
Porvoon Energia Oy,24,2026-05-01,observed_seller_data,8.7,3,6.355381805745553,2026-04-30,True
Porvoon Energia Oy,24,2026-05-02,observed_seller_data,8.7,3,6.355381805745553,2026-04-30,True
Porvoon Energia Oy,24,2026-05-03,observed_seller_data,8.7,3,6.355381805745553,2026-04-30,True
Porvoon Energia Oy,24,2026-05-04,observed_seller_data,8.7,3,6.355381805745553,2026-04-30,True
Porvoon Energia Oy,24,2026-05-05,observed_seller_data,8.7,3,6.476608625170997,2026-05-04,True
Porvoon Energia Oy,24,2026-05-06,observed_seller_data,8.9,3,6.494082482900137,2026-05-05,True
Porvoon Energia Oy,24,2026-05-07,observed_seller_data,8.9,3,6.3717053898768805,2026-05-06,True
Porvoon Energia Oy,24,2026-05-08,observed_seller_data,8.9,3,6.408783686730506,2026-05-07,True
Porvoon Energia Oy,24,2026-05-09,observed_seller_data,8.9,3,6.537145636114911,2026-05-08,True
Porvoon Energia Oy,24,2026-05-10,observed_seller_data,8.9,3,6.537145636114911,2026-05-08,True
Porvoon Energia Oy,24,2026-05-11,observed_seller_data,8.9,3,6.537145636114911,2026-05-08,True
Porvoon Energia Oy,24,2026-05-12,observed_seller_data,8.9,3,6.665234610123119,2026-05-11,True
Porvoon Energia Oy,24,2026-05-13,observed_seller_data,8.9,3,6.70606760601915,2026-05-12,True
Porvoon Energia Oy,24,2026-05-14,observed_seller_data,8.9,3,6.721105287277702,2026-05-13,True
Porvoon Energia Oy,24,2026-05-15,observed_seller_data,8.9,3,6.717319685362518,2026-05-14,True
Porvoon Energia Oy,24,2026-05-16,observed_seller_data,8.9,3,6.7470001778385775,2026-05-15,True
Porvoon Energia Oy,24,2026-05-17,observed_seller_data,8.9,3,6.7470001778385775,2026-05-15,True
Porvoon Energia Oy,24,2026-05-18,observed_seller_data,8.9,3,6.7470001778385775,2026-05-15,True
Porvoon Energia Oy,24,2026-05-19,observed_seller_data,8.9,3,6.650742879616962,2026-05-18,True
Porvoon Energia Oy,24,2026-05-20,observed_seller_data,8.9,3,6.6187309370725025,2026-05-19,True
Porvoon Energia Oy,24,2026-05-21,observed_seller_data,8.9,3,6.6317977017783845,2026-05-20,True
Porvoon Energia Oy,24,2026-05-22,observed_seller_data,8.9,3,6.702566997264021,2026-05-21,True
Porvoon Energia Oy,24,2026-05-23,observed_seller_data,8.9,3,6.6722512790697674,2026-05-22,True
Porvoon Energia Oy,24,2026-05-24,observed_seller_data,8.9,3,6.6722512790697674,2026-05-22,True
Porvoon Energia Oy,24,2026-05-25,observed_seller_data,8.9,3,6.6722512790697674,2026-05-22,True
Porvoon Energia Oy,24,2026-05-26,observed_seller_data,8.9,3,6.515872441860465,2026-05-25,True
Porvoon Energia Oy,24,2026-05-27,observed_seller_data,8.9,3,6.584854521203829,2026-05-26,True
Porvoon Energia Oy,24,2026-05-28,observed_seller_data,8.9,3,6.484572982216141,2026-05-27,True
Porvoon Energia Oy,24,2026-05-29,observed_seller_data,8.9,3,6.595828474692201,2026-05-28,True
Porvoon Energia Oy,24,2026-05-30,observed_seller_data,8.9,3,6.705398043775649,2026-05-29,True
Porvoon Energia Oy,24,2026-05-31,observed_seller_data,8.9,3,6.705398043775649,2026-05-29,True
Porvoon Energia Oy,24,2026-06-01,observed_seller_data,8.9,3,6.692830875512995,2026-05-29,True
Porvoon Energia Oy,24,2026-06-02,observed_seller_data,8.9,3,6.863023296853624,2026-06-01,True
Porvoon Energia Oy,24,2026-06-03,observed_seller_data,9.3,3,6.804407414500683,2026-06-02,True
Porvoon Energia Oy,24,2026-06-04,observed_seller_data,9.3,3,6.924890848153214,2026-06-03,True
Porvoon Energia Oy,24,2026-06-05,observed_seller_data,9.3,3,6.841681429548563,2026-06-04,True
Porvoon Energia Oy,24,2026-06-06,observed_seller_data,9.3,3,6.780177845417237,2026-06-05,True
Porvoon Energia Oy,24,2026-06-07,observed_seller_data,9.3,3,6.780177845417237,2026-06-05,True
Porvoon Energia Oy,24,2026-06-08,observed_seller_data,9.3,3,6.780177845417237,2026-06-05,True
Porvoon Energia Oy,24,2026-06-09,observed_seller_data,9.3,3,6.7652792270861815,2026-06-08,True
Porvoon Energia Oy,24,2026-06-10,observed_seller_data,9.3,3,6.654351648426812,2026-06-09,True
Porvoon Energia Oy,24,2026-06-11,observed_seller_data,9.3,3,6.690471956224349,2026-06-10,True
Porvoon Energia Oy,24,2026-06-12,observed_seller_data,9.3,3,6.73640049247606,2026-06-11,True
Porvoon Energia Oy,24,2026-06-13,observed_seller_data,9.3,3,6.603004808481531,2026-06-12,True
Porvoon Energia Oy,24,2026-06-14,observed_seller_data,9.3,3,6.603004808481531,2026-06-12,True
Porvoon Energia Oy,24,2026-06-15,observed_seller_data,9.3,3,6.603004808481531,2026-06-12,True
Porvoon Energia Oy,24,2026-06-16,observed_seller_data,9.3,3,6.537957694938441,2026-06-15,True
Porvoon Energia Oy,24,2026-06-17,observed_seller_data,9.3,3,6.571571436388509,2026-06-16,True
Porvoon Energia Oy,24,2026-06-18,observed_seller_data,9.3,3,6.488619541723665,2026-06-17,True
Porvoon Energia Oy,24,2026-06-19,observed_seller_data,9.3,3,6.392096135430917,2026-06-18,True
Porvoon Energia Oy,24,2026-06-20,observed_seller_data,9.3,3,6.448359965800273,2026-06-19,True
Porvoon Energia Oy,24,2026-06-21,observed_seller_data,9.3,3,6.448359965800273,2026-06-19,True
Porvoon Energia Oy,24,2026-06-22,observed_seller_data,9.3,3,6.448359965800273,2026-06-19,True
Porvoon Energia Oy,24,2026-06-23,observed_seller_data,9.3,3,6.2601099658002735,2026-06-22,True
Porvoon Energia Oy,24,2026-06-24,observed_seller_data,9.0,3,6.329272311901504,2026-06-23,True
Porvoon Energia Oy,24,2026-06-25,observed_seller_data,9.0,3,6.319347339261285,2026-06-24,True
Porvoon Energia Oy,24,2026-06-26,observed_seller_data,9.0,3,6.360398372093023,2026-06-25,True
Porvoon Energia Oy,24,2026-06-27,observed_seller_data,9.0,3,6.398996060191518,2026-06-26,True
Porvoon Energia Oy,24,2026-06-28,observed_seller_data,9.0,3,6.398996060191518,2026-06-26,True
Porvoon Energia Oy,24,2026-06-29,observed_seller_data,9.0,3,6.398996060191518,2026-06-26,True
Porvoon Energia Oy,24,2026-06-30,observed_seller_data,9.0,3,6.356499459644321,2026-06-29,True
Porvoon Energia Oy,24,2026-07-01,observed_seller_data,9.0,3,6.578045588235293,2026-06-30,True
Porvoon Energia Oy,24,2026-07-02,observed_seller_data,9.0,3,6.6284910943912445,2026-07-01,True
Porvoon Energia Oy,24,2026-07-03,observed_seller_data,9.0,3,6.720432291381669,2026-07-02,True
Porvoon Energia Oy,24,2026-07-04,observed_seller_data,9.0,3,6.790317421340628,2026-07-03,True
Porvoon Energia Oy,24,2026-07-05,observed_seller_data,9.0,3,6.790317421340628,2026-07-03,True
Porvoon Energia Oy,24,2026-07-06,observed_seller_data,9.0,3,6.790317421340628,2026-07-03,True
Porvoon Energia Oy,24,2026-07-07,observed_seller_data,9.0,3,6.748586525307798,2026-07-06,True
Porvoon Energia Oy,24,2026-07-08,observed_seller_data,9.4,3,6.768290540355675,2026-07-07,True
Porvoon Energia Oy,24,2026-07-09,observed_seller_data,9.4,3,6.846610437756497,2026-07-08,True
Porvoon Energia Oy,24,2026-07-10,observed_seller_data,9.4,3,6.866929076607387,2026-07-09,True
Porvoon Energia Oy,24,2026-07-11,observed_seller_data,9.4,3,6.839267571819425,2026-07-10,True
Porvoon Energia Oy,24,2026-07-12,observed_seller_data,9.4,3,6.839267571819425,2026-07-10,True
Porvoon Energia Oy,24,2026-07-13,observed_seller_data,9.4,3,6.839267571819425,2026-07-10,True
Porvoon Energia Oy,24,2026-07-14,observed_seller_data,9.4,3,6.9581303214774275,2026-07-13,True
Porvoon Energia Oy,24,2026-07-15,observed_seller_data,9.7,3,7.056428926128589,2026-07-14,True
Porvoon Energia Oy,24,2026-07-16,observed_seller_data,9.7,3,7.151063823529411,2026-07-15,True
Porvoon Energia Oy,24,2026-07-17,observed_seller_data,9.7,3,7.151930820793433,2026-07-16,True
Porvoon Energia Oy,24,2026-07-18,observed_seller_data,9.7,3,7.250301532147743,2026-07-17,True
Porvoon Energia Oy,24,2026-07-19,observed_seller_data,9.7,3,7.250301532147743,2026-07-17,True
Porvoon Energia Oy,24,2026-07-20,observed_seller_data,9.7,3,7.250301532147743,2026-07-17,True
Porvoon Energia Oy,24,2026-07-21,observed_seller_data,9.7,3,7.25315146374829,2026-07-20,True
Porvoon Energia Oy,24,2026-07-22,observed_seller_data,9.7,3,7.284062920656635,2026-07-21,True
Porvoon Energia Oy,24,2026-07-23,observed_seller_data,9.7,3,7.422411648426812,2026-07-22,True
Porvoon Energia Oy,24,2026-07-24,observed_seller_data,9.7,3,7.446412879616962,2026-07-23,True
Porvoon Energia Oy,24,2026-07-25,observed_seller_data,10.2,3,7.456499233926127,2026-07-24,True
Porvoon Energia Oy,24,2026-07-26,observed_seller_data,10.2,3,7.456499233926127,2026-07-24,True
Porvoon Energia Oy,24,2026-07-27,canonical_calculation,10.2,3,7.456499233926127,2026-07-24,True
Porvoon Energia Oy,24,2026-07-28,canonical_calculation,10.2,3,7.337356641586867,2026-07-27,True
Porvoon Energia Oy,24,2026-07-29,canonical_calculation,10.2,3,7.273444350205198,2026-07-28,True
Porvoon Energia Oy,24,2026-07-30,canonical_calculation,10.2,3,7.420560909712721,2026-07-29,True
Porvoon Energia Oy,24,2026-07-31,canonical_calculation,10.2,3,7.412508994528044,2026-07-30,True
Porvoon Energia Oy,24,2026-08-01,canonical_calculation,10.2,3,7.608965424076606,2026-07-31,True
Porvoon Energia Oy,24,2026-08-02,canonical_calculation,10.2,3,7.608965424076606,2026-07-31,True
Porvoon Energia Oy,24,2026-08-03,canonical_calculation,10.2,3,7.608965424076606,2026-07-31,True
Porvoon Energia Oy,24,2026-08-04,canonical_calculation,10.2,3,7.529972530779754,2026-08-03,True
Porvoon Energia Oy,24,2026-08-05,canonical_calculation,10.2,3,7.585975403556771,2026-08-04,True
Porvoon Energia Oy,24,2026-08-06,canonical_calculation,10.2,3,7.4775578248974,2026-08-05,True
Porvoon Energia Oy,24,2026-08-07,canonical_calculation,10.2,3,7.496314151846784,2026-08-06,True
Porvoon Energia Oy,24,2026-08-08,canonical_calculation,10.2,3,7.491129336525306,2026-08-07,True
Porvoon Energia Oy,24,2026-08-09,canonical_calculation,10.2,3,7.491129336525306,2026-08-07,True
Porvoon Energia Oy,24,2026-08-10,canonical_calculation,10.2,3,7.491129336525306,2026-08-07,True
Porvoon Energia Oy,24,2026-08-11,canonical_calculation,10.2,3,7.565430143638851,2026-08-10,True
Porvoon Energia Oy,24,2026-08-12,canonical_calculation,10.2,3,7.543820451436388,2026-08-11,True
Porvoon Energia Oy,24,2026-08-13,canonical_calculation,10.2,3,7.565919439124487,2026-08-12,True
Porvoon Energia Oy,24,2026-08-14,canonical_calculation,10.2,3,7.4593920861833105,2026-08-13,True
Porvoon Energia Oy,24,2026-08-15,canonical_calculation,10.2,3,7.408258132694938,2026-08-14,True
Porvoon Energia Oy,24,2026-08-16,canonical_calculation,10.2,3,7.408258132694938,2026-08-14,True
Porvoon Energia Oy,24,2026-08-17,canonical_calculation,10.2,3,7.408258132694938,2026-08-14,True
Porvoon Energia Oy,24,2026-08-18,canonical_calculation,10.2,3,7.543262482900136,2026-08-17,True
Porvoon Energia Oy,24,2026-08-19,canonical_calculation,10.2,3,7.569327339261285,2026-08-18,True
Porvoon Energia Oy,24,2026-08-20,canonical_calculation,10.2,3,7.525651279069766,2026-08-19,True
Porvoon Energia Oy,24,2026-08-21,canonical_calculation,10.2,3,7.518734186046511,2026-08-20,True
Porvoon Energia Oy,24,2026-08-22,canonical_calculation,10.2,3,7.600690321477427,2026-08-21,True
Porvoon Energia Oy,24,2026-08-23,canonical_calculation,10.2,3,7.600690321477427,2026-08-21,True
Porvoon Energia Oy,24,2026-08-24,canonical_calculation,10.2,3,7.600690321477427,2026-08-21,True
Porvoon Energia Oy,24,2026-08-25,canonical_calculation,10.2,3,7.572352387140903,2026-08-24,True
Porvoon Energia Oy,24,2026-08-26,canonical_calculation,10.2,3,7.385951409028726,2026-08-25,True
Porvoon Energia Oy,24,2026-08-27,canonical_calculation,10.2,3,7.248811326949384,2026-08-26,True
Porvoon Energia Oy,24,2026-08-28,canonical_calculation,10.2,3,7.380433529411764,2026-08-27,True
Porvoon Energia Oy,24,2026-08-29,canonical_calculation,10.2,3,7.362903016415868,2026-08-28,True
Porvoon Energia Oy,24,2026-08-30,canonical_calculation,10.2,3,7.362903016415868,2026-08-28,True
Porvoon Energia Oy,24,2026-08-31,canonical_calculation,10.2,3,7.362903016415868,2026-08-28,True
Porvoon Energia Oy,24,2026-09-01,canonical_calculation,10.2,3,7.3933217441860455,2026-08-31,True
Porvoon Energia Oy,24,2026-09-02,canonical_calculation,10.2,3,7.452802906976744,2026-09-01,True
Porvoon Energia Oy,24,2026-09-03,canonical_calculation,10.2,3,7.658533632010943,2026-09-02,True
Porvoon Energia Oy,24,2026-09-04,canonical_calculation,10.2,5,7.687525677154583,2026-09-03,True
Porvoon Energia Oy,24,2026-09-05,canonical_calculation,10.2,5,7.69683602599179,2026-09-04,True
Porvoon Energia Oy,24,2026-09-06,canonical_calculation,10.2,5,7.69683602599179,2026-09-04,True
Porvoon Energia Oy,24,2026-09-07,canonical_calculation,10.2,5,7.69683602599179,2026-09-04,True
Porvoon Energia Oy,24,2026-09-08,canonical_calculation,10.4,3,7.916026668946647,2026-09-07,True
Porvoon Energia Oy,24,2026-09-09,canonical_calculation,10.6,3,8.065436908344731,2026-09-08,True
Porvoon Energia Oy,24,2026-09-10,canonical_calculation,10.6,3,8.37942211354309,2026-09-09,True
Porvoon Energia Oy,24,2026-09-11,canonical_calculation,11.1,3,8.510666614227084,2026-09-10,True
Porvoon Energia Oy,24,2026-09-12,canonical_calculation,11.1,3,8.336777865937071,2026-09-11,True
Porvoon Energia Oy,24,2026-09-13,canonical_calculation,11.1,3,8.336777865937071,2026-09-11,True
Sähkötytöt Oy,6,2026-04-08,observed_seller_data,7.69,1,,,False
Sähkötytöt Oy,6,2026-04-09,observed_seller_data,7.69,1,5.674571168478261,2026-04-08,True
Sähkötytöt Oy,6,2026-04-10,observed_seller_data,7.69,1,5.6259399184782595,2026-04-09,True
Sähkötytöt Oy,6,2026-04-11,observed_seller_data,7.69,1,5.571442907608695,2026-04-10,True
Sähkötytöt Oy,6,2026-04-12,observed_seller_data,7.69,1,5.571442907608695,2026-04-10,True
Sähkötytöt Oy,6,2026-04-13,observed_seller_data,7.69,1,5.571442907608695,2026-04-10,True
Sähkötytöt Oy,6,2026-04-14,observed_seller_data,7.69,1,5.563196739130434,2026-04-13,True
Sähkötytöt Oy,6,2026-04-15,observed_seller_data,7.69,1,5.412678586956522,2026-04-14,True
Sähkötytöt Oy,6,2026-04-16,observed_seller_data,7.69,1,5.3783638858695655,2026-04-15,True
Sähkötytöt Oy,6,2026-04-17,observed_seller_data,7.69,1,5.434354619565217,2026-04-16,True
Sähkötytöt Oy,6,2026-04-18,observed_seller_data,7.69,1,5.393219266304348,2026-04-17,True
Sähkötytöt Oy,6,2026-04-19,observed_seller_data,7.69,1,5.393219266304348,2026-04-17,True
Sähkötytöt Oy,6,2026-04-20,observed_seller_data,7.69,1,5.393219266304348,2026-04-17,True
Sähkötytöt Oy,6,2026-04-21,observed_seller_data,7.69,1,5.466534456521739,2026-04-20,True
Sähkötytöt Oy,6,2026-04-22,observed_seller_data,7.69,1,5.530171141304348,2026-04-21,True
Sähkötytöt Oy,6,2026-04-23,observed_seller_data,7.69,1,5.561593885869565,2026-04-22,True
Sähkötytöt Oy,6,2026-04-24,observed_seller_data,7.69,1,5.632699184782608,2026-04-23,True
Sähkötytöt Oy,6,2026-04-25,observed_seller_data,7.69,1,5.489342717391304,2026-04-24,True
Sähkötytöt Oy,6,2026-04-26,observed_seller_data,7.69,1,5.489342717391304,2026-04-24,True
Sähkötytöt Oy,6,2026-04-27,observed_seller_data,7.69,1,5.489342717391304,2026-04-24,True
Sähkötytöt Oy,6,2026-04-28,observed_seller_data,7.69,1,5.378875434782609,2026-04-27,True
Sähkötytöt Oy,6,2026-04-29,observed_seller_data,7.69,1,5.458874864130435,2026-04-28,True
Sähkötytöt Oy,6,2026-04-30,observed_seller_data,7.69,1,5.601869836956521,2026-04-29,True
Sähkötytöt Oy,6,2026-05-01,observed_seller_data,7.69,1,6.441215491803279,2026-04-30,True
Sähkötytöt Oy,6,2026-05-02,observed_seller_data,7.69,1,6.441215491803279,2026-04-30,True
Sähkötytöt Oy,6,2026-05-03,observed_seller_data,7.69,1,6.441215491803279,2026-04-30,True
Sähkötytöt Oy,6,2026-05-04,observed_seller_data,7.69,1,6.441215491803279,2026-04-30,True
Sähkötytöt Oy,6,2026-05-05,observed_seller_data,7.69,1,6.770018633879781,2026-05-04,True
Sähkötytöt Oy,6,2026-05-06,observed_seller_data,7.69,1,6.7423194808743165,2026-05-05,True
Sähkötytöt Oy,6,2026-05-07,observed_seller_data,7.69,1,6.660545601092896,2026-05-06,True
Sähkötytöt Oy,6,2026-05-08,observed_seller_data,7.69,1,6.847012540983606,2026-05-07,True
Sähkötytöt Oy,6,2026-05-09,observed_seller_data,7.69,1,7.107675355191256,2026-05-08,True
Sähkötytöt Oy,6,2026-05-10,observed_seller_data,7.69,1,7.107675355191256,2026-05-08,True
Sähkötytöt Oy,6,2026-05-11,observed_seller_data,7.69,1,7.107675355191256,2026-05-08,True
Sähkötytöt Oy,6,2026-05-12,observed_seller_data,7.69,1,7.366465956284151,2026-05-11,True
Sähkötytöt Oy,6,2026-05-13,observed_seller_data,7.69,1,7.396359644808744,2026-05-12,True
Sähkötytöt Oy,6,2026-05-14,observed_seller_data,7.69,1,7.428221557377048,2026-05-13,True
Sähkötytöt Oy,6,2026-05-15,observed_seller_data,7.69,1,7.398444453551912,2026-05-14,True
Sähkötytöt Oy,6,2026-05-16,observed_seller_data,7.69,1,7.479093633879781,2026-05-15,True
Sähkötytöt Oy,6,2026-05-17,observed_seller_data,7.69,1,7.479093633879781,2026-05-15,True
Sähkötytöt Oy,6,2026-05-18,observed_seller_data,7.69,1,7.479093633879781,2026-05-15,True
Sähkötytöt Oy,6,2026-05-19,observed_seller_data,7.69,1,7.228169071038252,2026-05-18,True
Sähkötytöt Oy,12,2026-04-08,observed_seller_data,8.9,1,,,False
Sähkötytöt Oy,12,2026-04-09,observed_seller_data,8.9,1,7.008009397260273,2026-04-08,True
Sähkötytöt Oy,12,2026-04-10,observed_seller_data,8.9,1,7.001851301369863,2026-04-09,True
Sähkötytöt Oy,12,2026-04-11,observed_seller_data,8.9,1,6.91596116438356,2026-04-10,True
Sähkötytöt Oy,12,2026-04-12,observed_seller_data,8.9,1,6.91596116438356,2026-04-10,True
Sähkötytöt Oy,12,2026-04-13,observed_seller_data,8.9,1,6.91596116438356,2026-04-10,True
Sähkötytöt Oy,12,2026-04-14,observed_seller_data,8.9,1,6.929934643835616,2026-04-13,True
Sähkötytöt Oy,12,2026-04-15,observed_seller_data,8.9,1,6.809994465753424,2026-04-14,True
Sähkötytöt Oy,12,2026-04-16,observed_seller_data,8.9,1,6.761455191780822,2026-04-15,True
Sähkötytöt Oy,12,2026-04-17,observed_seller_data,8.9,1,6.797176273972602,2026-04-16,True
Sähkötytöt Oy,12,2026-04-18,observed_seller_data,8.9,1,6.730929465753426,2026-04-17,True
Sähkötytöt Oy,12,2026-04-19,observed_seller_data,8.9,1,6.730929465753426,2026-04-17,True
Sähkötytöt Oy,12,2026-04-20,observed_seller_data,8.9,1,6.730929465753426,2026-04-17,True
Sähkötytöt Oy,12,2026-04-21,observed_seller_data,8.9,1,6.749090863013699,2026-04-20,True
Sähkötytöt Oy,12,2026-04-22,observed_seller_data,8.9,1,6.839808452054794,2026-04-21,True
Sähkötytöt Oy,12,2026-04-23,observed_seller_data,8.9,1,6.872737589041094,2026-04-22,True
Sähkötytöt Oy,12,2026-04-24,observed_seller_data,8.9,1,6.963417356164384,2026-04-23,True
Sähkötytöt Oy,12,2026-04-25,observed_seller_data,8.9,1,6.8711112465753414,2026-04-24,True
Sähkötytöt Oy,12,2026-04-26,observed_seller_data,8.9,1,6.8711112465753414,2026-04-24,True
Sähkötytöt Oy,12,2026-04-27,observed_seller_data,8.9,1,6.8711112465753414,2026-04-24,True
Sähkötytöt Oy,12,2026-04-28,observed_seller_data,8.9,1,6.778488808219178,2026-04-27,True
Sähkötytöt Oy,12,2026-04-29,observed_seller_data,8.9,1,6.82226595890411,2026-04-28,True
Sähkötytöt Oy,12,2026-04-30,observed_seller_data,8.9,1,6.91197610958904,2026-04-29,True
Sähkötytöt Oy,12,2026-05-01,observed_seller_data,8.9,1,6.984508232876711,2026-04-30,True
Sähkötytöt Oy,12,2026-05-02,observed_seller_data,8.9,1,6.984508232876711,2026-04-30,True
Sähkötytöt Oy,12,2026-05-03,observed_seller_data,8.9,1,6.984508232876711,2026-04-30,True
Sähkötytöt Oy,12,2026-05-04,observed_seller_data,8.9,1,6.984508232876711,2026-04-30,True
Sähkötytöt Oy,12,2026-05-05,observed_seller_data,8.9,1,7.199113232876712,2026-05-04,True
Sähkötytöt Oy,12,2026-05-06,observed_seller_data,8.9,1,7.225643589041095,2026-05-05,True
Sähkötytöt Oy,12,2026-05-07,observed_seller_data,8.9,1,7.098238739726027,2026-05-06,True
Sähkötytöt Oy,12,2026-05-08,observed_seller_data,8.9,1,7.211415671232878,2026-05-07,True
Sähkötytöt Oy,12,2026-05-09,observed_seller_data,8.9,1,7.42950716438356,2026-05-08,True
Sähkötytöt Oy,12,2026-05-10,observed_seller_data,8.9,1,7.42950716438356,2026-05-08,True
Sähkötytöt Oy,12,2026-05-11,observed_seller_data,8.9,1,7.42950716438356,2026-05-08,True
Sähkötytöt Oy,12,2026-05-12,observed_seller_data,8.9,1,7.627480835616438,2026-05-11,True
Sähkötytöt Oy,12,2026-05-13,observed_seller_data,8.9,1,7.662703356164383,2026-05-12,True
Sähkötytöt Oy,12,2026-05-14,observed_seller_data,8.9,1,7.6846194383561635,2026-05-13,True
Sähkötytöt Oy,12,2026-05-15,observed_seller_data,8.9,1,7.672966849315067,2026-05-14,True
Sähkötytöt Oy,12,2026-05-16,observed_seller_data,8.9,1,7.7297306712328755,2026-05-15,True
Sähkötytöt Oy,12,2026-05-17,observed_seller_data,8.9,1,7.7297306712328755,2026-05-15,True
Sähkötytöt Oy,12,2026-05-18,observed_seller_data,8.9,1,7.7297306712328755,2026-05-15,True
Sähkötytöt Oy,12,2026-05-19,observed_seller_data,8.9,1,7.584962123287671,2026-05-18,True
Sähkötytöt Oy,12,2026-05-20,observed_seller_data,8.9,1,7.514379547945205,2026-05-19,True
Sähkötytöt Oy,12,2026-05-21,observed_seller_data,8.9,1,7.557534356164381,2026-05-20,True
Sähkötytöt Oy,12,2026-05-22,observed_seller_data,8.9,1,7.675029863013698,2026-05-21,True
Sähkötytöt Oy,12,2026-05-23,observed_seller_data,8.9,1,7.630430945205479,2026-05-22,True
Sähkötytöt Oy,12,2026-05-24,observed_seller_data,8.9,1,7.630430945205479,2026-05-22,True
Sähkötytöt Oy,12,2026-05-25,observed_seller_data,8.9,1,7.630430945205479,2026-05-22,True
Sähkötytöt Oy,12,2026-05-26,observed_seller_data,8.9,1,7.405325205479452,2026-05-25,True
Sähkötytöt Oy,12,2026-05-27,observed_seller_data,8.9,1,7.498484027397259,2026-05-26,True
Sähkötytöt Oy,12,2026-05-28,observed_seller_data,8.9,1,7.3629646575342464,2026-05-27,True
Sähkötytöt Oy,12,2026-05-29,observed_seller_data,8.9,1,7.544537369863012,2026-05-28,True
Sähkötytöt Oy,12,2026-05-30,observed_seller_data,8.9,1,7.758901684931507,2026-05-29,True
Sähkötytöt Oy,12,2026-05-31,observed_seller_data,8.9,1,7.758901684931507,2026-05-29,True
Sähkötytöt Oy,12,2026-06-01,observed_seller_data,8.9,1,7.61820415068493,2026-05-29,True
Sähkötytöt Oy,12,2026-06-02,observed_seller_data,8.9,1,7.859800246575342,2026-06-01,True
Sähkötytöt Oy,24,2026-04-08,observed_seller_data,8.28,1,,,False
Sähkötytöt Oy,24,2026-04-09,observed_seller_data,8.28,1,6.314420047879617,2026-04-08,True
Sähkötytöt Oy,24,2026-04-10,observed_seller_data,8.28,1,6.2962903625171,2026-04-09,True
Sähkötytöt Oy,24,2026-04-11,observed_seller_data,8.28,1,6.228571867305061,2026-04-10,True
Sähkötytöt Oy,24,2026-04-12,observed_seller_data,8.28,1,6.228571867305061,2026-04-10,True
Sähkötytöt Oy,24,2026-04-13,observed_seller_data,8.28,1,6.228571867305061,2026-04-10,True
Sähkötytöt Oy,24,2026-04-14,observed_seller_data,8.28,1,6.23801269493844,2026-04-13,True
Sähkötytöt Oy,24,2026-04-15,observed_seller_data,8.28,1,6.177379541723666,2026-04-14,True
Sähkötytöt Oy,24,2026-04-16,observed_seller_data,8.28,1,6.144708337893295,2026-04-15,True
Sähkötytöt Oy,24,2026-04-17,observed_seller_data,8.28,1,6.150796203830369,2026-04-16,True
Sähkötytöt Oy,24,2026-04-18,observed_seller_data,8.28,1,6.103619534883721,2026-04-17,True
Sähkötytöt Oy,24,2026-04-19,observed_seller_data,8.28,1,6.103619534883721,2026-04-17,True
Sähkötytöt Oy,24,2026-04-20,observed_seller_data,8.28,1,6.103619534883721,2026-04-17,True
Sähkötytöt Oy,24,2026-04-21,observed_seller_data,8.28,1,6.087503686730505,2026-04-20,True
Sähkötytöt Oy,24,2026-04-22,observed_seller_data,8.28,1,6.154380937072504,2026-04-21,True
Sähkötytöt Oy,24,2026-04-23,observed_seller_data,8.28,1,6.177219876880984,2026-04-22,True
Sähkötytöt Oy,24,2026-04-24,observed_seller_data,8.28,1,6.256475444596442,2026-04-23,True
Sähkötytöt Oy,24,2026-04-25,observed_seller_data,8.28,1,6.191047195622435,2026-04-24,True
Sähkötytöt Oy,24,2026-04-26,observed_seller_data,8.28,1,6.191047195622435,2026-04-24,True
Sähkötytöt Oy,24,2026-04-27,observed_seller_data,8.28,1,6.191047195622435,2026-04-24,True
Sähkötytöt Oy,24,2026-04-28,observed_seller_data,8.28,1,6.134817701778386,2026-04-27,True
Sähkötytöt Oy,24,2026-04-29,observed_seller_data,8.28,1,6.171774103967169,2026-04-28,True
Sähkötytöt Oy,24,2026-04-30,observed_seller_data,8.28,1,6.239817079343364,2026-04-29,True
Sähkötytöt Oy,24,2026-05-01,observed_seller_data,8.28,1,6.355381805745553,2026-04-30,True
Sähkötytöt Oy,24,2026-05-02,observed_seller_data,8.28,1,6.355381805745553,2026-04-30,True
Sähkötytöt Oy,24,2026-05-03,observed_seller_data,8.28,1,6.355381805745553,2026-04-30,True
Sähkötytöt Oy,24,2026-05-04,observed_seller_data,8.28,1,6.355381805745553,2026-04-30,True
Sähkötytöt Oy,24,2026-05-05,observed_seller_data,8.28,1,6.476608625170997,2026-05-04,True
Sähkötytöt Oy,24,2026-05-06,observed_seller_data,8.28,1,6.494082482900137,2026-05-05,True
Sähkötytöt Oy,24,2026-05-07,observed_seller_data,8.28,1,6.3717053898768805,2026-05-06,True
Sähkötytöt Oy,24,2026-05-08,observed_seller_data,8.28,1,6.408783686730506,2026-05-07,True
Sähkötytöt Oy,24,2026-05-09,observed_seller_data,8.28,1,6.537145636114911,2026-05-08,True
Sähkötytöt Oy,24,2026-05-10,observed_seller_data,8.28,1,6.537145636114911,2026-05-08,True
Sähkötytöt Oy,24,2026-05-11,observed_seller_data,8.28,1,6.537145636114911,2026-05-08,True
Sähkötytöt Oy,24,2026-05-12,observed_seller_data,8.28,1,6.665234610123119,2026-05-11,True
Sähkötytöt Oy,24,2026-05-13,observed_seller_data,8.28,1,6.70606760601915,2026-05-12,True
Sähkötytöt Oy,24,2026-05-14,observed_seller_data,8.28,1,6.721105287277702,2026-05-13,True
Sähkötytöt Oy,24,2026-05-15,observed_seller_data,8.28,1,6.717319685362518,2026-05-14,True
Sähkötytöt Oy,24,2026-05-16,observed_seller_data,8.28,1,6.7470001778385775,2026-05-15,True
Sähkötytöt Oy,24,2026-05-17,observed_seller_data,8.28,1,6.7470001778385775,2026-05-15,True
Sähkötytöt Oy,24,2026-05-18,observed_seller_data,8.28,1,6.7470001778385775,2026-05-15,True
Sähkötytöt Oy,24,2026-05-19,observed_seller_data,8.28,1,6.650742879616962,2026-05-18,True
Sähkötytöt Oy,24,2026-05-20,observed_seller_data,8.28,1,6.6187309370725025,2026-05-19,True
Sähkötytöt Oy,24,2026-05-21,observed_seller_data,8.28,1,6.6317977017783845,2026-05-20,True
Sähkötytöt Oy,24,2026-05-22,observed_seller_data,8.28,1,6.702566997264021,2026-05-21,True
Sähkötytöt Oy,24,2026-05-23,observed_seller_data,8.28,1,6.6722512790697674,2026-05-22,True
Sähkötytöt Oy,24,2026-05-24,observed_seller_data,8.28,1,6.6722512790697674,2026-05-22,True
Sähkötytöt Oy,24,2026-05-25,observed_seller_data,8.28,1,6.6722512790697674,2026-05-22,True
Sähkötytöt Oy,24,2026-05-26,observed_seller_data,8.28,1,6.515872441860465,2026-05-25,True
Sähkötytöt Oy,24,2026-05-27,observed_seller_data,8.28,1,6.584854521203829,2026-05-26,True
Sähkötytöt Oy,24,2026-05-28,observed_seller_data,8.28,1,6.484572982216141,2026-05-27,True
Turku Energia Oy,6,2026-04-08,observed_seller_data,7.95,1,,,False
Turku Energia Oy,6,2026-04-09,observed_seller_data,7.95,1,5.674571168478261,2026-04-08,True
Turku Energia Oy,6,2026-04-10,observed_seller_data,7.95,1,5.6259399184782595,2026-04-09,True
Turku Energia Oy,6,2026-04-11,observed_seller_data,7.95,1,5.571442907608695,2026-04-10,True
Turku Energia Oy,6,2026-04-12,observed_seller_data,7.95,1,5.571442907608695,2026-04-10,True
Turku Energia Oy,6,2026-04-13,observed_seller_data,7.95,1,5.571442907608695,2026-04-10,True
Turku Energia Oy,6,2026-04-14,observed_seller_data,7.95,1,5.563196739130434,2026-04-13,True
Turku Energia Oy,6,2026-04-15,observed_seller_data,7.95,1,5.412678586956522,2026-04-14,True
Turku Energia Oy,6,2026-04-16,observed_seller_data,7.95,1,5.3783638858695655,2026-04-15,True
Turku Energia Oy,6,2026-04-17,observed_seller_data,7.95,1,5.434354619565217,2026-04-16,True
Turku Energia Oy,6,2026-04-18,observed_seller_data,7.95,1,5.393219266304348,2026-04-17,True
Turku Energia Oy,6,2026-04-19,observed_seller_data,7.95,1,5.393219266304348,2026-04-17,True
Turku Energia Oy,6,2026-04-20,observed_seller_data,7.95,1,5.393219266304348,2026-04-17,True
Turku Energia Oy,6,2026-04-21,observed_seller_data,7.95,1,5.466534456521739,2026-04-20,True
Turku Energia Oy,6,2026-04-22,observed_seller_data,7.95,1,5.530171141304348,2026-04-21,True
Turku Energia Oy,6,2026-04-29,observed_seller_data,7.95,1,5.458874864130435,2026-04-28,True
Turku Energia Oy,6,2026-04-30,observed_seller_data,7.95,1,5.601869836956521,2026-04-29,True
Turku Energia Oy,6,2026-05-01,observed_seller_data,7.95,1,6.441215491803279,2026-04-30,True
Turku Energia Oy,6,2026-05-02,observed_seller_data,7.95,1,6.441215491803279,2026-04-30,True
Turku Energia Oy,6,2026-05-03,observed_seller_data,7.95,1,6.441215491803279,2026-04-30,True
Turku Energia Oy,6,2026-05-04,observed_seller_data,7.95,1,6.441215491803279,2026-04-30,True
Turku Energia Oy,6,2026-05-05,observed_seller_data,7.95,1,6.770018633879781,2026-05-04,True
Turku Energia Oy,6,2026-05-06,observed_seller_data,7.95,1,6.7423194808743165,2026-05-05,True
Turku Energia Oy,6,2026-05-07,observed_seller_data,7.95,1,6.660545601092896,2026-05-06,True
Turku Energia Oy,6,2026-05-08,observed_seller_data,7.95,1,6.847012540983606,2026-05-07,True
Turku Energia Oy,6,2026-05-09,observed_seller_data,7.95,1,7.107675355191256,2026-05-08,True
Turku Energia Oy,6,2026-05-10,observed_seller_data,7.95,1,7.107675355191256,2026-05-08,True
Turku Energia Oy,6,2026-05-11,observed_seller_data,7.95,1,7.107675355191256,2026-05-08,True
Turku Energia Oy,6,2026-05-12,observed_seller_data,7.95,1,7.366465956284151,2026-05-11,True
Turku Energia Oy,6,2026-05-13,observed_seller_data,8.25,1,7.396359644808744,2026-05-12,True
Turku Energia Oy,6,2026-05-14,observed_seller_data,8.25,1,7.428221557377048,2026-05-13,True
Turku Energia Oy,6,2026-05-15,observed_seller_data,8.25,1,7.398444453551912,2026-05-14,True
Turku Energia Oy,6,2026-05-16,observed_seller_data,8.25,1,7.479093633879781,2026-05-15,True
Turku Energia Oy,6,2026-05-17,observed_seller_data,8.25,1,7.479093633879781,2026-05-15,True
Turku Energia Oy,6,2026-05-18,observed_seller_data,8.25,1,7.479093633879781,2026-05-15,True
Turku Energia Oy,6,2026-05-19,observed_seller_data,8.25,1,7.228169071038252,2026-05-18,True
Turku Energia Oy,6,2026-05-20,observed_seller_data,8.25,1,7.127330163934426,2026-05-19,True
Turku Energia Oy,6,2026-05-21,observed_seller_data,8.25,1,7.172736475409835,2026-05-20,True
Turku Energia Oy,6,2026-05-22,observed_seller_data,8.25,1,7.28672887978142,2026-05-21,True
Turku Energia Oy,6,2026-05-23,observed_seller_data,8.25,1,7.243229071038251,2026-05-22,True
Turku Energia Oy,6,2026-05-24,observed_seller_data,8.25,1,7.243229071038251,2026-05-22,True
Turku Energia Oy,6,2026-05-25,observed_seller_data,8.25,1,7.243229071038251,2026-05-22,True
Turku Energia Oy,6,2026-05-26,observed_seller_data,8.25,1,6.942173087431693,2026-05-25,True
Turku Energia Oy,6,2026-05-27,observed_seller_data,8.25,1,7.076855846994536,2026-05-26,True
Turku Energia Oy,6,2026-05-28,observed_seller_data,8.25,1,6.931831338797814,2026-05-27,True
Turku Energia Oy,6,2026-05-29,observed_seller_data,8.25,1,7.196656912568304,2026-05-28,True
Turku Energia Oy,6,2026-05-30,observed_seller_data,8.25,1,7.456805382513661,2026-05-29,True
Turku Energia Oy,6,2026-05-31,observed_seller_data,8.25,1,7.456805382513661,2026-05-29,True
Turku Energia Oy,6,2026-06-01,observed_seller_data,8.25,1,8.027859864130434,2026-05-29,True
Turku Energia Oy,6,2026-06-02,observed_seller_data,8.25,1,8.316530326086957,2026-06-01,True
Turku Energia Oy,6,2026-06-03,observed_seller_data,8.25,1,8.12564073369565,2026-06-02,True
Turku Energia Oy,6,2026-06-04,observed_seller_data,8.25,1,8.344590489130434,2026-06-03,True
Turku Energia Oy,6,2026-06-05,observed_seller_data,8.25,1,8.148851413043477,2026-06-04,True
Turku Energia Oy,6,2026-06-06,observed_seller_data,8.25,1,8.002125543478261,2026-06-05,True
Turku Energia Oy,6,2026-06-07,observed_seller_data,8.25,1,8.002125543478261,2026-06-05,True
Turku Energia Oy,6,2026-06-08,observed_seller_data,8.25,1,8.002125543478261,2026-06-05,True
Turku Energia Oy,6,2026-06-09,observed_seller_data,8.25,1,8.021243831521739,2026-06-08,True
Turku Energia Oy,6,2026-06-10,observed_seller_data,8.25,1,7.776116413043478,2026-06-09,True
Turku Energia Oy,6,2026-06-11,observed_seller_data,8.25,1,7.787288641304348,2026-06-10,True
Turku Energia Oy,6,2026-06-12,observed_seller_data,8.25,1,7.798379021739129,2026-06-11,True
Turku Energia Oy,6,2026-06-13,observed_seller_data,8.25,1,7.557739592391304,2026-06-12,True
Turku Energia Oy,6,2026-06-14,observed_seller_data,8.25,1,7.557739592391304,2026-06-12,True
Turku Energia Oy,6,2026-06-15,observed_seller_data,8.25,1,7.557739592391304,2026-06-12,True
Turku Energia Oy,6,2026-06-16,observed_seller_data,9.79,1,7.4405744293478255,2026-06-15,True
Turku Energia Oy,6,2026-06-17,observed_seller_data,9.79,1,7.485686222826087,2026-06-16,True
Turku Energia Oy,6,2026-06-18,observed_seller_data,9.79,1,7.333497010869565,2026-06-17,True
Turku Energia Oy,6,2026-06-19,observed_seller_data,9.79,1,7.184213396739131,2026-06-18,True
Turku Energia Oy,6,2026-06-20,observed_seller_data,9.79,1,7.332889972826087,2026-06-19,True
Turku Energia Oy,6,2026-06-21,observed_seller_data,9.79,1,7.332889972826087,2026-06-19,True
Turku Energia Oy,6,2026-06-22,observed_seller_data,9.79,1,7.332889972826087,2026-06-19,True
Turku Energia Oy,6,2026-06-23,observed_seller_data,9.79,1,6.920779347826087,2026-06-22,True
Turku Energia Oy,6,2026-06-24,observed_seller_data,9.79,1,6.979552907608695,2026-06-23,True
Turku Energia Oy,6,2026-06-25,observed_seller_data,9.79,1,6.916189048913043,2026-06-24,True
Turku Energia Oy,6,2026-06-26,observed_seller_data,9.79,1,6.9198994836956516,2026-06-25,True
Turku Energia Oy,6,2026-06-27,observed_seller_data,9.79,1,7.021247554347825,2026-06-26,True
Turku Energia Oy,6,2026-06-28,observed_seller_data,9.79,1,7.021247554347825,2026-06-26,True
Turku Energia Oy,6,2026-06-29,observed_seller_data,9.79,1,7.021247554347825,2026-06-26,True
Turku Energia Oy,6,2026-06-30,observed_seller_data,9.49,1,7.20875410326087,2026-06-29,True
Turku Energia Oy,6,2026-07-01,observed_seller_data,9.49,1,8.389504483695651,2026-06-30,True
Turku Energia Oy,6,2026-07-02,observed_seller_data,9.49,1,8.399762744565216,2026-07-01,True
Turku Energia Oy,6,2026-07-03,observed_seller_data,9.49,1,8.60288858695652,2026-07-02,True
Turku Energia Oy,6,2026-07-04,observed_seller_data,9.49,1,8.829231929347825,2026-07-03,True
Turku Energia Oy,6,2026-07-05,observed_seller_data,9.49,1,8.829231929347825,2026-07-03,True
Turku Energia Oy,6,2026-07-06,observed_seller_data,9.49,1,8.829231929347825,2026-07-03,True
Turku Energia Oy,6,2026-07-07,observed_seller_data,9.49,1,8.83481804347826,2026-07-06,True
Turku Energia Oy,6,2026-07-08,observed_seller_data,9.49,1,8.888237391304347,2026-07-07,True
Turku Energia Oy,6,2026-07-09,observed_seller_data,9.49,1,9.081084510869564,2026-07-08,True
Turku Energia Oy,6,2026-07-10,observed_seller_data,11.4,1,9.261954565217389,2026-07-09,True
Turku Energia Oy,6,2026-07-11,observed_seller_data,11.4,1,9.247372010869563,2026-07-10,True
Turku Energia Oy,6,2026-07-12,observed_seller_data,11.4,1,9.247372010869563,2026-07-10,True
Turku Energia Oy,6,2026-07-13,observed_seller_data,11.4,1,9.247372010869563,2026-07-10,True
Turku Energia Oy,6,2026-07-14,observed_seller_data,11.4,1,9.484048641304346,2026-07-13,True
Turku Energia Oy,6,2026-07-15,observed_seller_data,11.4,1,9.635098804347825,2026-07-14,True
Turku Energia Oy,6,2026-07-16,observed_seller_data,11.4,1,9.893621983695652,2026-07-15,True
Turku Energia Oy,6,2026-07-17,observed_seller_data,11.4,1,9.821984673913043,2026-07-16,True
Turku Energia Oy,6,2026-07-18,observed_seller_data,11.4,1,10.060427853260867,2026-07-17,True
Turku Energia Oy,6,2026-07-19,observed_seller_data,11.4,1,10.060427853260867,2026-07-17,True
Turku Energia Oy,6,2026-07-20,observed_seller_data,11.4,1,10.060427853260867,2026-07-17,True
Turku Energia Oy,6,2026-07-21,observed_seller_data,11.4,1,10.116848288043478,2026-07-20,True
Turku Energia Oy,6,2026-07-22,observed_seller_data,11.4,1,10.145904266304347,2026-07-21,True
Turku Energia Oy,6,2026-07-23,observed_seller_data,11.4,1,10.487925869565217,2026-07-22,True
Turku Energia Oy,6,2026-07-24,observed_seller_data,11.4,1,10.476433070652174,2026-07-23,True
Turku Energia Oy,6,2026-07-25,observed_seller_data,11.4,1,10.398609429347827,2026-07-24,True
Turku Energia Oy,6,2026-07-26,observed_seller_data,11.4,1,10.398609429347827,2026-07-24,True
Turku Energia Oy,6,2026-07-27,canonical_calculation,11.4,1,10.398609429347827,2026-07-24,True
Turku Energia Oy,6,2026-07-29,canonical_calculation,12.86,1,10.074553423913043,2026-07-28,True
Turku Energia Oy,6,2026-07-30,canonical_calculation,12.86,1,10.453140543478257,2026-07-29,True
Turku Energia Oy,6,2026-07-31,canonical_calculation,12.86,1,10.418491630434781,2026-07-30,True
Turku Energia Oy,6,2026-08-01,canonical_calculation,12.86,1,11.953403508287291,2026-07-31,True
Turku Energia Oy,6,2026-08-02,canonical_calculation,12.86,1,11.953403508287291,2026-07-31,True
Turku Energia Oy,6,2026-08-03,canonical_calculation,12.86,1,11.953403508287291,2026-07-31,True
Turku Energia Oy,6,2026-08-04,canonical_calculation,12.86,1,11.636949364640882,2026-08-03,True
Turku Energia Oy,6,2026-08-05,canonical_calculation,12.86,1,11.838782486187846,2026-08-04,True
Turku Energia Oy,6,2026-08-06,canonical_calculation,12.86,1,11.559888204419888,2026-08-05,True
Turku Energia Oy,6,2026-08-07,canonical_calculation,12.86,1,11.55857773480663,2026-08-06,True
Turku Energia Oy,6,2026-08-08,canonical_calculation,12.86,1,11.478583618784532,2026-08-07,True
Turku Energia Oy,6,2026-08-09,canonical_calculation,12.86,1,11.478583618784532,2026-08-07,True
Turku Energia Oy,6,2026-08-10,canonical_calculation,12.86,1,11.478583618784532,2026-08-07,True
Turku Energia Oy,6,2026-08-11,canonical_calculation,12.86,1,11.645401546961326,2026-08-10,True
Turku Energia Oy,6,2026-08-12,canonical_calculation,12.86,1,11.571758701657458,2026-08-11,True
Turku Energia Oy,6,2026-08-13,canonical_calculation,12.86,1,11.600921850828728,2026-08-12,True
Turku Energia Oy,6,2026-08-14,canonical_calculation,12.86,1,11.42925726519337,2026-08-13,True
Turku Energia Oy,6,2026-08-15,canonical_calculation,13.8,1,11.314379696132594,2026-08-14,True
Turku Energia Oy,6,2026-08-16,canonical_calculation,13.8,1,11.314379696132594,2026-08-14,True
Turku Energia Oy,6,2026-08-17,canonical_calculation,13.8,1,11.314379696132594,2026-08-14,True
Turku Energia Oy,6,2026-08-18,canonical_calculation,13.8,1,11.569546850828727,2026-08-17,True
Turku Energia Oy,6,2026-08-19,canonical_calculation,13.8,1,11.674093204419888,2026-08-18,True
Turku Energia Oy,6,2026-08-20,canonical_calculation,13.8,1,11.554556187845302,2026-08-19,True
Turku Energia Oy,6,2026-08-21,canonical_calculation,13.8,1,11.415459198895025,2026-08-20,True
Turku Energia Oy,6,2026-08-22,canonical_calculation,13.8,1,11.601920303867402,2026-08-21,True
Turku Energia Oy,6,2026-08-23,canonical_calculation,13.8,1,11.601920303867402,2026-08-21,True
Turku Energia Oy,6,2026-08-24,canonical_calculation,13.8,1,11.601920303867402,2026-08-21,True
Turku Energia Oy,6,2026-08-25,canonical_calculation,13.8,1,11.451798729281766,2026-08-24,True
Turku Energia Oy,6,2026-08-26,canonical_calculation,13.8,1,11.270392292817679,2026-08-25,True
Turku Energia Oy,6,2026-08-27,canonical_calculation,13.8,1,10.910380635359115,2026-08-26,True
Turku Energia Oy,6,2026-08-28,canonical_calculation,13.25,1,11.102617513812154,2026-08-27,True
Turku Energia Oy,6,2026-08-29,canonical_calculation,13.25,1,11.025050193370166,2026-08-28,True
Turku Energia Oy,6,2026-08-30,canonical_calculation,13.25,1,11.025050193370166,2026-08-28,True
Turku Energia Oy,6,2026-08-31,canonical_calculation,13.25,1,11.025050193370166,2026-08-28,True
Turku Energia Oy,6,2026-09-01,canonical_calculation,13.25,1,11.866493901098899,2026-08-31,True
Turku Energia Oy,6,2026-09-02,canonical_calculation,13.25,1,11.862680631868132,2026-09-01,True
Turku Energia Oy,6,2026-09-03,canonical_calculation,13.25,1,12.428430494505495,2026-09-02,True
Turku Energia Oy,6,2026-09-04,canonical_calculation,13.25,1,12.439056620879121,2026-09-03,True
Turku Energia Oy,6,2026-09-05,canonical_calculation,13.25,1,12.411219065934064,2026-09-04,True
Turku Energia Oy,6,2026-09-06,canonical_calculation,13.25,1,12.411219065934064,2026-09-04,True
Turku Energia Oy,6,2026-09-07,canonical_calculation,13.25,1,12.411219065934064,2026-09-04,True
Turku Energia Oy,6,2026-09-08,canonical_calculation,13.25,1,12.888525906593406,2026-09-07,True
Turku Energia Oy,6,2026-09-09,canonical_calculation,13.25,1,13.189960357142855,2026-09-08,True
Turku Energia Oy,6,2026-09-10,canonical_calculation,13.25,1,13.81508137362637,2026-09-09,True
Turku Energia Oy,6,2026-09-11,canonical_calculation,13.25,1,13.937105989010986,2026-09-10,True
Turku Energia Oy,6,2026-09-12,canonical_calculation,14.33,1,13.675272994505493,2026-09-11,True
Turku Energia Oy,6,2026-09-13,canonical_calculation,14.33,1,13.675272994505493,2026-09-11,True
Turku Energia Oy,12,2026-04-08,observed_seller_data,8.29,1,,,False
Turku Energia Oy,12,2026-04-09,observed_seller_data,8.29,1,7.008009397260273,2026-04-08,True
Turku Energia Oy,12,2026-04-10,observed_seller_data,8.29,1,7.001851301369863,2026-04-09,True
Turku Energia Oy,12,2026-04-11,observed_seller_data,8.29,1,6.91596116438356,2026-04-10,True
Turku Energia Oy,12,2026-04-12,observed_seller_data,8.29,1,6.91596116438356,2026-04-10,True
Turku Energia Oy,12,2026-04-13,observed_seller_data,8.29,1,6.91596116438356,2026-04-10,True
Turku Energia Oy,12,2026-04-14,observed_seller_data,8.29,1,6.929934643835616,2026-04-13,True
Turku Energia Oy,12,2026-04-15,observed_seller_data,8.29,1,6.809994465753424,2026-04-14,True
Turku Energia Oy,12,2026-04-16,observed_seller_data,8.29,1,6.761455191780822,2026-04-15,True
Turku Energia Oy,12,2026-04-17,observed_seller_data,8.29,1,6.797176273972602,2026-04-16,True
Turku Energia Oy,12,2026-04-18,observed_seller_data,8.29,1,6.730929465753426,2026-04-17,True
Turku Energia Oy,12,2026-04-19,observed_seller_data,8.29,1,6.730929465753426,2026-04-17,True
Turku Energia Oy,12,2026-04-20,observed_seller_data,8.29,1,6.730929465753426,2026-04-17,True
Turku Energia Oy,12,2026-04-21,observed_seller_data,8.29,1,6.749090863013699,2026-04-20,True
Turku Energia Oy,12,2026-04-22,observed_seller_data,8.29,1,6.839808452054794,2026-04-21,True
Turku Energia Oy,12,2026-04-23,observed_seller_data,9.2,1,6.872737589041094,2026-04-22,True
Turku Energia Oy,12,2026-04-24,observed_seller_data,9.2,1,6.963417356164384,2026-04-23,True
Turku Energia Oy,12,2026-04-25,observed_seller_data,9.2,1,6.8711112465753414,2026-04-24,True
Turku Energia Oy,12,2026-04-26,observed_seller_data,9.2,1,6.8711112465753414,2026-04-24,True
Turku Energia Oy,12,2026-04-27,observed_seller_data,9.2,1,6.8711112465753414,2026-04-24,True
Turku Energia Oy,12,2026-04-28,observed_seller_data,9.2,1,6.778488808219178,2026-04-27,True
Turku Energia Oy,12,2026-04-29,observed_seller_data,9.2,1,6.82226595890411,2026-04-28,True
Turku Energia Oy,12,2026-04-30,observed_seller_data,9.2,1,6.91197610958904,2026-04-29,True
Turku Energia Oy,12,2026-05-01,observed_seller_data,9.2,1,6.984508232876711,2026-04-30,True
Turku Energia Oy,12,2026-05-02,observed_seller_data,9.2,1,6.984508232876711,2026-04-30,True
Turku Energia Oy,12,2026-05-03,observed_seller_data,9.2,1,6.984508232876711,2026-04-30,True
Turku Energia Oy,12,2026-05-04,observed_seller_data,9.2,1,6.984508232876711,2026-04-30,True
Turku Energia Oy,12,2026-05-05,observed_seller_data,9.2,1,7.199113232876712,2026-05-04,True
Turku Energia Oy,12,2026-05-06,observed_seller_data,9.2,1,7.225643589041095,2026-05-05,True
Turku Energia Oy,12,2026-05-07,observed_seller_data,9.2,1,7.098238739726027,2026-05-06,True
Turku Energia Oy,12,2026-05-08,observed_seller_data,9.2,1,7.211415671232878,2026-05-07,True
Turku Energia Oy,12,2026-05-09,observed_seller_data,9.2,1,7.42950716438356,2026-05-08,True
Turku Energia Oy,12,2026-05-10,observed_seller_data,9.2,1,7.42950716438356,2026-05-08,True
Turku Energia Oy,12,2026-05-11,observed_seller_data,9.2,1,7.42950716438356,2026-05-08,True
Turku Energia Oy,12,2026-05-12,observed_seller_data,9.2,1,7.627480835616438,2026-05-11,True
Turku Energia Oy,12,2026-05-13,observed_seller_data,9.2,1,7.662703356164383,2026-05-12,True
Turku Energia Oy,12,2026-05-14,observed_seller_data,9.2,1,7.6846194383561635,2026-05-13,True
Turku Energia Oy,12,2026-05-15,observed_seller_data,9.2,1,7.672966849315067,2026-05-14,True
Turku Energia Oy,12,2026-05-16,observed_seller_data,9.2,1,7.7297306712328755,2026-05-15,True
Turku Energia Oy,12,2026-05-17,observed_seller_data,9.2,1,7.7297306712328755,2026-05-15,True
Turku Energia Oy,12,2026-05-18,observed_seller_data,9.2,1,7.7297306712328755,2026-05-15,True
Turku Energia Oy,12,2026-05-19,observed_seller_data,9.2,1,7.584962123287671,2026-05-18,True
Turku Energia Oy,12,2026-05-20,observed_seller_data,9.2,1,7.514379547945205,2026-05-19,True
Turku Energia Oy,12,2026-05-21,observed_seller_data,9.2,1,7.557534356164381,2026-05-20,True
Turku Energia Oy,12,2026-05-22,observed_seller_data,9.2,1,7.675029863013698,2026-05-21,True
Turku Energia Oy,12,2026-05-23,observed_seller_data,9.2,1,7.630430945205479,2026-05-22,True
Turku Energia Oy,12,2026-05-24,observed_seller_data,9.2,1,7.630430945205479,2026-05-22,True
Turku Energia Oy,12,2026-05-25,observed_seller_data,9.2,1,7.630430945205479,2026-05-22,True
Turku Energia Oy,12,2026-05-26,observed_seller_data,9.2,1,7.405325205479452,2026-05-25,True
Turku Energia Oy,12,2026-05-27,observed_seller_data,9.2,1,7.498484027397259,2026-05-26,True
Turku Energia Oy,12,2026-05-28,observed_seller_data,9.2,1,7.3629646575342464,2026-05-27,True
Turku Energia Oy,12,2026-05-29,observed_seller_data,9.2,1,7.544537369863012,2026-05-28,True
Turku Energia Oy,12,2026-05-30,observed_seller_data,9.2,1,7.758901684931507,2026-05-29,True
Turku Energia Oy,12,2026-05-31,observed_seller_data,9.2,1,7.758901684931507,2026-05-29,True
Turku Energia Oy,12,2026-06-01,observed_seller_data,9.2,1,7.61820415068493,2026-05-29,True
Turku Energia Oy,12,2026-06-02,observed_seller_data,9.2,1,7.859800246575342,2026-06-01,True
Turku Energia Oy,12,2026-06-03,observed_seller_data,9.2,1,7.760411123287669,2026-06-02,True
Turku Energia Oy,12,2026-06-04,observed_seller_data,9.2,1,7.938253219178082,2026-06-03,True
Turku Energia Oy,12,2026-06-05,observed_seller_data,9.2,1,7.809387068493151,2026-06-04,True
Turku Energia Oy,12,2026-06-06,observed_seller_data,9.2,1,7.719044260273972,2026-06-05,True
Turku Energia Oy,12,2026-06-07,observed_seller_data,9.2,1,7.719044260273972,2026-06-05,True
Turku Energia Oy,12,2026-06-08,observed_seller_data,9.2,1,7.719044260273972,2026-06-05,True
Turku Energia Oy,12,2026-06-09,observed_seller_data,9.2,1,7.710300520547945,2026-06-08,True
Turku Energia Oy,12,2026-06-10,observed_seller_data,9.2,1,7.529601150684932,2026-06-09,True
Turku Energia Oy,12,2026-06-11,observed_seller_data,9.2,1,7.565910191780821,2026-06-10,True
Turku Energia Oy,12,2026-06-12,observed_seller_data,9.2,1,7.608071315068491,2026-06-11,True
Turku Energia Oy,12,2026-06-13,observed_seller_data,9.2,1,7.4029114794520545,2026-06-12,True
Turku Energia Oy,12,2026-06-14,observed_seller_data,9.2,1,7.4029114794520545,2026-06-12,True
Turku Energia Oy,12,2026-06-15,observed_seller_data,9.2,1,7.4029114794520545,2026-06-12,True
Turku Energia Oy,12,2026-06-16,observed_seller_data,9.9,1,7.26479615068493,2026-06-15,True
Turku Energia Oy,12,2026-06-17,observed_seller_data,9.9,1,7.301139575342464,2026-06-16,True
Turku Energia Oy,12,2026-06-18,observed_seller_data,9.9,1,7.162126835616437,2026-06-17,True
Turku Energia Oy,12,2026-06-19,observed_seller_data,9.9,1,7.0250842739726025,2026-06-18,True
Turku Energia Oy,12,2026-06-20,observed_seller_data,9.9,1,7.132684191780821,2026-06-19,True
Turku Energia Oy,12,2026-06-21,observed_seller_data,9.9,1,7.132684191780821,2026-06-19,True
Turku Energia Oy,12,2026-06-22,observed_seller_data,9.9,1,7.132684191780821,2026-06-19,True
Turku Energia Oy,12,2026-06-23,observed_seller_data,9.9,1,6.836349465753425,2026-06-22,True
Turku Energia Oy,12,2026-06-24,observed_seller_data,9.9,1,6.874353616438356,2026-06-23,True
Turku Energia Oy,12,2026-06-25,observed_seller_data,9.9,1,6.835799328767123,2026-06-24,True
Turku Energia Oy,12,2026-06-26,observed_seller_data,9.9,1,6.8778641780821905,2026-06-25,True
Turku Energia Oy,12,2026-06-27,observed_seller_data,9.9,1,6.942928191780821,2026-06-26,True
Turku Energia Oy,12,2026-06-28,observed_seller_data,9.9,1,6.942928191780821,2026-06-26,True
Turku Energia Oy,12,2026-06-29,observed_seller_data,9.9,1,6.942928191780821,2026-06-26,True
Turku Energia Oy,12,2026-06-30,observed_seller_data,9.17,1,7.11498009589041,2026-06-29,True
Turku Energia Oy,12,2026-07-01,observed_seller_data,9.17,1,7.291367767123288,2026-06-30,True
Turku Energia Oy,12,2026-07-02,observed_seller_data,9.17,1,7.297343630136985,2026-07-01,True
Turku Energia Oy,12,2026-07-03,observed_seller_data,9.17,1,7.396309835616438,2026-07-02,True
Turku Energia Oy,12,2026-07-04,observed_seller_data,9.17,1,7.537921972602739,2026-07-03,True
Turku Energia Oy,12,2026-07-05,observed_seller_data,9.17,1,7.537921972602739,2026-07-03,True
Turku Energia Oy,12,2026-07-06,observed_seller_data,9.17,1,7.537921972602739,2026-07-03,True
Turku Energia Oy,12,2026-07-07,observed_seller_data,9.17,1,7.517649424657533,2026-07-06,True
Turku Energia Oy,12,2026-07-08,observed_seller_data,9.17,1,7.55255905479452,2026-07-07,True
Turku Energia Oy,12,2026-07-09,observed_seller_data,9.17,1,7.663016246575341,2026-07-08,True
Turku Energia Oy,12,2026-07-10,observed_seller_data,9.7,1,7.752925821917807,2026-07-09,True
Turku Energia Oy,12,2026-07-11,observed_seller_data,9.7,1,7.733756986301369,2026-07-10,True
Turku Energia Oy,12,2026-07-12,observed_seller_data,9.7,1,7.733756986301369,2026-07-10,True
Turku Energia Oy,12,2026-07-13,observed_seller_data,9.7,1,7.733756986301369,2026-07-10,True
Turku Energia Oy,12,2026-07-14,observed_seller_data,9.7,1,7.916333698630135,2026-07-13,True
Turku Energia Oy,12,2026-07-15,observed_seller_data,9.7,1,8.05474128767123,2026-07-14,True
Turku Energia Oy,12,2026-07-16,observed_seller_data,9.7,1,8.242688712328768,2026-07-15,True
Turku Energia Oy,12,2026-07-17,observed_seller_data,9.7,1,8.230231547945204,2026-07-16,True
Turku Energia Oy,12,2026-07-18,observed_seller_data,9.7,1,8.411536068493149,2026-07-17,True
Turku Energia Oy,12,2026-07-19,observed_seller_data,9.7,1,8.411536068493149,2026-07-17,True
Turku Energia Oy,12,2026-07-20,observed_seller_data,9.7,1,8.411536068493149,2026-07-17,True
Turku Energia Oy,12,2026-07-21,observed_seller_data,9.7,1,8.444090424657533,2026-07-20,True
Turku Energia Oy,12,2026-07-22,observed_seller_data,9.7,1,8.482008616438355,2026-07-21,True
Turku Energia Oy,12,2026-07-23,observed_seller_data,9.7,1,8.747336246575342,2026-07-22,True
Turku Energia Oy,12,2026-07-24,observed_seller_data,9.7,1,8.776696369863014,2026-07-23,True
Turku Energia Oy,12,2026-07-25,observed_seller_data,9.7,1,8.763114863013698,2026-07-24,True
Turku Energia Oy,12,2026-07-26,observed_seller_data,9.7,1,8.763114863013698,2026-07-24,True
Turku Energia Oy,12,2026-07-27,canonical_calculation,9.7,1,8.763114863013698,2026-07-24,True
Turku Energia Oy,12,2026-07-29,canonical_calculation,10.86,1,8.490944904109588,2026-07-28,True
Turku Energia Oy,12,2026-07-30,canonical_calculation,10.86,1,8.781259068493151,2026-07-29,True
Turku Energia Oy,12,2026-07-31,canonical_calculation,10.86,1,8.746273794520546,2026-07-30,True
Turku Energia Oy,12,2026-08-01,canonical_calculation,10.86,1,8.888607986301372,2026-07-31,True
Turku Energia Oy,12,2026-08-02,canonical_calculation,10.86,1,8.888607986301372,2026-07-31,True
Turku Energia Oy,12,2026-08-03,canonical_calculation,10.86,1,8.888607986301372,2026-07-31,True
Turku Energia Oy,12,2026-08-04,canonical_calculation,10.86,1,8.728779438356165,2026-08-03,True
Turku Energia Oy,12,2026-08-05,canonical_calculation,10.86,1,8.838225753424656,2026-08-04,True
Turku Energia Oy,12,2026-08-06,canonical_calculation,10.86,1,8.654765383561644,2026-08-05,True
Turku Energia Oy,12,2026-08-07,canonical_calculation,11.59,1,8.644147739726026,2026-08-06,True
Turku Energia Oy,12,2026-08-08,canonical_calculation,11.59,1,8.630679698630136,2026-08-07,True
Turku Energia Oy,12,2026-08-09,canonical_calculation,11.59,1,8.630679698630136,2026-08-07,True
Turku Energia Oy,12,2026-08-10,canonical_calculation,11.59,1,8.630679698630136,2026-08-07,True
Turku Energia Oy,12,2026-08-11,canonical_calculation,11.59,1,8.748859438356163,2026-08-10,True
Turku Energia Oy,12,2026-08-12,canonical_calculation,11.59,1,8.705082287671232,2026-08-11,True
Turku Energia Oy,12,2026-08-13,canonical_calculation,11.59,1,8.724316452054794,2026-08-12,True
Turku Energia Oy,12,2026-08-14,canonical_calculation,11.59,1,8.579424123287671,2026-08-13,True
Turku Energia Oy,12,2026-08-15,canonical_calculation,11.59,1,8.519703315068492,2026-08-14,True
Turku Energia Oy,12,2026-08-16,canonical_calculation,11.59,1,8.519703315068492,2026-08-14,True
Turku Energia Oy,12,2026-08-17,canonical_calculation,11.59,1,8.519703315068492,2026-08-14,True
Turku Energia Oy,12,2026-08-18,canonical_calculation,11.59,1,8.72096405479452,2026-08-17,True
Turku Energia Oy,12,2026-08-19,canonical_calculation,11.59,1,8.774798397260271,2026-08-18,True
Turku Energia Oy,12,2026-08-20,canonical_calculation,11.59,1,8.702345356164384,2026-08-19,True
Turku Energia Oy,12,2026-08-21,canonical_calculation,11.59,1,8.65210409589041,2026-08-20,True
Turku Energia Oy,12,2026-08-22,canonical_calculation,11.59,1,8.782668794520548,2026-08-21,True
Turku Energia Oy,12,2026-08-23,canonical_calculation,11.59,1,8.782668794520548,2026-08-21,True
Turku Energia Oy,12,2026-08-24,canonical_calculation,11.59,1,8.782668794520548,2026-08-21,True
Turku Energia Oy,12,2026-08-25,canonical_calculation,11.59,1,8.70024108219178,2026-08-24,True
Turku Energia Oy,12,2026-08-26,canonical_calculation,11.59,1,8.494331684931506,2026-08-25,True
Turku Energia Oy,12,2026-08-27,canonical_calculation,11.59,1,8.25278716438356,2026-08-26,True
Turku Energia Oy,12,2026-08-28,canonical_calculation,10.88,1,8.430127260273972,2026-08-27,True
Turku Energia Oy,12,2026-08-29,canonical_calculation,10.88,1,8.376550794520547,2026-08-28,True
Turku Energia Oy,12,2026-08-30,canonical_calculation,10.88,1,8.376550794520547,2026-08-28,True
Turku Energia Oy,12,2026-08-31,canonical_calculation,10.88,1,8.376550794520547,2026-08-28,True
Turku Energia Oy,12,2026-09-01,canonical_calculation,10.88,1,8.194654876712328,2026-08-31,True
Turku Energia Oy,12,2026-09-02,canonical_calculation,10.88,1,8.232160465753424,2026-09-01,True
Turku Energia Oy,12,2026-09-03,canonical_calculation,10.88,1,8.529712369863013,2026-09-02,True
Turku Energia Oy,12,2026-09-04,canonical_calculation,10.88,1,8.541691602739725,2026-09-03,True
Turku Energia Oy,12,2026-09-05,canonical_calculation,10.88,1,8.551384328767123,2026-09-04,True
Turku Energia Oy,12,2026-09-06,canonical_calculation,10.88,1,8.551384328767123,2026-09-04,True
Turku Energia Oy,12,2026-09-07,canonical_calculation,10.88,1,8.551384328767123,2026-09-04,True
Turku Energia Oy,12,2026-09-08,canonical_calculation,10.88,1,8.858608328767124,2026-09-07,True
Turku Energia Oy,12,2026-09-09,canonical_calculation,10.88,1,9.059559616438355,2026-09-08,True
Turku Energia Oy,12,2026-09-10,canonical_calculation,10.88,1,9.442544356164383,2026-09-09,True
Turku Energia Oy,12,2026-09-11,canonical_calculation,10.88,1,9.592642356164383,2026-09-10,True
Turku Energia Oy,12,2026-09-12,canonical_calculation,11.62,1,9.381571986301369,2026-09-11,True
Turku Energia Oy,12,2026-09-13,canonical_calculation,11.62,1,9.381571986301369,2026-09-11,True
Turku Energia Oy,24,2026-05-13,observed_seller_data,8.65,1,6.70606760601915,2026-05-12,True
Turku Energia Oy,24,2026-05-14,observed_seller_data,8.65,1,6.721105287277702,2026-05-13,True
Turku Energia Oy,24,2026-05-15,observed_seller_data,8.65,1,6.717319685362518,2026-05-14,True
Turku Energia Oy,24,2026-05-16,observed_seller_data,8.65,1,6.7470001778385775,2026-05-15,True
Turku Energia Oy,24,2026-05-17,observed_seller_data,8.65,1,6.7470001778385775,2026-05-15,True
Turku Energia Oy,24,2026-05-18,observed_seller_data,8.65,1,6.7470001778385775,2026-05-15,True
Turku Energia Oy,24,2026-05-19,observed_seller_data,8.65,1,6.650742879616962,2026-05-18,True
Turku Energia Oy,24,2026-05-20,observed_seller_data,8.65,1,6.6187309370725025,2026-05-19,True
Turku Energia Oy,24,2026-05-21,observed_seller_data,8.65,1,6.6317977017783845,2026-05-20,True
Turku Energia Oy,24,2026-05-22,observed_seller_data,8.65,1,6.702566997264021,2026-05-21,True
Turku Energia Oy,24,2026-05-23,observed_seller_data,8.65,1,6.6722512790697674,2026-05-22,True
Turku Energia Oy,24,2026-05-24,observed_seller_data,8.65,1,6.6722512790697674,2026-05-22,True
Turku Energia Oy,24,2026-05-25,observed_seller_data,8.65,1,6.6722512790697674,2026-05-22,True
Turku Energia Oy,24,2026-05-26,observed_seller_data,8.65,1,6.515872441860465,2026-05-25,True
Turku Energia Oy,24,2026-05-27,observed_seller_data,8.65,1,6.584854521203829,2026-05-26,True
Turku Energia Oy,24,2026-05-28,observed_seller_data,8.65,1,6.484572982216141,2026-05-27,True
Turku Energia Oy,24,2026-05-29,observed_seller_data,8.65,1,6.595828474692201,2026-05-28,True
Turku Energia Oy,24,2026-05-30,observed_seller_data,8.65,1,6.705398043775649,2026-05-29,True
Turku Energia Oy,24,2026-05-31,observed_seller_data,8.65,1,6.705398043775649,2026-05-29,True
Turku Energia Oy,24,2026-06-01,observed_seller_data,8.65,1,6.692830875512995,2026-05-29,True
Turku Energia Oy,24,2026-06-02,observed_seller_data,8.65,1,6.863023296853624,2026-06-01,True
Turku Energia Oy,24,2026-06-03,observed_seller_data,8.65,1,6.804407414500683,2026-06-02,True
Turku Energia Oy,24,2026-06-04,observed_seller_data,8.65,1,6.924890848153214,2026-06-03,True
Turku Energia Oy,24,2026-06-05,observed_seller_data,8.65,1,6.841681429548563,2026-06-04,True
Turku Energia Oy,24,2026-06-06,observed_seller_data,8.65,1,6.780177845417237,2026-06-05,True
Turku Energia Oy,24,2026-06-07,observed_seller_data,8.65,1,6.780177845417237,2026-06-05,True
Turku Energia Oy,24,2026-06-08,observed_seller_data,8.65,1,6.780177845417237,2026-06-05,True
Turku Energia Oy,24,2026-06-10,observed_seller_data,9.04,1,6.654351648426812,2026-06-09,True
Turku Energia Oy,24,2026-06-11,observed_seller_data,9.04,1,6.690471956224349,2026-06-10,True
Turku Energia Oy,24,2026-06-12,observed_seller_data,9.04,1,6.73640049247606,2026-06-11,True
Turku Energia Oy,24,2026-06-13,observed_seller_data,9.04,1,6.603004808481531,2026-06-12,True
Turku Energia Oy,24,2026-06-14,observed_seller_data,9.04,1,6.603004808481531,2026-06-12,True
Turku Energia Oy,24,2026-06-15,observed_seller_data,9.04,1,6.603004808481531,2026-06-12,True
Turku Energia Oy,24,2026-06-16,observed_seller_data,9.04,1,6.537957694938441,2026-06-15,True
Turku Energia Oy,24,2026-06-17,observed_seller_data,9.04,1,6.571571436388509,2026-06-16,True
Turku Energia Oy,24,2026-06-18,observed_seller_data,9.04,1,6.488619541723665,2026-06-17,True
Turku Energia Oy,24,2026-06-19,observed_seller_data,9.04,1,6.392096135430917,2026-06-18,True
Turku Energia Oy,24,2026-06-20,observed_seller_data,9.04,1,6.448359965800273,2026-06-19,True
Turku Energia Oy,24,2026-06-21,observed_seller_data,9.04,1,6.448359965800273,2026-06-19,True
Turku Energia Oy,24,2026-06-22,observed_seller_data,9.04,1,6.448359965800273,2026-06-19,True
Turku Energia Oy,24,2026-06-23,observed_seller_data,9.04,1,6.2601099658002735,2026-06-22,True
Turku Energia Oy,24,2026-06-24,observed_seller_data,9.04,1,6.329272311901504,2026-06-23,True
Turku Energia Oy,24,2026-06-25,observed_seller_data,9.04,1,6.319347339261285,2026-06-24,True
Turku Energia Oy,24,2026-06-26,observed_seller_data,9.04,1,6.360398372093023,2026-06-25,True
Turku Energia Oy,24,2026-06-27,observed_seller_data,9.04,1,6.398996060191518,2026-06-26,True
Turku Energia Oy,24,2026-06-28,observed_seller_data,9.04,1,6.398996060191518,2026-06-26,True
Turku Energia Oy,24,2026-06-29,observed_seller_data,9.04,1,6.398996060191518,2026-06-26,True
Turku Energia Oy,24,2026-06-30,observed_seller_data,8.68,1,6.356499459644321,2026-06-29,True
Turku Energia Oy,24,2026-07-01,observed_seller_data,8.68,1,6.578045588235293,2026-06-30,True
Turku Energia Oy,24,2026-07-02,observed_seller_data,8.68,1,6.6284910943912445,2026-07-01,True
Turku Energia Oy,24,2026-07-03,observed_seller_data,8.68,1,6.720432291381669,2026-07-02,True
Turku Energia Oy,24,2026-07-04,observed_seller_data,8.68,1,6.790317421340628,2026-07-03,True
Turku Energia Oy,24,2026-07-05,observed_seller_data,8.68,1,6.790317421340628,2026-07-03,True
Turku Energia Oy,24,2026-07-06,observed_seller_data,8.68,1,6.790317421340628,2026-07-03,True
Turku Energia Oy,24,2026-07-07,observed_seller_data,8.68,1,6.748586525307798,2026-07-06,True
Turku Energia Oy,24,2026-07-08,observed_seller_data,8.68,1,6.768290540355675,2026-07-07,True
Turku Energia Oy,24,2026-07-09,observed_seller_data,8.68,1,6.846610437756497,2026-07-08,True
Turku Energia Oy,24,2026-07-10,observed_seller_data,9.1,2,6.866929076607387,2026-07-09,True
Turku Energia Oy,24,2026-07-11,observed_seller_data,9.1,2,6.839267571819425,2026-07-10,True
Turku Energia Oy,24,2026-07-12,observed_seller_data,9.1,1,6.839267571819425,2026-07-10,True
Turku Energia Oy,24,2026-07-13,observed_seller_data,9.1,1,6.839267571819425,2026-07-10,True
Turku Energia Oy,24,2026-07-14,observed_seller_data,9.1,1,6.9581303214774275,2026-07-13,True
Turku Energia Oy,24,2026-07-15,observed_seller_data,9.1,1,7.056428926128589,2026-07-14,True
Turku Energia Oy,24,2026-07-16,observed_seller_data,9.1,1,7.151063823529411,2026-07-15,True
Turku Energia Oy,24,2026-07-17,observed_seller_data,9.1,1,7.151930820793433,2026-07-16,True
Turku Energia Oy,24,2026-07-18,observed_seller_data,9.1,1,7.250301532147743,2026-07-17,True
Turku Energia Oy,24,2026-07-19,observed_seller_data,9.1,1,7.250301532147743,2026-07-17,True
Turku Energia Oy,24,2026-07-20,observed_seller_data,9.1,1,7.250301532147743,2026-07-17,True
Turku Energia Oy,24,2026-07-21,observed_seller_data,9.1,1,7.25315146374829,2026-07-20,True
Turku Energia Oy,24,2026-07-22,observed_seller_data,9.1,1,7.284062920656635,2026-07-21,True
Turku Energia Oy,24,2026-07-23,observed_seller_data,9.1,1,7.422411648426812,2026-07-22,True
Turku Energia Oy,24,2026-07-24,observed_seller_data,9.1,1,7.446412879616962,2026-07-23,True
Turku Energia Oy,24,2026-07-25,observed_seller_data,9.1,1,7.456499233926127,2026-07-24,True
Turku Energia Oy,24,2026-07-26,observed_seller_data,9.1,1,7.456499233926127,2026-07-24,True
Turku Energia Oy,24,2026-07-27,canonical_calculation,9.1,1,7.456499233926127,2026-07-24,True
Turku Energia Oy,24,2026-07-29,canonical_calculation,9.75,1,7.273444350205198,2026-07-28,True
Turku Energia Oy,24,2026-07-30,canonical_calculation,9.75,1,7.420560909712721,2026-07-29,True
Turku Energia Oy,24,2026-07-31,canonical_calculation,9.75,1,7.412508994528044,2026-07-30,True
Turku Energia Oy,24,2026-08-01,canonical_calculation,9.75,1,7.608965424076606,2026-07-31,True
Turku Energia Oy,24,2026-08-02,canonical_calculation,9.75,1,7.608965424076606,2026-07-31,True
Turku Energia Oy,24,2026-08-03,canonical_calculation,9.75,1,7.608965424076606,2026-07-31,True
Turku Energia Oy,24,2026-08-04,canonical_calculation,9.75,1,7.529972530779754,2026-08-03,True
Turku Energia Oy,24,2026-08-05,canonical_calculation,9.75,1,7.585975403556771,2026-08-04,True
Turku Energia Oy,24,2026-08-06,canonical_calculation,9.75,1,7.4775578248974,2026-08-05,True
Turku Energia Oy,24,2026-08-07,canonical_calculation,9.89,1,7.496314151846784,2026-08-06,True
Turku Energia Oy,24,2026-08-08,canonical_calculation,9.89,1,7.491129336525306,2026-08-07,True
Turku Energia Oy,24,2026-08-09,canonical_calculation,9.89,1,7.491129336525306,2026-08-07,True
Turku Energia Oy,24,2026-08-10,canonical_calculation,9.89,1,7.491129336525306,2026-08-07,True
Turku Energia Oy,24,2026-08-11,canonical_calculation,9.89,1,7.565430143638851,2026-08-10,True
Turku Energia Oy,24,2026-08-12,canonical_calculation,9.89,1,7.543820451436388,2026-08-11,True
Turku Energia Oy,24,2026-08-13,canonical_calculation,9.89,1,7.565919439124487,2026-08-12,True
Turku Energia Oy,24,2026-08-14,canonical_calculation,9.89,1,7.4593920861833105,2026-08-13,True
Turku Energia Oy,24,2026-08-15,canonical_calculation,9.89,1,7.408258132694938,2026-08-14,True
Turku Energia Oy,24,2026-08-16,canonical_calculation,9.89,1,7.408258132694938,2026-08-14,True
Turku Energia Oy,24,2026-08-17,canonical_calculation,9.89,1,7.408258132694938,2026-08-14,True
Turku Energia Oy,24,2026-08-18,canonical_calculation,9.89,1,7.543262482900136,2026-08-17,True
Turku Energia Oy,24,2026-08-19,canonical_calculation,9.89,1,7.569327339261285,2026-08-18,True
Turku Energia Oy,24,2026-08-20,canonical_calculation,9.85,1,7.525651279069766,2026-08-19,True
Turku Energia Oy,24,2026-08-21,canonical_calculation,9.85,1,7.518734186046511,2026-08-20,True
Turku Energia Oy,24,2026-08-22,canonical_calculation,9.85,1,7.600690321477427,2026-08-21,True
Turku Energia Oy,24,2026-08-23,canonical_calculation,9.85,1,7.600690321477427,2026-08-21,True
Turku Energia Oy,24,2026-08-24,canonical_calculation,9.85,1,7.600690321477427,2026-08-21,True
Turku Energia Oy,24,2026-08-25,canonical_calculation,9.85,1,7.572352387140903,2026-08-24,True
Turku Energia Oy,24,2026-08-26,canonical_calculation,9.85,1,7.385951409028726,2026-08-25,True
Turku Energia Oy,24,2026-08-27,canonical_calculation,9.85,1,7.248811326949384,2026-08-26,True
Turku Energia Oy,24,2026-08-28,canonical_calculation,9.77,1,7.380433529411764,2026-08-27,True
Turku Energia Oy,24,2026-08-29,canonical_calculation,9.77,1,7.362903016415868,2026-08-28,True
Turku Energia Oy,24,2026-08-30,canonical_calculation,9.77,1,7.362903016415868,2026-08-28,True
Turku Energia Oy,24,2026-08-31,canonical_calculation,9.77,1,7.362903016415868,2026-08-28,True
Turku Energia Oy,24,2026-09-01,canonical_calculation,9.77,1,7.3933217441860455,2026-08-31,True
Turku Energia Oy,24,2026-09-02,canonical_calculation,9.77,1,7.452802906976744,2026-09-01,True
Turku Energia Oy,24,2026-09-03,canonical_calculation,9.77,1,7.658533632010943,2026-09-02,True
Turku Energia Oy,24,2026-09-04,canonical_calculation,9.77,1,7.687525677154583,2026-09-03,True
Turku Energia Oy,24,2026-09-05,canonical_calculation,9.725,2,7.69683602599179,2026-09-04,True
Turku Energia Oy,24,2026-09-06,canonical_calculation,9.725,2,7.69683602599179,2026-09-04,True
Turku Energia Oy,24,2026-09-07,canonical_calculation,9.68,1,7.69683602599179,2026-09-04,True
Turku Energia Oy,24,2026-09-08,canonical_calculation,9.68,1,7.916026668946647,2026-09-07,True
Turku Energia Oy,24,2026-09-09,canonical_calculation,9.68,1,8.065436908344731,2026-09-08,True
Turku Energia Oy,24,2026-09-10,canonical_calculation,9.68,1,8.37942211354309,2026-09-09,True
Turku Energia Oy,24,2026-09-11,canonical_calculation,9.68,1,8.510666614227084,2026-09-10,True
Turku Energia Oy,24,2026-09-12,canonical_calculation,9.68,1,8.336777865937071,2026-09-11,True
Turku Energia Oy,24,2026-09-13,canonical_calculation,9.68,1,8.336777865937071,2026-09-11,True
Vaasan Sähkö Myynti Oy,6,2026-04-08,observed_seller_data,7.93,1,,,False
Vaasan Sähkö Myynti Oy,6,2026-04-09,observed_seller_data,7.93,1,5.674571168478261,2026-04-08,True
Vaasan Sähkö Myynti Oy,6,2026-04-10,observed_seller_data,7.93,1,5.6259399184782595,2026-04-09,True
Vaasan Sähkö Myynti Oy,6,2026-04-11,observed_seller_data,7.93,1,5.571442907608695,2026-04-10,True
Vaasan Sähkö Myynti Oy,6,2026-04-12,observed_seller_data,7.93,1,5.571442907608695,2026-04-10,True
Vaasan Sähkö Myynti Oy,6,2026-04-13,observed_seller_data,7.93,1,5.571442907608695,2026-04-10,True
Vaasan Sähkö Myynti Oy,6,2026-04-14,observed_seller_data,7.93,1,5.563196739130434,2026-04-13,True
Vaasan Sähkö Myynti Oy,6,2026-04-15,observed_seller_data,7.93,1,5.412678586956522,2026-04-14,True
Vaasan Sähkö Myynti Oy,6,2026-04-16,observed_seller_data,8.21,1,5.3783638858695655,2026-04-15,True
Vaasan Sähkö Myynti Oy,6,2026-04-17,observed_seller_data,8.21,1,5.434354619565217,2026-04-16,True
Vaasan Sähkö Myynti Oy,6,2026-04-18,observed_seller_data,8.21,1,5.393219266304348,2026-04-17,True
Vaasan Sähkö Myynti Oy,6,2026-04-19,observed_seller_data,8.21,1,5.393219266304348,2026-04-17,True
Vaasan Sähkö Myynti Oy,6,2026-04-20,observed_seller_data,8.21,1,5.393219266304348,2026-04-17,True
Vaasan Sähkö Myynti Oy,6,2026-04-21,observed_seller_data,8.21,1,5.466534456521739,2026-04-20,True
Vaasan Sähkö Myynti Oy,6,2026-04-22,observed_seller_data,8.21,1,5.530171141304348,2026-04-21,True
Vaasan Sähkö Myynti Oy,6,2026-04-23,observed_seller_data,8.21,1,5.561593885869565,2026-04-22,True
Vaasan Sähkö Myynti Oy,6,2026-04-24,observed_seller_data,8.21,1,5.632699184782608,2026-04-23,True
Vaasan Sähkö Myynti Oy,6,2026-04-25,observed_seller_data,8.21,1,5.489342717391304,2026-04-24,True
Vaasan Sähkö Myynti Oy,6,2026-04-26,observed_seller_data,8.21,1,5.489342717391304,2026-04-24,True
Vaasan Sähkö Myynti Oy,6,2026-04-27,observed_seller_data,8.21,1,5.489342717391304,2026-04-24,True
Vaasan Sähkö Myynti Oy,6,2026-04-28,observed_seller_data,8.21,1,5.378875434782609,2026-04-27,True
Vaasan Sähkö Myynti Oy,6,2026-04-29,observed_seller_data,8.21,1,5.458874864130435,2026-04-28,True
Vaasan Sähkö Myynti Oy,6,2026-04-30,observed_seller_data,8.21,1,5.601869836956521,2026-04-29,True
Vaasan Sähkö Myynti Oy,6,2026-05-01,observed_seller_data,8.21,1,6.441215491803279,2026-04-30,True
Vaasan Sähkö Myynti Oy,6,2026-05-02,observed_seller_data,8.21,1,6.441215491803279,2026-04-30,True
Vaasan Sähkö Myynti Oy,6,2026-05-03,observed_seller_data,8.21,1,6.441215491803279,2026-04-30,True
Vaasan Sähkö Myynti Oy,6,2026-05-04,observed_seller_data,8.21,1,6.441215491803279,2026-04-30,True
Vaasan Sähkö Myynti Oy,6,2026-05-05,observed_seller_data,8.21,1,6.770018633879781,2026-05-04,True
Vaasan Sähkö Myynti Oy,6,2026-05-06,observed_seller_data,9.53,1,6.7423194808743165,2026-05-05,True
Vaasan Sähkö Myynti Oy,6,2026-05-07,observed_seller_data,9.53,1,6.660545601092896,2026-05-06,True
Vaasan Sähkö Myynti Oy,6,2026-05-08,observed_seller_data,9.53,1,6.847012540983606,2026-05-07,True
Vaasan Sähkö Myynti Oy,6,2026-05-09,observed_seller_data,9.53,1,7.107675355191256,2026-05-08,True
Vaasan Sähkö Myynti Oy,6,2026-05-10,observed_seller_data,9.53,1,7.107675355191256,2026-05-08,True
Vaasan Sähkö Myynti Oy,6,2026-05-11,observed_seller_data,9.53,1,7.107675355191256,2026-05-08,True
Vaasan Sähkö Myynti Oy,6,2026-05-12,observed_seller_data,9.53,1,7.366465956284151,2026-05-11,True
Vaasan Sähkö Myynti Oy,6,2026-05-13,observed_seller_data,10.22,1,7.396359644808744,2026-05-12,True
Vaasan Sähkö Myynti Oy,6,2026-05-14,observed_seller_data,10.22,1,7.428221557377048,2026-05-13,True
Vaasan Sähkö Myynti Oy,6,2026-05-15,observed_seller_data,10.22,1,7.398444453551912,2026-05-14,True
Vaasan Sähkö Myynti Oy,6,2026-05-16,observed_seller_data,10.22,1,7.479093633879781,2026-05-15,True
Vaasan Sähkö Myynti Oy,6,2026-05-17,observed_seller_data,10.22,1,7.479093633879781,2026-05-15,True
Vaasan Sähkö Myynti Oy,6,2026-05-18,observed_seller_data,10.22,1,7.479093633879781,2026-05-15,True
Vaasan Sähkö Myynti Oy,6,2026-05-19,observed_seller_data,10.22,1,7.228169071038252,2026-05-18,True
Vaasan Sähkö Myynti Oy,6,2026-05-20,observed_seller_data,10.22,1,7.127330163934426,2026-05-19,True
Vaasan Sähkö Myynti Oy,6,2026-05-21,observed_seller_data,10.22,1,7.172736475409835,2026-05-20,True
Vaasan Sähkö Myynti Oy,6,2026-05-22,observed_seller_data,10.22,1,7.28672887978142,2026-05-21,True
Vaasan Sähkö Myynti Oy,6,2026-05-23,observed_seller_data,10.22,1,7.243229071038251,2026-05-22,True
Vaasan Sähkö Myynti Oy,6,2026-05-24,observed_seller_data,10.22,1,7.243229071038251,2026-05-22,True
Vaasan Sähkö Myynti Oy,6,2026-05-25,observed_seller_data,10.22,1,7.243229071038251,2026-05-22,True
Vaasan Sähkö Myynti Oy,6,2026-05-26,observed_seller_data,10.22,1,6.942173087431693,2026-05-25,True
Vaasan Sähkö Myynti Oy,6,2026-05-27,observed_seller_data,10.22,1,7.076855846994536,2026-05-26,True
Vaasan Sähkö Myynti Oy,6,2026-05-28,observed_seller_data,10.22,1,6.931831338797814,2026-05-27,True
Vaasan Sähkö Myynti Oy,6,2026-05-29,observed_seller_data,10.22,1,7.196656912568304,2026-05-28,True
Vaasan Sähkö Myynti Oy,6,2026-05-30,observed_seller_data,10.22,1,7.456805382513661,2026-05-29,True
Vaasan Sähkö Myynti Oy,6,2026-05-31,observed_seller_data,10.22,1,7.456805382513661,2026-05-29,True
Vaasan Sähkö Myynti Oy,6,2026-06-01,observed_seller_data,10.22,1,8.027859864130434,2026-05-29,True
Vaasan Sähkö Myynti Oy,6,2026-06-02,observed_seller_data,10.22,1,8.316530326086957,2026-06-01,True
Vaasan Sähkö Myynti Oy,6,2026-06-03,observed_seller_data,10.22,1,8.12564073369565,2026-06-02,True
Vaasan Sähkö Myynti Oy,6,2026-06-04,observed_seller_data,11.62,1,8.344590489130434,2026-06-03,True
Vaasan Sähkö Myynti Oy,6,2026-06-05,observed_seller_data,11.62,1,8.148851413043477,2026-06-04,True
Vaasan Sähkö Myynti Oy,6,2026-06-06,observed_seller_data,11.62,1,8.002125543478261,2026-06-05,True
Vaasan Sähkö Myynti Oy,6,2026-06-07,observed_seller_data,11.62,1,8.002125543478261,2026-06-05,True
Vaasan Sähkö Myynti Oy,6,2026-06-08,observed_seller_data,11.62,1,8.002125543478261,2026-06-05,True
Vaasan Sähkö Myynti Oy,6,2026-06-09,observed_seller_data,11.62,1,8.021243831521739,2026-06-08,True
Vaasan Sähkö Myynti Oy,6,2026-06-10,observed_seller_data,11.62,1,7.776116413043478,2026-06-09,True
Vaasan Sähkö Myynti Oy,6,2026-06-11,observed_seller_data,11.62,1,7.787288641304348,2026-06-10,True
Vaasan Sähkö Myynti Oy,6,2026-06-12,observed_seller_data,11.62,1,7.798379021739129,2026-06-11,True
Vaasan Sähkö Myynti Oy,6,2026-06-13,observed_seller_data,11.62,1,7.557739592391304,2026-06-12,True
Vaasan Sähkö Myynti Oy,6,2026-06-14,observed_seller_data,11.62,1,7.557739592391304,2026-06-12,True
Vaasan Sähkö Myynti Oy,6,2026-06-15,observed_seller_data,11.62,1,7.557739592391304,2026-06-12,True
Vaasan Sähkö Myynti Oy,6,2026-06-16,observed_seller_data,11.62,1,7.4405744293478255,2026-06-15,True
Vaasan Sähkö Myynti Oy,6,2026-06-17,observed_seller_data,11.62,1,7.485686222826087,2026-06-16,True
Vaasan Sähkö Myynti Oy,6,2026-06-18,observed_seller_data,9.88,1,7.333497010869565,2026-06-17,True
Vaasan Sähkö Myynti Oy,6,2026-06-19,observed_seller_data,9.88,1,7.184213396739131,2026-06-18,True
Vaasan Sähkö Myynti Oy,6,2026-06-20,observed_seller_data,9.88,1,7.332889972826087,2026-06-19,True
Vaasan Sähkö Myynti Oy,6,2026-06-21,observed_seller_data,9.88,1,7.332889972826087,2026-06-19,True
Vaasan Sähkö Myynti Oy,6,2026-06-22,observed_seller_data,9.88,1,7.332889972826087,2026-06-19,True
Vaasan Sähkö Myynti Oy,6,2026-06-23,observed_seller_data,9.88,1,6.920779347826087,2026-06-22,True
Vaasan Sähkö Myynti Oy,6,2026-06-24,observed_seller_data,9.88,1,6.979552907608695,2026-06-23,True
Vaasan Sähkö Myynti Oy,6,2026-06-25,observed_seller_data,9.88,1,6.916189048913043,2026-06-24,True
Vaasan Sähkö Myynti Oy,6,2026-06-26,observed_seller_data,9.88,1,6.9198994836956516,2026-06-25,True
Vaasan Sähkö Myynti Oy,6,2026-06-27,observed_seller_data,9.88,1,7.021247554347825,2026-06-26,True
Vaasan Sähkö Myynti Oy,6,2026-06-28,observed_seller_data,9.88,1,7.021247554347825,2026-06-26,True
Vaasan Sähkö Myynti Oy,6,2026-06-29,observed_seller_data,9.88,1,7.021247554347825,2026-06-26,True
Vaasan Sähkö Myynti Oy,6,2026-06-30,observed_seller_data,9.88,1,7.20875410326087,2026-06-29,True
Vaasan Sähkö Myynti Oy,6,2026-07-01,observed_seller_data,9.88,1,8.389504483695651,2026-06-30,True
Vaasan Sähkö Myynti Oy,6,2026-07-02,observed_seller_data,10.7,1,8.399762744565216,2026-07-01,True
Vaasan Sähkö Myynti Oy,6,2026-07-03,observed_seller_data,10.7,1,8.60288858695652,2026-07-02,True
Vaasan Sähkö Myynti Oy,6,2026-07-04,observed_seller_data,10.7,1,8.829231929347825,2026-07-03,True
Vaasan Sähkö Myynti Oy,6,2026-07-05,observed_seller_data,10.7,1,8.829231929347825,2026-07-03,True
Vaasan Sähkö Myynti Oy,6,2026-07-06,observed_seller_data,10.7,1,8.829231929347825,2026-07-03,True
Vaasan Sähkö Myynti Oy,6,2026-07-07,observed_seller_data,10.7,1,8.83481804347826,2026-07-06,True
Vaasan Sähkö Myynti Oy,6,2026-07-08,observed_seller_data,10.7,1,8.888237391304347,2026-07-07,True
Vaasan Sähkö Myynti Oy,6,2026-07-09,observed_seller_data,11.2,1,9.081084510869564,2026-07-08,True
Vaasan Sähkö Myynti Oy,6,2026-07-10,observed_seller_data,11.2,1,9.261954565217389,2026-07-09,True
Vaasan Sähkö Myynti Oy,6,2026-07-11,observed_seller_data,11.2,1,9.247372010869563,2026-07-10,True
Vaasan Sähkö Myynti Oy,6,2026-07-12,observed_seller_data,11.2,1,9.247372010869563,2026-07-10,True
Vaasan Sähkö Myynti Oy,6,2026-07-13,observed_seller_data,11.2,1,9.247372010869563,2026-07-10,True
Vaasan Sähkö Myynti Oy,6,2026-07-14,observed_seller_data,11.2,1,9.484048641304346,2026-07-13,True
Vaasan Sähkö Myynti Oy,6,2026-07-15,observed_seller_data,11.2,1,9.635098804347825,2026-07-14,True
Vaasan Sähkö Myynti Oy,6,2026-07-16,observed_seller_data,12.01,1,9.893621983695652,2026-07-15,True
Vaasan Sähkö Myynti Oy,6,2026-07-17,observed_seller_data,12.01,1,9.821984673913043,2026-07-16,True
Vaasan Sähkö Myynti Oy,6,2026-07-18,observed_seller_data,12.01,1,10.060427853260867,2026-07-17,True
Vaasan Sähkö Myynti Oy,6,2026-07-19,observed_seller_data,12.01,1,10.060427853260867,2026-07-17,True
Vaasan Sähkö Myynti Oy,6,2026-07-20,observed_seller_data,12.01,1,10.060427853260867,2026-07-17,True
Vaasan Sähkö Myynti Oy,6,2026-07-21,observed_seller_data,12.01,1,10.116848288043478,2026-07-20,True
Vaasan Sähkö Myynti Oy,6,2026-07-22,observed_seller_data,12.01,1,10.145904266304347,2026-07-21,True
Vaasan Sähkö Myynti Oy,6,2026-07-23,observed_seller_data,12.01,1,10.487925869565217,2026-07-22,True
Vaasan Sähkö Myynti Oy,6,2026-07-24,observed_seller_data,12.01,1,10.476433070652174,2026-07-23,True
Vaasan Sähkö Myynti Oy,6,2026-07-25,observed_seller_data,12.01,1,10.398609429347827,2026-07-24,True
Vaasan Sähkö Myynti Oy,6,2026-07-26,observed_seller_data,12.01,1,10.398609429347827,2026-07-24,True
Vaasan Sähkö Myynti Oy,6,2026-07-27,canonical_calculation,12.01,1,10.398609429347827,2026-07-24,True
Vaasan Sähkö Myynti Oy,6,2026-07-28,canonical_calculation,12.01,1,10.149839782608694,2026-07-27,True
Vaasan Sähkö Myynti Oy,6,2026-07-29,canonical_calculation,12.01,1,10.074553423913043,2026-07-28,True
Vaasan Sähkö Myynti Oy,6,2026-07-30,canonical_calculation,12.01,1,10.453140543478257,2026-07-29,True
Vaasan Sähkö Myynti Oy,6,2026-07-31,canonical_calculation,12.01,1,10.418491630434781,2026-07-30,True
Vaasan Sähkö Myynti Oy,6,2026-08-01,canonical_calculation,12.01,1,11.953403508287291,2026-07-31,True
Vaasan Sähkö Myynti Oy,6,2026-08-02,canonical_calculation,12.01,1,11.953403508287291,2026-07-31,True
Vaasan Sähkö Myynti Oy,6,2026-08-03,canonical_calculation,12.01,1,11.953403508287291,2026-07-31,True
Vaasan Sähkö Myynti Oy,6,2026-08-05,canonical_calculation,13.14,1,11.838782486187846,2026-08-04,True
Vaasan Sähkö Myynti Oy,6,2026-08-06,canonical_calculation,13.14,1,11.559888204419888,2026-08-05,True
Vaasan Sähkö Myynti Oy,6,2026-08-07,canonical_calculation,13.14,1,11.55857773480663,2026-08-06,True
Vaasan Sähkö Myynti Oy,6,2026-08-08,canonical_calculation,13.14,1,11.478583618784532,2026-08-07,True
Vaasan Sähkö Myynti Oy,6,2026-08-09,canonical_calculation,13.14,1,11.478583618784532,2026-08-07,True
Vaasan Sähkö Myynti Oy,6,2026-08-10,canonical_calculation,13.14,1,11.478583618784532,2026-08-07,True
Vaasan Sähkö Myynti Oy,6,2026-08-11,canonical_calculation,13.14,1,11.645401546961326,2026-08-10,True
Vaasan Sähkö Myynti Oy,6,2026-08-12,canonical_calculation,13.14,1,11.571758701657458,2026-08-11,True
Vaasan Sähkö Myynti Oy,6,2026-08-13,canonical_calculation,13.14,1,11.600921850828728,2026-08-12,True
Vaasan Sähkö Myynti Oy,6,2026-08-14,canonical_calculation,13.14,1,11.42925726519337,2026-08-13,True
Vaasan Sähkö Myynti Oy,6,2026-08-15,canonical_calculation,13.14,1,11.314379696132594,2026-08-14,True
Vaasan Sähkö Myynti Oy,6,2026-08-16,canonical_calculation,13.14,1,11.314379696132594,2026-08-14,True
Vaasan Sähkö Myynti Oy,6,2026-08-17,canonical_calculation,13.14,1,11.314379696132594,2026-08-14,True
Vaasan Sähkö Myynti Oy,6,2026-08-18,canonical_calculation,13.14,1,11.569546850828727,2026-08-17,True
Vaasan Sähkö Myynti Oy,6,2026-08-19,canonical_calculation,13.79,1,11.674093204419888,2026-08-18,True
Vaasan Sähkö Myynti Oy,6,2026-08-20,canonical_calculation,13.79,1,11.554556187845302,2026-08-19,True
Vaasan Sähkö Myynti Oy,6,2026-08-21,canonical_calculation,13.79,1,11.415459198895025,2026-08-20,True
Vaasan Sähkö Myynti Oy,6,2026-08-22,canonical_calculation,13.79,1,11.601920303867402,2026-08-21,True
Vaasan Sähkö Myynti Oy,6,2026-08-23,canonical_calculation,13.79,1,11.601920303867402,2026-08-21,True
Vaasan Sähkö Myynti Oy,6,2026-08-24,canonical_calculation,13.79,1,11.601920303867402,2026-08-21,True
Vaasan Sähkö Myynti Oy,6,2026-08-25,canonical_calculation,13.79,1,11.451798729281766,2026-08-24,True
Vaasan Sähkö Myynti Oy,6,2026-08-26,canonical_calculation,13.79,1,11.270392292817679,2026-08-25,True
Vaasan Sähkö Myynti Oy,6,2026-08-27,canonical_calculation,13.79,1,10.910380635359115,2026-08-26,True
Vaasan Sähkö Myynti Oy,6,2026-08-28,canonical_calculation,13.79,1,11.102617513812154,2026-08-27,True
Vaasan Sähkö Myynti Oy,6,2026-08-29,canonical_calculation,13.79,1,11.025050193370166,2026-08-28,True
Vaasan Sähkö Myynti Oy,6,2026-08-30,canonical_calculation,13.79,1,11.025050193370166,2026-08-28,True
Vaasan Sähkö Myynti Oy,6,2026-08-31,canonical_calculation,13.79,1,11.025050193370166,2026-08-28,True
Vaasan Sähkö Myynti Oy,6,2026-09-01,canonical_calculation,13.79,1,11.866493901098899,2026-08-31,True
Vaasan Sähkö Myynti Oy,6,2026-09-02,canonical_calculation,13.79,1,11.862680631868132,2026-09-01,True
Vaasan Sähkö Myynti Oy,6,2026-09-03,canonical_calculation,13.79,1,12.428430494505495,2026-09-02,True
Vaasan Sähkö Myynti Oy,6,2026-09-04,canonical_calculation,13.79,1,12.439056620879121,2026-09-03,True
Vaasan Sähkö Myynti Oy,6,2026-09-05,canonical_calculation,13.79,1,12.411219065934064,2026-09-04,True
Vaasan Sähkö Myynti Oy,6,2026-09-06,canonical_calculation,13.79,1,12.411219065934064,2026-09-04,True
Vaasan Sähkö Myynti Oy,6,2026-09-07,canonical_calculation,13.79,1,12.411219065934064,2026-09-04,True
Vaasan Sähkö Myynti Oy,6,2026-09-08,canonical_calculation,14.5,1,12.888525906593406,2026-09-07,True
Vaasan Sähkö Myynti Oy,6,2026-09-09,canonical_calculation,14.5,1,13.189960357142855,2026-09-08,True
Vaasan Sähkö Myynti Oy,6,2026-09-10,canonical_calculation,14.5,1,13.81508137362637,2026-09-09,True
Vaasan Sähkö Myynti Oy,6,2026-09-11,canonical_calculation,14.5,1,13.937105989010986,2026-09-10,True
Vaasan Sähkö Myynti Oy,6,2026-09-12,canonical_calculation,14.5,1,13.675272994505493,2026-09-11,True
Vaasan Sähkö Myynti Oy,6,2026-09-13,canonical_calculation,14.5,1,13.675272994505493,2026-09-11,True
Vaasan Sähkö Myynti Oy,12,2026-04-08,observed_seller_data,9.66,1,,,False
Vaasan Sähkö Myynti Oy,12,2026-04-09,observed_seller_data,9.66,1,7.008009397260273,2026-04-08,True
Vaasan Sähkö Myynti Oy,12,2026-04-10,observed_seller_data,9.66,1,7.001851301369863,2026-04-09,True
Vaasan Sähkö Myynti Oy,12,2026-04-11,observed_seller_data,9.66,1,6.91596116438356,2026-04-10,True
Vaasan Sähkö Myynti Oy,12,2026-04-12,observed_seller_data,9.66,1,6.91596116438356,2026-04-10,True
Vaasan Sähkö Myynti Oy,12,2026-04-13,observed_seller_data,9.66,1,6.91596116438356,2026-04-10,True
Vaasan Sähkö Myynti Oy,12,2026-04-14,observed_seller_data,9.66,1,6.929934643835616,2026-04-13,True
Vaasan Sähkö Myynti Oy,12,2026-04-15,observed_seller_data,9.66,1,6.809994465753424,2026-04-14,True
Vaasan Sähkö Myynti Oy,12,2026-04-16,observed_seller_data,9.41,1,6.761455191780822,2026-04-15,True
Vaasan Sähkö Myynti Oy,12,2026-04-17,observed_seller_data,9.41,1,6.797176273972602,2026-04-16,True
Vaasan Sähkö Myynti Oy,12,2026-04-18,observed_seller_data,9.41,1,6.730929465753426,2026-04-17,True
Vaasan Sähkö Myynti Oy,12,2026-04-19,observed_seller_data,9.41,1,6.730929465753426,2026-04-17,True
Vaasan Sähkö Myynti Oy,12,2026-04-20,observed_seller_data,9.41,1,6.730929465753426,2026-04-17,True
Vaasan Sähkö Myynti Oy,12,2026-04-21,observed_seller_data,9.41,1,6.749090863013699,2026-04-20,True
Vaasan Sähkö Myynti Oy,12,2026-04-22,observed_seller_data,9.41,1,6.839808452054794,2026-04-21,True
Vaasan Sähkö Myynti Oy,12,2026-04-23,observed_seller_data,8.99,1,6.872737589041094,2026-04-22,True
Vaasan Sähkö Myynti Oy,12,2026-04-24,observed_seller_data,8.99,1,6.963417356164384,2026-04-23,True
Vaasan Sähkö Myynti Oy,12,2026-04-25,observed_seller_data,8.99,1,6.8711112465753414,2026-04-24,True
Vaasan Sähkö Myynti Oy,12,2026-04-26,observed_seller_data,8.99,1,6.8711112465753414,2026-04-24,True
Vaasan Sähkö Myynti Oy,12,2026-04-27,observed_seller_data,8.99,1,6.8711112465753414,2026-04-24,True
Vaasan Sähkö Myynti Oy,12,2026-04-28,observed_seller_data,8.99,1,6.778488808219178,2026-04-27,True
Vaasan Sähkö Myynti Oy,12,2026-04-29,observed_seller_data,8.99,1,6.82226595890411,2026-04-28,True
Vaasan Sähkö Myynti Oy,12,2026-04-30,observed_seller_data,9.3,1,6.91197610958904,2026-04-29,True
Vaasan Sähkö Myynti Oy,12,2026-05-01,observed_seller_data,9.3,1,6.984508232876711,2026-04-30,True
Vaasan Sähkö Myynti Oy,12,2026-05-02,observed_seller_data,9.3,1,6.984508232876711,2026-04-30,True
Vaasan Sähkö Myynti Oy,12,2026-05-03,observed_seller_data,9.3,1,6.984508232876711,2026-04-30,True
Vaasan Sähkö Myynti Oy,12,2026-05-04,observed_seller_data,9.3,1,6.984508232876711,2026-04-30,True
Vaasan Sähkö Myynti Oy,12,2026-05-05,observed_seller_data,9.3,1,7.199113232876712,2026-05-04,True
Vaasan Sähkö Myynti Oy,12,2026-05-06,observed_seller_data,9.62,1,7.225643589041095,2026-05-05,True
Vaasan Sähkö Myynti Oy,12,2026-05-07,observed_seller_data,9.62,1,7.098238739726027,2026-05-06,True
Vaasan Sähkö Myynti Oy,12,2026-05-08,observed_seller_data,9.62,1,7.211415671232878,2026-05-07,True
Vaasan Sähkö Myynti Oy,12,2026-05-09,observed_seller_data,9.62,1,7.42950716438356,2026-05-08,True
Vaasan Sähkö Myynti Oy,12,2026-05-10,observed_seller_data,9.62,1,7.42950716438356,2026-05-08,True
Vaasan Sähkö Myynti Oy,12,2026-05-11,observed_seller_data,9.62,1,7.42950716438356,2026-05-08,True
Vaasan Sähkö Myynti Oy,12,2026-05-12,observed_seller_data,9.62,1,7.627480835616438,2026-05-11,True
Vaasan Sähkö Myynti Oy,12,2026-05-13,observed_seller_data,9.96,1,7.662703356164383,2026-05-12,True
Vaasan Sähkö Myynti Oy,12,2026-05-14,observed_seller_data,9.96,1,7.6846194383561635,2026-05-13,True
Vaasan Sähkö Myynti Oy,12,2026-05-15,observed_seller_data,9.96,1,7.672966849315067,2026-05-14,True
Vaasan Sähkö Myynti Oy,12,2026-05-16,observed_seller_data,9.96,1,7.7297306712328755,2026-05-15,True
Vaasan Sähkö Myynti Oy,12,2026-05-17,observed_seller_data,9.96,1,7.7297306712328755,2026-05-15,True
Vaasan Sähkö Myynti Oy,12,2026-05-18,observed_seller_data,9.96,1,7.7297306712328755,2026-05-15,True
Vaasan Sähkö Myynti Oy,12,2026-05-19,observed_seller_data,9.96,1,7.584962123287671,2026-05-18,True
Vaasan Sähkö Myynti Oy,12,2026-05-20,observed_seller_data,9.96,1,7.514379547945205,2026-05-19,True
Vaasan Sähkö Myynti Oy,12,2026-05-21,observed_seller_data,9.96,1,7.557534356164381,2026-05-20,True
Vaasan Sähkö Myynti Oy,12,2026-05-22,observed_seller_data,9.96,1,7.675029863013698,2026-05-21,True
Vaasan Sähkö Myynti Oy,12,2026-05-23,observed_seller_data,9.96,1,7.630430945205479,2026-05-22,True
Vaasan Sähkö Myynti Oy,12,2026-05-24,observed_seller_data,9.96,1,7.630430945205479,2026-05-22,True
Vaasan Sähkö Myynti Oy,12,2026-05-25,observed_seller_data,9.96,1,7.630430945205479,2026-05-22,True
Vaasan Sähkö Myynti Oy,12,2026-05-26,observed_seller_data,9.96,1,7.405325205479452,2026-05-25,True
Vaasan Sähkö Myynti Oy,12,2026-05-27,observed_seller_data,9.96,1,7.498484027397259,2026-05-26,True
Vaasan Sähkö Myynti Oy,12,2026-05-28,observed_seller_data,9.96,1,7.3629646575342464,2026-05-27,True
Vaasan Sähkö Myynti Oy,12,2026-05-29,observed_seller_data,9.96,1,7.544537369863012,2026-05-28,True
Vaasan Sähkö Myynti Oy,12,2026-05-30,observed_seller_data,9.96,1,7.758901684931507,2026-05-29,True
Vaasan Sähkö Myynti Oy,12,2026-05-31,observed_seller_data,9.96,1,7.758901684931507,2026-05-29,True
Vaasan Sähkö Myynti Oy,12,2026-06-01,observed_seller_data,9.96,1,7.61820415068493,2026-05-29,True
Vaasan Sähkö Myynti Oy,12,2026-06-02,observed_seller_data,9.96,1,7.859800246575342,2026-06-01,True
Vaasan Sähkö Myynti Oy,12,2026-06-03,observed_seller_data,9.96,1,7.760411123287669,2026-06-02,True
Vaasan Sähkö Myynti Oy,12,2026-06-04,observed_seller_data,10.17,1,7.938253219178082,2026-06-03,True
Vaasan Sähkö Myynti Oy,12,2026-06-05,observed_seller_data,10.17,1,7.809387068493151,2026-06-04,True
Vaasan Sähkö Myynti Oy,12,2026-06-06,observed_seller_data,10.17,1,7.719044260273972,2026-06-05,True
Vaasan Sähkö Myynti Oy,12,2026-06-07,observed_seller_data,10.17,1,7.719044260273972,2026-06-05,True
Vaasan Sähkö Myynti Oy,12,2026-06-08,observed_seller_data,10.17,1,7.719044260273972,2026-06-05,True
Vaasan Sähkö Myynti Oy,12,2026-06-09,observed_seller_data,10.17,1,7.710300520547945,2026-06-08,True
Vaasan Sähkö Myynti Oy,12,2026-06-10,observed_seller_data,10.17,1,7.529601150684932,2026-06-09,True
Vaasan Sähkö Myynti Oy,12,2026-06-11,observed_seller_data,10.17,1,7.565910191780821,2026-06-10,True
Vaasan Sähkö Myynti Oy,12,2026-06-12,observed_seller_data,10.17,1,7.608071315068491,2026-06-11,True
Vaasan Sähkö Myynti Oy,12,2026-06-13,observed_seller_data,10.17,1,7.4029114794520545,2026-06-12,True
Vaasan Sähkö Myynti Oy,12,2026-06-14,observed_seller_data,10.17,1,7.4029114794520545,2026-06-12,True
Vaasan Sähkö Myynti Oy,12,2026-06-15,observed_seller_data,10.17,1,7.4029114794520545,2026-06-12,True
Vaasan Sähkö Myynti Oy,12,2026-06-16,observed_seller_data,10.17,1,7.26479615068493,2026-06-15,True
Vaasan Sähkö Myynti Oy,12,2026-06-17,observed_seller_data,10.17,1,7.301139575342464,2026-06-16,True
Vaasan Sähkö Myynti Oy,12,2026-06-18,observed_seller_data,9.7,1,7.162126835616437,2026-06-17,True
Vaasan Sähkö Myynti Oy,12,2026-06-19,observed_seller_data,9.7,1,7.0250842739726025,2026-06-18,True
Vaasan Sähkö Myynti Oy,12,2026-06-20,observed_seller_data,9.7,1,7.132684191780821,2026-06-19,True
Vaasan Sähkö Myynti Oy,12,2026-06-21,observed_seller_data,9.7,1,7.132684191780821,2026-06-19,True
Vaasan Sähkö Myynti Oy,12,2026-06-22,observed_seller_data,9.7,1,7.132684191780821,2026-06-19,True
Vaasan Sähkö Myynti Oy,12,2026-06-23,observed_seller_data,9.7,1,6.836349465753425,2026-06-22,True
Vaasan Sähkö Myynti Oy,12,2026-06-24,observed_seller_data,9.7,1,6.874353616438356,2026-06-23,True
Vaasan Sähkö Myynti Oy,12,2026-06-25,observed_seller_data,9.04,1,6.835799328767123,2026-06-24,True
Vaasan Sähkö Myynti Oy,12,2026-06-26,observed_seller_data,9.04,1,6.8778641780821905,2026-06-25,True
Vaasan Sähkö Myynti Oy,12,2026-06-27,observed_seller_data,9.04,1,6.942928191780821,2026-06-26,True
Vaasan Sähkö Myynti Oy,12,2026-06-28,observed_seller_data,9.04,1,6.942928191780821,2026-06-26,True
Vaasan Sähkö Myynti Oy,12,2026-06-29,observed_seller_data,9.04,1,6.942928191780821,2026-06-26,True
Vaasan Sähkö Myynti Oy,12,2026-06-30,observed_seller_data,9.04,1,7.11498009589041,2026-06-29,True
Vaasan Sähkö Myynti Oy,12,2026-07-01,observed_seller_data,9.04,1,7.291367767123288,2026-06-30,True
Vaasan Sähkö Myynti Oy,12,2026-07-02,observed_seller_data,9.41,1,7.297343630136985,2026-07-01,True
Vaasan Sähkö Myynti Oy,12,2026-07-03,observed_seller_data,9.41,1,7.396309835616438,2026-07-02,True
Vaasan Sähkö Myynti Oy,12,2026-07-04,observed_seller_data,9.41,1,7.537921972602739,2026-07-03,True
Vaasan Sähkö Myynti Oy,12,2026-07-05,observed_seller_data,9.41,1,7.537921972602739,2026-07-03,True
Vaasan Sähkö Myynti Oy,12,2026-07-06,observed_seller_data,9.41,1,7.537921972602739,2026-07-03,True
Vaasan Sähkö Myynti Oy,12,2026-07-07,observed_seller_data,9.41,1,7.517649424657533,2026-07-06,True
Vaasan Sähkö Myynti Oy,12,2026-07-08,observed_seller_data,9.41,1,7.55255905479452,2026-07-07,True
Vaasan Sähkö Myynti Oy,12,2026-07-09,observed_seller_data,9.79,1,7.663016246575341,2026-07-08,True
Vaasan Sähkö Myynti Oy,12,2026-07-10,observed_seller_data,9.79,1,7.752925821917807,2026-07-09,True
Vaasan Sähkö Myynti Oy,12,2026-07-11,observed_seller_data,9.79,1,7.733756986301369,2026-07-10,True
Vaasan Sähkö Myynti Oy,12,2026-07-12,observed_seller_data,9.79,1,7.733756986301369,2026-07-10,True
Vaasan Sähkö Myynti Oy,12,2026-07-13,observed_seller_data,9.79,1,7.733756986301369,2026-07-10,True
Vaasan Sähkö Myynti Oy,12,2026-07-14,observed_seller_data,9.79,1,7.916333698630135,2026-07-13,True
Vaasan Sähkö Myynti Oy,12,2026-07-15,observed_seller_data,9.79,1,8.05474128767123,2026-07-14,True
Vaasan Sähkö Myynti Oy,12,2026-07-16,observed_seller_data,10.48,1,8.242688712328768,2026-07-15,True
Vaasan Sähkö Myynti Oy,12,2026-07-17,observed_seller_data,10.48,1,8.230231547945204,2026-07-16,True
Vaasan Sähkö Myynti Oy,12,2026-07-18,observed_seller_data,10.48,1,8.411536068493149,2026-07-17,True
Vaasan Sähkö Myynti Oy,12,2026-07-19,observed_seller_data,10.48,1,8.411536068493149,2026-07-17,True
Vaasan Sähkö Myynti Oy,12,2026-07-20,observed_seller_data,10.48,1,8.411536068493149,2026-07-17,True
Vaasan Sähkö Myynti Oy,12,2026-07-21,observed_seller_data,10.48,1,8.444090424657533,2026-07-20,True
Vaasan Sähkö Myynti Oy,12,2026-07-22,observed_seller_data,10.48,1,8.482008616438355,2026-07-21,True
Vaasan Sähkö Myynti Oy,12,2026-07-23,observed_seller_data,10.48,1,8.747336246575342,2026-07-22,True
Vaasan Sähkö Myynti Oy,12,2026-07-24,observed_seller_data,10.48,1,8.776696369863014,2026-07-23,True
Vaasan Sähkö Myynti Oy,12,2026-07-25,observed_seller_data,10.48,1,8.763114863013698,2026-07-24,True
Vaasan Sähkö Myynti Oy,12,2026-07-26,observed_seller_data,10.48,1,8.763114863013698,2026-07-24,True
Vaasan Sähkö Myynti Oy,12,2026-07-27,canonical_calculation,10.48,1,8.763114863013698,2026-07-24,True
Vaasan Sähkö Myynti Oy,12,2026-07-28,canonical_calculation,10.48,1,8.568218520547944,2026-07-27,True
Vaasan Sähkö Myynti Oy,12,2026-07-29,canonical_calculation,10.48,1,8.490944904109588,2026-07-28,True
Vaasan Sähkö Myynti Oy,12,2026-07-30,canonical_calculation,10.48,1,8.781259068493151,2026-07-29,True
Vaasan Sähkö Myynti Oy,12,2026-07-31,canonical_calculation,10.48,1,8.746273794520546,2026-07-30,True
Vaasan Sähkö Myynti Oy,12,2026-08-01,canonical_calculation,10.48,1,8.888607986301372,2026-07-31,True
Vaasan Sähkö Myynti Oy,12,2026-08-02,canonical_calculation,10.48,1,8.888607986301372,2026-07-31,True
Vaasan Sähkö Myynti Oy,12,2026-08-04,canonical_calculation,11.45,1,8.728779438356165,2026-08-03,True
Vaasan Sähkö Myynti Oy,12,2026-08-05,canonical_calculation,11.45,1,8.838225753424656,2026-08-04,True
Vaasan Sähkö Myynti Oy,12,2026-08-06,canonical_calculation,11.45,1,8.654765383561644,2026-08-05,True
Vaasan Sähkö Myynti Oy,12,2026-08-07,canonical_calculation,11.45,1,8.644147739726026,2026-08-06,True
Vaasan Sähkö Myynti Oy,12,2026-08-08,canonical_calculation,11.45,1,8.630679698630136,2026-08-07,True
Vaasan Sähkö Myynti Oy,12,2026-08-09,canonical_calculation,11.45,1,8.630679698630136,2026-08-07,True
Vaasan Sähkö Myynti Oy,12,2026-08-10,canonical_calculation,11.45,1,8.630679698630136,2026-08-07,True
Vaasan Sähkö Myynti Oy,12,2026-08-11,canonical_calculation,11.45,1,8.748859438356163,2026-08-10,True
Vaasan Sähkö Myynti Oy,12,2026-08-12,canonical_calculation,11.45,1,8.705082287671232,2026-08-11,True
Vaasan Sähkö Myynti Oy,12,2026-08-13,canonical_calculation,11.45,1,8.724316452054794,2026-08-12,True
Vaasan Sähkö Myynti Oy,12,2026-08-14,canonical_calculation,11.45,1,8.579424123287671,2026-08-13,True
Vaasan Sähkö Myynti Oy,12,2026-08-15,canonical_calculation,11.45,1,8.519703315068492,2026-08-14,True
Vaasan Sähkö Myynti Oy,12,2026-08-16,canonical_calculation,11.45,1,8.519703315068492,2026-08-14,True
Vaasan Sähkö Myynti Oy,12,2026-08-17,canonical_calculation,11.45,1,8.519703315068492,2026-08-14,True
Vaasan Sähkö Myynti Oy,12,2026-08-18,canonical_calculation,11.45,1,8.72096405479452,2026-08-17,True
Vaasan Sähkö Myynti Oy,12,2026-09-08,canonical_calculation,11.67,1,8.858608328767124,2026-09-07,True
Vaasan Sähkö Myynti Oy,12,2026-09-09,canonical_calculation,11.67,1,9.059559616438355,2026-09-08,True
Vaasan Sähkö Myynti Oy,12,2026-09-10,canonical_calculation,11.67,1,9.442544356164383,2026-09-09,True
Vaasan Sähkö Myynti Oy,12,2026-09-11,canonical_calculation,11.67,1,9.592642356164383,2026-09-10,True
Vaasan Sähkö Myynti Oy,12,2026-09-12,canonical_calculation,11.67,1,9.381571986301369,2026-09-11,True
Vaasan Sähkö Myynti Oy,12,2026-09-13,canonical_calculation,11.67,1,9.381571986301369,2026-09-11,True
Vaasan Sähkö Myynti Oy,24,2026-04-08,observed_seller_data,8.79,1,,,False
Vaasan Sähkö Myynti Oy,24,2026-04-09,observed_seller_data,8.79,1,6.314420047879617,2026-04-08,True
Vaasan Sähkö Myynti Oy,24,2026-04-10,observed_seller_data,8.79,1,6.2962903625171,2026-04-09,True
Vaasan Sähkö Myynti Oy,24,2026-04-11,observed_seller_data,8.79,1,6.228571867305061,2026-04-10,True
Vaasan Sähkö Myynti Oy,24,2026-04-12,observed_seller_data,8.79,1,6.228571867305061,2026-04-10,True
Vaasan Sähkö Myynti Oy,24,2026-04-13,observed_seller_data,8.79,1,6.228571867305061,2026-04-10,True
Vaasan Sähkö Myynti Oy,24,2026-04-14,observed_seller_data,8.79,1,6.23801269493844,2026-04-13,True
Vaasan Sähkö Myynti Oy,24,2026-04-15,observed_seller_data,8.79,1,6.177379541723666,2026-04-14,True
Vaasan Sähkö Myynti Oy,24,2026-04-16,observed_seller_data,8.6,1,6.144708337893295,2026-04-15,True
Vaasan Sähkö Myynti Oy,24,2026-04-17,observed_seller_data,8.6,1,6.150796203830369,2026-04-16,True
Vaasan Sähkö Myynti Oy,24,2026-04-18,observed_seller_data,8.6,1,6.103619534883721,2026-04-17,True
Vaasan Sähkö Myynti Oy,24,2026-04-19,observed_seller_data,8.6,1,6.103619534883721,2026-04-17,True
Vaasan Sähkö Myynti Oy,24,2026-04-20,observed_seller_data,8.6,1,6.103619534883721,2026-04-17,True
Vaasan Sähkö Myynti Oy,24,2026-04-21,observed_seller_data,8.6,1,6.087503686730505,2026-04-20,True
Vaasan Sähkö Myynti Oy,24,2026-04-22,observed_seller_data,8.6,1,6.154380937072504,2026-04-21,True
Vaasan Sähkö Myynti Oy,24,2026-04-23,observed_seller_data,8.18,1,6.177219876880984,2026-04-22,True
Vaasan Sähkö Myynti Oy,24,2026-04-24,observed_seller_data,8.18,1,6.256475444596442,2026-04-23,True
Vaasan Sähkö Myynti Oy,24,2026-04-25,observed_seller_data,8.18,1,6.191047195622435,2026-04-24,True
Vaasan Sähkö Myynti Oy,24,2026-04-26,observed_seller_data,8.18,1,6.191047195622435,2026-04-24,True
Vaasan Sähkö Myynti Oy,24,2026-04-27,observed_seller_data,8.18,1,6.191047195622435,2026-04-24,True
Vaasan Sähkö Myynti Oy,24,2026-04-28,observed_seller_data,8.18,1,6.134817701778386,2026-04-27,True
Vaasan Sähkö Myynti Oy,24,2026-04-29,observed_seller_data,8.18,1,6.171774103967169,2026-04-28,True
Vaasan Sähkö Myynti Oy,24,2026-04-30,observed_seller_data,8.53,1,6.239817079343364,2026-04-29,True
Vaasan Sähkö Myynti Oy,24,2026-05-01,observed_seller_data,8.53,1,6.355381805745553,2026-04-30,True
Vaasan Sähkö Myynti Oy,24,2026-05-02,observed_seller_data,8.53,1,6.355381805745553,2026-04-30,True
Vaasan Sähkö Myynti Oy,24,2026-05-03,observed_seller_data,8.53,1,6.355381805745553,2026-04-30,True
Vaasan Sähkö Myynti Oy,24,2026-05-04,observed_seller_data,8.53,1,6.355381805745553,2026-04-30,True
Vaasan Sähkö Myynti Oy,24,2026-05-05,observed_seller_data,8.53,1,6.476608625170997,2026-05-04,True
Vaasan Sähkö Myynti Oy,24,2026-05-06,observed_seller_data,8.79,1,6.494082482900137,2026-05-05,True
Vaasan Sähkö Myynti Oy,24,2026-05-07,observed_seller_data,8.79,1,6.3717053898768805,2026-05-06,True
Vaasan Sähkö Myynti Oy,24,2026-05-08,observed_seller_data,8.79,1,6.408783686730506,2026-05-07,True
Vaasan Sähkö Myynti Oy,24,2026-05-09,observed_seller_data,8.79,1,6.537145636114911,2026-05-08,True
Vaasan Sähkö Myynti Oy,24,2026-05-10,observed_seller_data,8.79,1,6.537145636114911,2026-05-08,True
Vaasan Sähkö Myynti Oy,24,2026-05-11,observed_seller_data,8.79,1,6.537145636114911,2026-05-08,True
Vaasan Sähkö Myynti Oy,24,2026-05-12,observed_seller_data,8.79,1,6.665234610123119,2026-05-11,True
Vaasan Sähkö Myynti Oy,24,2026-05-13,observed_seller_data,8.97,1,6.70606760601915,2026-05-12,True
Vaasan Sähkö Myynti Oy,24,2026-05-14,observed_seller_data,8.97,1,6.721105287277702,2026-05-13,True
Vaasan Sähkö Myynti Oy,24,2026-05-15,observed_seller_data,8.97,1,6.717319685362518,2026-05-14,True
Vaasan Sähkö Myynti Oy,24,2026-05-16,observed_seller_data,8.97,1,6.7470001778385775,2026-05-15,True
Vaasan Sähkö Myynti Oy,24,2026-05-17,observed_seller_data,8.97,1,6.7470001778385775,2026-05-15,True
Vaasan Sähkö Myynti Oy,24,2026-05-18,observed_seller_data,8.97,1,6.7470001778385775,2026-05-15,True
Vaasan Sähkö Myynti Oy,24,2026-05-19,observed_seller_data,8.97,1,6.650742879616962,2026-05-18,True
Vaasan Sähkö Myynti Oy,24,2026-05-20,observed_seller_data,8.97,1,6.6187309370725025,2026-05-19,True
Vaasan Sähkö Myynti Oy,24,2026-05-21,observed_seller_data,8.97,1,6.6317977017783845,2026-05-20,True
Vaasan Sähkö Myynti Oy,24,2026-05-22,observed_seller_data,8.97,1,6.702566997264021,2026-05-21,True
Vaasan Sähkö Myynti Oy,24,2026-05-23,observed_seller_data,8.97,1,6.6722512790697674,2026-05-22,True
Vaasan Sähkö Myynti Oy,24,2026-05-24,observed_seller_data,8.97,1,6.6722512790697674,2026-05-22,True
Vaasan Sähkö Myynti Oy,24,2026-05-25,observed_seller_data,8.97,1,6.6722512790697674,2026-05-22,True
Vaasan Sähkö Myynti Oy,24,2026-05-26,observed_seller_data,8.97,1,6.515872441860465,2026-05-25,True
Vaasan Sähkö Myynti Oy,24,2026-05-27,observed_seller_data,8.97,1,6.584854521203829,2026-05-26,True
Vaasan Sähkö Myynti Oy,24,2026-05-28,observed_seller_data,8.97,1,6.484572982216141,2026-05-27,True
Vaasan Sähkö Myynti Oy,24,2026-05-29,observed_seller_data,8.97,1,6.595828474692201,2026-05-28,True
Vaasan Sähkö Myynti Oy,24,2026-05-30,observed_seller_data,8.97,1,6.705398043775649,2026-05-29,True
Vaasan Sähkö Myynti Oy,24,2026-05-31,observed_seller_data,8.97,1,6.705398043775649,2026-05-29,True
Vaasan Sähkö Myynti Oy,24,2026-06-01,observed_seller_data,8.97,1,6.692830875512995,2026-05-29,True
Vaasan Sähkö Myynti Oy,24,2026-06-02,observed_seller_data,8.97,1,6.863023296853624,2026-06-01,True
Vaasan Sähkö Myynti Oy,24,2026-06-03,observed_seller_data,8.97,1,6.804407414500683,2026-06-02,True
Vaasan Sähkö Myynti Oy,24,2026-06-04,observed_seller_data,9.08,1,6.924890848153214,2026-06-03,True
Vaasan Sähkö Myynti Oy,24,2026-06-05,observed_seller_data,9.08,1,6.841681429548563,2026-06-04,True
Vaasan Sähkö Myynti Oy,24,2026-06-06,observed_seller_data,9.08,1,6.780177845417237,2026-06-05,True
Vaasan Sähkö Myynti Oy,24,2026-06-07,observed_seller_data,9.08,1,6.780177845417237,2026-06-05,True
Vaasan Sähkö Myynti Oy,24,2026-06-08,observed_seller_data,9.08,1,6.780177845417237,2026-06-05,True
Vaasan Sähkö Myynti Oy,24,2026-06-09,observed_seller_data,9.08,1,6.7652792270861815,2026-06-08,True
Vaasan Sähkö Myynti Oy,24,2026-06-10,observed_seller_data,9.08,1,6.654351648426812,2026-06-09,True
Vaasan Sähkö Myynti Oy,24,2026-06-11,observed_seller_data,9.08,1,6.690471956224349,2026-06-10,True
Vaasan Sähkö Myynti Oy,24,2026-06-12,observed_seller_data,9.08,1,6.73640049247606,2026-06-11,True
Vaasan Sähkö Myynti Oy,24,2026-06-13,observed_seller_data,9.08,1,6.603004808481531,2026-06-12,True
Vaasan Sähkö Myynti Oy,24,2026-06-14,observed_seller_data,9.08,1,6.603004808481531,2026-06-12,True
Vaasan Sähkö Myynti Oy,24,2026-06-15,observed_seller_data,9.08,1,6.603004808481531,2026-06-12,True
Vaasan Sähkö Myynti Oy,24,2026-06-16,observed_seller_data,9.08,1,6.537957694938441,2026-06-15,True
Vaasan Sähkö Myynti Oy,24,2026-06-17,observed_seller_data,9.08,1,6.571571436388509,2026-06-16,True
Vaasan Sähkö Myynti Oy,24,2026-06-18,observed_seller_data,8.89,1,6.488619541723665,2026-06-17,True
Vaasan Sähkö Myynti Oy,24,2026-06-19,observed_seller_data,8.89,1,6.392096135430917,2026-06-18,True
Vaasan Sähkö Myynti Oy,24,2026-06-20,observed_seller_data,8.89,1,6.448359965800273,2026-06-19,True
Vaasan Sähkö Myynti Oy,24,2026-06-21,observed_seller_data,8.89,1,6.448359965800273,2026-06-19,True
Vaasan Sähkö Myynti Oy,24,2026-06-22,observed_seller_data,8.89,1,6.448359965800273,2026-06-19,True
Vaasan Sähkö Myynti Oy,24,2026-06-23,observed_seller_data,8.89,1,6.2601099658002735,2026-06-22,True
Vaasan Sähkö Myynti Oy,24,2026-06-24,observed_seller_data,8.89,1,6.329272311901504,2026-06-23,True
Vaasan Sähkö Myynti Oy,24,2026-06-25,observed_seller_data,8.44,1,6.319347339261285,2026-06-24,True
Vaasan Sähkö Myynti Oy,24,2026-06-26,observed_seller_data,8.44,1,6.360398372093023,2026-06-25,True
Vaasan Sähkö Myynti Oy,24,2026-06-27,observed_seller_data,8.44,1,6.398996060191518,2026-06-26,True
Vaasan Sähkö Myynti Oy,24,2026-06-28,observed_seller_data,8.44,1,6.398996060191518,2026-06-26,True
Vaasan Sähkö Myynti Oy,24,2026-06-29,observed_seller_data,8.44,1,6.398996060191518,2026-06-26,True
Vaasan Sähkö Myynti Oy,24,2026-06-30,observed_seller_data,8.44,1,6.356499459644321,2026-06-29,True
Vaasan Sähkö Myynti Oy,24,2026-07-01,observed_seller_data,8.44,1,6.578045588235293,2026-06-30,True
Vaasan Sähkö Myynti Oy,24,2026-07-02,observed_seller_data,8.8,1,6.6284910943912445,2026-07-01,True
Vaasan Sähkö Myynti Oy,24,2026-07-03,observed_seller_data,8.8,1,6.720432291381669,2026-07-02,True
Vaasan Sähkö Myynti Oy,24,2026-07-04,observed_seller_data,8.8,1,6.790317421340628,2026-07-03,True
Vaasan Sähkö Myynti Oy,24,2026-07-05,observed_seller_data,8.8,1,6.790317421340628,2026-07-03,True
Vaasan Sähkö Myynti Oy,24,2026-07-06,observed_seller_data,8.8,1,6.790317421340628,2026-07-03,True
Vaasan Sähkö Myynti Oy,24,2026-07-07,observed_seller_data,8.8,1,6.748586525307798,2026-07-06,True
Vaasan Sähkö Myynti Oy,24,2026-07-08,observed_seller_data,8.8,1,6.768290540355675,2026-07-07,True
Vaasan Sähkö Myynti Oy,24,2026-07-09,observed_seller_data,9.14,1,6.846610437756497,2026-07-08,True
Vaasan Sähkö Myynti Oy,24,2026-07-10,observed_seller_data,9.14,1,6.866929076607387,2026-07-09,True
Vaasan Sähkö Myynti Oy,24,2026-07-11,observed_seller_data,9.14,1,6.839267571819425,2026-07-10,True
Vaasan Sähkö Myynti Oy,24,2026-07-12,observed_seller_data,9.14,1,6.839267571819425,2026-07-10,True
Vaasan Sähkö Myynti Oy,24,2026-07-13,observed_seller_data,9.14,1,6.839267571819425,2026-07-10,True
Vaasan Sähkö Myynti Oy,24,2026-07-14,observed_seller_data,9.14,1,6.9581303214774275,2026-07-13,True
Vaasan Sähkö Myynti Oy,24,2026-07-15,observed_seller_data,9.14,1,7.056428926128589,2026-07-14,True
Vaasan Sähkö Myynti Oy,24,2026-07-16,observed_seller_data,9.46,1,7.151063823529411,2026-07-15,True
Vaasan Sähkö Myynti Oy,24,2026-07-17,observed_seller_data,9.46,1,7.151930820793433,2026-07-16,True
Vaasan Sähkö Myynti Oy,24,2026-07-18,observed_seller_data,9.46,1,7.250301532147743,2026-07-17,True
Vaasan Sähkö Myynti Oy,24,2026-07-19,observed_seller_data,9.46,1,7.250301532147743,2026-07-17,True
Vaasan Sähkö Myynti Oy,24,2026-07-20,observed_seller_data,9.46,1,7.250301532147743,2026-07-17,True
Vaasan Sähkö Myynti Oy,24,2026-07-21,observed_seller_data,9.46,1,7.25315146374829,2026-07-20,True
Vaasan Sähkö Myynti Oy,24,2026-07-22,observed_seller_data,9.46,1,7.284062920656635,2026-07-21,True
Vaasan Sähkö Myynti Oy,24,2026-07-23,observed_seller_data,9.46,1,7.422411648426812,2026-07-22,True
Vaasan Sähkö Myynti Oy,24,2026-07-24,observed_seller_data,9.46,1,7.446412879616962,2026-07-23,True
Vaasan Sähkö Myynti Oy,24,2026-07-25,observed_seller_data,9.46,1,7.456499233926127,2026-07-24,True
Vaasan Sähkö Myynti Oy,24,2026-07-26,observed_seller_data,9.46,1,7.456499233926127,2026-07-24,True
Vaasan Sähkö Myynti Oy,24,2026-07-27,canonical_calculation,9.46,1,7.456499233926127,2026-07-24,True
Vaasan Sähkö Myynti Oy,24,2026-07-28,canonical_calculation,9.46,1,7.337356641586867,2026-07-27,True
Vaasan Sähkö Myynti Oy,24,2026-07-29,canonical_calculation,9.46,1,7.273444350205198,2026-07-28,True
Vaasan Sähkö Myynti Oy,24,2026-07-30,canonical_calculation,9.46,1,7.420560909712721,2026-07-29,True
Vaasan Sähkö Myynti Oy,24,2026-07-31,canonical_calculation,9.46,1,7.412508994528044,2026-07-30,True
Vaasan Sähkö Myynti Oy,24,2026-08-01,canonical_calculation,9.46,1,7.608965424076606,2026-07-31,True
Vaasan Sähkö Myynti Oy,24,2026-08-02,canonical_calculation,9.46,1,7.608965424076606,2026-07-31,True
Vaasan Sähkö Myynti Oy,24,2026-08-04,canonical_calculation,9.99,1,7.529972530779754,2026-08-03,True
Vaasan Sähkö Myynti Oy,24,2026-08-05,canonical_calculation,9.99,1,7.585975403556771,2026-08-04,True
Vaasan Sähkö Myynti Oy,24,2026-08-06,canonical_calculation,9.99,1,7.4775578248974,2026-08-05,True
Vaasan Sähkö Myynti Oy,24,2026-08-07,canonical_calculation,9.99,1,7.496314151846784,2026-08-06,True
Vaasan Sähkö Myynti Oy,24,2026-08-08,canonical_calculation,9.99,1,7.491129336525306,2026-08-07,True
Vaasan Sähkö Myynti Oy,24,2026-08-09,canonical_calculation,9.99,1,7.491129336525306,2026-08-07,True
Vaasan Sähkö Myynti Oy,24,2026-08-10,canonical_calculation,9.99,1,7.491129336525306,2026-08-07,True
Vaasan Sähkö Myynti Oy,24,2026-08-11,canonical_calculation,9.99,1,7.565430143638851,2026-08-10,True
Vaasan Sähkö Myynti Oy,24,2026-08-12,canonical_calculation,9.99,1,7.543820451436388,2026-08-11,True
Vaasan Sähkö Myynti Oy,24,2026-08-13,canonical_calculation,9.99,1,7.565919439124487,2026-08-12,True
Vaasan Sähkö Myynti Oy,24,2026-08-14,canonical_calculation,9.99,1,7.4593920861833105,2026-08-13,True
Vaasan Sähkö Myynti Oy,24,2026-08-15,canonical_calculation,9.99,1,7.408258132694938,2026-08-14,True
Vaasan Sähkö Myynti Oy,24,2026-08-16,canonical_calculation,9.99,1,7.408258132694938,2026-08-14,True
Vaasan Sähkö Myynti Oy,24,2026-08-17,canonical_calculation,9.99,1,7.408258132694938,2026-08-14,True
Vaasan Sähkö Myynti Oy,24,2026-08-18,canonical_calculation,9.99,1,7.543262482900136,2026-08-17,True
Vaasan Sähkö Myynti Oy,24,2026-08-19,canonical_calculation,9.99,1,7.569327339261285,2026-08-18,True
Vaasan Sähkö Myynti Oy,24,2026-08-20,canonical_calculation,9.99,1,7.525651279069766,2026-08-19,True
Vaasan Sähkö Myynti Oy,24,2026-08-21,canonical_calculation,9.99,1,7.518734186046511,2026-08-20,True
Vaasan Sähkö Myynti Oy,24,2026-08-22,canonical_calculation,9.99,1,7.600690321477427,2026-08-21,True
Vaasan Sähkö Myynti Oy,24,2026-08-23,canonical_calculation,9.99,1,7.600690321477427,2026-08-21,True
Vaasan Sähkö Myynti Oy,24,2026-08-24,canonical_calculation,9.99,1,7.600690321477427,2026-08-21,True
Vaasan Sähkö Myynti Oy,24,2026-08-25,canonical_calculation,9.99,1,7.572352387140903,2026-08-24,True
Vaasan Sähkö Myynti Oy,24,2026-08-26,canonical_calculation,9.99,1,7.385951409028726,2026-08-25,True
Vaasan Sähkö Myynti Oy,24,2026-08-27,canonical_calculation,9.99,1,7.248811326949384,2026-08-26,True
Vaasan Sähkö Myynti Oy,24,2026-08-28,canonical_calculation,9.99,1,7.380433529411764,2026-08-27,True
Vaasan Sähkö Myynti Oy,24,2026-08-29,canonical_calculation,9.99,1,7.362903016415868,2026-08-28,True
Vaasan Sähkö Myynti Oy,24,2026-08-30,canonical_calculation,9.99,1,7.362903016415868,2026-08-28,True
Vaasan Sähkö Myynti Oy,24,2026-08-31,canonical_calculation,9.99,1,7.362903016415868,2026-08-28,True
Vaasan Sähkö Myynti Oy,24,2026-09-01,canonical_calculation,9.99,1,7.3933217441860455,2026-08-31,True
Vaasan Sähkö Myynti Oy,24,2026-09-02,canonical_calculation,9.99,1,7.452802906976744,2026-09-01,True
Vaasan Sähkö Myynti Oy,24,2026-09-03,canonical_calculation,9.99,1,7.658533632010943,2026-09-02,True
Vaasan Sähkö Myynti Oy,24,2026-09-04,canonical_calculation,9.99,1,7.687525677154583,2026-09-03,True
Vaasan Sähkö Myynti Oy,24,2026-09-05,canonical_calculation,9.99,1,7.69683602599179,2026-09-04,True
Vaasan Sähkö Myynti Oy,24,2026-09-06,canonical_calculation,9.99,1,7.69683602599179,2026-09-04,True
Vaasan Sähkö Myynti Oy,24,2026-09-07,canonical_calculation,9.99,1,7.69683602599179,2026-09-04,True
Vaasan Sähkö Myynti Oy,24,2026-09-08,canonical_calculation,10.29,1,7.916026668946647,2026-09-07,True
Vaasan Sähkö Myynti Oy,24,2026-09-09,canonical_calculation,10.29,1,8.065436908344731,2026-09-08,True
Vaasan Sähkö Myynti Oy,24,2026-09-10,canonical_calculation,10.29,1,8.37942211354309,2026-09-09,True
Vaasan Sähkö Myynti Oy,24,2026-09-11,canonical_calculation,10.29,1,8.510666614227084,2026-09-10,True
Vaasan Sähkö Myynti Oy,24,2026-09-12,canonical_calculation,10.29,1,8.336777865937071,2026-09-11,True
Vaasan Sähkö Myynti Oy,24,2026-09-13,canonical_calculation,10.29,1,8.336777865937071,2026-09-11,True
Vattenfall Oy,6,2026-04-08,observed_seller_data,7.54,1,,,False
Vattenfall Oy,6,2026-04-09,observed_seller_data,7.54,1,5.674571168478261,2026-04-08,True
Vattenfall Oy,6,2026-04-10,observed_seller_data,7.54,1,5.6259399184782595,2026-04-09,True
Vattenfall Oy,6,2026-04-11,observed_seller_data,7.54,1,5.571442907608695,2026-04-10,True
Vattenfall Oy,6,2026-04-12,observed_seller_data,7.54,1,5.571442907608695,2026-04-10,True
Vattenfall Oy,6,2026-04-13,observed_seller_data,7.54,1,5.571442907608695,2026-04-10,True
Vattenfall Oy,6,2026-04-14,observed_seller_data,7.54,1,5.563196739130434,2026-04-13,True
Vattenfall Oy,6,2026-04-15,observed_seller_data,7.54,1,5.412678586956522,2026-04-14,True
Vattenfall Oy,6,2026-04-16,observed_seller_data,7.54,1,5.3783638858695655,2026-04-15,True
Vattenfall Oy,6,2026-04-17,observed_seller_data,7.54,1,5.434354619565217,2026-04-16,True
Vattenfall Oy,6,2026-04-18,observed_seller_data,7.54,1,5.393219266304348,2026-04-17,True
Vattenfall Oy,6,2026-04-19,observed_seller_data,7.54,1,5.393219266304348,2026-04-17,True
Vattenfall Oy,6,2026-04-20,observed_seller_data,7.54,1,5.393219266304348,2026-04-17,True
Vattenfall Oy,6,2026-04-21,observed_seller_data,7.54,1,5.466534456521739,2026-04-20,True
Vattenfall Oy,6,2026-04-22,observed_seller_data,7.69,1,5.530171141304348,2026-04-21,True
Vattenfall Oy,6,2026-04-23,observed_seller_data,7.69,1,5.561593885869565,2026-04-22,True
Vattenfall Oy,6,2026-04-24,observed_seller_data,7.69,1,5.632699184782608,2026-04-23,True
Vattenfall Oy,6,2026-04-25,observed_seller_data,7.69,1,5.489342717391304,2026-04-24,True
Vattenfall Oy,6,2026-04-26,observed_seller_data,7.69,1,5.489342717391304,2026-04-24,True
Vattenfall Oy,6,2026-04-27,observed_seller_data,7.69,1,5.489342717391304,2026-04-24,True
Vattenfall Oy,6,2026-04-28,observed_seller_data,7.69,1,5.378875434782609,2026-04-27,True
Vattenfall Oy,6,2026-04-29,observed_seller_data,7.69,1,5.458874864130435,2026-04-28,True
Vattenfall Oy,6,2026-04-30,observed_seller_data,7.69,1,5.601869836956521,2026-04-29,True
Vattenfall Oy,6,2026-05-01,observed_seller_data,7.69,1,6.441215491803279,2026-04-30,True
Vattenfall Oy,6,2026-05-02,observed_seller_data,7.69,1,6.441215491803279,2026-04-30,True
Vattenfall Oy,6,2026-05-03,observed_seller_data,7.69,1,6.441215491803279,2026-04-30,True
Vattenfall Oy,6,2026-05-04,observed_seller_data,7.69,1,6.441215491803279,2026-04-30,True
Vattenfall Oy,6,2026-05-05,observed_seller_data,7.69,1,6.770018633879781,2026-05-04,True
Vattenfall Oy,6,2026-05-06,observed_seller_data,7.69,1,6.7423194808743165,2026-05-05,True
Vattenfall Oy,6,2026-05-07,observed_seller_data,7.69,1,6.660545601092896,2026-05-06,True
Vattenfall Oy,6,2026-05-08,observed_seller_data,7.69,1,6.847012540983606,2026-05-07,True
Vattenfall Oy,6,2026-05-09,observed_seller_data,7.69,1,7.107675355191256,2026-05-08,True
Vattenfall Oy,6,2026-05-10,observed_seller_data,7.69,1,7.107675355191256,2026-05-08,True
Vattenfall Oy,6,2026-05-11,observed_seller_data,8.79,1,7.107675355191256,2026-05-08,True
Vattenfall Oy,6,2026-05-12,observed_seller_data,8.79,1,7.366465956284151,2026-05-11,True
Vattenfall Oy,6,2026-05-13,observed_seller_data,8.79,1,7.396359644808744,2026-05-12,True
Vattenfall Oy,6,2026-05-14,observed_seller_data,8.79,1,7.428221557377048,2026-05-13,True
Vattenfall Oy,6,2026-05-15,observed_seller_data,8.79,1,7.398444453551912,2026-05-14,True
Vattenfall Oy,6,2026-05-16,observed_seller_data,8.79,1,7.479093633879781,2026-05-15,True
Vattenfall Oy,6,2026-05-17,observed_seller_data,8.79,1,7.479093633879781,2026-05-15,True
Vattenfall Oy,6,2026-05-18,observed_seller_data,8.79,1,7.479093633879781,2026-05-15,True
Vattenfall Oy,6,2026-05-19,observed_seller_data,8.79,1,7.228169071038252,2026-05-18,True
Vattenfall Oy,6,2026-05-20,observed_seller_data,8.79,1,7.127330163934426,2026-05-19,True
Vattenfall Oy,6,2026-05-21,observed_seller_data,8.79,1,7.172736475409835,2026-05-20,True
Vattenfall Oy,6,2026-05-22,observed_seller_data,8.79,1,7.28672887978142,2026-05-21,True
Vattenfall Oy,6,2026-05-23,observed_seller_data,8.79,1,7.243229071038251,2026-05-22,True
Vattenfall Oy,6,2026-05-24,observed_seller_data,8.79,1,7.243229071038251,2026-05-22,True
Vattenfall Oy,6,2026-05-25,observed_seller_data,8.79,1,7.243229071038251,2026-05-22,True
Vattenfall Oy,6,2026-05-26,observed_seller_data,8.79,1,6.942173087431693,2026-05-25,True
Vattenfall Oy,6,2026-05-27,observed_seller_data,8.79,1,7.076855846994536,2026-05-26,True
Vattenfall Oy,6,2026-05-28,observed_seller_data,8.79,1,6.931831338797814,2026-05-27,True
Vattenfall Oy,6,2026-05-29,observed_seller_data,8.79,1,7.196656912568304,2026-05-28,True
Vattenfall Oy,6,2026-05-30,observed_seller_data,8.79,1,7.456805382513661,2026-05-29,True
Vattenfall Oy,6,2026-05-31,observed_seller_data,8.79,1,7.456805382513661,2026-05-29,True
Vattenfall Oy,6,2026-06-01,observed_seller_data,8.79,1,8.027859864130434,2026-05-29,True
Vattenfall Oy,6,2026-06-10,observed_seller_data,10.39,1,7.776116413043478,2026-06-09,True
Vattenfall Oy,6,2026-06-11,observed_seller_data,10.39,1,7.787288641304348,2026-06-10,True
Vattenfall Oy,6,2026-06-12,observed_seller_data,10.39,1,7.798379021739129,2026-06-11,True
Vattenfall Oy,6,2026-06-13,observed_seller_data,10.39,1,7.557739592391304,2026-06-12,True
Vattenfall Oy,6,2026-06-14,observed_seller_data,10.39,1,7.557739592391304,2026-06-12,True
Vattenfall Oy,6,2026-06-15,observed_seller_data,10.39,1,7.557739592391304,2026-06-12,True
Vattenfall Oy,6,2026-06-16,observed_seller_data,10.39,1,7.4405744293478255,2026-06-15,True
Vattenfall Oy,6,2026-06-17,observed_seller_data,10.39,1,7.485686222826087,2026-06-16,True
Vattenfall Oy,6,2026-06-18,observed_seller_data,10.39,1,7.333497010869565,2026-06-17,True
Vattenfall Oy,6,2026-06-19,observed_seller_data,10.39,1,7.184213396739131,2026-06-18,True
Vattenfall Oy,6,2026-06-20,observed_seller_data,10.39,1,7.332889972826087,2026-06-19,True
Vattenfall Oy,6,2026-06-21,observed_seller_data,10.39,1,7.332889972826087,2026-06-19,True
Vattenfall Oy,6,2026-06-22,observed_seller_data,10.39,1,7.332889972826087,2026-06-19,True
Vattenfall Oy,6,2026-06-23,observed_seller_data,10.39,1,6.920779347826087,2026-06-22,True
Vattenfall Oy,6,2026-06-24,observed_seller_data,10.39,1,6.979552907608695,2026-06-23,True
Vattenfall Oy,6,2026-06-25,observed_seller_data,10.39,1,6.916189048913043,2026-06-24,True
Vattenfall Oy,6,2026-06-26,observed_seller_data,10.39,1,6.9198994836956516,2026-06-25,True
Vattenfall Oy,6,2026-06-27,observed_seller_data,10.39,1,7.021247554347825,2026-06-26,True
Vattenfall Oy,6,2026-06-28,observed_seller_data,10.39,1,7.021247554347825,2026-06-26,True
Vattenfall Oy,6,2026-06-29,observed_seller_data,10.39,1,7.021247554347825,2026-06-26,True
Vattenfall Oy,6,2026-06-30,observed_seller_data,10.39,1,7.20875410326087,2026-06-29,True
Vattenfall Oy,6,2026-07-01,observed_seller_data,9.65,1,8.389504483695651,2026-06-30,True
Vattenfall Oy,6,2026-07-02,observed_seller_data,9.65,1,8.399762744565216,2026-07-01,True
Vattenfall Oy,6,2026-07-03,observed_seller_data,9.65,1,8.60288858695652,2026-07-02,True
Vattenfall Oy,6,2026-07-04,observed_seller_data,9.65,1,8.829231929347825,2026-07-03,True
Vattenfall Oy,6,2026-07-05,observed_seller_data,9.65,1,8.829231929347825,2026-07-03,True
Vattenfall Oy,6,2026-07-06,observed_seller_data,9.65,1,8.829231929347825,2026-07-03,True
Vattenfall Oy,6,2026-07-07,observed_seller_data,9.65,1,8.83481804347826,2026-07-06,True
Vattenfall Oy,6,2026-07-08,observed_seller_data,9.65,1,8.888237391304347,2026-07-07,True
Vattenfall Oy,6,2026-07-09,observed_seller_data,11.45,1,9.081084510869564,2026-07-08,True
Vattenfall Oy,6,2026-07-10,observed_seller_data,11.45,1,9.261954565217389,2026-07-09,True
Vattenfall Oy,6,2026-07-11,observed_seller_data,11.45,1,9.247372010869563,2026-07-10,True
Vattenfall Oy,6,2026-07-12,observed_seller_data,11.45,1,9.247372010869563,2026-07-10,True
Vattenfall Oy,6,2026-07-13,observed_seller_data,11.45,1,9.247372010869563,2026-07-10,True
Vattenfall Oy,6,2026-07-14,observed_seller_data,11.45,1,9.484048641304346,2026-07-13,True
Vattenfall Oy,6,2026-07-15,observed_seller_data,11.45,1,9.635098804347825,2026-07-14,True
Vattenfall Oy,6,2026-07-16,observed_seller_data,11.45,1,9.893621983695652,2026-07-15,True
Vattenfall Oy,6,2026-07-17,observed_seller_data,11.45,1,9.821984673913043,2026-07-16,True
Vattenfall Oy,6,2026-07-18,observed_seller_data,11.45,1,10.060427853260867,2026-07-17,True
Vattenfall Oy,6,2026-07-19,observed_seller_data,11.45,1,10.060427853260867,2026-07-17,True
Vattenfall Oy,6,2026-07-20,observed_seller_data,11.45,1,10.060427853260867,2026-07-17,True
Vattenfall Oy,6,2026-07-21,observed_seller_data,11.45,1,10.116848288043478,2026-07-20,True
Vattenfall Oy,6,2026-07-22,observed_seller_data,11.45,1,10.145904266304347,2026-07-21,True
Vattenfall Oy,6,2026-07-23,observed_seller_data,11.45,1,10.487925869565217,2026-07-22,True
Vattenfall Oy,6,2026-07-24,observed_seller_data,11.45,1,10.476433070652174,2026-07-23,True
Vattenfall Oy,6,2026-08-21,canonical_calculation,13.78,1,11.415459198895025,2026-08-20,True
Vattenfall Oy,6,2026-08-22,canonical_calculation,13.78,1,11.601920303867402,2026-08-21,True
Vattenfall Oy,6,2026-08-23,canonical_calculation,13.78,1,11.601920303867402,2026-08-21,True
Vattenfall Oy,6,2026-08-24,canonical_calculation,13.78,1,11.601920303867402,2026-08-21,True
Vattenfall Oy,6,2026-08-25,canonical_calculation,13.78,1,11.451798729281766,2026-08-24,True
Vattenfall Oy,6,2026-08-26,canonical_calculation,13.78,1,11.270392292817679,2026-08-25,True
Vattenfall Oy,6,2026-08-27,canonical_calculation,13.78,1,10.910380635359115,2026-08-26,True
Vattenfall Oy,6,2026-08-28,canonical_calculation,13.78,1,11.102617513812154,2026-08-27,True
Vattenfall Oy,6,2026-08-29,canonical_calculation,13.78,1,11.025050193370166,2026-08-28,True
Vattenfall Oy,6,2026-08-30,canonical_calculation,13.78,1,11.025050193370166,2026-08-28,True
Vattenfall Oy,6,2026-08-31,canonical_calculation,13.78,1,11.025050193370166,2026-08-28,True
Vattenfall Oy,12,2026-04-08,observed_seller_data,9.83,2,,,False
Vattenfall Oy,12,2026-04-09,observed_seller_data,9.79,3,7.008009397260273,2026-04-08,True
Vattenfall Oy,12,2026-04-10,observed_seller_data,9.79,3,7.001851301369863,2026-04-09,True
Vattenfall Oy,12,2026-04-11,observed_seller_data,9.79,3,6.91596116438356,2026-04-10,True
Vattenfall Oy,12,2026-04-12,observed_seller_data,9.79,3,6.91596116438356,2026-04-10,True
Vattenfall Oy,12,2026-04-13,observed_seller_data,9.79,3,6.91596116438356,2026-04-10,True
Vattenfall Oy,12,2026-04-14,observed_seller_data,9.79,3,6.929934643835616,2026-04-13,True
Vattenfall Oy,12,2026-04-15,observed_seller_data,9.79,3,6.809994465753424,2026-04-14,True
Vattenfall Oy,12,2026-04-16,observed_seller_data,9.79,3,6.761455191780822,2026-04-15,True
Vattenfall Oy,12,2026-04-17,observed_seller_data,9.79,3,6.797176273972602,2026-04-16,True
Vattenfall Oy,12,2026-04-18,observed_seller_data,9.79,3,6.730929465753426,2026-04-17,True
Vattenfall Oy,12,2026-04-19,observed_seller_data,9.79,3,6.730929465753426,2026-04-17,True
Vattenfall Oy,12,2026-04-20,observed_seller_data,9.79,3,6.730929465753426,2026-04-17,True
Vattenfall Oy,12,2026-04-21,observed_seller_data,9.79,3,6.749090863013699,2026-04-20,True
Vattenfall Oy,12,2026-04-22,observed_seller_data,9.79,3,6.839808452054794,2026-04-21,True
Vattenfall Oy,12,2026-04-23,observed_seller_data,9.79,3,6.872737589041094,2026-04-22,True
Vattenfall Oy,12,2026-04-24,observed_seller_data,9.79,3,6.963417356164384,2026-04-23,True
Vattenfall Oy,12,2026-04-25,observed_seller_data,9.79,3,6.8711112465753414,2026-04-24,True
Vattenfall Oy,12,2026-04-26,observed_seller_data,9.79,3,6.8711112465753414,2026-04-24,True
Vattenfall Oy,12,2026-04-27,observed_seller_data,9.79,3,6.8711112465753414,2026-04-24,True
Vattenfall Oy,12,2026-04-28,observed_seller_data,9.79,3,6.778488808219178,2026-04-27,True
Vattenfall Oy,12,2026-04-29,observed_seller_data,9.79,3,6.82226595890411,2026-04-28,True
Vattenfall Oy,12,2026-04-30,observed_seller_data,9.22,3,6.91197610958904,2026-04-29,True
Vattenfall Oy,12,2026-05-01,observed_seller_data,9.22,3,6.984508232876711,2026-04-30,True
Vattenfall Oy,12,2026-05-02,observed_seller_data,9.22,3,6.984508232876711,2026-04-30,True
Vattenfall Oy,12,2026-05-03,observed_seller_data,9.22,3,6.984508232876711,2026-04-30,True
Vattenfall Oy,12,2026-05-04,observed_seller_data,9.22,3,6.984508232876711,2026-04-30,True
Vattenfall Oy,12,2026-05-05,observed_seller_data,9.22,3,7.199113232876712,2026-05-04,True
Vattenfall Oy,12,2026-05-06,observed_seller_data,9.22,3,7.225643589041095,2026-05-05,True
Vattenfall Oy,12,2026-05-07,observed_seller_data,9.22,3,7.098238739726027,2026-05-06,True
Vattenfall Oy,12,2026-05-08,observed_seller_data,9.22,3,7.211415671232878,2026-05-07,True
Vattenfall Oy,12,2026-05-09,observed_seller_data,9.22,3,7.42950716438356,2026-05-08,True
Vattenfall Oy,12,2026-05-10,observed_seller_data,9.22,3,7.42950716438356,2026-05-08,True
Vattenfall Oy,12,2026-05-11,observed_seller_data,9.22,3,7.42950716438356,2026-05-08,True
Vattenfall Oy,12,2026-05-12,observed_seller_data,9.22,3,7.627480835616438,2026-05-11,True
Vattenfall Oy,12,2026-05-13,observed_seller_data,9.22,3,7.662703356164383,2026-05-12,True
Vattenfall Oy,12,2026-05-14,observed_seller_data,9.22,3,7.6846194383561635,2026-05-13,True
Vattenfall Oy,12,2026-05-15,observed_seller_data,9.22,3,7.672966849315067,2026-05-14,True
Vattenfall Oy,12,2026-05-16,observed_seller_data,9.22,3,7.7297306712328755,2026-05-15,True
Vattenfall Oy,12,2026-05-17,observed_seller_data,9.22,3,7.7297306712328755,2026-05-15,True
Vattenfall Oy,12,2026-05-18,observed_seller_data,9.22,3,7.7297306712328755,2026-05-15,True
Vattenfall Oy,12,2026-05-19,observed_seller_data,9.22,3,7.584962123287671,2026-05-18,True
Vattenfall Oy,12,2026-05-20,observed_seller_data,9.22,3,7.514379547945205,2026-05-19,True
Vattenfall Oy,12,2026-05-21,observed_seller_data,9.22,3,7.557534356164381,2026-05-20,True
Vattenfall Oy,12,2026-05-22,observed_seller_data,9.22,3,7.675029863013698,2026-05-21,True
Vattenfall Oy,12,2026-05-23,observed_seller_data,9.22,3,7.630430945205479,2026-05-22,True
Vattenfall Oy,12,2026-05-24,observed_seller_data,9.22,3,7.630430945205479,2026-05-22,True
Vattenfall Oy,12,2026-05-25,observed_seller_data,10.09,3,7.630430945205479,2026-05-22,True
Vattenfall Oy,12,2026-05-26,observed_seller_data,10.09,3,7.405325205479452,2026-05-25,True
Vattenfall Oy,12,2026-05-27,observed_seller_data,10.09,3,7.498484027397259,2026-05-26,True
Vattenfall Oy,12,2026-05-28,observed_seller_data,10.09,3,7.3629646575342464,2026-05-27,True
Vattenfall Oy,12,2026-05-29,observed_seller_data,10.09,3,7.544537369863012,2026-05-28,True
Vattenfall Oy,12,2026-05-30,observed_seller_data,10.09,3,7.758901684931507,2026-05-29,True
Vattenfall Oy,12,2026-05-31,observed_seller_data,10.09,3,7.758901684931507,2026-05-29,True
Vattenfall Oy,12,2026-06-01,observed_seller_data,10.09,3,7.61820415068493,2026-05-29,True
Vattenfall Oy,12,2026-06-02,observed_seller_data,10.09,3,7.859800246575342,2026-06-01,True
Vattenfall Oy,12,2026-06-03,observed_seller_data,10.09,3,7.760411123287669,2026-06-02,True
Vattenfall Oy,12,2026-06-04,observed_seller_data,10.09,3,7.938253219178082,2026-06-03,True
Vattenfall Oy,12,2026-06-05,observed_seller_data,10.09,3,7.809387068493151,2026-06-04,True
Vattenfall Oy,12,2026-06-06,observed_seller_data,10.09,3,7.719044260273972,2026-06-05,True
Vattenfall Oy,12,2026-06-07,observed_seller_data,10.09,3,7.719044260273972,2026-06-05,True
Vattenfall Oy,12,2026-06-08,observed_seller_data,10.09,3,7.719044260273972,2026-06-05,True
Vattenfall Oy,12,2026-06-09,observed_seller_data,10.09,3,7.710300520547945,2026-06-08,True
Vattenfall Oy,12,2026-06-10,observed_seller_data,10.23,3,7.529601150684932,2026-06-09,True
Vattenfall Oy,12,2026-06-11,observed_seller_data,10.23,3,7.565910191780821,2026-06-10,True
Vattenfall Oy,12,2026-06-12,observed_seller_data,10.23,3,7.608071315068491,2026-06-11,True
Vattenfall Oy,12,2026-06-13,observed_seller_data,10.23,3,7.4029114794520545,2026-06-12,True
Vattenfall Oy,12,2026-06-14,observed_seller_data,10.23,3,7.4029114794520545,2026-06-12,True
Vattenfall Oy,12,2026-06-15,observed_seller_data,10.23,3,7.4029114794520545,2026-06-12,True
Vattenfall Oy,12,2026-06-16,observed_seller_data,10.23,3,7.26479615068493,2026-06-15,True
Vattenfall Oy,12,2026-06-17,observed_seller_data,10.23,3,7.301139575342464,2026-06-16,True
Vattenfall Oy,12,2026-06-18,observed_seller_data,10.23,3,7.162126835616437,2026-06-17,True
Vattenfall Oy,12,2026-06-19,observed_seller_data,10.23,3,7.0250842739726025,2026-06-18,True
Vattenfall Oy,12,2026-06-20,observed_seller_data,10.23,3,7.132684191780821,2026-06-19,True
Vattenfall Oy,12,2026-06-21,observed_seller_data,10.23,3,7.132684191780821,2026-06-19,True
Vattenfall Oy,12,2026-06-22,observed_seller_data,10.23,3,7.132684191780821,2026-06-19,True
Vattenfall Oy,12,2026-06-23,observed_seller_data,10.23,3,6.836349465753425,2026-06-22,True
Vattenfall Oy,12,2026-06-24,observed_seller_data,10.23,3,6.874353616438356,2026-06-23,True
Vattenfall Oy,12,2026-06-25,observed_seller_data,10.23,3,6.835799328767123,2026-06-24,True
Vattenfall Oy,12,2026-06-26,observed_seller_data,10.23,3,6.8778641780821905,2026-06-25,True
Vattenfall Oy,12,2026-06-27,observed_seller_data,10.23,3,6.942928191780821,2026-06-26,True
Vattenfall Oy,12,2026-06-28,observed_seller_data,10.23,3,6.942928191780821,2026-06-26,True
Vattenfall Oy,12,2026-06-29,observed_seller_data,10.23,3,6.942928191780821,2026-06-26,True
Vattenfall Oy,12,2026-06-30,observed_seller_data,10.23,3,7.11498009589041,2026-06-29,True
Vattenfall Oy,12,2026-07-01,observed_seller_data,9.61,3,7.291367767123288,2026-06-30,True
Vattenfall Oy,12,2026-07-02,observed_seller_data,9.61,3,7.297343630136985,2026-07-01,True
Vattenfall Oy,12,2026-07-03,observed_seller_data,9.61,3,7.396309835616438,2026-07-02,True
Vattenfall Oy,12,2026-07-04,observed_seller_data,9.61,3,7.537921972602739,2026-07-03,True
Vattenfall Oy,12,2026-07-05,observed_seller_data,9.61,3,7.537921972602739,2026-07-03,True
Vattenfall Oy,12,2026-07-06,observed_seller_data,9.61,3,7.537921972602739,2026-07-03,True
Vattenfall Oy,12,2026-07-07,observed_seller_data,9.61,3,7.517649424657533,2026-07-06,True
Vattenfall Oy,12,2026-07-08,observed_seller_data,9.61,3,7.55255905479452,2026-07-07,True
Vattenfall Oy,12,2026-07-09,observed_seller_data,10.09,3,7.663016246575341,2026-07-08,True
Vattenfall Oy,12,2026-07-10,observed_seller_data,10.09,3,7.752925821917807,2026-07-09,True
Vattenfall Oy,12,2026-07-11,observed_seller_data,10.09,3,7.733756986301369,2026-07-10,True
Vattenfall Oy,12,2026-07-12,observed_seller_data,10.09,3,7.733756986301369,2026-07-10,True
Vattenfall Oy,12,2026-07-13,observed_seller_data,10.09,3,7.733756986301369,2026-07-10,True
Vattenfall Oy,12,2026-07-14,observed_seller_data,10.09,3,7.916333698630135,2026-07-13,True
Vattenfall Oy,12,2026-07-15,observed_seller_data,10.09,3,8.05474128767123,2026-07-14,True
Vattenfall Oy,12,2026-07-16,observed_seller_data,10.09,3,8.242688712328768,2026-07-15,True
Vattenfall Oy,12,2026-07-17,observed_seller_data,10.09,3,8.230231547945204,2026-07-16,True
Vattenfall Oy,12,2026-07-18,observed_seller_data,10.09,3,8.411536068493149,2026-07-17,True
Vattenfall Oy,12,2026-07-19,observed_seller_data,10.09,3,8.411536068493149,2026-07-17,True
Vattenfall Oy,12,2026-07-20,observed_seller_data,10.09,3,8.411536068493149,2026-07-17,True
Vattenfall Oy,12,2026-07-21,observed_seller_data,10.09,3,8.444090424657533,2026-07-20,True
Vattenfall Oy,12,2026-07-22,observed_seller_data,10.79,3,8.482008616438355,2026-07-21,True
Vattenfall Oy,12,2026-07-23,observed_seller_data,10.79,3,8.747336246575342,2026-07-22,True
Vattenfall Oy,12,2026-07-24,observed_seller_data,10.79,3,8.776696369863014,2026-07-23,True
Vattenfall Oy,12,2026-07-25,observed_seller_data,10.79,3,8.763114863013698,2026-07-24,True
Vattenfall Oy,12,2026-07-26,observed_seller_data,10.79,3,8.763114863013698,2026-07-24,True
Vattenfall Oy,12,2026-07-27,canonical_calculation,10.79,3,8.763114863013698,2026-07-24,True
Vattenfall Oy,12,2026-07-28,canonical_calculation,10.79,3,8.568218520547944,2026-07-27,True
Vattenfall Oy,12,2026-07-29,canonical_calculation,10.79,3,8.490944904109588,2026-07-28,True
Vattenfall Oy,12,2026-07-30,canonical_calculation,10.79,3,8.781259068493151,2026-07-29,True
Vattenfall Oy,12,2026-08-01,canonical_calculation,11.35,3,8.888607986301372,2026-07-31,True
Vattenfall Oy,12,2026-08-02,canonical_calculation,11.35,3,8.888607986301372,2026-07-31,True
Vattenfall Oy,12,2026-08-03,canonical_calculation,11.35,3,8.888607986301372,2026-07-31,True
Vattenfall Oy,12,2026-08-04,canonical_calculation,11.35,3,8.728779438356165,2026-08-03,True
Vattenfall Oy,12,2026-08-05,canonical_calculation,11.35,3,8.838225753424656,2026-08-04,True
Vattenfall Oy,12,2026-08-06,canonical_calculation,11.35,3,8.654765383561644,2026-08-05,True
Vattenfall Oy,12,2026-08-07,canonical_calculation,11.35,3,8.644147739726026,2026-08-06,True
Vattenfall Oy,12,2026-08-08,canonical_calculation,11.35,3,8.630679698630136,2026-08-07,True
Vattenfall Oy,12,2026-08-09,canonical_calculation,11.35,3,8.630679698630136,2026-08-07,True
Vattenfall Oy,12,2026-08-10,canonical_calculation,11.35,3,8.630679698630136,2026-08-07,True
Vattenfall Oy,12,2026-08-11,canonical_calculation,11.35,3,8.748859438356163,2026-08-10,True
Vattenfall Oy,12,2026-08-12,canonical_calculation,11.35,3,8.705082287671232,2026-08-11,True
Vattenfall Oy,12,2026-08-13,canonical_calculation,11.35,3,8.724316452054794,2026-08-12,True
Vattenfall Oy,12,2026-08-14,canonical_calculation,11.35,3,8.579424123287671,2026-08-13,True
Vattenfall Oy,12,2026-08-15,canonical_calculation,11.35,3,8.519703315068492,2026-08-14,True
Vattenfall Oy,12,2026-08-16,canonical_calculation,11.35,3,8.519703315068492,2026-08-14,True
Vattenfall Oy,12,2026-08-17,canonical_calculation,11.35,3,8.519703315068492,2026-08-14,True
Vattenfall Oy,12,2026-08-18,canonical_calculation,11.35,3,8.72096405479452,2026-08-17,True
Vattenfall Oy,12,2026-08-19,canonical_calculation,11.35,3,8.774798397260271,2026-08-18,True
Vattenfall Oy,12,2026-08-20,canonical_calculation,11.35,3,8.702345356164384,2026-08-19,True
Vattenfall Oy,12,2026-08-21,canonical_calculation,11.15,3,8.65210409589041,2026-08-20,True
Vattenfall Oy,12,2026-08-22,canonical_calculation,11.15,3,8.782668794520548,2026-08-21,True
Vattenfall Oy,12,2026-08-23,canonical_calculation,11.15,3,8.782668794520548,2026-08-21,True
Vattenfall Oy,12,2026-08-24,canonical_calculation,11.15,3,8.782668794520548,2026-08-21,True
Vattenfall Oy,12,2026-08-25,canonical_calculation,11.15,3,8.70024108219178,2026-08-24,True
Vattenfall Oy,12,2026-08-26,canonical_calculation,11.15,3,8.494331684931506,2026-08-25,True
Vattenfall Oy,12,2026-08-27,canonical_calculation,11.15,3,8.25278716438356,2026-08-26,True
Vattenfall Oy,12,2026-08-28,canonical_calculation,11.15,3,8.430127260273972,2026-08-27,True
Vattenfall Oy,12,2026-08-29,canonical_calculation,11.15,3,8.376550794520547,2026-08-28,True
Vattenfall Oy,12,2026-08-30,canonical_calculation,11.15,3,8.376550794520547,2026-08-28,True
Vattenfall Oy,12,2026-08-31,canonical_calculation,11.15,3,8.376550794520547,2026-08-28,True
Vattenfall Oy,12,2026-09-01,canonical_calculation,10.79,3,8.194654876712328,2026-08-31,True
Vattenfall Oy,12,2026-09-02,canonical_calculation,10.79,3,8.232160465753424,2026-09-01,True
Vattenfall Oy,12,2026-09-03,canonical_calculation,10.79,3,8.529712369863013,2026-09-02,True
Vattenfall Oy,12,2026-09-11,canonical_calculation,11.89,3,9.592642356164383,2026-09-10,True
Vattenfall Oy,12,2026-09-12,canonical_calculation,11.89,3,9.381571986301369,2026-09-11,True
Vattenfall Oy,12,2026-09-13,canonical_calculation,11.89,3,9.381571986301369,2026-09-11,True
Vattenfall Oy,24,2026-04-08,observed_seller_data,9.83,3,,,False
Vattenfall Oy,24,2026-04-09,observed_seller_data,9.83,3,6.314420047879617,2026-04-08,True
Vattenfall Oy,24,2026-04-10,observed_seller_data,9.83,3,6.2962903625171,2026-04-09,True
Vattenfall Oy,24,2026-04-11,observed_seller_data,9.83,3,6.228571867305061,2026-04-10,True
Vattenfall Oy,24,2026-04-12,observed_seller_data,9.83,3,6.228571867305061,2026-04-10,True
Vattenfall Oy,24,2026-04-13,observed_seller_data,9.83,3,6.228571867305061,2026-04-10,True
Vattenfall Oy,24,2026-04-14,observed_seller_data,9.83,3,6.23801269493844,2026-04-13,True
Vattenfall Oy,24,2026-04-15,observed_seller_data,8.75,3,6.177379541723666,2026-04-14,True
Vattenfall Oy,24,2026-04-16,observed_seller_data,8.75,3,6.144708337893295,2026-04-15,True
Vattenfall Oy,24,2026-04-17,observed_seller_data,8.75,3,6.150796203830369,2026-04-16,True
Vattenfall Oy,24,2026-04-18,observed_seller_data,8.75,3,6.103619534883721,2026-04-17,True
Vattenfall Oy,24,2026-04-19,observed_seller_data,8.75,3,6.103619534883721,2026-04-17,True
Vattenfall Oy,24,2026-04-20,observed_seller_data,8.75,3,6.103619534883721,2026-04-17,True
Vattenfall Oy,24,2026-04-21,observed_seller_data,8.75,3,6.087503686730505,2026-04-20,True
Vattenfall Oy,24,2026-04-22,observed_seller_data,8.75,3,6.154380937072504,2026-04-21,True
Vattenfall Oy,24,2026-04-23,observed_seller_data,8.75,3,6.177219876880984,2026-04-22,True
Vattenfall Oy,24,2026-04-24,observed_seller_data,8.58,3,6.256475444596442,2026-04-23,True
Vattenfall Oy,24,2026-04-25,observed_seller_data,8.58,3,6.191047195622435,2026-04-24,True
Vattenfall Oy,24,2026-04-26,observed_seller_data,8.58,3,6.191047195622435,2026-04-24,True
Vattenfall Oy,24,2026-04-27,observed_seller_data,8.58,3,6.191047195622435,2026-04-24,True
Vattenfall Oy,24,2026-04-28,observed_seller_data,8.58,3,6.134817701778386,2026-04-27,True
Vattenfall Oy,24,2026-04-29,observed_seller_data,8.58,3,6.171774103967169,2026-04-28,True
Vattenfall Oy,24,2026-04-30,observed_seller_data,8.58,3,6.239817079343364,2026-04-29,True
Vattenfall Oy,24,2026-05-01,observed_seller_data,8.58,3,6.355381805745553,2026-04-30,True
Vattenfall Oy,24,2026-05-02,observed_seller_data,8.58,3,6.355381805745553,2026-04-30,True
Vattenfall Oy,24,2026-05-03,observed_seller_data,8.58,3,6.355381805745553,2026-04-30,True
Vattenfall Oy,24,2026-05-04,observed_seller_data,8.58,3,6.355381805745553,2026-04-30,True
Vattenfall Oy,24,2026-05-05,observed_seller_data,8.58,3,6.476608625170997,2026-05-04,True
Vattenfall Oy,24,2026-05-06,observed_seller_data,8.58,3,6.494082482900137,2026-05-05,True
Vattenfall Oy,24,2026-05-07,observed_seller_data,8.58,3,6.3717053898768805,2026-05-06,True
Vattenfall Oy,24,2026-05-08,observed_seller_data,8.58,3,6.408783686730506,2026-05-07,True
Vattenfall Oy,24,2026-05-09,observed_seller_data,8.58,3,6.537145636114911,2026-05-08,True
Vattenfall Oy,24,2026-05-10,observed_seller_data,8.58,3,6.537145636114911,2026-05-08,True
Vattenfall Oy,24,2026-05-11,observed_seller_data,8.83,3,6.537145636114911,2026-05-08,True
Vattenfall Oy,24,2026-05-12,observed_seller_data,8.83,3,6.665234610123119,2026-05-11,True
Vattenfall Oy,24,2026-05-13,observed_seller_data,8.83,3,6.70606760601915,2026-05-12,True
Vattenfall Oy,24,2026-05-14,observed_seller_data,8.83,3,6.721105287277702,2026-05-13,True
Vattenfall Oy,24,2026-05-15,observed_seller_data,8.83,3,6.717319685362518,2026-05-14,True
Vattenfall Oy,24,2026-05-16,observed_seller_data,8.83,3,6.7470001778385775,2026-05-15,True
Vattenfall Oy,24,2026-05-17,observed_seller_data,8.83,3,6.7470001778385775,2026-05-15,True
Vattenfall Oy,24,2026-05-18,observed_seller_data,8.83,3,6.7470001778385775,2026-05-15,True
Vattenfall Oy,24,2026-05-19,observed_seller_data,8.83,3,6.650742879616962,2026-05-18,True
Vattenfall Oy,24,2026-05-20,observed_seller_data,8.83,3,6.6187309370725025,2026-05-19,True
Vattenfall Oy,24,2026-05-21,observed_seller_data,8.83,3,6.6317977017783845,2026-05-20,True
Vattenfall Oy,24,2026-05-22,observed_seller_data,8.83,3,6.702566997264021,2026-05-21,True
Vattenfall Oy,24,2026-05-23,observed_seller_data,8.83,3,6.6722512790697674,2026-05-22,True
Vattenfall Oy,24,2026-05-24,observed_seller_data,8.83,3,6.6722512790697674,2026-05-22,True
Vattenfall Oy,24,2026-05-25,observed_seller_data,9.09,3,6.6722512790697674,2026-05-22,True
Vattenfall Oy,24,2026-05-26,observed_seller_data,9.09,3,6.515872441860465,2026-05-25,True
Vattenfall Oy,24,2026-05-27,observed_seller_data,9.09,3,6.584854521203829,2026-05-26,True
Vattenfall Oy,24,2026-05-28,observed_seller_data,9.09,3,6.484572982216141,2026-05-27,True
Vattenfall Oy,24,2026-05-29,observed_seller_data,9.09,3,6.595828474692201,2026-05-28,True
Vattenfall Oy,24,2026-05-30,observed_seller_data,9.09,3,6.705398043775649,2026-05-29,True
Vattenfall Oy,24,2026-05-31,observed_seller_data,9.09,3,6.705398043775649,2026-05-29,True
Vattenfall Oy,24,2026-06-01,observed_seller_data,9.09,3,6.692830875512995,2026-05-29,True
Vattenfall Oy,24,2026-06-02,observed_seller_data,9.09,3,6.863023296853624,2026-06-01,True
Vattenfall Oy,24,2026-06-03,observed_seller_data,9.09,3,6.804407414500683,2026-06-02,True
Vattenfall Oy,24,2026-06-04,observed_seller_data,9.09,3,6.924890848153214,2026-06-03,True
Vattenfall Oy,24,2026-06-05,observed_seller_data,9.09,3,6.841681429548563,2026-06-04,True
Vattenfall Oy,24,2026-06-06,observed_seller_data,9.09,3,6.780177845417237,2026-06-05,True
Vattenfall Oy,24,2026-06-07,observed_seller_data,9.09,3,6.780177845417237,2026-06-05,True
Vattenfall Oy,24,2026-06-08,observed_seller_data,9.09,3,6.780177845417237,2026-06-05,True
Vattenfall Oy,24,2026-06-09,observed_seller_data,9.09,3,6.7652792270861815,2026-06-08,True
Vattenfall Oy,24,2026-06-10,observed_seller_data,9.16,3,6.654351648426812,2026-06-09,True
Vattenfall Oy,24,2026-06-11,observed_seller_data,9.16,3,6.690471956224349,2026-06-10,True
Vattenfall Oy,24,2026-06-12,observed_seller_data,9.16,3,6.73640049247606,2026-06-11,True
Vattenfall Oy,24,2026-06-13,observed_seller_data,9.16,3,6.603004808481531,2026-06-12,True
Vattenfall Oy,24,2026-06-14,observed_seller_data,9.16,3,6.603004808481531,2026-06-12,True
Vattenfall Oy,24,2026-06-15,observed_seller_data,9.16,3,6.603004808481531,2026-06-12,True
Vattenfall Oy,24,2026-06-16,observed_seller_data,9.16,3,6.537957694938441,2026-06-15,True
Vattenfall Oy,24,2026-06-17,observed_seller_data,9.16,3,6.571571436388509,2026-06-16,True
Vattenfall Oy,24,2026-06-18,observed_seller_data,9.16,3,6.488619541723665,2026-06-17,True
Vattenfall Oy,24,2026-06-19,observed_seller_data,9.16,3,6.392096135430917,2026-06-18,True
Vattenfall Oy,24,2026-06-20,observed_seller_data,9.16,3,6.448359965800273,2026-06-19,True
Vattenfall Oy,24,2026-06-21,observed_seller_data,9.16,3,6.448359965800273,2026-06-19,True
Vattenfall Oy,24,2026-06-22,observed_seller_data,9.16,3,6.448359965800273,2026-06-19,True
Vattenfall Oy,24,2026-06-23,observed_seller_data,9.16,3,6.2601099658002735,2026-06-22,True
Vattenfall Oy,24,2026-06-24,observed_seller_data,9.16,3,6.329272311901504,2026-06-23,True
Vattenfall Oy,24,2026-06-25,observed_seller_data,9.16,3,6.319347339261285,2026-06-24,True
Vattenfall Oy,24,2026-06-26,observed_seller_data,9.16,3,6.360398372093023,2026-06-25,True
Vattenfall Oy,24,2026-06-27,observed_seller_data,9.16,3,6.398996060191518,2026-06-26,True
Vattenfall Oy,24,2026-06-28,observed_seller_data,9.16,3,6.398996060191518,2026-06-26,True
Vattenfall Oy,24,2026-06-29,observed_seller_data,9.16,3,6.398996060191518,2026-06-26,True
Vattenfall Oy,24,2026-06-30,observed_seller_data,9.16,3,6.356499459644321,2026-06-29,True
Vattenfall Oy,24,2026-07-01,observed_seller_data,8.96,3,6.578045588235293,2026-06-30,True
Vattenfall Oy,24,2026-07-02,observed_seller_data,8.96,3,6.6284910943912445,2026-07-01,True
Vattenfall Oy,24,2026-07-03,observed_seller_data,8.96,3,6.720432291381669,2026-07-02,True
Vattenfall Oy,24,2026-07-04,observed_seller_data,8.96,3,6.790317421340628,2026-07-03,True
Vattenfall Oy,24,2026-07-05,observed_seller_data,8.96,3,6.790317421340628,2026-07-03,True
Vattenfall Oy,24,2026-07-06,observed_seller_data,8.96,3,6.790317421340628,2026-07-03,True
Vattenfall Oy,24,2026-07-07,observed_seller_data,8.96,3,6.748586525307798,2026-07-06,True
Vattenfall Oy,24,2026-07-08,observed_seller_data,8.96,4,6.768290540355675,2026-07-07,True
Vattenfall Oy,24,2026-07-09,observed_seller_data,9.39,3,6.846610437756497,2026-07-08,True
Vattenfall Oy,24,2026-07-10,observed_seller_data,9.39,3,6.866929076607387,2026-07-09,True
Vattenfall Oy,24,2026-07-11,observed_seller_data,9.39,3,6.839267571819425,2026-07-10,True
Vattenfall Oy,24,2026-07-12,observed_seller_data,9.39,3,6.839267571819425,2026-07-10,True
Vattenfall Oy,24,2026-07-13,observed_seller_data,9.39,3,6.839267571819425,2026-07-10,True
Vattenfall Oy,24,2026-07-14,observed_seller_data,9.39,3,6.9581303214774275,2026-07-13,True
Vattenfall Oy,24,2026-07-15,observed_seller_data,9.39,3,7.056428926128589,2026-07-14,True
Vattenfall Oy,24,2026-07-16,observed_seller_data,9.39,3,7.151063823529411,2026-07-15,True
Vattenfall Oy,24,2026-07-17,observed_seller_data,9.39,3,7.151930820793433,2026-07-16,True
Vattenfall Oy,24,2026-07-18,observed_seller_data,9.39,3,7.250301532147743,2026-07-17,True
Vattenfall Oy,24,2026-07-19,observed_seller_data,9.39,3,7.250301532147743,2026-07-17,True
Vattenfall Oy,24,2026-07-20,observed_seller_data,9.39,3,7.250301532147743,2026-07-17,True
Vattenfall Oy,24,2026-07-21,observed_seller_data,9.39,3,7.25315146374829,2026-07-20,True
Vattenfall Oy,24,2026-07-22,observed_seller_data,9.39,3,7.284062920656635,2026-07-21,True
Vattenfall Oy,24,2026-07-23,observed_seller_data,9.39,3,7.422411648426812,2026-07-22,True
Vattenfall Oy,24,2026-07-24,observed_seller_data,9.88,3,7.446412879616962,2026-07-23,True
Vattenfall Oy,24,2026-07-25,observed_seller_data,9.88,3,7.456499233926127,2026-07-24,True
Vattenfall Oy,24,2026-07-26,observed_seller_data,9.88,3,7.456499233926127,2026-07-24,True
Vattenfall Oy,24,2026-07-27,canonical_calculation,9.88,3,7.456499233926127,2026-07-24,True
Vattenfall Oy,24,2026-07-28,canonical_calculation,9.88,3,7.337356641586867,2026-07-27,True
Vattenfall Oy,24,2026-07-29,canonical_calculation,9.88,3,7.273444350205198,2026-07-28,True
Vattenfall Oy,24,2026-07-30,canonical_calculation,9.88,3,7.420560909712721,2026-07-29,True
Vattenfall Oy,24,2026-07-31,canonical_calculation,9.88,3,7.412508994528044,2026-07-30,True
Vattenfall Oy,24,2026-08-01,canonical_calculation,9.88,3,7.608965424076606,2026-07-31,True
Vattenfall Oy,24,2026-08-02,canonical_calculation,9.88,3,7.608965424076606,2026-07-31,True
Vattenfall Oy,24,2026-08-03,canonical_calculation,9.88,3,7.608965424076606,2026-07-31,True
Vattenfall Oy,24,2026-08-05,canonical_calculation,10.2,3,7.585975403556771,2026-08-04,True
Vattenfall Oy,24,2026-08-06,canonical_calculation,10.2,3,7.4775578248974,2026-08-05,True
Vattenfall Oy,24,2026-08-07,canonical_calculation,10.2,3,7.496314151846784,2026-08-06,True
Vattenfall Oy,24,2026-08-08,canonical_calculation,10.2,3,7.491129336525306,2026-08-07,True
Vattenfall Oy,24,2026-08-09,canonical_calculation,10.2,3,7.491129336525306,2026-08-07,True
Vattenfall Oy,24,2026-08-10,canonical_calculation,10.2,3,7.491129336525306,2026-08-07,True
Vattenfall Oy,24,2026-08-11,canonical_calculation,10.2,3,7.565430143638851,2026-08-10,True
Vattenfall Oy,24,2026-08-12,canonical_calculation,10.2,3,7.543820451436388,2026-08-11,True
Vattenfall Oy,24,2026-08-13,canonical_calculation,10.2,3,7.565919439124487,2026-08-12,True
Vattenfall Oy,24,2026-08-14,canonical_calculation,10.2,3,7.4593920861833105,2026-08-13,True
Vattenfall Oy,24,2026-08-15,canonical_calculation,10.2,3,7.408258132694938,2026-08-14,True
Vattenfall Oy,24,2026-08-16,canonical_calculation,10.2,3,7.408258132694938,2026-08-14,True
Vattenfall Oy,24,2026-08-17,canonical_calculation,10.2,3,7.408258132694938,2026-08-14,True
Vattenfall Oy,24,2026-08-18,canonical_calculation,10.2,3,7.543262482900136,2026-08-17,True
Vattenfall Oy,24,2026-08-19,canonical_calculation,10.2,3,7.569327339261285,2026-08-18,True
Vattenfall Oy,24,2026-08-20,canonical_calculation,10.2,3,7.525651279069766,2026-08-19,True
Vattenfall Oy,24,2026-08-21,canonical_calculation,9.98,3,7.518734186046511,2026-08-20,True
Vattenfall Oy,24,2026-08-22,canonical_calculation,9.98,3,7.600690321477427,2026-08-21,True
Vattenfall Oy,24,2026-08-23,canonical_calculation,9.98,3,7.600690321477427,2026-08-21,True
Vattenfall Oy,24,2026-08-24,canonical_calculation,9.98,3,7.600690321477427,2026-08-21,True
Vattenfall Oy,24,2026-08-25,canonical_calculation,9.98,3,7.572352387140903,2026-08-24,True
Vattenfall Oy,24,2026-08-26,canonical_calculation,9.98,3,7.385951409028726,2026-08-25,True
Vattenfall Oy,24,2026-08-27,canonical_calculation,9.98,3,7.248811326949384,2026-08-26,True
Vattenfall Oy,24,2026-08-28,canonical_calculation,9.98,3,7.380433529411764,2026-08-27,True
Vattenfall Oy,24,2026-08-29,canonical_calculation,9.98,3,7.362903016415868,2026-08-28,True
Vattenfall Oy,24,2026-08-30,canonical_calculation,9.98,3,7.362903016415868,2026-08-28,True
Vattenfall Oy,24,2026-08-31,canonical_calculation,9.98,3,7.362903016415868,2026-08-28,True
Vattenfall Oy,24,2026-09-01,canonical_calculation,9.78,3,7.3933217441860455,2026-08-31,True
Vattenfall Oy,24,2026-09-02,canonical_calculation,9.78,3,7.452802906976744,2026-09-01,True
Vattenfall Oy,24,2026-09-03,canonical_calculation,9.78,3,7.658533632010943,2026-09-02,True
Vattenfall Oy,24,2026-09-04,canonical_calculation,9.78,3,7.687525677154583,2026-09-03,True
Vattenfall Oy,24,2026-09-05,canonical_calculation,9.78,3,7.69683602599179,2026-09-04,True
Vattenfall Oy,24,2026-09-06,canonical_calculation,9.78,3,7.69683602599179,2026-09-04,True
Vattenfall Oy,24,2026-09-07,canonical_calculation,9.78,3,7.69683602599179,2026-09-04,True
Vattenfall Oy,24,2026-09-08,canonical_calculation,9.78,3,7.916026668946647,2026-09-07,True
Vattenfall Oy,24,2026-09-09,canonical_calculation,9.78,3,8.065436908344731,2026-09-08,True
Vattenfall Oy,24,2026-09-11,canonical_calculation,10.56,3,8.510666614227084,2026-09-10,True
Vattenfall Oy,24,2026-09-12,canonical_calculation,10.56,3,8.336777865937071,2026-09-11,True
Vattenfall Oy,24,2026-09-13,canonical_calculation,10.56,3,8.336777865937071,2026-09-11,True
Vihreä Älyenergia Oy,12,2026-04-08,observed_seller_data,10.14,2,,,False
Vihreä Älyenergia Oy,12,2026-04-09,observed_seller_data,10.14,2,7.008009397260273,2026-04-08,True
Vihreä Älyenergia Oy,12,2026-04-10,observed_seller_data,10.14,2,7.001851301369863,2026-04-09,True
Vihreä Älyenergia Oy,12,2026-04-11,observed_seller_data,10.14,2,6.91596116438356,2026-04-10,True
Vihreä Älyenergia Oy,12,2026-04-12,observed_seller_data,10.14,2,6.91596116438356,2026-04-10,True
Vihreä Älyenergia Oy,12,2026-04-13,observed_seller_data,10.14,2,6.91596116438356,2026-04-10,True
Vihreä Älyenergia Oy,12,2026-04-14,observed_seller_data,10.14,2,6.929934643835616,2026-04-13,True
Vihreä Älyenergia Oy,12,2026-04-15,observed_seller_data,10.39,3,6.809994465753424,2026-04-14,True
Vihreä Älyenergia Oy,12,2026-04-16,observed_seller_data,10.39,3,6.761455191780822,2026-04-15,True
Vihreä Älyenergia Oy,12,2026-04-17,observed_seller_data,10.14,2,6.797176273972602,2026-04-16,True
Vihreä Älyenergia Oy,12,2026-04-18,observed_seller_data,10.14,2,6.730929465753426,2026-04-17,True
Vihreä Älyenergia Oy,12,2026-04-19,observed_seller_data,10.14,2,6.730929465753426,2026-04-17,True
Vihreä Älyenergia Oy,12,2026-04-20,observed_seller_data,10.14,2,6.730929465753426,2026-04-17,True
Vihreä Älyenergia Oy,12,2026-04-21,observed_seller_data,10.14,2,6.749090863013699,2026-04-20,True
Vihreä Älyenergia Oy,12,2026-04-22,observed_seller_data,10.14,2,6.839808452054794,2026-04-21,True
Vihreä Älyenergia Oy,12,2026-04-23,observed_seller_data,10.14,2,6.872737589041094,2026-04-22,True
Vihreä Älyenergia Oy,12,2026-04-24,observed_seller_data,10.14,2,6.963417356164384,2026-04-23,True
Vihreä Älyenergia Oy,12,2026-04-25,observed_seller_data,10.14,2,6.8711112465753414,2026-04-24,True
Vihreä Älyenergia Oy,12,2026-04-26,observed_seller_data,10.14,2,6.8711112465753414,2026-04-24,True
Vihreä Älyenergia Oy,12,2026-04-27,observed_seller_data,10.14,2,6.8711112465753414,2026-04-24,True
Vihreä Älyenergia Oy,12,2026-04-28,observed_seller_data,10.14,2,6.778488808219178,2026-04-27,True
Vihreä Älyenergia Oy,12,2026-04-29,observed_seller_data,10.14,2,6.82226595890411,2026-04-28,True
Vihreä Älyenergia Oy,12,2026-04-30,observed_seller_data,10.14,2,6.91197610958904,2026-04-29,True
Vihreä Älyenergia Oy,12,2026-05-01,observed_seller_data,10.14,2,6.984508232876711,2026-04-30,True
Vihreä Älyenergia Oy,12,2026-05-02,observed_seller_data,10.14,2,6.984508232876711,2026-04-30,True
Vihreä Älyenergia Oy,12,2026-05-03,observed_seller_data,10.14,2,6.984508232876711,2026-04-30,True
Vihreä Älyenergia Oy,12,2026-05-04,observed_seller_data,10.14,2,6.984508232876711,2026-04-30,True
Vihreä Älyenergia Oy,12,2026-05-05,observed_seller_data,10.14,2,7.199113232876712,2026-05-04,True
Vihreä Älyenergia Oy,12,2026-05-06,observed_seller_data,10.14,2,7.225643589041095,2026-05-05,True
Vihreä Älyenergia Oy,12,2026-05-07,observed_seller_data,10.14,2,7.098238739726027,2026-05-06,True
Vihreä Älyenergia Oy,12,2026-05-08,observed_seller_data,10.14,2,7.211415671232878,2026-05-07,True
Vihreä Älyenergia Oy,12,2026-05-09,observed_seller_data,10.14,2,7.42950716438356,2026-05-08,True
Vihreä Älyenergia Oy,12,2026-05-10,observed_seller_data,10.14,2,7.42950716438356,2026-05-08,True
Vihreä Älyenergia Oy,12,2026-05-11,observed_seller_data,10.14,2,7.42950716438356,2026-05-08,True
Vihreä Älyenergia Oy,12,2026-05-12,observed_seller_data,10.14,2,7.627480835616438,2026-05-11,True
Vihreä Älyenergia Oy,12,2026-05-13,observed_seller_data,10.14,2,7.662703356164383,2026-05-12,True
Vihreä Älyenergia Oy,12,2026-05-14,observed_seller_data,10.14,2,7.6846194383561635,2026-05-13,True
Vihreä Älyenergia Oy,12,2026-05-15,observed_seller_data,10.14,2,7.672966849315067,2026-05-14,True
Vihreä Älyenergia Oy,12,2026-05-16,observed_seller_data,10.14,2,7.7297306712328755,2026-05-15,True
Vihreä Älyenergia Oy,12,2026-05-17,observed_seller_data,10.14,2,7.7297306712328755,2026-05-15,True
Vihreä Älyenergia Oy,12,2026-05-18,observed_seller_data,10.14,2,7.7297306712328755,2026-05-15,True
Vihreä Älyenergia Oy,12,2026-05-19,observed_seller_data,10.14,2,7.584962123287671,2026-05-18,True
Vihreä Älyenergia Oy,12,2026-05-20,observed_seller_data,10.14,2,7.514379547945205,2026-05-19,True
Vihreä Älyenergia Oy,12,2026-05-21,observed_seller_data,10.14,2,7.557534356164381,2026-05-20,True
Vihreä Älyenergia Oy,12,2026-05-22,observed_seller_data,10.14,2,7.675029863013698,2026-05-21,True
Vihreä Älyenergia Oy,12,2026-05-23,observed_seller_data,10.14,2,7.630430945205479,2026-05-22,True
Vihreä Älyenergia Oy,12,2026-05-24,observed_seller_data,10.14,2,7.630430945205479,2026-05-22,True
Vihreä Älyenergia Oy,12,2026-05-25,observed_seller_data,10.14,2,7.630430945205479,2026-05-22,True
Vihreä Älyenergia Oy,12,2026-05-26,observed_seller_data,10.14,2,7.405325205479452,2026-05-25,True
Vihreä Älyenergia Oy,12,2026-05-27,observed_seller_data,10.14,2,7.498484027397259,2026-05-26,True
Vihreä Älyenergia Oy,12,2026-05-28,observed_seller_data,10.14,2,7.3629646575342464,2026-05-27,True
Vihreä Älyenergia Oy,12,2026-05-29,observed_seller_data,10.14,2,7.544537369863012,2026-05-28,True
Vihreä Älyenergia Oy,12,2026-05-30,observed_seller_data,10.14,2,7.758901684931507,2026-05-29,True
Vihreä Älyenergia Oy,12,2026-05-31,observed_seller_data,10.14,2,7.758901684931507,2026-05-29,True
Vihreä Älyenergia Oy,12,2026-06-01,observed_seller_data,10.14,2,7.61820415068493,2026-05-29,True
Vihreä Älyenergia Oy,12,2026-06-02,observed_seller_data,10.14,2,7.859800246575342,2026-06-01,True
Vihreä Älyenergia Oy,12,2026-06-03,observed_seller_data,10.14,2,7.760411123287669,2026-06-02,True
Vihreä Älyenergia Oy,12,2026-06-04,observed_seller_data,10.14,2,7.938253219178082,2026-06-03,True
Vihreä Älyenergia Oy,12,2026-06-05,observed_seller_data,10.14,2,7.809387068493151,2026-06-04,True
Vihreä Älyenergia Oy,12,2026-06-06,observed_seller_data,10.14,2,7.719044260273972,2026-06-05,True
Vihreä Älyenergia Oy,12,2026-06-07,observed_seller_data,10.14,2,7.719044260273972,2026-06-05,True
Vihreä Älyenergia Oy,12,2026-06-08,observed_seller_data,10.14,2,7.719044260273972,2026-06-05,True
Vihreä Älyenergia Oy,12,2026-06-09,observed_seller_data,10.14,2,7.710300520547945,2026-06-08,True
Vihreä Älyenergia Oy,12,2026-06-10,observed_seller_data,10.14,2,7.529601150684932,2026-06-09,True
Vihreä Älyenergia Oy,12,2026-06-11,observed_seller_data,10.14,2,7.565910191780821,2026-06-10,True
Vihreä Älyenergia Oy,12,2026-06-12,observed_seller_data,10.14,2,7.608071315068491,2026-06-11,True
Vihreä Älyenergia Oy,12,2026-06-13,observed_seller_data,10.14,2,7.4029114794520545,2026-06-12,True
Vihreä Älyenergia Oy,12,2026-06-14,observed_seller_data,10.14,2,7.4029114794520545,2026-06-12,True
Vihreä Älyenergia Oy,12,2026-06-15,observed_seller_data,10.14,2,7.4029114794520545,2026-06-12,True
Vihreä Älyenergia Oy,12,2026-06-16,observed_seller_data,10.14,2,7.26479615068493,2026-06-15,True
Vihreä Älyenergia Oy,12,2026-06-17,observed_seller_data,10.14,2,7.301139575342464,2026-06-16,True
Vihreä Älyenergia Oy,12,2026-06-18,observed_seller_data,10.14,2,7.162126835616437,2026-06-17,True
Vihreä Älyenergia Oy,12,2026-06-19,observed_seller_data,10.14,2,7.0250842739726025,2026-06-18,True
Vihreä Älyenergia Oy,12,2026-06-20,observed_seller_data,10.14,2,7.132684191780821,2026-06-19,True
Vihreä Älyenergia Oy,12,2026-06-21,observed_seller_data,10.14,2,7.132684191780821,2026-06-19,True
Vihreä Älyenergia Oy,12,2026-06-22,observed_seller_data,10.14,2,7.132684191780821,2026-06-19,True
Vihreä Älyenergia Oy,12,2026-06-23,observed_seller_data,10.14,2,6.836349465753425,2026-06-22,True
Vihreä Älyenergia Oy,12,2026-06-24,observed_seller_data,10.14,2,6.874353616438356,2026-06-23,True
Vihreä Älyenergia Oy,12,2026-06-25,observed_seller_data,10.14,2,6.835799328767123,2026-06-24,True
Vihreä Älyenergia Oy,12,2026-06-26,observed_seller_data,10.14,2,6.8778641780821905,2026-06-25,True
Vihreä Älyenergia Oy,12,2026-06-27,observed_seller_data,10.14,2,6.942928191780821,2026-06-26,True
Vihreä Älyenergia Oy,12,2026-06-28,observed_seller_data,10.14,2,6.942928191780821,2026-06-26,True
Vihreä Älyenergia Oy,12,2026-06-29,observed_seller_data,10.14,2,6.942928191780821,2026-06-26,True
Vihreä Älyenergia Oy,12,2026-06-30,observed_seller_data,10.14,2,7.11498009589041,2026-06-29,True
Vihreä Älyenergia Oy,12,2026-07-01,observed_seller_data,10.14,2,7.291367767123288,2026-06-30,True
Vihreä Älyenergia Oy,12,2026-07-02,observed_seller_data,10.14,2,7.297343630136985,2026-07-01,True
Vihreä Älyenergia Oy,12,2026-07-03,observed_seller_data,10.14,2,7.396309835616438,2026-07-02,True
Vihreä Älyenergia Oy,12,2026-07-04,observed_seller_data,10.14,2,7.537921972602739,2026-07-03,True
Vihreä Älyenergia Oy,12,2026-07-05,observed_seller_data,10.14,2,7.537921972602739,2026-07-03,True
Vihreä Älyenergia Oy,12,2026-07-06,observed_seller_data,10.14,2,7.537921972602739,2026-07-03,True
Vihreä Älyenergia Oy,12,2026-07-07,observed_seller_data,10.14,2,7.517649424657533,2026-07-06,True
Vihreä Älyenergia Oy,12,2026-07-08,observed_seller_data,10.14,2,7.55255905479452,2026-07-07,True
Vihreä Älyenergia Oy,12,2026-07-09,observed_seller_data,10.14,2,7.663016246575341,2026-07-08,True
Vihreä Älyenergia Oy,12,2026-07-10,observed_seller_data,10.14,2,7.752925821917807,2026-07-09,True
Vihreä Älyenergia Oy,12,2026-07-11,observed_seller_data,10.14,2,7.733756986301369,2026-07-10,True
Vihreä Älyenergia Oy,12,2026-07-12,observed_seller_data,10.14,2,7.733756986301369,2026-07-10,True
Vihreä Älyenergia Oy,12,2026-07-13,observed_seller_data,10.14,2,7.733756986301369,2026-07-10,True
Vihreä Älyenergia Oy,12,2026-07-14,observed_seller_data,10.14,2,7.916333698630135,2026-07-13,True
Vihreä Älyenergia Oy,12,2026-07-15,observed_seller_data,10.14,2,8.05474128767123,2026-07-14,True
Vihreä Älyenergia Oy,12,2026-07-16,observed_seller_data,10.14,2,8.242688712328768,2026-07-15,True
Vihreä Älyenergia Oy,12,2026-07-17,observed_seller_data,10.14,2,8.230231547945204,2026-07-16,True
Vihreä Älyenergia Oy,12,2026-07-18,observed_seller_data,10.14,2,8.411536068493149,2026-07-17,True
Vihreä Älyenergia Oy,12,2026-07-19,observed_seller_data,10.14,2,8.411536068493149,2026-07-17,True
Vihreä Älyenergia Oy,12,2026-07-20,observed_seller_data,10.14,2,8.411536068493149,2026-07-17,True
Vihreä Älyenergia Oy,12,2026-07-21,observed_seller_data,10.14,2,8.444090424657533,2026-07-20,True
Vihreä Älyenergia Oy,12,2026-07-22,observed_seller_data,10.14,2,8.482008616438355,2026-07-21,True
Vihreä Älyenergia Oy,12,2026-07-23,observed_seller_data,10.14,2,8.747336246575342,2026-07-22,True
Vihreä Älyenergia Oy,12,2026-07-24,observed_seller_data,10.74,2,8.776696369863014,2026-07-23,True
Vihreä Älyenergia Oy,12,2026-07-25,observed_seller_data,10.74,2,8.763114863013698,2026-07-24,True
Vihreä Älyenergia Oy,12,2026-07-26,observed_seller_data,10.74,2,8.763114863013698,2026-07-24,True
Vihreä Älyenergia Oy,12,2026-07-27,canonical_calculation,10.74,2,8.763114863013698,2026-07-24,True
Vihreä Älyenergia Oy,12,2026-07-28,canonical_calculation,10.74,2,8.568218520547944,2026-07-27,True
Vihreä Älyenergia Oy,12,2026-07-29,canonical_calculation,10.74,2,8.490944904109588,2026-07-28,True
Vihreä Älyenergia Oy,12,2026-07-30,canonical_calculation,10.74,2,8.781259068493151,2026-07-29,True
Vihreä Älyenergia Oy,12,2026-07-31,canonical_calculation,10.74,2,8.746273794520546,2026-07-30,True
Vihreä Älyenergia Oy,12,2026-08-01,canonical_calculation,10.74,2,8.888607986301372,2026-07-31,True
Vihreä Älyenergia Oy,12,2026-08-02,canonical_calculation,10.74,2,8.888607986301372,2026-07-31,True
Vihreä Älyenergia Oy,12,2026-08-03,canonical_calculation,10.74,2,8.888607986301372,2026-07-31,True
Vihreä Älyenergia Oy,12,2026-08-04,canonical_calculation,10.74,2,8.728779438356165,2026-08-03,True
Vihreä Älyenergia Oy,12,2026-08-05,canonical_calculation,10.74,2,8.838225753424656,2026-08-04,True
Vihreä Älyenergia Oy,12,2026-08-06,canonical_calculation,10.74,2,8.654765383561644,2026-08-05,True
Vihreä Älyenergia Oy,12,2026-08-07,canonical_calculation,11.49,1,8.644147739726026,2026-08-06,True
Vihreä Älyenergia Oy,12,2026-08-08,canonical_calculation,11.49,1,8.630679698630136,2026-08-07,True
Vihreä Älyenergia Oy,12,2026-08-09,canonical_calculation,11.49,1,8.630679698630136,2026-08-07,True
Vihreä Älyenergia Oy,12,2026-08-10,canonical_calculation,11.49,1,8.630679698630136,2026-08-07,True
Vihreä Älyenergia Oy,12,2026-08-11,canonical_calculation,11.49,1,8.748859438356163,2026-08-10,True
Vihreä Älyenergia Oy,12,2026-08-12,canonical_calculation,11.49,1,8.705082287671232,2026-08-11,True
Vihreä Älyenergia Oy,12,2026-08-13,canonical_calculation,11.49,1,8.724316452054794,2026-08-12,True
Vihreä Älyenergia Oy,12,2026-08-14,canonical_calculation,11.49,1,8.579424123287671,2026-08-13,True
Vihreä Älyenergia Oy,12,2026-08-15,canonical_calculation,11.49,1,8.519703315068492,2026-08-14,True
Vihreä Älyenergia Oy,12,2026-08-16,canonical_calculation,11.49,1,8.519703315068492,2026-08-14,True
Vihreä Älyenergia Oy,12,2026-08-17,canonical_calculation,11.49,1,8.519703315068492,2026-08-14,True
Vihreä Älyenergia Oy,12,2026-08-18,canonical_calculation,11.49,1,8.72096405479452,2026-08-17,True
Vihreä Älyenergia Oy,12,2026-08-19,canonical_calculation,11.49,1,8.774798397260271,2026-08-18,True
Vihreä Älyenergia Oy,12,2026-08-20,canonical_calculation,11.49,1,8.702345356164384,2026-08-19,True
Vihreä Älyenergia Oy,12,2026-08-21,canonical_calculation,11.49,1,8.65210409589041,2026-08-20,True
Vihreä Älyenergia Oy,12,2026-08-22,canonical_calculation,11.49,1,8.782668794520548,2026-08-21,True
Vihreä Älyenergia Oy,12,2026-08-23,canonical_calculation,11.49,1,8.782668794520548,2026-08-21,True
Vihreä Älyenergia Oy,12,2026-08-24,canonical_calculation,11.49,1,8.782668794520548,2026-08-21,True
Vihreä Älyenergia Oy,12,2026-08-25,canonical_calculation,11.49,1,8.70024108219178,2026-08-24,True
Vihreä Älyenergia Oy,12,2026-08-26,canonical_calculation,11.49,1,8.494331684931506,2026-08-25,True
Vihreä Älyenergia Oy,12,2026-08-27,canonical_calculation,11.49,1,8.25278716438356,2026-08-26,True
Vihreä Älyenergia Oy,12,2026-08-28,canonical_calculation,11.49,1,8.430127260273972,2026-08-27,True
Vihreä Älyenergia Oy,12,2026-08-29,canonical_calculation,11.49,1,8.376550794520547,2026-08-28,True
Vihreä Älyenergia Oy,12,2026-08-30,canonical_calculation,11.49,1,8.376550794520547,2026-08-28,True
Vihreä Älyenergia Oy,12,2026-08-31,canonical_calculation,11.49,1,8.376550794520547,2026-08-28,True
Vihreä Älyenergia Oy,12,2026-09-01,canonical_calculation,11.49,1,8.194654876712328,2026-08-31,True
Vihreä Älyenergia Oy,12,2026-09-02,canonical_calculation,11.49,1,8.232160465753424,2026-09-01,True
Vihreä Älyenergia Oy,12,2026-09-03,canonical_calculation,11.49,1,8.529712369863013,2026-09-02,True
Vihreä Älyenergia Oy,12,2026-09-04,canonical_calculation,11.49,1,8.541691602739725,2026-09-03,True
Vihreä Älyenergia Oy,12,2026-09-05,canonical_calculation,11.49,1,8.551384328767123,2026-09-04,True
Vihreä Älyenergia Oy,12,2026-09-06,canonical_calculation,11.49,1,8.551384328767123,2026-09-04,True
Vihreä Älyenergia Oy,12,2026-09-07,canonical_calculation,11.49,1,8.551384328767123,2026-09-04,True
Vihreä Älyenergia Oy,12,2026-09-08,canonical_calculation,11.49,1,8.858608328767124,2026-09-07,True
Vihreä Älyenergia Oy,12,2026-09-09,canonical_calculation,11.49,1,9.059559616438355,2026-09-08,True
Vihreä Älyenergia Oy,12,2026-09-10,canonical_calculation,11.49,1,9.442544356164383,2026-09-09,True
Vihreä Älyenergia Oy,12,2026-09-11,canonical_calculation,11.49,1,9.592642356164383,2026-09-10,True
Vihreä Älyenergia Oy,12,2026-09-12,canonical_calculation,11.49,1,9.381571986301369,2026-09-11,True
Vihreä Älyenergia Oy,12,2026-09-13,canonical_calculation,11.49,1,9.381571986301369,2026-09-11,True
Vihreä Älyenergia Oy,24,2026-04-08,observed_seller_data,9.64,2,,,False
Vihreä Älyenergia Oy,24,2026-04-09,observed_seller_data,9.64,2,6.314420047879617,2026-04-08,True
Vihreä Älyenergia Oy,24,2026-04-10,observed_seller_data,9.64,2,6.2962903625171,2026-04-09,True
Vihreä Älyenergia Oy,24,2026-04-11,observed_seller_data,9.64,2,6.228571867305061,2026-04-10,True
Vihreä Älyenergia Oy,24,2026-04-12,observed_seller_data,9.64,2,6.228571867305061,2026-04-10,True
Vihreä Älyenergia Oy,24,2026-04-13,observed_seller_data,9.64,2,6.228571867305061,2026-04-10,True
Vihreä Älyenergia Oy,24,2026-04-14,observed_seller_data,9.64,2,6.23801269493844,2026-04-13,True
Vihreä Älyenergia Oy,24,2026-04-15,observed_seller_data,9.64,2,6.177379541723666,2026-04-14,True
Vihreä Älyenergia Oy,24,2026-04-16,observed_seller_data,9.64,2,6.144708337893295,2026-04-15,True
Vihreä Älyenergia Oy,24,2026-04-17,observed_seller_data,9.64,2,6.150796203830369,2026-04-16,True
Vihreä Älyenergia Oy,24,2026-04-18,observed_seller_data,9.64,2,6.103619534883721,2026-04-17,True
Vihreä Älyenergia Oy,24,2026-04-19,observed_seller_data,9.64,2,6.103619534883721,2026-04-17,True
Vihreä Älyenergia Oy,24,2026-04-20,observed_seller_data,9.64,2,6.103619534883721,2026-04-17,True
Vihreä Älyenergia Oy,24,2026-04-21,observed_seller_data,9.64,2,6.087503686730505,2026-04-20,True
Vihreä Älyenergia Oy,24,2026-04-22,observed_seller_data,9.64,2,6.154380937072504,2026-04-21,True
Vihreä Älyenergia Oy,24,2026-04-23,observed_seller_data,9.64,2,6.177219876880984,2026-04-22,True
Vihreä Älyenergia Oy,24,2026-04-24,observed_seller_data,9.64,2,6.256475444596442,2026-04-23,True
Vihreä Älyenergia Oy,24,2026-04-25,observed_seller_data,9.64,2,6.191047195622435,2026-04-24,True
Vihreä Älyenergia Oy,24,2026-04-26,observed_seller_data,9.64,2,6.191047195622435,2026-04-24,True
Vihreä Älyenergia Oy,24,2026-04-27,observed_seller_data,9.64,2,6.191047195622435,2026-04-24,True
Vihreä Älyenergia Oy,24,2026-04-28,observed_seller_data,9.64,2,6.134817701778386,2026-04-27,True
Vihreä Älyenergia Oy,24,2026-04-29,observed_seller_data,9.64,2,6.171774103967169,2026-04-28,True
Vihreä Älyenergia Oy,24,2026-04-30,observed_seller_data,9.64,2,6.239817079343364,2026-04-29,True
Vihreä Älyenergia Oy,24,2026-05-01,observed_seller_data,9.64,2,6.355381805745553,2026-04-30,True
Vihreä Älyenergia Oy,24,2026-05-02,observed_seller_data,9.64,2,6.355381805745553,2026-04-30,True
Vihreä Älyenergia Oy,24,2026-05-03,observed_seller_data,9.64,2,6.355381805745553,2026-04-30,True
Vihreä Älyenergia Oy,24,2026-05-04,observed_seller_data,9.64,2,6.355381805745553,2026-04-30,True
Vihreä Älyenergia Oy,24,2026-05-05,observed_seller_data,9.64,2,6.476608625170997,2026-05-04,True
Vihreä Älyenergia Oy,24,2026-05-06,observed_seller_data,9.64,2,6.494082482900137,2026-05-05,True
Vihreä Älyenergia Oy,24,2026-05-07,observed_seller_data,9.64,2,6.3717053898768805,2026-05-06,True
Vihreä Älyenergia Oy,24,2026-05-08,observed_seller_data,9.64,2,6.408783686730506,2026-05-07,True
Vihreä Älyenergia Oy,24,2026-05-09,observed_seller_data,9.64,2,6.537145636114911,2026-05-08,True
Vihreä Älyenergia Oy,24,2026-05-10,observed_seller_data,9.64,2,6.537145636114911,2026-05-08,True
Vihreä Älyenergia Oy,24,2026-05-11,observed_seller_data,9.64,2,6.537145636114911,2026-05-08,True
Vihreä Älyenergia Oy,24,2026-05-12,observed_seller_data,9.64,2,6.665234610123119,2026-05-11,True
Vihreä Älyenergia Oy,24,2026-05-13,observed_seller_data,9.64,2,6.70606760601915,2026-05-12,True
Vihreä Älyenergia Oy,24,2026-05-14,observed_seller_data,9.64,2,6.721105287277702,2026-05-13,True
Vihreä Älyenergia Oy,24,2026-05-15,observed_seller_data,9.64,2,6.717319685362518,2026-05-14,True
Vihreä Älyenergia Oy,24,2026-05-16,observed_seller_data,9.64,2,6.7470001778385775,2026-05-15,True
Vihreä Älyenergia Oy,24,2026-05-17,observed_seller_data,9.64,2,6.7470001778385775,2026-05-15,True
Vihreä Älyenergia Oy,24,2026-05-18,observed_seller_data,9.64,2,6.7470001778385775,2026-05-15,True
Vihreä Älyenergia Oy,24,2026-05-19,observed_seller_data,9.64,2,6.650742879616962,2026-05-18,True
Vihreä Älyenergia Oy,24,2026-05-20,observed_seller_data,9.64,2,6.6187309370725025,2026-05-19,True
Vihreä Älyenergia Oy,24,2026-05-21,observed_seller_data,9.64,2,6.6317977017783845,2026-05-20,True
Vihreä Älyenergia Oy,24,2026-05-22,observed_seller_data,9.64,2,6.702566997264021,2026-05-21,True
Vihreä Älyenergia Oy,24,2026-05-23,observed_seller_data,9.64,2,6.6722512790697674,2026-05-22,True
Vihreä Älyenergia Oy,24,2026-05-24,observed_seller_data,9.64,2,6.6722512790697674,2026-05-22,True
Vihreä Älyenergia Oy,24,2026-05-25,observed_seller_data,9.64,2,6.6722512790697674,2026-05-22,True
Vihreä Älyenergia Oy,24,2026-05-26,observed_seller_data,9.64,2,6.515872441860465,2026-05-25,True
Vihreä Älyenergia Oy,24,2026-05-27,observed_seller_data,9.64,2,6.584854521203829,2026-05-26,True
Vihreä Älyenergia Oy,24,2026-05-28,observed_seller_data,9.64,2,6.484572982216141,2026-05-27,True
Vihreä Älyenergia Oy,24,2026-05-29,observed_seller_data,9.64,2,6.595828474692201,2026-05-28,True
Vihreä Älyenergia Oy,24,2026-05-30,observed_seller_data,9.64,2,6.705398043775649,2026-05-29,True
Vihreä Älyenergia Oy,24,2026-05-31,observed_seller_data,9.64,2,6.705398043775649,2026-05-29,True
Vihreä Älyenergia Oy,24,2026-06-01,observed_seller_data,9.64,2,6.692830875512995,2026-05-29,True
Vihreä Älyenergia Oy,24,2026-06-02,observed_seller_data,9.64,2,6.863023296853624,2026-06-01,True
Vihreä Älyenergia Oy,24,2026-06-03,observed_seller_data,9.64,2,6.804407414500683,2026-06-02,True
Vihreä Älyenergia Oy,24,2026-06-04,observed_seller_data,9.64,2,6.924890848153214,2026-06-03,True
Vihreä Älyenergia Oy,24,2026-06-05,observed_seller_data,9.64,2,6.841681429548563,2026-06-04,True
Vihreä Älyenergia Oy,24,2026-06-06,observed_seller_data,9.64,2,6.780177845417237,2026-06-05,True
Vihreä Älyenergia Oy,24,2026-06-07,observed_seller_data,9.64,2,6.780177845417237,2026-06-05,True
Vihreä Älyenergia Oy,24,2026-06-08,observed_seller_data,9.64,2,6.780177845417237,2026-06-05,True
Vihreä Älyenergia Oy,24,2026-06-09,observed_seller_data,9.64,2,6.7652792270861815,2026-06-08,True
Vihreä Älyenergia Oy,24,2026-06-10,observed_seller_data,9.64,2,6.654351648426812,2026-06-09,True
Vihreä Älyenergia Oy,24,2026-06-11,observed_seller_data,9.64,2,6.690471956224349,2026-06-10,True
Vihreä Älyenergia Oy,24,2026-06-12,observed_seller_data,9.64,2,6.73640049247606,2026-06-11,True
Vihreä Älyenergia Oy,24,2026-06-13,observed_seller_data,9.64,2,6.603004808481531,2026-06-12,True
Vihreä Älyenergia Oy,24,2026-06-14,observed_seller_data,9.64,2,6.603004808481531,2026-06-12,True
Vihreä Älyenergia Oy,24,2026-06-15,observed_seller_data,9.64,2,6.603004808481531,2026-06-12,True
Vihreä Älyenergia Oy,24,2026-06-16,observed_seller_data,9.64,2,6.537957694938441,2026-06-15,True
Vihreä Älyenergia Oy,24,2026-06-17,observed_seller_data,9.64,2,6.571571436388509,2026-06-16,True
Vihreä Älyenergia Oy,24,2026-06-18,observed_seller_data,9.64,2,6.488619541723665,2026-06-17,True
Vihreä Älyenergia Oy,24,2026-06-19,observed_seller_data,9.64,2,6.392096135430917,2026-06-18,True
Vihreä Älyenergia Oy,24,2026-06-20,observed_seller_data,9.64,2,6.448359965800273,2026-06-19,True
Vihreä Älyenergia Oy,24,2026-06-21,observed_seller_data,9.64,2,6.448359965800273,2026-06-19,True
Vihreä Älyenergia Oy,24,2026-06-22,observed_seller_data,9.64,2,6.448359965800273,2026-06-19,True
Vihreä Älyenergia Oy,24,2026-06-23,observed_seller_data,9.64,2,6.2601099658002735,2026-06-22,True
Vihreä Älyenergia Oy,24,2026-06-24,observed_seller_data,9.64,2,6.329272311901504,2026-06-23,True
Vihreä Älyenergia Oy,24,2026-06-25,observed_seller_data,9.64,2,6.319347339261285,2026-06-24,True
Vihreä Älyenergia Oy,24,2026-06-26,observed_seller_data,9.64,2,6.360398372093023,2026-06-25,True
Vihreä Älyenergia Oy,24,2026-06-27,observed_seller_data,9.64,2,6.398996060191518,2026-06-26,True
Vihreä Älyenergia Oy,24,2026-06-28,observed_seller_data,9.64,2,6.398996060191518,2026-06-26,True
Vihreä Älyenergia Oy,24,2026-06-29,observed_seller_data,9.64,2,6.398996060191518,2026-06-26,True
Vihreä Älyenergia Oy,24,2026-06-30,observed_seller_data,9.64,2,6.356499459644321,2026-06-29,True
Vihreä Älyenergia Oy,24,2026-07-01,observed_seller_data,9.64,2,6.578045588235293,2026-06-30,True
Vihreä Älyenergia Oy,24,2026-07-02,observed_seller_data,9.64,2,6.6284910943912445,2026-07-01,True
Vihreä Älyenergia Oy,24,2026-07-03,observed_seller_data,9.64,2,6.720432291381669,2026-07-02,True
Vihreä Älyenergia Oy,24,2026-07-04,observed_seller_data,9.64,2,6.790317421340628,2026-07-03,True
Vihreä Älyenergia Oy,24,2026-07-05,observed_seller_data,9.64,2,6.790317421340628,2026-07-03,True
Vihreä Älyenergia Oy,24,2026-07-06,observed_seller_data,9.64,2,6.790317421340628,2026-07-03,True
Vihreä Älyenergia Oy,24,2026-07-07,observed_seller_data,9.64,2,6.748586525307798,2026-07-06,True
Vihreä Älyenergia Oy,24,2026-07-08,observed_seller_data,9.64,2,6.768290540355675,2026-07-07,True
Vihreä Älyenergia Oy,24,2026-07-09,observed_seller_data,9.64,2,6.846610437756497,2026-07-08,True
Vihreä Älyenergia Oy,24,2026-07-10,observed_seller_data,9.64,2,6.866929076607387,2026-07-09,True
Vihreä Älyenergia Oy,24,2026-07-11,observed_seller_data,9.64,2,6.839267571819425,2026-07-10,True
Vihreä Älyenergia Oy,24,2026-07-12,observed_seller_data,9.64,2,6.839267571819425,2026-07-10,True
Vihreä Älyenergia Oy,24,2026-07-13,observed_seller_data,9.64,2,6.839267571819425,2026-07-10,True
Vihreä Älyenergia Oy,24,2026-07-14,observed_seller_data,9.64,2,6.9581303214774275,2026-07-13,True
Vihreä Älyenergia Oy,24,2026-07-15,observed_seller_data,9.64,2,7.056428926128589,2026-07-14,True
Vihreä Älyenergia Oy,24,2026-07-16,observed_seller_data,9.64,2,7.151063823529411,2026-07-15,True
Vihreä Älyenergia Oy,24,2026-07-17,observed_seller_data,9.64,2,7.151930820793433,2026-07-16,True
Vihreä Älyenergia Oy,24,2026-07-18,observed_seller_data,9.64,2,7.250301532147743,2026-07-17,True
Vihreä Älyenergia Oy,24,2026-07-19,observed_seller_data,9.64,2,7.250301532147743,2026-07-17,True
Vihreä Älyenergia Oy,24,2026-07-20,observed_seller_data,9.64,2,7.250301532147743,2026-07-17,True
Vihreä Älyenergia Oy,24,2026-07-21,observed_seller_data,9.64,2,7.25315146374829,2026-07-20,True
Vihreä Älyenergia Oy,24,2026-07-22,observed_seller_data,9.64,2,7.284062920656635,2026-07-21,True
Vihreä Älyenergia Oy,24,2026-07-23,observed_seller_data,9.64,2,7.422411648426812,2026-07-22,True
Vihreä Älyenergia Oy,24,2026-07-24,observed_seller_data,10.39,2,7.446412879616962,2026-07-23,True
Vihreä Älyenergia Oy,24,2026-07-25,observed_seller_data,10.39,2,7.456499233926127,2026-07-24,True
Vihreä Älyenergia Oy,24,2026-07-26,observed_seller_data,10.39,2,7.456499233926127,2026-07-24,True
Vihreä Älyenergia Oy,24,2026-07-27,canonical_calculation,10.39,2,7.456499233926127,2026-07-24,True
Vihreä Älyenergia Oy,24,2026-07-28,canonical_calculation,10.39,2,7.337356641586867,2026-07-27,True
Vihreä Älyenergia Oy,24,2026-07-29,canonical_calculation,10.39,2,7.273444350205198,2026-07-28,True
Vihreä Älyenergia Oy,24,2026-07-30,canonical_calculation,10.39,2,7.420560909712721,2026-07-29,True
Vihreä Älyenergia Oy,24,2026-07-31,canonical_calculation,10.39,2,7.412508994528044,2026-07-30,True
Vihreä Älyenergia Oy,24,2026-08-01,canonical_calculation,10.39,2,7.608965424076606,2026-07-31,True
Vihreä Älyenergia Oy,24,2026-08-02,canonical_calculation,10.39,2,7.608965424076606,2026-07-31,True
Vihreä Älyenergia Oy,24,2026-08-03,canonical_calculation,10.39,2,7.608965424076606,2026-07-31,True
Vihreä Älyenergia Oy,24,2026-08-04,canonical_calculation,10.39,2,7.529972530779754,2026-08-03,True
Vihreä Älyenergia Oy,24,2026-08-05,canonical_calculation,10.39,2,7.585975403556771,2026-08-04,True
Vihreä Älyenergia Oy,24,2026-08-06,canonical_calculation,10.39,2,7.4775578248974,2026-08-05,True
Vihreä Älyenergia Oy,24,2026-08-07,canonical_calculation,11.14,1,7.496314151846784,2026-08-06,True
Vihreä Älyenergia Oy,24,2026-08-08,canonical_calculation,11.14,1,7.491129336525306,2026-08-07,True
Vihreä Älyenergia Oy,24,2026-08-09,canonical_calculation,11.14,1,7.491129336525306,2026-08-07,True
Vihreä Älyenergia Oy,24,2026-08-10,canonical_calculation,11.14,1,7.491129336525306,2026-08-07,True
Vihreä Älyenergia Oy,24,2026-08-11,canonical_calculation,11.14,1,7.565430143638851,2026-08-10,True
Vihreä Älyenergia Oy,24,2026-08-12,canonical_calculation,11.14,1,7.543820451436388,2026-08-11,True
Vihreä Älyenergia Oy,24,2026-08-13,canonical_calculation,11.14,1,7.565919439124487,2026-08-12,True
Vihreä Älyenergia Oy,24,2026-08-14,canonical_calculation,11.14,1,7.4593920861833105,2026-08-13,True
Vihreä Älyenergia Oy,24,2026-08-15,canonical_calculation,11.14,1,7.408258132694938,2026-08-14,True
Vihreä Älyenergia Oy,24,2026-08-16,canonical_calculation,11.14,1,7.408258132694938,2026-08-14,True
Vihreä Älyenergia Oy,24,2026-08-17,canonical_calculation,11.14,1,7.408258132694938,2026-08-14,True
Vihreä Älyenergia Oy,24,2026-08-18,canonical_calculation,11.14,1,7.543262482900136,2026-08-17,True
Vihreä Älyenergia Oy,24,2026-08-19,canonical_calculation,11.14,1,7.569327339261285,2026-08-18,True
Vihreä Älyenergia Oy,24,2026-08-20,canonical_calculation,11.14,1,7.525651279069766,2026-08-19,True
Vihreä Älyenergia Oy,24,2026-08-21,canonical_calculation,11.14,1,7.518734186046511,2026-08-20,True
Vihreä Älyenergia Oy,24,2026-08-22,canonical_calculation,11.14,1,7.600690321477427,2026-08-21,True
Vihreä Älyenergia Oy,24,2026-08-23,canonical_calculation,11.14,1,7.600690321477427,2026-08-21,True
Vihreä Älyenergia Oy,24,2026-08-24,canonical_calculation,11.14,1,7.600690321477427,2026-08-21,True
Vihreä Älyenergia Oy,24,2026-08-25,canonical_calculation,11.14,1,7.572352387140903,2026-08-24,True
Vihreä Älyenergia Oy,24,2026-08-26,canonical_calculation,11.14,1,7.385951409028726,2026-08-25,True
Vihreä Älyenergia Oy,24,2026-08-27,canonical_calculation,11.14,1,7.248811326949384,2026-08-26,True
Vihreä Älyenergia Oy,24,2026-08-28,canonical_calculation,11.14,1,7.380433529411764,2026-08-27,True
Vihreä Älyenergia Oy,24,2026-08-29,canonical_calculation,11.14,1,7.362903016415868,2026-08-28,True
Vihreä Älyenergia Oy,24,2026-08-30,canonical_calculation,11.14,1,7.362903016415868,2026-08-28,True
Vihreä Älyenergia Oy,24,2026-08-31,canonical_calculation,11.14,1,7.362903016415868,2026-08-28,True
Vihreä Älyenergia Oy,24,2026-09-01,canonical_calculation,11.14,1,7.3933217441860455,2026-08-31,True
Vihreä Älyenergia Oy,24,2026-09-02,canonical_calculation,11.14,1,7.452802906976744,2026-09-01,True
Vihreä Älyenergia Oy,24,2026-09-03,canonical_calculation,11.14,1,7.658533632010943,2026-09-02,True
Vihreä Älyenergia Oy,24,2026-09-04,canonical_calculation,11.14,1,7.687525677154583,2026-09-03,True
Vihreä Älyenergia Oy,24,2026-09-05,canonical_calculation,11.14,1,7.69683602599179,2026-09-04,True
Vihreä Älyenergia Oy,24,2026-09-06,canonical_calculation,11.14,1,7.69683602599179,2026-09-04,True
Vihreä Älyenergia Oy,24,2026-09-07,canonical_calculation,11.14,1,7.69683602599179,2026-09-04,True
Vihreä Älyenergia Oy,24,2026-09-08,canonical_calculation,11.14,1,7.916026668946647,2026-09-07,True
Vihreä Älyenergia Oy,24,2026-09-09,canonical_calculation,11.14,1,8.065436908344731,2026-09-08,True
Vihreä Älyenergia Oy,24,2026-09-10,canonical_calculation,11.14,1,8.37942211354309,2026-09-09,True
Vihreä Älyenergia Oy,24,2026-09-11,canonical_calculation,11.14,1,8.510666614227084,2026-09-10,True
Vihreä Älyenergia Oy,24,2026-09-12,canonical_calculation,11.14,1,8.336777865937071,2026-09-11,True
Vihreä Älyenergia Oy,24,2026-09-13,canonical_calculation,11.14,1,8.336777865937071,2026-09-11,True
Väre Oy,6,2026-04-08,observed_seller_data,7.81,1,,,False
Väre Oy,6,2026-04-09,observed_seller_data,7.07,1,5.674571168478261,2026-04-08,True
Väre Oy,6,2026-04-10,observed_seller_data,7.07,1,5.6259399184782595,2026-04-09,True
Väre Oy,6,2026-04-11,observed_seller_data,7.07,1,5.571442907608695,2026-04-10,True
Väre Oy,6,2026-04-12,observed_seller_data,7.07,1,5.571442907608695,2026-04-10,True
Väre Oy,6,2026-04-13,observed_seller_data,7.07,1,5.571442907608695,2026-04-10,True
Väre Oy,6,2026-04-14,observed_seller_data,7.07,1,5.563196739130434,2026-04-13,True
Väre Oy,6,2026-04-15,observed_seller_data,7.34,1,5.412678586956522,2026-04-14,True
Väre Oy,6,2026-04-16,observed_seller_data,7.34,1,5.3783638858695655,2026-04-15,True
Väre Oy,6,2026-04-17,observed_seller_data,7.34,1,5.434354619565217,2026-04-16,True
Väre Oy,6,2026-04-18,observed_seller_data,7.34,1,5.393219266304348,2026-04-17,True
Väre Oy,6,2026-04-19,observed_seller_data,7.34,1,5.393219266304348,2026-04-17,True
Väre Oy,6,2026-04-20,observed_seller_data,7.34,1,5.393219266304348,2026-04-17,True
Väre Oy,6,2026-04-21,observed_seller_data,7.34,1,5.466534456521739,2026-04-20,True
Väre Oy,6,2026-04-22,observed_seller_data,7.34,1,5.530171141304348,2026-04-21,True
Väre Oy,12,2026-04-08,observed_seller_data,9.92,1,,,False
Väre Oy,12,2026-04-09,observed_seller_data,9.66,1,7.008009397260273,2026-04-08,True
Väre Oy,12,2026-04-10,observed_seller_data,9.66,1,7.001851301369863,2026-04-09,True
Väre Oy,12,2026-04-11,observed_seller_data,9.66,1,6.91596116438356,2026-04-10,True
Väre Oy,12,2026-04-12,observed_seller_data,9.66,1,6.91596116438356,2026-04-10,True
Väre Oy,12,2026-04-13,observed_seller_data,9.66,1,6.91596116438356,2026-04-10,True
Väre Oy,12,2026-04-14,observed_seller_data,9.66,1,6.929934643835616,2026-04-13,True
Väre Oy,12,2026-04-15,observed_seller_data,9.77,1,6.809994465753424,2026-04-14,True
Väre Oy,12,2026-04-16,observed_seller_data,9.77,1,6.761455191780822,2026-04-15,True
Väre Oy,12,2026-04-17,observed_seller_data,9.77,1,6.797176273972602,2026-04-16,True
Väre Oy,12,2026-04-18,observed_seller_data,9.77,1,6.730929465753426,2026-04-17,True
Väre Oy,12,2026-04-19,observed_seller_data,9.77,1,6.730929465753426,2026-04-17,True
Väre Oy,12,2026-04-20,observed_seller_data,9.77,1,6.730929465753426,2026-04-17,True
Väre Oy,12,2026-04-21,observed_seller_data,9.77,1,6.749090863013699,2026-04-20,True
Väre Oy,12,2026-04-22,observed_seller_data,9.77,1,6.839808452054794,2026-04-21,True
Väre Oy,24,2026-04-08,observed_seller_data,9.07,1,,,False
Väre Oy,24,2026-04-09,observed_seller_data,8.88,1,6.314420047879617,2026-04-08,True
Väre Oy,24,2026-04-10,observed_seller_data,8.88,1,6.2962903625171,2026-04-09,True
Väre Oy,24,2026-04-11,observed_seller_data,8.88,1,6.228571867305061,2026-04-10,True
Väre Oy,24,2026-04-12,observed_seller_data,8.88,1,6.228571867305061,2026-04-10,True
Väre Oy,24,2026-04-13,observed_seller_data,8.88,1,6.228571867305061,2026-04-10,True
Väre Oy,24,2026-04-14,observed_seller_data,8.88,1,6.23801269493844,2026-04-13,True
Väre Oy,24,2026-04-15,observed_seller_data,8.92,1,6.177379541723666,2026-04-14,True
Väre Oy,24,2026-04-16,observed_seller_data,8.92,1,6.144708337893295,2026-04-15,True
Väre Oy,24,2026-04-17,observed_seller_data,8.92,1,6.150796203830369,2026-04-16,True
Väre Oy,24,2026-04-18,observed_seller_data,8.92,1,6.103619534883721,2026-04-17,True
Väre Oy,24,2026-04-19,observed_seller_data,8.92,1,6.103619534883721,2026-04-17,True
Väre Oy,24,2026-04-20,observed_seller_data,8.92,1,6.103619534883721,2026-04-17,True
Väre Oy,24,2026-04-21,observed_seller_data,8.92,1,6.087503686730505,2026-04-20,True
Väre Oy,24,2026-04-22,observed_seller_data,8.92,1,6.154380937072504,2026-04-21,True
__market__,6,2026-04-08,observed_seller_data,7.805,16,,,False
__market__,6,2026-04-09,observed_seller_data,7.77,16,5.674571168478261,2026-04-08,True
__market__,6,2026-04-10,observed_seller_data,7.77,16,5.6259399184782595,2026-04-09,True
__market__,6,2026-04-11,observed_seller_data,7.715,16,5.571442907608695,2026-04-10,True
__market__,6,2026-04-12,observed_seller_data,7.715,16,5.571442907608695,2026-04-10,True
__market__,6,2026-04-13,observed_seller_data,7.715,16,5.571442907608695,2026-04-10,True
__market__,6,2026-04-14,observed_seller_data,7.62,16,5.563196739130434,2026-04-13,True
__market__,6,2026-04-15,observed_seller_data,7.62,16,5.412678586956522,2026-04-14,True
__market__,6,2026-04-16,observed_seller_data,7.62,16,5.3783638858695655,2026-04-15,True
__market__,6,2026-04-17,observed_seller_data,7.55,17,5.434354619565217,2026-04-16,True
__market__,6,2026-04-18,observed_seller_data,7.55,17,5.393219266304348,2026-04-17,True
__market__,6,2026-04-19,observed_seller_data,7.55,17,5.393219266304348,2026-04-17,True
__market__,6,2026-04-20,observed_seller_data,7.54,17,5.393219266304348,2026-04-17,True
__market__,6,2026-04-21,observed_seller_data,7.54,17,5.466534456521739,2026-04-20,True
__market__,6,2026-04-22,observed_seller_data,7.55,17,5.530171141304348,2026-04-21,True
__market__,6,2026-04-23,observed_seller_data,7.55,15,5.561593885869565,2026-04-22,True
__market__,6,2026-04-24,observed_seller_data,7.55,15,5.632699184782608,2026-04-23,True
__market__,6,2026-04-25,observed_seller_data,7.55,15,5.489342717391304,2026-04-24,True
__market__,6,2026-04-26,observed_seller_data,7.55,15,5.489342717391304,2026-04-24,True
__market__,6,2026-04-27,observed_seller_data,7.55,15,5.489342717391304,2026-04-24,True
__market__,6,2026-04-28,observed_seller_data,7.55,15,5.378875434782609,2026-04-27,True
__market__,6,2026-04-29,observed_seller_data,7.62,16,5.458874864130435,2026-04-28,True
__market__,6,2026-04-30,observed_seller_data,7.62,16,5.601869836956521,2026-04-29,True
__market__,6,2026-05-01,observed_seller_data,7.62,16,6.441215491803279,2026-04-30,True
__market__,6,2026-05-02,observed_seller_data,7.62,16,6.441215491803279,2026-04-30,True
__market__,6,2026-05-03,observed_seller_data,7.62,16,6.441215491803279,2026-04-30,True
__market__,6,2026-05-04,observed_seller_data,7.62,16,6.441215491803279,2026-04-30,True
__market__,6,2026-05-05,observed_seller_data,7.715,16,6.770018633879781,2026-05-04,True
__market__,6,2026-05-06,observed_seller_data,8.025,16,6.7423194808743165,2026-05-05,True
__market__,6,2026-05-07,observed_seller_data,8.025,16,6.660545601092896,2026-05-06,True
__market__,6,2026-05-08,observed_seller_data,8.045,16,6.847012540983606,2026-05-07,True
__market__,6,2026-05-09,observed_seller_data,8.045,16,7.107675355191256,2026-05-08,True
__market__,6,2026-05-10,observed_seller_data,8.045,16,7.107675355191256,2026-05-08,True
__market__,6,2026-05-11,observed_seller_data,8.115,16,7.107675355191256,2026-05-08,True
__market__,6,2026-05-12,observed_seller_data,8.115,16,7.366465956284151,2026-05-11,True
__market__,6,2026-05-13,observed_seller_data,8.190000000000001,16,7.396359644808744,2026-05-12,True
__market__,6,2026-05-14,observed_seller_data,8.504999999999999,16,7.428221557377048,2026-05-13,True
__market__,6,2026-05-15,observed_seller_data,8.625,16,7.398444453551912,2026-05-14,True
__market__,6,2026-05-16,observed_seller_data,8.625,16,7.479093633879781,2026-05-15,True
__market__,6,2026-05-17,observed_seller_data,8.625,16,7.479093633879781,2026-05-15,True
__market__,6,2026-05-18,observed_seller_data,8.629999999999999,16,7.479093633879781,2026-05-15,True
__market__,6,2026-05-19,observed_seller_data,8.629999999999999,16,7.228169071038252,2026-05-18,True
__market__,6,2026-05-20,observed_seller_data,8.76,15,7.127330163934426,2026-05-19,True
__market__,6,2026-05-21,observed_seller_data,8.53,15,7.172736475409835,2026-05-20,True
__market__,6,2026-05-22,observed_seller_data,8.76,15,7.28672887978142,2026-05-21,True
__market__,6,2026-05-23,observed_seller_data,8.79,15,7.243229071038251,2026-05-22,True
__market__,6,2026-05-24,observed_seller_data,8.79,15,7.243229071038251,2026-05-22,True
__market__,6,2026-05-25,observed_seller_data,8.79,15,7.243229071038251,2026-05-22,True
__market__,6,2026-05-26,observed_seller_data,8.79,15,6.942173087431693,2026-05-25,True
__market__,6,2026-05-27,observed_seller_data,8.79,15,7.076855846994536,2026-05-26,True
__market__,6,2026-05-28,observed_seller_data,8.79,15,6.931831338797814,2026-05-27,True
__market__,6,2026-05-29,observed_seller_data,8.79,15,7.196656912568304,2026-05-28,True
__market__,6,2026-05-30,observed_seller_data,8.79,15,7.456805382513661,2026-05-29,True
__market__,6,2026-05-31,observed_seller_data,8.79,15,7.456805382513661,2026-05-29,True
__market__,6,2026-06-01,observed_seller_data,8.79,15,8.027859864130434,2026-05-29,True
__market__,6,2026-06-02,observed_seller_data,8.774999999999999,14,8.316530326086957,2026-06-01,True
__market__,6,2026-06-03,observed_seller_data,8.79,14,8.12564073369565,2026-06-02,True
__market__,6,2026-06-04,observed_seller_data,8.79,14,8.344590489130434,2026-06-03,True
__market__,6,2026-06-05,observed_seller_data,10.45,14,8.148851413043477,2026-06-04,True
__market__,6,2026-06-06,observed_seller_data,10.45,14,8.002125543478261,2026-06-05,True
__market__,6,2026-06-07,observed_seller_data,10.45,14,8.002125543478261,2026-06-05,True
__market__,6,2026-06-08,observed_seller_data,10.45,14,8.002125543478261,2026-06-05,True
__market__,6,2026-06-09,observed_seller_data,10.45,14,8.021243831521739,2026-06-08,True
__market__,6,2026-06-10,observed_seller_data,10.5,15,7.776116413043478,2026-06-09,True
__market__,6,2026-06-11,observed_seller_data,10.5,15,7.787288641304348,2026-06-10,True
__market__,6,2026-06-12,observed_seller_data,10.5,15,7.798379021739129,2026-06-11,True
__market__,6,2026-06-13,observed_seller_data,10.5,15,7.557739592391304,2026-06-12,True
__market__,6,2026-06-14,observed_seller_data,10.5,15,7.557739592391304,2026-06-12,True
__market__,6,2026-06-15,observed_seller_data,10.79,15,7.557739592391304,2026-06-12,True
__market__,6,2026-06-16,observed_seller_data,10.79,15,7.4405744293478255,2026-06-15,True
__market__,6,2026-06-17,observed_seller_data,10.79,14,7.485686222826087,2026-06-16,True
__market__,6,2026-06-18,observed_seller_data,10.645,14,7.333497010869565,2026-06-17,True
__market__,6,2026-06-19,observed_seller_data,10.495000000000001,14,7.184213396739131,2026-06-18,True
__market__,6,2026-06-20,observed_seller_data,10.495000000000001,14,7.332889972826087,2026-06-19,True
__market__,6,2026-06-21,observed_seller_data,10.495000000000001,14,7.332889972826087,2026-06-19,True
__market__,6,2026-06-22,observed_seller_data,10.495000000000001,14,7.332889972826087,2026-06-19,True
__market__,6,2026-06-23,observed_seller_data,10.445,14,6.920779347826087,2026-06-22,True
__market__,6,2026-06-24,observed_seller_data,10.445,14,6.979552907608695,2026-06-23,True
__market__,6,2026-06-25,observed_seller_data,10.445,14,6.916189048913043,2026-06-24,True
__market__,6,2026-06-26,observed_seller_data,10.445,14,6.9198994836956516,2026-06-25,True
__market__,6,2026-06-27,observed_seller_data,10.445,14,7.021247554347825,2026-06-26,True
__market__,6,2026-06-28,observed_seller_data,10.445,14,7.021247554347825,2026-06-26,True
__market__,6,2026-06-29,observed_seller_data,10.445,14,7.021247554347825,2026-06-26,True
__market__,6,2026-06-30,observed_seller_data,10.445,14,7.20875410326087,2026-06-29,True
__market__,6,2026-07-01,observed_seller_data,10.2,14,8.389504483695651,2026-06-30,True
__market__,6,2026-07-02,observed_seller_data,10.6,14,8.399762744565216,2026-07-01,True
__market__,6,2026-07-03,observed_seller_data,10.2,12,8.60288858695652,2026-07-02,True
__market__,6,2026-07-04,observed_seller_data,10.2,12,8.829231929347825,2026-07-03,True
__market__,6,2026-07-05,observed_seller_data,10.2,12,8.829231929347825,2026-07-03,True
__market__,6,2026-07-06,observed_seller_data,10.2,12,8.829231929347825,2026-07-03,True
__market__,6,2026-07-07,observed_seller_data,10.6,12,8.83481804347826,2026-07-06,True
__market__,6,2026-07-08,observed_seller_data,10.7,13,8.888237391304347,2026-07-07,True
__market__,6,2026-07-09,observed_seller_data,10.79,13,9.081084510869564,2026-07-08,True
__market__,6,2026-07-10,observed_seller_data,11.2,13,9.261954565217389,2026-07-09,True
__market__,6,2026-07-11,observed_seller_data,11.3,12,9.247372010869563,2026-07-10,True
__market__,6,2026-07-12,observed_seller_data,11.3,12,9.247372010869563,2026-07-10,True
__market__,6,2026-07-13,observed_seller_data,11.3,12,9.247372010869563,2026-07-10,True
__market__,6,2026-07-14,observed_seller_data,11.3,12,9.484048641304346,2026-07-13,True
__market__,6,2026-07-15,observed_seller_data,11.2,13,9.635098804347825,2026-07-14,True
__market__,6,2026-07-16,observed_seller_data,11.4,13,9.893621983695652,2026-07-15,True
__market__,6,2026-07-17,observed_seller_data,11.44,13,9.821984673913043,2026-07-16,True
__market__,6,2026-07-18,observed_seller_data,11.44,13,10.060427853260867,2026-07-17,True
__market__,6,2026-07-19,observed_seller_data,11.44,13,10.060427853260867,2026-07-17,True
__market__,6,2026-07-20,observed_seller_data,11.44,13,10.060427853260867,2026-07-17,True
__market__,6,2026-07-21,observed_seller_data,11.7,13,10.116848288043478,2026-07-20,True
__market__,6,2026-07-22,observed_seller_data,11.7,13,10.145904266304347,2026-07-21,True
__market__,6,2026-07-23,observed_seller_data,11.92,13,10.487925869565217,2026-07-22,True
__market__,6,2026-07-24,observed_seller_data,11.92,13,10.476433070652174,2026-07-23,True
__market__,6,2026-07-25,observed_seller_data,12.01,9,10.398609429347827,2026-07-24,True
__market__,6,2026-07-26,observed_seller_data,12.01,9,10.398609429347827,2026-07-24,True
__market__,6,2026-07-27,canonical_calculation,11.94,11,10.398609429347827,2026-07-24,True
__market__,6,2026-07-28,canonical_calculation,12.01,7,10.149839782608694,2026-07-27,True
__market__,6,2026-07-29,canonical_calculation,12.3,9,10.074553423913043,2026-07-28,True
__market__,6,2026-07-30,canonical_calculation,12.3,7,10.453140543478257,2026-07-29,True
__market__,6,2026-07-31,canonical_calculation,12.75,6,10.418491630434781,2026-07-30,True
__market__,6,2026-08-01,canonical_calculation,12.55,9,11.953403508287291,2026-07-31,True
__market__,6,2026-08-02,canonical_calculation,12.55,9,11.953403508287291,2026-07-31,True
__market__,6,2026-08-03,canonical_calculation,12.595,8,11.953403508287291,2026-07-31,True
__market__,6,2026-08-04,canonical_calculation,12.595,6,11.636949364640882,2026-08-03,True
__market__,6,2026-08-05,canonical_calculation,13.0,8,11.838782486187846,2026-08-04,True
__market__,6,2026-08-06,canonical_calculation,13.0,8,11.559888204419888,2026-08-05,True
__market__,6,2026-08-07,canonical_calculation,13.0,8,11.55857773480663,2026-08-06,True
__market__,6,2026-08-08,canonical_calculation,13.195,8,11.478583618784532,2026-08-07,True
__market__,6,2026-08-09,canonical_calculation,13.195,8,11.478583618784532,2026-08-07,True
__market__,6,2026-08-10,canonical_calculation,13.195,8,11.478583618784532,2026-08-07,True
__market__,6,2026-08-11,canonical_calculation,13.675,8,11.645401546961326,2026-08-10,True
__market__,6,2026-08-12,canonical_calculation,13.675,8,11.571758701657458,2026-08-11,True
__market__,6,2026-08-13,canonical_calculation,13.675,8,11.600921850828728,2026-08-12,True
__market__,6,2026-08-14,canonical_calculation,13.675,8,11.42925726519337,2026-08-13,True
__market__,6,2026-08-15,canonical_calculation,13.95,8,11.314379696132594,2026-08-14,True
__market__,6,2026-08-16,canonical_calculation,13.95,8,11.314379696132594,2026-08-14,True
__market__,6,2026-08-17,canonical_calculation,13.95,8,11.314379696132594,2026-08-14,True
__market__,6,2026-08-18,canonical_calculation,13.895,8,11.569546850828727,2026-08-17,True
__market__,6,2026-08-19,canonical_calculation,13.895,8,11.674093204419888,2026-08-18,True
__market__,6,2026-08-20,canonical_calculation,13.795,8,11.554556187845302,2026-08-19,True
__market__,6,2026-08-21,canonical_calculation,13.79,9,11.415459198895025,2026-08-20,True
__market__,6,2026-08-22,canonical_calculation,13.79,9,11.601920303867402,2026-08-21,True
__market__,6,2026-08-23,canonical_calculation,13.79,9,11.601920303867402,2026-08-21,True
__market__,6,2026-08-24,canonical_calculation,13.79,9,11.601920303867402,2026-08-21,True
__market__,6,2026-08-25,canonical_calculation,13.79,9,11.451798729281766,2026-08-24,True
__market__,6,2026-08-26,canonical_calculation,13.79,9,11.270392292817679,2026-08-25,True
__market__,6,2026-08-27,canonical_calculation,13.79,9,10.910380635359115,2026-08-26,True
__market__,6,2026-08-28,canonical_calculation,13.78,9,11.102617513812154,2026-08-27,True
__market__,6,2026-08-29,canonical_calculation,13.785,8,11.025050193370166,2026-08-28,True
__market__,6,2026-08-30,canonical_calculation,13.785,8,11.025050193370166,2026-08-28,True
__market__,6,2026-08-31,canonical_calculation,13.785,8,11.025050193370166,2026-08-28,True
__market__,6,2026-09-01,canonical_calculation,13.5,7,11.866493901098899,2026-08-31,True
__market__,6,2026-09-02,canonical_calculation,13.5,7,11.862680631868132,2026-09-01,True
__market__,6,2026-09-03,canonical_calculation,13.79,7,12.428430494505495,2026-09-02,True
__market__,6,2026-09-04,canonical_calculation,13.79,7,12.439056620879121,2026-09-03,True
__market__,6,2026-09-05,canonical_calculation,13.79,7,12.411219065934064,2026-09-04,True
__market__,6,2026-09-06,canonical_calculation,13.79,7,12.411219065934064,2026-09-04,True
__market__,6,2026-09-07,canonical_calculation,13.79,7,12.411219065934064,2026-09-04,True
__market__,6,2026-09-08,canonical_calculation,14.5,7,12.888525906593406,2026-09-07,True
__market__,6,2026-09-09,canonical_calculation,14.5,7,13.189960357142855,2026-09-08,True
__market__,6,2026-09-10,canonical_calculation,14.465,6,13.81508137362637,2026-09-09,True
__market__,6,2026-09-11,canonical_calculation,14.5,7,13.937105989010986,2026-09-10,True
__market__,6,2026-09-12,canonical_calculation,15.5,7,13.675272994505493,2026-09-11,True
__market__,6,2026-09-13,canonical_calculation,15.5,7,13.675272994505493,2026-09-11,True
__market__,12,2026-04-08,observed_seller_data,9.27,33,,,False
__market__,12,2026-04-09,observed_seller_data,9.27,34,7.008009397260273,2026-04-08,True
__market__,12,2026-04-10,observed_seller_data,9.27,34,7.001851301369863,2026-04-09,True
__market__,12,2026-04-11,observed_seller_data,9.27,34,6.91596116438356,2026-04-10,True
__market__,12,2026-04-12,observed_seller_data,9.27,34,6.91596116438356,2026-04-10,True
__market__,12,2026-04-13,observed_seller_data,9.27,34,6.91596116438356,2026-04-10,True
__market__,12,2026-04-14,observed_seller_data,9.34,34,6.929934643835616,2026-04-13,True
__market__,12,2026-04-15,observed_seller_data,9.39,35,6.809994465753424,2026-04-14,True
__market__,12,2026-04-16,observed_seller_data,9.39,35,6.761455191780822,2026-04-15,True
__market__,12,2026-04-17,observed_seller_data,9.39,35,6.797176273972602,2026-04-16,True
__market__,12,2026-04-18,observed_seller_data,9.39,34,6.730929465753426,2026-04-17,True
__market__,12,2026-04-19,observed_seller_data,9.39,34,6.730929465753426,2026-04-17,True
__market__,12,2026-04-20,observed_seller_data,9.39,34,6.730929465753426,2026-04-17,True
__market__,12,2026-04-21,observed_seller_data,9.34,34,6.749090863013699,2026-04-20,True
__market__,12,2026-04-22,observed_seller_data,9.295,34,6.839808452054794,2026-04-21,True
__market__,12,2026-04-23,observed_seller_data,9.2,33,6.872737589041094,2026-04-22,True
__market__,12,2026-04-24,observed_seller_data,9.2,33,6.963417356164384,2026-04-23,True
__market__,12,2026-04-25,observed_seller_data,9.2,33,6.8711112465753414,2026-04-24,True
__market__,12,2026-04-26,observed_seller_data,9.2,33,6.8711112465753414,2026-04-24,True
__market__,12,2026-04-27,observed_seller_data,9.2,33,6.8711112465753414,2026-04-24,True
__market__,12,2026-04-28,observed_seller_data,9.2,33,6.778488808219178,2026-04-27,True
__market__,12,2026-04-29,observed_seller_data,9.2,33,6.82226595890411,2026-04-28,True
__market__,12,2026-04-30,observed_seller_data,9.22,33,6.91197610958904,2026-04-29,True
__market__,12,2026-05-01,observed_seller_data,9.22,33,6.984508232876711,2026-04-30,True
__market__,12,2026-05-02,observed_seller_data,9.22,33,6.984508232876711,2026-04-30,True
__market__,12,2026-05-03,observed_seller_data,9.22,33,6.984508232876711,2026-04-30,True
__market__,12,2026-05-04,observed_seller_data,9.22,33,6.984508232876711,2026-04-30,True
__market__,12,2026-05-05,observed_seller_data,9.22,33,7.199113232876712,2026-05-04,True
__market__,12,2026-05-06,observed_seller_data,9.29,33,7.225643589041095,2026-05-05,True
__market__,12,2026-05-07,observed_seller_data,9.29,33,7.098238739726027,2026-05-06,True
__market__,12,2026-05-08,observed_seller_data,9.4,33,7.211415671232878,2026-05-07,True
__market__,12,2026-05-09,observed_seller_data,9.4,33,7.42950716438356,2026-05-08,True
__market__,12,2026-05-10,observed_seller_data,9.4,33,7.42950716438356,2026-05-08,True
__market__,12,2026-05-11,observed_seller_data,9.4,33,7.42950716438356,2026-05-08,True
__market__,12,2026-05-12,observed_seller_data,9.4,33,7.627480835616438,2026-05-11,True
__market__,12,2026-05-13,observed_seller_data,9.49,33,7.662703356164383,2026-05-12,True
__market__,12,2026-05-14,observed_seller_data,9.49,33,7.6846194383561635,2026-05-13,True
__market__,12,2026-05-15,observed_seller_data,9.49,33,7.672966849315067,2026-05-14,True
__market__,12,2026-05-16,observed_seller_data,9.49,33,7.7297306712328755,2026-05-15,True
__market__,12,2026-05-17,observed_seller_data,9.49,33,7.7297306712328755,2026-05-15,True
__market__,12,2026-05-18,observed_seller_data,9.5,33,7.7297306712328755,2026-05-15,True
__market__,12,2026-05-19,observed_seller_data,9.5,33,7.584962123287671,2026-05-18,True
__market__,12,2026-05-20,observed_seller_data,9.5,33,7.514379547945205,2026-05-19,True
__market__,12,2026-05-21,observed_seller_data,9.5,33,7.557534356164381,2026-05-20,True
__market__,12,2026-05-22,observed_seller_data,9.5,33,7.675029863013698,2026-05-21,True
__market__,12,2026-05-23,observed_seller_data,9.5,33,7.630430945205479,2026-05-22,True
__market__,12,2026-05-24,observed_seller_data,9.5,33,7.630430945205479,2026-05-22,True
__market__,12,2026-05-25,observed_seller_data,9.7,33,7.630430945205479,2026-05-22,True
__market__,12,2026-05-26,observed_seller_data,9.78,33,7.405325205479452,2026-05-25,True
__market__,12,2026-05-27,observed_seller_data,9.78,33,7.498484027397259,2026-05-26,True
__market__,12,2026-05-28,observed_seller_data,9.8,33,7.3629646575342464,2026-05-27,True
__market__,12,2026-05-29,observed_seller_data,9.8,33,7.544537369863012,2026-05-28,True
__market__,12,2026-05-30,observed_seller_data,9.8,33,7.758901684931507,2026-05-29,True
__market__,12,2026-05-31,observed_seller_data,9.8,33,7.758901684931507,2026-05-29,True
__market__,12,2026-06-01,observed_seller_data,9.8,33,7.61820415068493,2026-05-29,True
__market__,12,2026-06-02,observed_seller_data,9.8,33,7.859800246575342,2026-06-01,True
__market__,12,2026-06-03,observed_seller_data,9.96,31,7.760411123287669,2026-06-02,True
__market__,12,2026-06-04,observed_seller_data,9.96,31,7.938253219178082,2026-06-03,True
__market__,12,2026-06-05,observed_seller_data,10.0,31,7.809387068493151,2026-06-04,True
__market__,12,2026-06-06,observed_seller_data,10.07,31,7.719044260273972,2026-06-05,True
__market__,12,2026-06-07,observed_seller_data,10.07,31,7.719044260273972,2026-06-05,True
__market__,12,2026-06-08,observed_seller_data,10.07,31,7.719044260273972,2026-06-05,True
__market__,12,2026-06-09,observed_seller_data,10.07,31,7.710300520547945,2026-06-08,True
__market__,12,2026-06-10,observed_seller_data,10.07,31,7.529601150684932,2026-06-09,True
__market__,12,2026-06-11,observed_seller_data,10.07,31,7.565910191780821,2026-06-10,True
__market__,12,2026-06-12,observed_seller_data,10.07,31,7.608071315068491,2026-06-11,True
__market__,12,2026-06-13,observed_seller_data,10.07,31,7.4029114794520545,2026-06-12,True
__market__,12,2026-06-14,observed_seller_data,10.07,31,7.4029114794520545,2026-06-12,True
__market__,12,2026-06-15,observed_seller_data,10.07,31,7.4029114794520545,2026-06-12,True
__market__,12,2026-06-16,observed_seller_data,10.07,31,7.26479615068493,2026-06-15,True
__market__,12,2026-06-17,observed_seller_data,9.9,31,7.301139575342464,2026-06-16,True
__market__,12,2026-06-18,observed_seller_data,9.9,31,7.162126835616437,2026-06-17,True
__market__,12,2026-06-19,observed_seller_data,9.9,31,7.0250842739726025,2026-06-18,True
__market__,12,2026-06-20,observed_seller_data,9.9,31,7.132684191780821,2026-06-19,True
__market__,12,2026-06-21,observed_seller_data,9.9,31,7.132684191780821,2026-06-19,True
__market__,12,2026-06-22,observed_seller_data,9.9,31,7.132684191780821,2026-06-19,True
__market__,12,2026-06-23,observed_seller_data,9.865,30,6.836349465753425,2026-06-22,True
__market__,12,2026-06-24,observed_seller_data,9.695,30,6.874353616438356,2026-06-23,True
__market__,12,2026-06-25,observed_seller_data,9.69,30,6.835799328767123,2026-06-24,True
__market__,12,2026-06-26,observed_seller_data,9.629999999999999,30,6.8778641780821905,2026-06-25,True
__market__,12,2026-06-27,observed_seller_data,9.6,30,6.942928191780821,2026-06-26,True
__market__,12,2026-06-28,observed_seller_data,9.6,30,6.942928191780821,2026-06-26,True
__market__,12,2026-06-29,observed_seller_data,9.6,30,6.942928191780821,2026-06-26,True
__market__,12,2026-06-30,observed_seller_data,9.545,30,7.11498009589041,2026-06-29,True
__market__,12,2026-07-01,observed_seller_data,9.55,30,7.291367767123288,2026-06-30,True
__market__,12,2026-07-02,observed_seller_data,9.55,30,7.297343630136985,2026-07-01,True
__market__,12,2026-07-03,observed_seller_data,9.594999999999999,30,7.396309835616438,2026-07-02,True
__market__,12,2026-07-04,observed_seller_data,9.605,30,7.537921972602739,2026-07-03,True
__market__,12,2026-07-05,observed_seller_data,9.605,30,7.537921972602739,2026-07-03,True
__market__,12,2026-07-06,observed_seller_data,9.605,30,7.537921972602739,2026-07-03,True
__market__,12,2026-07-07,observed_seller_data,9.61,30,7.517649424657533,2026-07-06,True
__market__,12,2026-07-08,observed_seller_data,9.635,30,7.55255905479452,2026-07-07,True
__market__,12,2026-07-09,observed_seller_data,9.815,30,7.663016246575341,2026-07-08,True
__market__,12,2026-07-10,observed_seller_data,9.865,30,7.752925821917807,2026-07-09,True
__market__,12,2026-07-11,observed_seller_data,9.935,30,7.733756986301369,2026-07-10,True
__market__,12,2026-07-12,observed_seller_data,9.935,30,7.733756986301369,2026-07-10,True
__market__,12,2026-07-13,observed_seller_data,9.935,30,7.733756986301369,2026-07-10,True
__market__,12,2026-07-14,observed_seller_data,9.935,30,7.916333698630135,2026-07-13,True
__market__,12,2026-07-15,observed_seller_data,9.935,30,8.05474128767123,2026-07-14,True
__market__,12,2026-07-16,observed_seller_data,10.025,30,8.242688712328768,2026-07-15,True
__market__,12,2026-07-17,observed_seller_data,10.09,30,8.230231547945204,2026-07-16,True
__market__,12,2026-07-18,observed_seller_data,10.09,30,8.411536068493149,2026-07-17,True
__market__,12,2026-07-19,observed_seller_data,10.09,30,8.411536068493149,2026-07-17,True
__market__,12,2026-07-20,observed_seller_data,10.09,30,8.411536068493149,2026-07-17,True
__market__,12,2026-07-21,observed_seller_data,10.225,30,8.444090424657533,2026-07-20,True
__market__,12,2026-07-22,observed_seller_data,10.36,30,8.482008616438355,2026-07-21,True
__market__,12,2026-07-23,observed_seller_data,10.434999999999999,30,8.747336246575342,2026-07-22,True
__market__,12,2026-07-24,observed_seller_data,10.48,29,8.776696369863014,2026-07-23,True
__market__,12,2026-07-25,observed_seller_data,10.48,31,8.763114863013698,2026-07-24,True
__market__,12,2026-07-26,observed_seller_data,10.48,31,8.763114863013698,2026-07-24,True
__market__,12,2026-07-27,canonical_calculation,10.48,31,8.763114863013698,2026-07-24,True
__market__,12,2026-07-28,canonical_calculation,10.545,26,8.568218520547944,2026-07-27,True
__market__,12,2026-07-29,canonical_calculation,10.6,29,8.490944904109588,2026-07-28,True
__market__,12,2026-07-30,canonical_calculation,10.66,29,8.781259068493151,2026-07-29,True
__market__,12,2026-07-31,canonical_calculation,10.66,25,8.746273794520546,2026-07-30,True
__market__,12,2026-08-01,canonical_calculation,10.815,30,8.888607986301372,2026-07-31,True
__market__,12,2026-08-02,canonical_calculation,10.815,30,8.888607986301372,2026-07-31,True
__market__,12,2026-08-03,canonical_calculation,10.99,27,8.888607986301372,2026-07-31,True
__market__,12,2026-08-04,canonical_calculation,10.925,28,8.728779438356165,2026-08-03,True
__market__,12,2026-08-05,canonical_calculation,10.99,30,8.838225753424656,2026-08-04,True
__market__,12,2026-08-06,canonical_calculation,10.99,30,8.654765383561644,2026-08-05,True
__market__,12,2026-08-07,canonical_calculation,11.29,29,8.644147739726026,2026-08-06,True
__market__,12,2026-08-08,canonical_calculation,11.29,29,8.630679698630136,2026-08-07,True
__market__,12,2026-08-09,canonical_calculation,11.29,29,8.630679698630136,2026-08-07,True
__market__,12,2026-08-10,canonical_calculation,11.29,29,8.630679698630136,2026-08-07,True
__market__,12,2026-08-11,canonical_calculation,11.2,29,8.748859438356163,2026-08-10,True
__market__,12,2026-08-12,canonical_calculation,11.29,29,8.705082287671232,2026-08-11,True
__market__,12,2026-08-13,canonical_calculation,11.29,29,8.724316452054794,2026-08-12,True
__market__,12,2026-08-14,canonical_calculation,11.29,29,8.579424123287671,2026-08-13,True
__market__,12,2026-08-15,canonical_calculation,11.29,29,8.519703315068492,2026-08-14,True
__market__,12,2026-08-16,canonical_calculation,11.29,29,8.519703315068492,2026-08-14,True
__market__,12,2026-08-17,canonical_calculation,11.29,29,8.519703315068492,2026-08-14,True
__market__,12,2026-08-18,canonical_calculation,11.245,28,8.72096405479452,2026-08-17,True
__market__,12,2026-08-19,canonical_calculation,11.29,27,8.774798397260271,2026-08-18,True
__market__,12,2026-08-20,canonical_calculation,11.29,26,8.702345356164384,2026-08-19,True
__market__,12,2026-08-21,canonical_calculation,11.2,27,8.65210409589041,2026-08-20,True
__market__,12,2026-08-22,canonical_calculation,11.2,27,8.782668794520548,2026-08-21,True
__market__,12,2026-08-23,canonical_calculation,11.2,27,8.782668794520548,2026-08-21,True
__market__,12,2026-08-24,canonical_calculation,11.2,27,8.782668794520548,2026-08-21,True
__market__,12,2026-08-25,canonical_calculation,11.2,27,8.70024108219178,2026-08-24,True
__market__,12,2026-08-26,canonical_calculation,11.2,27,8.494331684931506,2026-08-25,True
__market__,12,2026-08-27,canonical_calculation,11.2,27,8.25278716438356,2026-08-26,True
__market__,12,2026-08-28,canonical_calculation,11.16,27,8.430127260273972,2026-08-27,True
__market__,12,2026-08-29,canonical_calculation,11.16,27,8.376550794520547,2026-08-28,True
__market__,12,2026-08-30,canonical_calculation,11.16,27,8.376550794520547,2026-08-28,True
__market__,12,2026-08-31,canonical_calculation,11.16,27,8.376550794520547,2026-08-28,True
__market__,12,2026-09-01,canonical_calculation,11.04,27,8.194654876712328,2026-08-31,True
__market__,12,2026-09-02,canonical_calculation,11.04,27,8.232160465753424,2026-09-01,True
__market__,12,2026-09-03,canonical_calculation,11.19,28,8.529712369863013,2026-09-02,True
__market__,12,2026-09-04,canonical_calculation,11.29,25,8.541691602739725,2026-09-03,True
__market__,12,2026-09-05,canonical_calculation,11.29,25,8.551384328767123,2026-09-04,True
__market__,12,2026-09-06,canonical_calculation,11.29,25,8.551384328767123,2026-09-04,True
__market__,12,2026-09-07,canonical_calculation,11.29,25,8.551384328767123,2026-09-04,True
__market__,12,2026-09-08,canonical_calculation,11.29,26,8.858608328767124,2026-09-07,True
__market__,12,2026-09-09,canonical_calculation,11.29,26,9.059559616438355,2026-09-08,True
__market__,12,2026-09-10,canonical_calculation,11.49,21,9.442544356164383,2026-09-09,True
__market__,12,2026-09-11,canonical_calculation,11.8,29,9.592642356164383,2026-09-10,True
__market__,12,2026-09-12,canonical_calculation,11.89,28,9.381571986301369,2026-09-11,True
__market__,12,2026-09-13,canonical_calculation,11.89,28,9.381571986301369,2026-09-11,True
__market__,24,2026-04-08,observed_seller_data,8.5,31,,,False
__market__,24,2026-04-09,observed_seller_data,8.49,31,6.314420047879617,2026-04-08,True
__market__,24,2026-04-10,observed_seller_data,8.49,31,6.2962903625171,2026-04-09,True
__market__,24,2026-04-11,observed_seller_data,8.49,31,6.228571867305061,2026-04-10,True
__market__,24,2026-04-12,observed_seller_data,8.49,31,6.228571867305061,2026-04-10,True
__market__,24,2026-04-13,observed_seller_data,8.49,31,6.228571867305061,2026-04-10,True
__market__,24,2026-04-14,observed_seller_data,8.5,31,6.23801269493844,2026-04-13,True
__market__,24,2026-04-15,observed_seller_data,8.5,31,6.177379541723666,2026-04-14,True
__market__,24,2026-04-16,observed_seller_data,8.5,31,6.144708337893295,2026-04-15,True
__market__,24,2026-04-17,observed_seller_data,8.5,31,6.150796203830369,2026-04-16,True
__market__,24,2026-04-18,observed_seller_data,8.49,31,6.103619534883721,2026-04-17,True
__market__,24,2026-04-19,observed_seller_data,8.49,31,6.103619534883721,2026-04-17,True
__market__,24,2026-04-20,observed_seller_data,8.49,31,6.103619534883721,2026-04-17,True
__market__,24,2026-04-21,observed_seller_data,8.49,31,6.087503686730505,2026-04-20,True
__market__,24,2026-04-22,observed_seller_data,8.49,31,6.154380937072504,2026-04-21,True
__market__,24,2026-04-23,observed_seller_data,8.49,30,6.177219876880984,2026-04-22,True
__market__,24,2026-04-24,observed_seller_data,8.49,30,6.256475444596442,2026-04-23,True
__market__,24,2026-04-25,observed_seller_data,8.49,30,6.191047195622435,2026-04-24,True
__market__,24,2026-04-26,observed_seller_data,8.49,30,6.191047195622435,2026-04-24,True
__market__,24,2026-04-27,observed_seller_data,8.485,30,6.191047195622435,2026-04-24,True
__market__,24,2026-04-28,observed_seller_data,8.49,30,6.134817701778386,2026-04-27,True
__market__,24,2026-04-29,observed_seller_data,8.469999999999999,30,6.171774103967169,2026-04-28,True
__market__,24,2026-04-30,observed_seller_data,8.495000000000001,30,6.239817079343364,2026-04-29,True
__market__,24,2026-05-01,observed_seller_data,8.495000000000001,30,6.355381805745553,2026-04-30,True
__market__,24,2026-05-02,observed_seller_data,8.495000000000001,30,6.355381805745553,2026-04-30,True
__market__,24,2026-05-03,observed_seller_data,8.495000000000001,30,6.355381805745553,2026-04-30,True
__market__,24,2026-05-04,observed_seller_data,8.495000000000001,30,6.355381805745553,2026-04-30,True
__market__,24,2026-05-05,observed_seller_data,8.5,30,6.476608625170997,2026-05-04,True
__market__,24,2026-05-06,observed_seller_data,8.58,30,6.494082482900137,2026-05-05,True
__market__,24,2026-05-07,observed_seller_data,8.58,30,6.3717053898768805,2026-05-06,True
__market__,24,2026-05-08,observed_seller_data,8.585,30,6.408783686730506,2026-05-07,True
__market__,24,2026-05-09,observed_seller_data,8.59,30,6.537145636114911,2026-05-08,True
__market__,24,2026-05-10,observed_seller_data,8.59,30,6.537145636114911,2026-05-08,True
__market__,24,2026-05-11,observed_seller_data,8.665,30,6.537145636114911,2026-05-08,True
__market__,24,2026-05-12,observed_seller_data,8.67,30,6.665234610123119,2026-05-11,True
__market__,24,2026-05-13,observed_seller_data,8.66,31,6.70606760601915,2026-05-12,True
__market__,24,2026-05-14,observed_seller_data,8.69,31,6.721105287277702,2026-05-13,True
__market__,24,2026-05-15,observed_seller_data,8.69,31,6.717319685362518,2026-05-14,True
__market__,24,2026-05-16,observed_seller_data,8.69,31,6.7470001778385775,2026-05-15,True
__market__,24,2026-05-17,observed_seller_data,8.69,31,6.7470001778385775,2026-05-15,True
__market__,24,2026-05-18,observed_seller_data,8.7,31,6.7470001778385775,2026-05-15,True
__market__,24,2026-05-19,observed_seller_data,8.7,31,6.650742879616962,2026-05-18,True
__market__,24,2026-05-20,observed_seller_data,8.7,31,6.6187309370725025,2026-05-19,True
__market__,24,2026-05-21,observed_seller_data,8.7,31,6.6317977017783845,2026-05-20,True
__market__,24,2026-05-22,observed_seller_data,8.7,31,6.702566997264021,2026-05-21,True
__market__,24,2026-05-23,observed_seller_data,8.69,31,6.6722512790697674,2026-05-22,True
__market__,24,2026-05-24,observed_seller_data,8.69,31,6.6722512790697674,2026-05-22,True
__market__,24,2026-05-25,observed_seller_data,8.69,31,6.6722512790697674,2026-05-22,True
__market__,24,2026-05-26,observed_seller_data,8.7,31,6.515872441860465,2026-05-25,True
__market__,24,2026-05-27,observed_seller_data,8.7,31,6.584854521203829,2026-05-26,True
__market__,24,2026-05-28,observed_seller_data,8.7,31,6.484572982216141,2026-05-27,True
__market__,24,2026-05-29,observed_seller_data,8.705,30,6.595828474692201,2026-05-28,True
__market__,24,2026-05-30,observed_seller_data,8.705,30,6.705398043775649,2026-05-29,True
__market__,24,2026-05-31,observed_seller_data,8.705,30,6.705398043775649,2026-05-29,True
__market__,24,2026-06-01,observed_seller_data,8.715,30,6.692830875512995,2026-05-29,True
__market__,24,2026-06-02,observed_seller_data,8.715,30,6.863023296853624,2026-06-01,True
__market__,24,2026-06-03,observed_seller_data,8.97,29,6.804407414500683,2026-06-02,True
__market__,24,2026-06-04,observed_seller_data,8.98,30,6.924890848153214,2026-06-03,True
__market__,24,2026-06-05,observed_seller_data,8.99,30,6.841681429548563,2026-06-04,True
__market__,24,2026-06-06,observed_seller_data,8.99,30,6.780177845417237,2026-06-05,True
__market__,24,2026-06-07,observed_seller_data,8.99,30,6.780177845417237,2026-06-05,True
__market__,24,2026-06-08,observed_seller_data,8.99,30,6.780177845417237,2026-06-05,True
__market__,24,2026-06-09,observed_seller_data,8.99,29,6.7652792270861815,2026-06-08,True
__market__,24,2026-06-10,observed_seller_data,9.015,30,6.654351648426812,2026-06-09,True
__market__,24,2026-06-11,observed_seller_data,9.015,30,6.690471956224349,2026-06-10,True
__market__,24,2026-06-12,observed_seller_data,9.015,30,6.73640049247606,2026-06-11,True
__market__,24,2026-06-13,observed_seller_data,9.015,30,6.603004808481531,2026-06-12,True
__market__,24,2026-06-14,observed_seller_data,9.015,30,6.603004808481531,2026-06-12,True
__market__,24,2026-06-15,observed_seller_data,8.99,30,6.603004808481531,2026-06-12,True
__market__,24,2026-06-16,observed_seller_data,8.99,30,6.537957694938441,2026-06-15,True
__market__,24,2026-06-17,observed_seller_data,8.99,30,6.571571436388509,2026-06-16,True
__market__,24,2026-06-18,observed_seller_data,8.99,31,6.488619541723665,2026-06-17,True
__market__,24,2026-06-19,observed_seller_data,8.99,31,6.392096135430917,2026-06-18,True
__market__,24,2026-06-20,observed_seller_data,8.99,31,6.448359965800273,2026-06-19,True
__market__,24,2026-06-21,observed_seller_data,8.99,31,6.448359965800273,2026-06-19,True
__market__,24,2026-06-22,observed_seller_data,8.985,30,6.448359965800273,2026-06-19,True
__market__,24,2026-06-23,observed_seller_data,8.98,30,6.2601099658002735,2026-06-22,True
__market__,24,2026-06-24,observed_seller_data,8.89,30,6.329272311901504,2026-06-23,True
__market__,24,2026-06-25,observed_seller_data,8.89,30,6.319347339261285,2026-06-24,True
__market__,24,2026-06-26,observed_seller_data,8.845,30,6.360398372093023,2026-06-25,True
__market__,24,2026-06-27,observed_seller_data,8.845,30,6.398996060191518,2026-06-26,True
__market__,24,2026-06-28,observed_seller_data,8.845,30,6.398996060191518,2026-06-26,True
__market__,24,2026-06-29,observed_seller_data,8.8,31,6.398996060191518,2026-06-26,True
__market__,24,2026-06-30,observed_seller_data,8.8,31,6.356499459644321,2026-06-29,True
__market__,24,2026-07-01,observed_seller_data,8.79,31,6.578045588235293,2026-06-30,True
__market__,24,2026-07-02,observed_seller_data,8.89,31,6.6284910943912445,2026-07-01,True
__market__,24,2026-07-03,observed_seller_data,8.8,31,6.720432291381669,2026-07-02,True
__market__,24,2026-07-04,observed_seller_data,8.8,31,6.790317421340628,2026-07-03,True
__market__,24,2026-07-05,observed_seller_data,8.8,31,6.790317421340628,2026-07-03,True
__market__,24,2026-07-06,observed_seller_data,8.89,31,6.790317421340628,2026-07-03,True
__market__,24,2026-07-07,observed_seller_data,8.96,31,6.748586525307798,2026-07-06,True
__market__,24,2026-07-08,observed_seller_data,8.96,32,6.768290540355675,2026-07-07,True
__market__,24,2026-07-09,observed_seller_data,8.98,31,6.846610437756497,2026-07-08,True
__market__,24,2026-07-10,observed_seller_data,8.985,34,6.866929076607387,2026-07-09,True
__market__,24,2026-07-11,observed_seller_data,8.99,32,6.839267571819425,2026-07-10,True
__market__,24,2026-07-12,observed_seller_data,8.99,31,6.839267571819425,2026-07-10,True
__market__,24,2026-07-13,observed_seller_data,8.99,31,6.839267571819425,2026-07-10,True
__market__,24,2026-07-14,observed_seller_data,8.99,32,6.9581303214774275,2026-07-13,True
__market__,24,2026-07-15,observed_seller_data,9.1,31,7.056428926128589,2026-07-14,True
__market__,24,2026-07-16,observed_seller_data,9.1,31,7.151063823529411,2026-07-15,True
__market__,24,2026-07-17,observed_seller_data,9.26,31,7.151930820793433,2026-07-16,True
__market__,24,2026-07-18,observed_seller_data,9.39,31,7.250301532147743,2026-07-17,True
__market__,24,2026-07-19,observed_seller_data,9.39,31,7.250301532147743,2026-07-17,True
__market__,24,2026-07-20,observed_seller_data,9.39,31,7.250301532147743,2026-07-17,True
__market__,24,2026-07-21,observed_seller_data,9.39,31,7.25315146374829,2026-07-20,True
__market__,24,2026-07-22,observed_seller_data,9.39,31,7.284062920656635,2026-07-21,True
__market__,24,2026-07-23,observed_seller_data,9.39,30,7.422411648426812,2026-07-22,True
__market__,24,2026-07-24,observed_seller_data,9.5,29,7.446412879616962,2026-07-23,True
__market__,24,2026-07-25,observed_seller_data,9.59,29,7.456499233926127,2026-07-24,True
__market__,24,2026-07-26,observed_seller_data,9.59,29,7.456499233926127,2026-07-24,True
__market__,24,2026-07-27,canonical_calculation,9.59,30,7.456499233926127,2026-07-24,True
__market__,24,2026-07-28,canonical_calculation,9.64,26,7.337356641586867,2026-07-27,True
__market__,24,2026-07-29,canonical_calculation,9.75,27,7.273444350205198,2026-07-28,True
__market__,24,2026-07-30,canonical_calculation,9.69,29,7.420560909712721,2026-07-29,True
__market__,24,2026-07-31,canonical_calculation,9.719999999999999,26,7.412508994528044,2026-07-30,True
__market__,24,2026-08-01,canonical_calculation,9.75,28,7.608965424076606,2026-07-31,True
__market__,24,2026-08-02,canonical_calculation,9.75,30,7.608965424076606,2026-07-31,True
__market__,24,2026-08-03,canonical_calculation,9.75,27,7.608965424076606,2026-07-31,True
__market__,24,2026-08-04,canonical_calculation,9.75,27,7.529972530779754,2026-08-03,True
__market__,24,2026-08-05,canonical_calculation,9.75,31,7.585975403556771,2026-08-04,True
__market__,24,2026-08-06,canonical_calculation,9.985,30,7.4775578248974,2026-08-05,True
__market__,24,2026-08-07,canonical_calculation,9.98,29,7.496314151846784,2026-08-06,True
__market__,24,2026-08-08,canonical_calculation,9.98,29,7.491129336525306,2026-08-07,True
__market__,24,2026-08-09,canonical_calculation,9.98,29,7.491129336525306,2026-08-07,True
__market__,24,2026-08-10,canonical_calculation,9.98,29,7.491129336525306,2026-08-07,True
__market__,24,2026-08-11,canonical_calculation,9.95,29,7.565430143638851,2026-08-10,True
__market__,24,2026-08-12,canonical_calculation,9.95,29,7.543820451436388,2026-08-11,True
__market__,24,2026-08-13,canonical_calculation,9.95,29,7.565919439124487,2026-08-12,True
__market__,24,2026-08-14,canonical_calculation,9.95,29,7.4593920861833105,2026-08-13,True
__market__,24,2026-08-15,canonical_calculation,9.95,29,7.408258132694938,2026-08-14,True
__market__,24,2026-08-16,canonical_calculation,9.95,29,7.408258132694938,2026-08-14,True
__market__,24,2026-08-17,canonical_calculation,9.95,29,7.408258132694938,2026-08-14,True
__market__,24,2026-08-18,canonical_calculation,9.965,28,7.543262482900136,2026-08-17,True
__market__,24,2026-08-19,canonical_calculation,9.965,28,7.569327339261285,2026-08-18,True
__market__,24,2026-08-20,canonical_calculation,9.98,27,7.525651279069766,2026-08-19,True
__market__,24,2026-08-21,canonical_calculation,9.98,28,7.518734186046511,2026-08-20,True
__market__,24,2026-08-22,canonical_calculation,9.98,28,7.600690321477427,2026-08-21,True
__market__,24,2026-08-23,canonical_calculation,9.98,28,7.600690321477427,2026-08-21,True
__market__,24,2026-08-24,canonical_calculation,9.98,28,7.600690321477427,2026-08-21,True
__market__,24,2026-08-25,canonical_calculation,9.98,28,7.572352387140903,2026-08-24,True
__market__,24,2026-08-26,canonical_calculation,9.98,28,7.385951409028726,2026-08-25,True
__market__,24,2026-08-27,canonical_calculation,9.98,28,7.248811326949384,2026-08-26,True
__market__,24,2026-08-28,canonical_calculation,9.98,28,7.380433529411764,2026-08-27,True
__market__,24,2026-08-29,canonical_calculation,9.98,28,7.362903016415868,2026-08-28,True
__market__,24,2026-08-30,canonical_calculation,9.98,28,7.362903016415868,2026-08-28,True
__market__,24,2026-08-31,canonical_calculation,9.98,28,7.362903016415868,2026-08-28,True
__market__,24,2026-09-01,canonical_calculation,9.9,29,7.3933217441860455,2026-08-31,True
__market__,24,2026-09-02,canonical_calculation,9.9,29,7.452802906976744,2026-09-01,True
__market__,24,2026-09-03,canonical_calculation,9.95,29,7.658533632010943,2026-09-02,True
__market__,24,2026-09-04,canonical_calculation,9.99,31,7.687525677154583,2026-09-03,True
__market__,24,2026-09-05,canonical_calculation,9.985,32,7.69683602599179,2026-09-04,True
__market__,24,2026-09-06,canonical_calculation,9.985,32,7.69683602599179,2026-09-04,True
__market__,24,2026-09-07,canonical_calculation,9.99,31,7.69683602599179,2026-09-04,True
__market__,24,2026-09-08,canonical_calculation,9.98,29,7.916026668946647,2026-09-07,True
__market__,24,2026-09-09,canonical_calculation,9.99,29,8.065436908344731,2026-09-08,True
__market__,24,2026-09-10,canonical_calculation,10.19,23,8.37942211354309,2026-09-09,True
__market__,24,2026-09-11,canonical_calculation,10.385,28,8.510666614227084,2026-09-10,True
__market__,24,2026-09-12,canonical_calculation,10.49,29,8.336777865937071,2026-09-11,True
__market__,24,2026-09-13,canonical_calculation,10.49,29,8.336777865937071,2026-09-11,True
Äänekosken Energia Oy,6,2026-04-08,observed_seller_data,7.8,1,,,False
Äänekosken Energia Oy,6,2026-04-09,observed_seller_data,7.8,1,5.674571168478261,2026-04-08,True
Äänekosken Energia Oy,6,2026-04-10,observed_seller_data,7.8,1,5.6259399184782595,2026-04-09,True
Äänekosken Energia Oy,6,2026-04-11,observed_seller_data,7.8,1,5.571442907608695,2026-04-10,True
Äänekosken Energia Oy,6,2026-04-12,observed_seller_data,7.8,1,5.571442907608695,2026-04-10,True
Äänekosken Energia Oy,6,2026-04-13,observed_seller_data,7.8,1,5.571442907608695,2026-04-10,True
Äänekosken Energia Oy,6,2026-04-14,observed_seller_data,7.8,1,5.563196739130434,2026-04-13,True
Äänekosken Energia Oy,6,2026-04-15,observed_seller_data,7.8,1,5.412678586956522,2026-04-14,True
Äänekosken Energia Oy,6,2026-04-16,observed_seller_data,7.8,1,5.3783638858695655,2026-04-15,True
Äänekosken Energia Oy,6,2026-04-17,observed_seller_data,7.8,1,5.434354619565217,2026-04-16,True
Äänekosken Energia Oy,6,2026-04-18,observed_seller_data,7.8,1,5.393219266304348,2026-04-17,True
Äänekosken Energia Oy,6,2026-04-19,observed_seller_data,7.8,1,5.393219266304348,2026-04-17,True
Äänekosken Energia Oy,6,2026-04-20,observed_seller_data,7.5,1,5.393219266304348,2026-04-17,True
Äänekosken Energia Oy,6,2026-04-21,observed_seller_data,7.5,1,5.466534456521739,2026-04-20,True
Äänekosken Energia Oy,6,2026-04-22,observed_seller_data,7.5,1,5.530171141304348,2026-04-21,True
Äänekosken Energia Oy,6,2026-04-23,observed_seller_data,7.5,1,5.561593885869565,2026-04-22,True
Äänekosken Energia Oy,6,2026-04-24,observed_seller_data,7.5,1,5.632699184782608,2026-04-23,True
Äänekosken Energia Oy,6,2026-04-25,observed_seller_data,7.5,1,5.489342717391304,2026-04-24,True
Äänekosken Energia Oy,6,2026-04-26,observed_seller_data,7.5,1,5.489342717391304,2026-04-24,True
Äänekosken Energia Oy,6,2026-04-27,observed_seller_data,7.5,1,5.489342717391304,2026-04-24,True
Äänekosken Energia Oy,6,2026-04-28,observed_seller_data,7.5,1,5.378875434782609,2026-04-27,True
Äänekosken Energia Oy,6,2026-04-29,observed_seller_data,7.5,1,5.458874864130435,2026-04-28,True
Äänekosken Energia Oy,6,2026-04-30,observed_seller_data,7.5,1,5.601869836956521,2026-04-29,True
Äänekosken Energia Oy,6,2026-05-01,observed_seller_data,7.5,1,6.441215491803279,2026-04-30,True
Äänekosken Energia Oy,6,2026-05-02,observed_seller_data,7.5,1,6.441215491803279,2026-04-30,True
Äänekosken Energia Oy,6,2026-05-03,observed_seller_data,7.5,1,6.441215491803279,2026-04-30,True
Äänekosken Energia Oy,6,2026-05-04,observed_seller_data,7.5,1,6.441215491803279,2026-04-30,True
Äänekosken Energia Oy,6,2026-05-05,observed_seller_data,7.5,1,6.770018633879781,2026-05-04,True
Äänekosken Energia Oy,6,2026-05-06,observed_seller_data,7.5,1,6.7423194808743165,2026-05-05,True
Äänekosken Energia Oy,6,2026-05-07,observed_seller_data,7.5,1,6.660545601092896,2026-05-06,True
Äänekosken Energia Oy,6,2026-05-08,observed_seller_data,7.5,1,6.847012540983606,2026-05-07,True
Äänekosken Energia Oy,6,2026-05-09,observed_seller_data,7.5,1,7.107675355191256,2026-05-08,True
Äänekosken Energia Oy,6,2026-05-10,observed_seller_data,7.5,1,7.107675355191256,2026-05-08,True
Äänekosken Energia Oy,6,2026-05-11,observed_seller_data,7.5,1,7.107675355191256,2026-05-08,True
Äänekosken Energia Oy,6,2026-05-12,observed_seller_data,7.5,1,7.366465956284151,2026-05-11,True
Äänekosken Energia Oy,6,2026-05-13,observed_seller_data,7.5,1,7.396359644808744,2026-05-12,True
Äänekosken Energia Oy,6,2026-05-14,observed_seller_data,7.5,1,7.428221557377048,2026-05-13,True
Äänekosken Energia Oy,6,2026-05-15,observed_seller_data,7.5,1,7.398444453551912,2026-05-14,True
Äänekosken Energia Oy,6,2026-05-16,observed_seller_data,7.5,1,7.479093633879781,2026-05-15,True
Äänekosken Energia Oy,6,2026-05-17,observed_seller_data,7.5,1,7.479093633879781,2026-05-15,True
Äänekosken Energia Oy,6,2026-05-18,observed_seller_data,8.5,1,7.479093633879781,2026-05-15,True
Äänekosken Energia Oy,6,2026-05-19,observed_seller_data,8.5,1,7.228169071038252,2026-05-18,True
Äänekosken Energia Oy,6,2026-05-20,observed_seller_data,8.5,1,7.127330163934426,2026-05-19,True
Äänekosken Energia Oy,6,2026-05-21,observed_seller_data,8.5,1,7.172736475409835,2026-05-20,True
Äänekosken Energia Oy,6,2026-05-22,observed_seller_data,8.5,1,7.28672887978142,2026-05-21,True
Äänekosken Energia Oy,6,2026-05-23,observed_seller_data,8.5,1,7.243229071038251,2026-05-22,True
Äänekosken Energia Oy,6,2026-05-24,observed_seller_data,8.5,1,7.243229071038251,2026-05-22,True
Äänekosken Energia Oy,6,2026-05-25,observed_seller_data,8.5,1,7.243229071038251,2026-05-22,True
Äänekosken Energia Oy,6,2026-05-26,observed_seller_data,8.5,1,6.942173087431693,2026-05-25,True
Äänekosken Energia Oy,6,2026-05-27,observed_seller_data,8.5,1,7.076855846994536,2026-05-26,True
Äänekosken Energia Oy,6,2026-05-28,observed_seller_data,8.5,1,6.931831338797814,2026-05-27,True
Äänekosken Energia Oy,6,2026-05-29,observed_seller_data,8.5,1,7.196656912568304,2026-05-28,True
Äänekosken Energia Oy,6,2026-05-30,observed_seller_data,8.5,1,7.456805382513661,2026-05-29,True
Äänekosken Energia Oy,6,2026-05-31,observed_seller_data,8.5,1,7.456805382513661,2026-05-29,True
Äänekosken Energia Oy,6,2026-06-01,observed_seller_data,8.5,1,8.027859864130434,2026-05-29,True
Äänekosken Energia Oy,6,2026-06-02,observed_seller_data,8.5,1,8.316530326086957,2026-06-01,True
Äänekosken Energia Oy,6,2026-06-03,observed_seller_data,8.5,1,8.12564073369565,2026-06-02,True
Äänekosken Energia Oy,6,2026-06-04,observed_seller_data,8.5,1,8.344590489130434,2026-06-03,True
Äänekosken Energia Oy,6,2026-06-05,observed_seller_data,8.5,1,8.148851413043477,2026-06-04,True
Äänekosken Energia Oy,6,2026-06-06,observed_seller_data,8.5,1,8.002125543478261,2026-06-05,True
Äänekosken Energia Oy,6,2026-06-07,observed_seller_data,8.5,1,8.002125543478261,2026-06-05,True
Äänekosken Energia Oy,6,2026-06-08,observed_seller_data,8.5,1,8.002125543478261,2026-06-05,True
Äänekosken Energia Oy,6,2026-06-09,observed_seller_data,8.5,1,8.021243831521739,2026-06-08,True
Äänekosken Energia Oy,6,2026-06-10,observed_seller_data,8.5,1,7.776116413043478,2026-06-09,True
Äänekosken Energia Oy,6,2026-06-11,observed_seller_data,8.5,1,7.787288641304348,2026-06-10,True
Äänekosken Energia Oy,6,2026-06-12,observed_seller_data,8.5,1,7.798379021739129,2026-06-11,True
Äänekosken Energia Oy,6,2026-06-13,observed_seller_data,8.5,1,7.557739592391304,2026-06-12,True
Äänekosken Energia Oy,6,2026-06-14,observed_seller_data,8.5,1,7.557739592391304,2026-06-12,True
Äänekosken Energia Oy,6,2026-06-15,observed_seller_data,8.5,1,7.557739592391304,2026-06-12,True
Äänekosken Energia Oy,6,2026-06-16,observed_seller_data,8.5,1,7.4405744293478255,2026-06-15,True
Äänekosken Energia Oy,6,2026-06-17,observed_seller_data,9.9,1,7.485686222826087,2026-06-16,True
Äänekosken Energia Oy,6,2026-06-18,observed_seller_data,9.9,1,7.333497010869565,2026-06-17,True
Äänekosken Energia Oy,6,2026-06-19,observed_seller_data,9.9,1,7.184213396739131,2026-06-18,True
Äänekosken Energia Oy,6,2026-06-20,observed_seller_data,9.9,1,7.332889972826087,2026-06-19,True
Äänekosken Energia Oy,6,2026-06-21,observed_seller_data,9.9,1,7.332889972826087,2026-06-19,True
Äänekosken Energia Oy,6,2026-06-22,observed_seller_data,9.9,1,7.332889972826087,2026-06-19,True
Äänekosken Energia Oy,6,2026-06-23,observed_seller_data,9.9,1,6.920779347826087,2026-06-22,True
Äänekosken Energia Oy,6,2026-06-24,observed_seller_data,9.9,1,6.979552907608695,2026-06-23,True
Äänekosken Energia Oy,6,2026-06-25,observed_seller_data,9.9,1,6.916189048913043,2026-06-24,True
Äänekosken Energia Oy,6,2026-06-26,observed_seller_data,9.9,1,6.9198994836956516,2026-06-25,True
Äänekosken Energia Oy,6,2026-06-27,observed_seller_data,9.9,1,7.021247554347825,2026-06-26,True
Äänekosken Energia Oy,6,2026-06-28,observed_seller_data,9.9,1,7.021247554347825,2026-06-26,True
Äänekosken Energia Oy,6,2026-06-29,observed_seller_data,9.9,1,7.021247554347825,2026-06-26,True
Äänekosken Energia Oy,6,2026-06-30,observed_seller_data,9.9,1,7.20875410326087,2026-06-29,True
Äänekosken Energia Oy,6,2026-07-01,observed_seller_data,9.9,1,8.389504483695651,2026-06-30,True
Äänekosken Energia Oy,6,2026-07-02,observed_seller_data,9.9,1,8.399762744565216,2026-07-01,True
Äänekosken Energia Oy,6,2026-07-03,observed_seller_data,9.9,1,8.60288858695652,2026-07-02,True
Äänekosken Energia Oy,6,2026-07-04,observed_seller_data,9.9,1,8.829231929347825,2026-07-03,True
Äänekosken Energia Oy,6,2026-07-05,observed_seller_data,9.9,1,8.829231929347825,2026-07-03,True
Äänekosken Energia Oy,6,2026-07-06,observed_seller_data,9.9,1,8.829231929347825,2026-07-03,True
Äänekosken Energia Oy,6,2026-07-07,observed_seller_data,9.9,1,8.83481804347826,2026-07-06,True
Äänekosken Energia Oy,6,2026-07-08,observed_seller_data,9.9,1,8.888237391304347,2026-07-07,True
Äänekosken Energia Oy,6,2026-07-09,observed_seller_data,9.9,1,9.081084510869564,2026-07-08,True
Äänekosken Energia Oy,6,2026-07-10,observed_seller_data,9.9,1,9.261954565217389,2026-07-09,True
Äänekosken Energia Oy,6,2026-07-11,observed_seller_data,9.9,1,9.247372010869563,2026-07-10,True
Äänekosken Energia Oy,6,2026-07-12,observed_seller_data,9.9,1,9.247372010869563,2026-07-10,True
Äänekosken Energia Oy,6,2026-07-13,observed_seller_data,9.9,1,9.247372010869563,2026-07-10,True
Äänekosken Energia Oy,6,2026-07-14,observed_seller_data,9.9,1,9.484048641304346,2026-07-13,True
Äänekosken Energia Oy,6,2026-07-15,observed_seller_data,9.9,1,9.635098804347825,2026-07-14,True
Äänekosken Energia Oy,6,2026-07-16,observed_seller_data,9.9,1,9.893621983695652,2026-07-15,True
Äänekosken Energia Oy,6,2026-07-17,observed_seller_data,9.9,1,9.821984673913043,2026-07-16,True
Äänekosken Energia Oy,6,2026-07-18,observed_seller_data,9.9,1,10.060427853260867,2026-07-17,True
Äänekosken Energia Oy,6,2026-07-19,observed_seller_data,9.9,1,10.060427853260867,2026-07-17,True
Äänekosken Energia Oy,6,2026-07-20,observed_seller_data,10.9,1,10.060427853260867,2026-07-17,True
Äänekosken Energia Oy,6,2026-07-21,observed_seller_data,10.9,1,10.116848288043478,2026-07-20,True
Äänekosken Energia Oy,6,2026-07-22,observed_seller_data,11.2,1,10.145904266304347,2026-07-21,True
Äänekosken Energia Oy,6,2026-07-23,observed_seller_data,11.2,1,10.487925869565217,2026-07-22,True
Äänekosken Energia Oy,6,2026-07-24,observed_seller_data,11.2,1,10.476433070652174,2026-07-23,True
Äänekosken Energia Oy,6,2026-07-25,observed_seller_data,11.2,1,10.398609429347827,2026-07-24,True
Äänekosken Energia Oy,6,2026-07-26,observed_seller_data,11.2,1,10.398609429347827,2026-07-24,True
Äänekosken Energia Oy,6,2026-07-27,canonical_calculation,11.2,1,10.398609429347827,2026-07-24,True
Äänekosken Energia Oy,6,2026-07-28,canonical_calculation,11.2,1,10.149839782608694,2026-07-27,True
Äänekosken Energia Oy,6,2026-07-29,canonical_calculation,11.2,1,10.074553423913043,2026-07-28,True
Äänekosken Energia Oy,6,2026-07-30,canonical_calculation,11.2,1,10.453140543478257,2026-07-29,True
Äänekosken Energia Oy,6,2026-08-01,canonical_calculation,11.9,1,11.953403508287291,2026-07-31,True
Äänekosken Energia Oy,6,2026-08-02,canonical_calculation,11.9,1,11.953403508287291,2026-07-31,True
Äänekosken Energia Oy,6,2026-08-03,canonical_calculation,11.9,1,11.953403508287291,2026-07-31,True
Äänekosken Energia Oy,6,2026-08-04,canonical_calculation,11.9,1,11.636949364640882,2026-08-03,True
Äänekosken Energia Oy,6,2026-08-05,canonical_calculation,11.9,1,11.838782486187846,2026-08-04,True
Äänekosken Energia Oy,6,2026-08-06,canonical_calculation,11.9,1,11.559888204419888,2026-08-05,True
Äänekosken Energia Oy,6,2026-08-07,canonical_calculation,11.9,1,11.55857773480663,2026-08-06,True
Äänekosken Energia Oy,6,2026-08-08,canonical_calculation,11.9,1,11.478583618784532,2026-08-07,True
Äänekosken Energia Oy,6,2026-08-09,canonical_calculation,11.9,1,11.478583618784532,2026-08-07,True
Äänekosken Energia Oy,6,2026-08-10,canonical_calculation,11.9,1,11.478583618784532,2026-08-07,True
Äänekosken Energia Oy,6,2026-08-11,canonical_calculation,12.9,1,11.645401546961326,2026-08-10,True
Äänekosken Energia Oy,6,2026-08-12,canonical_calculation,12.9,1,11.571758701657458,2026-08-11,True
Äänekosken Energia Oy,6,2026-08-13,canonical_calculation,12.9,1,11.600921850828728,2026-08-12,True
Äänekosken Energia Oy,6,2026-08-14,canonical_calculation,12.9,1,11.42925726519337,2026-08-13,True
Äänekosken Energia Oy,6,2026-08-15,canonical_calculation,12.9,1,11.314379696132594,2026-08-14,True
Äänekosken Energia Oy,6,2026-08-16,canonical_calculation,12.9,1,11.314379696132594,2026-08-14,True
Äänekosken Energia Oy,6,2026-08-17,canonical_calculation,12.9,1,11.314379696132594,2026-08-14,True
Äänekosken Energia Oy,6,2026-08-18,canonical_calculation,12.9,1,11.569546850828727,2026-08-17,True
Äänekosken Energia Oy,6,2026-08-19,canonical_calculation,12.9,1,11.674093204419888,2026-08-18,True
Äänekosken Energia Oy,6,2026-08-20,canonical_calculation,12.9,1,11.554556187845302,2026-08-19,True
Äänekosken Energia Oy,6,2026-08-21,canonical_calculation,12.9,1,11.415459198895025,2026-08-20,True
Äänekosken Energia Oy,6,2026-08-22,canonical_calculation,12.9,1,11.601920303867402,2026-08-21,True
Äänekosken Energia Oy,6,2026-08-23,canonical_calculation,12.9,1,11.601920303867402,2026-08-21,True
Äänekosken Energia Oy,6,2026-08-24,canonical_calculation,12.9,1,11.601920303867402,2026-08-21,True
Äänekosken Energia Oy,6,2026-08-25,canonical_calculation,12.9,1,11.451798729281766,2026-08-24,True
Äänekosken Energia Oy,6,2026-08-26,canonical_calculation,12.9,1,11.270392292817679,2026-08-25,True
Äänekosken Energia Oy,6,2026-08-27,canonical_calculation,12.9,1,10.910380635359115,2026-08-26,True
Äänekosken Energia Oy,6,2026-08-28,canonical_calculation,12.9,1,11.102617513812154,2026-08-27,True
Äänekosken Energia Oy,12,2026-04-08,observed_seller_data,9.0,1,,,False
Äänekosken Energia Oy,12,2026-04-09,observed_seller_data,9.0,1,7.008009397260273,2026-04-08,True
Äänekosken Energia Oy,12,2026-04-10,observed_seller_data,9.0,1,7.001851301369863,2026-04-09,True
Äänekosken Energia Oy,12,2026-04-11,observed_seller_data,9.0,1,6.91596116438356,2026-04-10,True
Äänekosken Energia Oy,12,2026-04-12,observed_seller_data,9.0,1,6.91596116438356,2026-04-10,True
Äänekosken Energia Oy,12,2026-04-13,observed_seller_data,9.0,1,6.91596116438356,2026-04-10,True
Äänekosken Energia Oy,12,2026-04-14,observed_seller_data,9.0,1,6.929934643835616,2026-04-13,True
Äänekosken Energia Oy,12,2026-04-15,observed_seller_data,9.0,1,6.809994465753424,2026-04-14,True
Äänekosken Energia Oy,12,2026-04-16,observed_seller_data,9.0,1,6.761455191780822,2026-04-15,True
Äänekosken Energia Oy,12,2026-04-17,observed_seller_data,9.0,1,6.797176273972602,2026-04-16,True
Äänekosken Energia Oy,12,2026-04-18,observed_seller_data,9.0,1,6.730929465753426,2026-04-17,True
Äänekosken Energia Oy,12,2026-04-19,observed_seller_data,9.0,1,6.730929465753426,2026-04-17,True
Äänekosken Energia Oy,12,2026-04-20,observed_seller_data,9.2,1,6.730929465753426,2026-04-17,True
Äänekosken Energia Oy,12,2026-04-21,observed_seller_data,9.2,1,6.749090863013699,2026-04-20,True
Äänekosken Energia Oy,12,2026-04-22,observed_seller_data,9.2,1,6.839808452054794,2026-04-21,True
Äänekosken Energia Oy,12,2026-04-23,observed_seller_data,9.2,1,6.872737589041094,2026-04-22,True
Äänekosken Energia Oy,12,2026-04-24,observed_seller_data,9.2,1,6.963417356164384,2026-04-23,True
Äänekosken Energia Oy,12,2026-04-25,observed_seller_data,9.2,1,6.8711112465753414,2026-04-24,True
Äänekosken Energia Oy,12,2026-04-26,observed_seller_data,9.2,1,6.8711112465753414,2026-04-24,True
Äänekosken Energia Oy,12,2026-04-27,observed_seller_data,9.2,1,6.8711112465753414,2026-04-24,True
Äänekosken Energia Oy,12,2026-04-28,observed_seller_data,9.2,1,6.778488808219178,2026-04-27,True
Äänekosken Energia Oy,12,2026-04-29,observed_seller_data,9.2,1,6.82226595890411,2026-04-28,True
Äänekosken Energia Oy,12,2026-04-30,observed_seller_data,9.2,1,6.91197610958904,2026-04-29,True
Äänekosken Energia Oy,12,2026-05-01,observed_seller_data,9.2,1,6.984508232876711,2026-04-30,True
Äänekosken Energia Oy,12,2026-05-02,observed_seller_data,9.2,1,6.984508232876711,2026-04-30,True
Äänekosken Energia Oy,12,2026-05-03,observed_seller_data,9.2,1,6.984508232876711,2026-04-30,True
Äänekosken Energia Oy,12,2026-05-04,observed_seller_data,9.2,1,6.984508232876711,2026-04-30,True
Äänekosken Energia Oy,12,2026-05-05,observed_seller_data,9.2,1,7.199113232876712,2026-05-04,True
Äänekosken Energia Oy,12,2026-05-06,observed_seller_data,9.2,1,7.225643589041095,2026-05-05,True
Äänekosken Energia Oy,12,2026-05-07,observed_seller_data,9.2,1,7.098238739726027,2026-05-06,True
Äänekosken Energia Oy,12,2026-05-08,observed_seller_data,9.2,1,7.211415671232878,2026-05-07,True
Äänekosken Energia Oy,12,2026-05-09,observed_seller_data,9.2,1,7.42950716438356,2026-05-08,True
Äänekosken Energia Oy,12,2026-05-10,observed_seller_data,9.2,1,7.42950716438356,2026-05-08,True
Äänekosken Energia Oy,12,2026-05-11,observed_seller_data,9.2,1,7.42950716438356,2026-05-08,True
Äänekosken Energia Oy,12,2026-05-12,observed_seller_data,9.2,1,7.627480835616438,2026-05-11,True
Äänekosken Energia Oy,12,2026-05-13,observed_seller_data,9.2,1,7.662703356164383,2026-05-12,True
Äänekosken Energia Oy,12,2026-05-14,observed_seller_data,9.2,1,7.6846194383561635,2026-05-13,True
Äänekosken Energia Oy,12,2026-05-15,observed_seller_data,9.2,1,7.672966849315067,2026-05-14,True
Äänekosken Energia Oy,12,2026-05-16,observed_seller_data,9.2,1,7.7297306712328755,2026-05-15,True
Äänekosken Energia Oy,12,2026-05-17,observed_seller_data,9.2,1,7.7297306712328755,2026-05-15,True
Äänekosken Energia Oy,12,2026-05-18,observed_seller_data,9.5,1,7.7297306712328755,2026-05-15,True
Äänekosken Energia Oy,12,2026-05-19,observed_seller_data,9.5,1,7.584962123287671,2026-05-18,True
Äänekosken Energia Oy,12,2026-05-20,observed_seller_data,9.5,1,7.514379547945205,2026-05-19,True
Äänekosken Energia Oy,12,2026-05-21,observed_seller_data,9.5,1,7.557534356164381,2026-05-20,True
Äänekosken Energia Oy,12,2026-05-22,observed_seller_data,9.5,1,7.675029863013698,2026-05-21,True
Äänekosken Energia Oy,12,2026-05-23,observed_seller_data,9.5,1,7.630430945205479,2026-05-22,True
Äänekosken Energia Oy,12,2026-05-24,observed_seller_data,9.5,1,7.630430945205479,2026-05-22,True
Äänekosken Energia Oy,12,2026-05-25,observed_seller_data,9.5,1,7.630430945205479,2026-05-22,True
Äänekosken Energia Oy,12,2026-05-26,observed_seller_data,9.5,1,7.405325205479452,2026-05-25,True
Äänekosken Energia Oy,12,2026-05-27,observed_seller_data,9.5,1,7.498484027397259,2026-05-26,True
Äänekosken Energia Oy,12,2026-05-28,observed_seller_data,9.5,1,7.3629646575342464,2026-05-27,True
Äänekosken Energia Oy,12,2026-05-29,observed_seller_data,9.5,1,7.544537369863012,2026-05-28,True
Äänekosken Energia Oy,12,2026-05-30,observed_seller_data,9.5,1,7.758901684931507,2026-05-29,True
Äänekosken Energia Oy,12,2026-05-31,observed_seller_data,9.5,1,7.758901684931507,2026-05-29,True
Äänekosken Energia Oy,12,2026-06-01,observed_seller_data,9.5,1,7.61820415068493,2026-05-29,True
Äänekosken Energia Oy,12,2026-06-02,observed_seller_data,9.5,1,7.859800246575342,2026-06-01,True
Äänekosken Energia Oy,12,2026-06-03,observed_seller_data,9.5,1,7.760411123287669,2026-06-02,True
Äänekosken Energia Oy,12,2026-06-04,observed_seller_data,9.5,1,7.938253219178082,2026-06-03,True
Äänekosken Energia Oy,12,2026-06-05,observed_seller_data,9.5,1,7.809387068493151,2026-06-04,True
Äänekosken Energia Oy,12,2026-06-06,observed_seller_data,9.5,1,7.719044260273972,2026-06-05,True
Äänekosken Energia Oy,12,2026-06-07,observed_seller_data,9.5,1,7.719044260273972,2026-06-05,True
Äänekosken Energia Oy,12,2026-06-08,observed_seller_data,9.5,1,7.719044260273972,2026-06-05,True
Äänekosken Energia Oy,12,2026-06-09,observed_seller_data,9.5,1,7.710300520547945,2026-06-08,True
Äänekosken Energia Oy,12,2026-06-10,observed_seller_data,9.5,1,7.529601150684932,2026-06-09,True
Äänekosken Energia Oy,12,2026-06-11,observed_seller_data,9.5,1,7.565910191780821,2026-06-10,True
Äänekosken Energia Oy,12,2026-06-12,observed_seller_data,9.5,1,7.608071315068491,2026-06-11,True
Äänekosken Energia Oy,12,2026-06-13,observed_seller_data,9.5,1,7.4029114794520545,2026-06-12,True
Äänekosken Energia Oy,12,2026-06-14,observed_seller_data,9.5,1,7.4029114794520545,2026-06-12,True
Äänekosken Energia Oy,12,2026-06-15,observed_seller_data,9.5,1,7.4029114794520545,2026-06-12,True
Äänekosken Energia Oy,12,2026-06-16,observed_seller_data,9.5,1,7.26479615068493,2026-06-15,True
Äänekosken Energia Oy,12,2026-06-17,observed_seller_data,9.5,1,7.301139575342464,2026-06-16,True
Äänekosken Energia Oy,12,2026-06-18,observed_seller_data,9.5,1,7.162126835616437,2026-06-17,True
Äänekosken Energia Oy,12,2026-06-19,observed_seller_data,9.5,1,7.0250842739726025,2026-06-18,True
Äänekosken Energia Oy,12,2026-06-20,observed_seller_data,9.5,1,7.132684191780821,2026-06-19,True
Äänekosken Energia Oy,12,2026-06-21,observed_seller_data,9.5,1,7.132684191780821,2026-06-19,True
Äänekosken Energia Oy,12,2026-06-22,observed_seller_data,9.5,1,7.132684191780821,2026-06-19,True
Äänekosken Energia Oy,12,2026-06-23,observed_seller_data,9.5,1,6.836349465753425,2026-06-22,True
Äänekosken Energia Oy,12,2026-06-24,observed_seller_data,9.5,1,6.874353616438356,2026-06-23,True
Äänekosken Energia Oy,12,2026-06-25,observed_seller_data,9.5,1,6.835799328767123,2026-06-24,True
Äänekosken Energia Oy,12,2026-06-26,observed_seller_data,9.5,1,6.8778641780821905,2026-06-25,True
Äänekosken Energia Oy,12,2026-06-27,observed_seller_data,9.5,1,6.942928191780821,2026-06-26,True
Äänekosken Energia Oy,12,2026-06-28,observed_seller_data,9.5,1,6.942928191780821,2026-06-26,True
Äänekosken Energia Oy,12,2026-06-29,observed_seller_data,9.5,1,6.942928191780821,2026-06-26,True
Äänekosken Energia Oy,12,2026-06-30,observed_seller_data,9.5,1,7.11498009589041,2026-06-29,True
Äänekosken Energia Oy,12,2026-07-01,observed_seller_data,9.5,1,7.291367767123288,2026-06-30,True
Äänekosken Energia Oy,12,2026-07-02,observed_seller_data,9.5,1,7.297343630136985,2026-07-01,True
Äänekosken Energia Oy,12,2026-07-03,observed_seller_data,9.5,1,7.396309835616438,2026-07-02,True
Äänekosken Energia Oy,12,2026-07-04,observed_seller_data,9.5,1,7.537921972602739,2026-07-03,True
Äänekosken Energia Oy,12,2026-07-05,observed_seller_data,9.5,1,7.537921972602739,2026-07-03,True
Äänekosken Energia Oy,12,2026-07-06,observed_seller_data,9.5,1,7.537921972602739,2026-07-03,True
Äänekosken Energia Oy,12,2026-07-07,observed_seller_data,9.5,1,7.517649424657533,2026-07-06,True
Äänekosken Energia Oy,12,2026-07-08,observed_seller_data,9.5,1,7.55255905479452,2026-07-07,True
Äänekosken Energia Oy,12,2026-07-09,observed_seller_data,9.5,1,7.663016246575341,2026-07-08,True
Äänekosken Energia Oy,12,2026-07-10,observed_seller_data,9.5,1,7.752925821917807,2026-07-09,True
Äänekosken Energia Oy,12,2026-07-11,observed_seller_data,9.5,1,7.733756986301369,2026-07-10,True
Äänekosken Energia Oy,12,2026-07-12,observed_seller_data,9.5,1,7.733756986301369,2026-07-10,True
Äänekosken Energia Oy,12,2026-07-13,observed_seller_data,9.5,1,7.733756986301369,2026-07-10,True
Äänekosken Energia Oy,12,2026-07-14,observed_seller_data,9.5,1,7.916333698630135,2026-07-13,True
Äänekosken Energia Oy,12,2026-07-15,observed_seller_data,9.5,1,8.05474128767123,2026-07-14,True
Äänekosken Energia Oy,12,2026-07-16,observed_seller_data,9.5,1,8.242688712328768,2026-07-15,True
Äänekosken Energia Oy,12,2026-07-17,observed_seller_data,9.5,1,8.230231547945204,2026-07-16,True
Äänekosken Energia Oy,12,2026-07-18,observed_seller_data,9.5,1,8.411536068493149,2026-07-17,True
Äänekosken Energia Oy,12,2026-07-19,observed_seller_data,9.5,1,8.411536068493149,2026-07-17,True
Äänekosken Energia Oy,12,2026-07-20,observed_seller_data,9.1,1,8.411536068493149,2026-07-17,True
Äänekosken Energia Oy,12,2026-07-21,observed_seller_data,9.1,1,8.444090424657533,2026-07-20,True
Äänekosken Energia Oy,12,2026-07-22,observed_seller_data,10.2,1,8.482008616438355,2026-07-21,True
Äänekosken Energia Oy,12,2026-07-23,observed_seller_data,10.2,1,8.747336246575342,2026-07-22,True
Äänekosken Energia Oy,12,2026-07-24,observed_seller_data,10.2,1,8.776696369863014,2026-07-23,True
Äänekosken Energia Oy,12,2026-07-25,observed_seller_data,10.2,1,8.763114863013698,2026-07-24,True
Äänekosken Energia Oy,12,2026-07-26,observed_seller_data,10.2,1,8.763114863013698,2026-07-24,True
Äänekosken Energia Oy,12,2026-07-27,canonical_calculation,10.2,1,8.763114863013698,2026-07-24,True
Äänekosken Energia Oy,12,2026-07-28,canonical_calculation,10.2,1,8.568218520547944,2026-07-27,True
Äänekosken Energia Oy,12,2026-07-29,canonical_calculation,10.2,1,8.490944904109588,2026-07-28,True
Äänekosken Energia Oy,12,2026-07-30,canonical_calculation,10.2,1,8.781259068493151,2026-07-29,True
Äänekosken Energia Oy,12,2026-08-01,canonical_calculation,10.6,1,8.888607986301372,2026-07-31,True
Äänekosken Energia Oy,12,2026-08-02,canonical_calculation,10.6,1,8.888607986301372,2026-07-31,True
Äänekosken Energia Oy,12,2026-08-03,canonical_calculation,10.6,1,8.888607986301372,2026-07-31,True
Äänekosken Energia Oy,12,2026-08-04,canonical_calculation,10.6,1,8.728779438356165,2026-08-03,True
Äänekosken Energia Oy,12,2026-08-05,canonical_calculation,10.6,1,8.838225753424656,2026-08-04,True
Äänekosken Energia Oy,12,2026-08-06,canonical_calculation,10.6,1,8.654765383561644,2026-08-05,True
Äänekosken Energia Oy,12,2026-08-07,canonical_calculation,10.6,1,8.644147739726026,2026-08-06,True
Äänekosken Energia Oy,12,2026-08-08,canonical_calculation,10.6,1,8.630679698630136,2026-08-07,True
Äänekosken Energia Oy,12,2026-08-09,canonical_calculation,10.6,1,8.630679698630136,2026-08-07,True
Äänekosken Energia Oy,12,2026-08-10,canonical_calculation,10.6,1,8.630679698630136,2026-08-07,True
Äänekosken Energia Oy,12,2026-08-11,canonical_calculation,10.6,1,8.748859438356163,2026-08-10,True
Äänekosken Energia Oy,12,2026-08-12,canonical_calculation,10.6,1,8.705082287671232,2026-08-11,True
Äänekosken Energia Oy,12,2026-08-13,canonical_calculation,10.6,1,8.724316452054794,2026-08-12,True
Äänekosken Energia Oy,12,2026-08-14,canonical_calculation,10.6,1,8.579424123287671,2026-08-13,True
Äänekosken Energia Oy,12,2026-08-15,canonical_calculation,10.6,1,8.519703315068492,2026-08-14,True
Äänekosken Energia Oy,12,2026-08-16,canonical_calculation,10.6,1,8.519703315068492,2026-08-14,True
Äänekosken Energia Oy,12,2026-08-17,canonical_calculation,10.6,1,8.519703315068492,2026-08-14,True
Äänekosken Energia Oy,12,2026-08-18,canonical_calculation,10.6,1,8.72096405479452,2026-08-17,True
Äänekosken Energia Oy,12,2026-08-19,canonical_calculation,10.6,1,8.774798397260271,2026-08-18,True
Äänekosken Energia Oy,12,2026-08-20,canonical_calculation,10.6,1,8.702345356164384,2026-08-19,True
Äänekosken Energia Oy,12,2026-08-21,canonical_calculation,10.6,1,8.65210409589041,2026-08-20,True
Äänekosken Energia Oy,12,2026-08-22,canonical_calculation,10.6,1,8.782668794520548,2026-08-21,True
Äänekosken Energia Oy,12,2026-08-23,canonical_calculation,10.6,1,8.782668794520548,2026-08-21,True
Äänekosken Energia Oy,12,2026-08-24,canonical_calculation,10.6,1,8.782668794520548,2026-08-21,True
Äänekosken Energia Oy,12,2026-08-25,canonical_calculation,10.6,1,8.70024108219178,2026-08-24,True
Äänekosken Energia Oy,12,2026-08-26,canonical_calculation,10.6,1,8.494331684931506,2026-08-25,True
Äänekosken Energia Oy,12,2026-08-27,canonical_calculation,10.6,1,8.25278716438356,2026-08-26,True
Äänekosken Energia Oy,12,2026-08-28,canonical_calculation,10.6,1,8.430127260273972,2026-08-27,True
Äänekosken Energia Oy,12,2026-08-29,canonical_calculation,10.6,1,8.376550794520547,2026-08-28,True
Äänekosken Energia Oy,12,2026-08-30,canonical_calculation,10.6,1,8.376550794520547,2026-08-28,True
Äänekosken Energia Oy,12,2026-08-31,canonical_calculation,10.6,1,8.376550794520547,2026-08-28,True
Äänekosken Energia Oy,12,2026-09-01,canonical_calculation,10.6,1,8.194654876712328,2026-08-31,True
Äänekosken Energia Oy,12,2026-09-02,canonical_calculation,10.6,1,8.232160465753424,2026-09-01,True
Äänekosken Energia Oy,12,2026-09-03,canonical_calculation,10.6,1,8.529712369863013,2026-09-02,True
Äänekosken Energia Oy,12,2026-09-04,canonical_calculation,10.6,1,8.541691602739725,2026-09-03,True
Äänekosken Energia Oy,12,2026-09-05,canonical_calculation,10.6,1,8.551384328767123,2026-09-04,True
Äänekosken Energia Oy,12,2026-09-06,canonical_calculation,10.6,1,8.551384328767123,2026-09-04,True
Äänekosken Energia Oy,12,2026-09-07,canonical_calculation,10.6,1,8.551384328767123,2026-09-04,True
Äänekosken Energia Oy,12,2026-09-08,canonical_calculation,10.6,1,8.858608328767124,2026-09-07,True
Äänekosken Energia Oy,12,2026-09-09,canonical_calculation,10.6,1,9.059559616438355,2026-09-08,True
Äänekosken Energia Oy,12,2026-09-11,canonical_calculation,11.5,1,9.592642356164383,2026-09-10,True
Äänekosken Energia Oy,12,2026-09-12,canonical_calculation,11.5,1,9.381571986301369,2026-09-11,True
Äänekosken Energia Oy,12,2026-09-13,canonical_calculation,11.5,1,9.381571986301369,2026-09-11,True
Äänekosken Energia Oy,24,2026-04-08,observed_seller_data,8.5,1,,,False
Äänekosken Energia Oy,24,2026-04-09,observed_seller_data,8.5,1,6.314420047879617,2026-04-08,True
Äänekosken Energia Oy,24,2026-04-10,observed_seller_data,8.5,1,6.2962903625171,2026-04-09,True
Äänekosken Energia Oy,24,2026-04-11,observed_seller_data,8.5,1,6.228571867305061,2026-04-10,True
Äänekosken Energia Oy,24,2026-04-12,observed_seller_data,8.5,1,6.228571867305061,2026-04-10,True
Äänekosken Energia Oy,24,2026-04-13,observed_seller_data,8.5,1,6.228571867305061,2026-04-10,True
Äänekosken Energia Oy,24,2026-04-14,observed_seller_data,8.5,1,6.23801269493844,2026-04-13,True
Äänekosken Energia Oy,24,2026-04-15,observed_seller_data,8.5,1,6.177379541723666,2026-04-14,True
Äänekosken Energia Oy,24,2026-04-16,observed_seller_data,8.5,1,6.144708337893295,2026-04-15,True
Äänekosken Energia Oy,24,2026-04-17,observed_seller_data,8.5,1,6.150796203830369,2026-04-16,True
Äänekosken Energia Oy,24,2026-04-18,observed_seller_data,8.5,1,6.103619534883721,2026-04-17,True
Äänekosken Energia Oy,24,2026-04-19,observed_seller_data,8.5,1,6.103619534883721,2026-04-17,True
Äänekosken Energia Oy,24,2026-04-20,observed_seller_data,8.5,1,6.103619534883721,2026-04-17,True
Äänekosken Energia Oy,24,2026-04-21,observed_seller_data,8.5,1,6.087503686730505,2026-04-20,True
Äänekosken Energia Oy,24,2026-04-22,observed_seller_data,8.5,1,6.154380937072504,2026-04-21,True
Äänekosken Energia Oy,24,2026-04-23,observed_seller_data,8.5,1,6.177219876880984,2026-04-22,True
Äänekosken Energia Oy,24,2026-04-24,observed_seller_data,8.5,1,6.256475444596442,2026-04-23,True
Äänekosken Energia Oy,24,2026-04-25,observed_seller_data,8.5,1,6.191047195622435,2026-04-24,True
Äänekosken Energia Oy,24,2026-04-26,observed_seller_data,8.5,1,6.191047195622435,2026-04-24,True
Äänekosken Energia Oy,24,2026-04-27,observed_seller_data,8.5,1,6.191047195622435,2026-04-24,True
Äänekosken Energia Oy,24,2026-04-28,observed_seller_data,8.5,1,6.134817701778386,2026-04-27,True
Äänekosken Energia Oy,24,2026-04-29,observed_seller_data,8.5,1,6.171774103967169,2026-04-28,True
Äänekosken Energia Oy,24,2026-04-30,observed_seller_data,8.5,1,6.239817079343364,2026-04-29,True
Äänekosken Energia Oy,24,2026-05-01,observed_seller_data,8.5,1,6.355381805745553,2026-04-30,True
Äänekosken Energia Oy,24,2026-05-02,observed_seller_data,8.5,1,6.355381805745553,2026-04-30,True
Äänekosken Energia Oy,24,2026-05-03,observed_seller_data,8.5,1,6.355381805745553,2026-04-30,True
Äänekosken Energia Oy,24,2026-05-04,observed_seller_data,8.5,1,6.355381805745553,2026-04-30,True
Äänekosken Energia Oy,24,2026-05-05,observed_seller_data,8.5,1,6.476608625170997,2026-05-04,True
Äänekosken Energia Oy,24,2026-05-06,observed_seller_data,8.5,1,6.494082482900137,2026-05-05,True
Äänekosken Energia Oy,24,2026-05-07,observed_seller_data,8.5,1,6.3717053898768805,2026-05-06,True
Äänekosken Energia Oy,24,2026-05-08,observed_seller_data,8.5,1,6.408783686730506,2026-05-07,True
Äänekosken Energia Oy,24,2026-05-09,observed_seller_data,8.5,1,6.537145636114911,2026-05-08,True
Äänekosken Energia Oy,24,2026-05-10,observed_seller_data,8.5,1,6.537145636114911,2026-05-08,True
Äänekosken Energia Oy,24,2026-05-11,observed_seller_data,8.5,1,6.537145636114911,2026-05-08,True
Äänekosken Energia Oy,24,2026-05-12,observed_seller_data,8.5,1,6.665234610123119,2026-05-11,True
Äänekosken Energia Oy,24,2026-05-13,observed_seller_data,8.5,1,6.70606760601915,2026-05-12,True
Äänekosken Energia Oy,24,2026-05-14,observed_seller_data,8.5,1,6.721105287277702,2026-05-13,True
Äänekosken Energia Oy,24,2026-05-15,observed_seller_data,8.5,1,6.717319685362518,2026-05-14,True
Äänekosken Energia Oy,24,2026-05-16,observed_seller_data,8.5,1,6.7470001778385775,2026-05-15,True
Äänekosken Energia Oy,24,2026-05-17,observed_seller_data,8.5,1,6.7470001778385775,2026-05-15,True
Äänekosken Energia Oy,24,2026-05-18,observed_seller_data,8.7,1,6.7470001778385775,2026-05-15,True
Äänekosken Energia Oy,24,2026-05-19,observed_seller_data,8.7,1,6.650742879616962,2026-05-18,True
Äänekosken Energia Oy,24,2026-05-20,observed_seller_data,8.7,1,6.6187309370725025,2026-05-19,True
Äänekosken Energia Oy,24,2026-05-21,observed_seller_data,8.7,1,6.6317977017783845,2026-05-20,True
Äänekosken Energia Oy,24,2026-05-22,observed_seller_data,8.7,1,6.702566997264021,2026-05-21,True
Äänekosken Energia Oy,24,2026-05-23,observed_seller_data,8.7,1,6.6722512790697674,2026-05-22,True
Äänekosken Energia Oy,24,2026-05-24,observed_seller_data,8.7,1,6.6722512790697674,2026-05-22,True
Äänekosken Energia Oy,24,2026-05-25,observed_seller_data,8.7,1,6.6722512790697674,2026-05-22,True
Äänekosken Energia Oy,24,2026-05-26,observed_seller_data,8.7,1,6.515872441860465,2026-05-25,True
Äänekosken Energia Oy,24,2026-05-27,observed_seller_data,8.7,1,6.584854521203829,2026-05-26,True
Äänekosken Energia Oy,24,2026-05-28,observed_seller_data,8.7,1,6.484572982216141,2026-05-27,True
Äänekosken Energia Oy,24,2026-05-29,observed_seller_data,8.7,1,6.595828474692201,2026-05-28,True
Äänekosken Energia Oy,24,2026-05-30,observed_seller_data,8.7,1,6.705398043775649,2026-05-29,True
Äänekosken Energia Oy,24,2026-05-31,observed_seller_data,8.7,1,6.705398043775649,2026-05-29,True
Äänekosken Energia Oy,24,2026-06-01,observed_seller_data,8.7,1,6.692830875512995,2026-05-29,True
Äänekosken Energia Oy,24,2026-06-02,observed_seller_data,8.7,1,6.863023296853624,2026-06-01,True
Äänekosken Energia Oy,24,2026-06-03,observed_seller_data,8.7,1,6.804407414500683,2026-06-02,True
Äänekosken Energia Oy,24,2026-06-04,observed_seller_data,8.7,1,6.924890848153214,2026-06-03,True
Äänekosken Energia Oy,24,2026-06-05,observed_seller_data,8.7,1,6.841681429548563,2026-06-04,True
Äänekosken Energia Oy,24,2026-06-06,observed_seller_data,8.7,1,6.780177845417237,2026-06-05,True
Äänekosken Energia Oy,24,2026-06-07,observed_seller_data,8.7,1,6.780177845417237,2026-06-05,True
Äänekosken Energia Oy,24,2026-06-08,observed_seller_data,8.7,1,6.780177845417237,2026-06-05,True
Äänekosken Energia Oy,24,2026-06-09,observed_seller_data,8.7,1,6.7652792270861815,2026-06-08,True
Äänekosken Energia Oy,24,2026-06-10,observed_seller_data,8.7,1,6.654351648426812,2026-06-09,True
Äänekosken Energia Oy,24,2026-06-11,observed_seller_data,8.7,1,6.690471956224349,2026-06-10,True
Äänekosken Energia Oy,24,2026-06-12,observed_seller_data,8.7,1,6.73640049247606,2026-06-11,True
Äänekosken Energia Oy,24,2026-06-13,observed_seller_data,8.7,1,6.603004808481531,2026-06-12,True
Äänekosken Energia Oy,24,2026-06-14,observed_seller_data,8.7,1,6.603004808481531,2026-06-12,True
Äänekosken Energia Oy,24,2026-06-15,observed_seller_data,8.7,1,6.603004808481531,2026-06-12,True
Äänekosken Energia Oy,24,2026-06-16,observed_seller_data,8.7,1,6.537957694938441,2026-06-15,True
Äänekosken Energia Oy,24,2026-06-17,observed_seller_data,8.7,1,6.571571436388509,2026-06-16,True
Äänekosken Energia Oy,24,2026-06-18,observed_seller_data,8.7,1,6.488619541723665,2026-06-17,True
Äänekosken Energia Oy,24,2026-06-19,observed_seller_data,8.7,1,6.392096135430917,2026-06-18,True
Äänekosken Energia Oy,24,2026-06-20,observed_seller_data,8.7,1,6.448359965800273,2026-06-19,True
Äänekosken Energia Oy,24,2026-06-21,observed_seller_data,8.7,1,6.448359965800273,2026-06-19,True
Äänekosken Energia Oy,24,2026-06-22,observed_seller_data,8.7,1,6.448359965800273,2026-06-19,True
Äänekosken Energia Oy,24,2026-06-23,observed_seller_data,8.7,1,6.2601099658002735,2026-06-22,True
Äänekosken Energia Oy,24,2026-06-24,observed_seller_data,8.7,1,6.329272311901504,2026-06-23,True
Äänekosken Energia Oy,24,2026-06-25,observed_seller_data,8.7,1,6.319347339261285,2026-06-24,True
Äänekosken Energia Oy,24,2026-06-26,observed_seller_data,8.7,1,6.360398372093023,2026-06-25,True
Äänekosken Energia Oy,24,2026-06-27,observed_seller_data,8.7,1,6.398996060191518,2026-06-26,True
Äänekosken Energia Oy,24,2026-06-28,observed_seller_data,8.7,1,6.398996060191518,2026-06-26,True
Äänekosken Energia Oy,24,2026-06-29,observed_seller_data,8.7,1,6.398996060191518,2026-06-26,True
Äänekosken Energia Oy,24,2026-06-30,observed_seller_data,8.7,1,6.356499459644321,2026-06-29,True
Äänekosken Energia Oy,24,2026-07-01,observed_seller_data,8.7,1,6.578045588235293,2026-06-30,True
Äänekosken Energia Oy,24,2026-07-02,observed_seller_data,8.7,1,6.6284910943912445,2026-07-01,True
Äänekosken Energia Oy,24,2026-07-03,observed_seller_data,8.7,1,6.720432291381669,2026-07-02,True
Äänekosken Energia Oy,24,2026-07-04,observed_seller_data,8.7,1,6.790317421340628,2026-07-03,True
Äänekosken Energia Oy,24,2026-07-05,observed_seller_data,8.7,1,6.790317421340628,2026-07-03,True
Äänekosken Energia Oy,24,2026-07-06,observed_seller_data,8.7,1,6.790317421340628,2026-07-03,True
Äänekosken Energia Oy,24,2026-07-07,observed_seller_data,8.7,1,6.748586525307798,2026-07-06,True
Äänekosken Energia Oy,24,2026-07-08,observed_seller_data,8.7,1,6.768290540355675,2026-07-07,True
Äänekosken Energia Oy,24,2026-07-09,observed_seller_data,8.7,1,6.846610437756497,2026-07-08,True
Äänekosken Energia Oy,24,2026-07-10,observed_seller_data,8.7,1,6.866929076607387,2026-07-09,True
Äänekosken Energia Oy,24,2026-07-11,observed_seller_data,8.7,1,6.839267571819425,2026-07-10,True
Äänekosken Energia Oy,24,2026-07-12,observed_seller_data,8.7,1,6.839267571819425,2026-07-10,True
Äänekosken Energia Oy,24,2026-07-13,observed_seller_data,8.7,1,6.839267571819425,2026-07-10,True
Äänekosken Energia Oy,24,2026-07-14,observed_seller_data,8.7,1,6.9581303214774275,2026-07-13,True
Äänekosken Energia Oy,24,2026-07-15,observed_seller_data,8.7,1,7.056428926128589,2026-07-14,True
Äänekosken Energia Oy,24,2026-07-16,observed_seller_data,8.7,1,7.151063823529411,2026-07-15,True
Äänekosken Energia Oy,24,2026-07-17,observed_seller_data,8.7,1,7.151930820793433,2026-07-16,True
Äänekosken Energia Oy,24,2026-07-18,observed_seller_data,8.7,1,7.250301532147743,2026-07-17,True
Äänekosken Energia Oy,24,2026-07-19,observed_seller_data,8.7,1,7.250301532147743,2026-07-17,True
Äänekosken Energia Oy,24,2026-07-20,observed_seller_data,8.7,1,7.250301532147743,2026-07-17,True
Äänekosken Energia Oy,24,2026-07-21,observed_seller_data,8.7,1,7.25315146374829,2026-07-20,True
Äänekosken Energia Oy,24,2026-07-22,observed_seller_data,9.3,1,7.284062920656635,2026-07-21,True
Äänekosken Energia Oy,24,2026-07-23,observed_seller_data,9.3,1,7.422411648426812,2026-07-22,True
Äänekosken Energia Oy,24,2026-07-24,observed_seller_data,9.3,1,7.446412879616962,2026-07-23,True
Äänekosken Energia Oy,24,2026-07-25,observed_seller_data,9.3,1,7.456499233926127,2026-07-24,True
Äänekosken Energia Oy,24,2026-07-26,observed_seller_data,9.3,1,7.456499233926127,2026-07-24,True
Äänekosken Energia Oy,24,2026-07-27,canonical_calculation,9.3,1,7.456499233926127,2026-07-24,True
Äänekosken Energia Oy,24,2026-07-28,canonical_calculation,9.3,1,7.337356641586867,2026-07-27,True
Äänekosken Energia Oy,24,2026-07-29,canonical_calculation,9.3,1,7.273444350205198,2026-07-28,True
Äänekosken Energia Oy,24,2026-07-30,canonical_calculation,9.3,1,7.420560909712721,2026-07-29,True
Äänekosken Energia Oy,24,2026-08-01,canonical_calculation,9.5,1,7.608965424076606,2026-07-31,True
Äänekosken Energia Oy,24,2026-08-02,canonical_calculation,9.5,1,7.608965424076606,2026-07-31,True
Äänekosken Energia Oy,24,2026-08-03,canonical_calculation,9.5,1,7.608965424076606,2026-07-31,True
Äänekosken Energia Oy,24,2026-08-04,canonical_calculation,9.5,1,7.529972530779754,2026-08-03,True
Äänekosken Energia Oy,24,2026-08-05,canonical_calculation,9.5,1,7.585975403556771,2026-08-04,True
Äänekosken Energia Oy,24,2026-08-06,canonical_calculation,9.5,1,7.4775578248974,2026-08-05,True
Äänekosken Energia Oy,24,2026-08-07,canonical_calculation,9.5,1,7.496314151846784,2026-08-06,True
Äänekosken Energia Oy,24,2026-08-08,canonical_calculation,9.5,1,7.491129336525306,2026-08-07,True
Äänekosken Energia Oy,24,2026-08-09,canonical_calculation,9.5,1,7.491129336525306,2026-08-07,True
Äänekosken Energia Oy,24,2026-08-10,canonical_calculation,9.5,1,7.491129336525306,2026-08-07,True
Äänekosken Energia Oy,24,2026-08-11,canonical_calculation,9.8,1,7.565430143638851,2026-08-10,True
Äänekosken Energia Oy,24,2026-08-12,canonical_calculation,9.8,1,7.543820451436388,2026-08-11,True
Äänekosken Energia Oy,24,2026-08-13,canonical_calculation,9.8,1,7.565919439124487,2026-08-12,True
Äänekosken Energia Oy,24,2026-08-14,canonical_calculation,9.8,1,7.4593920861833105,2026-08-13,True
Äänekosken Energia Oy,24,2026-08-15,canonical_calculation,9.8,1,7.408258132694938,2026-08-14,True
Äänekosken Energia Oy,24,2026-08-16,canonical_calculation,9.8,1,7.408258132694938,2026-08-14,True
Äänekosken Energia Oy,24,2026-08-17,canonical_calculation,9.8,1,7.408258132694938,2026-08-14,True
Äänekosken Energia Oy,24,2026-08-18,canonical_calculation,9.8,1,7.543262482900136,2026-08-17,True
Äänekosken Energia Oy,24,2026-08-19,canonical_calculation,9.8,1,7.569327339261285,2026-08-18,True
Äänekosken Energia Oy,24,2026-08-20,canonical_calculation,9.8,1,7.525651279069766,2026-08-19,True
Äänekosken Energia Oy,24,2026-08-21,canonical_calculation,9.8,1,7.518734186046511,2026-08-20,True
Äänekosken Energia Oy,24,2026-08-22,canonical_calculation,9.8,1,7.600690321477427,2026-08-21,True
Äänekosken Energia Oy,24,2026-08-23,canonical_calculation,9.8,1,7.600690321477427,2026-08-21,True
Äänekosken Energia Oy,24,2026-08-24,canonical_calculation,9.8,1,7.600690321477427,2026-08-21,True
Äänekosken Energia Oy,24,2026-08-25,canonical_calculation,9.8,1,7.572352387140903,2026-08-24,True
Äänekosken Energia Oy,24,2026-08-26,canonical_calculation,9.8,1,7.385951409028726,2026-08-25,True
Äänekosken Energia Oy,24,2026-08-27,canonical_calculation,9.8,1,7.248811326949384,2026-08-26,True
Äänekosken Energia Oy,24,2026-08-28,canonical_calculation,9.8,1,7.380433529411764,2026-08-27,True
Äänekosken Energia Oy,24,2026-08-29,canonical_calculation,9.8,1,7.362903016415868,2026-08-28,True
Äänekosken Energia Oy,24,2026-08-30,canonical_calculation,9.8,1,7.362903016415868,2026-08-28,True
Äänekosken Energia Oy,24,2026-08-31,canonical_calculation,9.8,1,7.362903016415868,2026-08-28,True
Äänekosken Energia Oy,24,2026-09-01,canonical_calculation,9.8,1,7.3933217441860455,2026-08-31,True
Äänekosken Energia Oy,24,2026-09-02,canonical_calculation,9.8,1,7.452802906976744,2026-09-01,True
Äänekosken Energia Oy,24,2026-09-03,canonical_calculation,9.8,1,7.658533632010943,2026-09-02,True
Äänekosken Energia Oy,24,2026-09-04,canonical_calculation,9.8,1,7.687525677154583,2026-09-03,True
Äänekosken Energia Oy,24,2026-09-05,canonical_calculation,9.8,1,7.69683602599179,2026-09-04,True
Äänekosken Energia Oy,24,2026-09-06,canonical_calculation,9.8,1,7.69683602599179,2026-09-04,True
Äänekosken Energia Oy,24,2026-09-07,canonical_calculation,9.8,1,7.69683602599179,2026-09-04,True
Äänekosken Energia Oy,24,2026-09-08,canonical_calculation,9.8,1,7.916026668946647,2026-09-07,True
Äänekosken Energia Oy,24,2026-09-09,canonical_calculation,9.8,1,8.065436908344731,2026-09-08,True
Äänekosken Energia Oy,24,2026-09-10,canonical_calculation,9.8,1,8.37942211354309,2026-09-09,True
Äänekosken Energia Oy,24,2026-09-11,canonical_calculation,9.8,1,8.510666614227084,2026-09-10,True
Äänekosken Energia Oy,24,2026-09-12,canonical_calculation,9.8,1,8.336777865937071,2026-09-11,True
Äänekosken Energia Oy,24,2026-09-13,canonical_calculation,9.8,1,8.336777865937071,2026-09-11,True
