snapshot_id,company,term,date,reasons
94710,Pohjois-Karjalan Sähkö Oy,6,2026-04-08,not_General
94711,Paneliankosken Voima Oy,24,2026-04-08,not_exact_fixed_segment;not_FixedPrice
94713,Korpelan Energia Oy,24,2026-04-08,not_exact_fixed_segment;not_FixedPrice
94714,Väre Oy,12,2026-04-08,not_exact_fixed_segment;not_FixedPrice
94716,Hehku Energia Oy,12,2026-04-08,not_exact_fixed_segment;not_FixedPrice
94719,Keravan Energia Oy,24,2026-04-08,not_exact_fixed_segment;not_FixedPrice
94724,Nurmijärven Sähkö Oy,12,2026-04-08,not_General
94738,Köyliön-Säkylän Sähkö Oy,12,2026-04-08,not_General
94741,Lammaisten Energia Oy,12,2026-04-08,not_exact_fixed_segment;not_FixedPrice;not_General
94744,Nurmijärven Sähkö Oy,24,2026-04-08,not_General
94752,Paneliankosken Voima Oy,12,2026-04-08,not_General
94753,Lammaisten Energia Oy,24,2026-04-08,not_exact_fixed_segment;not_FixedPrice;not_General
94754,Pohjois-Karjalan Sähkö Oy,24,2026-04-08,not_General
94758,Paneliankosken Voima Oy,24,2026-04-08,not_General
94760,Koillis-Satakunnan Sähkö Oy,12,2026-04-08,not_General
94765,Nurmijärven Sähkö Oy,24,2026-04-08,not_General
94771,Nordic Green Energy,12,2026-04-08,not_exact_fixed_segment;not_FixedPrice
94772,Lammaisten Energia Oy,24,2026-04-08,not_General
94774,Korpelan Energia Oy,12,2026-04-08,not_exact_fixed_segment;not_FixedPrice
94775,Kokkolan Energia Oy,24,2026-04-08,not_exact_fixed_segment;not_FixedPrice
94781,Oomi Oy,12,2026-04-08,not_exact_fixed_segment;not_FixedPrice
94782,Porvoon Energia Oy,12,2026-04-08,not_General
94788,Keravan Energia Oy,12,2026-04-08,not_exact_fixed_segment;not_FixedPrice
94792,Porvoon Energia Oy,24,2026-04-08,not_General
94796,Paneliankosken Voima Oy,12,2026-04-08,not_exact_fixed_segment;not_FixedPrice;not_General
94798,Koillis-Satakunnan Sähkö Oy,24,2026-04-08,not_General
94799,Äänekosken Energia Oy,6,2026-04-08,not_General
94803,Lammaisten Energia Oy,12,2026-04-08,not_exact_fixed_segment;not_FixedPrice;not_General
94811,Porvoon Energia Oy,12,2026-04-08,not_General
94812,Omavoima Oy,12,2026-04-08,not_General
94817,Vaasan Sähkö Myynti Oy,24,2026-04-08,not_General
94828,Alajärven Sähkö Oy,12,2026-04-08,not_General
94836,Keravan Energia Oy,24,2026-04-08,not_exact_fixed_segment;not_FixedPrice
94842,Pohjois-Karjalan Sähkö Oy,12,2026-04-08,not_General
94849,Imatran Seudun Sähkö Oy,6,2026-04-08,not_exact_fixed_segment;not_FixedPrice
94858,Äänekosken Energia Oy,12,2026-04-08,not_General
94863,Lammaisten Energia Oy,12,2026-04-08,not_General
94864,Vaasan Sähkö Myynti Oy,24,2026-04-08,not_exact_fixed_segment;not_FixedPrice
94868,Lammaisten Energia Oy,12,2026-04-08,not_exact_fixed_segment;not_FixedPrice
94869,Äänekosken Energia Oy,24,2026-04-08,not_General
94874,Paneliankosken Voima Oy,24,2026-04-08,not_exact_fixed_segment;not_FixedPrice;not_General
94875,Koillis-Satakunnan Sähkö Oy,12,2026-04-08,not_General
94877,Köyliön-Säkylän Sähkö Oy,12,2026-04-08,not_General
94879,Porvoon Energia Oy,24,2026-04-08,not_General
94880,Helen Oy,24,2026-04-08,not_exact_fixed_segment;not_FixedPrice
94883,Pohjois-Karjalan Sähkö Oy,6,2026-04-08,not_General
94887,Omavoima Oy,24,2026-04-08,not_exact_fixed_segment;not_FixedPrice
94891,Vaasan Sähkö Myynti Oy,12,2026-04-08,not_General
94893,Äänekosken Energia Oy,24,2026-04-08,not_General
94894,Väre Oy,24,2026-04-08,not_exact_fixed_segment;not_FixedPrice
94901,Vaasan Sähkö Myynti Oy,6,2026-04-08,not_General
94907,Lumme Energia,24,2026-04-08,not_exact_fixed_segment;not_FixedPrice
94909,Kokkolan Energia Oy,12,2026-04-08,not_exact_fixed_segment;not_FixedPrice
94914,Helen Oy,12,2026-04-08,not_exact_fixed_segment;not_FixedPrice
94915,Paneliankosken Voima Oy,12,2026-04-08,not_exact_fixed_segment;not_FixedPrice
94918,Omavoima Oy,12,2026-04-08,not_General
94922,Nordic Green Energy,24,2026-04-08,not_exact_fixed_segment;not_FixedPrice
94925,Lammaisten Energia Oy,24,2026-04-08,not_exact_fixed_segment;not_FixedPrice
94926,Omavoima Oy,24,2026-04-08,not_General
94927,Vaasan Sähkö Myynti Oy,6,2026-04-08,not_exact_fixed_segment;not_FixedPrice
94928,Koillis-Satakunnan Sähkö Oy,24,2026-04-08,not_General
94929,Koillis-Satakunnan Sähkö Oy,24,2026-04-08,not_exact_fixed_segment;not_FixedPrice
94937,Imatran Seudun Sähkö Oy,24,2026-04-08,not_exact_fixed_segment;not_FixedPrice
94947,Äänekosken Energia Oy,6,2026-04-08,not_General
94949,Kokkolan Energia Oy,6,2026-04-08,not_exact_fixed_segment;not_FixedPrice
94951,Lammaisten Energia Oy,12,2026-04-08,not_General
94958,Koillis-Satakunnan Sähkö Oy,12,2026-04-08,not_General
94961,Lammaisten Energia Oy,6,2026-04-08,not_exact_fixed_segment;not_FixedPrice;not_General
94966,Nordic Green Energy,12,2026-04-08,not_exact_fixed_segment;not_FixedPrice
94972,Köyliön-Säkylän Sähkö Oy,24,2026-04-08,not_General
94974,Alajärven Sähkö Oy,24,2026-04-08,not_General
94976,Keravan Energia Oy,12,2026-04-08,not_exact_fixed_segment;not_FixedPrice
94979,Pohjois-Karjalan Sähkö Oy,24,2026-04-08,not_General
94981,Lumme Energia,12,2026-04-08,not_exact_fixed_segment;not_FixedPrice
94983,Lammaisten Energia Oy,6,2026-04-08,not_General
94987,Lammaisten Energia Oy,6,2026-04-08,not_General
94988,Oomi Oy,24,2026-04-08,not_exact_fixed_segment;not_FixedPrice
94990,Fortum Markets Oy,24,2026-04-08,not_exact_fixed_segment;not_FixedPrice
94998,Lammaisten Energia Oy,24,2026-04-08,not_exact_fixed_segment;not_FixedPrice;not_General
94999,Äänekosken Energia Oy,12,2026-04-08,not_General
95002,Väre Oy,6,2026-04-08,not_exact_fixed_segment;not_FixedPrice
95005,Imatran Seudun Sähkö Oy,12,2026-04-08,not_exact_fixed_segment;not_FixedPrice
95007,Hehku Energia Oy,24,2026-04-08,not_exact_fixed_segment;not_FixedPrice
95010,Pohjois-Karjalan Sähkö Oy,12,2026-04-08,not_General
95015,Nordic Green Energy,24,2026-04-08,not_exact_fixed_segment;not_FixedPrice
95021,Nurmijärven Sähkö Oy,12,2026-04-08,not_General
95022,Oomi Oy,6,2026-04-08,not_exact_fixed_segment;not_FixedPrice
95028,Keravan Energia Oy,12,2026-04-08,not_exact_fixed_segment;not_FixedPrice
95029,Koillis-Satakunnan Sähkö Oy,12,2026-04-08,not_exact_fixed_segment;not_FixedPrice
95030,Nurmijärven Sähkö Oy,24,2026-04-08,not_General
95032,Lammaisten Energia Oy,6,2026-04-08,not_exact_fixed_segment;not_FixedPrice
95035,Fortum Markets Oy,12,2026-04-08,not_exact_fixed_segment;not_FixedPrice
95038,Lammaisten Energia Oy,6,2026-04-08,not_exact_fixed_segment;not_FixedPrice;not_General
95043,Porvoon Energia Oy,24,2026-04-08,not_General
95044,Lammaisten Energia Oy,24,2026-04-08,not_General
95048,Omavoima Oy,24,2026-04-08,not_General
95051,Vaasan Sähkö Myynti Oy,12,2026-04-08,not_exact_fixed_segment;not_FixedPrice
95057,Köyliön-Säkylän Sähkö Oy,24,2026-04-08,not_General
95058,Pohjois-Karjalan Sähkö Oy,6,2026-04-09,not_General
95059,Paneliankosken Voima Oy,24,2026-04-09,not_exact_fixed_segment;not_FixedPrice
95062,Korpelan Energia Oy,24,2026-04-09,not_exact_fixed_segment;not_FixedPrice
95064,Hehku Energia Oy,12,2026-04-09,not_exact_fixed_segment;not_FixedPrice
95067,Keravan Energia Oy,24,2026-04-09,not_exact_fixed_segment;not_FixedPrice
95069,Nurmijärven Sähkö Oy,12,2026-04-09,not_General
95084,Köyliön-Säkylän Sähkö Oy,12,2026-04-09,not_General
95086,Lammaisten Energia Oy,12,2026-04-09,not_exact_fixed_segment;not_FixedPrice;not_General
95090,Nurmijärven Sähkö Oy,24,2026-04-09,not_General
95098,Paneliankosken Voima Oy,12,2026-04-09,not_General
95099,Lammaisten Energia Oy,24,2026-04-09,not_exact_fixed_segment;not_FixedPrice;not_General
95100,Pohjois-Karjalan Sähkö Oy,24,2026-04-09,not_General
95104,Paneliankosken Voima Oy,24,2026-04-09,not_General
95106,Koillis-Satakunnan Sähkö Oy,12,2026-04-09,not_General
95111,Nurmijärven Sähkö Oy,24,2026-04-09,not_General
95117,Nordic Green Energy,12,2026-04-09,not_exact_fixed_segment;not_FixedPrice
95118,Lammaisten Energia Oy,24,2026-04-09,not_General
95120,Korpelan Energia Oy,12,2026-04-09,not_exact_fixed_segment;not_FixedPrice
95121,Kokkolan Energia Oy,24,2026-04-09,not_exact_fixed_segment;not_FixedPrice
95127,Oomi Oy,12,2026-04-09,not_exact_fixed_segment;not_FixedPrice
95128,Porvoon Energia Oy,12,2026-04-09,not_General
95135,Keravan Energia Oy,12,2026-04-09,not_exact_fixed_segment;not_FixedPrice
95138,Porvoon Energia Oy,24,2026-04-09,not_General
95142,Paneliankosken Voima Oy,12,2026-04-09,not_exact_fixed_segment;not_FixedPrice;not_General
95144,Koillis-Satakunnan Sähkö Oy,24,2026-04-09,not_General
95145,Äänekosken Energia Oy,6,2026-04-09,not_General
95149,Lammaisten Energia Oy,12,2026-04-09,not_exact_fixed_segment;not_FixedPrice;not_General
95157,Porvoon Energia Oy,12,2026-04-09,not_General
95158,Omavoima Oy,12,2026-04-09,not_General
95164,Vaasan Sähkö Myynti Oy,24,2026-04-09,not_General
95176,Alajärven Sähkö Oy,12,2026-04-09,not_General
95184,Keravan Energia Oy,24,2026-04-09,not_exact_fixed_segment;not_FixedPrice
95189,Pohjois-Karjalan Sähkö Oy,12,2026-04-09,not_General
95196,Imatran Seudun Sähkö Oy,6,2026-04-09,not_exact_fixed_segment;not_FixedPrice
95205,Äänekosken Energia Oy,12,2026-04-09,not_General
95210,Lammaisten Energia Oy,12,2026-04-09,not_General
95211,Vaasan Sähkö Myynti Oy,24,2026-04-09,not_exact_fixed_segment;not_FixedPrice
95215,Lammaisten Energia Oy,12,2026-04-09,not_exact_fixed_segment;not_FixedPrice
95216,Äänekosken Energia Oy,24,2026-04-09,not_General
95222,Väre Oy,12,2026-04-09,not_exact_fixed_segment;not_FixedPrice
95223,Paneliankosken Voima Oy,24,2026-04-09,not_exact_fixed_segment;not_FixedPrice;not_General
95224,Koillis-Satakunnan Sähkö Oy,12,2026-04-09,not_General
95226,Köyliön-Säkylän Sähkö Oy,12,2026-04-09,not_General
95228,Porvoon Energia Oy,24,2026-04-09,not_General
95229,Helen Oy,24,2026-04-09,not_exact_fixed_segment;not_FixedPrice
95232,Pohjois-Karjalan Sähkö Oy,6,2026-04-09,not_General
95237,Väre Oy,24,2026-04-09,not_exact_fixed_segment;not_FixedPrice
95238,Omavoima Oy,24,2026-04-09,not_exact_fixed_segment;not_FixedPrice
95242,Vaasan Sähkö Myynti Oy,12,2026-04-09,not_General
95244,Äänekosken Energia Oy,24,2026-04-09,not_General
95250,Vaasan Sähkö Myynti Oy,6,2026-04-09,not_General
95256,Lumme Energia,24,2026-04-09,not_exact_fixed_segment;not_FixedPrice
95258,Kokkolan Energia Oy,12,2026-04-09,not_exact_fixed_segment;not_FixedPrice
95262,Imatran Seudun Sähkö Oy,24,2026-04-09,not_exact_fixed_segment;not_FixedPrice
95263,Helen Oy,12,2026-04-09,not_exact_fixed_segment;not_FixedPrice
95264,Paneliankosken Voima Oy,12,2026-04-09,not_exact_fixed_segment;not_FixedPrice
95267,Omavoima Oy,12,2026-04-09,not_General
95271,Imatran Seudun Sähkö Oy,12,2026-04-09,not_exact_fixed_segment;not_FixedPrice
95272,Nordic Green Energy,24,2026-04-09,not_exact_fixed_segment;not_FixedPrice
95275,Lammaisten Energia Oy,24,2026-04-09,not_exact_fixed_segment;not_FixedPrice
95276,Omavoima Oy,24,2026-04-09,not_General
95277,Vaasan Sähkö Myynti Oy,6,2026-04-09,not_exact_fixed_segment;not_FixedPrice
95278,Koillis-Satakunnan Sähkö Oy,24,2026-04-09,not_General
95279,Koillis-Satakunnan Sähkö Oy,24,2026-04-09,not_exact_fixed_segment;not_FixedPrice
95296,Äänekosken Energia Oy,6,2026-04-09,not_General
95298,Kokkolan Energia Oy,6,2026-04-09,not_exact_fixed_segment;not_FixedPrice
95300,Lammaisten Energia Oy,12,2026-04-09,not_General
95307,Koillis-Satakunnan Sähkö Oy,12,2026-04-09,not_General
95310,Lammaisten Energia Oy,6,2026-04-09,not_exact_fixed_segment;not_FixedPrice;not_General
95311,Väre Oy,6,2026-04-09,not_exact_fixed_segment;not_FixedPrice
95316,Nordic Green Energy,12,2026-04-09,not_exact_fixed_segment;not_FixedPrice
95322,Köyliön-Säkylän Sähkö Oy,24,2026-04-09,not_General
95325,Alajärven Sähkö Oy,24,2026-04-09,not_General
95327,Keravan Energia Oy,12,2026-04-09,not_exact_fixed_segment;not_FixedPrice
95330,Pohjois-Karjalan Sähkö Oy,24,2026-04-09,not_General
95331,Lumme Energia,12,2026-04-09,not_exact_fixed_segment;not_FixedPrice
95333,Lammaisten Energia Oy,6,2026-04-09,not_General
95337,Lammaisten Energia Oy,6,2026-04-09,not_General
95338,Oomi Oy,24,2026-04-09,not_exact_fixed_segment;not_FixedPrice
95340,Fortum Markets Oy,24,2026-04-09,not_exact_fixed_segment;not_FixedPrice
95348,Lammaisten Energia Oy,24,2026-04-09,not_exact_fixed_segment;not_FixedPrice;not_General
95349,Äänekosken Energia Oy,12,2026-04-09,not_General
95355,Hehku Energia Oy,24,2026-04-09,not_exact_fixed_segment;not_FixedPrice
95357,Pohjois-Karjalan Sähkö Oy,12,2026-04-09,not_General
95362,Nordic Green Energy,24,2026-04-09,not_exact_fixed_segment;not_FixedPrice
95368,Nurmijärven Sähkö Oy,12,2026-04-09,not_General
95369,Oomi Oy,6,2026-04-09,not_exact_fixed_segment;not_FixedPrice
95374,Keravan Energia Oy,12,2026-04-09,not_exact_fixed_segment;not_FixedPrice
95375,Koillis-Satakunnan Sähkö Oy,12,2026-04-09,not_exact_fixed_segment;not_FixedPrice
95376,Nurmijärven Sähkö Oy,24,2026-04-09,not_General
95379,Lammaisten Energia Oy,6,2026-04-09,not_exact_fixed_segment;not_FixedPrice
95382,Fortum Markets Oy,12,2026-04-09,not_exact_fixed_segment;not_FixedPrice
95385,Lammaisten Energia Oy,6,2026-04-09,not_exact_fixed_segment;not_FixedPrice;not_General
95390,Porvoon Energia Oy,24,2026-04-09,not_General
95391,Lammaisten Energia Oy,24,2026-04-09,not_General
95395,Omavoima Oy,24,2026-04-09,not_General
95398,Vaasan Sähkö Myynti Oy,12,2026-04-09,not_exact_fixed_segment;not_FixedPrice
95404,Köyliön-Säkylän Sähkö Oy,24,2026-04-09,not_General
95405,Pohjois-Karjalan Sähkö Oy,6,2026-04-10,not_General
95406,Paneliankosken Voima Oy,24,2026-04-10,not_exact_fixed_segment;not_FixedPrice
95409,Korpelan Energia Oy,24,2026-04-10,not_exact_fixed_segment;not_FixedPrice
95411,Hehku Energia Oy,12,2026-04-10,not_exact_fixed_segment;not_FixedPrice
95414,Keravan Energia Oy,24,2026-04-10,not_exact_fixed_segment;not_FixedPrice
95415,Oomi Oy,24,2026-04-10,not_exact_fixed_segment;not_FixedPrice
95417,Nurmijärven Sähkö Oy,12,2026-04-10,not_General
95428,Porvoon Energia Oy,12,2026-04-10,not_General
95432,Köyliön-Säkylän Sähkö Oy,12,2026-04-10,not_General
95434,Lammaisten Energia Oy,12,2026-04-10,not_exact_fixed_segment;not_FixedPrice;not_General
95437,Nurmijärven Sähkö Oy,24,2026-04-10,not_General
95444,Paneliankosken Voima Oy,12,2026-04-10,not_General
95445,Lammaisten Energia Oy,24,2026-04-10,not_exact_fixed_segment;not_FixedPrice;not_General
95446,Pohjois-Karjalan Sähkö Oy,24,2026-04-10,not_General
95450,Paneliankosken Voima Oy,24,2026-04-10,not_General
95451,Koillis-Satakunnan Sähkö Oy,12,2026-04-10,not_General
95457,Nurmijärven Sähkö Oy,24,2026-04-10,not_General
95458,Koillis-Satakunnan Sähkö Oy,24,2026-04-10,not_General
95464,Nordic Green Energy,12,2026-04-10,not_exact_fixed_segment;not_FixedPrice
95465,Lammaisten Energia Oy,24,2026-04-10,not_General
95467,Korpelan Energia Oy,12,2026-04-10,not_exact_fixed_segment;not_FixedPrice
95468,Kokkolan Energia Oy,24,2026-04-10,not_exact_fixed_segment;not_FixedPrice
95474,Oomi Oy,12,2026-04-10,not_exact_fixed_segment;not_FixedPrice
95480,Keravan Energia Oy,12,2026-04-10,not_exact_fixed_segment;not_FixedPrice
95485,Paneliankosken Voima Oy,12,2026-04-10,not_exact_fixed_segment;not_FixedPrice;not_General
95487,Äänekosken Energia Oy,6,2026-04-10,not_General
95489,Porvoon Energia Oy,24,2026-04-10,not_General
95491,Koillis-Satakunnan Sähkö Oy,12,2026-04-10,not_General
95493,Lammaisten Energia Oy,12,2026-04-10,not_exact_fixed_segment;not_FixedPrice;not_General
95499,Koillis-Satakunnan Sähkö Oy,24,2026-04-10,not_exact_fixed_segment;not_FixedPrice
95500,Omavoima Oy,12,2026-04-10,not_General
95506,Vaasan Sähkö Myynti Oy,24,2026-04-10,not_General
95518,Alajärven Sähkö Oy,12,2026-04-10,not_General
95525,Keravan Energia Oy,24,2026-04-10,not_exact_fixed_segment;not_FixedPrice
95530,Pohjois-Karjalan Sähkö Oy,12,2026-04-10,not_General
95532,Kokkolan Energia Oy,6,2026-04-10,not_exact_fixed_segment;not_FixedPrice
95538,Imatran Seudun Sähkö Oy,6,2026-04-10,not_exact_fixed_segment;not_FixedPrice
95546,Äänekosken Energia Oy,12,2026-04-10,not_General
95552,Lammaisten Energia Oy,12,2026-04-10,not_General
95553,Vaasan Sähkö Myynti Oy,24,2026-04-10,not_exact_fixed_segment;not_FixedPrice
95554,Porvoon Energia Oy,24,2026-04-10,not_General
95558,Lammaisten Energia Oy,12,2026-04-10,not_exact_fixed_segment;not_FixedPrice
95559,Äänekosken Energia Oy,24,2026-04-10,not_General
95565,Väre Oy,12,2026-04-10,not_exact_fixed_segment;not_FixedPrice
95566,Paneliankosken Voima Oy,24,2026-04-10,not_exact_fixed_segment;not_FixedPrice;not_General
95568,Köyliön-Säkylän Sähkö Oy,12,2026-04-10,not_General
95570,Helen Oy,24,2026-04-10,not_exact_fixed_segment;not_FixedPrice
95573,Pohjois-Karjalan Sähkö Oy,6,2026-04-10,not_General
95578,Väre Oy,24,2026-04-10,not_exact_fixed_segment;not_FixedPrice
95579,Omavoima Oy,24,2026-04-10,not_exact_fixed_segment;not_FixedPrice
95583,Vaasan Sähkö Myynti Oy,12,2026-04-10,not_General
95586,Äänekosken Energia Oy,24,2026-04-10,not_General
95592,Vaasan Sähkö Myynti Oy,6,2026-04-10,not_General
95598,Lumme Energia,24,2026-04-10,not_exact_fixed_segment;not_FixedPrice
95600,Kokkolan Energia Oy,12,2026-04-10,not_exact_fixed_segment;not_FixedPrice
95604,Imatran Seudun Sähkö Oy,24,2026-04-10,not_exact_fixed_segment;not_FixedPrice
95605,Helen Oy,12,2026-04-10,not_exact_fixed_segment;not_FixedPrice
95606,Koillis-Satakunnan Sähkö Oy,12,2026-04-10,not_exact_fixed_segment;not_FixedPrice
95607,Paneliankosken Voima Oy,12,2026-04-10,not_exact_fixed_segment;not_FixedPrice
95611,Omavoima Oy,12,2026-04-10,not_General
95615,Imatran Seudun Sähkö Oy,12,2026-04-10,not_exact_fixed_segment;not_FixedPrice
95617,Nordic Green Energy,24,2026-04-10,not_exact_fixed_segment;not_FixedPrice
95620,Lammaisten Energia Oy,24,2026-04-10,not_exact_fixed_segment;not_FixedPrice
95621,Omavoima Oy,24,2026-04-10,not_General
95622,Vaasan Sähkö Myynti Oy,6,2026-04-10,not_exact_fixed_segment;not_FixedPrice
95627,Porvoon Energia Oy,12,2026-04-10,not_General
95641,Äänekosken Energia Oy,6,2026-04-10,not_General
95645,Lammaisten Energia Oy,12,2026-04-10,not_General
95653,Lammaisten Energia Oy,6,2026-04-10,not_exact_fixed_segment;not_FixedPrice;not_General
95654,Väre Oy,6,2026-04-10,not_exact_fixed_segment;not_FixedPrice
95659,Nordic Green Energy,12,2026-04-10,not_exact_fixed_segment;not_FixedPrice
95665,Köyliön-Säkylän Sähkö Oy,24,2026-04-10,not_General
95668,Koillis-Satakunnan Sähkö Oy,24,2026-04-10,not_General
95669,Alajärven Sähkö Oy,24,2026-04-10,not_General
95671,Keravan Energia Oy,12,2026-04-10,not_exact_fixed_segment;not_FixedPrice
95674,Pohjois-Karjalan Sähkö Oy,24,2026-04-10,not_General
95675,Lumme Energia,12,2026-04-10,not_exact_fixed_segment;not_FixedPrice
95677,Lammaisten Energia Oy,6,2026-04-10,not_General
95681,Lammaisten Energia Oy,6,2026-04-10,not_General
95683,Fortum Markets Oy,24,2026-04-10,not_exact_fixed_segment;not_FixedPrice
95691,Lammaisten Energia Oy,24,2026-04-10,not_exact_fixed_segment;not_FixedPrice;not_General
95693,Äänekosken Energia Oy,12,2026-04-10,not_General
95699,Koillis-Satakunnan Sähkö Oy,12,2026-04-10,not_General
95700,Hehku Energia Oy,24,2026-04-10,not_exact_fixed_segment;not_FixedPrice
95703,Pohjois-Karjalan Sähkö Oy,12,2026-04-10,not_General
95709,Nordic Green Energy,24,2026-04-10,not_exact_fixed_segment;not_FixedPrice
95715,Nurmijärven Sähkö Oy,12,2026-04-10,not_General
95716,Oomi Oy,6,2026-04-10,not_exact_fixed_segment;not_FixedPrice
95721,Keravan Energia Oy,12,2026-04-10,not_exact_fixed_segment;not_FixedPrice
95722,Nurmijärven Sähkö Oy,24,2026-04-10,not_General
95724,Lammaisten Energia Oy,6,2026-04-10,not_exact_fixed_segment;not_FixedPrice
95726,Fortum Markets Oy,12,2026-04-10,not_exact_fixed_segment;not_FixedPrice
95729,Lammaisten Energia Oy,6,2026-04-10,not_exact_fixed_segment;not_FixedPrice;not_General
95735,Lammaisten Energia Oy,24,2026-04-10,not_General
95739,Omavoima Oy,24,2026-04-10,not_General
95742,Porvoon Energia Oy,24,2026-04-10,not_General
95744,Vaasan Sähkö Myynti Oy,12,2026-04-10,not_exact_fixed_segment;not_FixedPrice
95750,Köyliön-Säkylän Sähkö Oy,24,2026-04-10,not_General
95752,Pohjois-Karjalan Sähkö Oy,6,2026-04-11,not_General
95753,Paneliankosken Voima Oy,24,2026-04-11,not_exact_fixed_segment;not_FixedPrice
95756,Korpelan Energia Oy,24,2026-04-11,not_exact_fixed_segment;not_FixedPrice
95758,Hehku Energia Oy,12,2026-04-11,not_exact_fixed_segment;not_FixedPrice
95761,Keravan Energia Oy,24,2026-04-11,not_exact_fixed_segment;not_FixedPrice
95762,Oomi Oy,24,2026-04-11,not_exact_fixed_segment;not_FixedPrice
95764,Nurmijärven Sähkö Oy,12,2026-04-11,not_General
95775,Porvoon Energia Oy,12,2026-04-11,not_General
95779,Köyliön-Säkylän Sähkö Oy,12,2026-04-11,not_General
95781,Lammaisten Energia Oy,12,2026-04-11,not_exact_fixed_segment;not_FixedPrice;not_General
95784,Nurmijärven Sähkö Oy,24,2026-04-11,not_General
95791,Paneliankosken Voima Oy,12,2026-04-11,not_General
95792,Lammaisten Energia Oy,24,2026-04-11,not_exact_fixed_segment;not_FixedPrice;not_General
95793,Pohjois-Karjalan Sähkö Oy,24,2026-04-11,not_General
95797,Paneliankosken Voima Oy,24,2026-04-11,not_General
95798,Koillis-Satakunnan Sähkö Oy,12,2026-04-11,not_General
95804,Nurmijärven Sähkö Oy,24,2026-04-11,not_General
95805,Koillis-Satakunnan Sähkö Oy,24,2026-04-11,not_General
95811,Nordic Green Energy,12,2026-04-11,not_exact_fixed_segment;not_FixedPrice
95812,Lammaisten Energia Oy,24,2026-04-11,not_General
95814,Korpelan Energia Oy,12,2026-04-11,not_exact_fixed_segment;not_FixedPrice
95815,Kokkolan Energia Oy,24,2026-04-11,not_exact_fixed_segment;not_FixedPrice
95821,Oomi Oy,12,2026-04-11,not_exact_fixed_segment;not_FixedPrice
95827,Keravan Energia Oy,12,2026-04-11,not_exact_fixed_segment;not_FixedPrice
95832,Paneliankosken Voima Oy,12,2026-04-11,not_exact_fixed_segment;not_FixedPrice;not_General
95834,Äänekosken Energia Oy,6,2026-04-11,not_General
95836,Porvoon Energia Oy,24,2026-04-11,not_General
95838,Koillis-Satakunnan Sähkö Oy,12,2026-04-11,not_General
95840,Lammaisten Energia Oy,12,2026-04-11,not_exact_fixed_segment;not_FixedPrice;not_General
95846,Koillis-Satakunnan Sähkö Oy,24,2026-04-11,not_exact_fixed_segment;not_FixedPrice
95847,Omavoima Oy,12,2026-04-11,not_General
95853,Vaasan Sähkö Myynti Oy,24,2026-04-11,not_General
95865,Alajärven Sähkö Oy,12,2026-04-11,not_General
95873,Keravan Energia Oy,24,2026-04-11,not_exact_fixed_segment;not_FixedPrice
95878,Pohjois-Karjalan Sähkö Oy,12,2026-04-11,not_General
95880,Kokkolan Energia Oy,6,2026-04-11,not_exact_fixed_segment;not_FixedPrice
95886,Imatran Seudun Sähkö Oy,6,2026-04-11,not_exact_fixed_segment;not_FixedPrice
95894,Äänekosken Energia Oy,12,2026-04-11,not_General
95900,Lammaisten Energia Oy,12,2026-04-11,not_General
95901,Vaasan Sähkö Myynti Oy,24,2026-04-11,not_exact_fixed_segment;not_FixedPrice
95902,Porvoon Energia Oy,24,2026-04-11,not_General
95906,Lammaisten Energia Oy,12,2026-04-11,not_exact_fixed_segment;not_FixedPrice
95907,Äänekosken Energia Oy,24,2026-04-11,not_General
95913,Väre Oy,12,2026-04-11,not_exact_fixed_segment;not_FixedPrice
95914,Paneliankosken Voima Oy,24,2026-04-11,not_exact_fixed_segment;not_FixedPrice;not_General
95916,Köyliön-Säkylän Sähkö Oy,12,2026-04-11,not_General
95918,Helen Oy,24,2026-04-11,not_exact_fixed_segment;not_FixedPrice
95921,Pohjois-Karjalan Sähkö Oy,6,2026-04-11,not_General
95926,Väre Oy,24,2026-04-11,not_exact_fixed_segment;not_FixedPrice
95927,Omavoima Oy,24,2026-04-11,not_exact_fixed_segment;not_FixedPrice
95931,Vaasan Sähkö Myynti Oy,12,2026-04-11,not_General
95934,Äänekosken Energia Oy,24,2026-04-11,not_General
95940,Vaasan Sähkö Myynti Oy,6,2026-04-11,not_General
95947,Kokkolan Energia Oy,12,2026-04-11,not_exact_fixed_segment;not_FixedPrice
95950,Lumme Energia,24,2026-04-11,not_exact_fixed_segment;not_FixedPrice
95952,Imatran Seudun Sähkö Oy,24,2026-04-11,not_exact_fixed_segment;not_FixedPrice
95953,Helen Oy,12,2026-04-11,not_exact_fixed_segment;not_FixedPrice
95954,Koillis-Satakunnan Sähkö Oy,12,2026-04-11,not_exact_fixed_segment;not_FixedPrice
95955,Paneliankosken Voima Oy,12,2026-04-11,not_exact_fixed_segment;not_FixedPrice
95958,Omavoima Oy,12,2026-04-11,not_General
95962,Imatran Seudun Sähkö Oy,12,2026-04-11,not_exact_fixed_segment;not_FixedPrice
95964,Nordic Green Energy,24,2026-04-11,not_exact_fixed_segment;not_FixedPrice
95967,Lammaisten Energia Oy,24,2026-04-11,not_exact_fixed_segment;not_FixedPrice
95968,Omavoima Oy,24,2026-04-11,not_General
95969,Vaasan Sähkö Myynti Oy,6,2026-04-11,not_exact_fixed_segment;not_FixedPrice
95974,Porvoon Energia Oy,12,2026-04-11,not_General
95988,Äänekosken Energia Oy,6,2026-04-11,not_General
95992,Lammaisten Energia Oy,12,2026-04-11,not_General
96000,Lammaisten Energia Oy,6,2026-04-11,not_exact_fixed_segment;not_FixedPrice;not_General
96001,Väre Oy,6,2026-04-11,not_exact_fixed_segment;not_FixedPrice
96006,Nordic Green Energy,12,2026-04-11,not_exact_fixed_segment;not_FixedPrice
96012,Köyliön-Säkylän Sähkö Oy,24,2026-04-11,not_General
96015,Koillis-Satakunnan Sähkö Oy,24,2026-04-11,not_General
96016,Alajärven Sähkö Oy,24,2026-04-11,not_General
96018,Keravan Energia Oy,12,2026-04-11,not_exact_fixed_segment;not_FixedPrice
96021,Pohjois-Karjalan Sähkö Oy,24,2026-04-11,not_General
96022,Lumme Energia,12,2026-04-11,not_exact_fixed_segment;not_FixedPrice
96024,Lammaisten Energia Oy,6,2026-04-11,not_General
96028,Lammaisten Energia Oy,6,2026-04-11,not_General
96030,Fortum Markets Oy,24,2026-04-11,not_exact_fixed_segment;not_FixedPrice
96038,Lammaisten Energia Oy,24,2026-04-11,not_exact_fixed_segment;not_FixedPrice;not_General
96040,Äänekosken Energia Oy,12,2026-04-11,not_General
96046,Koillis-Satakunnan Sähkö Oy,12,2026-04-11,not_General
96047,Hehku Energia Oy,24,2026-04-11,not_exact_fixed_segment;not_FixedPrice
96050,Pohjois-Karjalan Sähkö Oy,12,2026-04-11,not_General
96056,Nordic Green Energy,24,2026-04-11,not_exact_fixed_segment;not_FixedPrice
96062,Nurmijärven Sähkö Oy,12,2026-04-11,not_General
96063,Oomi Oy,6,2026-04-11,not_exact_fixed_segment;not_FixedPrice
96068,Keravan Energia Oy,12,2026-04-11,not_exact_fixed_segment;not_FixedPrice
96069,Nurmijärven Sähkö Oy,24,2026-04-11,not_General
96071,Lammaisten Energia Oy,6,2026-04-11,not_exact_fixed_segment;not_FixedPrice
96073,Fortum Markets Oy,12,2026-04-11,not_exact_fixed_segment;not_FixedPrice
96076,Lammaisten Energia Oy,6,2026-04-11,not_exact_fixed_segment;not_FixedPrice;not_General
96082,Lammaisten Energia Oy,24,2026-04-11,not_General
96086,Omavoima Oy,24,2026-04-11,not_General
96089,Porvoon Energia Oy,24,2026-04-11,not_General
96091,Vaasan Sähkö Myynti Oy,12,2026-04-11,not_exact_fixed_segment;not_FixedPrice
96097,Köyliön-Säkylän Sähkö Oy,24,2026-04-11,not_General
96099,Pohjois-Karjalan Sähkö Oy,6,2026-04-12,not_General
96100,Paneliankosken Voima Oy,24,2026-04-12,not_exact_fixed_segment;not_FixedPrice
96103,Korpelan Energia Oy,24,2026-04-12,not_exact_fixed_segment;not_FixedPrice
96105,Hehku Energia Oy,12,2026-04-12,not_exact_fixed_segment;not_FixedPrice
96108,Keravan Energia Oy,24,2026-04-12,not_exact_fixed_segment;not_FixedPrice
96109,Oomi Oy,24,2026-04-12,not_exact_fixed_segment;not_FixedPrice
96111,Nurmijärven Sähkö Oy,12,2026-04-12,not_General
96122,Porvoon Energia Oy,12,2026-04-12,not_General
96126,Köyliön-Säkylän Sähkö Oy,12,2026-04-12,not_General
96128,Lammaisten Energia Oy,12,2026-04-12,not_exact_fixed_segment;not_FixedPrice;not_General
96131,Nurmijärven Sähkö Oy,24,2026-04-12,not_General
96138,Paneliankosken Voima Oy,12,2026-04-12,not_General
96139,Lammaisten Energia Oy,24,2026-04-12,not_exact_fixed_segment;not_FixedPrice;not_General
96140,Pohjois-Karjalan Sähkö Oy,24,2026-04-12,not_General
96144,Paneliankosken Voima Oy,24,2026-04-12,not_General
96145,Koillis-Satakunnan Sähkö Oy,12,2026-04-12,not_General
96151,Nurmijärven Sähkö Oy,24,2026-04-12,not_General
96152,Koillis-Satakunnan Sähkö Oy,24,2026-04-12,not_General
96158,Nordic Green Energy,12,2026-04-12,not_exact_fixed_segment;not_FixedPrice
96159,Lammaisten Energia Oy,24,2026-04-12,not_General
96161,Korpelan Energia Oy,12,2026-04-12,not_exact_fixed_segment;not_FixedPrice
96162,Kokkolan Energia Oy,24,2026-04-12,not_exact_fixed_segment;not_FixedPrice
96168,Oomi Oy,12,2026-04-12,not_exact_fixed_segment;not_FixedPrice
96174,Keravan Energia Oy,12,2026-04-12,not_exact_fixed_segment;not_FixedPrice
96179,Paneliankosken Voima Oy,12,2026-04-12,not_exact_fixed_segment;not_FixedPrice;not_General
96181,Äänekosken Energia Oy,6,2026-04-12,not_General
96183,Porvoon Energia Oy,24,2026-04-12,not_General
96185,Koillis-Satakunnan Sähkö Oy,12,2026-04-12,not_General
96187,Lammaisten Energia Oy,12,2026-04-12,not_exact_fixed_segment;not_FixedPrice;not_General
96193,Koillis-Satakunnan Sähkö Oy,24,2026-04-12,not_exact_fixed_segment;not_FixedPrice
96194,Omavoima Oy,12,2026-04-12,not_General
96200,Vaasan Sähkö Myynti Oy,24,2026-04-12,not_General
96212,Alajärven Sähkö Oy,12,2026-04-12,not_General
96220,Keravan Energia Oy,24,2026-04-12,not_exact_fixed_segment;not_FixedPrice
96225,Pohjois-Karjalan Sähkö Oy,12,2026-04-12,not_General
96227,Kokkolan Energia Oy,6,2026-04-12,not_exact_fixed_segment;not_FixedPrice
96233,Imatran Seudun Sähkö Oy,6,2026-04-12,not_exact_fixed_segment;not_FixedPrice
96241,Äänekosken Energia Oy,12,2026-04-12,not_General
96247,Lammaisten Energia Oy,12,2026-04-12,not_General
96248,Vaasan Sähkö Myynti Oy,24,2026-04-12,not_exact_fixed_segment;not_FixedPrice
96249,Porvoon Energia Oy,24,2026-04-12,not_General
96253,Lammaisten Energia Oy,12,2026-04-12,not_exact_fixed_segment;not_FixedPrice
96254,Äänekosken Energia Oy,24,2026-04-12,not_General
96260,Väre Oy,12,2026-04-12,not_exact_fixed_segment;not_FixedPrice
96261,Paneliankosken Voima Oy,24,2026-04-12,not_exact_fixed_segment;not_FixedPrice;not_General
96263,Köyliön-Säkylän Sähkö Oy,12,2026-04-12,not_General
96265,Helen Oy,24,2026-04-12,not_exact_fixed_segment;not_FixedPrice
96268,Pohjois-Karjalan Sähkö Oy,6,2026-04-12,not_General
96273,Väre Oy,24,2026-04-12,not_exact_fixed_segment;not_FixedPrice
96274,Omavoima Oy,24,2026-04-12,not_exact_fixed_segment;not_FixedPrice
96278,Vaasan Sähkö Myynti Oy,12,2026-04-12,not_General
96281,Äänekosken Energia Oy,24,2026-04-12,not_General
96287,Vaasan Sähkö Myynti Oy,6,2026-04-12,not_General
96294,Kokkolan Energia Oy,12,2026-04-12,not_exact_fixed_segment;not_FixedPrice
96297,Lumme Energia,24,2026-04-12,not_exact_fixed_segment;not_FixedPrice
96299,Imatran Seudun Sähkö Oy,24,2026-04-12,not_exact_fixed_segment;not_FixedPrice
96300,Helen Oy,12,2026-04-12,not_exact_fixed_segment;not_FixedPrice
96301,Koillis-Satakunnan Sähkö Oy,12,2026-04-12,not_exact_fixed_segment;not_FixedPrice
96302,Paneliankosken Voima Oy,12,2026-04-12,not_exact_fixed_segment;not_FixedPrice
96305,Omavoima Oy,12,2026-04-12,not_General
96309,Imatran Seudun Sähkö Oy,12,2026-04-12,not_exact_fixed_segment;not_FixedPrice
96311,Nordic Green Energy,24,2026-04-12,not_exact_fixed_segment;not_FixedPrice
96314,Lammaisten Energia Oy,24,2026-04-12,not_exact_fixed_segment;not_FixedPrice
96315,Omavoima Oy,24,2026-04-12,not_General
96316,Vaasan Sähkö Myynti Oy,6,2026-04-12,not_exact_fixed_segment;not_FixedPrice
96321,Porvoon Energia Oy,12,2026-04-12,not_General
96335,Äänekosken Energia Oy,6,2026-04-12,not_General
96339,Lammaisten Energia Oy,12,2026-04-12,not_General
96347,Lammaisten Energia Oy,6,2026-04-12,not_exact_fixed_segment;not_FixedPrice;not_General
96348,Väre Oy,6,2026-04-12,not_exact_fixed_segment;not_FixedPrice
96353,Nordic Green Energy,12,2026-04-12,not_exact_fixed_segment;not_FixedPrice
96359,Köyliön-Säkylän Sähkö Oy,24,2026-04-12,not_General
96362,Koillis-Satakunnan Sähkö Oy,24,2026-04-12,not_General
96363,Alajärven Sähkö Oy,24,2026-04-12,not_General
96365,Keravan Energia Oy,12,2026-04-12,not_exact_fixed_segment;not_FixedPrice
96368,Pohjois-Karjalan Sähkö Oy,24,2026-04-12,not_General
96369,Lumme Energia,12,2026-04-12,not_exact_fixed_segment;not_FixedPrice
96371,Lammaisten Energia Oy,6,2026-04-12,not_General
96375,Lammaisten Energia Oy,6,2026-04-12,not_General
96377,Fortum Markets Oy,24,2026-04-12,not_exact_fixed_segment;not_FixedPrice
96385,Lammaisten Energia Oy,24,2026-04-12,not_exact_fixed_segment;not_FixedPrice;not_General
96387,Äänekosken Energia Oy,12,2026-04-12,not_General
96393,Koillis-Satakunnan Sähkö Oy,12,2026-04-12,not_General
96394,Hehku Energia Oy,24,2026-04-12,not_exact_fixed_segment;not_FixedPrice
96397,Pohjois-Karjalan Sähkö Oy,12,2026-04-12,not_General
96403,Nordic Green Energy,24,2026-04-12,not_exact_fixed_segment;not_FixedPrice
96409,Nurmijärven Sähkö Oy,12,2026-04-12,not_General
96410,Oomi Oy,6,2026-04-12,not_exact_fixed_segment;not_FixedPrice
96415,Keravan Energia Oy,12,2026-04-12,not_exact_fixed_segment;not_FixedPrice
96416,Nurmijärven Sähkö Oy,24,2026-04-12,not_General
96418,Lammaisten Energia Oy,6,2026-04-12,not_exact_fixed_segment;not_FixedPrice
96420,Fortum Markets Oy,12,2026-04-12,not_exact_fixed_segment;not_FixedPrice
96423,Lammaisten Energia Oy,6,2026-04-12,not_exact_fixed_segment;not_FixedPrice;not_General
96429,Lammaisten Energia Oy,24,2026-04-12,not_General
96433,Omavoima Oy,24,2026-04-12,not_General
96436,Porvoon Energia Oy,24,2026-04-12,not_General
96438,Vaasan Sähkö Myynti Oy,12,2026-04-12,not_exact_fixed_segment;not_FixedPrice
96444,Köyliön-Säkylän Sähkö Oy,24,2026-04-12,not_General
96446,Pohjois-Karjalan Sähkö Oy,6,2026-04-13,not_General
96447,Paneliankosken Voima Oy,24,2026-04-13,not_exact_fixed_segment;not_FixedPrice
96450,Korpelan Energia Oy,24,2026-04-13,not_exact_fixed_segment;not_FixedPrice
96452,Hehku Energia Oy,12,2026-04-13,not_exact_fixed_segment;not_FixedPrice
96455,Keravan Energia Oy,24,2026-04-13,not_exact_fixed_segment;not_FixedPrice
96456,Oomi Oy,24,2026-04-13,not_exact_fixed_segment;not_FixedPrice
96458,Nurmijärven Sähkö Oy,12,2026-04-13,not_General
96469,Porvoon Energia Oy,12,2026-04-13,not_General
96473,Köyliön-Säkylän Sähkö Oy,12,2026-04-13,not_General
96475,Lammaisten Energia Oy,12,2026-04-13,not_exact_fixed_segment;not_FixedPrice;not_General
96478,Nurmijärven Sähkö Oy,24,2026-04-13,not_General
96485,Paneliankosken Voima Oy,12,2026-04-13,not_General
96486,Lammaisten Energia Oy,24,2026-04-13,not_exact_fixed_segment;not_FixedPrice;not_General
96487,Pohjois-Karjalan Sähkö Oy,24,2026-04-13,not_General
96491,Paneliankosken Voima Oy,24,2026-04-13,not_General
96492,Koillis-Satakunnan Sähkö Oy,12,2026-04-13,not_General
96498,Nurmijärven Sähkö Oy,24,2026-04-13,not_General
96499,Koillis-Satakunnan Sähkö Oy,24,2026-04-13,not_General
96505,Nordic Green Energy,12,2026-04-13,not_exact_fixed_segment;not_FixedPrice
96506,Lammaisten Energia Oy,24,2026-04-13,not_General
96508,Korpelan Energia Oy,12,2026-04-13,not_exact_fixed_segment;not_FixedPrice
96509,Kokkolan Energia Oy,24,2026-04-13,not_exact_fixed_segment;not_FixedPrice
96515,Oomi Oy,12,2026-04-13,not_exact_fixed_segment;not_FixedPrice
96521,Keravan Energia Oy,12,2026-04-13,not_exact_fixed_segment;not_FixedPrice
96526,Paneliankosken Voima Oy,12,2026-04-13,not_exact_fixed_segment;not_FixedPrice;not_General
96528,Äänekosken Energia Oy,6,2026-04-13,not_General
96530,Porvoon Energia Oy,24,2026-04-13,not_General
96532,Koillis-Satakunnan Sähkö Oy,12,2026-04-13,not_General
96534,Lammaisten Energia Oy,12,2026-04-13,not_exact_fixed_segment;not_FixedPrice;not_General
96540,Koillis-Satakunnan Sähkö Oy,24,2026-04-13,not_exact_fixed_segment;not_FixedPrice
96541,Omavoima Oy,12,2026-04-13,not_General
96547,Vaasan Sähkö Myynti Oy,24,2026-04-13,not_General
96559,Alajärven Sähkö Oy,12,2026-04-13,not_General
96567,Keravan Energia Oy,24,2026-04-13,not_exact_fixed_segment;not_FixedPrice
96572,Pohjois-Karjalan Sähkö Oy,12,2026-04-13,not_General
96574,Kokkolan Energia Oy,6,2026-04-13,not_exact_fixed_segment;not_FixedPrice
96580,Imatran Seudun Sähkö Oy,6,2026-04-13,not_exact_fixed_segment;not_FixedPrice
96588,Äänekosken Energia Oy,12,2026-04-13,not_General
96594,Lammaisten Energia Oy,12,2026-04-13,not_General
96595,Vaasan Sähkö Myynti Oy,24,2026-04-13,not_exact_fixed_segment;not_FixedPrice
96596,Porvoon Energia Oy,24,2026-04-13,not_General
96597,Fortum Markets Oy,24,2026-04-13,not_exact_fixed_segment;not_FixedPrice
96601,Lammaisten Energia Oy,12,2026-04-13,not_exact_fixed_segment;not_FixedPrice
96602,Äänekosken Energia Oy,24,2026-04-13,not_General
96608,Väre Oy,12,2026-04-13,not_exact_fixed_segment;not_FixedPrice
96609,Paneliankosken Voima Oy,24,2026-04-13,not_exact_fixed_segment;not_FixedPrice;not_General
96611,Köyliön-Säkylän Sähkö Oy,12,2026-04-13,not_General
96613,Helen Oy,24,2026-04-13,not_exact_fixed_segment;not_FixedPrice
96616,Pohjois-Karjalan Sähkö Oy,6,2026-04-13,not_General
96621,Väre Oy,24,2026-04-13,not_exact_fixed_segment;not_FixedPrice
96622,Omavoima Oy,24,2026-04-13,not_exact_fixed_segment;not_FixedPrice
96626,Vaasan Sähkö Myynti Oy,12,2026-04-13,not_General
96629,Äänekosken Energia Oy,24,2026-04-13,not_General
96635,Vaasan Sähkö Myynti Oy,6,2026-04-13,not_General
96642,Kokkolan Energia Oy,12,2026-04-13,not_exact_fixed_segment;not_FixedPrice
96645,Lumme Energia,24,2026-04-13,not_exact_fixed_segment;not_FixedPrice
96647,Imatran Seudun Sähkö Oy,24,2026-04-13,not_exact_fixed_segment;not_FixedPrice
96648,Helen Oy,12,2026-04-13,not_exact_fixed_segment;not_FixedPrice
96649,Koillis-Satakunnan Sähkö Oy,12,2026-04-13,not_exact_fixed_segment;not_FixedPrice
96650,Paneliankosken Voima Oy,12,2026-04-13,not_exact_fixed_segment;not_FixedPrice
96653,Omavoima Oy,12,2026-04-13,not_General
96657,Imatran Seudun Sähkö Oy,12,2026-04-13,not_exact_fixed_segment;not_FixedPrice
96659,Nordic Green Energy,24,2026-04-13,not_exact_fixed_segment;not_FixedPrice
96662,Lammaisten Energia Oy,24,2026-04-13,not_exact_fixed_segment;not_FixedPrice
96663,Omavoima Oy,24,2026-04-13,not_General
96664,Vaasan Sähkö Myynti Oy,6,2026-04-13,not_exact_fixed_segment;not_FixedPrice
96669,Porvoon Energia Oy,12,2026-04-13,not_General
96683,Äänekosken Energia Oy,6,2026-04-13,not_General
96687,Lammaisten Energia Oy,12,2026-04-13,not_General
96695,Lammaisten Energia Oy,6,2026-04-13,not_exact_fixed_segment;not_FixedPrice;not_General
96696,Väre Oy,6,2026-04-13,not_exact_fixed_segment;not_FixedPrice
96701,Nordic Green Energy,12,2026-04-13,not_exact_fixed_segment;not_FixedPrice
96707,Köyliön-Säkylän Sähkö Oy,24,2026-04-13,not_General
96710,Koillis-Satakunnan Sähkö Oy,24,2026-04-13,not_General
96711,Alajärven Sähkö Oy,24,2026-04-13,not_General
96713,Keravan Energia Oy,12,2026-04-13,not_exact_fixed_segment;not_FixedPrice
96716,Pohjois-Karjalan Sähkö Oy,24,2026-04-13,not_General
96717,Lumme Energia,12,2026-04-13,not_exact_fixed_segment;not_FixedPrice
96719,Lammaisten Energia Oy,6,2026-04-13,not_General
96723,Lammaisten Energia Oy,6,2026-04-13,not_General
96732,Lammaisten Energia Oy,24,2026-04-13,not_exact_fixed_segment;not_FixedPrice;not_General
96734,Äänekosken Energia Oy,12,2026-04-13,not_General
96740,Koillis-Satakunnan Sähkö Oy,12,2026-04-13,not_General
96741,Hehku Energia Oy,24,2026-04-13,not_exact_fixed_segment;not_FixedPrice
96744,Pohjois-Karjalan Sähkö Oy,12,2026-04-13,not_General
96750,Nordic Green Energy,24,2026-04-13,not_exact_fixed_segment;not_FixedPrice
96756,Nurmijärven Sähkö Oy,12,2026-04-13,not_General
96757,Oomi Oy,6,2026-04-13,not_exact_fixed_segment;not_FixedPrice
96762,Keravan Energia Oy,12,2026-04-13,not_exact_fixed_segment;not_FixedPrice
96763,Nurmijärven Sähkö Oy,24,2026-04-13,not_General
96765,Lammaisten Energia Oy,6,2026-04-13,not_exact_fixed_segment;not_FixedPrice
96767,Fortum Markets Oy,12,2026-04-13,not_exact_fixed_segment;not_FixedPrice
96770,Lammaisten Energia Oy,6,2026-04-13,not_exact_fixed_segment;not_FixedPrice;not_General
96776,Lammaisten Energia Oy,24,2026-04-13,not_General
96780,Omavoima Oy,24,2026-04-13,not_General
96783,Porvoon Energia Oy,24,2026-04-13,not_General
96785,Vaasan Sähkö Myynti Oy,12,2026-04-13,not_exact_fixed_segment;not_FixedPrice
96791,Köyliön-Säkylän Sähkö Oy,24,2026-04-13,not_General
96793,Pohjois-Karjalan Sähkö Oy,6,2026-04-14,not_General
96794,Paneliankosken Voima Oy,24,2026-04-14,not_exact_fixed_segment;not_FixedPrice
96797,Korpelan Energia Oy,24,2026-04-14,not_exact_fixed_segment;not_FixedPrice
96799,Hehku Energia Oy,12,2026-04-14,not_exact_fixed_segment;not_FixedPrice
96802,Keravan Energia Oy,24,2026-04-14,not_exact_fixed_segment;not_FixedPrice
96803,Oomi Oy,24,2026-04-14,not_exact_fixed_segment;not_FixedPrice
96805,Nurmijärven Sähkö Oy,12,2026-04-14,not_General
96816,Porvoon Energia Oy,12,2026-04-14,not_General
96819,Köyliön-Säkylän Sähkö Oy,12,2026-04-14,not_General
96821,Lammaisten Energia Oy,12,2026-04-14,not_exact_fixed_segment;not_FixedPrice;not_General
96824,Nurmijärven Sähkö Oy,24,2026-04-14,not_General
96831,Paneliankosken Voima Oy,12,2026-04-14,not_General
96832,Lammaisten Energia Oy,24,2026-04-14,not_exact_fixed_segment;not_FixedPrice;not_General
96833,Pohjois-Karjalan Sähkö Oy,24,2026-04-14,not_General
96838,Paneliankosken Voima Oy,24,2026-04-14,not_General
96839,Koillis-Satakunnan Sähkö Oy,12,2026-04-14,not_General
96844,Omavoima Oy,24,2026-04-14,not_exact_fixed_segment;not_FixedPrice
96846,Nurmijärven Sähkö Oy,24,2026-04-14,not_General
96847,Koillis-Satakunnan Sähkö Oy,24,2026-04-14,not_General
96849,Helen Oy,24,2026-04-14,not_exact_fixed_segment;not_FixedPrice
96855,Nordic Green Energy,12,2026-04-14,not_exact_fixed_segment;not_FixedPrice
96856,Lammaisten Energia Oy,24,2026-04-14,not_General
96858,Korpelan Energia Oy,12,2026-04-14,not_exact_fixed_segment;not_FixedPrice
96859,Kokkolan Energia Oy,24,2026-04-14,not_exact_fixed_segment;not_FixedPrice
96865,Oomi Oy,12,2026-04-14,not_exact_fixed_segment;not_FixedPrice
96871,Keravan Energia Oy,12,2026-04-14,not_exact_fixed_segment;not_FixedPrice
96876,Paneliankosken Voima Oy,12,2026-04-14,not_exact_fixed_segment;not_FixedPrice;not_General
96878,Äänekosken Energia Oy,6,2026-04-14,not_General
96880,Porvoon Energia Oy,24,2026-04-14,not_General
96882,Koillis-Satakunnan Sähkö Oy,12,2026-04-14,not_General
96884,Lammaisten Energia Oy,12,2026-04-14,not_exact_fixed_segment;not_FixedPrice;not_General
96890,Koillis-Satakunnan Sähkö Oy,24,2026-04-14,not_exact_fixed_segment;not_FixedPrice
96896,Vaasan Sähkö Myynti Oy,24,2026-04-14,not_General
96907,Alajärven Sähkö Oy,12,2026-04-14,not_General
96915,Keravan Energia Oy,24,2026-04-14,not_exact_fixed_segment;not_FixedPrice
96920,Pohjois-Karjalan Sähkö Oy,12,2026-04-14,not_General
96922,Kokkolan Energia Oy,6,2026-04-14,not_exact_fixed_segment;not_FixedPrice
96928,Imatran Seudun Sähkö Oy,6,2026-04-14,not_exact_fixed_segment;not_FixedPrice
96934,Helen Oy,12,2026-04-14,not_exact_fixed_segment;not_FixedPrice
96937,Äänekosken Energia Oy,12,2026-04-14,not_General
96943,Lammaisten Energia Oy,12,2026-04-14,not_General
96944,Vaasan Sähkö Myynti Oy,24,2026-04-14,not_exact_fixed_segment;not_FixedPrice
96945,Porvoon Energia Oy,24,2026-04-14,not_General
96947,Fortum Markets Oy,24,2026-04-14,not_exact_fixed_segment;not_FixedPrice
96951,Lammaisten Energia Oy,12,2026-04-14,not_exact_fixed_segment;not_FixedPrice
96952,Äänekosken Energia Oy,24,2026-04-14,not_General
96958,Väre Oy,12,2026-04-14,not_exact_fixed_segment;not_FixedPrice
96959,Paneliankosken Voima Oy,24,2026-04-14,not_exact_fixed_segment;not_FixedPrice;not_General
96961,Köyliön-Säkylän Sähkö Oy,12,2026-04-14,not_General
96965,Pohjois-Karjalan Sähkö Oy,6,2026-04-14,not_General
96970,Väre Oy,24,2026-04-14,not_exact_fixed_segment;not_FixedPrice
96974,Vaasan Sähkö Myynti Oy,12,2026-04-14,not_General
96977,Äänekosken Energia Oy,24,2026-04-14,not_General
96982,Omavoima Oy,12,2026-04-14,not_General
96983,Vaasan Sähkö Myynti Oy,6,2026-04-14,not_General
96990,Kokkolan Energia Oy,12,2026-04-14,not_exact_fixed_segment;not_FixedPrice
96993,Lumme Energia,24,2026-04-14,not_exact_fixed_segment;not_FixedPrice
96995,Imatran Seudun Sähkö Oy,24,2026-04-14,not_exact_fixed_segment;not_FixedPrice
96996,Koillis-Satakunnan Sähkö Oy,12,2026-04-14,not_exact_fixed_segment;not_FixedPrice
96997,Paneliankosken Voima Oy,12,2026-04-14,not_exact_fixed_segment;not_FixedPrice
97003,Omavoima Oy,12,2026-04-14,not_General
97004,Imatran Seudun Sähkö Oy,12,2026-04-14,not_exact_fixed_segment;not_FixedPrice
97006,Nordic Green Energy,24,2026-04-14,not_exact_fixed_segment;not_FixedPrice
97009,Lammaisten Energia Oy,24,2026-04-14,not_exact_fixed_segment;not_FixedPrice
97010,Vaasan Sähkö Myynti Oy,6,2026-04-14,not_exact_fixed_segment;not_FixedPrice
97015,Porvoon Energia Oy,12,2026-04-14,not_General
97030,Äänekosken Energia Oy,6,2026-04-14,not_General
97034,Lammaisten Energia Oy,12,2026-04-14,not_General
97042,Lammaisten Energia Oy,6,2026-04-14,not_exact_fixed_segment;not_FixedPrice;not_General
97043,Väre Oy,6,2026-04-14,not_exact_fixed_segment;not_FixedPrice
97047,Nordic Green Energy,12,2026-04-14,not_exact_fixed_segment;not_FixedPrice
97052,Omavoima Oy,24,2026-04-14,not_General
97054,Köyliön-Säkylän Sähkö Oy,24,2026-04-14,not_General
97057,Koillis-Satakunnan Sähkö Oy,24,2026-04-14,not_General
97058,Alajärven Sähkö Oy,24,2026-04-14,not_General
97060,Keravan Energia Oy,12,2026-04-14,not_exact_fixed_segment;not_FixedPrice
97063,Pohjois-Karjalan Sähkö Oy,24,2026-04-14,not_General
97064,Lumme Energia,12,2026-04-14,not_exact_fixed_segment;not_FixedPrice
97066,Lammaisten Energia Oy,6,2026-04-14,not_General
97070,Lammaisten Energia Oy,6,2026-04-14,not_General
97079,Lammaisten Energia Oy,24,2026-04-14,not_exact_fixed_segment;not_FixedPrice;not_General
97081,Äänekosken Energia Oy,12,2026-04-14,not_General
97087,Koillis-Satakunnan Sähkö Oy,12,2026-04-14,not_General
97088,Hehku Energia Oy,24,2026-04-14,not_exact_fixed_segment;not_FixedPrice
97091,Pohjois-Karjalan Sähkö Oy,12,2026-04-14,not_General
97097,Nordic Green Energy,24,2026-04-14,not_exact_fixed_segment;not_FixedPrice
97103,Nurmijärven Sähkö Oy,12,2026-04-14,not_General
97104,Oomi Oy,6,2026-04-14,not_exact_fixed_segment;not_FixedPrice
97107,Omavoima Oy,24,2026-04-14,not_General
97110,Keravan Energia Oy,12,2026-04-14,not_exact_fixed_segment;not_FixedPrice
97111,Nurmijärven Sähkö Oy,24,2026-04-14,not_General
97113,Lammaisten Energia Oy,6,2026-04-14,not_exact_fixed_segment;not_FixedPrice
97115,Fortum Markets Oy,12,2026-04-14,not_exact_fixed_segment;not_FixedPrice
97118,Lammaisten Energia Oy,6,2026-04-14,not_exact_fixed_segment;not_FixedPrice;not_General
97124,Lammaisten Energia Oy,24,2026-04-14,not_General
97130,Porvoon Energia Oy,24,2026-04-14,not_General
97132,Vaasan Sähkö Myynti Oy,12,2026-04-14,not_exact_fixed_segment;not_FixedPrice
97138,Köyliön-Säkylän Sähkö Oy,24,2026-04-14,not_General
97140,Pohjois-Karjalan Sähkö Oy,6,2026-04-15,not_General
97141,Paneliankosken Voima Oy,24,2026-04-15,not_exact_fixed_segment;not_FixedPrice
97143,Väre Oy,24,2026-04-15,not_exact_fixed_segment;not_FixedPrice
97144,Korpelan Energia Oy,24,2026-04-15,not_exact_fixed_segment;not_FixedPrice
97146,Hehku Energia Oy,12,2026-04-15,not_exact_fixed_segment;not_FixedPrice
97149,Keravan Energia Oy,24,2026-04-15,not_exact_fixed_segment;not_FixedPrice
97150,Oomi Oy,24,2026-04-15,not_exact_fixed_segment;not_FixedPrice
97152,Nurmijärven Sähkö Oy,12,2026-04-15,not_General
97163,Porvoon Energia Oy,12,2026-04-15,not_General
97167,Köyliön-Säkylän Sähkö Oy,12,2026-04-15,not_General
97169,Lammaisten Energia Oy,12,2026-04-15,not_exact_fixed_segment;not_FixedPrice;not_General
97172,Nurmijärven Sähkö Oy,24,2026-04-15,not_General
97179,Paneliankosken Voima Oy,12,2026-04-15,not_General
97180,Lammaisten Energia Oy,24,2026-04-15,not_exact_fixed_segment;not_FixedPrice;not_General
97181,Pohjois-Karjalan Sähkö Oy,24,2026-04-15,not_General
97186,Paneliankosken Voima Oy,24,2026-04-15,not_General
97187,Koillis-Satakunnan Sähkö Oy,12,2026-04-15,not_General
97192,Omavoima Oy,24,2026-04-15,not_exact_fixed_segment;not_FixedPrice
97194,Nurmijärven Sähkö Oy,24,2026-04-15,not_General
97195,Koillis-Satakunnan Sähkö Oy,24,2026-04-15,not_General
97197,Helen Oy,24,2026-04-15,not_exact_fixed_segment;not_FixedPrice
97203,Nordic Green Energy,12,2026-04-15,not_exact_fixed_segment;not_FixedPrice
97204,Lammaisten Energia Oy,24,2026-04-15,not_General
97206,Korpelan Energia Oy,12,2026-04-15,not_exact_fixed_segment;not_FixedPrice
97207,Kokkolan Energia Oy,24,2026-04-15,not_exact_fixed_segment;not_FixedPrice
97213,Oomi Oy,12,2026-04-15,not_exact_fixed_segment;not_FixedPrice
97214,Väre Oy,6,2026-04-15,not_exact_fixed_segment;not_FixedPrice
97221,Keravan Energia Oy,12,2026-04-15,not_exact_fixed_segment;not_FixedPrice
97226,Paneliankosken Voima Oy,12,2026-04-15,not_exact_fixed_segment;not_FixedPrice;not_General
97229,Äänekosken Energia Oy,6,2026-04-15,not_General
97231,Porvoon Energia Oy,24,2026-04-15,not_General
97233,Koillis-Satakunnan Sähkö Oy,12,2026-04-15,not_General
97235,Lammaisten Energia Oy,12,2026-04-15,not_exact_fixed_segment;not_FixedPrice;not_General
97242,Koillis-Satakunnan Sähkö Oy,24,2026-04-15,not_exact_fixed_segment;not_FixedPrice
97248,Vaasan Sähkö Myynti Oy,24,2026-04-15,not_General
97258,Alajärven Sähkö Oy,12,2026-04-15,not_General
97268,Keravan Energia Oy,24,2026-04-15,not_exact_fixed_segment;not_FixedPrice
97273,Pohjois-Karjalan Sähkö Oy,12,2026-04-15,not_General
97275,Kokkolan Energia Oy,6,2026-04-15,not_exact_fixed_segment;not_FixedPrice
97280,Imatran Seudun Sähkö Oy,6,2026-04-15,not_exact_fixed_segment;not_FixedPrice
97285,Helen Oy,12,2026-04-15,not_exact_fixed_segment;not_FixedPrice
97288,Äänekosken Energia Oy,12,2026-04-15,not_General
97294,Lammaisten Energia Oy,12,2026-04-15,not_General
97295,Vaasan Sähkö Myynti Oy,24,2026-04-15,not_exact_fixed_segment;not_FixedPrice
97296,Porvoon Energia Oy,24,2026-04-15,not_General
97297,Fortum Markets Oy,24,2026-04-15,not_exact_fixed_segment;not_FixedPrice
97303,Lammaisten Energia Oy,12,2026-04-15,not_exact_fixed_segment;not_FixedPrice
97304,Äänekosken Energia Oy,24,2026-04-15,not_General
97310,Paneliankosken Voima Oy,24,2026-04-15,not_exact_fixed_segment;not_FixedPrice;not_General
97312,Köyliön-Säkylän Sähkö Oy,12,2026-04-15,not_General
97316,Pohjois-Karjalan Sähkö Oy,6,2026-04-15,not_General
97324,Vaasan Sähkö Myynti Oy,12,2026-04-15,not_General
97327,Äänekosken Energia Oy,24,2026-04-15,not_General
97332,Omavoima Oy,12,2026-04-15,not_General
97333,Vaasan Sähkö Myynti Oy,6,2026-04-15,not_General
97340,Kokkolan Energia Oy,12,2026-04-15,not_exact_fixed_segment;not_FixedPrice
97343,Lumme Energia,24,2026-04-15,not_exact_fixed_segment;not_FixedPrice
97345,Imatran Seudun Sähkö Oy,24,2026-04-15,not_exact_fixed_segment;not_FixedPrice
97346,Koillis-Satakunnan Sähkö Oy,12,2026-04-15,not_exact_fixed_segment;not_FixedPrice
97347,Paneliankosken Voima Oy,12,2026-04-15,not_exact_fixed_segment;not_FixedPrice
97354,Omavoima Oy,12,2026-04-15,not_General
97355,Imatran Seudun Sähkö Oy,12,2026-04-15,not_exact_fixed_segment;not_FixedPrice
97357,Nordic Green Energy,24,2026-04-15,not_exact_fixed_segment;not_FixedPrice
97360,Lammaisten Energia Oy,24,2026-04-15,not_exact_fixed_segment;not_FixedPrice
97362,Vaasan Sähkö Myynti Oy,6,2026-04-15,not_exact_fixed_segment;not_FixedPrice
97367,Porvoon Energia Oy,12,2026-04-15,not_General
97381,Äänekosken Energia Oy,6,2026-04-15,not_General
97385,Lammaisten Energia Oy,12,2026-04-15,not_General
97392,Lammaisten Energia Oy,6,2026-04-15,not_exact_fixed_segment;not_FixedPrice;not_General
97396,Nordic Green Energy,12,2026-04-15,not_exact_fixed_segment;not_FixedPrice
97400,Omavoima Oy,24,2026-04-15,not_General
97402,Köyliön-Säkylän Sähkö Oy,24,2026-04-15,not_General
97404,Koillis-Satakunnan Sähkö Oy,24,2026-04-15,not_General
97405,Alajärven Sähkö Oy,24,2026-04-15,not_General
97407,Keravan Energia Oy,12,2026-04-15,not_exact_fixed_segment;not_FixedPrice
97410,Pohjois-Karjalan Sähkö Oy,24,2026-04-15,not_General
97411,Lumme Energia,12,2026-04-15,not_exact_fixed_segment;not_FixedPrice
97413,Lammaisten Energia Oy,6,2026-04-15,not_General
97417,Lammaisten Energia Oy,6,2026-04-15,not_General
97424,Lammaisten Energia Oy,24,2026-04-15,not_exact_fixed_segment;not_FixedPrice;not_General
97426,Äänekosken Energia Oy,12,2026-04-15,not_General
97433,Koillis-Satakunnan Sähkö Oy,12,2026-04-15,not_General
97434,Hehku Energia Oy,24,2026-04-15,not_exact_fixed_segment;not_FixedPrice
97437,Pohjois-Karjalan Sähkö Oy,12,2026-04-15,not_General
97443,Nordic Green Energy,24,2026-04-15,not_exact_fixed_segment;not_FixedPrice
97449,Nurmijärven Sähkö Oy,12,2026-04-15,not_General
97450,Oomi Oy,6,2026-04-15,not_exact_fixed_segment;not_FixedPrice
97453,Omavoima Oy,24,2026-04-15,not_General
97456,Keravan Energia Oy,12,2026-04-15,not_exact_fixed_segment;not_FixedPrice
97457,Nurmijärven Sähkö Oy,24,2026-04-15,not_General
97459,Lammaisten Energia Oy,6,2026-04-15,not_exact_fixed_segment;not_FixedPrice
97461,Väre Oy,12,2026-04-15,not_exact_fixed_segment;not_FixedPrice
97462,Fortum Markets Oy,12,2026-04-15,not_exact_fixed_segment;not_FixedPrice
97465,Lammaisten Energia Oy,6,2026-04-15,not_exact_fixed_segment;not_FixedPrice;not_General
97471,Lammaisten Energia Oy,24,2026-04-15,not_General
97478,Porvoon Energia Oy,24,2026-04-15,not_General
97480,Vaasan Sähkö Myynti Oy,12,2026-04-15,not_exact_fixed_segment;not_FixedPrice
97486,Köyliön-Säkylän Sähkö Oy,24,2026-04-15,not_General
97488,Pohjois-Karjalan Sähkö Oy,6,2026-04-16,not_General
97490,Väre Oy,24,2026-04-16,not_exact_fixed_segment;not_FixedPrice
97491,Korpelan Energia Oy,24,2026-04-16,not_exact_fixed_segment;not_FixedPrice
97493,Hehku Energia Oy,12,2026-04-16,not_exact_fixed_segment;not_FixedPrice
97496,Keravan Energia Oy,24,2026-04-16,not_exact_fixed_segment;not_FixedPrice
97497,Oomi Oy,24,2026-04-16,not_exact_fixed_segment;not_FixedPrice
97499,Nurmijärven Sähkö Oy,12,2026-04-16,not_General
97503,Paneliankosken Voima Oy,24,2026-04-16,not_General
97510,Porvoon Energia Oy,12,2026-04-16,not_General
97514,Köyliön-Säkylän Sähkö Oy,12,2026-04-16,not_General
97516,Lammaisten Energia Oy,12,2026-04-16,not_exact_fixed_segment;not_FixedPrice;not_General
97519,Nurmijärven Sähkö Oy,24,2026-04-16,not_General
97525,Lammaisten Energia Oy,24,2026-04-16,not_exact_fixed_segment;not_FixedPrice;not_General
97526,Pohjois-Karjalan Sähkö Oy,24,2026-04-16,not_General
97528,Vaasan Sähkö Myynti Oy,12,2026-04-16,not_exact_fixed_segment;not_FixedPrice
97532,Koillis-Satakunnan Sähkö Oy,12,2026-04-16,not_General
97537,Omavoima Oy,24,2026-04-16,not_exact_fixed_segment;not_FixedPrice
97539,Nurmijärven Sähkö Oy,24,2026-04-16,not_General
97540,Koillis-Satakunnan Sähkö Oy,24,2026-04-16,not_General
97542,Helen Oy,24,2026-04-16,not_exact_fixed_segment;not_FixedPrice
97548,Vaasan Sähkö Myynti Oy,6,2026-04-16,not_exact_fixed_segment;not_FixedPrice
97549,Nordic Green Energy,12,2026-04-16,not_exact_fixed_segment;not_FixedPrice
97550,Lammaisten Energia Oy,24,2026-04-16,not_General
97552,Korpelan Energia Oy,12,2026-04-16,not_exact_fixed_segment;not_FixedPrice
97553,Kokkolan Energia Oy,24,2026-04-16,not_exact_fixed_segment;not_FixedPrice
97559,Oomi Oy,12,2026-04-16,not_exact_fixed_segment;not_FixedPrice
97560,Väre Oy,6,2026-04-16,not_exact_fixed_segment;not_FixedPrice
97567,Keravan Energia Oy,12,2026-04-16,not_exact_fixed_segment;not_FixedPrice
97574,Äänekosken Energia Oy,6,2026-04-16,not_General
97577,Porvoon Energia Oy,24,2026-04-16,not_General
97579,Koillis-Satakunnan Sähkö Oy,12,2026-04-16,not_General
97581,Lammaisten Energia Oy,12,2026-04-16,not_exact_fixed_segment;not_FixedPrice;not_General
97588,Koillis-Satakunnan Sähkö Oy,24,2026-04-16,not_exact_fixed_segment;not_FixedPrice
97594,Vaasan Sähkö Myynti Oy,24,2026-04-16,not_General
97601,Paneliankosken Voima Oy,24,2026-04-16,not_exact_fixed_segment;not_FixedPrice;not_General
97605,Alajärven Sähkö Oy,12,2026-04-16,not_General
97615,Keravan Energia Oy,24,2026-04-16,not_exact_fixed_segment;not_FixedPrice
97620,Pohjois-Karjalan Sähkö Oy,12,2026-04-16,not_General
97622,Kokkolan Energia Oy,6,2026-04-16,not_exact_fixed_segment;not_FixedPrice
97627,Imatran Seudun Sähkö Oy,6,2026-04-16,not_exact_fixed_segment;not_FixedPrice
97632,Helen Oy,12,2026-04-16,not_exact_fixed_segment;not_FixedPrice
97635,Äänekosken Energia Oy,12,2026-04-16,not_General
97640,Lammaisten Energia Oy,12,2026-04-16,not_General
97641,Porvoon Energia Oy,24,2026-04-16,not_General
97643,Fortum Markets Oy,24,2026-04-16,not_exact_fixed_segment;not_FixedPrice
97649,Lammaisten Energia Oy,12,2026-04-16,not_exact_fixed_segment;not_FixedPrice
97650,Äänekosken Energia Oy,24,2026-04-16,not_General
97653,Vaasan Sähkö Myynti Oy,24,2026-04-16,not_exact_fixed_segment;not_FixedPrice
97659,Köyliön-Säkylän Sähkö Oy,12,2026-04-16,not_General
97663,Pohjois-Karjalan Sähkö Oy,6,2026-04-16,not_General
97665,Vaasan Sähkö Myynti Oy,12,2026-04-16,not_General
97674,Äänekosken Energia Oy,24,2026-04-16,not_General
97679,Vaasan Sähkö Myynti Oy,24,2026-04-16,not_General
97680,Omavoima Oy,12,2026-04-16,not_General
97687,Kokkolan Energia Oy,12,2026-04-16,not_exact_fixed_segment;not_FixedPrice
97690,Lumme Energia,24,2026-04-16,not_exact_fixed_segment;not_FixedPrice
97692,Imatran Seudun Sähkö Oy,24,2026-04-16,not_exact_fixed_segment;not_FixedPrice
97693,Koillis-Satakunnan Sähkö Oy,12,2026-04-16,not_exact_fixed_segment;not_FixedPrice
97700,Omavoima Oy,12,2026-04-16,not_General
97701,Imatran Seudun Sähkö Oy,12,2026-04-16,not_exact_fixed_segment;not_FixedPrice
97703,Nordic Green Energy,24,2026-04-16,not_exact_fixed_segment;not_FixedPrice
97704,Paneliankosken Voima Oy,24,2026-04-16,not_exact_fixed_segment;not_FixedPrice
97705,Vaasan Sähkö Myynti Oy,6,2026-04-16,not_General
97707,Lammaisten Energia Oy,24,2026-04-16,not_exact_fixed_segment;not_FixedPrice
97712,Porvoon Energia Oy,12,2026-04-16,not_General
97726,Äänekosken Energia Oy,6,2026-04-16,not_General
97730,Lammaisten Energia Oy,12,2026-04-16,not_General
97737,Lammaisten Energia Oy,6,2026-04-16,not_exact_fixed_segment;not_FixedPrice;not_General
97741,Nordic Green Energy,12,2026-04-16,not_exact_fixed_segment;not_FixedPrice
97744,Omavoima Oy,24,2026-04-16,not_General
97745,Köyliön-Säkylän Sähkö Oy,24,2026-04-16,not_General
97747,Koillis-Satakunnan Sähkö Oy,24,2026-04-16,not_General
97748,Alajärven Sähkö Oy,24,2026-04-16,not_General
97750,Keravan Energia Oy,12,2026-04-16,not_exact_fixed_segment;not_FixedPrice
97752,Pohjois-Karjalan Sähkö Oy,24,2026-04-16,not_General
97753,Lumme Energia,12,2026-04-16,not_exact_fixed_segment;not_FixedPrice
97755,Lammaisten Energia Oy,6,2026-04-16,not_General
97759,Lammaisten Energia Oy,6,2026-04-16,not_General
97766,Lammaisten Energia Oy,24,2026-04-16,not_exact_fixed_segment;not_FixedPrice;not_General
97768,Äänekosken Energia Oy,12,2026-04-16,not_General
97775,Koillis-Satakunnan Sähkö Oy,12,2026-04-16,not_General
97776,Hehku Energia Oy,24,2026-04-16,not_exact_fixed_segment;not_FixedPrice
97779,Pohjois-Karjalan Sähkö Oy,12,2026-04-16,not_General
97784,Nordic Green Energy,24,2026-04-16,not_exact_fixed_segment;not_FixedPrice
97791,Nurmijärven Sähkö Oy,12,2026-04-16,not_General
97792,Oomi Oy,6,2026-04-16,not_exact_fixed_segment;not_FixedPrice
97795,Omavoima Oy,24,2026-04-16,not_General
97798,Keravan Energia Oy,12,2026-04-16,not_exact_fixed_segment;not_FixedPrice
97799,Nurmijärven Sähkö Oy,24,2026-04-16,not_General
97801,Lammaisten Energia Oy,6,2026-04-16,not_exact_fixed_segment;not_FixedPrice
97802,Paneliankosken Voima Oy,12,2026-04-16,not_exact_fixed_segment;not_FixedPrice;not_General
97804,Väre Oy,12,2026-04-16,not_exact_fixed_segment;not_FixedPrice
97805,Fortum Markets Oy,12,2026-04-16,not_exact_fixed_segment;not_FixedPrice
97807,Paneliankosken Voima Oy,12,2026-04-16,not_General
97808,Lammaisten Energia Oy,6,2026-04-16,not_exact_fixed_segment;not_FixedPrice;not_General
97814,Lammaisten Energia Oy,24,2026-04-16,not_General
97816,Paneliankosken Voima Oy,12,2026-04-16,not_exact_fixed_segment;not_FixedPrice
97823,Porvoon Energia Oy,24,2026-04-16,not_General
97830,Köyliön-Säkylän Sähkö Oy,24,2026-04-16,not_General
97833,Pohjois-Karjalan Sähkö Oy,6,2026-04-17,not_General
97835,Väre Oy,24,2026-04-17,not_exact_fixed_segment;not_FixedPrice
97836,Korpelan Energia Oy,24,2026-04-17,not_exact_fixed_segment;not_FixedPrice
97838,Hehku Energia Oy,12,2026-04-17,not_exact_fixed_segment;not_FixedPrice
97841,Keravan Energia Oy,24,2026-04-17,not_exact_fixed_segment;not_FixedPrice
97843,Nurmijärven Sähkö Oy,12,2026-04-17,not_General
97846,Paneliankosken Voima Oy,24,2026-04-17,not_General
97854,Porvoon Energia Oy,12,2026-04-17,not_General
97859,Lammaisten Energia Oy,12,2026-04-17,not_exact_fixed_segment;not_FixedPrice;not_General
97862,Nurmijärven Sähkö Oy,24,2026-04-17,not_General
97868,Lammaisten Energia Oy,24,2026-04-17,not_exact_fixed_segment;not_FixedPrice;not_General
97869,Pohjois-Karjalan Sähkö Oy,24,2026-04-17,not_General
97871,Vaasan Sähkö Myynti Oy,12,2026-04-17,not_exact_fixed_segment;not_FixedPrice
97875,Koillis-Satakunnan Sähkö Oy,12,2026-04-17,not_General
97880,Omavoima Oy,24,2026-04-17,not_exact_fixed_segment;not_FixedPrice
97882,Nurmijärven Sähkö Oy,24,2026-04-17,not_General
97883,Koillis-Satakunnan Sähkö Oy,24,2026-04-17,not_General
97885,Helen Oy,24,2026-04-17,not_exact_fixed_segment;not_FixedPrice
97891,Vaasan Sähkö Myynti Oy,6,2026-04-17,not_exact_fixed_segment;not_FixedPrice
97892,Nordic Green Energy,12,2026-04-17,not_exact_fixed_segment;not_FixedPrice
97893,Lammaisten Energia Oy,24,2026-04-17,not_General
97895,Korpelan Energia Oy,12,2026-04-17,not_exact_fixed_segment;not_FixedPrice
97896,Kokkolan Energia Oy,24,2026-04-17,not_exact_fixed_segment;not_FixedPrice
97902,Oomi Oy,24,2026-04-17,not_exact_fixed_segment;not_FixedPrice
97903,Väre Oy,6,2026-04-17,not_exact_fixed_segment;not_FixedPrice
97910,Keravan Energia Oy,12,2026-04-17,not_exact_fixed_segment;not_FixedPrice
97917,Äänekosken Energia Oy,6,2026-04-17,not_General
97920,Porvoon Energia Oy,24,2026-04-17,not_General
97922,Koillis-Satakunnan Sähkö Oy,12,2026-04-17,not_General
97924,Lammaisten Energia Oy,12,2026-04-17,not_exact_fixed_segment;not_FixedPrice;not_General
97930,Koillis-Satakunnan Sähkö Oy,24,2026-04-17,not_exact_fixed_segment;not_FixedPrice
97942,Paneliankosken Voima Oy,24,2026-04-17,not_exact_fixed_segment;not_FixedPrice;not_General
97946,Alajärven Sähkö Oy,12,2026-04-17,not_General
97955,Keravan Energia Oy,24,2026-04-17,not_exact_fixed_segment;not_FixedPrice
97960,Pohjois-Karjalan Sähkö Oy,12,2026-04-17,not_General
97962,Oomi Oy,6,2026-04-17,not_exact_fixed_segment;not_FixedPrice
97963,Kokkolan Energia Oy,6,2026-04-17,not_exact_fixed_segment;not_FixedPrice
97968,Imatran Seudun Sähkö Oy,6,2026-04-17,not_exact_fixed_segment;not_FixedPrice
97974,Helen Oy,12,2026-04-17,not_exact_fixed_segment;not_FixedPrice
97977,Äänekosken Energia Oy,12,2026-04-17,not_General
97983,Lammaisten Energia Oy,12,2026-04-17,not_General
97984,Porvoon Energia Oy,24,2026-04-17,not_General
97986,Fortum Markets Oy,24,2026-04-17,not_exact_fixed_segment;not_FixedPrice
97992,Lammaisten Energia Oy,12,2026-04-17,not_exact_fixed_segment;not_FixedPrice
97993,Äänekosken Energia Oy,24,2026-04-17,not_General
97994,Köyliön-Säkylän Sähkö Oy,24,2026-04-17,not_General
97998,Vaasan Sähkö Myynti Oy,24,2026-04-17,not_exact_fixed_segment;not_FixedPrice
98008,Pohjois-Karjalan Sähkö Oy,6,2026-04-17,not_General
98010,Vaasan Sähkö Myynti Oy,12,2026-04-17,not_General
98019,Äänekosken Energia Oy,24,2026-04-17,not_General
98024,Vaasan Sähkö Myynti Oy,24,2026-04-17,not_General
98025,Omavoima Oy,12,2026-04-17,not_General
98029,Oomi Oy,12,2026-04-17,not_exact_fixed_segment;not_FixedPrice
98033,Kokkolan Energia Oy,12,2026-04-17,not_exact_fixed_segment;not_FixedPrice
98036,Lumme Energia,24,2026-04-17,not_exact_fixed_segment;not_FixedPrice
98038,Imatran Seudun Sähkö Oy,24,2026-04-17,not_exact_fixed_segment;not_FixedPrice
98039,Koillis-Satakunnan Sähkö Oy,12,2026-04-17,not_exact_fixed_segment;not_FixedPrice
98045,Omavoima Oy,12,2026-04-17,not_General
98046,Imatran Seudun Sähkö Oy,12,2026-04-17,not_exact_fixed_segment;not_FixedPrice
98048,Nordic Green Energy,24,2026-04-17,not_exact_fixed_segment;not_FixedPrice
98049,Paneliankosken Voima Oy,24,2026-04-17,not_exact_fixed_segment;not_FixedPrice
98050,Vaasan Sähkö Myynti Oy,6,2026-04-17,not_General
98052,Lammaisten Energia Oy,24,2026-04-17,not_exact_fixed_segment;not_FixedPrice
98057,Porvoon Energia Oy,12,2026-04-17,not_General
98071,Äänekosken Energia Oy,6,2026-04-17,not_General
98075,Lammaisten Energia Oy,12,2026-04-17,not_General
98079,Köyliön-Säkylän Sähkö Oy,12,2026-04-17,not_General
98082,Lammaisten Energia Oy,6,2026-04-17,not_exact_fixed_segment;not_FixedPrice;not_General
98087,Nordic Green Energy,12,2026-04-17,not_exact_fixed_segment;not_FixedPrice
98089,Köyliön-Säkylän Sähkö Oy,12,2026-04-17,not_General
98091,Omavoima Oy,24,2026-04-17,not_General
98093,Koillis-Satakunnan Sähkö Oy,24,2026-04-17,not_General
98094,Alajärven Sähkö Oy,24,2026-04-17,not_General
98096,Keravan Energia Oy,12,2026-04-17,not_exact_fixed_segment;not_FixedPrice
98098,Pohjois-Karjalan Sähkö Oy,24,2026-04-17,not_General
98099,Lumme Energia,12,2026-04-17,not_exact_fixed_segment;not_FixedPrice
98101,Lammaisten Energia Oy,6,2026-04-17,not_General
98105,Lammaisten Energia Oy,6,2026-04-17,not_General
98112,Lammaisten Energia Oy,24,2026-04-17,not_exact_fixed_segment;not_FixedPrice;not_General
98114,Äänekosken Energia Oy,12,2026-04-17,not_General
98121,Koillis-Satakunnan Sähkö Oy,12,2026-04-17,not_General
98122,Hehku Energia Oy,24,2026-04-17,not_exact_fixed_segment;not_FixedPrice
98125,Pohjois-Karjalan Sähkö Oy,12,2026-04-17,not_General
98130,Nordic Green Energy,24,2026-04-17,not_exact_fixed_segment;not_FixedPrice
98139,Nurmijärven Sähkö Oy,12,2026-04-17,not_General
98142,Omavoima Oy,24,2026-04-17,not_General
98145,Keravan Energia Oy,12,2026-04-17,not_exact_fixed_segment;not_FixedPrice
98146,Nurmijärven Sähkö Oy,24,2026-04-17,not_General
98148,Lammaisten Energia Oy,6,2026-04-17,not_exact_fixed_segment;not_FixedPrice
98149,Paneliankosken Voima Oy,12,2026-04-17,not_exact_fixed_segment;not_FixedPrice;not_General
98151,Väre Oy,12,2026-04-17,not_exact_fixed_segment;not_FixedPrice
98152,Fortum Markets Oy,12,2026-04-17,not_exact_fixed_segment;not_FixedPrice
98154,Paneliankosken Voima Oy,12,2026-04-17,not_General
98155,Lammaisten Energia Oy,6,2026-04-17,not_exact_fixed_segment;not_FixedPrice;not_General
98161,Lammaisten Energia Oy,24,2026-04-17,not_General
98163,Paneliankosken Voima Oy,12,2026-04-17,not_exact_fixed_segment;not_FixedPrice
98169,Porvoon Energia Oy,24,2026-04-17,not_General
98178,Pohjois-Karjalan Sähkö Oy,6,2026-04-18,not_General
98180,Väre Oy,24,2026-04-18,not_exact_fixed_segment;not_FixedPrice
98181,Korpelan Energia Oy,24,2026-04-18,not_exact_fixed_segment;not_FixedPrice
98183,Hehku Energia Oy,12,2026-04-18,not_exact_fixed_segment;not_FixedPrice
98186,Keravan Energia Oy,24,2026-04-18,not_exact_fixed_segment;not_FixedPrice
98188,Nurmijärven Sähkö Oy,12,2026-04-18,not_General
98191,Paneliankosken Voima Oy,24,2026-04-18,not_General
98199,Porvoon Energia Oy,12,2026-04-18,not_General
98204,Lammaisten Energia Oy,12,2026-04-18,not_exact_fixed_segment;not_FixedPrice;not_General
98207,Nurmijärven Sähkö Oy,24,2026-04-18,not_General
98213,Lammaisten Energia Oy,24,2026-04-18,not_exact_fixed_segment;not_FixedPrice;not_General
98214,Pohjois-Karjalan Sähkö Oy,24,2026-04-18,not_General
98216,Vaasan Sähkö Myynti Oy,12,2026-04-18,not_exact_fixed_segment;not_FixedPrice
98220,Koillis-Satakunnan Sähkö Oy,12,2026-04-18,not_General
98225,Omavoima Oy,24,2026-04-18,not_exact_fixed_segment;not_FixedPrice
98228,Nurmijärven Sähkö Oy,24,2026-04-18,not_General
98229,Koillis-Satakunnan Sähkö Oy,24,2026-04-18,not_General
98230,Helen Oy,24,2026-04-18,not_exact_fixed_segment;not_FixedPrice
98236,Vaasan Sähkö Myynti Oy,6,2026-04-18,not_exact_fixed_segment;not_FixedPrice
98237,Nordic Green Energy,12,2026-04-18,not_exact_fixed_segment;not_FixedPrice
98238,Lammaisten Energia Oy,24,2026-04-18,not_General
98240,Korpelan Energia Oy,12,2026-04-18,not_exact_fixed_segment;not_FixedPrice
98241,Kokkolan Energia Oy,24,2026-04-18,not_exact_fixed_segment;not_FixedPrice
98248,Oomi Oy,24,2026-04-18,not_exact_fixed_segment;not_FixedPrice
98249,Väre Oy,6,2026-04-18,not_exact_fixed_segment;not_FixedPrice
98256,Keravan Energia Oy,12,2026-04-18,not_exact_fixed_segment;not_FixedPrice
98264,Äänekosken Energia Oy,6,2026-04-18,not_General
98267,Porvoon Energia Oy,24,2026-04-18,not_General
98269,Koillis-Satakunnan Sähkö Oy,12,2026-04-18,not_General
98271,Lammaisten Energia Oy,12,2026-04-18,not_exact_fixed_segment;not_FixedPrice;not_General
98277,Koillis-Satakunnan Sähkö Oy,24,2026-04-18,not_exact_fixed_segment;not_FixedPrice
98289,Paneliankosken Voima Oy,24,2026-04-18,not_exact_fixed_segment;not_FixedPrice;not_General
98293,Alajärven Sähkö Oy,12,2026-04-18,not_General
98301,Keravan Energia Oy,24,2026-04-18,not_exact_fixed_segment;not_FixedPrice
98305,Pohjois-Karjalan Sähkö Oy,12,2026-04-18,not_General
98307,Oomi Oy,6,2026-04-18,not_exact_fixed_segment;not_FixedPrice
98308,Kokkolan Energia Oy,6,2026-04-18,not_exact_fixed_segment;not_FixedPrice
98313,Imatran Seudun Sähkö Oy,6,2026-04-18,not_exact_fixed_segment;not_FixedPrice
98319,Helen Oy,12,2026-04-18,not_exact_fixed_segment;not_FixedPrice
98321,Äänekosken Energia Oy,12,2026-04-18,not_General
98327,Lammaisten Energia Oy,12,2026-04-18,not_General
98328,Porvoon Energia Oy,24,2026-04-18,not_General
98330,Fortum Markets Oy,24,2026-04-18,not_exact_fixed_segment;not_FixedPrice
98336,Lammaisten Energia Oy,12,2026-04-18,not_exact_fixed_segment;not_FixedPrice
98337,Äänekosken Energia Oy,24,2026-04-18,not_General
98338,Köyliön-Säkylän Sähkö Oy,24,2026-04-18,not_General
98342,Vaasan Sähkö Myynti Oy,24,2026-04-18,not_exact_fixed_segment;not_FixedPrice
98344,Köyliön-Säkylän Sähkö Oy,24,2026-04-18,not_General
98346,Lumme Energia,24,2026-04-18,not_exact_fixed_segment;not_FixedPrice
98353,Pohjois-Karjalan Sähkö Oy,6,2026-04-18,not_General
98355,Vaasan Sähkö Myynti Oy,12,2026-04-18,not_General
98364,Äänekosken Energia Oy,24,2026-04-18,not_General
98369,Vaasan Sähkö Myynti Oy,24,2026-04-18,not_General
98370,Omavoima Oy,12,2026-04-18,not_General
98374,Oomi Oy,12,2026-04-18,not_exact_fixed_segment;not_FixedPrice
98378,Kokkolan Energia Oy,12,2026-04-18,not_exact_fixed_segment;not_FixedPrice
98382,Imatran Seudun Sähkö Oy,24,2026-04-18,not_exact_fixed_segment;not_FixedPrice
98383,Koillis-Satakunnan Sähkö Oy,12,2026-04-18,not_exact_fixed_segment;not_FixedPrice
98390,Omavoima Oy,12,2026-04-18,not_General
98391,Imatran Seudun Sähkö Oy,12,2026-04-18,not_exact_fixed_segment;not_FixedPrice
98393,Nordic Green Energy,24,2026-04-18,not_exact_fixed_segment;not_FixedPrice
98394,Paneliankosken Voima Oy,24,2026-04-18,not_exact_fixed_segment;not_FixedPrice
98395,Vaasan Sähkö Myynti Oy,6,2026-04-18,not_General
98397,Lammaisten Energia Oy,24,2026-04-18,not_exact_fixed_segment;not_FixedPrice
98402,Porvoon Energia Oy,12,2026-04-18,not_General
98415,Äänekosken Energia Oy,6,2026-04-18,not_General
98419,Lammaisten Energia Oy,12,2026-04-18,not_General
98424,Köyliön-Säkylän Sähkö Oy,12,2026-04-18,not_General
98427,Lammaisten Energia Oy,6,2026-04-18,not_exact_fixed_segment;not_FixedPrice;not_General
98432,Nordic Green Energy,12,2026-04-18,not_exact_fixed_segment;not_FixedPrice
98434,Köyliön-Säkylän Sähkö Oy,12,2026-04-18,not_General
98436,Omavoima Oy,24,2026-04-18,not_General
98438,Koillis-Satakunnan Sähkö Oy,24,2026-04-18,not_General
98439,Alajärven Sähkö Oy,24,2026-04-18,not_General
98441,Keravan Energia Oy,12,2026-04-18,not_exact_fixed_segment;not_FixedPrice
98443,Pohjois-Karjalan Sähkö Oy,24,2026-04-18,not_General
98445,Lammaisten Energia Oy,6,2026-04-18,not_General
98449,Lammaisten Energia Oy,6,2026-04-18,not_General
98456,Lammaisten Energia Oy,24,2026-04-18,not_exact_fixed_segment;not_FixedPrice;not_General
98458,Äänekosken Energia Oy,12,2026-04-18,not_General
98465,Koillis-Satakunnan Sähkö Oy,12,2026-04-18,not_General
98466,Hehku Energia Oy,24,2026-04-18,not_exact_fixed_segment;not_FixedPrice
98469,Pohjois-Karjalan Sähkö Oy,12,2026-04-18,not_General
98474,Nordic Green Energy,24,2026-04-18,not_exact_fixed_segment;not_FixedPrice
98483,Nurmijärven Sähkö Oy,12,2026-04-18,not_General
98486,Omavoima Oy,24,2026-04-18,not_General
98489,Keravan Energia Oy,12,2026-04-18,not_exact_fixed_segment;not_FixedPrice
98490,Nurmijärven Sähkö Oy,24,2026-04-18,not_General
98492,Lammaisten Energia Oy,6,2026-04-18,not_exact_fixed_segment;not_FixedPrice
98493,Paneliankosken Voima Oy,12,2026-04-18,not_exact_fixed_segment;not_FixedPrice;not_General
98495,Väre Oy,12,2026-04-18,not_exact_fixed_segment;not_FixedPrice
98496,Fortum Markets Oy,12,2026-04-18,not_exact_fixed_segment;not_FixedPrice
98498,Paneliankosken Voima Oy,12,2026-04-18,not_General
98499,Lammaisten Energia Oy,6,2026-04-18,not_exact_fixed_segment;not_FixedPrice;not_General
98505,Lammaisten Energia Oy,24,2026-04-18,not_General
98507,Paneliankosken Voima Oy,12,2026-04-18,not_exact_fixed_segment;not_FixedPrice
98513,Porvoon Energia Oy,24,2026-04-18,not_General
98515,Lumme Energia,12,2026-04-18,not_exact_fixed_segment;not_FixedPrice
98523,Pohjois-Karjalan Sähkö Oy,6,2026-04-19,not_General
98525,Väre Oy,24,2026-04-19,not_exact_fixed_segment;not_FixedPrice
98526,Korpelan Energia Oy,24,2026-04-19,not_exact_fixed_segment;not_FixedPrice
98528,Hehku Energia Oy,12,2026-04-19,not_exact_fixed_segment;not_FixedPrice
98531,Keravan Energia Oy,24,2026-04-19,not_exact_fixed_segment;not_FixedPrice
98533,Nurmijärven Sähkö Oy,12,2026-04-19,not_General
98536,Paneliankosken Voima Oy,24,2026-04-19,not_General
98544,Porvoon Energia Oy,12,2026-04-19,not_General
98549,Lammaisten Energia Oy,12,2026-04-19,not_exact_fixed_segment;not_FixedPrice;not_General
98552,Nurmijärven Sähkö Oy,24,2026-04-19,not_General
98558,Lammaisten Energia Oy,24,2026-04-19,not_exact_fixed_segment;not_FixedPrice;not_General
98559,Pohjois-Karjalan Sähkö Oy,24,2026-04-19,not_General
98561,Vaasan Sähkö Myynti Oy,12,2026-04-19,not_exact_fixed_segment;not_FixedPrice
98565,Koillis-Satakunnan Sähkö Oy,12,2026-04-19,not_General
98570,Omavoima Oy,24,2026-04-19,not_exact_fixed_segment;not_FixedPrice
98573,Nurmijärven Sähkö Oy,24,2026-04-19,not_General
98574,Koillis-Satakunnan Sähkö Oy,24,2026-04-19,not_General
98575,Helen Oy,24,2026-04-19,not_exact_fixed_segment;not_FixedPrice
98581,Vaasan Sähkö Myynti Oy,6,2026-04-19,not_exact_fixed_segment;not_FixedPrice
98582,Nordic Green Energy,12,2026-04-19,not_exact_fixed_segment;not_FixedPrice
98583,Lammaisten Energia Oy,24,2026-04-19,not_General
98585,Korpelan Energia Oy,12,2026-04-19,not_exact_fixed_segment;not_FixedPrice
98586,Kokkolan Energia Oy,24,2026-04-19,not_exact_fixed_segment;not_FixedPrice
98593,Oomi Oy,24,2026-04-19,not_exact_fixed_segment;not_FixedPrice
98594,Väre Oy,6,2026-04-19,not_exact_fixed_segment;not_FixedPrice
98601,Keravan Energia Oy,12,2026-04-19,not_exact_fixed_segment;not_FixedPrice
98609,Äänekosken Energia Oy,6,2026-04-19,not_General
98612,Porvoon Energia Oy,24,2026-04-19,not_General
98614,Koillis-Satakunnan Sähkö Oy,12,2026-04-19,not_General
98616,Lammaisten Energia Oy,12,2026-04-19,not_exact_fixed_segment;not_FixedPrice;not_General
98622,Koillis-Satakunnan Sähkö Oy,24,2026-04-19,not_exact_fixed_segment;not_FixedPrice
98634,Paneliankosken Voima Oy,24,2026-04-19,not_exact_fixed_segment;not_FixedPrice;not_General
98638,Alajärven Sähkö Oy,12,2026-04-19,not_General
98646,Keravan Energia Oy,24,2026-04-19,not_exact_fixed_segment;not_FixedPrice
98650,Pohjois-Karjalan Sähkö Oy,12,2026-04-19,not_General
98652,Oomi Oy,6,2026-04-19,not_exact_fixed_segment;not_FixedPrice
98653,Kokkolan Energia Oy,6,2026-04-19,not_exact_fixed_segment;not_FixedPrice
98658,Imatran Seudun Sähkö Oy,6,2026-04-19,not_exact_fixed_segment;not_FixedPrice
98664,Helen Oy,12,2026-04-19,not_exact_fixed_segment;not_FixedPrice
98666,Äänekosken Energia Oy,12,2026-04-19,not_General
98672,Lammaisten Energia Oy,12,2026-04-19,not_General
98673,Porvoon Energia Oy,24,2026-04-19,not_General
98675,Fortum Markets Oy,24,2026-04-19,not_exact_fixed_segment;not_FixedPrice
98681,Lammaisten Energia Oy,12,2026-04-19,not_exact_fixed_segment;not_FixedPrice
98682,Äänekosken Energia Oy,24,2026-04-19,not_General
98683,Köyliön-Säkylän Sähkö Oy,24,2026-04-19,not_General
98687,Vaasan Sähkö Myynti Oy,24,2026-04-19,not_exact_fixed_segment;not_FixedPrice
98689,Köyliön-Säkylän Sähkö Oy,24,2026-04-19,not_General
98691,Lumme Energia,24,2026-04-19,not_exact_fixed_segment;not_FixedPrice
98698,Pohjois-Karjalan Sähkö Oy,6,2026-04-19,not_General
98700,Vaasan Sähkö Myynti Oy,12,2026-04-19,not_General
98709,Äänekosken Energia Oy,24,2026-04-19,not_General
98714,Vaasan Sähkö Myynti Oy,24,2026-04-19,not_General
98715,Omavoima Oy,12,2026-04-19,not_General
98719,Oomi Oy,12,2026-04-19,not_exact_fixed_segment;not_FixedPrice
98723,Kokkolan Energia Oy,12,2026-04-19,not_exact_fixed_segment;not_FixedPrice
98727,Imatran Seudun Sähkö Oy,24,2026-04-19,not_exact_fixed_segment;not_FixedPrice
98728,Koillis-Satakunnan Sähkö Oy,12,2026-04-19,not_exact_fixed_segment;not_FixedPrice
98735,Omavoima Oy,12,2026-04-19,not_General
98736,Imatran Seudun Sähkö Oy,12,2026-04-19,not_exact_fixed_segment;not_FixedPrice
98738,Nordic Green Energy,24,2026-04-19,not_exact_fixed_segment;not_FixedPrice
98739,Paneliankosken Voima Oy,24,2026-04-19,not_exact_fixed_segment;not_FixedPrice
98740,Vaasan Sähkö Myynti Oy,6,2026-04-19,not_General
98742,Lammaisten Energia Oy,24,2026-04-19,not_exact_fixed_segment;not_FixedPrice
98747,Porvoon Energia Oy,12,2026-04-19,not_General
98760,Äänekosken Energia Oy,6,2026-04-19,not_General
98764,Lammaisten Energia Oy,12,2026-04-19,not_General
98769,Köyliön-Säkylän Sähkö Oy,12,2026-04-19,not_General
98772,Lammaisten Energia Oy,6,2026-04-19,not_exact_fixed_segment;not_FixedPrice;not_General
98777,Nordic Green Energy,12,2026-04-19,not_exact_fixed_segment;not_FixedPrice
98779,Köyliön-Säkylän Sähkö Oy,12,2026-04-19,not_General
98781,Omavoima Oy,24,2026-04-19,not_General
98783,Koillis-Satakunnan Sähkö Oy,24,2026-04-19,not_General
98784,Alajärven Sähkö Oy,24,2026-04-19,not_General
98786,Keravan Energia Oy,12,2026-04-19,not_exact_fixed_segment;not_FixedPrice
98788,Pohjois-Karjalan Sähkö Oy,24,2026-04-19,not_General
98790,Lammaisten Energia Oy,6,2026-04-19,not_General
98794,Lammaisten Energia Oy,6,2026-04-19,not_General
98801,Lammaisten Energia Oy,24,2026-04-19,not_exact_fixed_segment;not_FixedPrice;not_General
98803,Äänekosken Energia Oy,12,2026-04-19,not_General
98810,Koillis-Satakunnan Sähkö Oy,12,2026-04-19,not_General
98811,Hehku Energia Oy,24,2026-04-19,not_exact_fixed_segment;not_FixedPrice
98814,Pohjois-Karjalan Sähkö Oy,12,2026-04-19,not_General
98819,Nordic Green Energy,24,2026-04-19,not_exact_fixed_segment;not_FixedPrice
98828,Nurmijärven Sähkö Oy,12,2026-04-19,not_General
98831,Omavoima Oy,24,2026-04-19,not_General
98834,Keravan Energia Oy,12,2026-04-19,not_exact_fixed_segment;not_FixedPrice
98835,Nurmijärven Sähkö Oy,24,2026-04-19,not_General
98837,Lammaisten Energia Oy,6,2026-04-19,not_exact_fixed_segment;not_FixedPrice
98838,Paneliankosken Voima Oy,12,2026-04-19,not_exact_fixed_segment;not_FixedPrice;not_General
98840,Väre Oy,12,2026-04-19,not_exact_fixed_segment;not_FixedPrice
98841,Fortum Markets Oy,12,2026-04-19,not_exact_fixed_segment;not_FixedPrice
98843,Paneliankosken Voima Oy,12,2026-04-19,not_General
98844,Lammaisten Energia Oy,6,2026-04-19,not_exact_fixed_segment;not_FixedPrice;not_General
98850,Lammaisten Energia Oy,24,2026-04-19,not_General
98852,Paneliankosken Voima Oy,12,2026-04-19,not_exact_fixed_segment;not_FixedPrice
98858,Porvoon Energia Oy,24,2026-04-19,not_General
98860,Lumme Energia,12,2026-04-19,not_exact_fixed_segment;not_FixedPrice
98868,Pohjois-Karjalan Sähkö Oy,6,2026-04-20,not_General
98870,Väre Oy,24,2026-04-20,not_exact_fixed_segment;not_FixedPrice
98871,Korpelan Energia Oy,24,2026-04-20,not_exact_fixed_segment;not_FixedPrice
98873,Hehku Energia Oy,12,2026-04-20,not_exact_fixed_segment;not_FixedPrice
98876,Keravan Energia Oy,24,2026-04-20,not_exact_fixed_segment;not_FixedPrice
98878,Nurmijärven Sähkö Oy,12,2026-04-20,not_General
98882,Paneliankosken Voima Oy,24,2026-04-20,not_General
98890,Porvoon Energia Oy,12,2026-04-20,not_General
98895,Lammaisten Energia Oy,12,2026-04-20,not_exact_fixed_segment;not_FixedPrice;not_General
98898,Nurmijärven Sähkö Oy,24,2026-04-20,not_General
98904,Lammaisten Energia Oy,24,2026-04-20,not_exact_fixed_segment;not_FixedPrice;not_General
98905,Pohjois-Karjalan Sähkö Oy,24,2026-04-20,not_General
98907,Vaasan Sähkö Myynti Oy,12,2026-04-20,not_exact_fixed_segment;not_FixedPrice
98911,Koillis-Satakunnan Sähkö Oy,12,2026-04-20,not_General
98916,Omavoima Oy,24,2026-04-20,not_exact_fixed_segment;not_FixedPrice
98919,Nurmijärven Sähkö Oy,24,2026-04-20,not_General
98920,Koillis-Satakunnan Sähkö Oy,24,2026-04-20,not_General
98921,Helen Oy,24,2026-04-20,not_exact_fixed_segment;not_FixedPrice
98927,Vaasan Sähkö Myynti Oy,6,2026-04-20,not_exact_fixed_segment;not_FixedPrice
98928,Nordic Green Energy,12,2026-04-20,not_exact_fixed_segment;not_FixedPrice
98929,Lammaisten Energia Oy,24,2026-04-20,not_General
98930,Äänekosken Energia Oy,6,2026-04-20,not_General
98932,Korpelan Energia Oy,12,2026-04-20,not_exact_fixed_segment;not_FixedPrice
98933,Kokkolan Energia Oy,24,2026-04-20,not_exact_fixed_segment;not_FixedPrice
98940,Oomi Oy,24,2026-04-20,not_exact_fixed_segment;not_FixedPrice
98941,Väre Oy,6,2026-04-20,not_exact_fixed_segment;not_FixedPrice
98943,Fortum Markets Oy,12,2026-04-20,not_exact_fixed_segment;not_FixedPrice
98949,Keravan Energia Oy,12,2026-04-20,not_exact_fixed_segment;not_FixedPrice
98959,Porvoon Energia Oy,24,2026-04-20,not_General
98961,Koillis-Satakunnan Sähkö Oy,12,2026-04-20,not_General
98963,Lammaisten Energia Oy,12,2026-04-20,not_exact_fixed_segment;not_FixedPrice;not_General
98969,Äänekosken Energia Oy,12,2026-04-20,not_General
98970,Koillis-Satakunnan Sähkö Oy,24,2026-04-20,not_exact_fixed_segment;not_FixedPrice
98982,Paneliankosken Voima Oy,24,2026-04-20,not_exact_fixed_segment;not_FixedPrice;not_General
98986,Alajärven Sähkö Oy,12,2026-04-20,not_General
98994,Keravan Energia Oy,24,2026-04-20,not_exact_fixed_segment;not_FixedPrice
98998,Pohjois-Karjalan Sähkö Oy,12,2026-04-20,not_General
99000,Oomi Oy,6,2026-04-20,not_exact_fixed_segment;not_FixedPrice
99001,Kokkolan Energia Oy,6,2026-04-20,not_exact_fixed_segment;not_FixedPrice
99006,Imatran Seudun Sähkö Oy,6,2026-04-20,not_exact_fixed_segment;not_FixedPrice
99012,Helen Oy,12,2026-04-20,not_exact_fixed_segment;not_FixedPrice
99019,Lammaisten Energia Oy,12,2026-04-20,not_General
99020,Porvoon Energia Oy,24,2026-04-20,not_General
99022,Fortum Markets Oy,24,2026-04-20,not_exact_fixed_segment;not_FixedPrice
99028,Lammaisten Energia Oy,12,2026-04-20,not_exact_fixed_segment;not_FixedPrice
99029,Äänekosken Energia Oy,24,2026-04-20,not_General
99030,Köyliön-Säkylän Sähkö Oy,24,2026-04-20,not_General
99034,Vaasan Sähkö Myynti Oy,24,2026-04-20,not_exact_fixed_segment;not_FixedPrice
99036,Köyliön-Säkylän Sähkö Oy,24,2026-04-20,not_General
99038,Lumme Energia,24,2026-04-20,not_exact_fixed_segment;not_FixedPrice
99045,Pohjois-Karjalan Sähkö Oy,6,2026-04-20,not_General
99047,Vaasan Sähkö Myynti Oy,12,2026-04-20,not_General
99056,Äänekosken Energia Oy,24,2026-04-20,not_General
99060,Vaasan Sähkö Myynti Oy,24,2026-04-20,not_General
99061,Omavoima Oy,12,2026-04-20,not_General
99065,Oomi Oy,12,2026-04-20,not_exact_fixed_segment;not_FixedPrice
99069,Kokkolan Energia Oy,12,2026-04-20,not_exact_fixed_segment;not_FixedPrice
99073,Imatran Seudun Sähkö Oy,24,2026-04-20,not_exact_fixed_segment;not_FixedPrice
99074,Koillis-Satakunnan Sähkö Oy,12,2026-04-20,not_exact_fixed_segment;not_FixedPrice
99081,Omavoima Oy,12,2026-04-20,not_General
99082,Imatran Seudun Sähkö Oy,12,2026-04-20,not_exact_fixed_segment;not_FixedPrice
99084,Nordic Green Energy,24,2026-04-20,not_exact_fixed_segment;not_FixedPrice
99085,Paneliankosken Voima Oy,24,2026-04-20,not_exact_fixed_segment;not_FixedPrice
99086,Vaasan Sähkö Myynti Oy,6,2026-04-20,not_General
99088,Lammaisten Energia Oy,24,2026-04-20,not_exact_fixed_segment;not_FixedPrice
99093,Porvoon Energia Oy,12,2026-04-20,not_General
99109,Lammaisten Energia Oy,12,2026-04-20,not_General
99114,Köyliön-Säkylän Sähkö Oy,12,2026-04-20,not_General
99117,Lammaisten Energia Oy,6,2026-04-20,not_exact_fixed_segment;not_FixedPrice;not_General
99122,Nordic Green Energy,12,2026-04-20,not_exact_fixed_segment;not_FixedPrice
99124,Köyliön-Säkylän Sähkö Oy,12,2026-04-20,not_General
99126,Omavoima Oy,24,2026-04-20,not_General
99128,Koillis-Satakunnan Sähkö Oy,24,2026-04-20,not_General
99129,Alajärven Sähkö Oy,24,2026-04-20,not_General
99131,Keravan Energia Oy,12,2026-04-20,not_exact_fixed_segment;not_FixedPrice
99133,Pohjois-Karjalan Sähkö Oy,24,2026-04-20,not_General
99135,Lammaisten Energia Oy,6,2026-04-20,not_General
99139,Lammaisten Energia Oy,6,2026-04-20,not_General
99146,Lammaisten Energia Oy,24,2026-04-20,not_exact_fixed_segment;not_FixedPrice;not_General
99154,Koillis-Satakunnan Sähkö Oy,12,2026-04-20,not_General
99155,Hehku Energia Oy,24,2026-04-20,not_exact_fixed_segment;not_FixedPrice
99158,Pohjois-Karjalan Sähkö Oy,12,2026-04-20,not_General
99163,Nordic Green Energy,24,2026-04-20,not_exact_fixed_segment;not_FixedPrice
99169,Äänekosken Energia Oy,12,2026-04-20,not_General
99173,Nurmijärven Sähkö Oy,12,2026-04-20,not_General
99174,Äänekosken Energia Oy,6,2026-04-20,not_General
99177,Omavoima Oy,24,2026-04-20,not_General
99180,Keravan Energia Oy,12,2026-04-20,not_exact_fixed_segment;not_FixedPrice
99181,Nurmijärven Sähkö Oy,24,2026-04-20,not_General
99183,Lammaisten Energia Oy,6,2026-04-20,not_exact_fixed_segment;not_FixedPrice
99184,Paneliankosken Voima Oy,12,2026-04-20,not_exact_fixed_segment;not_FixedPrice;not_General
99186,Väre Oy,12,2026-04-20,not_exact_fixed_segment;not_FixedPrice
99188,Paneliankosken Voima Oy,12,2026-04-20,not_General
99189,Lammaisten Energia Oy,6,2026-04-20,not_exact_fixed_segment;not_FixedPrice;not_General
99195,Lammaisten Energia Oy,24,2026-04-20,not_General
99197,Paneliankosken Voima Oy,12,2026-04-20,not_exact_fixed_segment;not_FixedPrice
99203,Porvoon Energia Oy,24,2026-04-20,not_General
99205,Lumme Energia,12,2026-04-20,not_exact_fixed_segment;not_FixedPrice
99213,Pohjois-Karjalan Sähkö Oy,6,2026-04-21,not_General
99215,Väre Oy,24,2026-04-21,not_exact_fixed_segment;not_FixedPrice
99216,Korpelan Energia Oy,24,2026-04-21,not_exact_fixed_segment;not_FixedPrice
99218,Hehku Energia Oy,12,2026-04-21,not_exact_fixed_segment;not_FixedPrice
99221,Keravan Energia Oy,24,2026-04-21,not_exact_fixed_segment;not_FixedPrice
99223,Nurmijärven Sähkö Oy,12,2026-04-21,not_General
99227,Paneliankosken Voima Oy,24,2026-04-21,not_General
99235,Porvoon Energia Oy,12,2026-04-21,not_General
99240,Lammaisten Energia Oy,12,2026-04-21,not_exact_fixed_segment;not_FixedPrice;not_General
99243,Nurmijärven Sähkö Oy,24,2026-04-21,not_General
99249,Lammaisten Energia Oy,24,2026-04-21,not_exact_fixed_segment;not_FixedPrice;not_General
99250,Pohjois-Karjalan Sähkö Oy,24,2026-04-21,not_General
99252,Vaasan Sähkö Myynti Oy,12,2026-04-21,not_exact_fixed_segment;not_FixedPrice
99255,Koillis-Satakunnan Sähkö Oy,12,2026-04-21,not_General
99260,Omavoima Oy,24,2026-04-21,not_exact_fixed_segment;not_FixedPrice
99263,Nurmijärven Sähkö Oy,24,2026-04-21,not_General
99264,Koillis-Satakunnan Sähkö Oy,24,2026-04-21,not_General
99269,Vaasan Sähkö Myynti Oy,6,2026-04-21,not_exact_fixed_segment;not_FixedPrice
99270,Nordic Green Energy,12,2026-04-21,not_exact_fixed_segment;not_FixedPrice
99271,Lammaisten Energia Oy,24,2026-04-21,not_General
99272,Äänekosken Energia Oy,6,2026-04-21,not_General
99274,Korpelan Energia Oy,12,2026-04-21,not_exact_fixed_segment;not_FixedPrice
99275,Kokkolan Energia Oy,24,2026-04-21,not_exact_fixed_segment;not_FixedPrice
99282,Oomi Oy,24,2026-04-21,not_exact_fixed_segment;not_FixedPrice
99283,Väre Oy,6,2026-04-21,not_exact_fixed_segment;not_FixedPrice
99285,Fortum Markets Oy,12,2026-04-21,not_exact_fixed_segment;not_FixedPrice
99291,Keravan Energia Oy,12,2026-04-21,not_exact_fixed_segment;not_FixedPrice
99301,Porvoon Energia Oy,24,2026-04-21,not_General
99303,Koillis-Satakunnan Sähkö Oy,12,2026-04-21,not_General
99305,Lammaisten Energia Oy,12,2026-04-21,not_exact_fixed_segment;not_FixedPrice;not_General
99311,Äänekosken Energia Oy,12,2026-04-21,not_General
99312,Koillis-Satakunnan Sähkö Oy,24,2026-04-21,not_exact_fixed_segment;not_FixedPrice
99324,Paneliankosken Voima Oy,24,2026-04-21,not_exact_fixed_segment;not_FixedPrice;not_General
99328,Alajärven Sähkö Oy,12,2026-04-21,not_General
99336,Keravan Energia Oy,24,2026-04-21,not_exact_fixed_segment;not_FixedPrice
99341,Pohjois-Karjalan Sähkö Oy,12,2026-04-21,not_General
99343,Oomi Oy,6,2026-04-21,not_exact_fixed_segment;not_FixedPrice
99344,Kokkolan Energia Oy,6,2026-04-21,not_exact_fixed_segment;not_FixedPrice
99349,Imatran Seudun Sähkö Oy,6,2026-04-21,not_exact_fixed_segment;not_FixedPrice
99361,Lammaisten Energia Oy,12,2026-04-21,not_General
99362,Porvoon Energia Oy,24,2026-04-21,not_General
99364,Fortum Markets Oy,24,2026-04-21,not_exact_fixed_segment;not_FixedPrice
99370,Lammaisten Energia Oy,12,2026-04-21,not_exact_fixed_segment;not_FixedPrice
99371,Äänekosken Energia Oy,24,2026-04-21,not_General
99372,Köyliön-Säkylän Sähkö Oy,24,2026-04-21,not_General
99376,Vaasan Sähkö Myynti Oy,24,2026-04-21,not_exact_fixed_segment;not_FixedPrice
99378,Köyliön-Säkylän Sähkö Oy,24,2026-04-21,not_General
99380,Lumme Energia,24,2026-04-21,not_exact_fixed_segment;not_FixedPrice
99387,Pohjois-Karjalan Sähkö Oy,6,2026-04-21,not_General
99389,Vaasan Sähkö Myynti Oy,12,2026-04-21,not_General
99398,Äänekosken Energia Oy,24,2026-04-21,not_General
99402,Vaasan Sähkö Myynti Oy,24,2026-04-21,not_General
99403,Omavoima Oy,12,2026-04-21,not_General
99407,Oomi Oy,12,2026-04-21,not_exact_fixed_segment;not_FixedPrice
99411,Kokkolan Energia Oy,12,2026-04-21,not_exact_fixed_segment;not_FixedPrice
99415,Imatran Seudun Sähkö Oy,24,2026-04-21,not_exact_fixed_segment;not_FixedPrice
99416,Koillis-Satakunnan Sähkö Oy,12,2026-04-21,not_exact_fixed_segment;not_FixedPrice
99423,Omavoima Oy,12,2026-04-21,not_General
99424,Imatran Seudun Sähkö Oy,12,2026-04-21,not_exact_fixed_segment;not_FixedPrice
99426,Nordic Green Energy,24,2026-04-21,not_exact_fixed_segment;not_FixedPrice
99427,Paneliankosken Voima Oy,24,2026-04-21,not_exact_fixed_segment;not_FixedPrice
99428,Vaasan Sähkö Myynti Oy,6,2026-04-21,not_General
99430,Lammaisten Energia Oy,24,2026-04-21,not_exact_fixed_segment;not_FixedPrice
99437,Porvoon Energia Oy,12,2026-04-21,not_General
99452,Lammaisten Energia Oy,12,2026-04-21,not_General
99457,Köyliön-Säkylän Sähkö Oy,12,2026-04-21,not_General
99460,Lammaisten Energia Oy,6,2026-04-21,not_exact_fixed_segment;not_FixedPrice;not_General
99465,Nordic Green Energy,12,2026-04-21,not_exact_fixed_segment;not_FixedPrice
99467,Köyliön-Säkylän Sähkö Oy,12,2026-04-21,not_General
99469,Omavoima Oy,24,2026-04-21,not_General
99471,Koillis-Satakunnan Sähkö Oy,24,2026-04-21,not_General
99472,Alajärven Sähkö Oy,24,2026-04-21,not_General
99474,Keravan Energia Oy,12,2026-04-21,not_exact_fixed_segment;not_FixedPrice
99476,Pohjois-Karjalan Sähkö Oy,24,2026-04-21,not_General
99478,Lammaisten Energia Oy,6,2026-04-21,not_General
99482,Lammaisten Energia Oy,6,2026-04-21,not_General
99489,Lammaisten Energia Oy,24,2026-04-21,not_exact_fixed_segment;not_FixedPrice;not_General
99496,Koillis-Satakunnan Sähkö Oy,12,2026-04-21,not_General
99497,Hehku Energia Oy,24,2026-04-21,not_exact_fixed_segment;not_FixedPrice
99500,Pohjois-Karjalan Sähkö Oy,12,2026-04-21,not_General
99505,Nordic Green Energy,24,2026-04-21,not_exact_fixed_segment;not_FixedPrice
99512,Äänekosken Energia Oy,12,2026-04-21,not_General
99516,Nurmijärven Sähkö Oy,12,2026-04-21,not_General
99517,Äänekosken Energia Oy,6,2026-04-21,not_General
99520,Omavoima Oy,24,2026-04-21,not_General
99523,Keravan Energia Oy,12,2026-04-21,not_exact_fixed_segment;not_FixedPrice
99524,Nurmijärven Sähkö Oy,24,2026-04-21,not_General
99526,Lammaisten Energia Oy,6,2026-04-21,not_exact_fixed_segment;not_FixedPrice
99527,Paneliankosken Voima Oy,12,2026-04-21,not_exact_fixed_segment;not_FixedPrice;not_General
99529,Väre Oy,12,2026-04-21,not_exact_fixed_segment;not_FixedPrice
99531,Paneliankosken Voima Oy,12,2026-04-21,not_General
99532,Lammaisten Energia Oy,6,2026-04-21,not_exact_fixed_segment;not_FixedPrice;not_General
99538,Lammaisten Energia Oy,24,2026-04-21,not_General
99540,Paneliankosken Voima Oy,12,2026-04-21,not_exact_fixed_segment;not_FixedPrice
99546,Porvoon Energia Oy,24,2026-04-21,not_General
99548,Lumme Energia,12,2026-04-21,not_exact_fixed_segment;not_FixedPrice
99556,Pohjois-Karjalan Sähkö Oy,6,2026-04-22,not_General
99558,Väre Oy,24,2026-04-22,not_exact_fixed_segment;not_FixedPrice
99559,Porvoon Energia Oy,24,2026-04-22,not_General
99560,Korpelan Energia Oy,24,2026-04-22,not_exact_fixed_segment;not_FixedPrice
99562,Hehku Energia Oy,12,2026-04-22,not_exact_fixed_segment;not_FixedPrice
99565,Keravan Energia Oy,24,2026-04-22,not_exact_fixed_segment;not_FixedPrice
99567,Nurmijärven Sähkö Oy,12,2026-04-22,not_General
99571,Paneliankosken Voima Oy,24,2026-04-22,not_General
99582,Lammaisten Energia Oy,12,2026-04-22,not_exact_fixed_segment;not_FixedPrice;not_General
99585,Nurmijärven Sähkö Oy,24,2026-04-22,not_General
99591,Lammaisten Energia Oy,24,2026-04-22,not_exact_fixed_segment;not_FixedPrice;not_General
99592,Pohjois-Karjalan Sähkö Oy,24,2026-04-22,not_General
99594,Vaasan Sähkö Myynti Oy,12,2026-04-22,not_exact_fixed_segment;not_FixedPrice
99597,Koillis-Satakunnan Sähkö Oy,12,2026-04-22,not_General
99600,Porvoon Energia Oy,12,2026-04-22,not_General
99603,Omavoima Oy,24,2026-04-22,not_exact_fixed_segment;not_FixedPrice
99606,Nurmijärven Sähkö Oy,24,2026-04-22,not_General
99607,Koillis-Satakunnan Sähkö Oy,24,2026-04-22,not_General
99612,Vaasan Sähkö Myynti Oy,6,2026-04-22,not_exact_fixed_segment;not_FixedPrice
99613,Nordic Green Energy,12,2026-04-22,not_exact_fixed_segment;not_FixedPrice
99614,Lammaisten Energia Oy,24,2026-04-22,not_General
99615,Äänekosken Energia Oy,6,2026-04-22,not_General
99617,Korpelan Energia Oy,12,2026-04-22,not_exact_fixed_segment;not_FixedPrice
99618,Kokkolan Energia Oy,24,2026-04-22,not_exact_fixed_segment;not_FixedPrice
99625,Oomi Oy,24,2026-04-22,not_exact_fixed_segment;not_FixedPrice
99626,Väre Oy,6,2026-04-22,not_exact_fixed_segment;not_FixedPrice
99628,Fortum Markets Oy,12,2026-04-22,not_exact_fixed_segment;not_FixedPrice
99634,Keravan Energia Oy,12,2026-04-22,not_exact_fixed_segment;not_FixedPrice
99646,Koillis-Satakunnan Sähkö Oy,12,2026-04-22,not_General
99648,Lammaisten Energia Oy,12,2026-04-22,not_exact_fixed_segment;not_FixedPrice;not_General
99654,Äänekosken Energia Oy,12,2026-04-22,not_General
99655,Koillis-Satakunnan Sähkö Oy,24,2026-04-22,not_exact_fixed_segment;not_FixedPrice
99667,Paneliankosken Voima Oy,24,2026-04-22,not_exact_fixed_segment;not_FixedPrice;not_General
99671,Alajärven Sähkö Oy,12,2026-04-22,not_General
99679,Keravan Energia Oy,24,2026-04-22,not_exact_fixed_segment;not_FixedPrice
99683,Pohjois-Karjalan Sähkö Oy,12,2026-04-22,not_General
99685,Oomi Oy,6,2026-04-22,not_exact_fixed_segment;not_FixedPrice
99686,Kokkolan Energia Oy,6,2026-04-22,not_exact_fixed_segment;not_FixedPrice
99691,Imatran Seudun Sähkö Oy,6,2026-04-22,not_exact_fixed_segment;not_FixedPrice
99704,Lammaisten Energia Oy,12,2026-04-22,not_General
99705,Porvoon Energia Oy,12,2026-04-22,not_General
99707,Fortum Markets Oy,24,2026-04-22,not_exact_fixed_segment;not_FixedPrice
99714,Lammaisten Energia Oy,12,2026-04-22,not_exact_fixed_segment;not_FixedPrice
99715,Äänekosken Energia Oy,24,2026-04-22,not_General
99716,Köyliön-Säkylän Sähkö Oy,24,2026-04-22,not_General
99720,Vaasan Sähkö Myynti Oy,24,2026-04-22,not_exact_fixed_segment;not_FixedPrice
99722,Köyliön-Säkylän Sähkö Oy,24,2026-04-22,not_General
99724,Lumme Energia,24,2026-04-22,not_exact_fixed_segment;not_FixedPrice
99731,Pohjois-Karjalan Sähkö Oy,6,2026-04-22,not_General
99733,Vaasan Sähkö Myynti Oy,12,2026-04-22,not_General
99741,Äänekosken Energia Oy,24,2026-04-22,not_General
99745,Vaasan Sähkö Myynti Oy,24,2026-04-22,not_General
99746,Omavoima Oy,12,2026-04-22,not_General
99750,Oomi Oy,12,2026-04-22,not_exact_fixed_segment;not_FixedPrice
99754,Kokkolan Energia Oy,12,2026-04-22,not_exact_fixed_segment;not_FixedPrice
99758,Imatran Seudun Sähkö Oy,24,2026-04-22,not_exact_fixed_segment;not_FixedPrice
99759,Koillis-Satakunnan Sähkö Oy,12,2026-04-22,not_exact_fixed_segment;not_FixedPrice
99766,Omavoima Oy,12,2026-04-22,not_General
99767,Imatran Seudun Sähkö Oy,12,2026-04-22,not_exact_fixed_segment;not_FixedPrice
99769,Nordic Green Energy,24,2026-04-22,not_exact_fixed_segment;not_FixedPrice
99770,Paneliankosken Voima Oy,24,2026-04-22,not_exact_fixed_segment;not_FixedPrice
99771,Vaasan Sähkö Myynti Oy,6,2026-04-22,not_General
99773,Lammaisten Energia Oy,24,2026-04-22,not_exact_fixed_segment;not_FixedPrice
99794,Lammaisten Energia Oy,12,2026-04-22,not_General
99799,Köyliön-Säkylän Sähkö Oy,12,2026-04-22,not_General
99803,Lammaisten Energia Oy,6,2026-04-22,not_exact_fixed_segment;not_FixedPrice;not_General
99808,Nordic Green Energy,12,2026-04-22,not_exact_fixed_segment;not_FixedPrice
99810,Köyliön-Säkylän Sähkö Oy,12,2026-04-22,not_General
99812,Omavoima Oy,24,2026-04-22,not_General
99814,Koillis-Satakunnan Sähkö Oy,24,2026-04-22,not_General
99815,Alajärven Sähkö Oy,24,2026-04-22,not_General
99817,Keravan Energia Oy,12,2026-04-22,not_exact_fixed_segment;not_FixedPrice
99819,Pohjois-Karjalan Sähkö Oy,24,2026-04-22,not_General
99821,Lammaisten Energia Oy,6,2026-04-22,not_General
99824,Porvoon Energia Oy,24,2026-04-22,not_General
99826,Lammaisten Energia Oy,6,2026-04-22,not_General
99833,Lammaisten Energia Oy,24,2026-04-22,not_exact_fixed_segment;not_FixedPrice;not_General
99839,Koillis-Satakunnan Sähkö Oy,12,2026-04-22,not_General
99840,Hehku Energia Oy,24,2026-04-22,not_exact_fixed_segment;not_FixedPrice
99842,Pohjois-Karjalan Sähkö Oy,12,2026-04-22,not_General
99846,Nordic Green Energy,24,2026-04-22,not_exact_fixed_segment;not_FixedPrice
99853,Äänekosken Energia Oy,12,2026-04-22,not_General
99857,Nurmijärven Sähkö Oy,12,2026-04-22,not_General
99859,Äänekosken Energia Oy,6,2026-04-22,not_General
99862,Omavoima Oy,24,2026-04-22,not_General
99865,Keravan Energia Oy,12,2026-04-22,not_exact_fixed_segment;not_FixedPrice
99866,Nurmijärven Sähkö Oy,24,2026-04-22,not_General
99870,Lammaisten Energia Oy,6,2026-04-22,not_exact_fixed_segment;not_FixedPrice
99871,Paneliankosken Voima Oy,12,2026-04-22,not_exact_fixed_segment;not_FixedPrice;not_General
99873,Väre Oy,12,2026-04-22,not_exact_fixed_segment;not_FixedPrice
99875,Paneliankosken Voima Oy,12,2026-04-22,not_General
99876,Lammaisten Energia Oy,6,2026-04-22,not_exact_fixed_segment;not_FixedPrice;not_General
99881,Porvoon Energia Oy,24,2026-04-22,not_General
99882,Lammaisten Energia Oy,24,2026-04-22,not_General
99884,Paneliankosken Voima Oy,12,2026-04-22,not_exact_fixed_segment;not_FixedPrice
99891,Lumme Energia,12,2026-04-22,not_exact_fixed_segment;not_FixedPrice
99899,Pohjois-Karjalan Sähkö Oy,6,2026-04-23,not_General
99901,Porvoon Energia Oy,24,2026-04-23,not_General
99902,Korpelan Energia Oy,24,2026-04-23,not_exact_fixed_segment;not_FixedPrice
99904,Hehku Energia Oy,12,2026-04-23,not_exact_fixed_segment;not_FixedPrice
99907,Keravan Energia Oy,24,2026-04-23,not_exact_fixed_segment;not_FixedPrice
99908,Nurmijärven Sähkö Oy,12,2026-04-23,not_General
99912,Paneliankosken Voima Oy,24,2026-04-23,not_General
99922,Lammaisten Energia Oy,12,2026-04-23,not_exact_fixed_segment;not_FixedPrice;not_General
99925,Nurmijärven Sähkö Oy,24,2026-04-23,not_General
99931,Lammaisten Energia Oy,24,2026-04-23,not_exact_fixed_segment;not_FixedPrice;not_General
99932,Pohjois-Karjalan Sähkö Oy,24,2026-04-23,not_General
99935,Koillis-Satakunnan Sähkö Oy,12,2026-04-23,not_General
99938,Porvoon Energia Oy,12,2026-04-23,not_General
99941,Omavoima Oy,24,2026-04-23,not_exact_fixed_segment;not_FixedPrice
99944,Nurmijärven Sähkö Oy,24,2026-04-23,not_General
99945,Koillis-Satakunnan Sähkö Oy,24,2026-04-23,not_General
99950,Vaasan Sähkö Myynti Oy,6,2026-04-23,not_exact_fixed_segment;not_FixedPrice
99951,Nordic Green Energy,12,2026-04-23,not_exact_fixed_segment;not_FixedPrice
99952,Lammaisten Energia Oy,24,2026-04-23,not_General
99953,Äänekosken Energia Oy,6,2026-04-23,not_General
99955,Korpelan Energia Oy,12,2026-04-23,not_exact_fixed_segment;not_FixedPrice
99956,Kokkolan Energia Oy,24,2026-04-23,not_exact_fixed_segment;not_FixedPrice
99963,Oomi Oy,24,2026-04-23,not_exact_fixed_segment;not_FixedPrice
99964,Fortum Markets Oy,12,2026-04-23,not_exact_fixed_segment;not_FixedPrice
99970,Keravan Energia Oy,12,2026-04-23,not_exact_fixed_segment;not_FixedPrice
99980,Koillis-Satakunnan Sähkö Oy,12,2026-04-23,not_General
99982,Lammaisten Energia Oy,12,2026-04-23,not_exact_fixed_segment;not_FixedPrice;not_General
99988,Äänekosken Energia Oy,12,2026-04-23,not_General
99989,Koillis-Satakunnan Sähkö Oy,24,2026-04-23,not_exact_fixed_segment;not_FixedPrice
100002,Paneliankosken Voima Oy,24,2026-04-23,not_exact_fixed_segment;not_FixedPrice;not_General
100006,Alajärven Sähkö Oy,12,2026-04-23,not_General
100014,Keravan Energia Oy,24,2026-04-23,not_exact_fixed_segment;not_FixedPrice
100018,Pohjois-Karjalan Sähkö Oy,12,2026-04-23,not_General
100019,Oomi Oy,6,2026-04-23,not_exact_fixed_segment;not_FixedPrice
100020,Kokkolan Energia Oy,6,2026-04-23,not_exact_fixed_segment;not_FixedPrice
100025,Imatran Seudun Sähkö Oy,6,2026-04-23,not_exact_fixed_segment;not_FixedPrice
100029,Vaasan Sähkö Myynti Oy,12,2026-04-23,not_exact_fixed_segment;not_FixedPrice
100039,Lammaisten Energia Oy,12,2026-04-23,not_General
100040,Porvoon Energia Oy,12,2026-04-23,not_General
100041,Fortum Markets Oy,24,2026-04-23,not_exact_fixed_segment;not_FixedPrice
100047,Lammaisten Energia Oy,12,2026-04-23,not_exact_fixed_segment;not_FixedPrice
100048,Äänekosken Energia Oy,24,2026-04-23,not_General
100049,Köyliön-Säkylän Sähkö Oy,24,2026-04-23,not_General
100054,Köyliön-Säkylän Sähkö Oy,24,2026-04-23,not_General
100056,Lumme Energia,24,2026-04-23,not_exact_fixed_segment;not_FixedPrice
100060,Turku Energia Oy,12,2026-04-23,not_exact_fixed_segment;not_FixedPrice
100064,Pohjois-Karjalan Sähkö Oy,6,2026-04-23,not_General
100073,Vaasan Sähkö Myynti Oy,24,2026-04-23,not_General
100074,Äänekosken Energia Oy,24,2026-04-23,not_General
100079,Omavoima Oy,12,2026-04-23,not_General
100083,Oomi Oy,12,2026-04-23,not_exact_fixed_segment;not_FixedPrice
100087,Kokkolan Energia Oy,12,2026-04-23,not_exact_fixed_segment;not_FixedPrice
100091,Imatran Seudun Sähkö Oy,24,2026-04-23,not_exact_fixed_segment;not_FixedPrice
100092,Koillis-Satakunnan Sähkö Oy,12,2026-04-23,not_exact_fixed_segment;not_FixedPrice
100099,Omavoima Oy,12,2026-04-23,not_General
100100,Imatran Seudun Sähkö Oy,12,2026-04-23,not_exact_fixed_segment;not_FixedPrice
100102,Nordic Green Energy,24,2026-04-23,not_exact_fixed_segment;not_FixedPrice
100103,Paneliankosken Voima Oy,24,2026-04-23,not_exact_fixed_segment;not_FixedPrice
100104,Vaasan Sähkö Myynti Oy,6,2026-04-23,not_General
100106,Lammaisten Energia Oy,24,2026-04-23,not_exact_fixed_segment;not_FixedPrice
100121,Vaasan Sähkö Myynti Oy,24,2026-04-23,not_exact_fixed_segment;not_FixedPrice
100128,Lammaisten Energia Oy,12,2026-04-23,not_General
100132,Köyliön-Säkylän Sähkö Oy,12,2026-04-23,not_General
100137,Lammaisten Energia Oy,6,2026-04-23,not_exact_fixed_segment;not_FixedPrice;not_General
100142,Nordic Green Energy,12,2026-04-23,not_exact_fixed_segment;not_FixedPrice
100144,Köyliön-Säkylän Sähkö Oy,12,2026-04-23,not_General
100146,Omavoima Oy,24,2026-04-23,not_General
100148,Koillis-Satakunnan Sähkö Oy,24,2026-04-23,not_General
100149,Alajärven Sähkö Oy,24,2026-04-23,not_General
100151,Keravan Energia Oy,12,2026-04-23,not_exact_fixed_segment;not_FixedPrice
100153,Pohjois-Karjalan Sähkö Oy,24,2026-04-23,not_General
100155,Lammaisten Energia Oy,6,2026-04-23,not_General
100158,Porvoon Energia Oy,24,2026-04-23,not_General
100159,Lammaisten Energia Oy,6,2026-04-23,not_General
100166,Lammaisten Energia Oy,24,2026-04-23,not_exact_fixed_segment;not_FixedPrice;not_General
100171,Koillis-Satakunnan Sähkö Oy,12,2026-04-23,not_General
100172,Hehku Energia Oy,24,2026-04-23,not_exact_fixed_segment;not_FixedPrice
100174,Pohjois-Karjalan Sähkö Oy,12,2026-04-23,not_General
100177,Nordic Green Energy,24,2026-04-23,not_exact_fixed_segment;not_FixedPrice
100185,Äänekosken Energia Oy,12,2026-04-23,not_General
100189,Nurmijärven Sähkö Oy,12,2026-04-23,not_General
100190,Äänekosken Energia Oy,6,2026-04-23,not_General
100192,Vaasan Sähkö Myynti Oy,12,2026-04-23,not_General
100194,Omavoima Oy,24,2026-04-23,not_General
100197,Keravan Energia Oy,12,2026-04-23,not_exact_fixed_segment;not_FixedPrice
100198,Nurmijärven Sähkö Oy,24,2026-04-23,not_General
100202,Lammaisten Energia Oy,6,2026-04-23,not_exact_fixed_segment;not_FixedPrice
100203,Paneliankosken Voima Oy,12,2026-04-23,not_exact_fixed_segment;not_FixedPrice;not_General
100206,Paneliankosken Voima Oy,12,2026-04-23,not_General
100207,Lammaisten Energia Oy,6,2026-04-23,not_exact_fixed_segment;not_FixedPrice;not_General
100212,Porvoon Energia Oy,24,2026-04-23,not_General
100214,Lammaisten Energia Oy,24,2026-04-23,not_General
100216,Paneliankosken Voima Oy,12,2026-04-23,not_exact_fixed_segment;not_FixedPrice
100222,Lumme Energia,12,2026-04-23,not_exact_fixed_segment;not_FixedPrice
100230,Pohjois-Karjalan Sähkö Oy,6,2026-04-24,not_General
100232,Porvoon Energia Oy,24,2026-04-24,not_General
100233,Korpelan Energia Oy,24,2026-04-24,not_exact_fixed_segment;not_FixedPrice
100235,Hehku Energia Oy,12,2026-04-24,not_exact_fixed_segment;not_FixedPrice
100238,Keravan Energia Oy,24,2026-04-24,not_exact_fixed_segment;not_FixedPrice
100239,Nurmijärven Sähkö Oy,12,2026-04-24,not_General
100243,Paneliankosken Voima Oy,24,2026-04-24,not_General
100253,Lammaisten Energia Oy,12,2026-04-24,not_exact_fixed_segment;not_FixedPrice;not_General
100256,Nurmijärven Sähkö Oy,24,2026-04-24,not_General
100262,Lammaisten Energia Oy,24,2026-04-24,not_exact_fixed_segment;not_FixedPrice;not_General
100263,Pohjois-Karjalan Sähkö Oy,24,2026-04-24,not_General
100266,Koillis-Satakunnan Sähkö Oy,12,2026-04-24,not_General
100269,Porvoon Energia Oy,12,2026-04-24,not_General
100272,Omavoima Oy,24,2026-04-24,not_exact_fixed_segment;not_FixedPrice
100275,Nurmijärven Sähkö Oy,24,2026-04-24,not_General
100276,Koillis-Satakunnan Sähkö Oy,24,2026-04-24,not_General
100281,Vaasan Sähkö Myynti Oy,6,2026-04-24,not_exact_fixed_segment;not_FixedPrice
100282,Nordic Green Energy,12,2026-04-24,not_exact_fixed_segment;not_FixedPrice
100283,Lammaisten Energia Oy,24,2026-04-24,not_General
100284,Äänekosken Energia Oy,6,2026-04-24,not_General
100286,Korpelan Energia Oy,12,2026-04-24,not_exact_fixed_segment;not_FixedPrice
100287,Kokkolan Energia Oy,24,2026-04-24,not_exact_fixed_segment;not_FixedPrice
100294,Oomi Oy,24,2026-04-24,not_exact_fixed_segment;not_FixedPrice
100295,Fortum Markets Oy,12,2026-04-24,not_exact_fixed_segment;not_FixedPrice
100301,Keravan Energia Oy,12,2026-04-24,not_exact_fixed_segment;not_FixedPrice
100310,Koillis-Satakunnan Sähkö Oy,12,2026-04-24,not_General
100312,Lammaisten Energia Oy,12,2026-04-24,not_exact_fixed_segment;not_FixedPrice;not_General
100318,Äänekosken Energia Oy,12,2026-04-24,not_General
100319,Koillis-Satakunnan Sähkö Oy,24,2026-04-24,not_exact_fixed_segment;not_FixedPrice
100333,Paneliankosken Voima Oy,24,2026-04-24,not_exact_fixed_segment;not_FixedPrice;not_General
100337,Alajärven Sähkö Oy,12,2026-04-24,not_General
100345,Keravan Energia Oy,24,2026-04-24,not_exact_fixed_segment;not_FixedPrice
100349,Pohjois-Karjalan Sähkö Oy,12,2026-04-24,not_General
100350,Oomi Oy,6,2026-04-24,not_exact_fixed_segment;not_FixedPrice
100351,Kokkolan Energia Oy,6,2026-04-24,not_exact_fixed_segment;not_FixedPrice
100356,Imatran Seudun Sähkö Oy,6,2026-04-24,not_exact_fixed_segment;not_FixedPrice
100360,Vaasan Sähkö Myynti Oy,12,2026-04-24,not_exact_fixed_segment;not_FixedPrice
100370,Lammaisten Energia Oy,12,2026-04-24,not_General
100371,Porvoon Energia Oy,12,2026-04-24,not_General
100372,Fortum Markets Oy,24,2026-04-24,not_exact_fixed_segment;not_FixedPrice
100377,Lammaisten Energia Oy,12,2026-04-24,not_exact_fixed_segment;not_FixedPrice
100378,Äänekosken Energia Oy,24,2026-04-24,not_General
100379,Köyliön-Säkylän Sähkö Oy,24,2026-04-24,not_General
100384,Köyliön-Säkylän Sähkö Oy,24,2026-04-24,not_General
100386,Lumme Energia,24,2026-04-24,not_exact_fixed_segment;not_FixedPrice
100390,Turku Energia Oy,12,2026-04-24,not_exact_fixed_segment;not_FixedPrice
100394,Pohjois-Karjalan Sähkö Oy,6,2026-04-24,not_General
100402,Vaasan Sähkö Myynti Oy,24,2026-04-24,not_General
100403,Äänekosken Energia Oy,24,2026-04-24,not_General
100408,Omavoima Oy,12,2026-04-24,not_General
100412,Oomi Oy,12,2026-04-24,not_exact_fixed_segment;not_FixedPrice
100417,Kokkolan Energia Oy,12,2026-04-24,not_exact_fixed_segment;not_FixedPrice
100421,Imatran Seudun Sähkö Oy,24,2026-04-24,not_exact_fixed_segment;not_FixedPrice
100422,Koillis-Satakunnan Sähkö Oy,12,2026-04-24,not_exact_fixed_segment;not_FixedPrice
100429,Omavoima Oy,12,2026-04-24,not_General
100430,Imatran Seudun Sähkö Oy,12,2026-04-24,not_exact_fixed_segment;not_FixedPrice
100432,Nordic Green Energy,24,2026-04-24,not_exact_fixed_segment;not_FixedPrice
100433,Paneliankosken Voima Oy,24,2026-04-24,not_exact_fixed_segment;not_FixedPrice
100434,Vaasan Sähkö Myynti Oy,6,2026-04-24,not_General
100436,Lammaisten Energia Oy,24,2026-04-24,not_exact_fixed_segment;not_FixedPrice
100452,Vaasan Sähkö Myynti Oy,24,2026-04-24,not_exact_fixed_segment;not_FixedPrice
100459,Lammaisten Energia Oy,12,2026-04-24,not_General
100463,Köyliön-Säkylän Sähkö Oy,12,2026-04-24,not_General
100468,Lammaisten Energia Oy,6,2026-04-24,not_exact_fixed_segment;not_FixedPrice;not_General
100474,Nordic Green Energy,12,2026-04-24,not_exact_fixed_segment;not_FixedPrice
100476,Köyliön-Säkylän Sähkö Oy,12,2026-04-24,not_General
100478,Omavoima Oy,24,2026-04-24,not_General
100480,Koillis-Satakunnan Sähkö Oy,24,2026-04-24,not_General
100481,Alajärven Sähkö Oy,24,2026-04-24,not_General
100483,Keravan Energia Oy,12,2026-04-24,not_exact_fixed_segment;not_FixedPrice
100485,Pohjois-Karjalan Sähkö Oy,24,2026-04-24,not_General
100487,Lammaisten Energia Oy,6,2026-04-24,not_General
100490,Porvoon Energia Oy,24,2026-04-24,not_General
100491,Lammaisten Energia Oy,6,2026-04-24,not_General
100498,Lammaisten Energia Oy,24,2026-04-24,not_exact_fixed_segment;not_FixedPrice;not_General
100503,Koillis-Satakunnan Sähkö Oy,12,2026-04-24,not_General
100504,Hehku Energia Oy,24,2026-04-24,not_exact_fixed_segment;not_FixedPrice
100506,Pohjois-Karjalan Sähkö Oy,12,2026-04-24,not_General
100509,Nordic Green Energy,24,2026-04-24,not_exact_fixed_segment;not_FixedPrice
100516,Äänekosken Energia Oy,12,2026-04-24,not_General
100520,Nurmijärven Sähkö Oy,12,2026-04-24,not_General
100521,Äänekosken Energia Oy,6,2026-04-24,not_General
100523,Vaasan Sähkö Myynti Oy,12,2026-04-24,not_General
100525,Omavoima Oy,24,2026-04-24,not_General
100528,Keravan Energia Oy,12,2026-04-24,not_exact_fixed_segment;not_FixedPrice
100529,Nurmijärven Sähkö Oy,24,2026-04-24,not_General
100533,Lammaisten Energia Oy,6,2026-04-24,not_exact_fixed_segment;not_FixedPrice
100534,Paneliankosken Voima Oy,12,2026-04-24,not_exact_fixed_segment;not_FixedPrice;not_General
100537,Paneliankosken Voima Oy,12,2026-04-24,not_General
100538,Lammaisten Energia Oy,6,2026-04-24,not_exact_fixed_segment;not_FixedPrice;not_General
100543,Porvoon Energia Oy,24,2026-04-24,not_General
100545,Lammaisten Energia Oy,24,2026-04-24,not_General
100547,Paneliankosken Voima Oy,12,2026-04-24,not_exact_fixed_segment;not_FixedPrice
100554,Lumme Energia,12,2026-04-24,not_exact_fixed_segment;not_FixedPrice
100562,Pohjois-Karjalan Sähkö Oy,6,2026-04-25,not_General
100564,Porvoon Energia Oy,24,2026-04-25,not_General
100565,Korpelan Energia Oy,24,2026-04-25,not_exact_fixed_segment;not_FixedPrice
100567,Hehku Energia Oy,12,2026-04-25,not_exact_fixed_segment;not_FixedPrice
100570,Keravan Energia Oy,24,2026-04-25,not_exact_fixed_segment;not_FixedPrice
100571,Nurmijärven Sähkö Oy,12,2026-04-25,not_General
100575,Paneliankosken Voima Oy,24,2026-04-25,not_General
100585,Lammaisten Energia Oy,12,2026-04-25,not_exact_fixed_segment;not_FixedPrice;not_General
100588,Nurmijärven Sähkö Oy,24,2026-04-25,not_General
100594,Lammaisten Energia Oy,24,2026-04-25,not_exact_fixed_segment;not_FixedPrice;not_General
100595,Pohjois-Karjalan Sähkö Oy,24,2026-04-25,not_General
100598,Koillis-Satakunnan Sähkö Oy,12,2026-04-25,not_General
100601,Porvoon Energia Oy,12,2026-04-25,not_General
100604,Omavoima Oy,24,2026-04-25,not_exact_fixed_segment;not_FixedPrice
100607,Nurmijärven Sähkö Oy,24,2026-04-25,not_General
100608,Koillis-Satakunnan Sähkö Oy,24,2026-04-25,not_General
100613,Vaasan Sähkö Myynti Oy,6,2026-04-25,not_exact_fixed_segment;not_FixedPrice
100614,Nordic Green Energy,12,2026-04-25,not_exact_fixed_segment;not_FixedPrice
100615,Lammaisten Energia Oy,24,2026-04-25,not_General
100616,Äänekosken Energia Oy,6,2026-04-25,not_General
100618,Korpelan Energia Oy,12,2026-04-25,not_exact_fixed_segment;not_FixedPrice
100619,Kokkolan Energia Oy,24,2026-04-25,not_exact_fixed_segment;not_FixedPrice
100626,Oomi Oy,24,2026-04-25,not_exact_fixed_segment;not_FixedPrice
100627,Fortum Markets Oy,12,2026-04-25,not_exact_fixed_segment;not_FixedPrice
100633,Keravan Energia Oy,12,2026-04-25,not_exact_fixed_segment;not_FixedPrice
100642,Koillis-Satakunnan Sähkö Oy,12,2026-04-25,not_General
100644,Lammaisten Energia Oy,12,2026-04-25,not_exact_fixed_segment;not_FixedPrice;not_General
100650,Äänekosken Energia Oy,12,2026-04-25,not_General
100651,Koillis-Satakunnan Sähkö Oy,24,2026-04-25,not_exact_fixed_segment;not_FixedPrice
100665,Paneliankosken Voima Oy,24,2026-04-25,not_exact_fixed_segment;not_FixedPrice;not_General
100669,Alajärven Sähkö Oy,12,2026-04-25,not_General
100677,Keravan Energia Oy,24,2026-04-25,not_exact_fixed_segment;not_FixedPrice
100681,Pohjois-Karjalan Sähkö Oy,12,2026-04-25,not_General
100682,Oomi Oy,6,2026-04-25,not_exact_fixed_segment;not_FixedPrice
100683,Kokkolan Energia Oy,6,2026-04-25,not_exact_fixed_segment;not_FixedPrice
100688,Imatran Seudun Sähkö Oy,6,2026-04-25,not_exact_fixed_segment;not_FixedPrice
100692,Vaasan Sähkö Myynti Oy,12,2026-04-25,not_exact_fixed_segment;not_FixedPrice
100702,Lammaisten Energia Oy,12,2026-04-25,not_General
100703,Porvoon Energia Oy,12,2026-04-25,not_General
100704,Fortum Markets Oy,24,2026-04-25,not_exact_fixed_segment;not_FixedPrice
100709,Lammaisten Energia Oy,12,2026-04-25,not_exact_fixed_segment;not_FixedPrice
100710,Äänekosken Energia Oy,24,2026-04-25,not_General
100711,Köyliön-Säkylän Sähkö Oy,24,2026-04-25,not_General
100716,Köyliön-Säkylän Sähkö Oy,24,2026-04-25,not_General
100718,Lumme Energia,24,2026-04-25,not_exact_fixed_segment;not_FixedPrice
100722,Turku Energia Oy,12,2026-04-25,not_exact_fixed_segment;not_FixedPrice
100726,Pohjois-Karjalan Sähkö Oy,6,2026-04-25,not_General
100734,Vaasan Sähkö Myynti Oy,24,2026-04-25,not_General
100735,Äänekosken Energia Oy,24,2026-04-25,not_General
100741,Omavoima Oy,12,2026-04-25,not_General
100745,Oomi Oy,12,2026-04-25,not_exact_fixed_segment;not_FixedPrice
100750,Kokkolan Energia Oy,12,2026-04-25,not_exact_fixed_segment;not_FixedPrice
100754,Imatran Seudun Sähkö Oy,24,2026-04-25,not_exact_fixed_segment;not_FixedPrice
100755,Koillis-Satakunnan Sähkö Oy,12,2026-04-25,not_exact_fixed_segment;not_FixedPrice
100762,Omavoima Oy,12,2026-04-25,not_General
100763,Imatran Seudun Sähkö Oy,12,2026-04-25,not_exact_fixed_segment;not_FixedPrice
100765,Nordic Green Energy,24,2026-04-25,not_exact_fixed_segment;not_FixedPrice
100766,Paneliankosken Voima Oy,24,2026-04-25,not_exact_fixed_segment;not_FixedPrice
100767,Vaasan Sähkö Myynti Oy,6,2026-04-25,not_General
100769,Lammaisten Energia Oy,24,2026-04-25,not_exact_fixed_segment;not_FixedPrice
100785,Vaasan Sähkö Myynti Oy,24,2026-04-25,not_exact_fixed_segment;not_FixedPrice
100792,Lammaisten Energia Oy,12,2026-04-25,not_General
100796,Köyliön-Säkylän Sähkö Oy,12,2026-04-25,not_General
100801,Lammaisten Energia Oy,6,2026-04-25,not_exact_fixed_segment;not_FixedPrice;not_General
100807,Nordic Green Energy,12,2026-04-25,not_exact_fixed_segment;not_FixedPrice
100809,Köyliön-Säkylän Sähkö Oy,12,2026-04-25,not_General
100811,Omavoima Oy,24,2026-04-25,not_General
100813,Koillis-Satakunnan Sähkö Oy,24,2026-04-25,not_General
100814,Alajärven Sähkö Oy,24,2026-04-25,not_General
100816,Keravan Energia Oy,12,2026-04-25,not_exact_fixed_segment;not_FixedPrice
100818,Pohjois-Karjalan Sähkö Oy,24,2026-04-25,not_General
100820,Lammaisten Energia Oy,6,2026-04-25,not_General
100823,Porvoon Energia Oy,24,2026-04-25,not_General
100824,Lammaisten Energia Oy,6,2026-04-25,not_General
100832,Lammaisten Energia Oy,24,2026-04-25,not_exact_fixed_segment;not_FixedPrice;not_General
100837,Koillis-Satakunnan Sähkö Oy,12,2026-04-25,not_General
100838,Hehku Energia Oy,24,2026-04-25,not_exact_fixed_segment;not_FixedPrice
100840,Pohjois-Karjalan Sähkö Oy,12,2026-04-25,not_General
100843,Nordic Green Energy,24,2026-04-25,not_exact_fixed_segment;not_FixedPrice
100850,Äänekosken Energia Oy,12,2026-04-25,not_General
100854,Nurmijärven Sähkö Oy,12,2026-04-25,not_General
100855,Äänekosken Energia Oy,6,2026-04-25,not_General
100857,Vaasan Sähkö Myynti Oy,12,2026-04-25,not_General
100859,Omavoima Oy,24,2026-04-25,not_General
100862,Keravan Energia Oy,12,2026-04-25,not_exact_fixed_segment;not_FixedPrice
100863,Nurmijärven Sähkö Oy,24,2026-04-25,not_General
100867,Lammaisten Energia Oy,6,2026-04-25,not_exact_fixed_segment;not_FixedPrice
100868,Paneliankosken Voima Oy,12,2026-04-25,not_exact_fixed_segment;not_FixedPrice;not_General
100871,Paneliankosken Voima Oy,12,2026-04-25,not_General
100872,Lammaisten Energia Oy,6,2026-04-25,not_exact_fixed_segment;not_FixedPrice;not_General
100877,Porvoon Energia Oy,24,2026-04-25,not_General
100879,Lammaisten Energia Oy,24,2026-04-25,not_General
100881,Paneliankosken Voima Oy,12,2026-04-25,not_exact_fixed_segment;not_FixedPrice
100887,Lumme Energia,12,2026-04-25,not_exact_fixed_segment;not_FixedPrice
100895,Pohjois-Karjalan Sähkö Oy,6,2026-04-26,not_General
100897,Porvoon Energia Oy,24,2026-04-26,not_General
100898,Korpelan Energia Oy,24,2026-04-26,not_exact_fixed_segment;not_FixedPrice
100900,Hehku Energia Oy,12,2026-04-26,not_exact_fixed_segment;not_FixedPrice
100903,Keravan Energia Oy,24,2026-04-26,not_exact_fixed_segment;not_FixedPrice
100904,Nurmijärven Sähkö Oy,12,2026-04-26,not_General
100908,Paneliankosken Voima Oy,24,2026-04-26,not_General
100918,Lammaisten Energia Oy,12,2026-04-26,not_exact_fixed_segment;not_FixedPrice;not_General
100921,Nurmijärven Sähkö Oy,24,2026-04-26,not_General
100927,Lammaisten Energia Oy,24,2026-04-26,not_exact_fixed_segment;not_FixedPrice;not_General
100928,Pohjois-Karjalan Sähkö Oy,24,2026-04-26,not_General
100931,Koillis-Satakunnan Sähkö Oy,12,2026-04-26,not_General
100934,Porvoon Energia Oy,12,2026-04-26,not_General
100937,Omavoima Oy,24,2026-04-26,not_exact_fixed_segment;not_FixedPrice
100940,Nurmijärven Sähkö Oy,24,2026-04-26,not_General
100941,Koillis-Satakunnan Sähkö Oy,24,2026-04-26,not_General
100946,Vaasan Sähkö Myynti Oy,6,2026-04-26,not_exact_fixed_segment;not_FixedPrice
100947,Nordic Green Energy,12,2026-04-26,not_exact_fixed_segment;not_FixedPrice
100948,Lammaisten Energia Oy,24,2026-04-26,not_General
100949,Äänekosken Energia Oy,6,2026-04-26,not_General
100951,Korpelan Energia Oy,12,2026-04-26,not_exact_fixed_segment;not_FixedPrice
100952,Kokkolan Energia Oy,24,2026-04-26,not_exact_fixed_segment;not_FixedPrice
100959,Oomi Oy,24,2026-04-26,not_exact_fixed_segment;not_FixedPrice
100960,Fortum Markets Oy,12,2026-04-26,not_exact_fixed_segment;not_FixedPrice
100966,Keravan Energia Oy,12,2026-04-26,not_exact_fixed_segment;not_FixedPrice
100975,Koillis-Satakunnan Sähkö Oy,12,2026-04-26,not_General
100977,Lammaisten Energia Oy,12,2026-04-26,not_exact_fixed_segment;not_FixedPrice;not_General
100983,Äänekosken Energia Oy,12,2026-04-26,not_General
100984,Koillis-Satakunnan Sähkö Oy,24,2026-04-26,not_exact_fixed_segment;not_FixedPrice
100998,Paneliankosken Voima Oy,24,2026-04-26,not_exact_fixed_segment;not_FixedPrice;not_General
101002,Alajärven Sähkö Oy,12,2026-04-26,not_General
101010,Keravan Energia Oy,24,2026-04-26,not_exact_fixed_segment;not_FixedPrice
101014,Pohjois-Karjalan Sähkö Oy,12,2026-04-26,not_General
101015,Oomi Oy,6,2026-04-26,not_exact_fixed_segment;not_FixedPrice
101016,Kokkolan Energia Oy,6,2026-04-26,not_exact_fixed_segment;not_FixedPrice
101021,Imatran Seudun Sähkö Oy,6,2026-04-26,not_exact_fixed_segment;not_FixedPrice
101025,Vaasan Sähkö Myynti Oy,12,2026-04-26,not_exact_fixed_segment;not_FixedPrice
101035,Lammaisten Energia Oy,12,2026-04-26,not_General
101036,Porvoon Energia Oy,12,2026-04-26,not_General
101037,Fortum Markets Oy,24,2026-04-26,not_exact_fixed_segment;not_FixedPrice
101042,Lammaisten Energia Oy,12,2026-04-26,not_exact_fixed_segment;not_FixedPrice
101043,Äänekosken Energia Oy,24,2026-04-26,not_General
101044,Köyliön-Säkylän Sähkö Oy,24,2026-04-26,not_General
101049,Köyliön-Säkylän Sähkö Oy,24,2026-04-26,not_General
101051,Lumme Energia,24,2026-04-26,not_exact_fixed_segment;not_FixedPrice
101055,Turku Energia Oy,12,2026-04-26,not_exact_fixed_segment;not_FixedPrice
101059,Pohjois-Karjalan Sähkö Oy,6,2026-04-26,not_General
101067,Vaasan Sähkö Myynti Oy,24,2026-04-26,not_General
101068,Äänekosken Energia Oy,24,2026-04-26,not_General
101074,Omavoima Oy,12,2026-04-26,not_General
101078,Oomi Oy,12,2026-04-26,not_exact_fixed_segment;not_FixedPrice
101083,Kokkolan Energia Oy,12,2026-04-26,not_exact_fixed_segment;not_FixedPrice
101087,Imatran Seudun Sähkö Oy,24,2026-04-26,not_exact_fixed_segment;not_FixedPrice
101088,Koillis-Satakunnan Sähkö Oy,12,2026-04-26,not_exact_fixed_segment;not_FixedPrice
101095,Omavoima Oy,12,2026-04-26,not_General
101096,Imatran Seudun Sähkö Oy,12,2026-04-26,not_exact_fixed_segment;not_FixedPrice
101098,Nordic Green Energy,24,2026-04-26,not_exact_fixed_segment;not_FixedPrice
101099,Paneliankosken Voima Oy,24,2026-04-26,not_exact_fixed_segment;not_FixedPrice
101100,Vaasan Sähkö Myynti Oy,6,2026-04-26,not_General
101102,Lammaisten Energia Oy,24,2026-04-26,not_exact_fixed_segment;not_FixedPrice
101118,Vaasan Sähkö Myynti Oy,24,2026-04-26,not_exact_fixed_segment;not_FixedPrice
101125,Lammaisten Energia Oy,12,2026-04-26,not_General
101129,Köyliön-Säkylän Sähkö Oy,12,2026-04-26,not_General
101134,Lammaisten Energia Oy,6,2026-04-26,not_exact_fixed_segment;not_FixedPrice;not_General
101140,Nordic Green Energy,12,2026-04-26,not_exact_fixed_segment;not_FixedPrice
101142,Köyliön-Säkylän Sähkö Oy,12,2026-04-26,not_General
101144,Omavoima Oy,24,2026-04-26,not_General
101146,Koillis-Satakunnan Sähkö Oy,24,2026-04-26,not_General
101147,Alajärven Sähkö Oy,24,2026-04-26,not_General
101149,Keravan Energia Oy,12,2026-04-26,not_exact_fixed_segment;not_FixedPrice
101151,Pohjois-Karjalan Sähkö Oy,24,2026-04-26,not_General
101153,Lammaisten Energia Oy,6,2026-04-26,not_General
101156,Porvoon Energia Oy,24,2026-04-26,not_General
101157,Lammaisten Energia Oy,6,2026-04-26,not_General
101165,Lammaisten Energia Oy,24,2026-04-26,not_exact_fixed_segment;not_FixedPrice;not_General
101170,Koillis-Satakunnan Sähkö Oy,12,2026-04-26,not_General
101171,Hehku Energia Oy,24,2026-04-26,not_exact_fixed_segment;not_FixedPrice
101173,Pohjois-Karjalan Sähkö Oy,12,2026-04-26,not_General
101176,Nordic Green Energy,24,2026-04-26,not_exact_fixed_segment;not_FixedPrice
101183,Äänekosken Energia Oy,12,2026-04-26,not_General
101187,Nurmijärven Sähkö Oy,12,2026-04-26,not_General
101188,Äänekosken Energia Oy,6,2026-04-26,not_General
101190,Vaasan Sähkö Myynti Oy,12,2026-04-26,not_General
101192,Omavoima Oy,24,2026-04-26,not_General
101195,Keravan Energia Oy,12,2026-04-26,not_exact_fixed_segment;not_FixedPrice
101196,Nurmijärven Sähkö Oy,24,2026-04-26,not_General
101200,Lammaisten Energia Oy,6,2026-04-26,not_exact_fixed_segment;not_FixedPrice
101201,Paneliankosken Voima Oy,12,2026-04-26,not_exact_fixed_segment;not_FixedPrice;not_General
101204,Paneliankosken Voima Oy,12,2026-04-26,not_General
101205,Lammaisten Energia Oy,6,2026-04-26,not_exact_fixed_segment;not_FixedPrice;not_General
101210,Porvoon Energia Oy,24,2026-04-26,not_General
101212,Lammaisten Energia Oy,24,2026-04-26,not_General
101214,Paneliankosken Voima Oy,12,2026-04-26,not_exact_fixed_segment;not_FixedPrice
101220,Lumme Energia,12,2026-04-26,not_exact_fixed_segment;not_FixedPrice
101228,Pohjois-Karjalan Sähkö Oy,6,2026-04-27,not_General
101230,Porvoon Energia Oy,24,2026-04-27,not_General
101231,Korpelan Energia Oy,24,2026-04-27,not_exact_fixed_segment;not_FixedPrice
101233,Hehku Energia Oy,12,2026-04-27,not_exact_fixed_segment;not_FixedPrice
101236,Keravan Energia Oy,24,2026-04-27,not_exact_fixed_segment;not_FixedPrice
101237,Nurmijärven Sähkö Oy,12,2026-04-27,not_General
101241,Paneliankosken Voima Oy,24,2026-04-27,not_General
101251,Lammaisten Energia Oy,12,2026-04-27,not_exact_fixed_segment;not_FixedPrice;not_General
101254,Nurmijärven Sähkö Oy,24,2026-04-27,not_General
101260,Lammaisten Energia Oy,24,2026-04-27,not_exact_fixed_segment;not_FixedPrice;not_General
101261,Pohjois-Karjalan Sähkö Oy,24,2026-04-27,not_General
101264,Koillis-Satakunnan Sähkö Oy,12,2026-04-27,not_General
101267,Porvoon Energia Oy,12,2026-04-27,not_General
101270,Omavoima Oy,24,2026-04-27,not_exact_fixed_segment;not_FixedPrice
101273,Nurmijärven Sähkö Oy,24,2026-04-27,not_General
101274,Koillis-Satakunnan Sähkö Oy,24,2026-04-27,not_General
101279,Vaasan Sähkö Myynti Oy,6,2026-04-27,not_exact_fixed_segment;not_FixedPrice
101280,Nordic Green Energy,12,2026-04-27,not_exact_fixed_segment;not_FixedPrice
101281,Oomi Oy,24,2026-04-27,not_exact_fixed_segment;not_FixedPrice
101282,Lammaisten Energia Oy,24,2026-04-27,not_General
101283,Äänekosken Energia Oy,6,2026-04-27,not_General
101285,Korpelan Energia Oy,12,2026-04-27,not_exact_fixed_segment;not_FixedPrice
101286,Kokkolan Energia Oy,24,2026-04-27,not_exact_fixed_segment;not_FixedPrice
101293,Fortum Markets Oy,12,2026-04-27,not_exact_fixed_segment;not_FixedPrice
101299,Keravan Energia Oy,12,2026-04-27,not_exact_fixed_segment;not_FixedPrice
101308,Koillis-Satakunnan Sähkö Oy,12,2026-04-27,not_General
101310,Lammaisten Energia Oy,12,2026-04-27,not_exact_fixed_segment;not_FixedPrice;not_General
101316,Äänekosken Energia Oy,12,2026-04-27,not_General
101317,Koillis-Satakunnan Sähkö Oy,24,2026-04-27,not_exact_fixed_segment;not_FixedPrice
101331,Paneliankosken Voima Oy,24,2026-04-27,not_exact_fixed_segment;not_FixedPrice;not_General
101335,Alajärven Sähkö Oy,12,2026-04-27,not_General
101344,Keravan Energia Oy,24,2026-04-27,not_exact_fixed_segment;not_FixedPrice
101348,Pohjois-Karjalan Sähkö Oy,12,2026-04-27,not_General
101349,Oomi Oy,6,2026-04-27,not_exact_fixed_segment;not_FixedPrice
101350,Kokkolan Energia Oy,6,2026-04-27,not_exact_fixed_segment;not_FixedPrice
101355,Imatran Seudun Sähkö Oy,6,2026-04-27,not_exact_fixed_segment;not_FixedPrice
101359,Vaasan Sähkö Myynti Oy,12,2026-04-27,not_exact_fixed_segment;not_FixedPrice
101369,Lammaisten Energia Oy,12,2026-04-27,not_General
101370,Porvoon Energia Oy,12,2026-04-27,not_General
101371,Fortum Markets Oy,24,2026-04-27,not_exact_fixed_segment;not_FixedPrice
101376,Lammaisten Energia Oy,12,2026-04-27,not_exact_fixed_segment;not_FixedPrice
101377,Äänekosken Energia Oy,24,2026-04-27,not_General
101378,Köyliön-Säkylän Sähkö Oy,24,2026-04-27,not_General
101384,Köyliön-Säkylän Sähkö Oy,24,2026-04-27,not_General
101386,Lumme Energia,24,2026-04-27,not_exact_fixed_segment;not_FixedPrice
101390,Turku Energia Oy,12,2026-04-27,not_exact_fixed_segment;not_FixedPrice
101394,Pohjois-Karjalan Sähkö Oy,6,2026-04-27,not_General
101403,Vaasan Sähkö Myynti Oy,24,2026-04-27,not_General
101404,Äänekosken Energia Oy,24,2026-04-27,not_General
101409,Omavoima Oy,12,2026-04-27,not_General
101413,Oomi Oy,12,2026-04-27,not_exact_fixed_segment;not_FixedPrice
101418,Kokkolan Energia Oy,12,2026-04-27,not_exact_fixed_segment;not_FixedPrice
101422,Imatran Seudun Sähkö Oy,24,2026-04-27,not_exact_fixed_segment;not_FixedPrice
101423,Koillis-Satakunnan Sähkö Oy,12,2026-04-27,not_exact_fixed_segment;not_FixedPrice
101430,Omavoima Oy,12,2026-04-27,not_General
101431,Imatran Seudun Sähkö Oy,12,2026-04-27,not_exact_fixed_segment;not_FixedPrice
101433,Nordic Green Energy,24,2026-04-27,not_exact_fixed_segment;not_FixedPrice
101434,Paneliankosken Voima Oy,24,2026-04-27,not_exact_fixed_segment;not_FixedPrice
101435,Vaasan Sähkö Myynti Oy,6,2026-04-27,not_General
101437,Lammaisten Energia Oy,24,2026-04-27,not_exact_fixed_segment;not_FixedPrice
101453,Vaasan Sähkö Myynti Oy,24,2026-04-27,not_exact_fixed_segment;not_FixedPrice
101460,Lammaisten Energia Oy,12,2026-04-27,not_General
101464,Köyliön-Säkylän Sähkö Oy,12,2026-04-27,not_General
101469,Lammaisten Energia Oy,6,2026-04-27,not_exact_fixed_segment;not_FixedPrice;not_General
101474,Nordic Green Energy,12,2026-04-27,not_exact_fixed_segment;not_FixedPrice
101476,Köyliön-Säkylän Sähkö Oy,12,2026-04-27,not_General
101478,Omavoima Oy,24,2026-04-27,not_General
101480,Koillis-Satakunnan Sähkö Oy,24,2026-04-27,not_General
101481,Alajärven Sähkö Oy,24,2026-04-27,not_General
101483,Keravan Energia Oy,12,2026-04-27,not_exact_fixed_segment;not_FixedPrice
101485,Pohjois-Karjalan Sähkö Oy,24,2026-04-27,not_General
101487,Lammaisten Energia Oy,6,2026-04-27,not_General
101490,Porvoon Energia Oy,24,2026-04-27,not_General
101491,Lammaisten Energia Oy,6,2026-04-27,not_General
101499,Lammaisten Energia Oy,24,2026-04-27,not_exact_fixed_segment;not_FixedPrice;not_General
101504,Koillis-Satakunnan Sähkö Oy,12,2026-04-27,not_General
101505,Hehku Energia Oy,24,2026-04-27,not_exact_fixed_segment;not_FixedPrice
101507,Pohjois-Karjalan Sähkö Oy,12,2026-04-27,not_General
101510,Nordic Green Energy,24,2026-04-27,not_exact_fixed_segment;not_FixedPrice
101516,Äänekosken Energia Oy,12,2026-04-27,not_General
101520,Nurmijärven Sähkö Oy,12,2026-04-27,not_General
101521,Äänekosken Energia Oy,6,2026-04-27,not_General
101523,Vaasan Sähkö Myynti Oy,12,2026-04-27,not_General
101525,Omavoima Oy,24,2026-04-27,not_General
101528,Keravan Energia Oy,12,2026-04-27,not_exact_fixed_segment;not_FixedPrice
101529,Nurmijärven Sähkö Oy,24,2026-04-27,not_General
101533,Lammaisten Energia Oy,6,2026-04-27,not_exact_fixed_segment;not_FixedPrice
101534,Paneliankosken Voima Oy,12,2026-04-27,not_exact_fixed_segment;not_FixedPrice;not_General
101537,Paneliankosken Voima Oy,12,2026-04-27,not_General
101538,Lammaisten Energia Oy,6,2026-04-27,not_exact_fixed_segment;not_FixedPrice;not_General
101543,Porvoon Energia Oy,24,2026-04-27,not_General
101545,Lammaisten Energia Oy,24,2026-04-27,not_General
101547,Paneliankosken Voima Oy,12,2026-04-27,not_exact_fixed_segment;not_FixedPrice
101553,Lumme Energia,12,2026-04-27,not_exact_fixed_segment;not_FixedPrice
101561,Pohjois-Karjalan Sähkö Oy,6,2026-04-28,not_General
101563,Porvoon Energia Oy,24,2026-04-28,not_General
101564,Korpelan Energia Oy,24,2026-04-28,not_exact_fixed_segment;not_FixedPrice
101566,Hehku Energia Oy,12,2026-04-28,not_exact_fixed_segment;not_FixedPrice
101569,Keravan Energia Oy,24,2026-04-28,not_exact_fixed_segment;not_FixedPrice
101570,Nurmijärven Sähkö Oy,12,2026-04-28,not_General
101574,Paneliankosken Voima Oy,24,2026-04-28,not_General
101585,Lammaisten Energia Oy,12,2026-04-28,not_exact_fixed_segment;not_FixedPrice;not_General
101588,Nurmijärven Sähkö Oy,24,2026-04-28,not_General
101595,Lammaisten Energia Oy,24,2026-04-28,not_exact_fixed_segment;not_FixedPrice;not_General
101596,Pohjois-Karjalan Sähkö Oy,24,2026-04-28,not_General
101599,Koillis-Satakunnan Sähkö Oy,12,2026-04-28,not_General
101602,Porvoon Energia Oy,12,2026-04-28,not_General
101605,Omavoima Oy,24,2026-04-28,not_exact_fixed_segment;not_FixedPrice
101607,Nurmijärven Sähkö Oy,24,2026-04-28,not_General
101608,Koillis-Satakunnan Sähkö Oy,24,2026-04-28,not_General
101609,Helen Oy,12,2026-04-28,not_exact_fixed_segment;not_FixedPrice
101614,Vaasan Sähkö Myynti Oy,6,2026-04-28,not_exact_fixed_segment;not_FixedPrice
101615,Nordic Green Energy,12,2026-04-28,not_exact_fixed_segment;not_FixedPrice
101616,Oomi Oy,24,2026-04-28,not_exact_fixed_segment;not_FixedPrice
101617,Lammaisten Energia Oy,24,2026-04-28,not_General
101618,Äänekosken Energia Oy,6,2026-04-28,not_General
101620,Korpelan Energia Oy,12,2026-04-28,not_exact_fixed_segment;not_FixedPrice
101621,Kokkolan Energia Oy,24,2026-04-28,not_exact_fixed_segment;not_FixedPrice
101627,Fortum Markets Oy,12,2026-04-28,not_exact_fixed_segment;not_FixedPrice
101633,Keravan Energia Oy,12,2026-04-28,not_exact_fixed_segment;not_FixedPrice
101642,Koillis-Satakunnan Sähkö Oy,12,2026-04-28,not_General
101644,Lammaisten Energia Oy,12,2026-04-28,not_exact_fixed_segment;not_FixedPrice;not_General
101649,Äänekosken Energia Oy,12,2026-04-28,not_General
101650,Koillis-Satakunnan Sähkö Oy,24,2026-04-28,not_exact_fixed_segment;not_FixedPrice
101665,Paneliankosken Voima Oy,24,2026-04-28,not_exact_fixed_segment;not_FixedPrice;not_General
101669,Alajärven Sähkö Oy,12,2026-04-28,not_General
101675,Lumme Energia,24,2026-04-28,not_exact_fixed_segment;not_FixedPrice
101680,Keravan Energia Oy,24,2026-04-28,not_exact_fixed_segment;not_FixedPrice
101684,Pohjois-Karjalan Sähkö Oy,12,2026-04-28,not_General
101685,Oomi Oy,6,2026-04-28,not_exact_fixed_segment;not_FixedPrice
101686,Kokkolan Energia Oy,6,2026-04-28,not_exact_fixed_segment;not_FixedPrice
101691,Imatran Seudun Sähkö Oy,6,2026-04-28,not_exact_fixed_segment;not_FixedPrice
101695,Vaasan Sähkö Myynti Oy,12,2026-04-28,not_exact_fixed_segment;not_FixedPrice
101701,Lumme Energia,12,2026-04-28,not_exact_fixed_segment;not_FixedPrice
101706,Lammaisten Energia Oy,12,2026-04-28,not_General
101707,Porvoon Energia Oy,12,2026-04-28,not_General
101708,Fortum Markets Oy,24,2026-04-28,not_exact_fixed_segment;not_FixedPrice
101712,Lammaisten Energia Oy,12,2026-04-28,not_exact_fixed_segment;not_FixedPrice
101713,Äänekosken Energia Oy,24,2026-04-28,not_General
101714,Köyliön-Säkylän Sähkö Oy,24,2026-04-28,not_General
101721,Köyliön-Säkylän Sähkö Oy,24,2026-04-28,not_General
101726,Turku Energia Oy,12,2026-04-28,not_exact_fixed_segment;not_FixedPrice
101730,Pohjois-Karjalan Sähkö Oy,6,2026-04-28,not_General
101739,Vaasan Sähkö Myynti Oy,24,2026-04-28,not_General
101740,Äänekosken Energia Oy,24,2026-04-28,not_General
101745,Omavoima Oy,12,2026-04-28,not_General
101749,Oomi Oy,12,2026-04-28,not_exact_fixed_segment;not_FixedPrice
101754,Kokkolan Energia Oy,12,2026-04-28,not_exact_fixed_segment;not_FixedPrice
101758,Imatran Seudun Sähkö Oy,24,2026-04-28,not_exact_fixed_segment;not_FixedPrice
101759,Koillis-Satakunnan Sähkö Oy,12,2026-04-28,not_exact_fixed_segment;not_FixedPrice
101766,Omavoima Oy,12,2026-04-28,not_General
101767,Imatran Seudun Sähkö Oy,12,2026-04-28,not_exact_fixed_segment;not_FixedPrice
101769,Nordic Green Energy,24,2026-04-28,not_exact_fixed_segment;not_FixedPrice
101770,Paneliankosken Voima Oy,24,2026-04-28,not_exact_fixed_segment;not_FixedPrice
101771,Vaasan Sähkö Myynti Oy,6,2026-04-28,not_General
101773,Lammaisten Energia Oy,24,2026-04-28,not_exact_fixed_segment;not_FixedPrice
101788,Vaasan Sähkö Myynti Oy,24,2026-04-28,not_exact_fixed_segment;not_FixedPrice
101795,Lammaisten Energia Oy,12,2026-04-28,not_General
101799,Köyliön-Säkylän Sähkö Oy,12,2026-04-28,not_General
101804,Lammaisten Energia Oy,6,2026-04-28,not_exact_fixed_segment;not_FixedPrice;not_General
101809,Nordic Green Energy,12,2026-04-28,not_exact_fixed_segment;not_FixedPrice
101811,Köyliön-Säkylän Sähkö Oy,12,2026-04-28,not_General
101813,Omavoima Oy,24,2026-04-28,not_General
101815,Koillis-Satakunnan Sähkö Oy,24,2026-04-28,not_General
101816,Alajärven Sähkö Oy,24,2026-04-28,not_General
101818,Helen Oy,24,2026-04-28,not_exact_fixed_segment;not_FixedPrice
101819,Keravan Energia Oy,12,2026-04-28,not_exact_fixed_segment;not_FixedPrice
101821,Pohjois-Karjalan Sähkö Oy,24,2026-04-28,not_General
101823,Lammaisten Energia Oy,6,2026-04-28,not_General
101826,Porvoon Energia Oy,24,2026-04-28,not_General
101827,Lammaisten Energia Oy,6,2026-04-28,not_General
101834,Lammaisten Energia Oy,24,2026-04-28,not_exact_fixed_segment;not_FixedPrice;not_General
101839,Koillis-Satakunnan Sähkö Oy,12,2026-04-28,not_General
101840,Hehku Energia Oy,24,2026-04-28,not_exact_fixed_segment;not_FixedPrice
101842,Pohjois-Karjalan Sähkö Oy,12,2026-04-28,not_General
101845,Nordic Green Energy,24,2026-04-28,not_exact_fixed_segment;not_FixedPrice
101851,Äänekosken Energia Oy,12,2026-04-28,not_General
101855,Nurmijärven Sähkö Oy,12,2026-04-28,not_General
101856,Äänekosken Energia Oy,6,2026-04-28,not_General
101858,Vaasan Sähkö Myynti Oy,12,2026-04-28,not_General
101860,Omavoima Oy,24,2026-04-28,not_General
101863,Keravan Energia Oy,12,2026-04-28,not_exact_fixed_segment;not_FixedPrice
101864,Nurmijärven Sähkö Oy,24,2026-04-28,not_General
101868,Lammaisten Energia Oy,6,2026-04-28,not_exact_fixed_segment;not_FixedPrice
101869,Paneliankosken Voima Oy,12,2026-04-28,not_exact_fixed_segment;not_FixedPrice;not_General
101872,Paneliankosken Voima Oy,12,2026-04-28,not_General
101873,Lammaisten Energia Oy,6,2026-04-28,not_exact_fixed_segment;not_FixedPrice;not_General
101878,Porvoon Energia Oy,24,2026-04-28,not_General
101880,Lammaisten Energia Oy,24,2026-04-28,not_General
101882,Paneliankosken Voima Oy,12,2026-04-28,not_exact_fixed_segment;not_FixedPrice
101896,Pohjois-Karjalan Sähkö Oy,6,2026-04-29,not_General
101898,Porvoon Energia Oy,24,2026-04-29,not_General
101899,Korpelan Energia Oy,24,2026-04-29,not_exact_fixed_segment;not_FixedPrice
101901,Hehku Energia Oy,12,2026-04-29,not_exact_fixed_segment;not_FixedPrice
101904,Keravan Energia Oy,24,2026-04-29,not_exact_fixed_segment;not_FixedPrice
101905,Nurmijärven Sähkö Oy,12,2026-04-29,not_General
101909,Paneliankosken Voima Oy,24,2026-04-29,not_General
101919,Lammaisten Energia Oy,12,2026-04-29,not_exact_fixed_segment;not_FixedPrice;not_General
101922,Nurmijärven Sähkö Oy,24,2026-04-29,not_General
101929,Lammaisten Energia Oy,24,2026-04-29,not_exact_fixed_segment;not_FixedPrice;not_General
101930,Pohjois-Karjalan Sähkö Oy,24,2026-04-29,not_General
101933,Koillis-Satakunnan Sähkö Oy,12,2026-04-29,not_General
101936,Porvoon Energia Oy,12,2026-04-29,not_General
101939,Omavoima Oy,24,2026-04-29,not_exact_fixed_segment;not_FixedPrice
101941,Nurmijärven Sähkö Oy,24,2026-04-29,not_General
101942,Koillis-Satakunnan Sähkö Oy,24,2026-04-29,not_General
101943,Helen Oy,12,2026-04-29,not_exact_fixed_segment;not_FixedPrice
101948,Vaasan Sähkö Myynti Oy,6,2026-04-29,not_exact_fixed_segment;not_FixedPrice
101949,Nordic Green Energy,12,2026-04-29,not_exact_fixed_segment;not_FixedPrice
101950,Oomi Oy,24,2026-04-29,not_exact_fixed_segment;not_FixedPrice
101951,Lammaisten Energia Oy,24,2026-04-29,not_General
101952,Äänekosken Energia Oy,6,2026-04-29,not_General
101954,Korpelan Energia Oy,12,2026-04-29,not_exact_fixed_segment;not_FixedPrice
101955,Kokkolan Energia Oy,24,2026-04-29,not_exact_fixed_segment;not_FixedPrice
101961,Fortum Markets Oy,12,2026-04-29,not_exact_fixed_segment;not_FixedPrice
101967,Keravan Energia Oy,12,2026-04-29,not_exact_fixed_segment;not_FixedPrice
101977,Koillis-Satakunnan Sähkö Oy,12,2026-04-29,not_General
101979,Lammaisten Energia Oy,12,2026-04-29,not_exact_fixed_segment;not_FixedPrice;not_General
101984,Äänekosken Energia Oy,12,2026-04-29,not_General
101985,Koillis-Satakunnan Sähkö Oy,24,2026-04-29,not_exact_fixed_segment;not_FixedPrice
101991,Lumme Energia,24,2026-04-29,not_exact_fixed_segment;not_FixedPrice
102000,Paneliankosken Voima Oy,24,2026-04-29,not_exact_fixed_segment;not_FixedPrice;not_General
102004,Alajärven Sähkö Oy,12,2026-04-29,not_General
102014,Keravan Energia Oy,24,2026-04-29,not_exact_fixed_segment;not_FixedPrice
102018,Pohjois-Karjalan Sähkö Oy,12,2026-04-29,not_General
102019,Oomi Oy,6,2026-04-29,not_exact_fixed_segment;not_FixedPrice
102020,Kokkolan Energia Oy,6,2026-04-29,not_exact_fixed_segment;not_FixedPrice
102025,Imatran Seudun Sähkö Oy,6,2026-04-29,not_exact_fixed_segment;not_FixedPrice
102027,Imatran Seudun Sähkö Oy,12,2026-04-29,not_exact_fixed_segment;not_FixedPrice
102030,Vaasan Sähkö Myynti Oy,12,2026-04-29,not_exact_fixed_segment;not_FixedPrice
102036,Lumme Energia,12,2026-04-29,not_exact_fixed_segment;not_FixedPrice
102040,Imatran Seudun Sähkö Oy,24,2026-04-29,not_exact_fixed_segment;not_FixedPrice
102042,Lammaisten Energia Oy,12,2026-04-29,not_General
102043,Porvoon Energia Oy,12,2026-04-29,not_General
102044,Fortum Markets Oy,24,2026-04-29,not_exact_fixed_segment;not_FixedPrice
102048,Lammaisten Energia Oy,12,2026-04-29,not_exact_fixed_segment;not_FixedPrice
102049,Äänekosken Energia Oy,24,2026-04-29,not_General
102050,Köyliön-Säkylän Sähkö Oy,24,2026-04-29,not_General
102056,Köyliön-Säkylän Sähkö Oy,24,2026-04-29,not_General
102061,Turku Energia Oy,12,2026-04-29,not_exact_fixed_segment;not_FixedPrice
102065,Pohjois-Karjalan Sähkö Oy,6,2026-04-29,not_General
102074,Vaasan Sähkö Myynti Oy,24,2026-04-29,not_General
102075,Äänekosken Energia Oy,24,2026-04-29,not_General
102080,Omavoima Oy,12,2026-04-29,not_General
102084,Oomi Oy,12,2026-04-29,not_exact_fixed_segment;not_FixedPrice
102089,Kokkolan Energia Oy,12,2026-04-29,not_exact_fixed_segment;not_FixedPrice
102093,Koillis-Satakunnan Sähkö Oy,12,2026-04-29,not_exact_fixed_segment;not_FixedPrice
102100,Omavoima Oy,12,2026-04-29,not_General
102102,Nordic Green Energy,24,2026-04-29,not_exact_fixed_segment;not_FixedPrice
102103,Paneliankosken Voima Oy,24,2026-04-29,not_exact_fixed_segment;not_FixedPrice
102104,Vaasan Sähkö Myynti Oy,6,2026-04-29,not_General
102106,Lammaisten Energia Oy,24,2026-04-29,not_exact_fixed_segment;not_FixedPrice
102121,Vaasan Sähkö Myynti Oy,24,2026-04-29,not_exact_fixed_segment;not_FixedPrice
102129,Lammaisten Energia Oy,12,2026-04-29,not_General
102133,Köyliön-Säkylän Sähkö Oy,12,2026-04-29,not_General
102138,Lammaisten Energia Oy,6,2026-04-29,not_exact_fixed_segment;not_FixedPrice;not_General
102143,Nordic Green Energy,12,2026-04-29,not_exact_fixed_segment;not_FixedPrice
102145,Köyliön-Säkylän Sähkö Oy,12,2026-04-29,not_General
102147,Omavoima Oy,24,2026-04-29,not_General
102149,Koillis-Satakunnan Sähkö Oy,24,2026-04-29,not_General
102150,Alajärven Sähkö Oy,24,2026-04-29,not_General
102152,Helen Oy,24,2026-04-29,not_exact_fixed_segment;not_FixedPrice
102153,Keravan Energia Oy,12,2026-04-29,not_exact_fixed_segment;not_FixedPrice
102155,Pohjois-Karjalan Sähkö Oy,24,2026-04-29,not_General
102157,Lammaisten Energia Oy,6,2026-04-29,not_General
102160,Porvoon Energia Oy,24,2026-04-29,not_General
102161,Lammaisten Energia Oy,6,2026-04-29,not_General
102169,Lammaisten Energia Oy,24,2026-04-29,not_exact_fixed_segment;not_FixedPrice;not_General
102174,Koillis-Satakunnan Sähkö Oy,12,2026-04-29,not_General
102175,Hehku Energia Oy,24,2026-04-29,not_exact_fixed_segment;not_FixedPrice
102177,Pohjois-Karjalan Sähkö Oy,12,2026-04-29,not_General
102181,Nordic Green Energy,24,2026-04-29,not_exact_fixed_segment;not_FixedPrice
102187,Äänekosken Energia Oy,12,2026-04-29,not_General
102191,Nurmijärven Sähkö Oy,12,2026-04-29,not_General
102192,Äänekosken Energia Oy,6,2026-04-29,not_General
102194,Vaasan Sähkö Myynti Oy,12,2026-04-29,not_General
102197,Omavoima Oy,24,2026-04-29,not_General
102200,Keravan Energia Oy,12,2026-04-29,not_exact_fixed_segment;not_FixedPrice
102201,Nurmijärven Sähkö Oy,24,2026-04-29,not_General
102205,Lammaisten Energia Oy,6,2026-04-29,not_exact_fixed_segment;not_FixedPrice
102206,Paneliankosken Voima Oy,12,2026-04-29,not_exact_fixed_segment;not_FixedPrice;not_General
102209,Paneliankosken Voima Oy,12,2026-04-29,not_General
102210,Lammaisten Energia Oy,6,2026-04-29,not_exact_fixed_segment;not_FixedPrice;not_General
102215,Porvoon Energia Oy,24,2026-04-29,not_General
102217,Lammaisten Energia Oy,24,2026-04-29,not_General
102219,Paneliankosken Voima Oy,12,2026-04-29,not_exact_fixed_segment;not_FixedPrice
102232,Pohjois-Karjalan Sähkö Oy,6,2026-04-30,not_General
102234,Porvoon Energia Oy,24,2026-04-30,not_General
102235,Korpelan Energia Oy,24,2026-04-30,not_exact_fixed_segment;not_FixedPrice
102237,Hehku Energia Oy,12,2026-04-30,not_exact_fixed_segment;not_FixedPrice
102240,Keravan Energia Oy,24,2026-04-30,not_exact_fixed_segment;not_FixedPrice
102241,Nurmijärven Sähkö Oy,12,2026-04-30,not_General
102245,Paneliankosken Voima Oy,24,2026-04-30,not_General
102255,Lammaisten Energia Oy,12,2026-04-30,not_exact_fixed_segment;not_FixedPrice;not_General
102257,Nurmijärven Sähkö Oy,24,2026-04-30,not_General
102264,Lammaisten Energia Oy,24,2026-04-30,not_exact_fixed_segment;not_FixedPrice;not_General
102265,Pohjois-Karjalan Sähkö Oy,24,2026-04-30,not_General
102268,Koillis-Satakunnan Sähkö Oy,12,2026-04-30,not_General
102271,Porvoon Energia Oy,12,2026-04-30,not_General
102274,Omavoima Oy,24,2026-04-30,not_exact_fixed_segment;not_FixedPrice
102276,Nurmijärven Sähkö Oy,24,2026-04-30,not_General
102277,Koillis-Satakunnan Sähkö Oy,24,2026-04-30,not_General
102278,Helen Oy,12,2026-04-30,not_exact_fixed_segment;not_FixedPrice
102283,Vaasan Sähkö Myynti Oy,6,2026-04-30,not_exact_fixed_segment;not_FixedPrice
102284,Nordic Green Energy,12,2026-04-30,not_exact_fixed_segment;not_FixedPrice
102285,Oomi Oy,24,2026-04-30,not_exact_fixed_segment;not_FixedPrice
102287,Lammaisten Energia Oy,24,2026-04-30,not_General
102288,Äänekosken Energia Oy,6,2026-04-30,not_General
102290,Korpelan Energia Oy,12,2026-04-30,not_exact_fixed_segment;not_FixedPrice
102291,Kokkolan Energia Oy,24,2026-04-30,not_exact_fixed_segment;not_FixedPrice
102297,Fortum Markets Oy,12,2026-04-30,not_exact_fixed_segment;not_FixedPrice
102303,Keravan Energia Oy,12,2026-04-30,not_exact_fixed_segment;not_FixedPrice
102312,Koillis-Satakunnan Sähkö Oy,12,2026-04-30,not_General
102315,Lammaisten Energia Oy,12,2026-04-30,not_exact_fixed_segment;not_FixedPrice;not_General
102320,Äänekosken Energia Oy,12,2026-04-30,not_General
102321,Koillis-Satakunnan Sähkö Oy,24,2026-04-30,not_exact_fixed_segment;not_FixedPrice
102327,Lumme Energia,24,2026-04-30,not_exact_fixed_segment;not_FixedPrice
102330,Vaasan Sähkö Myynti Oy,24,2026-04-30,not_exact_fixed_segment;not_FixedPrice
102337,Paneliankosken Voima Oy,24,2026-04-30,not_exact_fixed_segment;not_FixedPrice;not_General
102341,Alajärven Sähkö Oy,12,2026-04-30,not_General
102351,Keravan Energia Oy,24,2026-04-30,not_exact_fixed_segment;not_FixedPrice
102355,Pohjois-Karjalan Sähkö Oy,12,2026-04-30,not_General
102356,Oomi Oy,6,2026-04-30,not_exact_fixed_segment;not_FixedPrice
102357,Kokkolan Energia Oy,6,2026-04-30,not_exact_fixed_segment;not_FixedPrice
102362,Imatran Seudun Sähkö Oy,6,2026-04-30,not_exact_fixed_segment;not_FixedPrice
102365,Imatran Seudun Sähkö Oy,12,2026-04-30,not_exact_fixed_segment;not_FixedPrice
102373,Lumme Energia,12,2026-04-30,not_exact_fixed_segment;not_FixedPrice
102377,Imatran Seudun Sähkö Oy,24,2026-04-30,not_exact_fixed_segment;not_FixedPrice
102379,Lammaisten Energia Oy,12,2026-04-30,not_General
102380,Porvoon Energia Oy,12,2026-04-30,not_General
102381,Fortum Markets Oy,24,2026-04-30,not_exact_fixed_segment;not_FixedPrice
102385,Lammaisten Energia Oy,12,2026-04-30,not_exact_fixed_segment;not_FixedPrice
102386,Äänekosken Energia Oy,24,2026-04-30,not_General
102387,Köyliön-Säkylän Sähkö Oy,24,2026-04-30,not_General
102392,Köyliön-Säkylän Sähkö Oy,24,2026-04-30,not_General
102397,Turku Energia Oy,12,2026-04-30,not_exact_fixed_segment;not_FixedPrice
102401,Pohjois-Karjalan Sähkö Oy,6,2026-04-30,not_General
102410,Äänekosken Energia Oy,24,2026-04-30,not_General
102414,Omavoima Oy,12,2026-04-30,not_General
102418,Oomi Oy,12,2026-04-30,not_exact_fixed_segment;not_FixedPrice
102423,Kokkolan Energia Oy,12,2026-04-30,not_exact_fixed_segment;not_FixedPrice
102427,Koillis-Satakunnan Sähkö Oy,12,2026-04-30,not_exact_fixed_segment;not_FixedPrice
102434,Omavoima Oy,12,2026-04-30,not_General
102436,Nordic Green Energy,24,2026-04-30,not_exact_fixed_segment;not_FixedPrice
102437,Paneliankosken Voima Oy,24,2026-04-30,not_exact_fixed_segment;not_FixedPrice
102438,Vaasan Sähkö Myynti Oy,6,2026-04-30,not_General
102440,Lammaisten Energia Oy,24,2026-04-30,not_exact_fixed_segment;not_FixedPrice
102441,Vaasan Sähkö Myynti Oy,12,2026-04-30,not_General
102443,Vaasan Sähkö Myynti Oy,12,2026-04-30,not_exact_fixed_segment;not_FixedPrice
102464,Lammaisten Energia Oy,12,2026-04-30,not_General
102468,Köyliön-Säkylän Sähkö Oy,12,2026-04-30,not_General
102472,Lammaisten Energia Oy,6,2026-04-30,not_exact_fixed_segment;not_FixedPrice;not_General
102477,Nordic Green Energy,12,2026-04-30,not_exact_fixed_segment;not_FixedPrice
102479,Köyliön-Säkylän Sähkö Oy,12,2026-04-30,not_General
102481,Omavoima Oy,24,2026-04-30,not_General
102483,Koillis-Satakunnan Sähkö Oy,24,2026-04-30,not_General
102484,Alajärven Sähkö Oy,24,2026-04-30,not_General
102486,Helen Oy,24,2026-04-30,not_exact_fixed_segment;not_FixedPrice
102487,Keravan Energia Oy,12,2026-04-30,not_exact_fixed_segment;not_FixedPrice
102489,Pohjois-Karjalan Sähkö Oy,24,2026-04-30,not_General
102491,Lammaisten Energia Oy,6,2026-04-30,not_General
102494,Porvoon Energia Oy,24,2026-04-30,not_General
102495,Lammaisten Energia Oy,6,2026-04-30,not_General
102503,Lammaisten Energia Oy,24,2026-04-30,not_exact_fixed_segment;not_FixedPrice;not_General
102509,Koillis-Satakunnan Sähkö Oy,12,2026-04-30,not_General
102510,Hehku Energia Oy,24,2026-04-30,not_exact_fixed_segment;not_FixedPrice
102512,Pohjois-Karjalan Sähkö Oy,12,2026-04-30,not_General
102516,Nordic Green Energy,24,2026-04-30,not_exact_fixed_segment;not_FixedPrice
102522,Äänekosken Energia Oy,12,2026-04-30,not_General
102526,Nurmijärven Sähkö Oy,12,2026-04-30,not_General
102527,Äänekosken Energia Oy,6,2026-04-30,not_General
102531,Omavoima Oy,24,2026-04-30,not_General
102534,Keravan Energia Oy,12,2026-04-30,not_exact_fixed_segment;not_FixedPrice
102535,Nurmijärven Sähkö Oy,24,2026-04-30,not_General
102539,Lammaisten Energia Oy,6,2026-04-30,not_exact_fixed_segment;not_FixedPrice
102540,Paneliankosken Voima Oy,12,2026-04-30,not_exact_fixed_segment;not_FixedPrice;not_General
102543,Paneliankosken Voima Oy,12,2026-04-30,not_General
102544,Lammaisten Energia Oy,6,2026-04-30,not_exact_fixed_segment;not_FixedPrice;not_General
102549,Vaasan Sähkö Myynti Oy,24,2026-04-30,not_General
102551,Porvoon Energia Oy,24,2026-04-30,not_General
102553,Lammaisten Energia Oy,24,2026-04-30,not_General
102555,Paneliankosken Voima Oy,12,2026-04-30,not_exact_fixed_segment;not_FixedPrice
102568,Pohjois-Karjalan Sähkö Oy,6,2026-05-01,not_General
102570,Porvoon Energia Oy,24,2026-05-01,not_General
102571,Korpelan Energia Oy,24,2026-05-01,not_exact_fixed_segment;not_FixedPrice
102573,Hehku Energia Oy,12,2026-05-01,not_exact_fixed_segment;not_FixedPrice
102576,Keravan Energia Oy,24,2026-05-01,not_exact_fixed_segment;not_FixedPrice
102577,Nurmijärven Sähkö Oy,12,2026-05-01,not_General
102581,Paneliankosken Voima Oy,24,2026-05-01,not_General
102591,Lammaisten Energia Oy,12,2026-05-01,not_exact_fixed_segment;not_FixedPrice;not_General
102593,Nurmijärven Sähkö Oy,24,2026-05-01,not_General
102600,Lammaisten Energia Oy,24,2026-05-01,not_exact_fixed_segment;not_FixedPrice;not_General
102601,Pohjois-Karjalan Sähkö Oy,24,2026-05-01,not_General
102603,Koillis-Satakunnan Sähkö Oy,12,2026-05-01,not_General
102606,Porvoon Energia Oy,12,2026-05-01,not_General
102609,Omavoima Oy,24,2026-05-01,not_exact_fixed_segment;not_FixedPrice
102612,Nurmijärven Sähkö Oy,24,2026-05-01,not_General
102613,Koillis-Satakunnan Sähkö Oy,24,2026-05-01,not_General
102614,Helen Oy,12,2026-05-01,not_exact_fixed_segment;not_FixedPrice
102619,Vaasan Sähkö Myynti Oy,6,2026-05-01,not_exact_fixed_segment;not_FixedPrice
102620,Nordic Green Energy,12,2026-05-01,not_exact_fixed_segment;not_FixedPrice
102621,Oomi Oy,24,2026-05-01,not_exact_fixed_segment;not_FixedPrice
102623,Lammaisten Energia Oy,24,2026-05-01,not_General
102624,Äänekosken Energia Oy,6,2026-05-01,not_General
102626,Korpelan Energia Oy,12,2026-05-01,not_exact_fixed_segment;not_FixedPrice
102627,Kokkolan Energia Oy,24,2026-05-01,not_exact_fixed_segment;not_FixedPrice
102632,Fortum Markets Oy,12,2026-05-01,not_exact_fixed_segment;not_FixedPrice
102638,Keravan Energia Oy,12,2026-05-01,not_exact_fixed_segment;not_FixedPrice
102647,Koillis-Satakunnan Sähkö Oy,12,2026-05-01,not_General
102650,Lammaisten Energia Oy,12,2026-05-01,not_exact_fixed_segment;not_FixedPrice;not_General
102655,Äänekosken Energia Oy,12,2026-05-01,not_General
102656,Koillis-Satakunnan Sähkö Oy,24,2026-05-01,not_exact_fixed_segment;not_FixedPrice
102661,Lumme Energia,24,2026-05-01,not_exact_fixed_segment;not_FixedPrice
102664,Vaasan Sähkö Myynti Oy,24,2026-05-01,not_exact_fixed_segment;not_FixedPrice
102670,Paneliankosken Voima Oy,24,2026-05-01,not_exact_fixed_segment;not_FixedPrice;not_General
102674,Alajärven Sähkö Oy,12,2026-05-01,not_General
102684,Keravan Energia Oy,24,2026-05-01,not_exact_fixed_segment;not_FixedPrice
102688,Pohjois-Karjalan Sähkö Oy,12,2026-05-01,not_General
102689,Oomi Oy,6,2026-05-01,not_exact_fixed_segment;not_FixedPrice
102690,Kokkolan Energia Oy,6,2026-05-01,not_exact_fixed_segment;not_FixedPrice
102696,Imatran Seudun Sähkö Oy,6,2026-05-01,not_exact_fixed_segment;not_FixedPrice
102699,Imatran Seudun Sähkö Oy,12,2026-05-01,not_exact_fixed_segment;not_FixedPrice
102708,Lumme Energia,12,2026-05-01,not_exact_fixed_segment;not_FixedPrice
102712,Imatran Seudun Sähkö Oy,24,2026-05-01,not_exact_fixed_segment;not_FixedPrice
102715,Lammaisten Energia Oy,12,2026-05-01,not_General
102716,Porvoon Energia Oy,12,2026-05-01,not_General
102717,Fortum Markets Oy,24,2026-05-01,not_exact_fixed_segment;not_FixedPrice
102721,Lammaisten Energia Oy,12,2026-05-01,not_exact_fixed_segment;not_FixedPrice
102722,Äänekosken Energia Oy,24,2026-05-01,not_General
102723,Köyliön-Säkylän Sähkö Oy,24,2026-05-01,not_General
102730,Köyliön-Säkylän Sähkö Oy,24,2026-05-01,not_General
102735,Turku Energia Oy,12,2026-05-01,not_exact_fixed_segment;not_FixedPrice
102739,Pohjois-Karjalan Sähkö Oy,6,2026-05-01,not_General
102748,Äänekosken Energia Oy,24,2026-05-01,not_General
102753,Omavoima Oy,12,2026-05-01,not_General
102756,Oomi Oy,12,2026-05-01,not_exact_fixed_segment;not_FixedPrice
102761,Kokkolan Energia Oy,12,2026-05-01,not_exact_fixed_segment;not_FixedPrice
102766,Koillis-Satakunnan Sähkö Oy,12,2026-05-01,not_exact_fixed_segment;not_FixedPrice
102773,Omavoima Oy,12,2026-05-01,not_General
102775,Nordic Green Energy,24,2026-05-01,not_exact_fixed_segment;not_FixedPrice
102776,Paneliankosken Voima Oy,24,2026-05-01,not_exact_fixed_segment;not_FixedPrice
102777,Vaasan Sähkö Myynti Oy,6,2026-05-01,not_General
102779,Lammaisten Energia Oy,24,2026-05-01,not_exact_fixed_segment;not_FixedPrice
102780,Vaasan Sähkö Myynti Oy,12,2026-05-01,not_General
102781,Vaasan Sähkö Myynti Oy,12,2026-05-01,not_exact_fixed_segment;not_FixedPrice
102801,Lammaisten Energia Oy,12,2026-05-01,not_General
102805,Köyliön-Säkylän Sähkö Oy,12,2026-05-01,not_General
102809,Lammaisten Energia Oy,6,2026-05-01,not_exact_fixed_segment;not_FixedPrice;not_General
102813,Nordic Green Energy,12,2026-05-01,not_exact_fixed_segment;not_FixedPrice
102815,Köyliön-Säkylän Sähkö Oy,12,2026-05-01,not_General
102817,Omavoima Oy,24,2026-05-01,not_General
102819,Koillis-Satakunnan Sähkö Oy,24,2026-05-01,not_General
102820,Alajärven Sähkö Oy,24,2026-05-01,not_General
102822,Helen Oy,24,2026-05-01,not_exact_fixed_segment;not_FixedPrice
102823,Keravan Energia Oy,12,2026-05-01,not_exact_fixed_segment;not_FixedPrice
102825,Pohjois-Karjalan Sähkö Oy,24,2026-05-01,not_General
102828,Lammaisten Energia Oy,6,2026-05-01,not_General
102831,Porvoon Energia Oy,24,2026-05-01,not_General
102832,Lammaisten Energia Oy,6,2026-05-01,not_General
102840,Lammaisten Energia Oy,24,2026-05-01,not_exact_fixed_segment;not_FixedPrice;not_General
102845,Koillis-Satakunnan Sähkö Oy,12,2026-05-01,not_General
102846,Hehku Energia Oy,24,2026-05-01,not_exact_fixed_segment;not_FixedPrice
102848,Pohjois-Karjalan Sähkö Oy,12,2026-05-01,not_General
102852,Nordic Green Energy,24,2026-05-01,not_exact_fixed_segment;not_FixedPrice
102859,Äänekosken Energia Oy,12,2026-05-01,not_General
102863,Nurmijärven Sähkö Oy,12,2026-05-01,not_General
102864,Äänekosken Energia Oy,6,2026-05-01,not_General
102867,Omavoima Oy,24,2026-05-01,not_General
102870,Keravan Energia Oy,12,2026-05-01,not_exact_fixed_segment;not_FixedPrice
102871,Nurmijärven Sähkö Oy,24,2026-05-01,not_General
102875,Lammaisten Energia Oy,6,2026-05-01,not_exact_fixed_segment;not_FixedPrice
102876,Paneliankosken Voima Oy,12,2026-05-01,not_exact_fixed_segment;not_FixedPrice;not_General
102879,Paneliankosken Voima Oy,12,2026-05-01,not_General
102880,Lammaisten Energia Oy,6,2026-05-01,not_exact_fixed_segment;not_FixedPrice;not_General
102885,Vaasan Sähkö Myynti Oy,24,2026-05-01,not_General
102888,Porvoon Energia Oy,24,2026-05-01,not_General
102890,Lammaisten Energia Oy,24,2026-05-01,not_General
102892,Paneliankosken Voima Oy,12,2026-05-01,not_exact_fixed_segment;not_FixedPrice
102904,Pohjois-Karjalan Sähkö Oy,6,2026-05-02,not_General
102906,Porvoon Energia Oy,24,2026-05-02,not_General
102907,Korpelan Energia Oy,24,2026-05-02,not_exact_fixed_segment;not_FixedPrice
102909,Hehku Energia Oy,12,2026-05-02,not_exact_fixed_segment;not_FixedPrice
102912,Keravan Energia Oy,24,2026-05-02,not_exact_fixed_segment;not_FixedPrice
102913,Nurmijärven Sähkö Oy,12,2026-05-02,not_General
102917,Paneliankosken Voima Oy,24,2026-05-02,not_General
102927,Lammaisten Energia Oy,12,2026-05-02,not_exact_fixed_segment;not_FixedPrice;not_General
102929,Nurmijärven Sähkö Oy,24,2026-05-02,not_General
102936,Lammaisten Energia Oy,24,2026-05-02,not_exact_fixed_segment;not_FixedPrice;not_General
102937,Pohjois-Karjalan Sähkö Oy,24,2026-05-02,not_General
102939,Koillis-Satakunnan Sähkö Oy,12,2026-05-02,not_General
102942,Porvoon Energia Oy,12,2026-05-02,not_General
102945,Omavoima Oy,24,2026-05-02,not_exact_fixed_segment;not_FixedPrice
102948,Nurmijärven Sähkö Oy,24,2026-05-02,not_General
102949,Koillis-Satakunnan Sähkö Oy,24,2026-05-02,not_General
102950,Helen Oy,12,2026-05-02,not_exact_fixed_segment;not_FixedPrice
102955,Vaasan Sähkö Myynti Oy,6,2026-05-02,not_exact_fixed_segment;not_FixedPrice
102956,Nordic Green Energy,12,2026-05-02,not_exact_fixed_segment;not_FixedPrice
102957,Oomi Oy,24,2026-05-02,not_exact_fixed_segment;not_FixedPrice
102959,Lammaisten Energia Oy,24,2026-05-02,not_General
102960,Äänekosken Energia Oy,6,2026-05-02,not_General
102962,Korpelan Energia Oy,12,2026-05-02,not_exact_fixed_segment;not_FixedPrice
102963,Kokkolan Energia Oy,24,2026-05-02,not_exact_fixed_segment;not_FixedPrice
102968,Fortum Markets Oy,12,2026-05-02,not_exact_fixed_segment;not_FixedPrice
102974,Keravan Energia Oy,12,2026-05-02,not_exact_fixed_segment;not_FixedPrice
102983,Koillis-Satakunnan Sähkö Oy,12,2026-05-02,not_General
102986,Lammaisten Energia Oy,12,2026-05-02,not_exact_fixed_segment;not_FixedPrice;not_General
102991,Äänekosken Energia Oy,12,2026-05-02,not_General
102992,Koillis-Satakunnan Sähkö Oy,24,2026-05-02,not_exact_fixed_segment;not_FixedPrice
102997,Lumme Energia,24,2026-05-02,not_exact_fixed_segment;not_FixedPrice
103000,Vaasan Sähkö Myynti Oy,24,2026-05-02,not_exact_fixed_segment;not_FixedPrice
103006,Paneliankosken Voima Oy,24,2026-05-02,not_exact_fixed_segment;not_FixedPrice;not_General
103010,Alajärven Sähkö Oy,12,2026-05-02,not_General
103020,Keravan Energia Oy,24,2026-05-02,not_exact_fixed_segment;not_FixedPrice
103024,Pohjois-Karjalan Sähkö Oy,12,2026-05-02,not_General
103025,Oomi Oy,6,2026-05-02,not_exact_fixed_segment;not_FixedPrice
103026,Kokkolan Energia Oy,6,2026-05-02,not_exact_fixed_segment;not_FixedPrice
103032,Imatran Seudun Sähkö Oy,6,2026-05-02,not_exact_fixed_segment;not_FixedPrice
103035,Imatran Seudun Sähkö Oy,12,2026-05-02,not_exact_fixed_segment;not_FixedPrice
103044,Lumme Energia,12,2026-05-02,not_exact_fixed_segment;not_FixedPrice
103048,Imatran Seudun Sähkö Oy,24,2026-05-02,not_exact_fixed_segment;not_FixedPrice
103051,Lammaisten Energia Oy,12,2026-05-02,not_General
103052,Porvoon Energia Oy,12,2026-05-02,not_General
103053,Fortum Markets Oy,24,2026-05-02,not_exact_fixed_segment;not_FixedPrice
103057,Lammaisten Energia Oy,12,2026-05-02,not_exact_fixed_segment;not_FixedPrice
103058,Äänekosken Energia Oy,24,2026-05-02,not_General
103059,Köyliön-Säkylän Sähkö Oy,24,2026-05-02,not_General
103066,Köyliön-Säkylän Sähkö Oy,24,2026-05-02,not_General
103071,Turku Energia Oy,12,2026-05-02,not_exact_fixed_segment;not_FixedPrice
103075,Pohjois-Karjalan Sähkö Oy,6,2026-05-02,not_General
103084,Äänekosken Energia Oy,24,2026-05-02,not_General
103089,Omavoima Oy,12,2026-05-02,not_General
103092,Oomi Oy,12,2026-05-02,not_exact_fixed_segment;not_FixedPrice
103097,Kokkolan Energia Oy,12,2026-05-02,not_exact_fixed_segment;not_FixedPrice
103102,Koillis-Satakunnan Sähkö Oy,12,2026-05-02,not_exact_fixed_segment;not_FixedPrice
103109,Omavoima Oy,12,2026-05-02,not_General
103111,Nordic Green Energy,24,2026-05-02,not_exact_fixed_segment;not_FixedPrice
103112,Paneliankosken Voima Oy,24,2026-05-02,not_exact_fixed_segment;not_FixedPrice
103113,Vaasan Sähkö Myynti Oy,6,2026-05-02,not_General
103115,Lammaisten Energia Oy,24,2026-05-02,not_exact_fixed_segment;not_FixedPrice
103116,Vaasan Sähkö Myynti Oy,12,2026-05-02,not_General
103117,Vaasan Sähkö Myynti Oy,12,2026-05-02,not_exact_fixed_segment;not_FixedPrice
103137,Lammaisten Energia Oy,12,2026-05-02,not_General
103141,Köyliön-Säkylän Sähkö Oy,12,2026-05-02,not_General
103145,Lammaisten Energia Oy,6,2026-05-02,not_exact_fixed_segment;not_FixedPrice;not_General
103149,Nordic Green Energy,12,2026-05-02,not_exact_fixed_segment;not_FixedPrice
103151,Köyliön-Säkylän Sähkö Oy,12,2026-05-02,not_General
103153,Omavoima Oy,24,2026-05-02,not_General
103155,Koillis-Satakunnan Sähkö Oy,24,2026-05-02,not_General
103156,Alajärven Sähkö Oy,24,2026-05-02,not_General
103158,Helen Oy,24,2026-05-02,not_exact_fixed_segment;not_FixedPrice
103159,Keravan Energia Oy,12,2026-05-02,not_exact_fixed_segment;not_FixedPrice
103161,Pohjois-Karjalan Sähkö Oy,24,2026-05-02,not_General
103164,Lammaisten Energia Oy,6,2026-05-02,not_General
103167,Porvoon Energia Oy,24,2026-05-02,not_General
103168,Lammaisten Energia Oy,6,2026-05-02,not_General
103176,Lammaisten Energia Oy,24,2026-05-02,not_exact_fixed_segment;not_FixedPrice;not_General
103181,Koillis-Satakunnan Sähkö Oy,12,2026-05-02,not_General
103182,Hehku Energia Oy,24,2026-05-02,not_exact_fixed_segment;not_FixedPrice
103184,Pohjois-Karjalan Sähkö Oy,12,2026-05-02,not_General
103188,Nordic Green Energy,24,2026-05-02,not_exact_fixed_segment;not_FixedPrice
103195,Äänekosken Energia Oy,12,2026-05-02,not_General
103199,Nurmijärven Sähkö Oy,12,2026-05-02,not_General
103200,Äänekosken Energia Oy,6,2026-05-02,not_General
103203,Omavoima Oy,24,2026-05-02,not_General
103206,Keravan Energia Oy,12,2026-05-02,not_exact_fixed_segment;not_FixedPrice
103207,Nurmijärven Sähkö Oy,24,2026-05-02,not_General
103211,Lammaisten Energia Oy,6,2026-05-02,not_exact_fixed_segment;not_FixedPrice
103212,Paneliankosken Voima Oy,12,2026-05-02,not_exact_fixed_segment;not_FixedPrice;not_General
103215,Paneliankosken Voima Oy,12,2026-05-02,not_General
103216,Lammaisten Energia Oy,6,2026-05-02,not_exact_fixed_segment;not_FixedPrice;not_General
103221,Vaasan Sähkö Myynti Oy,24,2026-05-02,not_General
103224,Porvoon Energia Oy,24,2026-05-02,not_General
103226,Lammaisten Energia Oy,24,2026-05-02,not_General
103228,Paneliankosken Voima Oy,12,2026-05-02,not_exact_fixed_segment;not_FixedPrice
103240,Pohjois-Karjalan Sähkö Oy,6,2026-05-03,not_General
103242,Porvoon Energia Oy,24,2026-05-03,not_General
103243,Korpelan Energia Oy,24,2026-05-03,not_exact_fixed_segment;not_FixedPrice
103245,Hehku Energia Oy,12,2026-05-03,not_exact_fixed_segment;not_FixedPrice
103248,Keravan Energia Oy,24,2026-05-03,not_exact_fixed_segment;not_FixedPrice
103249,Nurmijärven Sähkö Oy,12,2026-05-03,not_General
103253,Paneliankosken Voima Oy,24,2026-05-03,not_General
103263,Lammaisten Energia Oy,12,2026-05-03,not_exact_fixed_segment;not_FixedPrice;not_General
103265,Nurmijärven Sähkö Oy,24,2026-05-03,not_General
103272,Lammaisten Energia Oy,24,2026-05-03,not_exact_fixed_segment;not_FixedPrice;not_General
103273,Pohjois-Karjalan Sähkö Oy,24,2026-05-03,not_General
103275,Koillis-Satakunnan Sähkö Oy,12,2026-05-03,not_General
103278,Porvoon Energia Oy,12,2026-05-03,not_General
103281,Omavoima Oy,24,2026-05-03,not_exact_fixed_segment;not_FixedPrice
103284,Nurmijärven Sähkö Oy,24,2026-05-03,not_General
103285,Koillis-Satakunnan Sähkö Oy,24,2026-05-03,not_General
103286,Helen Oy,12,2026-05-03,not_exact_fixed_segment;not_FixedPrice
103291,Vaasan Sähkö Myynti Oy,6,2026-05-03,not_exact_fixed_segment;not_FixedPrice
103292,Nordic Green Energy,12,2026-05-03,not_exact_fixed_segment;not_FixedPrice
103293,Oomi Oy,24,2026-05-03,not_exact_fixed_segment;not_FixedPrice
103295,Lammaisten Energia Oy,24,2026-05-03,not_General
103296,Äänekosken Energia Oy,6,2026-05-03,not_General
103298,Korpelan Energia Oy,12,2026-05-03,not_exact_fixed_segment;not_FixedPrice
103299,Kokkolan Energia Oy,24,2026-05-03,not_exact_fixed_segment;not_FixedPrice
103304,Fortum Markets Oy,12,2026-05-03,not_exact_fixed_segment;not_FixedPrice
103310,Keravan Energia Oy,12,2026-05-03,not_exact_fixed_segment;not_FixedPrice
103319,Koillis-Satakunnan Sähkö Oy,12,2026-05-03,not_General
103322,Lammaisten Energia Oy,12,2026-05-03,not_exact_fixed_segment;not_FixedPrice;not_General
103327,Äänekosken Energia Oy,12,2026-05-03,not_General
103328,Koillis-Satakunnan Sähkö Oy,24,2026-05-03,not_exact_fixed_segment;not_FixedPrice
103333,Lumme Energia,24,2026-05-03,not_exact_fixed_segment;not_FixedPrice
103336,Vaasan Sähkö Myynti Oy,24,2026-05-03,not_exact_fixed_segment;not_FixedPrice
103342,Paneliankosken Voima Oy,24,2026-05-03,not_exact_fixed_segment;not_FixedPrice;not_General
103346,Alajärven Sähkö Oy,12,2026-05-03,not_General
103356,Keravan Energia Oy,24,2026-05-03,not_exact_fixed_segment;not_FixedPrice
103360,Pohjois-Karjalan Sähkö Oy,12,2026-05-03,not_General
103361,Oomi Oy,6,2026-05-03,not_exact_fixed_segment;not_FixedPrice
103362,Kokkolan Energia Oy,6,2026-05-03,not_exact_fixed_segment;not_FixedPrice
103368,Imatran Seudun Sähkö Oy,6,2026-05-03,not_exact_fixed_segment;not_FixedPrice
103371,Imatran Seudun Sähkö Oy,12,2026-05-03,not_exact_fixed_segment;not_FixedPrice
103380,Lumme Energia,12,2026-05-03,not_exact_fixed_segment;not_FixedPrice
103384,Imatran Seudun Sähkö Oy,24,2026-05-03,not_exact_fixed_segment;not_FixedPrice
103387,Lammaisten Energia Oy,12,2026-05-03,not_General
103388,Porvoon Energia Oy,12,2026-05-03,not_General
103389,Fortum Markets Oy,24,2026-05-03,not_exact_fixed_segment;not_FixedPrice
103393,Lammaisten Energia Oy,12,2026-05-03,not_exact_fixed_segment;not_FixedPrice
103394,Äänekosken Energia Oy,24,2026-05-03,not_General
103395,Köyliön-Säkylän Sähkö Oy,24,2026-05-03,not_General
103402,Köyliön-Säkylän Sähkö Oy,24,2026-05-03,not_General
103407,Turku Energia Oy,12,2026-05-03,not_exact_fixed_segment;not_FixedPrice
103411,Pohjois-Karjalan Sähkö Oy,6,2026-05-03,not_General
103420,Äänekosken Energia Oy,24,2026-05-03,not_General
103425,Omavoima Oy,12,2026-05-03,not_General
103428,Oomi Oy,12,2026-05-03,not_exact_fixed_segment;not_FixedPrice
103433,Kokkolan Energia Oy,12,2026-05-03,not_exact_fixed_segment;not_FixedPrice
103438,Koillis-Satakunnan Sähkö Oy,12,2026-05-03,not_exact_fixed_segment;not_FixedPrice
103445,Omavoima Oy,12,2026-05-03,not_General
103447,Nordic Green Energy,24,2026-05-03,not_exact_fixed_segment;not_FixedPrice
103448,Paneliankosken Voima Oy,24,2026-05-03,not_exact_fixed_segment;not_FixedPrice
103449,Vaasan Sähkö Myynti Oy,6,2026-05-03,not_General
103451,Lammaisten Energia Oy,24,2026-05-03,not_exact_fixed_segment;not_FixedPrice
103452,Vaasan Sähkö Myynti Oy,12,2026-05-03,not_General
103453,Vaasan Sähkö Myynti Oy,12,2026-05-03,not_exact_fixed_segment;not_FixedPrice
103473,Lammaisten Energia Oy,12,2026-05-03,not_General
103477,Köyliön-Säkylän Sähkö Oy,12,2026-05-03,not_General
103481,Lammaisten Energia Oy,6,2026-05-03,not_exact_fixed_segment;not_FixedPrice;not_General
103485,Nordic Green Energy,12,2026-05-03,not_exact_fixed_segment;not_FixedPrice
103487,Köyliön-Säkylän Sähkö Oy,12,2026-05-03,not_General
103489,Omavoima Oy,24,2026-05-03,not_General
103491,Koillis-Satakunnan Sähkö Oy,24,2026-05-03,not_General
103492,Alajärven Sähkö Oy,24,2026-05-03,not_General
103494,Helen Oy,24,2026-05-03,not_exact_fixed_segment;not_FixedPrice
103495,Keravan Energia Oy,12,2026-05-03,not_exact_fixed_segment;not_FixedPrice
103497,Pohjois-Karjalan Sähkö Oy,24,2026-05-03,not_General
103500,Lammaisten Energia Oy,6,2026-05-03,not_General
103503,Porvoon Energia Oy,24,2026-05-03,not_General
103504,Lammaisten Energia Oy,6,2026-05-03,not_General
103512,Lammaisten Energia Oy,24,2026-05-03,not_exact_fixed_segment;not_FixedPrice;not_General
103517,Koillis-Satakunnan Sähkö Oy,12,2026-05-03,not_General
103518,Hehku Energia Oy,24,2026-05-03,not_exact_fixed_segment;not_FixedPrice
103520,Pohjois-Karjalan Sähkö Oy,12,2026-05-03,not_General
103524,Nordic Green Energy,24,2026-05-03,not_exact_fixed_segment;not_FixedPrice
103531,Äänekosken Energia Oy,12,2026-05-03,not_General
103535,Nurmijärven Sähkö Oy,12,2026-05-03,not_General
103536,Äänekosken Energia Oy,6,2026-05-03,not_General
103539,Omavoima Oy,24,2026-05-03,not_General
103542,Keravan Energia Oy,12,2026-05-03,not_exact_fixed_segment;not_FixedPrice
103543,Nurmijärven Sähkö Oy,24,2026-05-03,not_General
103547,Lammaisten Energia Oy,6,2026-05-03,not_exact_fixed_segment;not_FixedPrice
103548,Paneliankosken Voima Oy,12,2026-05-03,not_exact_fixed_segment;not_FixedPrice;not_General
103551,Paneliankosken Voima Oy,12,2026-05-03,not_General
103552,Lammaisten Energia Oy,6,2026-05-03,not_exact_fixed_segment;not_FixedPrice;not_General
103557,Vaasan Sähkö Myynti Oy,24,2026-05-03,not_General
103560,Porvoon Energia Oy,24,2026-05-03,not_General
103562,Lammaisten Energia Oy,24,2026-05-03,not_General
103564,Paneliankosken Voima Oy,12,2026-05-03,not_exact_fixed_segment;not_FixedPrice
103576,Pohjois-Karjalan Sähkö Oy,6,2026-05-04,not_General
103578,Porvoon Energia Oy,24,2026-05-04,not_General
103579,Korpelan Energia Oy,24,2026-05-04,not_exact_fixed_segment;not_FixedPrice
103581,Hehku Energia Oy,12,2026-05-04,not_exact_fixed_segment;not_FixedPrice
103584,Keravan Energia Oy,24,2026-05-04,not_exact_fixed_segment;not_FixedPrice
103585,Nurmijärven Sähkö Oy,12,2026-05-04,not_General
103589,Paneliankosken Voima Oy,24,2026-05-04,not_General
103599,Lammaisten Energia Oy,12,2026-05-04,not_exact_fixed_segment;not_FixedPrice;not_General
103601,Nurmijärven Sähkö Oy,24,2026-05-04,not_General
103608,Lammaisten Energia Oy,24,2026-05-04,not_exact_fixed_segment;not_FixedPrice;not_General
103609,Pohjois-Karjalan Sähkö Oy,24,2026-05-04,not_General
103611,Koillis-Satakunnan Sähkö Oy,12,2026-05-04,not_General
103614,Porvoon Energia Oy,12,2026-05-04,not_General
103617,Omavoima Oy,24,2026-05-04,not_exact_fixed_segment;not_FixedPrice
103620,Nurmijärven Sähkö Oy,24,2026-05-04,not_General
103621,Koillis-Satakunnan Sähkö Oy,24,2026-05-04,not_General
103622,Helen Oy,12,2026-05-04,not_exact_fixed_segment;not_FixedPrice
103627,Vaasan Sähkö Myynti Oy,6,2026-05-04,not_exact_fixed_segment;not_FixedPrice
103628,Nordic Green Energy,12,2026-05-04,not_exact_fixed_segment;not_FixedPrice
103629,Oomi Oy,24,2026-05-04,not_exact_fixed_segment;not_FixedPrice
103631,Lammaisten Energia Oy,24,2026-05-04,not_General
103632,Äänekosken Energia Oy,6,2026-05-04,not_General
103634,Korpelan Energia Oy,12,2026-05-04,not_exact_fixed_segment;not_FixedPrice
103635,Kokkolan Energia Oy,24,2026-05-04,not_exact_fixed_segment;not_FixedPrice
103640,Fortum Markets Oy,12,2026-05-04,not_exact_fixed_segment;not_FixedPrice
103646,Keravan Energia Oy,12,2026-05-04,not_exact_fixed_segment;not_FixedPrice
103648,Vaasan Sähkö Myynti Oy,12,2026-05-04,not_General
103656,Koillis-Satakunnan Sähkö Oy,12,2026-05-04,not_General
103659,Lammaisten Energia Oy,12,2026-05-04,not_exact_fixed_segment;not_FixedPrice;not_General
103664,Äänekosken Energia Oy,12,2026-05-04,not_General
103665,Koillis-Satakunnan Sähkö Oy,24,2026-05-04,not_exact_fixed_segment;not_FixedPrice
103669,Lumme Energia,24,2026-05-04,not_exact_fixed_segment;not_FixedPrice
103672,Vaasan Sähkö Myynti Oy,24,2026-05-04,not_exact_fixed_segment;not_FixedPrice
103678,Paneliankosken Voima Oy,24,2026-05-04,not_exact_fixed_segment;not_FixedPrice;not_General
103682,Alajärven Sähkö Oy,12,2026-05-04,not_General
103692,Keravan Energia Oy,24,2026-05-04,not_exact_fixed_segment;not_FixedPrice
103696,Pohjois-Karjalan Sähkö Oy,12,2026-05-04,not_General
103697,Oomi Oy,6,2026-05-04,not_exact_fixed_segment;not_FixedPrice
103698,Kokkolan Energia Oy,6,2026-05-04,not_exact_fixed_segment;not_FixedPrice
103704,Imatran Seudun Sähkö Oy,6,2026-05-04,not_exact_fixed_segment;not_FixedPrice
103707,Imatran Seudun Sähkö Oy,12,2026-05-04,not_exact_fixed_segment;not_FixedPrice
103716,Lumme Energia,12,2026-05-04,not_exact_fixed_segment;not_FixedPrice
103720,Imatran Seudun Sähkö Oy,24,2026-05-04,not_exact_fixed_segment;not_FixedPrice
103723,Lammaisten Energia Oy,12,2026-05-04,not_General
103724,Porvoon Energia Oy,12,2026-05-04,not_General
103725,Fortum Markets Oy,24,2026-05-04,not_exact_fixed_segment;not_FixedPrice
103729,Lammaisten Energia Oy,12,2026-05-04,not_exact_fixed_segment;not_FixedPrice
103730,Äänekosken Energia Oy,24,2026-05-04,not_General
103731,Köyliön-Säkylän Sähkö Oy,24,2026-05-04,not_General
103738,Köyliön-Säkylän Sähkö Oy,24,2026-05-04,not_General
103743,Turku Energia Oy,12,2026-05-04,not_exact_fixed_segment;not_FixedPrice
103747,Pohjois-Karjalan Sähkö Oy,6,2026-05-04,not_General
103756,Äänekosken Energia Oy,24,2026-05-04,not_General
103761,Omavoima Oy,12,2026-05-04,not_General
103764,Oomi Oy,12,2026-05-04,not_exact_fixed_segment;not_FixedPrice
103769,Kokkolan Energia Oy,12,2026-05-04,not_exact_fixed_segment;not_FixedPrice
103774,Koillis-Satakunnan Sähkö Oy,12,2026-05-04,not_exact_fixed_segment;not_FixedPrice
103781,Omavoima Oy,12,2026-05-04,not_General
103783,Nordic Green Energy,24,2026-05-04,not_exact_fixed_segment;not_FixedPrice
103784,Paneliankosken Voima Oy,24,2026-05-04,not_exact_fixed_segment;not_FixedPrice
103785,Vaasan Sähkö Myynti Oy,6,2026-05-04,not_General
103787,Lammaisten Energia Oy,24,2026-05-04,not_exact_fixed_segment;not_FixedPrice
103788,Vaasan Sähkö Myynti Oy,12,2026-05-04,not_exact_fixed_segment;not_FixedPrice
103808,Lammaisten Energia Oy,12,2026-05-04,not_General
103812,Köyliön-Säkylän Sähkö Oy,12,2026-05-04,not_General
103816,Lammaisten Energia Oy,6,2026-05-04,not_exact_fixed_segment;not_FixedPrice;not_General
103820,Nordic Green Energy,12,2026-05-04,not_exact_fixed_segment;not_FixedPrice
103822,Köyliön-Säkylän Sähkö Oy,12,2026-05-04,not_General
103824,Omavoima Oy,24,2026-05-04,not_General
103827,Koillis-Satakunnan Sähkö Oy,24,2026-05-04,not_General
103828,Alajärven Sähkö Oy,24,2026-05-04,not_General
103830,Helen Oy,24,2026-05-04,not_exact_fixed_segment;not_FixedPrice
103831,Keravan Energia Oy,12,2026-05-04,not_exact_fixed_segment;not_FixedPrice
103833,Pohjois-Karjalan Sähkö Oy,24,2026-05-04,not_General
103836,Lammaisten Energia Oy,6,2026-05-04,not_General
103839,Porvoon Energia Oy,24,2026-05-04,not_General
103840,Lammaisten Energia Oy,6,2026-05-04,not_General
103848,Lammaisten Energia Oy,24,2026-05-04,not_exact_fixed_segment;not_FixedPrice;not_General
103853,Koillis-Satakunnan Sähkö Oy,12,2026-05-04,not_General
103854,Hehku Energia Oy,24,2026-05-04,not_exact_fixed_segment;not_FixedPrice
103856,Pohjois-Karjalan Sähkö Oy,12,2026-05-04,not_General
103860,Nordic Green Energy,24,2026-05-04,not_exact_fixed_segment;not_FixedPrice
103867,Äänekosken Energia Oy,12,2026-05-04,not_General
103871,Nurmijärven Sähkö Oy,12,2026-05-04,not_General
103872,Äänekosken Energia Oy,6,2026-05-04,not_General
103875,Omavoima Oy,24,2026-05-04,not_General
103878,Keravan Energia Oy,12,2026-05-04,not_exact_fixed_segment;not_FixedPrice
103879,Nurmijärven Sähkö Oy,24,2026-05-04,not_General
103883,Lammaisten Energia Oy,6,2026-05-04,not_exact_fixed_segment;not_FixedPrice
103884,Paneliankosken Voima Oy,12,2026-05-04,not_exact_fixed_segment;not_FixedPrice;not_General
103887,Paneliankosken Voima Oy,12,2026-05-04,not_General
103888,Lammaisten Energia Oy,6,2026-05-04,not_exact_fixed_segment;not_FixedPrice;not_General
103893,Vaasan Sähkö Myynti Oy,24,2026-05-04,not_General
103896,Porvoon Energia Oy,24,2026-05-04,not_General
103898,Lammaisten Energia Oy,24,2026-05-04,not_General
103900,Paneliankosken Voima Oy,12,2026-05-04,not_exact_fixed_segment;not_FixedPrice
103912,Pohjois-Karjalan Sähkö Oy,6,2026-05-05,not_General
103914,Porvoon Energia Oy,24,2026-05-05,not_General
103915,Korpelan Energia Oy,24,2026-05-05,not_exact_fixed_segment;not_FixedPrice
103916,Hehku Energia Oy,12,2026-05-05,not_exact_fixed_segment;not_FixedPrice
103919,Keravan Energia Oy,24,2026-05-05,not_exact_fixed_segment;not_FixedPrice
103920,Nurmijärven Sähkö Oy,12,2026-05-05,not_General
103924,Paneliankosken Voima Oy,24,2026-05-05,not_General
103935,Nurmijärven Sähkö Oy,24,2026-05-05,not_General
103942,Lammaisten Energia Oy,24,2026-05-05,not_exact_fixed_segment;not_FixedPrice;not_General
103943,Pohjois-Karjalan Sähkö Oy,24,2026-05-05,not_General
103945,Koillis-Satakunnan Sähkö Oy,12,2026-05-05,not_General
103947,Porvoon Energia Oy,12,2026-05-05,not_General
103950,Omavoima Oy,24,2026-05-05,not_exact_fixed_segment;not_FixedPrice
103953,Nurmijärven Sähkö Oy,24,2026-05-05,not_General
103954,Koillis-Satakunnan Sähkö Oy,24,2026-05-05,not_General
103960,Vaasan Sähkö Myynti Oy,6,2026-05-05,not_exact_fixed_segment;not_FixedPrice
103961,Nordic Green Energy,12,2026-05-05,not_exact_fixed_segment;not_FixedPrice
103963,Lammaisten Energia Oy,24,2026-05-05,not_General
103964,Äänekosken Energia Oy,6,2026-05-05,not_General
103965,Korpelan Energia Oy,12,2026-05-05,not_exact_fixed_segment;not_FixedPrice
103966,Kokkolan Energia Oy,24,2026-05-05,not_exact_fixed_segment;not_FixedPrice
103972,Fortum Markets Oy,12,2026-05-05,not_exact_fixed_segment;not_FixedPrice
103977,Keravan Energia Oy,12,2026-05-05,not_exact_fixed_segment;not_FixedPrice
103979,Vaasan Sähkö Myynti Oy,12,2026-05-05,not_General
103987,Koillis-Satakunnan Sähkö Oy,12,2026-05-05,not_General
103988,Kokkolan Energia Oy,12,2026-05-05,not_exact_fixed_segment;not_FixedPrice
103995,Äänekosken Energia Oy,12,2026-05-05,not_General
103997,Koillis-Satakunnan Sähkö Oy,24,2026-05-05,not_exact_fixed_segment;not_FixedPrice
104000,Helen Oy,12,2026-05-05,not_exact_fixed_segment;not_FixedPrice
104002,Lumme Energia,24,2026-05-05,not_exact_fixed_segment;not_FixedPrice
104005,Vaasan Sähkö Myynti Oy,24,2026-05-05,not_exact_fixed_segment;not_FixedPrice
104010,Paneliankosken Voima Oy,24,2026-05-05,not_exact_fixed_segment;not_FixedPrice;not_General
104014,Alajärven Sähkö Oy,12,2026-05-05,not_General
104024,Keravan Energia Oy,24,2026-05-05,not_exact_fixed_segment;not_FixedPrice
104028,Pohjois-Karjalan Sähkö Oy,12,2026-05-05,not_General
104034,Imatran Seudun Sähkö Oy,6,2026-05-05,not_exact_fixed_segment;not_FixedPrice
104037,Imatran Seudun Sähkö Oy,12,2026-05-05,not_exact_fixed_segment;not_FixedPrice
104046,Lumme Energia,12,2026-05-05,not_exact_fixed_segment;not_FixedPrice
104049,Imatran Seudun Sähkö Oy,24,2026-05-05,not_exact_fixed_segment;not_FixedPrice
104052,Porvoon Energia Oy,12,2026-05-05,not_General
104053,Fortum Markets Oy,24,2026-05-05,not_exact_fixed_segment;not_FixedPrice
104058,Äänekosken Energia Oy,24,2026-05-05,not_General
104059,Köyliön-Säkylän Sähkö Oy,24,2026-05-05,not_General
104065,Köyliön-Säkylän Sähkö Oy,24,2026-05-05,not_General
104070,Turku Energia Oy,12,2026-05-05,not_exact_fixed_segment;not_FixedPrice
104071,Lammaisten Energia Oy,12,2026-05-05,not_exact_fixed_segment;not_FixedPrice;not_General
104075,Pohjois-Karjalan Sähkö Oy,6,2026-05-05,not_General
104083,Äänekosken Energia Oy,24,2026-05-05,not_General
104086,Oomi Oy,24,2026-05-05,not_exact_fixed_segment;not_FixedPrice
104089,Omavoima Oy,12,2026-05-05,not_General
104092,Oomi Oy,6,2026-05-05,not_exact_fixed_segment;not_FixedPrice
104102,Koillis-Satakunnan Sähkö Oy,12,2026-05-05,not_exact_fixed_segment;not_FixedPrice
104109,Omavoima Oy,12,2026-05-05,not_General
104111,Nordic Green Energy,24,2026-05-05,not_exact_fixed_segment;not_FixedPrice
104112,Paneliankosken Voima Oy,24,2026-05-05,not_exact_fixed_segment;not_FixedPrice
104114,Vaasan Sähkö Myynti Oy,6,2026-05-05,not_General
104116,Lammaisten Energia Oy,24,2026-05-05,not_exact_fixed_segment;not_FixedPrice
104117,Lammaisten Energia Oy,12,2026-05-05,not_exact_fixed_segment;not_FixedPrice;not_General
104118,Vaasan Sähkö Myynti Oy,12,2026-05-05,not_exact_fixed_segment;not_FixedPrice
104139,Köyliön-Säkylän Sähkö Oy,12,2026-05-05,not_General
104145,Nordic Green Energy,12,2026-05-05,not_exact_fixed_segment;not_FixedPrice
104147,Köyliön-Säkylän Sähkö Oy,12,2026-05-05,not_General
104148,Lammaisten Energia Oy,12,2026-05-05,not_General
104150,Omavoima Oy,24,2026-05-05,not_General
104151,Oomi Oy,12,2026-05-05,not_exact_fixed_segment;not_FixedPrice
104154,Koillis-Satakunnan Sähkö Oy,24,2026-05-05,not_General
104155,Alajärven Sähkö Oy,24,2026-05-05,not_General
104157,Keravan Energia Oy,12,2026-05-05,not_exact_fixed_segment;not_FixedPrice
104159,Pohjois-Karjalan Sähkö Oy,24,2026-05-05,not_General
104164,Porvoon Energia Oy,24,2026-05-05,not_General
104173,Lammaisten Energia Oy,24,2026-05-05,not_exact_fixed_segment;not_FixedPrice;not_General
104174,Helen Oy,24,2026-05-05,not_exact_fixed_segment;not_FixedPrice
104180,Koillis-Satakunnan Sähkö Oy,12,2026-05-05,not_General
104181,Hehku Energia Oy,24,2026-05-05,not_exact_fixed_segment;not_FixedPrice
104183,Pohjois-Karjalan Sähkö Oy,12,2026-05-05,not_General
104185,Lammaisten Energia Oy,12,2026-05-05,not_exact_fixed_segment;not_FixedPrice
104188,Nordic Green Energy,24,2026-05-05,not_exact_fixed_segment;not_FixedPrice
104194,Äänekosken Energia Oy,12,2026-05-05,not_General
104198,Nurmijärven Sähkö Oy,12,2026-05-05,not_General
104199,Äänekosken Energia Oy,6,2026-05-05,not_General
104203,Omavoima Oy,24,2026-05-05,not_General
104206,Keravan Energia Oy,12,2026-05-05,not_exact_fixed_segment;not_FixedPrice
104207,Nurmijärven Sähkö Oy,24,2026-05-05,not_General
104209,Lammaisten Energia Oy,12,2026-05-05,not_General
104212,Paneliankosken Voima Oy,12,2026-05-05,not_exact_fixed_segment;not_FixedPrice;not_General
104215,Paneliankosken Voima Oy,12,2026-05-05,not_General
104220,Vaasan Sähkö Myynti Oy,24,2026-05-05,not_General
104223,Porvoon Energia Oy,24,2026-05-05,not_General
104225,Lammaisten Energia Oy,24,2026-05-05,not_General
104227,Paneliankosken Voima Oy,12,2026-05-05,not_exact_fixed_segment;not_FixedPrice
104239,Porvoon Energia Oy,12,2026-05-06,not_General
104242,Pohjois-Karjalan Sähkö Oy,24,2026-05-06,not_General
104243,Korpelan Energia Oy,24,2026-05-06,not_exact_fixed_segment;not_FixedPrice
104244,Hehku Energia Oy,12,2026-05-06,not_exact_fixed_segment;not_FixedPrice
104246,Nurmijärven Sähkö Oy,12,2026-05-06,not_General
104250,Paneliankosken Voima Oy,24,2026-05-06,not_General
104260,Porvoon Energia Oy,24,2026-05-06,not_General
104263,Nurmijärven Sähkö Oy,24,2026-05-06,not_General
104274,Lammaisten Energia Oy,24,2026-05-06,not_exact_fixed_segment;not_FixedPrice;not_General
104277,Koillis-Satakunnan Sähkö Oy,12,2026-05-06,not_General
104280,Porvoon Energia Oy,24,2026-05-06,not_General
104282,Omavoima Oy,24,2026-05-06,not_exact_fixed_segment;not_FixedPrice
104285,Nurmijärven Sähkö Oy,24,2026-05-06,not_General
104286,Koillis-Satakunnan Sähkö Oy,24,2026-05-06,not_General
104292,Nordic Green Energy,12,2026-05-06,not_exact_fixed_segment;not_FixedPrice
104293,Pohjois-Karjalan Sähkö Oy,6,2026-05-06,not_General
104295,Lammaisten Energia Oy,24,2026-05-06,not_General
104296,Äänekosken Energia Oy,6,2026-05-06,not_General
104297,Korpelan Energia Oy,12,2026-05-06,not_exact_fixed_segment;not_FixedPrice
104298,Kokkolan Energia Oy,24,2026-05-06,not_exact_fixed_segment;not_FixedPrice
104304,Fortum Markets Oy,12,2026-05-06,not_exact_fixed_segment;not_FixedPrice
104309,Keravan Energia Oy,12,2026-05-06,not_exact_fixed_segment;not_FixedPrice
104319,Koillis-Satakunnan Sähkö Oy,12,2026-05-06,not_General
104320,Kokkolan Energia Oy,12,2026-05-06,not_exact_fixed_segment;not_FixedPrice
104324,Vaasan Sähkö Myynti Oy,6,2026-05-06,not_exact_fixed_segment;not_FixedPrice
104326,Äänekosken Energia Oy,12,2026-05-06,not_General
104329,Koillis-Satakunnan Sähkö Oy,24,2026-05-06,not_exact_fixed_segment;not_FixedPrice
104332,Helen Oy,12,2026-05-06,not_exact_fixed_segment;not_FixedPrice
104339,Vaasan Sähkö Myynti Oy,24,2026-05-06,not_General
104341,Paneliankosken Voima Oy,24,2026-05-06,not_exact_fixed_segment;not_FixedPrice;not_General
104345,Alajärven Sähkö Oy,12,2026-05-06,not_General
104352,Lumme Energia,24,2026-05-06,not_exact_fixed_segment;not_FixedPrice
104354,Vaasan Sähkö Myynti Oy,12,2026-05-06,not_General
104362,Imatran Seudun Sähkö Oy,6,2026-05-06,not_exact_fixed_segment;not_FixedPrice
104365,Imatran Seudun Sähkö Oy,12,2026-05-06,not_exact_fixed_segment;not_FixedPrice
104377,Imatran Seudun Sähkö Oy,24,2026-05-06,not_exact_fixed_segment;not_FixedPrice
104379,Fortum Markets Oy,24,2026-05-06,not_exact_fixed_segment;not_FixedPrice
104383,Äänekosken Energia Oy,24,2026-05-06,not_General
104384,Köyliön-Säkylän Sähkö Oy,24,2026-05-06,not_General
104387,Vaasan Sähkö Myynti Oy,24,2026-05-06,not_exact_fixed_segment;not_FixedPrice
104392,Köyliön-Säkylän Sähkö Oy,24,2026-05-06,not_General
104397,Turku Energia Oy,12,2026-05-06,not_exact_fixed_segment;not_FixedPrice
104398,Lammaisten Energia Oy,12,2026-05-06,not_exact_fixed_segment;not_FixedPrice;not_General
104404,Pohjois-Karjalan Sähkö Oy,12,2026-05-06,not_General
104410,Keravan Energia Oy,24,2026-05-06,not_exact_fixed_segment;not_FixedPrice
104411,Pohjois-Karjalan Sähkö Oy,6,2026-05-06,not_General
104412,Äänekosken Energia Oy,24,2026-05-06,not_General
104414,Oomi Oy,24,2026-05-06,not_exact_fixed_segment;not_FixedPrice
104417,Vaasan Sähkö Myynti Oy,6,2026-05-06,not_General
104418,Omavoima Oy,12,2026-05-06,not_General
104421,Oomi Oy,6,2026-05-06,not_exact_fixed_segment;not_FixedPrice
104432,Koillis-Satakunnan Sähkö Oy,12,2026-05-06,not_exact_fixed_segment;not_FixedPrice
104439,Omavoima Oy,12,2026-05-06,not_General
104441,Nordic Green Energy,24,2026-05-06,not_exact_fixed_segment;not_FixedPrice
104442,Paneliankosken Voima Oy,24,2026-05-06,not_exact_fixed_segment;not_FixedPrice
104444,Pohjois-Karjalan Sähkö Oy,12,2026-05-06,not_General
104446,Lammaisten Energia Oy,24,2026-05-06,not_exact_fixed_segment;not_FixedPrice
104447,Lammaisten Energia Oy,12,2026-05-06,not_exact_fixed_segment;not_FixedPrice;not_General
104461,Pohjois-Karjalan Sähkö Oy,24,2026-05-06,not_General
104471,Köyliön-Säkylän Sähkö Oy,12,2026-05-06,not_General
104473,Keravan Energia Oy,12,2026-05-06,not_exact_fixed_segment;not_FixedPrice
104477,Nordic Green Energy,12,2026-05-06,not_exact_fixed_segment;not_FixedPrice
104479,Köyliön-Säkylän Sähkö Oy,12,2026-05-06,not_General
104480,Lammaisten Energia Oy,12,2026-05-06,not_General
104482,Omavoima Oy,24,2026-05-06,not_General
104483,Oomi Oy,12,2026-05-06,not_exact_fixed_segment;not_FixedPrice
104485,Koillis-Satakunnan Sähkö Oy,24,2026-05-06,not_General
104486,Alajärven Sähkö Oy,24,2026-05-06,not_General
104489,Vaasan Sähkö Myynti Oy,12,2026-05-06,not_exact_fixed_segment;not_FixedPrice
104495,Lumme Energia,12,2026-05-06,not_exact_fixed_segment;not_FixedPrice
104503,Lammaisten Energia Oy,24,2026-05-06,not_exact_fixed_segment;not_FixedPrice;not_General
104504,Helen Oy,24,2026-05-06,not_exact_fixed_segment;not_FixedPrice
104511,Porvoon Energia Oy,24,2026-05-06,not_General
104513,Koillis-Satakunnan Sähkö Oy,12,2026-05-06,not_General
104514,Hehku Energia Oy,24,2026-05-06,not_exact_fixed_segment;not_FixedPrice
104516,Lammaisten Energia Oy,12,2026-05-06,not_exact_fixed_segment;not_FixedPrice
104519,Nordic Green Energy,24,2026-05-06,not_exact_fixed_segment;not_FixedPrice
104522,Porvoon Energia Oy,12,2026-05-06,not_General
104526,Äänekosken Energia Oy,12,2026-05-06,not_General
104531,Nurmijärven Sähkö Oy,12,2026-05-06,not_General
104532,Äänekosken Energia Oy,6,2026-05-06,not_General
104536,Omavoima Oy,24,2026-05-06,not_General
104539,Keravan Energia Oy,12,2026-05-06,not_exact_fixed_segment;not_FixedPrice
104540,Nurmijärven Sähkö Oy,24,2026-05-06,not_General
104541,Keravan Energia Oy,24,2026-05-06,not_exact_fixed_segment;not_FixedPrice
104542,Lammaisten Energia Oy,12,2026-05-06,not_General
104544,Paneliankosken Voima Oy,12,2026-05-06,not_exact_fixed_segment;not_FixedPrice;not_General
104547,Paneliankosken Voima Oy,12,2026-05-06,not_General
104555,Lammaisten Energia Oy,24,2026-05-06,not_General
104557,Paneliankosken Voima Oy,12,2026-05-06,not_exact_fixed_segment;not_FixedPrice
104568,Porvoon Energia Oy,12,2026-05-07,not_General
104571,Pohjois-Karjalan Sähkö Oy,24,2026-05-07,not_General
104572,Korpelan Energia Oy,24,2026-05-07,not_exact_fixed_segment;not_FixedPrice
104573,Hehku Energia Oy,12,2026-05-07,not_exact_fixed_segment;not_FixedPrice
104575,Nurmijärven Sähkö Oy,12,2026-05-07,not_General
104579,Paneliankosken Voima Oy,24,2026-05-07,not_General
104588,Porvoon Energia Oy,24,2026-05-07,not_General
104591,Nurmijärven Sähkö Oy,24,2026-05-07,not_General
104602,Lammaisten Energia Oy,24,2026-05-07,not_exact_fixed_segment;not_FixedPrice;not_General
104605,Koillis-Satakunnan Sähkö Oy,12,2026-05-07,not_General
104608,Porvoon Energia Oy,24,2026-05-07,not_General
104610,Omavoima Oy,24,2026-05-07,not_exact_fixed_segment;not_FixedPrice
104613,Nurmijärven Sähkö Oy,24,2026-05-07,not_General
104614,Koillis-Satakunnan Sähkö Oy,24,2026-05-07,not_General
104620,Nordic Green Energy,12,2026-05-07,not_exact_fixed_segment;not_FixedPrice
104621,Pohjois-Karjalan Sähkö Oy,6,2026-05-07,not_General
104623,Lammaisten Energia Oy,24,2026-05-07,not_General
104624,Äänekosken Energia Oy,6,2026-05-07,not_General
104625,Korpelan Energia Oy,12,2026-05-07,not_exact_fixed_segment;not_FixedPrice
104626,Kokkolan Energia Oy,24,2026-05-07,not_exact_fixed_segment;not_FixedPrice
104632,Fortum Markets Oy,12,2026-05-07,not_exact_fixed_segment;not_FixedPrice
104637,Keravan Energia Oy,12,2026-05-07,not_exact_fixed_segment;not_FixedPrice
104646,Koillis-Satakunnan Sähkö Oy,12,2026-05-07,not_General
104647,Kokkolan Energia Oy,12,2026-05-07,not_exact_fixed_segment;not_FixedPrice
104651,Vaasan Sähkö Myynti Oy,6,2026-05-07,not_exact_fixed_segment;not_FixedPrice
104653,Äänekosken Energia Oy,12,2026-05-07,not_General
104657,Koillis-Satakunnan Sähkö Oy,24,2026-05-07,not_exact_fixed_segment;not_FixedPrice
104660,Helen Oy,12,2026-05-07,not_exact_fixed_segment;not_FixedPrice
104667,Vaasan Sähkö Myynti Oy,24,2026-05-07,not_General
104669,Paneliankosken Voima Oy,24,2026-05-07,not_exact_fixed_segment;not_FixedPrice;not_General
104673,Alajärven Sähkö Oy,12,2026-05-07,not_General
104679,Lumme Energia,24,2026-05-07,not_exact_fixed_segment;not_FixedPrice
104681,Vaasan Sähkö Myynti Oy,12,2026-05-07,not_General
104689,Imatran Seudun Sähkö Oy,6,2026-05-07,not_exact_fixed_segment;not_FixedPrice
104692,Imatran Seudun Sähkö Oy,12,2026-05-07,not_exact_fixed_segment;not_FixedPrice
104704,Imatran Seudun Sähkö Oy,24,2026-05-07,not_exact_fixed_segment;not_FixedPrice
104706,Fortum Markets Oy,24,2026-05-07,not_exact_fixed_segment;not_FixedPrice
104710,Äänekosken Energia Oy,24,2026-05-07,not_General
104711,Köyliön-Säkylän Sähkö Oy,24,2026-05-07,not_General
104714,Vaasan Sähkö Myynti Oy,24,2026-05-07,not_exact_fixed_segment;not_FixedPrice
104719,Köyliön-Säkylän Sähkö Oy,24,2026-05-07,not_General
104724,Turku Energia Oy,12,2026-05-07,not_exact_fixed_segment;not_FixedPrice
104725,Lammaisten Energia Oy,12,2026-05-07,not_exact_fixed_segment;not_FixedPrice;not_General
104731,Pohjois-Karjalan Sähkö Oy,12,2026-05-07,not_General
104737,Keravan Energia Oy,24,2026-05-07,not_exact_fixed_segment;not_FixedPrice
104738,Pohjois-Karjalan Sähkö Oy,6,2026-05-07,not_General
104739,Äänekosken Energia Oy,24,2026-05-07,not_General
104741,Oomi Oy,24,2026-05-07,not_exact_fixed_segment;not_FixedPrice
104744,Vaasan Sähkö Myynti Oy,6,2026-05-07,not_General
104745,Omavoima Oy,12,2026-05-07,not_General
104748,Oomi Oy,6,2026-05-07,not_exact_fixed_segment;not_FixedPrice
104759,Koillis-Satakunnan Sähkö Oy,12,2026-05-07,not_exact_fixed_segment;not_FixedPrice
104766,Omavoima Oy,12,2026-05-07,not_General
104768,Nordic Green Energy,24,2026-05-07,not_exact_fixed_segment;not_FixedPrice
104769,Paneliankosken Voima Oy,24,2026-05-07,not_exact_fixed_segment;not_FixedPrice
104771,Pohjois-Karjalan Sähkö Oy,12,2026-05-07,not_General
104773,Lammaisten Energia Oy,24,2026-05-07,not_exact_fixed_segment;not_FixedPrice
104774,Lammaisten Energia Oy,12,2026-05-07,not_exact_fixed_segment;not_FixedPrice;not_General
104789,Pohjois-Karjalan Sähkö Oy,24,2026-05-07,not_General
104799,Köyliön-Säkylän Sähkö Oy,12,2026-05-07,not_General
104801,Keravan Energia Oy,12,2026-05-07,not_exact_fixed_segment;not_FixedPrice
104805,Nordic Green Energy,12,2026-05-07,not_exact_fixed_segment;not_FixedPrice
104807,Köyliön-Säkylän Sähkö Oy,12,2026-05-07,not_General
104808,Lammaisten Energia Oy,12,2026-05-07,not_General
104810,Omavoima Oy,24,2026-05-07,not_General
104811,Oomi Oy,12,2026-05-07,not_exact_fixed_segment;not_FixedPrice
104813,Koillis-Satakunnan Sähkö Oy,24,2026-05-07,not_General
104814,Alajärven Sähkö Oy,24,2026-05-07,not_General
104817,Vaasan Sähkö Myynti Oy,12,2026-05-07,not_exact_fixed_segment;not_FixedPrice
104823,Lumme Energia,12,2026-05-07,not_exact_fixed_segment;not_FixedPrice
104831,Lammaisten Energia Oy,24,2026-05-07,not_exact_fixed_segment;not_FixedPrice;not_General
104832,Helen Oy,24,2026-05-07,not_exact_fixed_segment;not_FixedPrice
104839,Porvoon Energia Oy,24,2026-05-07,not_General
104841,Koillis-Satakunnan Sähkö Oy,12,2026-05-07,not_General
104842,Hehku Energia Oy,24,2026-05-07,not_exact_fixed_segment;not_FixedPrice
104844,Lammaisten Energia Oy,12,2026-05-07,not_exact_fixed_segment;not_FixedPrice
104847,Nordic Green Energy,24,2026-05-07,not_exact_fixed_segment;not_FixedPrice
104850,Porvoon Energia Oy,12,2026-05-07,not_General
104854,Äänekosken Energia Oy,12,2026-05-07,not_General
104859,Nurmijärven Sähkö Oy,12,2026-05-07,not_General
104860,Äänekosken Energia Oy,6,2026-05-07,not_General
104864,Omavoima Oy,24,2026-05-07,not_General
104867,Keravan Energia Oy,12,2026-05-07,not_exact_fixed_segment;not_FixedPrice
104868,Nurmijärven Sähkö Oy,24,2026-05-07,not_General
104869,Keravan Energia Oy,24,2026-05-07,not_exact_fixed_segment;not_FixedPrice
104870,Lammaisten Energia Oy,12,2026-05-07,not_General
104872,Paneliankosken Voima Oy,12,2026-05-07,not_exact_fixed_segment;not_FixedPrice;not_General
104875,Paneliankosken Voima Oy,12,2026-05-07,not_General
104884,Lammaisten Energia Oy,24,2026-05-07,not_General
104886,Paneliankosken Voima Oy,12,2026-05-07,not_exact_fixed_segment;not_FixedPrice
104897,Porvoon Energia Oy,12,2026-05-08,not_General
104901,Pohjois-Karjalan Sähkö Oy,24,2026-05-08,not_General
104902,Korpelan Energia Oy,24,2026-05-08,not_exact_fixed_segment;not_FixedPrice
104904,Nurmijärven Sähkö Oy,12,2026-05-08,not_General
104908,Paneliankosken Voima Oy,24,2026-05-08,not_General
104913,Oomi Oy,24,2026-05-08,not_exact_fixed_segment;not_FixedPrice
104916,Porvoon Energia Oy,24,2026-05-08,not_General
104919,Nurmijärven Sähkö Oy,24,2026-05-08,not_General
104929,Lammaisten Energia Oy,24,2026-05-08,not_exact_fixed_segment;not_FixedPrice;not_General
104933,Koillis-Satakunnan Sähkö Oy,12,2026-05-08,not_General
104936,Porvoon Energia Oy,24,2026-05-08,not_General
104938,Omavoima Oy,24,2026-05-08,not_exact_fixed_segment;not_FixedPrice
104941,Nurmijärven Sähkö Oy,24,2026-05-08,not_General
104942,Koillis-Satakunnan Sähkö Oy,24,2026-05-08,not_General
104949,Nordic Green Energy,12,2026-05-08,not_exact_fixed_segment;not_FixedPrice
104950,Pohjois-Karjalan Sähkö Oy,6,2026-05-08,not_General
104952,Lammaisten Energia Oy,24,2026-05-08,not_General
104953,Äänekosken Energia Oy,6,2026-05-08,not_General
104954,Korpelan Energia Oy,12,2026-05-08,not_exact_fixed_segment;not_FixedPrice
104955,Kokkolan Energia Oy,24,2026-05-08,not_exact_fixed_segment;not_FixedPrice
104960,Fortum Markets Oy,12,2026-05-08,not_exact_fixed_segment;not_FixedPrice
104964,Keravan Energia Oy,12,2026-05-08,not_exact_fixed_segment;not_FixedPrice
104974,Koillis-Satakunnan Sähkö Oy,12,2026-05-08,not_General
104975,Kokkolan Energia Oy,12,2026-05-08,not_exact_fixed_segment;not_FixedPrice
104977,Vaasan Sähkö Myynti Oy,6,2026-05-08,not_exact_fixed_segment;not_FixedPrice
104979,Äänekosken Energia Oy,12,2026-05-08,not_General
104983,Koillis-Satakunnan Sähkö Oy,24,2026-05-08,not_exact_fixed_segment;not_FixedPrice
104987,Helen Oy,12,2026-05-08,not_exact_fixed_segment;not_FixedPrice
104994,Vaasan Sähkö Myynti Oy,24,2026-05-08,not_General
104996,Paneliankosken Voima Oy,24,2026-05-08,not_exact_fixed_segment;not_FixedPrice;not_General
104999,Alajärven Sähkö Oy,12,2026-05-08,not_General
105004,Lumme Energia,24,2026-05-08,not_exact_fixed_segment;not_FixedPrice
105006,Vaasan Sähkö Myynti Oy,12,2026-05-08,not_General
105014,Imatran Seudun Sähkö Oy,6,2026-05-08,not_exact_fixed_segment;not_FixedPrice
105016,Imatran Seudun Sähkö Oy,12,2026-05-08,not_exact_fixed_segment;not_FixedPrice
105028,Imatran Seudun Sähkö Oy,24,2026-05-08,not_exact_fixed_segment;not_FixedPrice
105031,Fortum Markets Oy,24,2026-05-08,not_exact_fixed_segment;not_FixedPrice
105034,Äänekosken Energia Oy,24,2026-05-08,not_General
105035,Köyliön-Säkylän Sähkö Oy,24,2026-05-08,not_General
105038,Vaasan Sähkö Myynti Oy,24,2026-05-08,not_exact_fixed_segment;not_FixedPrice
105043,Köyliön-Säkylän Sähkö Oy,24,2026-05-08,not_General
105048,Turku Energia Oy,12,2026-05-08,not_exact_fixed_segment;not_FixedPrice
105049,Lammaisten Energia Oy,12,2026-05-08,not_exact_fixed_segment;not_FixedPrice;not_General
105055,Pohjois-Karjalan Sähkö Oy,12,2026-05-08,not_General
105061,Keravan Energia Oy,24,2026-05-08,not_exact_fixed_segment;not_FixedPrice
105062,Pohjois-Karjalan Sähkö Oy,6,2026-05-08,not_General
105063,Äänekosken Energia Oy,24,2026-05-08,not_General
105067,Vaasan Sähkö Myynti Oy,6,2026-05-08,not_General
105068,Omavoima Oy,12,2026-05-08,not_General
105078,Koillis-Satakunnan Sähkö Oy,12,2026-05-08,not_exact_fixed_segment;not_FixedPrice
105085,Omavoima Oy,12,2026-05-08,not_General
105086,Nordic Green Energy,24,2026-05-08,not_exact_fixed_segment;not_FixedPrice
105087,Paneliankosken Voima Oy,24,2026-05-08,not_exact_fixed_segment;not_FixedPrice
105089,Oomi Oy,6,2026-05-08,not_exact_fixed_segment;not_FixedPrice
105090,Pohjois-Karjalan Sähkö Oy,12,2026-05-08,not_General
105093,Lammaisten Energia Oy,24,2026-05-08,not_exact_fixed_segment;not_FixedPrice
105094,Lammaisten Energia Oy,12,2026-05-08,not_exact_fixed_segment;not_FixedPrice;not_General
105110,Pohjois-Karjalan Sähkö Oy,24,2026-05-08,not_General
105123,Köyliön-Säkylän Sähkö Oy,12,2026-05-08,not_General
105126,Keravan Energia Oy,12,2026-05-08,not_exact_fixed_segment;not_FixedPrice
105129,Nordic Green Energy,12,2026-05-08,not_exact_fixed_segment;not_FixedPrice
105131,Köyliön-Säkylän Sähkö Oy,12,2026-05-08,not_General
105132,Lammaisten Energia Oy,12,2026-05-08,not_General
105134,Omavoima Oy,24,2026-05-08,not_General
105136,Koillis-Satakunnan Sähkö Oy,24,2026-05-08,not_General
105137,Alajärven Sähkö Oy,24,2026-05-08,not_General
105140,Vaasan Sähkö Myynti Oy,12,2026-05-08,not_exact_fixed_segment;not_FixedPrice
105146,Lumme Energia,12,2026-05-08,not_exact_fixed_segment;not_FixedPrice
105154,Lammaisten Energia Oy,24,2026-05-08,not_exact_fixed_segment;not_FixedPrice;not_General
105155,Helen Oy,24,2026-05-08,not_exact_fixed_segment;not_FixedPrice
105162,Porvoon Energia Oy,24,2026-05-08,not_General
105164,Koillis-Satakunnan Sähkö Oy,12,2026-05-08,not_General
105165,Oomi Oy,12,2026-05-08,not_exact_fixed_segment;not_FixedPrice
105167,Lammaisten Energia Oy,12,2026-05-08,not_exact_fixed_segment;not_FixedPrice
105170,Nordic Green Energy,24,2026-05-08,not_exact_fixed_segment;not_FixedPrice
105175,Porvoon Energia Oy,12,2026-05-08,not_General
105179,Äänekosken Energia Oy,12,2026-05-08,not_General
105184,Nurmijärven Sähkö Oy,12,2026-05-08,not_General
105185,Äänekosken Energia Oy,6,2026-05-08,not_General
105189,Omavoima Oy,24,2026-05-08,not_General
105192,Keravan Energia Oy,12,2026-05-08,not_exact_fixed_segment;not_FixedPrice
105193,Nurmijärven Sähkö Oy,24,2026-05-08,not_General
105194,Keravan Energia Oy,24,2026-05-08,not_exact_fixed_segment;not_FixedPrice
105195,Lammaisten Energia Oy,12,2026-05-08,not_General
105197,Hehku Energia Oy,24,2026-05-08,not_exact_fixed_segment;not_FixedPrice
105198,Paneliankosken Voima Oy,12,2026-05-08,not_exact_fixed_segment;not_FixedPrice;not_General
105201,Paneliankosken Voima Oy,12,2026-05-08,not_General
105211,Lammaisten Energia Oy,24,2026-05-08,not_General
105213,Paneliankosken Voima Oy,12,2026-05-08,not_exact_fixed_segment;not_FixedPrice
105220,Hehku Energia Oy,12,2026-05-08,not_exact_fixed_segment;not_FixedPrice
105225,Porvoon Energia Oy,12,2026-05-09,not_General
105229,Pohjois-Karjalan Sähkö Oy,24,2026-05-09,not_General
105230,Korpelan Energia Oy,24,2026-05-09,not_exact_fixed_segment;not_FixedPrice
105232,Nurmijärven Sähkö Oy,12,2026-05-09,not_General
105236,Paneliankosken Voima Oy,24,2026-05-09,not_General
105241,Oomi Oy,24,2026-05-09,not_exact_fixed_segment;not_FixedPrice
105243,Porvoon Energia Oy,24,2026-05-09,not_General
105246,Nurmijärven Sähkö Oy,24,2026-05-09,not_General
105256,Lammaisten Energia Oy,24,2026-05-09,not_exact_fixed_segment;not_FixedPrice;not_General
105260,Koillis-Satakunnan Sähkö Oy,12,2026-05-09,not_General
105263,Porvoon Energia Oy,24,2026-05-09,not_General
105265,Omavoima Oy,24,2026-05-09,not_exact_fixed_segment;not_FixedPrice
105268,Nurmijärven Sähkö Oy,24,2026-05-09,not_General
105269,Koillis-Satakunnan Sähkö Oy,24,2026-05-09,not_General
105276,Nordic Green Energy,12,2026-05-09,not_exact_fixed_segment;not_FixedPrice
105277,Pohjois-Karjalan Sähkö Oy,6,2026-05-09,not_General
105279,Lammaisten Energia Oy,24,2026-05-09,not_General
105280,Äänekosken Energia Oy,6,2026-05-09,not_General
105281,Korpelan Energia Oy,12,2026-05-09,not_exact_fixed_segment;not_FixedPrice
105282,Kokkolan Energia Oy,24,2026-05-09,not_exact_fixed_segment;not_FixedPrice
105287,Fortum Markets Oy,12,2026-05-09,not_exact_fixed_segment;not_FixedPrice
105291,Keravan Energia Oy,12,2026-05-09,not_exact_fixed_segment;not_FixedPrice
105301,Koillis-Satakunnan Sähkö Oy,12,2026-05-09,not_General
105302,Kokkolan Energia Oy,12,2026-05-09,not_exact_fixed_segment;not_FixedPrice
105304,Vaasan Sähkö Myynti Oy,6,2026-05-09,not_exact_fixed_segment;not_FixedPrice
105306,Äänekosken Energia Oy,12,2026-05-09,not_General
105309,Koillis-Satakunnan Sähkö Oy,24,2026-05-09,not_exact_fixed_segment;not_FixedPrice
105315,Helen Oy,12,2026-05-09,not_exact_fixed_segment;not_FixedPrice
105324,Vaasan Sähkö Myynti Oy,24,2026-05-09,not_General
105325,Paneliankosken Voima Oy,24,2026-05-09,not_exact_fixed_segment;not_FixedPrice;not_General
105328,Alajärven Sähkö Oy,12,2026-05-09,not_General
105330,Lumme Energia,12,2026-05-09,not_exact_fixed_segment;not_FixedPrice
105335,Vaasan Sähkö Myynti Oy,12,2026-05-09,not_General
105342,Lumme Energia,24,2026-05-09,not_exact_fixed_segment;not_FixedPrice
105343,Imatran Seudun Sähkö Oy,6,2026-05-09,not_exact_fixed_segment;not_FixedPrice
105345,Imatran Seudun Sähkö Oy,12,2026-05-09,not_exact_fixed_segment;not_FixedPrice
105357,Imatran Seudun Sähkö Oy,24,2026-05-09,not_exact_fixed_segment;not_FixedPrice
105361,Fortum Markets Oy,24,2026-05-09,not_exact_fixed_segment;not_FixedPrice
105364,Äänekosken Energia Oy,24,2026-05-09,not_General
105365,Köyliön-Säkylän Sähkö Oy,24,2026-05-09,not_General
105368,Vaasan Sähkö Myynti Oy,24,2026-05-09,not_exact_fixed_segment;not_FixedPrice
105372,Köyliön-Säkylän Sähkö Oy,24,2026-05-09,not_General
105377,Turku Energia Oy,12,2026-05-09,not_exact_fixed_segment;not_FixedPrice
105378,Lammaisten Energia Oy,12,2026-05-09,not_exact_fixed_segment;not_FixedPrice;not_General
105384,Pohjois-Karjalan Sähkö Oy,12,2026-05-09,not_General
105389,Keravan Energia Oy,24,2026-05-09,not_exact_fixed_segment;not_FixedPrice
105390,Pohjois-Karjalan Sähkö Oy,6,2026-05-09,not_General
105391,Äänekosken Energia Oy,24,2026-05-09,not_General
105395,Vaasan Sähkö Myynti Oy,6,2026-05-09,not_General
105396,Omavoima Oy,12,2026-05-09,not_General
105406,Koillis-Satakunnan Sähkö Oy,12,2026-05-09,not_exact_fixed_segment;not_FixedPrice
105413,Omavoima Oy,12,2026-05-09,not_General
105415,Nordic Green Energy,24,2026-05-09,not_exact_fixed_segment;not_FixedPrice
105416,Paneliankosken Voima Oy,24,2026-05-09,not_exact_fixed_segment;not_FixedPrice
105418,Oomi Oy,6,2026-05-09,not_exact_fixed_segment;not_FixedPrice
105419,Pohjois-Karjalan Sähkö Oy,12,2026-05-09,not_General
105422,Lammaisten Energia Oy,24,2026-05-09,not_exact_fixed_segment;not_FixedPrice
105423,Lammaisten Energia Oy,12,2026-05-09,not_exact_fixed_segment;not_FixedPrice;not_General
105438,Pohjois-Karjalan Sähkö Oy,24,2026-05-09,not_General
105451,Köyliön-Säkylän Sähkö Oy,12,2026-05-09,not_General
105454,Keravan Energia Oy,12,2026-05-09,not_exact_fixed_segment;not_FixedPrice
105457,Nordic Green Energy,12,2026-05-09,not_exact_fixed_segment;not_FixedPrice
105460,Köyliön-Säkylän Sähkö Oy,12,2026-05-09,not_General
105461,Lammaisten Energia Oy,12,2026-05-09,not_General
105463,Omavoima Oy,24,2026-05-09,not_General
105465,Koillis-Satakunnan Sähkö Oy,24,2026-05-09,not_General
105466,Alajärven Sähkö Oy,24,2026-05-09,not_General
105469,Vaasan Sähkö Myynti Oy,12,2026-05-09,not_exact_fixed_segment;not_FixedPrice
105482,Lammaisten Energia Oy,24,2026-05-09,not_exact_fixed_segment;not_FixedPrice;not_General
105483,Helen Oy,24,2026-05-09,not_exact_fixed_segment;not_FixedPrice
105489,Porvoon Energia Oy,24,2026-05-09,not_General
105491,Koillis-Satakunnan Sähkö Oy,12,2026-05-09,not_General
105492,Oomi Oy,12,2026-05-09,not_exact_fixed_segment;not_FixedPrice
105495,Lammaisten Energia Oy,12,2026-05-09,not_exact_fixed_segment;not_FixedPrice
105498,Nordic Green Energy,24,2026-05-09,not_exact_fixed_segment;not_FixedPrice
105503,Porvoon Energia Oy,12,2026-05-09,not_General
105507,Äänekosken Energia Oy,12,2026-05-09,not_General
105512,Nurmijärven Sähkö Oy,12,2026-05-09,not_General
105513,Äänekosken Energia Oy,6,2026-05-09,not_General
105517,Omavoima Oy,24,2026-05-09,not_General
105520,Keravan Energia Oy,12,2026-05-09,not_exact_fixed_segment;not_FixedPrice
105521,Nurmijärven Sähkö Oy,24,2026-05-09,not_General
105522,Keravan Energia Oy,24,2026-05-09,not_exact_fixed_segment;not_FixedPrice
105523,Lammaisten Energia Oy,12,2026-05-09,not_General
105525,Hehku Energia Oy,24,2026-05-09,not_exact_fixed_segment;not_FixedPrice
105526,Paneliankosken Voima Oy,12,2026-05-09,not_exact_fixed_segment;not_FixedPrice;not_General
105529,Paneliankosken Voima Oy,12,2026-05-09,not_General
105539,Lammaisten Energia Oy,24,2026-05-09,not_General
105541,Paneliankosken Voima Oy,12,2026-05-09,not_exact_fixed_segment;not_FixedPrice
105548,Hehku Energia Oy,12,2026-05-09,not_exact_fixed_segment;not_FixedPrice
105553,Porvoon Energia Oy,12,2026-05-10,not_General
105557,Pohjois-Karjalan Sähkö Oy,24,2026-05-10,not_General
105558,Korpelan Energia Oy,24,2026-05-10,not_exact_fixed_segment;not_FixedPrice
105560,Nurmijärven Sähkö Oy,12,2026-05-10,not_General
105564,Paneliankosken Voima Oy,24,2026-05-10,not_General
105569,Oomi Oy,24,2026-05-10,not_exact_fixed_segment;not_FixedPrice
105571,Porvoon Energia Oy,24,2026-05-10,not_General
105574,Nurmijärven Sähkö Oy,24,2026-05-10,not_General
105584,Lammaisten Energia Oy,24,2026-05-10,not_exact_fixed_segment;not_FixedPrice;not_General
105588,Koillis-Satakunnan Sähkö Oy,12,2026-05-10,not_General
105591,Porvoon Energia Oy,24,2026-05-10,not_General
105593,Omavoima Oy,24,2026-05-10,not_exact_fixed_segment;not_FixedPrice
105596,Nurmijärven Sähkö Oy,24,2026-05-10,not_General
105597,Koillis-Satakunnan Sähkö Oy,24,2026-05-10,not_General
105604,Nordic Green Energy,12,2026-05-10,not_exact_fixed_segment;not_FixedPrice
105605,Pohjois-Karjalan Sähkö Oy,6,2026-05-10,not_General
105607,Lammaisten Energia Oy,24,2026-05-10,not_General
105608,Äänekosken Energia Oy,6,2026-05-10,not_General
105609,Korpelan Energia Oy,12,2026-05-10,not_exact_fixed_segment;not_FixedPrice
105610,Kokkolan Energia Oy,24,2026-05-10,not_exact_fixed_segment;not_FixedPrice
105615,Fortum Markets Oy,12,2026-05-10,not_exact_fixed_segment;not_FixedPrice
105619,Keravan Energia Oy,12,2026-05-10,not_exact_fixed_segment;not_FixedPrice
105629,Koillis-Satakunnan Sähkö Oy,12,2026-05-10,not_General
105630,Kokkolan Energia Oy,12,2026-05-10,not_exact_fixed_segment;not_FixedPrice
105632,Vaasan Sähkö Myynti Oy,6,2026-05-10,not_exact_fixed_segment;not_FixedPrice
105634,Äänekosken Energia Oy,12,2026-05-10,not_General
105637,Koillis-Satakunnan Sähkö Oy,24,2026-05-10,not_exact_fixed_segment;not_FixedPrice
105643,Helen Oy,12,2026-05-10,not_exact_fixed_segment;not_FixedPrice
105652,Vaasan Sähkö Myynti Oy,24,2026-05-10,not_General
105653,Paneliankosken Voima Oy,24,2026-05-10,not_exact_fixed_segment;not_FixedPrice;not_General
105656,Alajärven Sähkö Oy,12,2026-05-10,not_General
105658,Lumme Energia,12,2026-05-10,not_exact_fixed_segment;not_FixedPrice
105663,Vaasan Sähkö Myynti Oy,12,2026-05-10,not_General
105670,Lumme Energia,24,2026-05-10,not_exact_fixed_segment;not_FixedPrice
105671,Imatran Seudun Sähkö Oy,6,2026-05-10,not_exact_fixed_segment;not_FixedPrice
105673,Imatran Seudun Sähkö Oy,12,2026-05-10,not_exact_fixed_segment;not_FixedPrice
105685,Imatran Seudun Sähkö Oy,24,2026-05-10,not_exact_fixed_segment;not_FixedPrice
105689,Fortum Markets Oy,24,2026-05-10,not_exact_fixed_segment;not_FixedPrice
105692,Äänekosken Energia Oy,24,2026-05-10,not_General
105693,Köyliön-Säkylän Sähkö Oy,24,2026-05-10,not_General
105696,Vaasan Sähkö Myynti Oy,24,2026-05-10,not_exact_fixed_segment;not_FixedPrice
105700,Köyliön-Säkylän Sähkö Oy,24,2026-05-10,not_General
105705,Turku Energia Oy,12,2026-05-10,not_exact_fixed_segment;not_FixedPrice
105706,Lammaisten Energia Oy,12,2026-05-10,not_exact_fixed_segment;not_FixedPrice;not_General
105712,Pohjois-Karjalan Sähkö Oy,12,2026-05-10,not_General
105717,Keravan Energia Oy,24,2026-05-10,not_exact_fixed_segment;not_FixedPrice
105718,Pohjois-Karjalan Sähkö Oy,6,2026-05-10,not_General
105719,Äänekosken Energia Oy,24,2026-05-10,not_General
105723,Vaasan Sähkö Myynti Oy,6,2026-05-10,not_General
105724,Omavoima Oy,12,2026-05-10,not_General
105734,Koillis-Satakunnan Sähkö Oy,12,2026-05-10,not_exact_fixed_segment;not_FixedPrice
105741,Omavoima Oy,12,2026-05-10,not_General
105743,Nordic Green Energy,24,2026-05-10,not_exact_fixed_segment;not_FixedPrice
105744,Paneliankosken Voima Oy,24,2026-05-10,not_exact_fixed_segment;not_FixedPrice
105746,Oomi Oy,6,2026-05-10,not_exact_fixed_segment;not_FixedPrice
105747,Pohjois-Karjalan Sähkö Oy,12,2026-05-10,not_General
105750,Lammaisten Energia Oy,24,2026-05-10,not_exact_fixed_segment;not_FixedPrice
105751,Lammaisten Energia Oy,12,2026-05-10,not_exact_fixed_segment;not_FixedPrice;not_General
105766,Pohjois-Karjalan Sähkö Oy,24,2026-05-10,not_General
105779,Köyliön-Säkylän Sähkö Oy,12,2026-05-10,not_General
105782,Keravan Energia Oy,12,2026-05-10,not_exact_fixed_segment;not_FixedPrice
105785,Nordic Green Energy,12,2026-05-10,not_exact_fixed_segment;not_FixedPrice
105788,Köyliön-Säkylän Sähkö Oy,12,2026-05-10,not_General
105789,Lammaisten Energia Oy,12,2026-05-10,not_General
105791,Omavoima Oy,24,2026-05-10,not_General
105793,Koillis-Satakunnan Sähkö Oy,24,2026-05-10,not_General
105794,Alajärven Sähkö Oy,24,2026-05-10,not_General
105797,Vaasan Sähkö Myynti Oy,12,2026-05-10,not_exact_fixed_segment;not_FixedPrice
105810,Lammaisten Energia Oy,24,2026-05-10,not_exact_fixed_segment;not_FixedPrice;not_General
105811,Helen Oy,24,2026-05-10,not_exact_fixed_segment;not_FixedPrice
105817,Porvoon Energia Oy,24,2026-05-10,not_General
105819,Koillis-Satakunnan Sähkö Oy,12,2026-05-10,not_General
105820,Oomi Oy,12,2026-05-10,not_exact_fixed_segment;not_FixedPrice
105823,Lammaisten Energia Oy,12,2026-05-10,not_exact_fixed_segment;not_FixedPrice
105826,Nordic Green Energy,24,2026-05-10,not_exact_fixed_segment;not_FixedPrice
105831,Porvoon Energia Oy,12,2026-05-10,not_General
105835,Äänekosken Energia Oy,12,2026-05-10,not_General
105840,Nurmijärven Sähkö Oy,12,2026-05-10,not_General
105841,Äänekosken Energia Oy,6,2026-05-10,not_General
105845,Omavoima Oy,24,2026-05-10,not_General
105848,Keravan Energia Oy,12,2026-05-10,not_exact_fixed_segment;not_FixedPrice
105849,Nurmijärven Sähkö Oy,24,2026-05-10,not_General
105850,Keravan Energia Oy,24,2026-05-10,not_exact_fixed_segment;not_FixedPrice
105851,Lammaisten Energia Oy,12,2026-05-10,not_General
105853,Hehku Energia Oy,24,2026-05-10,not_exact_fixed_segment;not_FixedPrice
105854,Paneliankosken Voima Oy,12,2026-05-10,not_exact_fixed_segment;not_FixedPrice;not_General
105857,Paneliankosken Voima Oy,12,2026-05-10,not_General
105867,Lammaisten Energia Oy,24,2026-05-10,not_General
105869,Paneliankosken Voima Oy,12,2026-05-10,not_exact_fixed_segment;not_FixedPrice
105876,Hehku Energia Oy,12,2026-05-10,not_exact_fixed_segment;not_FixedPrice
105881,Porvoon Energia Oy,12,2026-05-11,not_General
105885,Pohjois-Karjalan Sähkö Oy,24,2026-05-11,not_General
105887,Nurmijärven Sähkö Oy,12,2026-05-11,not_General
105891,Paneliankosken Voima Oy,24,2026-05-11,not_General
105896,Oomi Oy,24,2026-05-11,not_exact_fixed_segment;not_FixedPrice
105899,Porvoon Energia Oy,24,2026-05-11,not_General
105902,Nurmijärven Sähkö Oy,24,2026-05-11,not_General
105913,Lammaisten Energia Oy,24,2026-05-11,not_exact_fixed_segment;not_FixedPrice;not_General
105918,Koillis-Satakunnan Sähkö Oy,12,2026-05-11,not_General
105921,Porvoon Energia Oy,24,2026-05-11,not_General
105923,Omavoima Oy,24,2026-05-11,not_exact_fixed_segment;not_FixedPrice
105926,Nurmijärven Sähkö Oy,24,2026-05-11,not_General
105927,Koillis-Satakunnan Sähkö Oy,24,2026-05-11,not_General
105934,Nordic Green Energy,12,2026-05-11,not_exact_fixed_segment;not_FixedPrice
105935,Pohjois-Karjalan Sähkö Oy,6,2026-05-11,not_General
105937,Lammaisten Energia Oy,24,2026-05-11,not_General
105938,Äänekosken Energia Oy,6,2026-05-11,not_General
105939,Kokkolan Energia Oy,24,2026-05-11,not_exact_fixed_segment;not_FixedPrice
105947,Keravan Energia Oy,12,2026-05-11,not_exact_fixed_segment;not_FixedPrice
105950,Korpelan Energia Oy,24,2026-05-11,not_exact_fixed_segment;not_FixedPrice
105957,Koillis-Satakunnan Sähkö Oy,12,2026-05-11,not_General
105958,Kokkolan Energia Oy,12,2026-05-11,not_exact_fixed_segment;not_FixedPrice
105961,Vaasan Sähkö Myynti Oy,6,2026-05-11,not_exact_fixed_segment;not_FixedPrice
105963,Äänekosken Energia Oy,12,2026-05-11,not_General
105966,Koillis-Satakunnan Sähkö Oy,24,2026-05-11,not_exact_fixed_segment;not_FixedPrice
105971,Helen Oy,12,2026-05-11,not_exact_fixed_segment;not_FixedPrice
105979,Vaasan Sähkö Myynti Oy,24,2026-05-11,not_General
105980,Paneliankosken Voima Oy,24,2026-05-11,not_exact_fixed_segment;not_FixedPrice;not_General
105983,Alajärven Sähkö Oy,12,2026-05-11,not_General
105985,Lumme Energia,12,2026-05-11,not_exact_fixed_segment;not_FixedPrice
105990,Vaasan Sähkö Myynti Oy,12,2026-05-11,not_General
105996,Fortum Markets Oy,12,2026-05-11,not_exact_fixed_segment;not_FixedPrice
105998,Lumme Energia,24,2026-05-11,not_exact_fixed_segment;not_FixedPrice
105999,Imatran Seudun Sähkö Oy,6,2026-05-11,not_exact_fixed_segment;not_FixedPrice
106001,Imatran Seudun Sähkö Oy,12,2026-05-11,not_exact_fixed_segment;not_FixedPrice
106014,Imatran Seudun Sähkö Oy,24,2026-05-11,not_exact_fixed_segment;not_FixedPrice
106018,Fortum Markets Oy,24,2026-05-11,not_exact_fixed_segment;not_FixedPrice
106021,Äänekosken Energia Oy,24,2026-05-11,not_General
106022,Köyliön-Säkylän Sähkö Oy,24,2026-05-11,not_General
106025,Vaasan Sähkö Myynti Oy,24,2026-05-11,not_exact_fixed_segment;not_FixedPrice
106029,Köyliön-Säkylän Sähkö Oy,24,2026-05-11,not_General
106034,Turku Energia Oy,12,2026-05-11,not_exact_fixed_segment;not_FixedPrice
106035,Lammaisten Energia Oy,12,2026-05-11,not_exact_fixed_segment;not_FixedPrice;not_General
106042,Pohjois-Karjalan Sähkö Oy,12,2026-05-11,not_General
106047,Keravan Energia Oy,24,2026-05-11,not_exact_fixed_segment;not_FixedPrice
106048,Pohjois-Karjalan Sähkö Oy,6,2026-05-11,not_General
106049,Äänekosken Energia Oy,24,2026-05-11,not_General
106053,Vaasan Sähkö Myynti Oy,6,2026-05-11,not_General
106054,Omavoima Oy,12,2026-05-11,not_General
106063,Koillis-Satakunnan Sähkö Oy,12,2026-05-11,not_exact_fixed_segment;not_FixedPrice
106070,Omavoima Oy,12,2026-05-11,not_General
106072,Nordic Green Energy,24,2026-05-11,not_exact_fixed_segment;not_FixedPrice
106073,Paneliankosken Voima Oy,24,2026-05-11,not_exact_fixed_segment;not_FixedPrice
106075,Oomi Oy,6,2026-05-11,not_exact_fixed_segment;not_FixedPrice
106076,Pohjois-Karjalan Sähkö Oy,12,2026-05-11,not_General
106079,Lammaisten Energia Oy,24,2026-05-11,not_exact_fixed_segment;not_FixedPrice
106080,Lammaisten Energia Oy,12,2026-05-11,not_exact_fixed_segment;not_FixedPrice;not_General
106095,Pohjois-Karjalan Sähkö Oy,24,2026-05-11,not_General
106108,Köyliön-Säkylän Sähkö Oy,12,2026-05-11,not_General
106111,Keravan Energia Oy,12,2026-05-11,not_exact_fixed_segment;not_FixedPrice
106113,Nordic Green Energy,12,2026-05-11,not_exact_fixed_segment;not_FixedPrice
106116,Köyliön-Säkylän Sähkö Oy,12,2026-05-11,not_General
106117,Lammaisten Energia Oy,12,2026-05-11,not_General
106119,Omavoima Oy,24,2026-05-11,not_General
106121,Koillis-Satakunnan Sähkö Oy,24,2026-05-11,not_General
106122,Alajärven Sähkö Oy,24,2026-05-11,not_General
106125,Vaasan Sähkö Myynti Oy,12,2026-05-11,not_exact_fixed_segment;not_FixedPrice
106138,Lammaisten Energia Oy,24,2026-05-11,not_exact_fixed_segment;not_FixedPrice;not_General
106139,Helen Oy,24,2026-05-11,not_exact_fixed_segment;not_FixedPrice
106145,Porvoon Energia Oy,24,2026-05-11,not_General
106147,Koillis-Satakunnan Sähkö Oy,12,2026-05-11,not_General
106148,Oomi Oy,12,2026-05-11,not_exact_fixed_segment;not_FixedPrice
106151,Lammaisten Energia Oy,12,2026-05-11,not_exact_fixed_segment;not_FixedPrice
106154,Nordic Green Energy,24,2026-05-11,not_exact_fixed_segment;not_FixedPrice
106158,Porvoon Energia Oy,12,2026-05-11,not_General
106162,Äänekosken Energia Oy,12,2026-05-11,not_General
106167,Nurmijärven Sähkö Oy,12,2026-05-11,not_General
106168,Äänekosken Energia Oy,6,2026-05-11,not_General
106172,Omavoima Oy,24,2026-05-11,not_General
106175,Keravan Energia Oy,12,2026-05-11,not_exact_fixed_segment;not_FixedPrice
106176,Nurmijärven Sähkö Oy,24,2026-05-11,not_General
106177,Keravan Energia Oy,24,2026-05-11,not_exact_fixed_segment;not_FixedPrice
106178,Lammaisten Energia Oy,12,2026-05-11,not_General
106180,Hehku Energia Oy,24,2026-05-11,not_exact_fixed_segment;not_FixedPrice
106181,Paneliankosken Voima Oy,12,2026-05-11,not_exact_fixed_segment;not_FixedPrice;not_General
106184,Paneliankosken Voima Oy,12,2026-05-11,not_General
106194,Lammaisten Energia Oy,24,2026-05-11,not_General
106196,Paneliankosken Voima Oy,12,2026-05-11,not_exact_fixed_segment;not_FixedPrice
106199,Korpelan Energia Oy,12,2026-05-11,not_exact_fixed_segment;not_FixedPrice
106204,Hehku Energia Oy,12,2026-05-11,not_exact_fixed_segment;not_FixedPrice
106209,Porvoon Energia Oy,12,2026-05-12,not_General
106213,Pohjois-Karjalan Sähkö Oy,24,2026-05-12,not_General
106215,Nurmijärven Sähkö Oy,12,2026-05-12,not_General
106219,Paneliankosken Voima Oy,24,2026-05-12,not_General
106224,Oomi Oy,24,2026-05-12,not_exact_fixed_segment;not_FixedPrice
106227,Porvoon Energia Oy,24,2026-05-12,not_General
106231,Nurmijärven Sähkö Oy,24,2026-05-12,not_General
106242,Lammaisten Energia Oy,24,2026-05-12,not_exact_fixed_segment;not_FixedPrice;not_General
106247,Koillis-Satakunnan Sähkö Oy,12,2026-05-12,not_General
106251,Porvoon Energia Oy,24,2026-05-12,not_General
106253,Omavoima Oy,24,2026-05-12,not_exact_fixed_segment;not_FixedPrice
106256,Nurmijärven Sähkö Oy,24,2026-05-12,not_General
106257,Koillis-Satakunnan Sähkö Oy,24,2026-05-12,not_General
106264,Nordic Green Energy,12,2026-05-12,not_exact_fixed_segment;not_FixedPrice
106265,Pohjois-Karjalan Sähkö Oy,6,2026-05-12,not_General
106267,Lammaisten Energia Oy,24,2026-05-12,not_General
106268,Äänekosken Energia Oy,6,2026-05-12,not_General
106269,Kokkolan Energia Oy,24,2026-05-12,not_exact_fixed_segment;not_FixedPrice
106278,Keravan Energia Oy,12,2026-05-12,not_exact_fixed_segment;not_FixedPrice
106281,Korpelan Energia Oy,24,2026-05-12,not_exact_fixed_segment;not_FixedPrice
106288,Koillis-Satakunnan Sähkö Oy,12,2026-05-12,not_General
106289,Kokkolan Energia Oy,12,2026-05-12,not_exact_fixed_segment;not_FixedPrice
106292,Vaasan Sähkö Myynti Oy,6,2026-05-12,not_exact_fixed_segment;not_FixedPrice
106294,Äänekosken Energia Oy,12,2026-05-12,not_General
106296,Koillis-Satakunnan Sähkö Oy,24,2026-05-12,not_exact_fixed_segment;not_FixedPrice
106308,Vaasan Sähkö Myynti Oy,24,2026-05-12,not_General
106309,Paneliankosken Voima Oy,24,2026-05-12,not_exact_fixed_segment;not_FixedPrice;not_General
106312,Alajärven Sähkö Oy,12,2026-05-12,not_General
106314,Lumme Energia,12,2026-05-12,not_exact_fixed_segment;not_FixedPrice
106319,Vaasan Sähkö Myynti Oy,12,2026-05-12,not_General
106325,Fortum Markets Oy,12,2026-05-12,not_exact_fixed_segment;not_FixedPrice
106327,Lumme Energia,24,2026-05-12,not_exact_fixed_segment;not_FixedPrice
106328,Imatran Seudun Sähkö Oy,6,2026-05-12,not_exact_fixed_segment;not_FixedPrice
106330,Imatran Seudun Sähkö Oy,12,2026-05-12,not_exact_fixed_segment;not_FixedPrice
106343,Imatran Seudun Sähkö Oy,24,2026-05-12,not_exact_fixed_segment;not_FixedPrice
106347,Fortum Markets Oy,24,2026-05-12,not_exact_fixed_segment;not_FixedPrice
106350,Äänekosken Energia Oy,24,2026-05-12,not_General
106351,Köyliön-Säkylän Sähkö Oy,24,2026-05-12,not_General
106353,Vaasan Sähkö Myynti Oy,24,2026-05-12,not_exact_fixed_segment;not_FixedPrice
106357,Köyliön-Säkylän Sähkö Oy,24,2026-05-12,not_General
106362,Turku Energia Oy,12,2026-05-12,not_exact_fixed_segment;not_FixedPrice
106363,Lammaisten Energia Oy,12,2026-05-12,not_exact_fixed_segment;not_FixedPrice;not_General
106365,Helen Oy,24,2026-05-12,not_exact_fixed_segment;not_FixedPrice
106372,Pohjois-Karjalan Sähkö Oy,12,2026-05-12,not_General
106377,Keravan Energia Oy,24,2026-05-12,not_exact_fixed_segment;not_FixedPrice
106378,Pohjois-Karjalan Sähkö Oy,6,2026-05-12,not_General
106379,Äänekosken Energia Oy,24,2026-05-12,not_General
106383,Vaasan Sähkö Myynti Oy,6,2026-05-12,not_General
106384,Omavoima Oy,12,2026-05-12,not_General
106394,Koillis-Satakunnan Sähkö Oy,12,2026-05-12,not_exact_fixed_segment;not_FixedPrice
106401,Omavoima Oy,12,2026-05-12,not_General
106403,Nordic Green Energy,24,2026-05-12,not_exact_fixed_segment;not_FixedPrice
106404,Paneliankosken Voima Oy,24,2026-05-12,not_exact_fixed_segment;not_FixedPrice
106405,Oomi Oy,6,2026-05-12,not_exact_fixed_segment;not_FixedPrice
106406,Pohjois-Karjalan Sähkö Oy,12,2026-05-12,not_General
106409,Lammaisten Energia Oy,24,2026-05-12,not_exact_fixed_segment;not_FixedPrice
106410,Lammaisten Energia Oy,12,2026-05-12,not_exact_fixed_segment;not_FixedPrice;not_General
106425,Pohjois-Karjalan Sähkö Oy,24,2026-05-12,not_General
106438,Köyliön-Säkylän Sähkö Oy,12,2026-05-12,not_General
106441,Keravan Energia Oy,12,2026-05-12,not_exact_fixed_segment;not_FixedPrice
106443,Nordic Green Energy,12,2026-05-12,not_exact_fixed_segment;not_FixedPrice
106446,Köyliön-Säkylän Sähkö Oy,12,2026-05-12,not_General
106447,Lammaisten Energia Oy,12,2026-05-12,not_General
106449,Omavoima Oy,24,2026-05-12,not_General
106451,Koillis-Satakunnan Sähkö Oy,24,2026-05-12,not_General
106452,Alajärven Sähkö Oy,24,2026-05-12,not_General
106455,Vaasan Sähkö Myynti Oy,12,2026-05-12,not_exact_fixed_segment;not_FixedPrice
106467,Lammaisten Energia Oy,24,2026-05-12,not_exact_fixed_segment;not_FixedPrice;not_General
106473,Porvoon Energia Oy,24,2026-05-12,not_General
106475,Koillis-Satakunnan Sähkö Oy,12,2026-05-12,not_General
106476,Helen Oy,12,2026-05-12,not_exact_fixed_segment;not_FixedPrice
106477,Oomi Oy,12,2026-05-12,not_exact_fixed_segment;not_FixedPrice
106479,Lammaisten Energia Oy,12,2026-05-12,not_exact_fixed_segment;not_FixedPrice
106482,Nordic Green Energy,24,2026-05-12,not_exact_fixed_segment;not_FixedPrice
106486,Porvoon Energia Oy,12,2026-05-12,not_General
106489,Äänekosken Energia Oy,12,2026-05-12,not_General
106494,Nurmijärven Sähkö Oy,12,2026-05-12,not_General
106495,Äänekosken Energia Oy,6,2026-05-12,not_General
106499,Omavoima Oy,24,2026-05-12,not_General
106502,Keravan Energia Oy,12,2026-05-12,not_exact_fixed_segment;not_FixedPrice
106503,Nurmijärven Sähkö Oy,24,2026-05-12,not_General
106504,Keravan Energia Oy,24,2026-05-12,not_exact_fixed_segment;not_FixedPrice
106505,Lammaisten Energia Oy,12,2026-05-12,not_General
106507,Hehku Energia Oy,24,2026-05-12,not_exact_fixed_segment;not_FixedPrice
106508,Paneliankosken Voima Oy,12,2026-05-12,not_exact_fixed_segment;not_FixedPrice;not_General
106511,Paneliankosken Voima Oy,12,2026-05-12,not_General
106521,Lammaisten Energia Oy,24,2026-05-12,not_General
106523,Paneliankosken Voima Oy,12,2026-05-12,not_exact_fixed_segment;not_FixedPrice
106526,Korpelan Energia Oy,12,2026-05-12,not_exact_fixed_segment;not_FixedPrice
106531,Hehku Energia Oy,12,2026-05-12,not_exact_fixed_segment;not_FixedPrice
106536,Porvoon Energia Oy,12,2026-05-13,not_General
106540,Pohjois-Karjalan Sähkö Oy,24,2026-05-13,not_General
106543,Nurmijärven Sähkö Oy,12,2026-05-13,not_General
106547,Paneliankosken Voima Oy,24,2026-05-13,not_General
106552,Oomi Oy,24,2026-05-13,not_exact_fixed_segment;not_FixedPrice
106555,Porvoon Energia Oy,24,2026-05-13,not_General
106560,Vaasan Sähkö Myynti Oy,12,2026-05-13,not_exact_fixed_segment;not_FixedPrice
106561,Nurmijärven Sähkö Oy,24,2026-05-13,not_General
106571,Lammaisten Energia Oy,24,2026-05-13,not_exact_fixed_segment;not_FixedPrice;not_General
106576,Koillis-Satakunnan Sähkö Oy,12,2026-05-13,not_General
106580,Porvoon Energia Oy,24,2026-05-13,not_General
106582,Omavoima Oy,24,2026-05-13,not_exact_fixed_segment;not_FixedPrice
106585,Nurmijärven Sähkö Oy,24,2026-05-13,not_General
106586,Koillis-Satakunnan Sähkö Oy,24,2026-05-13,not_General
106589,Vaasan Sähkö Myynti Oy,12,2026-05-13,not_General
106594,Nordic Green Energy,12,2026-05-13,not_exact_fixed_segment;not_FixedPrice
106595,Pohjois-Karjalan Sähkö Oy,6,2026-05-13,not_General
106597,Lammaisten Energia Oy,24,2026-05-13,not_General
106598,Äänekosken Energia Oy,6,2026-05-13,not_General
106599,Kokkolan Energia Oy,24,2026-05-13,not_exact_fixed_segment;not_FixedPrice
106602,Keravan Energia Oy,12,2026-05-13,not_exact_fixed_segment;not_FixedPrice
106607,Vaasan Sähkö Myynti Oy,6,2026-05-13,not_General
106609,Korpelan Energia Oy,24,2026-05-13,not_exact_fixed_segment;not_FixedPrice
106616,Koillis-Satakunnan Sähkö Oy,12,2026-05-13,not_General
106617,Kokkolan Energia Oy,12,2026-05-13,not_exact_fixed_segment;not_FixedPrice
106618,Keravan Energia Oy,24,2026-05-13,not_exact_fixed_segment;not_FixedPrice
106622,Äänekosken Energia Oy,12,2026-05-13,not_General
106625,Koillis-Satakunnan Sähkö Oy,24,2026-05-13,not_exact_fixed_segment;not_FixedPrice
106638,Paneliankosken Voima Oy,24,2026-05-13,not_exact_fixed_segment;not_FixedPrice;not_General
106641,Alajärven Sähkö Oy,12,2026-05-13,not_General
106643,Lumme Energia,12,2026-05-13,not_exact_fixed_segment;not_FixedPrice
106652,Fortum Markets Oy,12,2026-05-13,not_exact_fixed_segment;not_FixedPrice
106654,Lumme Energia,24,2026-05-13,not_exact_fixed_segment;not_FixedPrice
106655,Imatran Seudun Sähkö Oy,6,2026-05-13,not_exact_fixed_segment;not_FixedPrice
106657,Imatran Seudun Sähkö Oy,12,2026-05-13,not_exact_fixed_segment;not_FixedPrice
106670,Imatran Seudun Sähkö Oy,24,2026-05-13,not_exact_fixed_segment;not_FixedPrice
106675,Fortum Markets Oy,24,2026-05-13,not_exact_fixed_segment;not_FixedPrice
106679,Äänekosken Energia Oy,24,2026-05-13,not_General
106680,Köyliön-Säkylän Sähkö Oy,24,2026-05-13,not_General
106685,Köyliön-Säkylän Sähkö Oy,24,2026-05-13,not_General
106690,Turku Energia Oy,12,2026-05-13,not_exact_fixed_segment;not_FixedPrice
106691,Lammaisten Energia Oy,12,2026-05-13,not_exact_fixed_segment;not_FixedPrice;not_General
106693,Helen Oy,24,2026-05-13,not_exact_fixed_segment;not_FixedPrice
106700,Pohjois-Karjalan Sähkö Oy,12,2026-05-13,not_General
106704,Pohjois-Karjalan Sähkö Oy,6,2026-05-13,not_General
106705,Äänekosken Energia Oy,24,2026-05-13,not_General
106710,Omavoima Oy,12,2026-05-13,not_General
106719,Vaasan Sähkö Myynti Oy,24,2026-05-13,not_exact_fixed_segment;not_FixedPrice
106720,Koillis-Satakunnan Sähkö Oy,12,2026-05-13,not_exact_fixed_segment;not_FixedPrice
106723,Vaasan Sähkö Myynti Oy,24,2026-05-13,not_General
106728,Omavoima Oy,12,2026-05-13,not_General
106730,Nordic Green Energy,24,2026-05-13,not_exact_fixed_segment;not_FixedPrice
106731,Paneliankosken Voima Oy,24,2026-05-13,not_exact_fixed_segment;not_FixedPrice
106732,Oomi Oy,6,2026-05-13,not_exact_fixed_segment;not_FixedPrice
106733,Pohjois-Karjalan Sähkö Oy,12,2026-05-13,not_General
106736,Lammaisten Energia Oy,24,2026-05-13,not_exact_fixed_segment;not_FixedPrice
106738,Lammaisten Energia Oy,12,2026-05-13,not_exact_fixed_segment;not_FixedPrice;not_General
106753,Pohjois-Karjalan Sähkö Oy,24,2026-05-13,not_General
106766,Köyliön-Säkylän Sähkö Oy,12,2026-05-13,not_General
106770,Nordic Green Energy,12,2026-05-13,not_exact_fixed_segment;not_FixedPrice
106773,Köyliön-Säkylän Sähkö Oy,12,2026-05-13,not_General
106774,Lammaisten Energia Oy,12,2026-05-13,not_General
106776,Omavoima Oy,24,2026-05-13,not_General
106777,Koillis-Satakunnan Sähkö Oy,24,2026-05-13,not_General
106778,Alajärven Sähkö Oy,24,2026-05-13,not_General
106793,Lammaisten Energia Oy,24,2026-05-13,not_exact_fixed_segment;not_FixedPrice;not_General
106799,Porvoon Energia Oy,24,2026-05-13,not_General
106800,Koillis-Satakunnan Sähkö Oy,12,2026-05-13,not_General
106801,Helen Oy,12,2026-05-13,not_exact_fixed_segment;not_FixedPrice
106802,Oomi Oy,12,2026-05-13,not_exact_fixed_segment;not_FixedPrice
106804,Lammaisten Energia Oy,12,2026-05-13,not_exact_fixed_segment;not_FixedPrice
106807,Nordic Green Energy,24,2026-05-13,not_exact_fixed_segment;not_FixedPrice
106811,Porvoon Energia Oy,12,2026-05-13,not_General
106814,Äänekosken Energia Oy,12,2026-05-13,not_General
106819,Nurmijärven Sähkö Oy,12,2026-05-13,not_General
106820,Äänekosken Energia Oy,6,2026-05-13,not_General
106824,Omavoima Oy,24,2026-05-13,not_General
106827,Keravan Energia Oy,12,2026-05-13,not_exact_fixed_segment;not_FixedPrice
106828,Nurmijärven Sähkö Oy,24,2026-05-13,not_General
106829,Keravan Energia Oy,24,2026-05-13,not_exact_fixed_segment;not_FixedPrice
106830,Lammaisten Energia Oy,12,2026-05-13,not_General
106832,Keravan Energia Oy,12,2026-05-13,not_exact_fixed_segment;not_FixedPrice
106833,Hehku Energia Oy,24,2026-05-13,not_exact_fixed_segment;not_FixedPrice
106834,Paneliankosken Voima Oy,12,2026-05-13,not_exact_fixed_segment;not_FixedPrice;not_General
106837,Paneliankosken Voima Oy,12,2026-05-13,not_General
106847,Lammaisten Energia Oy,24,2026-05-13,not_General
106849,Paneliankosken Voima Oy,12,2026-05-13,not_exact_fixed_segment;not_FixedPrice
106852,Korpelan Energia Oy,12,2026-05-13,not_exact_fixed_segment;not_FixedPrice
106856,Vaasan Sähkö Myynti Oy,6,2026-05-13,not_exact_fixed_segment;not_FixedPrice
106858,Hehku Energia Oy,12,2026-05-13,not_exact_fixed_segment;not_FixedPrice
106863,Porvoon Energia Oy,12,2026-05-14,not_General
106867,Pohjois-Karjalan Sähkö Oy,24,2026-05-14,not_General
106870,Nurmijärven Sähkö Oy,12,2026-05-14,not_General
106874,Paneliankosken Voima Oy,24,2026-05-14,not_General
106879,Oomi Oy,24,2026-05-14,not_exact_fixed_segment;not_FixedPrice
106882,Porvoon Energia Oy,24,2026-05-14,not_General
106887,Vaasan Sähkö Myynti Oy,12,2026-05-14,not_exact_fixed_segment;not_FixedPrice
106888,Nurmijärven Sähkö Oy,24,2026-05-14,not_General
106898,Lammaisten Energia Oy,24,2026-05-14,not_exact_fixed_segment;not_FixedPrice;not_General
106899,Imatran Seudun Sähkö Oy,12,2026-05-14,not_exact_fixed_segment;not_FixedPrice
106904,Koillis-Satakunnan Sähkö Oy,12,2026-05-14,not_General
106908,Porvoon Energia Oy,24,2026-05-14,not_General
106910,Omavoima Oy,24,2026-05-14,not_exact_fixed_segment;not_FixedPrice
106913,Nurmijärven Sähkö Oy,24,2026-05-14,not_General
106914,Koillis-Satakunnan Sähkö Oy,24,2026-05-14,not_General
106917,Vaasan Sähkö Myynti Oy,12,2026-05-14,not_General
106921,Imatran Seudun Sähkö Oy,6,2026-05-14,not_exact_fixed_segment;not_FixedPrice
106923,Nordic Green Energy,12,2026-05-14,not_exact_fixed_segment;not_FixedPrice
106924,Pohjois-Karjalan Sähkö Oy,6,2026-05-14,not_General
106926,Lammaisten Energia Oy,24,2026-05-14,not_General
106927,Äänekosken Energia Oy,6,2026-05-14,not_General
106928,Kokkolan Energia Oy,24,2026-05-14,not_exact_fixed_segment;not_FixedPrice
106931,Keravan Energia Oy,12,2026-05-14,not_exact_fixed_segment;not_FixedPrice
106936,Vaasan Sähkö Myynti Oy,6,2026-05-14,not_General
106938,Korpelan Energia Oy,24,2026-05-14,not_exact_fixed_segment;not_FixedPrice
106945,Koillis-Satakunnan Sähkö Oy,12,2026-05-14,not_General
106946,Kokkolan Energia Oy,12,2026-05-14,not_exact_fixed_segment;not_FixedPrice
106947,Keravan Energia Oy,24,2026-05-14,not_exact_fixed_segment;not_FixedPrice
106951,Äänekosken Energia Oy,12,2026-05-14,not_General
106953,Koillis-Satakunnan Sähkö Oy,24,2026-05-14,not_exact_fixed_segment;not_FixedPrice
106967,Paneliankosken Voima Oy,24,2026-05-14,not_exact_fixed_segment;not_FixedPrice;not_General
106968,Imatran Seudun Sähkö Oy,24,2026-05-14,not_exact_fixed_segment;not_FixedPrice
106971,Alajärven Sähkö Oy,12,2026-05-14,not_General
106973,Lumme Energia,12,2026-05-14,not_exact_fixed_segment;not_FixedPrice
106983,Fortum Markets Oy,12,2026-05-14,not_exact_fixed_segment;not_FixedPrice
106985,Lumme Energia,24,2026-05-14,not_exact_fixed_segment;not_FixedPrice
106986,Imatran Seudun Sähkö Oy,6,2026-05-14,not_exact_fixed_segment;not_FixedPrice
107004,Fortum Markets Oy,24,2026-05-14,not_exact_fixed_segment;not_FixedPrice
107009,Äänekosken Energia Oy,24,2026-05-14,not_General
107010,Köyliön-Säkylän Sähkö Oy,24,2026-05-14,not_General
107015,Köyliön-Säkylän Sähkö Oy,24,2026-05-14,not_General
107020,Turku Energia Oy,12,2026-05-14,not_exact_fixed_segment;not_FixedPrice
107021,Lammaisten Energia Oy,12,2026-05-14,not_exact_fixed_segment;not_FixedPrice;not_General
107023,Helen Oy,24,2026-05-14,not_exact_fixed_segment;not_FixedPrice
107030,Pohjois-Karjalan Sähkö Oy,12,2026-05-14,not_General
107034,Pohjois-Karjalan Sähkö Oy,6,2026-05-14,not_General
107035,Äänekosken Energia Oy,24,2026-05-14,not_General
107040,Omavoima Oy,12,2026-05-14,not_General
107049,Vaasan Sähkö Myynti Oy,24,2026-05-14,not_exact_fixed_segment;not_FixedPrice
107050,Koillis-Satakunnan Sähkö Oy,12,2026-05-14,not_exact_fixed_segment;not_FixedPrice
107053,Vaasan Sähkö Myynti Oy,24,2026-05-14,not_General
107058,Omavoima Oy,12,2026-05-14,not_General
107060,Nordic Green Energy,24,2026-05-14,not_exact_fixed_segment;not_FixedPrice
107061,Paneliankosken Voima Oy,24,2026-05-14,not_exact_fixed_segment;not_FixedPrice
107062,Oomi Oy,6,2026-05-14,not_exact_fixed_segment;not_FixedPrice
107063,Pohjois-Karjalan Sähkö Oy,12,2026-05-14,not_General
107066,Lammaisten Energia Oy,24,2026-05-14,not_exact_fixed_segment;not_FixedPrice
107068,Lammaisten Energia Oy,12,2026-05-14,not_exact_fixed_segment;not_FixedPrice;not_General
107083,Pohjois-Karjalan Sähkö Oy,24,2026-05-14,not_General
107096,Köyliön-Säkylän Sähkö Oy,12,2026-05-14,not_General
107101,Nordic Green Energy,12,2026-05-14,not_exact_fixed_segment;not_FixedPrice
107104,Köyliön-Säkylän Sähkö Oy,12,2026-05-14,not_General
107105,Lammaisten Energia Oy,12,2026-05-14,not_General
107107,Omavoima Oy,24,2026-05-14,not_General
107108,Koillis-Satakunnan Sähkö Oy,24,2026-05-14,not_General
107109,Alajärven Sähkö Oy,24,2026-05-14,not_General
107123,Lammaisten Energia Oy,24,2026-05-14,not_exact_fixed_segment;not_FixedPrice;not_General
107129,Porvoon Energia Oy,24,2026-05-14,not_General
107130,Koillis-Satakunnan Sähkö Oy,12,2026-05-14,not_General
107131,Helen Oy,12,2026-05-14,not_exact_fixed_segment;not_FixedPrice
107132,Oomi Oy,12,2026-05-14,not_exact_fixed_segment;not_FixedPrice
107134,Lammaisten Energia Oy,12,2026-05-14,not_exact_fixed_segment;not_FixedPrice
107137,Nordic Green Energy,24,2026-05-14,not_exact_fixed_segment;not_FixedPrice
107141,Porvoon Energia Oy,12,2026-05-14,not_General
107144,Äänekosken Energia Oy,12,2026-05-14,not_General
107149,Nurmijärven Sähkö Oy,12,2026-05-14,not_General
107150,Äänekosken Energia Oy,6,2026-05-14,not_General
107153,Omavoima Oy,24,2026-05-14,not_General
107155,Keravan Energia Oy,12,2026-05-14,not_exact_fixed_segment;not_FixedPrice
107156,Nurmijärven Sähkö Oy,24,2026-05-14,not_General
107157,Lammaisten Energia Oy,12,2026-05-14,not_General
107159,Keravan Energia Oy,12,2026-05-14,not_exact_fixed_segment;not_FixedPrice
107160,Hehku Energia Oy,24,2026-05-14,not_exact_fixed_segment;not_FixedPrice
107161,Paneliankosken Voima Oy,12,2026-05-14,not_exact_fixed_segment;not_FixedPrice;not_General
107163,Keravan Energia Oy,24,2026-05-14,not_exact_fixed_segment;not_FixedPrice
107165,Paneliankosken Voima Oy,12,2026-05-14,not_General
107175,Lammaisten Energia Oy,24,2026-05-14,not_General
107177,Paneliankosken Voima Oy,12,2026-05-14,not_exact_fixed_segment;not_FixedPrice
107180,Korpelan Energia Oy,12,2026-05-14,not_exact_fixed_segment;not_FixedPrice
107184,Vaasan Sähkö Myynti Oy,6,2026-05-14,not_exact_fixed_segment;not_FixedPrice
107186,Hehku Energia Oy,12,2026-05-14,not_exact_fixed_segment;not_FixedPrice
107191,Porvoon Energia Oy,12,2026-05-15,not_General
107195,Pohjois-Karjalan Sähkö Oy,24,2026-05-15,not_General
107196,Oomi Oy,24,2026-05-15,not_exact_fixed_segment;not_FixedPrice
107199,Nurmijärven Sähkö Oy,12,2026-05-15,not_General
107203,Paneliankosken Voima Oy,24,2026-05-15,not_General
107210,Porvoon Energia Oy,24,2026-05-15,not_General
107215,Vaasan Sähkö Myynti Oy,12,2026-05-15,not_exact_fixed_segment;not_FixedPrice
107216,Nurmijärven Sähkö Oy,24,2026-05-15,not_General
107226,Lammaisten Energia Oy,24,2026-05-15,not_exact_fixed_segment;not_FixedPrice;not_General
107227,Imatran Seudun Sähkö Oy,12,2026-05-15,not_exact_fixed_segment;not_FixedPrice
107232,Koillis-Satakunnan Sähkö Oy,12,2026-05-15,not_General
107236,Porvoon Energia Oy,24,2026-05-15,not_General
107238,Omavoima Oy,24,2026-05-15,not_exact_fixed_segment;not_FixedPrice
107241,Nurmijärven Sähkö Oy,24,2026-05-15,not_General
107242,Koillis-Satakunnan Sähkö Oy,24,2026-05-15,not_General
107245,Vaasan Sähkö Myynti Oy,12,2026-05-15,not_General
107249,Imatran Seudun Sähkö Oy,6,2026-05-15,not_exact_fixed_segment;not_FixedPrice
107251,Nordic Green Energy,12,2026-05-15,not_exact_fixed_segment;not_FixedPrice
107252,Pohjois-Karjalan Sähkö Oy,6,2026-05-15,not_General
107254,Lammaisten Energia Oy,24,2026-05-15,not_General
107255,Äänekosken Energia Oy,6,2026-05-15,not_General
107256,Kokkolan Energia Oy,24,2026-05-15,not_exact_fixed_segment;not_FixedPrice
107259,Keravan Energia Oy,12,2026-05-15,not_exact_fixed_segment;not_FixedPrice
107264,Vaasan Sähkö Myynti Oy,6,2026-05-15,not_General
107266,Korpelan Energia Oy,24,2026-05-15,not_exact_fixed_segment;not_FixedPrice
107273,Koillis-Satakunnan Sähkö Oy,12,2026-05-15,not_General
107274,Kokkolan Energia Oy,12,2026-05-15,not_exact_fixed_segment;not_FixedPrice
107275,Keravan Energia Oy,24,2026-05-15,not_exact_fixed_segment;not_FixedPrice
107280,Äänekosken Energia Oy,12,2026-05-15,not_General
107282,Koillis-Satakunnan Sähkö Oy,24,2026-05-15,not_exact_fixed_segment;not_FixedPrice
107283,Oomi Oy,6,2026-05-15,not_exact_fixed_segment;not_FixedPrice
107297,Paneliankosken Voima Oy,24,2026-05-15,not_exact_fixed_segment;not_FixedPrice;not_General
107298,Imatran Seudun Sähkö Oy,24,2026-05-15,not_exact_fixed_segment;not_FixedPrice
107301,Alajärven Sähkö Oy,12,2026-05-15,not_General
107303,Lumme Energia,12,2026-05-15,not_exact_fixed_segment;not_FixedPrice
107313,Fortum Markets Oy,12,2026-05-15,not_exact_fixed_segment;not_FixedPrice
107315,Lumme Energia,24,2026-05-15,not_exact_fixed_segment;not_FixedPrice
107316,Imatran Seudun Sähkö Oy,6,2026-05-15,not_exact_fixed_segment;not_FixedPrice
107334,Fortum Markets Oy,24,2026-05-15,not_exact_fixed_segment;not_FixedPrice
107339,Äänekosken Energia Oy,24,2026-05-15,not_General
107340,Köyliön-Säkylän Sähkö Oy,24,2026-05-15,not_General
107345,Köyliön-Säkylän Sähkö Oy,24,2026-05-15,not_General
107350,Turku Energia Oy,12,2026-05-15,not_exact_fixed_segment;not_FixedPrice
107351,Lammaisten Energia Oy,12,2026-05-15,not_exact_fixed_segment;not_FixedPrice;not_General
107353,Helen Oy,24,2026-05-15,not_exact_fixed_segment;not_FixedPrice
107360,Pohjois-Karjalan Sähkö Oy,12,2026-05-15,not_General
107364,Pohjois-Karjalan Sähkö Oy,6,2026-05-15,not_General
107365,Äänekosken Energia Oy,24,2026-05-15,not_General
107370,Omavoima Oy,12,2026-05-15,not_General
107380,Vaasan Sähkö Myynti Oy,24,2026-05-15,not_exact_fixed_segment;not_FixedPrice
107381,Koillis-Satakunnan Sähkö Oy,12,2026-05-15,not_exact_fixed_segment;not_FixedPrice
107384,Vaasan Sähkö Myynti Oy,24,2026-05-15,not_General
107389,Omavoima Oy,12,2026-05-15,not_General
107391,Nordic Green Energy,24,2026-05-15,not_exact_fixed_segment;not_FixedPrice
107392,Paneliankosken Voima Oy,24,2026-05-15,not_exact_fixed_segment;not_FixedPrice
107393,Pohjois-Karjalan Sähkö Oy,12,2026-05-15,not_General
107396,Lammaisten Energia Oy,24,2026-05-15,not_exact_fixed_segment;not_FixedPrice
107398,Lammaisten Energia Oy,12,2026-05-15,not_exact_fixed_segment;not_FixedPrice;not_General
107399,Oomi Oy,12,2026-05-15,not_exact_fixed_segment;not_FixedPrice
107412,Pohjois-Karjalan Sähkö Oy,24,2026-05-15,not_General
107425,Köyliön-Säkylän Sähkö Oy,12,2026-05-15,not_General
107431,Nordic Green Energy,12,2026-05-15,not_exact_fixed_segment;not_FixedPrice
107435,Köyliön-Säkylän Sähkö Oy,12,2026-05-15,not_General
107436,Lammaisten Energia Oy,12,2026-05-15,not_General
107438,Omavoima Oy,24,2026-05-15,not_General
107439,Koillis-Satakunnan Sähkö Oy,24,2026-05-15,not_General
107440,Alajärven Sähkö Oy,24,2026-05-15,not_General
107454,Lammaisten Energia Oy,24,2026-05-15,not_exact_fixed_segment;not_FixedPrice;not_General
107460,Porvoon Energia Oy,24,2026-05-15,not_General
107461,Koillis-Satakunnan Sähkö Oy,12,2026-05-15,not_General
107462,Helen Oy,12,2026-05-15,not_exact_fixed_segment;not_FixedPrice
107464,Lammaisten Energia Oy,12,2026-05-15,not_exact_fixed_segment;not_FixedPrice
107467,Nordic Green Energy,24,2026-05-15,not_exact_fixed_segment;not_FixedPrice
107471,Porvoon Energia Oy,12,2026-05-15,not_General
107474,Äänekosken Energia Oy,12,2026-05-15,not_General
107479,Nurmijärven Sähkö Oy,12,2026-05-15,not_General
107480,Äänekosken Energia Oy,6,2026-05-15,not_General
107483,Omavoima Oy,24,2026-05-15,not_General
107485,Keravan Energia Oy,12,2026-05-15,not_exact_fixed_segment;not_FixedPrice
107486,Nurmijärven Sähkö Oy,24,2026-05-15,not_General
107487,Lammaisten Energia Oy,12,2026-05-15,not_General
107489,Keravan Energia Oy,12,2026-05-15,not_exact_fixed_segment;not_FixedPrice
107490,Hehku Energia Oy,24,2026-05-15,not_exact_fixed_segment;not_FixedPrice
107491,Paneliankosken Voima Oy,12,2026-05-15,not_exact_fixed_segment;not_FixedPrice;not_General
107493,Keravan Energia Oy,24,2026-05-15,not_exact_fixed_segment;not_FixedPrice
107495,Paneliankosken Voima Oy,12,2026-05-15,not_General
107504,Lammaisten Energia Oy,24,2026-05-15,not_General
107506,Paneliankosken Voima Oy,12,2026-05-15,not_exact_fixed_segment;not_FixedPrice
107508,Korpelan Energia Oy,12,2026-05-15,not_exact_fixed_segment;not_FixedPrice
107512,Vaasan Sähkö Myynti Oy,6,2026-05-15,not_exact_fixed_segment;not_FixedPrice
107514,Hehku Energia Oy,12,2026-05-15,not_exact_fixed_segment;not_FixedPrice
107519,Porvoon Energia Oy,12,2026-05-16,not_General
107524,Pohjois-Karjalan Sähkö Oy,24,2026-05-16,not_General
107525,Oomi Oy,24,2026-05-16,not_exact_fixed_segment;not_FixedPrice
107528,Nurmijärven Sähkö Oy,12,2026-05-16,not_General
107532,Paneliankosken Voima Oy,24,2026-05-16,not_General
107539,Porvoon Energia Oy,24,2026-05-16,not_General
107544,Vaasan Sähkö Myynti Oy,12,2026-05-16,not_exact_fixed_segment;not_FixedPrice
107545,Nurmijärven Sähkö Oy,24,2026-05-16,not_General
107555,Lammaisten Energia Oy,24,2026-05-16,not_exact_fixed_segment;not_FixedPrice;not_General
107556,Imatran Seudun Sähkö Oy,12,2026-05-16,not_exact_fixed_segment;not_FixedPrice
107560,Koillis-Satakunnan Sähkö Oy,12,2026-05-16,not_General
107564,Porvoon Energia Oy,24,2026-05-16,not_General
107566,Omavoima Oy,24,2026-05-16,not_exact_fixed_segment;not_FixedPrice
107569,Nurmijärven Sähkö Oy,24,2026-05-16,not_General
107570,Koillis-Satakunnan Sähkö Oy,24,2026-05-16,not_General
107573,Vaasan Sähkö Myynti Oy,12,2026-05-16,not_General
107577,Imatran Seudun Sähkö Oy,6,2026-05-16,not_exact_fixed_segment;not_FixedPrice
107579,Nordic Green Energy,12,2026-05-16,not_exact_fixed_segment;not_FixedPrice
107580,Pohjois-Karjalan Sähkö Oy,6,2026-05-16,not_General
107582,Lammaisten Energia Oy,24,2026-05-16,not_General
107583,Äänekosken Energia Oy,6,2026-05-16,not_General
107584,Kokkolan Energia Oy,24,2026-05-16,not_exact_fixed_segment;not_FixedPrice
107587,Keravan Energia Oy,12,2026-05-16,not_exact_fixed_segment;not_FixedPrice
107592,Vaasan Sähkö Myynti Oy,6,2026-05-16,not_General
107594,Korpelan Energia Oy,24,2026-05-16,not_exact_fixed_segment;not_FixedPrice
107602,Koillis-Satakunnan Sähkö Oy,12,2026-05-16,not_General
107603,Kokkolan Energia Oy,12,2026-05-16,not_exact_fixed_segment;not_FixedPrice
107604,Keravan Energia Oy,24,2026-05-16,not_exact_fixed_segment;not_FixedPrice
107609,Äänekosken Energia Oy,12,2026-05-16,not_General
107611,Koillis-Satakunnan Sähkö Oy,24,2026-05-16,not_exact_fixed_segment;not_FixedPrice
107612,Oomi Oy,6,2026-05-16,not_exact_fixed_segment;not_FixedPrice
107624,Paneliankosken Voima Oy,24,2026-05-16,not_exact_fixed_segment;not_FixedPrice;not_General
107625,Imatran Seudun Sähkö Oy,24,2026-05-16,not_exact_fixed_segment;not_FixedPrice
107628,Alajärven Sähkö Oy,12,2026-05-16,not_General
107639,Fortum Markets Oy,12,2026-05-16,not_exact_fixed_segment;not_FixedPrice
107641,Imatran Seudun Sähkö Oy,6,2026-05-16,not_exact_fixed_segment;not_FixedPrice
107658,Fortum Markets Oy,24,2026-05-16,not_exact_fixed_segment;not_FixedPrice
107663,Äänekosken Energia Oy,24,2026-05-16,not_General
107664,Köyliön-Säkylän Sähkö Oy,24,2026-05-16,not_General
107669,Köyliön-Säkylän Sähkö Oy,24,2026-05-16,not_General
107674,Turku Energia Oy,12,2026-05-16,not_exact_fixed_segment;not_FixedPrice
107675,Lammaisten Energia Oy,12,2026-05-16,not_exact_fixed_segment;not_FixedPrice;not_General
107677,Helen Oy,24,2026-05-16,not_exact_fixed_segment;not_FixedPrice
107684,Pohjois-Karjalan Sähkö Oy,12,2026-05-16,not_General
107688,Pohjois-Karjalan Sähkö Oy,6,2026-05-16,not_General
107689,Äänekosken Energia Oy,24,2026-05-16,not_General
107694,Omavoima Oy,12,2026-05-16,not_General
107704,Vaasan Sähkö Myynti Oy,24,2026-05-16,not_exact_fixed_segment;not_FixedPrice
107705,Koillis-Satakunnan Sähkö Oy,12,2026-05-16,not_exact_fixed_segment;not_FixedPrice
107708,Vaasan Sähkö Myynti Oy,24,2026-05-16,not_General
107713,Omavoima Oy,12,2026-05-16,not_General
107715,Nordic Green Energy,24,2026-05-16,not_exact_fixed_segment;not_FixedPrice
107716,Paneliankosken Voima Oy,24,2026-05-16,not_exact_fixed_segment;not_FixedPrice
107717,Pohjois-Karjalan Sähkö Oy,12,2026-05-16,not_General
107720,Lammaisten Energia Oy,24,2026-05-16,not_exact_fixed_segment;not_FixedPrice
107722,Lammaisten Energia Oy,12,2026-05-16,not_exact_fixed_segment;not_FixedPrice;not_General
107723,Oomi Oy,12,2026-05-16,not_exact_fixed_segment;not_FixedPrice
107736,Pohjois-Karjalan Sähkö Oy,24,2026-05-16,not_General
107749,Köyliön-Säkylän Sähkö Oy,12,2026-05-16,not_General
107755,Nordic Green Energy,12,2026-05-16,not_exact_fixed_segment;not_FixedPrice
107760,Köyliön-Säkylän Sähkö Oy,12,2026-05-16,not_General
107761,Lammaisten Energia Oy,12,2026-05-16,not_General
107763,Omavoima Oy,24,2026-05-16,not_General
107764,Koillis-Satakunnan Sähkö Oy,24,2026-05-16,not_General
107765,Alajärven Sähkö Oy,24,2026-05-16,not_General
107776,Lumme Energia,24,2026-05-16,not_exact_fixed_segment;not_FixedPrice
107779,Lammaisten Energia Oy,24,2026-05-16,not_exact_fixed_segment;not_FixedPrice;not_General
107786,Porvoon Energia Oy,24,2026-05-16,not_General
107787,Koillis-Satakunnan Sähkö Oy,12,2026-05-16,not_General
107788,Helen Oy,12,2026-05-16,not_exact_fixed_segment;not_FixedPrice
107790,Lammaisten Energia Oy,12,2026-05-16,not_exact_fixed_segment;not_FixedPrice
107793,Nordic Green Energy,24,2026-05-16,not_exact_fixed_segment;not_FixedPrice
107795,Lumme Energia,12,2026-05-16,not_exact_fixed_segment;not_FixedPrice
107798,Porvoon Energia Oy,12,2026-05-16,not_General
107801,Äänekosken Energia Oy,12,2026-05-16,not_General
107806,Nurmijärven Sähkö Oy,12,2026-05-16,not_General
107807,Äänekosken Energia Oy,6,2026-05-16,not_General
107810,Omavoima Oy,24,2026-05-16,not_General
107812,Keravan Energia Oy,12,2026-05-16,not_exact_fixed_segment;not_FixedPrice
107813,Nurmijärven Sähkö Oy,24,2026-05-16,not_General
107814,Lammaisten Energia Oy,12,2026-05-16,not_General
107816,Keravan Energia Oy,12,2026-05-16,not_exact_fixed_segment;not_FixedPrice
107817,Hehku Energia Oy,24,2026-05-16,not_exact_fixed_segment;not_FixedPrice
107819,Paneliankosken Voima Oy,12,2026-05-16,not_exact_fixed_segment;not_FixedPrice;not_General
107821,Keravan Energia Oy,24,2026-05-16,not_exact_fixed_segment;not_FixedPrice
107823,Paneliankosken Voima Oy,12,2026-05-16,not_General
107832,Lammaisten Energia Oy,24,2026-05-16,not_General
107834,Paneliankosken Voima Oy,12,2026-05-16,not_exact_fixed_segment;not_FixedPrice
107836,Korpelan Energia Oy,12,2026-05-16,not_exact_fixed_segment;not_FixedPrice
107840,Vaasan Sähkö Myynti Oy,6,2026-05-16,not_exact_fixed_segment;not_FixedPrice
107842,Hehku Energia Oy,12,2026-05-16,not_exact_fixed_segment;not_FixedPrice
107847,Porvoon Energia Oy,12,2026-05-17,not_General
107852,Pohjois-Karjalan Sähkö Oy,24,2026-05-17,not_General
107853,Oomi Oy,24,2026-05-17,not_exact_fixed_segment;not_FixedPrice
107856,Nurmijärven Sähkö Oy,12,2026-05-17,not_General
107860,Paneliankosken Voima Oy,24,2026-05-17,not_General
107867,Porvoon Energia Oy,24,2026-05-17,not_General
107872,Vaasan Sähkö Myynti Oy,12,2026-05-17,not_exact_fixed_segment;not_FixedPrice
107873,Nurmijärven Sähkö Oy,24,2026-05-17,not_General
107883,Lammaisten Energia Oy,24,2026-05-17,not_exact_fixed_segment;not_FixedPrice;not_General
107884,Imatran Seudun Sähkö Oy,12,2026-05-17,not_exact_fixed_segment;not_FixedPrice
107888,Koillis-Satakunnan Sähkö Oy,12,2026-05-17,not_General
107892,Porvoon Energia Oy,24,2026-05-17,not_General
107894,Omavoima Oy,24,2026-05-17,not_exact_fixed_segment;not_FixedPrice
107897,Nurmijärven Sähkö Oy,24,2026-05-17,not_General
107898,Koillis-Satakunnan Sähkö Oy,24,2026-05-17,not_General
107901,Vaasan Sähkö Myynti Oy,12,2026-05-17,not_General
107905,Imatran Seudun Sähkö Oy,6,2026-05-17,not_exact_fixed_segment;not_FixedPrice
107907,Nordic Green Energy,12,2026-05-17,not_exact_fixed_segment;not_FixedPrice
107908,Pohjois-Karjalan Sähkö Oy,6,2026-05-17,not_General
107910,Lammaisten Energia Oy,24,2026-05-17,not_General
107911,Äänekosken Energia Oy,6,2026-05-17,not_General
107912,Kokkolan Energia Oy,24,2026-05-17,not_exact_fixed_segment;not_FixedPrice
107915,Keravan Energia Oy,12,2026-05-17,not_exact_fixed_segment;not_FixedPrice
107920,Vaasan Sähkö Myynti Oy,6,2026-05-17,not_General
107922,Korpelan Energia Oy,24,2026-05-17,not_exact_fixed_segment;not_FixedPrice
107930,Koillis-Satakunnan Sähkö Oy,12,2026-05-17,not_General
107931,Kokkolan Energia Oy,12,2026-05-17,not_exact_fixed_segment;not_FixedPrice
107932,Keravan Energia Oy,24,2026-05-17,not_exact_fixed_segment;not_FixedPrice
107937,Äänekosken Energia Oy,12,2026-05-17,not_General
107939,Koillis-Satakunnan Sähkö Oy,24,2026-05-17,not_exact_fixed_segment;not_FixedPrice
107940,Oomi Oy,6,2026-05-17,not_exact_fixed_segment;not_FixedPrice
107952,Paneliankosken Voima Oy,24,2026-05-17,not_exact_fixed_segment;not_FixedPrice;not_General
107953,Imatran Seudun Sähkö Oy,24,2026-05-17,not_exact_fixed_segment;not_FixedPrice
107956,Alajärven Sähkö Oy,12,2026-05-17,not_General
107967,Fortum Markets Oy,12,2026-05-17,not_exact_fixed_segment;not_FixedPrice
107969,Imatran Seudun Sähkö Oy,6,2026-05-17,not_exact_fixed_segment;not_FixedPrice
107986,Fortum Markets Oy,24,2026-05-17,not_exact_fixed_segment;not_FixedPrice
107991,Äänekosken Energia Oy,24,2026-05-17,not_General
107992,Köyliön-Säkylän Sähkö Oy,24,2026-05-17,not_General
107997,Köyliön-Säkylän Sähkö Oy,24,2026-05-17,not_General
108002,Turku Energia Oy,12,2026-05-17,not_exact_fixed_segment;not_FixedPrice
108003,Lammaisten Energia Oy,12,2026-05-17,not_exact_fixed_segment;not_FixedPrice;not_General
108005,Helen Oy,24,2026-05-17,not_exact_fixed_segment;not_FixedPrice
108012,Pohjois-Karjalan Sähkö Oy,12,2026-05-17,not_General
108016,Pohjois-Karjalan Sähkö Oy,6,2026-05-17,not_General
108017,Äänekosken Energia Oy,24,2026-05-17,not_General
108022,Omavoima Oy,12,2026-05-17,not_General
108032,Vaasan Sähkö Myynti Oy,24,2026-05-17,not_exact_fixed_segment;not_FixedPrice
108033,Koillis-Satakunnan Sähkö Oy,12,2026-05-17,not_exact_fixed_segment;not_FixedPrice
108036,Vaasan Sähkö Myynti Oy,24,2026-05-17,not_General
108041,Omavoima Oy,12,2026-05-17,not_General
108043,Nordic Green Energy,24,2026-05-17,not_exact_fixed_segment;not_FixedPrice
108044,Paneliankosken Voima Oy,24,2026-05-17,not_exact_fixed_segment;not_FixedPrice
108045,Pohjois-Karjalan Sähkö Oy,12,2026-05-17,not_General
108048,Lammaisten Energia Oy,24,2026-05-17,not_exact_fixed_segment;not_FixedPrice
108050,Lammaisten Energia Oy,12,2026-05-17,not_exact_fixed_segment;not_FixedPrice;not_General
108051,Oomi Oy,12,2026-05-17,not_exact_fixed_segment;not_FixedPrice
108064,Pohjois-Karjalan Sähkö Oy,24,2026-05-17,not_General
108077,Köyliön-Säkylän Sähkö Oy,12,2026-05-17,not_General
108083,Nordic Green Energy,12,2026-05-17,not_exact_fixed_segment;not_FixedPrice
108088,Köyliön-Säkylän Sähkö Oy,12,2026-05-17,not_General
108089,Lammaisten Energia Oy,12,2026-05-17,not_General
108091,Omavoima Oy,24,2026-05-17,not_General
108092,Koillis-Satakunnan Sähkö Oy,24,2026-05-17,not_General
108093,Alajärven Sähkö Oy,24,2026-05-17,not_General
108104,Lumme Energia,24,2026-05-17,not_exact_fixed_segment;not_FixedPrice
108107,Lammaisten Energia Oy,24,2026-05-17,not_exact_fixed_segment;not_FixedPrice;not_General
108114,Porvoon Energia Oy,24,2026-05-17,not_General
108115,Koillis-Satakunnan Sähkö Oy,12,2026-05-17,not_General
108116,Helen Oy,12,2026-05-17,not_exact_fixed_segment;not_FixedPrice
108118,Lammaisten Energia Oy,12,2026-05-17,not_exact_fixed_segment;not_FixedPrice
108121,Nordic Green Energy,24,2026-05-17,not_exact_fixed_segment;not_FixedPrice
108123,Lumme Energia,12,2026-05-17,not_exact_fixed_segment;not_FixedPrice
108126,Porvoon Energia Oy,12,2026-05-17,not_General
108129,Äänekosken Energia Oy,12,2026-05-17,not_General
108134,Nurmijärven Sähkö Oy,12,2026-05-17,not_General
108135,Äänekosken Energia Oy,6,2026-05-17,not_General
108138,Omavoima Oy,24,2026-05-17,not_General
108140,Keravan Energia Oy,12,2026-05-17,not_exact_fixed_segment;not_FixedPrice
108141,Nurmijärven Sähkö Oy,24,2026-05-17,not_General
108142,Lammaisten Energia Oy,12,2026-05-17,not_General
108144,Keravan Energia Oy,12,2026-05-17,not_exact_fixed_segment;not_FixedPrice
108145,Hehku Energia Oy,24,2026-05-17,not_exact_fixed_segment;not_FixedPrice
108147,Paneliankosken Voima Oy,12,2026-05-17,not_exact_fixed_segment;not_FixedPrice;not_General
108149,Keravan Energia Oy,24,2026-05-17,not_exact_fixed_segment;not_FixedPrice
108151,Paneliankosken Voima Oy,12,2026-05-17,not_General
108160,Lammaisten Energia Oy,24,2026-05-17,not_General
108162,Paneliankosken Voima Oy,12,2026-05-17,not_exact_fixed_segment;not_FixedPrice
108164,Korpelan Energia Oy,12,2026-05-17,not_exact_fixed_segment;not_FixedPrice
108168,Vaasan Sähkö Myynti Oy,6,2026-05-17,not_exact_fixed_segment;not_FixedPrice
108170,Hehku Energia Oy,12,2026-05-17,not_exact_fixed_segment;not_FixedPrice
108175,Porvoon Energia Oy,12,2026-05-18,not_General
108180,Pohjois-Karjalan Sähkö Oy,24,2026-05-18,not_General
108181,Oomi Oy,24,2026-05-18,not_exact_fixed_segment;not_FixedPrice
108183,Äänekosken Energia Oy,6,2026-05-18,not_General
108185,Äänekosken Energia Oy,24,2026-05-18,not_General
108186,Nurmijärven Sähkö Oy,12,2026-05-18,not_General
108189,Paneliankosken Voima Oy,24,2026-05-18,not_General
108197,Porvoon Energia Oy,24,2026-05-18,not_General
108202,Vaasan Sähkö Myynti Oy,12,2026-05-18,not_exact_fixed_segment;not_FixedPrice
108203,Nurmijärven Sähkö Oy,24,2026-05-18,not_General
108213,Lammaisten Energia Oy,24,2026-05-18,not_exact_fixed_segment;not_FixedPrice;not_General
108214,Imatran Seudun Sähkö Oy,12,2026-05-18,not_exact_fixed_segment;not_FixedPrice
108218,Koillis-Satakunnan Sähkö Oy,12,2026-05-18,not_General
108222,Porvoon Energia Oy,24,2026-05-18,not_General
108224,Omavoima Oy,24,2026-05-18,not_exact_fixed_segment;not_FixedPrice
108227,Nurmijärven Sähkö Oy,24,2026-05-18,not_General
108228,Koillis-Satakunnan Sähkö Oy,24,2026-05-18,not_General
108232,Vaasan Sähkö Myynti Oy,12,2026-05-18,not_General
108236,Imatran Seudun Sähkö Oy,6,2026-05-18,not_exact_fixed_segment;not_FixedPrice
108238,Nordic Green Energy,12,2026-05-18,not_exact_fixed_segment;not_FixedPrice
108239,Pohjois-Karjalan Sähkö Oy,6,2026-05-18,not_General
108241,Lammaisten Energia Oy,24,2026-05-18,not_General
108242,Kokkolan Energia Oy,24,2026-05-18,not_exact_fixed_segment;not_FixedPrice
108245,Keravan Energia Oy,12,2026-05-18,not_exact_fixed_segment;not_FixedPrice
108250,Vaasan Sähkö Myynti Oy,6,2026-05-18,not_General
108252,Korpelan Energia Oy,24,2026-05-18,not_exact_fixed_segment;not_FixedPrice
108260,Koillis-Satakunnan Sähkö Oy,12,2026-05-18,not_General
108261,Kokkolan Energia Oy,12,2026-05-18,not_exact_fixed_segment;not_FixedPrice
108262,Keravan Energia Oy,24,2026-05-18,not_exact_fixed_segment;not_FixedPrice
108269,Koillis-Satakunnan Sähkö Oy,24,2026-05-18,not_exact_fixed_segment;not_FixedPrice
108270,Oomi Oy,6,2026-05-18,not_exact_fixed_segment;not_FixedPrice
108278,Fortum Markets Oy,12,2026-05-18,not_exact_fixed_segment;not_FixedPrice
108283,Paneliankosken Voima Oy,24,2026-05-18,not_exact_fixed_segment;not_FixedPrice;not_General
108284,Imatran Seudun Sähkö Oy,24,2026-05-18,not_exact_fixed_segment;not_FixedPrice
108287,Alajärven Sähkö Oy,12,2026-05-18,not_General
108298,Imatran Seudun Sähkö Oy,6,2026-05-18,not_exact_fixed_segment;not_FixedPrice
108304,Äänekosken Energia Oy,24,2026-05-18,not_General
108320,Köyliön-Säkylän Sähkö Oy,24,2026-05-18,not_General
108325,Köyliön-Säkylän Sähkö Oy,24,2026-05-18,not_General
108330,Turku Energia Oy,12,2026-05-18,not_exact_fixed_segment;not_FixedPrice
108331,Lammaisten Energia Oy,12,2026-05-18,not_exact_fixed_segment;not_FixedPrice;not_General
108333,Helen Oy,24,2026-05-18,not_exact_fixed_segment;not_FixedPrice
108340,Pohjois-Karjalan Sähkö Oy,12,2026-05-18,not_General
108343,Äänekosken Energia Oy,6,2026-05-18,not_General
108345,Pohjois-Karjalan Sähkö Oy,6,2026-05-18,not_General
108350,Omavoima Oy,12,2026-05-18,not_General
108360,Vaasan Sähkö Myynti Oy,24,2026-05-18,not_exact_fixed_segment;not_FixedPrice
108361,Koillis-Satakunnan Sähkö Oy,12,2026-05-18,not_exact_fixed_segment;not_FixedPrice
108364,Vaasan Sähkö Myynti Oy,24,2026-05-18,not_General
108369,Omavoima Oy,12,2026-05-18,not_General
108371,Nordic Green Energy,24,2026-05-18,not_exact_fixed_segment;not_FixedPrice
108372,Paneliankosken Voima Oy,24,2026-05-18,not_exact_fixed_segment;not_FixedPrice
108373,Pohjois-Karjalan Sähkö Oy,12,2026-05-18,not_General
108376,Lammaisten Energia Oy,24,2026-05-18,not_exact_fixed_segment;not_FixedPrice
108378,Lammaisten Energia Oy,12,2026-05-18,not_exact_fixed_segment;not_FixedPrice;not_General
108379,Oomi Oy,12,2026-05-18,not_exact_fixed_segment;not_FixedPrice
108392,Pohjois-Karjalan Sähkö Oy,24,2026-05-18,not_General
108405,Köyliön-Säkylän Sähkö Oy,12,2026-05-18,not_General
108409,Fortum Markets Oy,24,2026-05-18,not_exact_fixed_segment;not_FixedPrice
108412,Nordic Green Energy,12,2026-05-18,not_exact_fixed_segment;not_FixedPrice
108417,Köyliön-Säkylän Sähkö Oy,12,2026-05-18,not_General
108418,Lammaisten Energia Oy,12,2026-05-18,not_General
108420,Omavoima Oy,24,2026-05-18,not_General
108421,Koillis-Satakunnan Sähkö Oy,24,2026-05-18,not_General
108422,Alajärven Sähkö Oy,24,2026-05-18,not_General
108433,Lumme Energia,24,2026-05-18,not_exact_fixed_segment;not_FixedPrice
108436,Lammaisten Energia Oy,24,2026-05-18,not_exact_fixed_segment;not_FixedPrice;not_General
108439,Äänekosken Energia Oy,12,2026-05-18,not_General
108444,Porvoon Energia Oy,24,2026-05-18,not_General
108445,Koillis-Satakunnan Sähkö Oy,12,2026-05-18,not_General
108446,Äänekosken Energia Oy,12,2026-05-18,not_General
108447,Helen Oy,12,2026-05-18,not_exact_fixed_segment;not_FixedPrice
108449,Lammaisten Energia Oy,12,2026-05-18,not_exact_fixed_segment;not_FixedPrice
108452,Nordic Green Energy,24,2026-05-18,not_exact_fixed_segment;not_FixedPrice
108454,Lumme Energia,12,2026-05-18,not_exact_fixed_segment;not_FixedPrice
108457,Porvoon Energia Oy,12,2026-05-18,not_General
108463,Nurmijärven Sähkö Oy,12,2026-05-18,not_General
108466,Omavoima Oy,24,2026-05-18,not_General
108468,Keravan Energia Oy,12,2026-05-18,not_exact_fixed_segment;not_FixedPrice
108469,Nurmijärven Sähkö Oy,24,2026-05-18,not_General
108470,Lammaisten Energia Oy,12,2026-05-18,not_General
108472,Keravan Energia Oy,12,2026-05-18,not_exact_fixed_segment;not_FixedPrice
108473,Hehku Energia Oy,24,2026-05-18,not_exact_fixed_segment;not_FixedPrice
108475,Paneliankosken Voima Oy,12,2026-05-18,not_exact_fixed_segment;not_FixedPrice;not_General
108477,Keravan Energia Oy,24,2026-05-18,not_exact_fixed_segment;not_FixedPrice
108479,Paneliankosken Voima Oy,12,2026-05-18,not_General
108488,Lammaisten Energia Oy,24,2026-05-18,not_General
108490,Paneliankosken Voima Oy,12,2026-05-18,not_exact_fixed_segment;not_FixedPrice
108492,Korpelan Energia Oy,12,2026-05-18,not_exact_fixed_segment;not_FixedPrice
108496,Vaasan Sähkö Myynti Oy,6,2026-05-18,not_exact_fixed_segment;not_FixedPrice
108498,Hehku Energia Oy,12,2026-05-18,not_exact_fixed_segment;not_FixedPrice
108503,Porvoon Energia Oy,12,2026-05-19,not_General
108508,Pohjois-Karjalan Sähkö Oy,24,2026-05-19,not_General
108509,Oomi Oy,24,2026-05-19,not_exact_fixed_segment;not_FixedPrice
108511,Äänekosken Energia Oy,6,2026-05-19,not_General
108513,Äänekosken Energia Oy,24,2026-05-19,not_General
108514,Nurmijärven Sähkö Oy,12,2026-05-19,not_General
108517,Paneliankosken Voima Oy,24,2026-05-19,not_General
108525,Porvoon Energia Oy,24,2026-05-19,not_General
108529,Vaasan Sähkö Myynti Oy,12,2026-05-19,not_exact_fixed_segment;not_FixedPrice
108530,Nurmijärven Sähkö Oy,24,2026-05-19,not_General
108540,Imatran Seudun Sähkö Oy,12,2026-05-19,not_exact_fixed_segment;not_FixedPrice
108544,Koillis-Satakunnan Sähkö Oy,12,2026-05-19,not_General
108547,Porvoon Energia Oy,24,2026-05-19,not_General
108549,Omavoima Oy,24,2026-05-19,not_exact_fixed_segment;not_FixedPrice
108552,Nurmijärven Sähkö Oy,24,2026-05-19,not_General
108554,Koillis-Satakunnan Sähkö Oy,24,2026-05-19,not_General
108555,Helen Oy,24,2026-05-19,not_exact_fixed_segment;not_FixedPrice
108559,Vaasan Sähkö Myynti Oy,12,2026-05-19,not_General
108563,Imatran Seudun Sähkö Oy,6,2026-05-19,not_exact_fixed_segment;not_FixedPrice
108565,Nordic Green Energy,12,2026-05-19,not_exact_fixed_segment;not_FixedPrice
108566,Pohjois-Karjalan Sähkö Oy,6,2026-05-19,not_General
108568,Lammaisten Energia Oy,24,2026-05-19,not_General
108569,Kokkolan Energia Oy,24,2026-05-19,not_exact_fixed_segment;not_FixedPrice
108572,Keravan Energia Oy,12,2026-05-19,not_exact_fixed_segment;not_FixedPrice
108577,Vaasan Sähkö Myynti Oy,6,2026-05-19,not_General
108579,Korpelan Energia Oy,24,2026-05-19,not_exact_fixed_segment;not_FixedPrice
108587,Koillis-Satakunnan Sähkö Oy,12,2026-05-19,not_General
108588,Kokkolan Energia Oy,12,2026-05-19,not_exact_fixed_segment;not_FixedPrice
108589,Keravan Energia Oy,24,2026-05-19,not_exact_fixed_segment;not_FixedPrice
108596,Koillis-Satakunnan Sähkö Oy,24,2026-05-19,not_exact_fixed_segment;not_FixedPrice
108597,Oomi Oy,6,2026-05-19,not_exact_fixed_segment;not_FixedPrice
108605,Fortum Markets Oy,12,2026-05-19,not_exact_fixed_segment;not_FixedPrice
108610,Paneliankosken Voima Oy,24,2026-05-19,not_exact_fixed_segment;not_FixedPrice;not_General
108611,Imatran Seudun Sähkö Oy,24,2026-05-19,not_exact_fixed_segment;not_FixedPrice
108614,Alajärven Sähkö Oy,12,2026-05-19,not_General
108616,Lammaisten Energia Oy,12,2026-05-19,not_exact_fixed_segment;not_FixedPrice;not_General
108627,Imatran Seudun Sähkö Oy,6,2026-05-19,not_exact_fixed_segment;not_FixedPrice
108633,Äänekosken Energia Oy,24,2026-05-19,not_General
108638,Helen Oy,12,2026-05-19,not_exact_fixed_segment;not_FixedPrice
108639,Lammaisten Energia Oy,24,2026-05-19,not_exact_fixed_segment;not_FixedPrice
108651,Köyliön-Säkylän Sähkö Oy,24,2026-05-19,not_General
108656,Köyliön-Säkylän Sähkö Oy,24,2026-05-19,not_General
108661,Turku Energia Oy,12,2026-05-19,not_exact_fixed_segment;not_FixedPrice
108668,Pohjois-Karjalan Sähkö Oy,12,2026-05-19,not_General
108671,Äänekosken Energia Oy,6,2026-05-19,not_General
108673,Pohjois-Karjalan Sähkö Oy,6,2026-05-19,not_General
108677,Omavoima Oy,12,2026-05-19,not_General
108686,Vaasan Sähkö Myynti Oy,24,2026-05-19,not_exact_fixed_segment;not_FixedPrice
108687,Koillis-Satakunnan Sähkö Oy,12,2026-05-19,not_exact_fixed_segment;not_FixedPrice
108690,Vaasan Sähkö Myynti Oy,24,2026-05-19,not_General
108695,Omavoima Oy,12,2026-05-19,not_General
108697,Nordic Green Energy,24,2026-05-19,not_exact_fixed_segment;not_FixedPrice
108698,Paneliankosken Voima Oy,24,2026-05-19,not_exact_fixed_segment;not_FixedPrice
108699,Pohjois-Karjalan Sähkö Oy,12,2026-05-19,not_General
108703,Oomi Oy,12,2026-05-19,not_exact_fixed_segment;not_FixedPrice
108715,Pohjois-Karjalan Sähkö Oy,24,2026-05-19,not_General
108729,Köyliön-Säkylän Sähkö Oy,12,2026-05-19,not_General
108733,Fortum Markets Oy,24,2026-05-19,not_exact_fixed_segment;not_FixedPrice
108736,Nordic Green Energy,12,2026-05-19,not_exact_fixed_segment;not_FixedPrice
108741,Köyliön-Säkylän Sähkö Oy,12,2026-05-19,not_General
108742,Lammaisten Energia Oy,12,2026-05-19,not_General
108744,Omavoima Oy,24,2026-05-19,not_General
108745,Koillis-Satakunnan Sähkö Oy,24,2026-05-19,not_General
108746,Alajärven Sähkö Oy,24,2026-05-19,not_General
108757,Lumme Energia,24,2026-05-19,not_exact_fixed_segment;not_FixedPrice
108760,Lammaisten Energia Oy,24,2026-05-19,not_exact_fixed_segment;not_FixedPrice;not_General
108763,Äänekosken Energia Oy,12,2026-05-19,not_General
108768,Porvoon Energia Oy,24,2026-05-19,not_General
108769,Lammaisten Energia Oy,24,2026-05-19,not_exact_fixed_segment;not_FixedPrice;not_General
108770,Koillis-Satakunnan Sähkö Oy,12,2026-05-19,not_General
108771,Äänekosken Energia Oy,12,2026-05-19,not_General
108775,Nordic Green Energy,24,2026-05-19,not_exact_fixed_segment;not_FixedPrice
108778,Lumme Energia,12,2026-05-19,not_exact_fixed_segment;not_FixedPrice
108781,Porvoon Energia Oy,12,2026-05-19,not_General
108784,Lammaisten Energia Oy,12,2026-05-19,not_exact_fixed_segment;not_FixedPrice
108788,Nurmijärven Sähkö Oy,12,2026-05-19,not_General
108791,Omavoima Oy,24,2026-05-19,not_General
108793,Keravan Energia Oy,12,2026-05-19,not_exact_fixed_segment;not_FixedPrice
108794,Nurmijärven Sähkö Oy,24,2026-05-19,not_General
108795,Lammaisten Energia Oy,12,2026-05-19,not_General
108797,Keravan Energia Oy,12,2026-05-19,not_exact_fixed_segment;not_FixedPrice
108798,Hehku Energia Oy,24,2026-05-19,not_exact_fixed_segment;not_FixedPrice
108800,Paneliankosken Voima Oy,12,2026-05-19,not_exact_fixed_segment;not_FixedPrice;not_General
108802,Keravan Energia Oy,24,2026-05-19,not_exact_fixed_segment;not_FixedPrice
108804,Paneliankosken Voima Oy,12,2026-05-19,not_General
108813,Lammaisten Energia Oy,24,2026-05-19,not_General
108815,Paneliankosken Voima Oy,12,2026-05-19,not_exact_fixed_segment;not_FixedPrice
108817,Korpelan Energia Oy,12,2026-05-19,not_exact_fixed_segment;not_FixedPrice
108820,Lammaisten Energia Oy,12,2026-05-19,not_exact_fixed_segment;not_FixedPrice;not_General
108822,Vaasan Sähkö Myynti Oy,6,2026-05-19,not_exact_fixed_segment;not_FixedPrice
108825,Hehku Energia Oy,12,2026-05-19,not_exact_fixed_segment;not_FixedPrice
108830,Porvoon Energia Oy,12,2026-05-20,not_General
108834,Pohjois-Karjalan Sähkö Oy,24,2026-05-20,not_General
108835,Oomi Oy,24,2026-05-20,not_exact_fixed_segment;not_FixedPrice
108836,Hehku Energia Oy,24,2026-05-20,not_exact_fixed_segment;not_FixedPrice
108838,Äänekosken Energia Oy,6,2026-05-20,not_General
108840,Äänekosken Energia Oy,24,2026-05-20,not_General
108841,Nurmijärven Sähkö Oy,12,2026-05-20,not_General
108844,Paneliankosken Voima Oy,24,2026-05-20,not_General
108851,Porvoon Energia Oy,24,2026-05-20,not_General
108856,Vaasan Sähkö Myynti Oy,12,2026-05-20,not_exact_fixed_segment;not_FixedPrice
108857,Nurmijärven Sähkö Oy,24,2026-05-20,not_General
108860,Lammaisten Energia Oy,24,2026-05-20,not_General
108867,Imatran Seudun Sähkö Oy,12,2026-05-20,not_exact_fixed_segment;not_FixedPrice
108874,Porvoon Energia Oy,24,2026-05-20,not_General
108876,Omavoima Oy,24,2026-05-20,not_exact_fixed_segment;not_FixedPrice
108879,Nurmijärven Sähkö Oy,24,2026-05-20,not_General
108881,Helen Oy,24,2026-05-20,not_exact_fixed_segment;not_FixedPrice
108885,Vaasan Sähkö Myynti Oy,12,2026-05-20,not_General
108888,Imatran Seudun Sähkö Oy,6,2026-05-20,not_exact_fixed_segment;not_FixedPrice
108890,Nordic Green Energy,12,2026-05-20,not_exact_fixed_segment;not_FixedPrice
108891,Pohjois-Karjalan Sähkö Oy,6,2026-05-20,not_General
108893,Kokkolan Energia Oy,24,2026-05-20,not_exact_fixed_segment;not_FixedPrice
108896,Keravan Energia Oy,12,2026-05-20,not_exact_fixed_segment;not_FixedPrice
108899,Lammaisten Energia Oy,24,2026-05-20,not_General
108902,Vaasan Sähkö Myynti Oy,6,2026-05-20,not_General
108904,Korpelan Energia Oy,24,2026-05-20,not_exact_fixed_segment;not_FixedPrice
108907,Koillis-Satakunnan Sähkö Oy,12,2026-05-20,not_exact_fixed_segment;not_FixedPrice
108913,Kokkolan Energia Oy,12,2026-05-20,not_exact_fixed_segment;not_FixedPrice
108915,Keravan Energia Oy,24,2026-05-20,not_exact_fixed_segment;not_FixedPrice
108922,Oomi Oy,6,2026-05-20,not_exact_fixed_segment;not_FixedPrice
108930,Fortum Markets Oy,12,2026-05-20,not_exact_fixed_segment;not_FixedPrice
108935,Paneliankosken Voima Oy,24,2026-05-20,not_exact_fixed_segment;not_FixedPrice;not_General
108936,Imatran Seudun Sähkö Oy,24,2026-05-20,not_exact_fixed_segment;not_FixedPrice
108939,Alajärven Sähkö Oy,12,2026-05-20,not_General
108941,Lammaisten Energia Oy,12,2026-05-20,not_exact_fixed_segment;not_FixedPrice;not_General
108952,Imatran Seudun Sähkö Oy,6,2026-05-20,not_exact_fixed_segment;not_FixedPrice
108958,Äänekosken Energia Oy,24,2026-05-20,not_General
108965,Helen Oy,12,2026-05-20,not_exact_fixed_segment;not_FixedPrice
108966,Lammaisten Energia Oy,24,2026-05-20,not_exact_fixed_segment;not_FixedPrice
108978,Köyliön-Säkylän Sähkö Oy,24,2026-05-20,not_General
108983,Köyliön-Säkylän Sähkö Oy,24,2026-05-20,not_General
108987,Turku Energia Oy,12,2026-05-20,not_exact_fixed_segment;not_FixedPrice
108995,Pohjois-Karjalan Sähkö Oy,12,2026-05-20,not_General
108997,Äänekosken Energia Oy,6,2026-05-20,not_General
108999,Koillis-Satakunnan Sähkö Oy,12,2026-05-20,not_General
109000,Pohjois-Karjalan Sähkö Oy,6,2026-05-20,not_General
109001,Koillis-Satakunnan Sähkö Oy,24,2026-05-20,not_General
109005,Omavoima Oy,12,2026-05-20,not_General
109009,Koillis-Satakunnan Sähkö Oy,24,2026-05-20,not_General
109014,Vaasan Sähkö Myynti Oy,24,2026-05-20,not_exact_fixed_segment;not_FixedPrice
109017,Vaasan Sähkö Myynti Oy,24,2026-05-20,not_General
109022,Omavoima Oy,12,2026-05-20,not_General
109024,Nordic Green Energy,24,2026-05-20,not_exact_fixed_segment;not_FixedPrice
109025,Paneliankosken Voima Oy,24,2026-05-20,not_exact_fixed_segment;not_FixedPrice
109026,Pohjois-Karjalan Sähkö Oy,12,2026-05-20,not_General
109029,Hehku Energia Oy,12,2026-05-20,not_exact_fixed_segment;not_FixedPrice
109031,Oomi Oy,12,2026-05-20,not_exact_fixed_segment;not_FixedPrice
109039,Lammaisten Energia Oy,12,2026-05-20,not_General
109044,Pohjois-Karjalan Sähkö Oy,24,2026-05-20,not_General
109051,Lammaisten Energia Oy,12,2026-05-20,not_General
109058,Köyliön-Säkylän Sähkö Oy,12,2026-05-20,not_General
109063,Fortum Markets Oy,24,2026-05-20,not_exact_fixed_segment;not_FixedPrice
109066,Nordic Green Energy,12,2026-05-20,not_exact_fixed_segment;not_FixedPrice
109071,Köyliön-Säkylän Sähkö Oy,12,2026-05-20,not_General
109073,Omavoima Oy,24,2026-05-20,not_General
109074,Alajärven Sähkö Oy,24,2026-05-20,not_General
109085,Lumme Energia,24,2026-05-20,not_exact_fixed_segment;not_FixedPrice
109088,Lammaisten Energia Oy,24,2026-05-20,not_exact_fixed_segment;not_FixedPrice;not_General
109090,Äänekosken Energia Oy,12,2026-05-20,not_General
109095,Porvoon Energia Oy,24,2026-05-20,not_General
109096,Lammaisten Energia Oy,24,2026-05-20,not_exact_fixed_segment;not_FixedPrice;not_General
109097,Äänekosken Energia Oy,12,2026-05-20,not_General
109101,Nordic Green Energy,24,2026-05-20,not_exact_fixed_segment;not_FixedPrice
109104,Lumme Energia,12,2026-05-20,not_exact_fixed_segment;not_FixedPrice
109107,Porvoon Energia Oy,12,2026-05-20,not_General
109110,Lammaisten Energia Oy,12,2026-05-20,not_exact_fixed_segment;not_FixedPrice
109114,Nurmijärven Sähkö Oy,12,2026-05-20,not_General
109117,Omavoima Oy,24,2026-05-20,not_General
109119,Keravan Energia Oy,12,2026-05-20,not_exact_fixed_segment;not_FixedPrice
109120,Nurmijärven Sähkö Oy,24,2026-05-20,not_General
109123,Keravan Energia Oy,12,2026-05-20,not_exact_fixed_segment;not_FixedPrice
109125,Paneliankosken Voima Oy,12,2026-05-20,not_exact_fixed_segment;not_FixedPrice;not_General
109127,Keravan Energia Oy,24,2026-05-20,not_exact_fixed_segment;not_FixedPrice
109130,Paneliankosken Voima Oy,12,2026-05-20,not_General
109131,Koillis-Satakunnan Sähkö Oy,12,2026-05-20,not_General
109135,Koillis-Satakunnan Sähkö Oy,12,2026-05-20,not_General
109142,Paneliankosken Voima Oy,12,2026-05-20,not_exact_fixed_segment;not_FixedPrice
109144,Korpelan Energia Oy,12,2026-05-20,not_exact_fixed_segment;not_FixedPrice
109146,Lammaisten Energia Oy,12,2026-05-20,not_exact_fixed_segment;not_FixedPrice;not_General
109148,Vaasan Sähkö Myynti Oy,6,2026-05-20,not_exact_fixed_segment;not_FixedPrice
109155,Koillis-Satakunnan Sähkö Oy,24,2026-05-20,not_exact_fixed_segment;not_FixedPrice
109156,Porvoon Energia Oy,12,2026-05-21,not_General
109160,Pohjois-Karjalan Sähkö Oy,24,2026-05-21,not_General
109161,Oomi Oy,24,2026-05-21,not_exact_fixed_segment;not_FixedPrice
109162,Hehku Energia Oy,24,2026-05-21,not_exact_fixed_segment;not_FixedPrice
109164,Äänekosken Energia Oy,6,2026-05-21,not_General
109166,Äänekosken Energia Oy,24,2026-05-21,not_General
109167,Nurmijärven Sähkö Oy,12,2026-05-21,not_General
109176,Porvoon Energia Oy,24,2026-05-21,not_General
109182,Vaasan Sähkö Myynti Oy,12,2026-05-21,not_exact_fixed_segment;not_FixedPrice
109183,Nurmijärven Sähkö Oy,24,2026-05-21,not_General
109186,Lammaisten Energia Oy,24,2026-05-21,not_General
109193,Imatran Seudun Sähkö Oy,12,2026-05-21,not_exact_fixed_segment;not_FixedPrice
109200,Porvoon Energia Oy,24,2026-05-21,not_General
109202,Omavoima Oy,24,2026-05-21,not_exact_fixed_segment;not_FixedPrice
109204,Paneliankosken Voima Oy,12,2026-05-21,not_exact_fixed_segment;not_FixedPrice
109205,Nurmijärven Sähkö Oy,24,2026-05-21,not_General
109207,Helen Oy,24,2026-05-21,not_exact_fixed_segment;not_FixedPrice
109211,Vaasan Sähkö Myynti Oy,12,2026-05-21,not_General
109214,Imatran Seudun Sähkö Oy,6,2026-05-21,not_exact_fixed_segment;not_FixedPrice
109216,Nordic Green Energy,12,2026-05-21,not_exact_fixed_segment;not_FixedPrice
109217,Pohjois-Karjalan Sähkö Oy,6,2026-05-21,not_General
109219,Keravan Energia Oy,12,2026-05-21,not_exact_fixed_segment;not_FixedPrice
109222,Lammaisten Energia Oy,24,2026-05-21,not_General
109226,Vaasan Sähkö Myynti Oy,6,2026-05-21,not_General
109228,Korpelan Energia Oy,24,2026-05-21,not_exact_fixed_segment;not_FixedPrice
109231,Koillis-Satakunnan Sähkö Oy,12,2026-05-21,not_exact_fixed_segment;not_FixedPrice
109238,Keravan Energia Oy,24,2026-05-21,not_exact_fixed_segment;not_FixedPrice
109241,Paneliankosken Voima Oy,24,2026-05-21,not_exact_fixed_segment;not_FixedPrice
109246,Oomi Oy,6,2026-05-21,not_exact_fixed_segment;not_FixedPrice
109255,Fortum Markets Oy,12,2026-05-21,not_exact_fixed_segment;not_FixedPrice
109260,Imatran Seudun Sähkö Oy,24,2026-05-21,not_exact_fixed_segment;not_FixedPrice
109262,Alajärven Sähkö Oy,12,2026-05-21,not_General
109264,Lammaisten Energia Oy,12,2026-05-21,not_exact_fixed_segment;not_FixedPrice;not_General
109275,Imatran Seudun Sähkö Oy,6,2026-05-21,not_exact_fixed_segment;not_FixedPrice
109281,Äänekosken Energia Oy,24,2026-05-21,not_General
109288,Helen Oy,12,2026-05-21,not_exact_fixed_segment;not_FixedPrice
109289,Lammaisten Energia Oy,24,2026-05-21,not_exact_fixed_segment;not_FixedPrice
109302,Köyliön-Säkylän Sähkö Oy,24,2026-05-21,not_General
109306,Kokkolan Energia Oy,12,2026-05-21,not_exact_fixed_segment;not_FixedPrice
109307,Köyliön-Säkylän Sähkö Oy,24,2026-05-21,not_General
109310,Turku Energia Oy,12,2026-05-21,not_exact_fixed_segment;not_FixedPrice
109315,Kokkolan Energia Oy,24,2026-05-21,not_exact_fixed_segment;not_FixedPrice
109319,Paneliankosken Voima Oy,24,2026-05-21,not_exact_fixed_segment;not_FixedPrice;not_General
109320,Pohjois-Karjalan Sähkö Oy,12,2026-05-21,not_General
109322,Äänekosken Energia Oy,6,2026-05-21,not_General
109324,Koillis-Satakunnan Sähkö Oy,12,2026-05-21,not_General
109325,Pohjois-Karjalan Sähkö Oy,6,2026-05-21,not_General
109326,Koillis-Satakunnan Sähkö Oy,24,2026-05-21,not_General
109330,Omavoima Oy,12,2026-05-21,not_General
109334,Koillis-Satakunnan Sähkö Oy,24,2026-05-21,not_General
109339,Vaasan Sähkö Myynti Oy,24,2026-05-21,not_exact_fixed_segment;not_FixedPrice
109342,Vaasan Sähkö Myynti Oy,24,2026-05-21,not_General
109347,Omavoima Oy,12,2026-05-21,not_General
109349,Nordic Green Energy,24,2026-05-21,not_exact_fixed_segment;not_FixedPrice
109350,Pohjois-Karjalan Sähkö Oy,12,2026-05-21,not_General
109353,Hehku Energia Oy,12,2026-05-21,not_exact_fixed_segment;not_FixedPrice
109355,Oomi Oy,12,2026-05-21,not_exact_fixed_segment;not_FixedPrice
109363,Lammaisten Energia Oy,12,2026-05-21,not_General
109368,Pohjois-Karjalan Sähkö Oy,24,2026-05-21,not_General
109375,Lammaisten Energia Oy,12,2026-05-21,not_General
109382,Köyliön-Säkylän Sähkö Oy,12,2026-05-21,not_General
109388,Fortum Markets Oy,24,2026-05-21,not_exact_fixed_segment;not_FixedPrice
109391,Nordic Green Energy,12,2026-05-21,not_exact_fixed_segment;not_FixedPrice
109396,Köyliön-Säkylän Sähkö Oy,12,2026-05-21,not_General
109398,Omavoima Oy,24,2026-05-21,not_General
109399,Alajärven Sähkö Oy,24,2026-05-21,not_General
109409,Lumme Energia,24,2026-05-21,not_exact_fixed_segment;not_FixedPrice
109412,Lammaisten Energia Oy,24,2026-05-21,not_exact_fixed_segment;not_FixedPrice;not_General
109415,Äänekosken Energia Oy,12,2026-05-21,not_General
109420,Porvoon Energia Oy,24,2026-05-21,not_General
109421,Lammaisten Energia Oy,24,2026-05-21,not_exact_fixed_segment;not_FixedPrice;not_General
109422,Äänekosken Energia Oy,12,2026-05-21,not_General
109428,Nordic Green Energy,24,2026-05-21,not_exact_fixed_segment;not_FixedPrice
109431,Lumme Energia,12,2026-05-21,not_exact_fixed_segment;not_FixedPrice
109434,Porvoon Energia Oy,12,2026-05-21,not_General
109437,Lammaisten Energia Oy,12,2026-05-21,not_exact_fixed_segment;not_FixedPrice
109441,Nurmijärven Sähkö Oy,12,2026-05-21,not_General
109443,Omavoima Oy,24,2026-05-21,not_General
109445,Keravan Energia Oy,12,2026-05-21,not_exact_fixed_segment;not_FixedPrice
109446,Nurmijärven Sähkö Oy,24,2026-05-21,not_General
109449,Keravan Energia Oy,12,2026-05-21,not_exact_fixed_segment;not_FixedPrice
109450,Paneliankosken Voima Oy,24,2026-05-21,not_General
109452,Paneliankosken Voima Oy,12,2026-05-21,not_General
109454,Keravan Energia Oy,24,2026-05-21,not_exact_fixed_segment;not_FixedPrice
109457,Koillis-Satakunnan Sähkö Oy,12,2026-05-21,not_General
109461,Koillis-Satakunnan Sähkö Oy,12,2026-05-21,not_General
109466,Paneliankosken Voima Oy,12,2026-05-21,not_exact_fixed_segment;not_FixedPrice;not_General
109470,Korpelan Energia Oy,12,2026-05-21,not_exact_fixed_segment;not_FixedPrice
109472,Lammaisten Energia Oy,12,2026-05-21,not_exact_fixed_segment;not_FixedPrice;not_General
109474,Vaasan Sähkö Myynti Oy,6,2026-05-21,not_exact_fixed_segment;not_FixedPrice
109480,Koillis-Satakunnan Sähkö Oy,24,2026-05-21,not_exact_fixed_segment;not_FixedPrice
109481,Porvoon Energia Oy,12,2026-05-22,not_General
109485,Pohjois-Karjalan Sähkö Oy,24,2026-05-22,not_General
109486,Hehku Energia Oy,24,2026-05-22,not_exact_fixed_segment;not_FixedPrice
109488,Äänekosken Energia Oy,6,2026-05-22,not_General
109490,Äänekosken Energia Oy,24,2026-05-22,not_General
109491,Nurmijärven Sähkö Oy,12,2026-05-22,not_General
109500,Porvoon Energia Oy,24,2026-05-22,not_General
109505,Vaasan Sähkö Myynti Oy,12,2026-05-22,not_exact_fixed_segment;not_FixedPrice
109506,Nurmijärven Sähkö Oy,24,2026-05-22,not_General
109509,Lammaisten Energia Oy,24,2026-05-22,not_General
109511,Oomi Oy,24,2026-05-22,not_exact_fixed_segment;not_FixedPrice
109517,Imatran Seudun Sähkö Oy,12,2026-05-22,not_exact_fixed_segment;not_FixedPrice
109524,Porvoon Energia Oy,24,2026-05-22,not_General
109526,Omavoima Oy,24,2026-05-22,not_exact_fixed_segment;not_FixedPrice
109528,Paneliankosken Voima Oy,12,2026-05-22,not_exact_fixed_segment;not_FixedPrice
109529,Nurmijärven Sähkö Oy,24,2026-05-22,not_General
109531,Helen Oy,24,2026-05-22,not_exact_fixed_segment;not_FixedPrice
109535,Vaasan Sähkö Myynti Oy,12,2026-05-22,not_General
109538,Imatran Seudun Sähkö Oy,6,2026-05-22,not_exact_fixed_segment;not_FixedPrice
109540,Nordic Green Energy,12,2026-05-22,not_exact_fixed_segment;not_FixedPrice
109541,Pohjois-Karjalan Sähkö Oy,6,2026-05-22,not_General
109543,Keravan Energia Oy,12,2026-05-22,not_exact_fixed_segment;not_FixedPrice
109546,Lammaisten Energia Oy,24,2026-05-22,not_General
109550,Vaasan Sähkö Myynti Oy,6,2026-05-22,not_General
109552,Korpelan Energia Oy,24,2026-05-22,not_exact_fixed_segment;not_FixedPrice
109555,Koillis-Satakunnan Sähkö Oy,12,2026-05-22,not_exact_fixed_segment;not_FixedPrice
109562,Keravan Energia Oy,24,2026-05-22,not_exact_fixed_segment;not_FixedPrice
109565,Paneliankosken Voima Oy,24,2026-05-22,not_exact_fixed_segment;not_FixedPrice
109578,Oomi Oy,12,2026-05-22,not_exact_fixed_segment;not_FixedPrice
109580,Fortum Markets Oy,12,2026-05-22,not_exact_fixed_segment;not_FixedPrice
109585,Imatran Seudun Sähkö Oy,24,2026-05-22,not_exact_fixed_segment;not_FixedPrice
109587,Alajärven Sähkö Oy,12,2026-05-22,not_General
109589,Lammaisten Energia Oy,12,2026-05-22,not_exact_fixed_segment;not_FixedPrice;not_General
109599,Imatran Seudun Sähkö Oy,6,2026-05-22,not_exact_fixed_segment;not_FixedPrice
109605,Äänekosken Energia Oy,24,2026-05-22,not_General
109612,Helen Oy,12,2026-05-22,not_exact_fixed_segment;not_FixedPrice
109613,Lammaisten Energia Oy,24,2026-05-22,not_exact_fixed_segment;not_FixedPrice
109627,Köyliön-Säkylän Sähkö Oy,24,2026-05-22,not_General
109631,Kokkolan Energia Oy,12,2026-05-22,not_exact_fixed_segment;not_FixedPrice
109632,Köyliön-Säkylän Sähkö Oy,24,2026-05-22,not_General
109635,Turku Energia Oy,12,2026-05-22,not_exact_fixed_segment;not_FixedPrice
109640,Kokkolan Energia Oy,24,2026-05-22,not_exact_fixed_segment;not_FixedPrice
109644,Paneliankosken Voima Oy,24,2026-05-22,not_exact_fixed_segment;not_FixedPrice;not_General
109645,Pohjois-Karjalan Sähkö Oy,12,2026-05-22,not_General
109647,Äänekosken Energia Oy,6,2026-05-22,not_General
109649,Koillis-Satakunnan Sähkö Oy,12,2026-05-22,not_General
109650,Pohjois-Karjalan Sähkö Oy,6,2026-05-22,not_General
109651,Koillis-Satakunnan Sähkö Oy,24,2026-05-22,not_General
109656,Omavoima Oy,12,2026-05-22,not_General
109660,Koillis-Satakunnan Sähkö Oy,24,2026-05-22,not_General
109665,Vaasan Sähkö Myynti Oy,24,2026-05-22,not_exact_fixed_segment;not_FixedPrice
109668,Vaasan Sähkö Myynti Oy,24,2026-05-22,not_General
109673,Omavoima Oy,12,2026-05-22,not_General
109675,Nordic Green Energy,24,2026-05-22,not_exact_fixed_segment;not_FixedPrice
109676,Pohjois-Karjalan Sähkö Oy,12,2026-05-22,not_General
109679,Hehku Energia Oy,12,2026-05-22,not_exact_fixed_segment;not_FixedPrice
109688,Lammaisten Energia Oy,12,2026-05-22,not_General
109693,Pohjois-Karjalan Sähkö Oy,24,2026-05-22,not_General
109700,Lammaisten Energia Oy,12,2026-05-22,not_General
109707,Köyliön-Säkylän Sähkö Oy,12,2026-05-22,not_General
109713,Fortum Markets Oy,24,2026-05-22,not_exact_fixed_segment;not_FixedPrice
109716,Nordic Green Energy,12,2026-05-22,not_exact_fixed_segment;not_FixedPrice
109720,Köyliön-Säkylän Sähkö Oy,12,2026-05-22,not_General
109722,Omavoima Oy,24,2026-05-22,not_General
109723,Alajärven Sähkö Oy,24,2026-05-22,not_General
109733,Lumme Energia,24,2026-05-22,not_exact_fixed_segment;not_FixedPrice
109736,Lammaisten Energia Oy,24,2026-05-22,not_exact_fixed_segment;not_FixedPrice;not_General
109738,Oomi Oy,6,2026-05-22,not_exact_fixed_segment;not_FixedPrice
109740,Äänekosken Energia Oy,12,2026-05-22,not_General
109745,Porvoon Energia Oy,24,2026-05-22,not_General
109746,Lammaisten Energia Oy,24,2026-05-22,not_exact_fixed_segment;not_FixedPrice;not_General
109747,Äänekosken Energia Oy,12,2026-05-22,not_General
109753,Nordic Green Energy,24,2026-05-22,not_exact_fixed_segment;not_FixedPrice
109756,Lumme Energia,12,2026-05-22,not_exact_fixed_segment;not_FixedPrice
109759,Porvoon Energia Oy,12,2026-05-22,not_General
109762,Lammaisten Energia Oy,12,2026-05-22,not_exact_fixed_segment;not_FixedPrice
109766,Nurmijärven Sähkö Oy,12,2026-05-22,not_General
109768,Omavoima Oy,24,2026-05-22,not_General
109770,Keravan Energia Oy,12,2026-05-22,not_exact_fixed_segment;not_FixedPrice
109771,Nurmijärven Sähkö Oy,24,2026-05-22,not_General
109774,Keravan Energia Oy,12,2026-05-22,not_exact_fixed_segment;not_FixedPrice
109775,Paneliankosken Voima Oy,24,2026-05-22,not_General
109777,Paneliankosken Voima Oy,12,2026-05-22,not_General
109779,Keravan Energia Oy,24,2026-05-22,not_exact_fixed_segment;not_FixedPrice
109782,Koillis-Satakunnan Sähkö Oy,12,2026-05-22,not_General
109786,Koillis-Satakunnan Sähkö Oy,12,2026-05-22,not_General
109791,Paneliankosken Voima Oy,12,2026-05-22,not_exact_fixed_segment;not_FixedPrice;not_General
109795,Korpelan Energia Oy,12,2026-05-22,not_exact_fixed_segment;not_FixedPrice
109797,Lammaisten Energia Oy,12,2026-05-22,not_exact_fixed_segment;not_FixedPrice;not_General
109799,Vaasan Sähkö Myynti Oy,6,2026-05-22,not_exact_fixed_segment;not_FixedPrice
109805,Koillis-Satakunnan Sähkö Oy,24,2026-05-22,not_exact_fixed_segment;not_FixedPrice
109806,Porvoon Energia Oy,12,2026-05-23,not_General
109809,Pohjois-Karjalan Sähkö Oy,24,2026-05-23,not_General
109810,Hehku Energia Oy,24,2026-05-23,not_exact_fixed_segment;not_FixedPrice
109812,Äänekosken Energia Oy,6,2026-05-23,not_General
109814,Äänekosken Energia Oy,24,2026-05-23,not_General
109815,Nurmijärven Sähkö Oy,12,2026-05-23,not_General
109824,Porvoon Energia Oy,24,2026-05-23,not_General
109829,Vaasan Sähkö Myynti Oy,12,2026-05-23,not_exact_fixed_segment;not_FixedPrice
109830,Nurmijärven Sähkö Oy,24,2026-05-23,not_General
109833,Lammaisten Energia Oy,24,2026-05-23,not_General
109835,Oomi Oy,24,2026-05-23,not_exact_fixed_segment;not_FixedPrice
109848,Porvoon Energia Oy,24,2026-05-23,not_General
109850,Omavoima Oy,24,2026-05-23,not_exact_fixed_segment;not_FixedPrice
109852,Paneliankosken Voima Oy,12,2026-05-23,not_exact_fixed_segment;not_FixedPrice
109853,Nurmijärven Sähkö Oy,24,2026-05-23,not_General
109855,Helen Oy,24,2026-05-23,not_exact_fixed_segment;not_FixedPrice
109859,Vaasan Sähkö Myynti Oy,12,2026-05-23,not_General
109863,Nordic Green Energy,12,2026-05-23,not_exact_fixed_segment;not_FixedPrice
109864,Pohjois-Karjalan Sähkö Oy,6,2026-05-23,not_General
109866,Keravan Energia Oy,12,2026-05-23,not_exact_fixed_segment;not_FixedPrice
109869,Lammaisten Energia Oy,24,2026-05-23,not_General
109873,Vaasan Sähkö Myynti Oy,6,2026-05-23,not_General
109875,Korpelan Energia Oy,24,2026-05-23,not_exact_fixed_segment;not_FixedPrice
109878,Koillis-Satakunnan Sähkö Oy,12,2026-05-23,not_exact_fixed_segment;not_FixedPrice
109884,Keravan Energia Oy,24,2026-05-23,not_exact_fixed_segment;not_FixedPrice
109887,Paneliankosken Voima Oy,24,2026-05-23,not_exact_fixed_segment;not_FixedPrice
109899,Oomi Oy,12,2026-05-23,not_exact_fixed_segment;not_FixedPrice
109901,Fortum Markets Oy,12,2026-05-23,not_exact_fixed_segment;not_FixedPrice
109906,Imatran Seudun Sähkö Oy,24,2026-05-23,not_exact_fixed_segment;not_FixedPrice
109908,Alajärven Sähkö Oy,12,2026-05-23,not_General
109910,Lammaisten Energia Oy,12,2026-05-23,not_exact_fixed_segment;not_FixedPrice;not_General
109920,Imatran Seudun Sähkö Oy,12,2026-05-23,not_exact_fixed_segment;not_FixedPrice
109921,Imatran Seudun Sähkö Oy,6,2026-05-23,not_exact_fixed_segment;not_FixedPrice
109927,Äänekosken Energia Oy,24,2026-05-23,not_General
109935,Helen Oy,12,2026-05-23,not_exact_fixed_segment;not_FixedPrice
109936,Lammaisten Energia Oy,24,2026-05-23,not_exact_fixed_segment;not_FixedPrice
109947,Imatran Seudun Sähkö Oy,6,2026-05-23,not_exact_fixed_segment;not_FixedPrice
109951,Köyliön-Säkylän Sähkö Oy,24,2026-05-23,not_General
109955,Kokkolan Energia Oy,12,2026-05-23,not_exact_fixed_segment;not_FixedPrice
109956,Köyliön-Säkylän Sähkö Oy,24,2026-05-23,not_General
109959,Turku Energia Oy,12,2026-05-23,not_exact_fixed_segment;not_FixedPrice
109964,Kokkolan Energia Oy,24,2026-05-23,not_exact_fixed_segment;not_FixedPrice
109968,Paneliankosken Voima Oy,24,2026-05-23,not_exact_fixed_segment;not_FixedPrice;not_General
109969,Pohjois-Karjalan Sähkö Oy,12,2026-05-23,not_General
109971,Äänekosken Energia Oy,6,2026-05-23,not_General
109973,Koillis-Satakunnan Sähkö Oy,12,2026-05-23,not_General
109974,Pohjois-Karjalan Sähkö Oy,6,2026-05-23,not_General
109975,Koillis-Satakunnan Sähkö Oy,24,2026-05-23,not_General
109977,Lumme Energia,12,2026-05-23,not_exact_fixed_segment;not_FixedPrice
109981,Omavoima Oy,12,2026-05-23,not_General
109985,Koillis-Satakunnan Sähkö Oy,24,2026-05-23,not_General
109991,Vaasan Sähkö Myynti Oy,24,2026-05-23,not_exact_fixed_segment;not_FixedPrice
109994,Vaasan Sähkö Myynti Oy,24,2026-05-23,not_General
109999,Omavoima Oy,12,2026-05-23,not_General
110001,Nordic Green Energy,24,2026-05-23,not_exact_fixed_segment;not_FixedPrice
110002,Pohjois-Karjalan Sähkö Oy,12,2026-05-23,not_General
110005,Hehku Energia Oy,12,2026-05-23,not_exact_fixed_segment;not_FixedPrice
110014,Lammaisten Energia Oy,12,2026-05-23,not_General
110019,Pohjois-Karjalan Sähkö Oy,24,2026-05-23,not_General
110025,Lammaisten Energia Oy,12,2026-05-23,not_General
110032,Köyliön-Säkylän Sähkö Oy,12,2026-05-23,not_General
110038,Fortum Markets Oy,24,2026-05-23,not_exact_fixed_segment;not_FixedPrice
110041,Nordic Green Energy,12,2026-05-23,not_exact_fixed_segment;not_FixedPrice
110045,Köyliön-Säkylän Sähkö Oy,12,2026-05-23,not_General
110047,Omavoima Oy,24,2026-05-23,not_General
110048,Alajärven Sähkö Oy,24,2026-05-23,not_General
110061,Lammaisten Energia Oy,24,2026-05-23,not_exact_fixed_segment;not_FixedPrice;not_General
110063,Oomi Oy,6,2026-05-23,not_exact_fixed_segment;not_FixedPrice
110064,Äänekosken Energia Oy,12,2026-05-23,not_General
110069,Porvoon Energia Oy,24,2026-05-23,not_General
110070,Lammaisten Energia Oy,24,2026-05-23,not_exact_fixed_segment;not_FixedPrice;not_General
110071,Äänekosken Energia Oy,12,2026-05-23,not_General
110078,Nordic Green Energy,24,2026-05-23,not_exact_fixed_segment;not_FixedPrice
110083,Porvoon Energia Oy,12,2026-05-23,not_General
110086,Lammaisten Energia Oy,12,2026-05-23,not_exact_fixed_segment;not_FixedPrice
110090,Nurmijärven Sähkö Oy,12,2026-05-23,not_General
110092,Omavoima Oy,24,2026-05-23,not_General
110094,Keravan Energia Oy,12,2026-05-23,not_exact_fixed_segment;not_FixedPrice
110095,Nurmijärven Sähkö Oy,24,2026-05-23,not_General
110098,Keravan Energia Oy,12,2026-05-23,not_exact_fixed_segment;not_FixedPrice
110099,Paneliankosken Voima Oy,24,2026-05-23,not_General
110101,Paneliankosken Voima Oy,12,2026-05-23,not_General
110103,Keravan Energia Oy,24,2026-05-23,not_exact_fixed_segment;not_FixedPrice
110106,Koillis-Satakunnan Sähkö Oy,12,2026-05-23,not_General
110107,Lumme Energia,24,2026-05-23,not_exact_fixed_segment;not_FixedPrice
110111,Koillis-Satakunnan Sähkö Oy,12,2026-05-23,not_General
110116,Paneliankosken Voima Oy,12,2026-05-23,not_exact_fixed_segment;not_FixedPrice;not_General
110120,Korpelan Energia Oy,12,2026-05-23,not_exact_fixed_segment;not_FixedPrice
110122,Lammaisten Energia Oy,12,2026-05-23,not_exact_fixed_segment;not_FixedPrice;not_General
110124,Vaasan Sähkö Myynti Oy,6,2026-05-23,not_exact_fixed_segment;not_FixedPrice
110130,Koillis-Satakunnan Sähkö Oy,24,2026-05-23,not_exact_fixed_segment;not_FixedPrice
110131,Porvoon Energia Oy,12,2026-05-24,not_General
110134,Pohjois-Karjalan Sähkö Oy,24,2026-05-24,not_General
110135,Hehku Energia Oy,24,2026-05-24,not_exact_fixed_segment;not_FixedPrice
110137,Äänekosken Energia Oy,6,2026-05-24,not_General
110139,Äänekosken Energia Oy,24,2026-05-24,not_General
110140,Nurmijärven Sähkö Oy,12,2026-05-24,not_General
110149,Porvoon Energia Oy,24,2026-05-24,not_General
110154,Vaasan Sähkö Myynti Oy,12,2026-05-24,not_exact_fixed_segment;not_FixedPrice
110155,Nurmijärven Sähkö Oy,24,2026-05-24,not_General
110158,Lammaisten Energia Oy,24,2026-05-24,not_General
110160,Oomi Oy,24,2026-05-24,not_exact_fixed_segment;not_FixedPrice
110173,Porvoon Energia Oy,24,2026-05-24,not_General
110175,Omavoima Oy,24,2026-05-24,not_exact_fixed_segment;not_FixedPrice
110177,Paneliankosken Voima Oy,12,2026-05-24,not_exact_fixed_segment;not_FixedPrice
110178,Nurmijärven Sähkö Oy,24,2026-05-24,not_General
110180,Helen Oy,24,2026-05-24,not_exact_fixed_segment;not_FixedPrice
110184,Vaasan Sähkö Myynti Oy,12,2026-05-24,not_General
110188,Nordic Green Energy,12,2026-05-24,not_exact_fixed_segment;not_FixedPrice
110189,Pohjois-Karjalan Sähkö Oy,6,2026-05-24,not_General
110191,Keravan Energia Oy,12,2026-05-24,not_exact_fixed_segment;not_FixedPrice
110194,Lammaisten Energia Oy,24,2026-05-24,not_General
110198,Vaasan Sähkö Myynti Oy,6,2026-05-24,not_General
110200,Korpelan Energia Oy,24,2026-05-24,not_exact_fixed_segment;not_FixedPrice
110203,Koillis-Satakunnan Sähkö Oy,12,2026-05-24,not_exact_fixed_segment;not_FixedPrice
110209,Keravan Energia Oy,24,2026-05-24,not_exact_fixed_segment;not_FixedPrice
110212,Paneliankosken Voima Oy,24,2026-05-24,not_exact_fixed_segment;not_FixedPrice
110224,Oomi Oy,12,2026-05-24,not_exact_fixed_segment;not_FixedPrice
110226,Fortum Markets Oy,12,2026-05-24,not_exact_fixed_segment;not_FixedPrice
110231,Imatran Seudun Sähkö Oy,24,2026-05-24,not_exact_fixed_segment;not_FixedPrice
110233,Alajärven Sähkö Oy,12,2026-05-24,not_General
110235,Lammaisten Energia Oy,12,2026-05-24,not_exact_fixed_segment;not_FixedPrice;not_General
110245,Imatran Seudun Sähkö Oy,12,2026-05-24,not_exact_fixed_segment;not_FixedPrice
110246,Imatran Seudun Sähkö Oy,6,2026-05-24,not_exact_fixed_segment;not_FixedPrice
110252,Äänekosken Energia Oy,24,2026-05-24,not_General
110260,Helen Oy,12,2026-05-24,not_exact_fixed_segment;not_FixedPrice
110261,Lammaisten Energia Oy,24,2026-05-24,not_exact_fixed_segment;not_FixedPrice
110272,Imatran Seudun Sähkö Oy,6,2026-05-24,not_exact_fixed_segment;not_FixedPrice
110276,Köyliön-Säkylän Sähkö Oy,24,2026-05-24,not_General
110280,Kokkolan Energia Oy,12,2026-05-24,not_exact_fixed_segment;not_FixedPrice
110281,Köyliön-Säkylän Sähkö Oy,24,2026-05-24,not_General
110284,Turku Energia Oy,12,2026-05-24,not_exact_fixed_segment;not_FixedPrice
110289,Kokkolan Energia Oy,24,2026-05-24,not_exact_fixed_segment;not_FixedPrice
110293,Paneliankosken Voima Oy,24,2026-05-24,not_exact_fixed_segment;not_FixedPrice;not_General
110294,Pohjois-Karjalan Sähkö Oy,12,2026-05-24,not_General
110296,Äänekosken Energia Oy,6,2026-05-24,not_General
110298,Koillis-Satakunnan Sähkö Oy,12,2026-05-24,not_General
110299,Pohjois-Karjalan Sähkö Oy,6,2026-05-24,not_General
110300,Koillis-Satakunnan Sähkö Oy,24,2026-05-24,not_General
110302,Lumme Energia,12,2026-05-24,not_exact_fixed_segment;not_FixedPrice
110306,Omavoima Oy,12,2026-05-24,not_General
110310,Koillis-Satakunnan Sähkö Oy,24,2026-05-24,not_General
110316,Vaasan Sähkö Myynti Oy,24,2026-05-24,not_exact_fixed_segment;not_FixedPrice
110319,Vaasan Sähkö Myynti Oy,24,2026-05-24,not_General
110324,Omavoima Oy,12,2026-05-24,not_General
110326,Nordic Green Energy,24,2026-05-24,not_exact_fixed_segment;not_FixedPrice
110327,Pohjois-Karjalan Sähkö Oy,12,2026-05-24,not_General
110330,Hehku Energia Oy,12,2026-05-24,not_exact_fixed_segment;not_FixedPrice
110339,Lammaisten Energia Oy,12,2026-05-24,not_General
110344,Pohjois-Karjalan Sähkö Oy,24,2026-05-24,not_General
110350,Lammaisten Energia Oy,12,2026-05-24,not_General
110357,Köyliön-Säkylän Sähkö Oy,12,2026-05-24,not_General
110363,Fortum Markets Oy,24,2026-05-24,not_exact_fixed_segment;not_FixedPrice
110366,Nordic Green Energy,12,2026-05-24,not_exact_fixed_segment;not_FixedPrice
110370,Köyliön-Säkylän Sähkö Oy,12,2026-05-24,not_General
110372,Omavoima Oy,24,2026-05-24,not_General
110373,Alajärven Sähkö Oy,24,2026-05-24,not_General
110386,Lammaisten Energia Oy,24,2026-05-24,not_exact_fixed_segment;not_FixedPrice;not_General
110388,Oomi Oy,6,2026-05-24,not_exact_fixed_segment;not_FixedPrice
110389,Äänekosken Energia Oy,12,2026-05-24,not_General
110394,Porvoon Energia Oy,24,2026-05-24,not_General
110395,Lammaisten Energia Oy,24,2026-05-24,not_exact_fixed_segment;not_FixedPrice;not_General
110396,Äänekosken Energia Oy,12,2026-05-24,not_General
110403,Nordic Green Energy,24,2026-05-24,not_exact_fixed_segment;not_FixedPrice
110408,Porvoon Energia Oy,12,2026-05-24,not_General
110411,Lammaisten Energia Oy,12,2026-05-24,not_exact_fixed_segment;not_FixedPrice
110415,Nurmijärven Sähkö Oy,12,2026-05-24,not_General
110417,Omavoima Oy,24,2026-05-24,not_General
110419,Keravan Energia Oy,12,2026-05-24,not_exact_fixed_segment;not_FixedPrice
110420,Nurmijärven Sähkö Oy,24,2026-05-24,not_General
110423,Keravan Energia Oy,12,2026-05-24,not_exact_fixed_segment;not_FixedPrice
110424,Paneliankosken Voima Oy,24,2026-05-24,not_General
110426,Paneliankosken Voima Oy,12,2026-05-24,not_General
110428,Keravan Energia Oy,24,2026-05-24,not_exact_fixed_segment;not_FixedPrice
110431,Koillis-Satakunnan Sähkö Oy,12,2026-05-24,not_General
110432,Lumme Energia,24,2026-05-24,not_exact_fixed_segment;not_FixedPrice
110436,Koillis-Satakunnan Sähkö Oy,12,2026-05-24,not_General
110441,Paneliankosken Voima Oy,12,2026-05-24,not_exact_fixed_segment;not_FixedPrice;not_General
110445,Korpelan Energia Oy,12,2026-05-24,not_exact_fixed_segment;not_FixedPrice
110447,Lammaisten Energia Oy,12,2026-05-24,not_exact_fixed_segment;not_FixedPrice;not_General
110449,Vaasan Sähkö Myynti Oy,6,2026-05-24,not_exact_fixed_segment;not_FixedPrice
110455,Koillis-Satakunnan Sähkö Oy,24,2026-05-24,not_exact_fixed_segment;not_FixedPrice
110456,Porvoon Energia Oy,12,2026-05-25,not_General
110459,Pohjois-Karjalan Sähkö Oy,24,2026-05-25,not_General
110460,Hehku Energia Oy,24,2026-05-25,not_exact_fixed_segment;not_FixedPrice
110462,Äänekosken Energia Oy,6,2026-05-25,not_General
110464,Äänekosken Energia Oy,24,2026-05-25,not_General
110465,Nurmijärven Sähkö Oy,12,2026-05-25,not_General
110473,Porvoon Energia Oy,24,2026-05-25,not_General
110478,Vaasan Sähkö Myynti Oy,12,2026-05-25,not_exact_fixed_segment;not_FixedPrice
110479,Nurmijärven Sähkö Oy,24,2026-05-25,not_General
110482,Lammaisten Energia Oy,24,2026-05-25,not_General
110484,Oomi Oy,24,2026-05-25,not_exact_fixed_segment;not_FixedPrice
110485,Fortum Markets Oy,24,2026-05-25,not_exact_fixed_segment;not_FixedPrice
110497,Porvoon Energia Oy,24,2026-05-25,not_General
110499,Omavoima Oy,24,2026-05-25,not_exact_fixed_segment;not_FixedPrice
110501,Paneliankosken Voima Oy,12,2026-05-25,not_exact_fixed_segment;not_FixedPrice
110502,Nurmijärven Sähkö Oy,24,2026-05-25,not_General
110504,Helen Oy,24,2026-05-25,not_exact_fixed_segment;not_FixedPrice
110508,Vaasan Sähkö Myynti Oy,12,2026-05-25,not_General
110512,Nordic Green Energy,12,2026-05-25,not_exact_fixed_segment;not_FixedPrice
110513,Pohjois-Karjalan Sähkö Oy,6,2026-05-25,not_General
110514,Keravan Energia Oy,12,2026-05-25,not_exact_fixed_segment;not_FixedPrice
110517,Lammaisten Energia Oy,24,2026-05-25,not_General
110521,Vaasan Sähkö Myynti Oy,6,2026-05-25,not_General
110523,Korpelan Energia Oy,24,2026-05-25,not_exact_fixed_segment;not_FixedPrice
110526,Koillis-Satakunnan Sähkö Oy,12,2026-05-25,not_exact_fixed_segment;not_FixedPrice
110532,Keravan Energia Oy,24,2026-05-25,not_exact_fixed_segment;not_FixedPrice
110535,Paneliankosken Voima Oy,24,2026-05-25,not_exact_fixed_segment;not_FixedPrice
110547,Oomi Oy,12,2026-05-25,not_exact_fixed_segment;not_FixedPrice
110549,Fortum Markets Oy,12,2026-05-25,not_exact_fixed_segment;not_FixedPrice
110554,Imatran Seudun Sähkö Oy,24,2026-05-25,not_exact_fixed_segment;not_FixedPrice
110556,Alajärven Sähkö Oy,12,2026-05-25,not_General
110558,Lammaisten Energia Oy,12,2026-05-25,not_exact_fixed_segment;not_FixedPrice;not_General
110570,Imatran Seudun Sähkö Oy,12,2026-05-25,not_exact_fixed_segment;not_FixedPrice
110571,Imatran Seudun Sähkö Oy,6,2026-05-25,not_exact_fixed_segment;not_FixedPrice
110576,Äänekosken Energia Oy,24,2026-05-25,not_General
110584,Helen Oy,12,2026-05-25,not_exact_fixed_segment;not_FixedPrice
110585,Lammaisten Energia Oy,24,2026-05-25,not_exact_fixed_segment;not_FixedPrice
110596,Imatran Seudun Sähkö Oy,6,2026-05-25,not_exact_fixed_segment;not_FixedPrice
110601,Köyliön-Säkylän Sähkö Oy,24,2026-05-25,not_General
110606,Kokkolan Energia Oy,12,2026-05-25,not_exact_fixed_segment;not_FixedPrice
110607,Köyliön-Säkylän Sähkö Oy,24,2026-05-25,not_General
110610,Turku Energia Oy,12,2026-05-25,not_exact_fixed_segment;not_FixedPrice
110615,Kokkolan Energia Oy,24,2026-05-25,not_exact_fixed_segment;not_FixedPrice
110618,Paneliankosken Voima Oy,24,2026-05-25,not_exact_fixed_segment;not_FixedPrice;not_General
110619,Pohjois-Karjalan Sähkö Oy,12,2026-05-25,not_General
110621,Äänekosken Energia Oy,6,2026-05-25,not_General
110623,Koillis-Satakunnan Sähkö Oy,12,2026-05-25,not_General
110624,Pohjois-Karjalan Sähkö Oy,6,2026-05-25,not_General
110625,Koillis-Satakunnan Sähkö Oy,24,2026-05-25,not_General
110627,Lumme Energia,12,2026-05-25,not_exact_fixed_segment;not_FixedPrice
110631,Omavoima Oy,12,2026-05-25,not_General
110635,Koillis-Satakunnan Sähkö Oy,24,2026-05-25,not_General
110641,Vaasan Sähkö Myynti Oy,24,2026-05-25,not_exact_fixed_segment;not_FixedPrice
110645,Vaasan Sähkö Myynti Oy,24,2026-05-25,not_General
110650,Omavoima Oy,12,2026-05-25,not_General
110652,Nordic Green Energy,24,2026-05-25,not_exact_fixed_segment;not_FixedPrice
110653,Pohjois-Karjalan Sähkö Oy,12,2026-05-25,not_General
110656,Hehku Energia Oy,12,2026-05-25,not_exact_fixed_segment;not_FixedPrice
110665,Lammaisten Energia Oy,12,2026-05-25,not_General
110670,Pohjois-Karjalan Sähkö Oy,24,2026-05-25,not_General
110676,Lammaisten Energia Oy,12,2026-05-25,not_General
110683,Köyliön-Säkylän Sähkö Oy,12,2026-05-25,not_General
110691,Nordic Green Energy,12,2026-05-25,not_exact_fixed_segment;not_FixedPrice
110695,Köyliön-Säkylän Sähkö Oy,12,2026-05-25,not_General
110697,Omavoima Oy,24,2026-05-25,not_General
110698,Alajärven Sähkö Oy,24,2026-05-25,not_General
110712,Lammaisten Energia Oy,24,2026-05-25,not_exact_fixed_segment;not_FixedPrice;not_General
110714,Oomi Oy,6,2026-05-25,not_exact_fixed_segment;not_FixedPrice
110715,Äänekosken Energia Oy,12,2026-05-25,not_General
110719,Porvoon Energia Oy,24,2026-05-25,not_General
110720,Lammaisten Energia Oy,24,2026-05-25,not_exact_fixed_segment;not_FixedPrice;not_General
110721,Äänekosken Energia Oy,12,2026-05-25,not_General
110728,Nordic Green Energy,24,2026-05-25,not_exact_fixed_segment;not_FixedPrice
110733,Porvoon Energia Oy,12,2026-05-25,not_General
110736,Lammaisten Energia Oy,12,2026-05-25,not_exact_fixed_segment;not_FixedPrice
110740,Nurmijärven Sähkö Oy,12,2026-05-25,not_General
110742,Omavoima Oy,24,2026-05-25,not_General
110744,Keravan Energia Oy,12,2026-05-25,not_exact_fixed_segment;not_FixedPrice
110745,Nurmijärven Sähkö Oy,24,2026-05-25,not_General
110748,Keravan Energia Oy,12,2026-05-25,not_exact_fixed_segment;not_FixedPrice
110749,Paneliankosken Voima Oy,24,2026-05-25,not_General
110751,Paneliankosken Voima Oy,12,2026-05-25,not_General
110753,Keravan Energia Oy,24,2026-05-25,not_exact_fixed_segment;not_FixedPrice
110756,Koillis-Satakunnan Sähkö Oy,12,2026-05-25,not_General
110757,Lumme Energia,24,2026-05-25,not_exact_fixed_segment;not_FixedPrice
110761,Koillis-Satakunnan Sähkö Oy,12,2026-05-25,not_General
110766,Paneliankosken Voima Oy,12,2026-05-25,not_exact_fixed_segment;not_FixedPrice;not_General
110770,Korpelan Energia Oy,12,2026-05-25,not_exact_fixed_segment;not_FixedPrice
110772,Lammaisten Energia Oy,12,2026-05-25,not_exact_fixed_segment;not_FixedPrice;not_General
110774,Vaasan Sähkö Myynti Oy,6,2026-05-25,not_exact_fixed_segment;not_FixedPrice
110780,Koillis-Satakunnan Sähkö Oy,24,2026-05-25,not_exact_fixed_segment;not_FixedPrice
110781,Porvoon Energia Oy,12,2026-05-26,not_General
110784,Pohjois-Karjalan Sähkö Oy,24,2026-05-26,not_General
110785,Hehku Energia Oy,24,2026-05-26,not_exact_fixed_segment;not_FixedPrice
110787,Äänekosken Energia Oy,6,2026-05-26,not_General
110789,Äänekosken Energia Oy,24,2026-05-26,not_General
110790,Nurmijärven Sähkö Oy,12,2026-05-26,not_General
110798,Porvoon Energia Oy,24,2026-05-26,not_General
110804,Vaasan Sähkö Myynti Oy,12,2026-05-26,not_exact_fixed_segment;not_FixedPrice
110805,Nurmijärven Sähkö Oy,24,2026-05-26,not_General
110809,Lammaisten Energia Oy,24,2026-05-26,not_General
110811,Oomi Oy,24,2026-05-26,not_exact_fixed_segment;not_FixedPrice
110812,Fortum Markets Oy,24,2026-05-26,not_exact_fixed_segment;not_FixedPrice
110824,Porvoon Energia Oy,24,2026-05-26,not_General
110827,Paneliankosken Voima Oy,12,2026-05-26,not_exact_fixed_segment;not_FixedPrice
110828,Nurmijärven Sähkö Oy,24,2026-05-26,not_General
110832,Vaasan Sähkö Myynti Oy,12,2026-05-26,not_General
110836,Nordic Green Energy,12,2026-05-26,not_exact_fixed_segment;not_FixedPrice
110837,Pohjois-Karjalan Sähkö Oy,6,2026-05-26,not_General
110838,Keravan Energia Oy,12,2026-05-26,not_exact_fixed_segment;not_FixedPrice
110841,Lammaisten Energia Oy,24,2026-05-26,not_General
110845,Vaasan Sähkö Myynti Oy,6,2026-05-26,not_General
110847,Korpelan Energia Oy,24,2026-05-26,not_exact_fixed_segment;not_FixedPrice
110850,Koillis-Satakunnan Sähkö Oy,12,2026-05-26,not_exact_fixed_segment;not_FixedPrice
110856,Keravan Energia Oy,24,2026-05-26,not_exact_fixed_segment;not_FixedPrice
110859,Paneliankosken Voima Oy,24,2026-05-26,not_exact_fixed_segment;not_FixedPrice
110872,Oomi Oy,12,2026-05-26,not_exact_fixed_segment;not_FixedPrice
110874,Fortum Markets Oy,12,2026-05-26,not_exact_fixed_segment;not_FixedPrice
110879,Imatran Seudun Sähkö Oy,24,2026-05-26,not_exact_fixed_segment;not_FixedPrice
110881,Alajärven Sähkö Oy,12,2026-05-26,not_General
110883,Lammaisten Energia Oy,12,2026-05-26,not_exact_fixed_segment;not_FixedPrice;not_General
110890,Helen Oy,24,2026-05-26,not_exact_fixed_segment;not_FixedPrice
110895,Imatran Seudun Sähkö Oy,12,2026-05-26,not_exact_fixed_segment;not_FixedPrice
110896,Imatran Seudun Sähkö Oy,6,2026-05-26,not_exact_fixed_segment;not_FixedPrice
110901,Äänekosken Energia Oy,24,2026-05-26,not_General
110909,Lammaisten Energia Oy,24,2026-05-26,not_exact_fixed_segment;not_FixedPrice
110920,Imatran Seudun Sähkö Oy,6,2026-05-26,not_exact_fixed_segment;not_FixedPrice
110925,Köyliön-Säkylän Sähkö Oy,24,2026-05-26,not_General
110926,Omavoima Oy,24,2026-05-26,not_exact_fixed_segment;not_FixedPrice
110928,Omavoima Oy,24,2026-05-26,not_General
110932,Kokkolan Energia Oy,12,2026-05-26,not_exact_fixed_segment;not_FixedPrice
110933,Köyliön-Säkylän Sähkö Oy,24,2026-05-26,not_General
110936,Turku Energia Oy,12,2026-05-26,not_exact_fixed_segment;not_FixedPrice
110942,Kokkolan Energia Oy,24,2026-05-26,not_exact_fixed_segment;not_FixedPrice
110945,Paneliankosken Voima Oy,24,2026-05-26,not_exact_fixed_segment;not_FixedPrice;not_General
110946,Pohjois-Karjalan Sähkö Oy,12,2026-05-26,not_General
110948,Äänekosken Energia Oy,6,2026-05-26,not_General
110950,Koillis-Satakunnan Sähkö Oy,12,2026-05-26,not_General
110951,Pohjois-Karjalan Sähkö Oy,6,2026-05-26,not_General
110952,Koillis-Satakunnan Sähkö Oy,24,2026-05-26,not_General
110954,Lumme Energia,12,2026-05-26,not_exact_fixed_segment;not_FixedPrice
110961,Koillis-Satakunnan Sähkö Oy,24,2026-05-26,not_General
110966,Vaasan Sähkö Myynti Oy,24,2026-05-26,not_exact_fixed_segment;not_FixedPrice
110970,Vaasan Sähkö Myynti Oy,24,2026-05-26,not_General
110976,Nordic Green Energy,24,2026-05-26,not_exact_fixed_segment;not_FixedPrice
110977,Pohjois-Karjalan Sähkö Oy,12,2026-05-26,not_General
110980,Hehku Energia Oy,12,2026-05-26,not_exact_fixed_segment;not_FixedPrice
110989,Lammaisten Energia Oy,12,2026-05-26,not_General
110994,Pohjois-Karjalan Sähkö Oy,24,2026-05-26,not_General
111000,Lammaisten Energia Oy,12,2026-05-26,not_General
111007,Köyliön-Säkylän Sähkö Oy,12,2026-05-26,not_General
111015,Nordic Green Energy,12,2026-05-26,not_exact_fixed_segment;not_FixedPrice
111019,Köyliön-Säkylän Sähkö Oy,12,2026-05-26,not_General
111022,Alajärven Sähkö Oy,24,2026-05-26,not_General
111036,Lammaisten Energia Oy,24,2026-05-26,not_exact_fixed_segment;not_FixedPrice;not_General
111038,Oomi Oy,6,2026-05-26,not_exact_fixed_segment;not_FixedPrice
111039,Äänekosken Energia Oy,12,2026-05-26,not_General
111043,Porvoon Energia Oy,24,2026-05-26,not_General
111044,Lammaisten Energia Oy,24,2026-05-26,not_exact_fixed_segment;not_FixedPrice;not_General
111045,Äänekosken Energia Oy,12,2026-05-26,not_General
111052,Nordic Green Energy,24,2026-05-26,not_exact_fixed_segment;not_FixedPrice
111056,Porvoon Energia Oy,12,2026-05-26,not_General
111059,Lammaisten Energia Oy,12,2026-05-26,not_exact_fixed_segment;not_FixedPrice
111064,Nurmijärven Sähkö Oy,12,2026-05-26,not_General
111065,Omavoima Oy,12,2026-05-26,not_General
111068,Keravan Energia Oy,12,2026-05-26,not_exact_fixed_segment;not_FixedPrice
111069,Nurmijärven Sähkö Oy,24,2026-05-26,not_General
111072,Keravan Energia Oy,12,2026-05-26,not_exact_fixed_segment;not_FixedPrice
111073,Paneliankosken Voima Oy,24,2026-05-26,not_General
111075,Paneliankosken Voima Oy,12,2026-05-26,not_General
111077,Keravan Energia Oy,24,2026-05-26,not_exact_fixed_segment;not_FixedPrice
111080,Koillis-Satakunnan Sähkö Oy,12,2026-05-26,not_General
111081,Lumme Energia,24,2026-05-26,not_exact_fixed_segment;not_FixedPrice
111085,Koillis-Satakunnan Sähkö Oy,12,2026-05-26,not_General
111090,Paneliankosken Voima Oy,12,2026-05-26,not_exact_fixed_segment;not_FixedPrice;not_General
111094,Omavoima Oy,24,2026-05-26,not_General
111095,Korpelan Energia Oy,12,2026-05-26,not_exact_fixed_segment;not_FixedPrice
111096,Lammaisten Energia Oy,12,2026-05-26,not_exact_fixed_segment;not_FixedPrice;not_General
111098,Vaasan Sähkö Myynti Oy,6,2026-05-26,not_exact_fixed_segment;not_FixedPrice
111101,Omavoima Oy,12,2026-05-26,not_General
111104,Koillis-Satakunnan Sähkö Oy,24,2026-05-26,not_exact_fixed_segment;not_FixedPrice
111105,Porvoon Energia Oy,12,2026-05-27,not_General
111108,Pohjois-Karjalan Sähkö Oy,24,2026-05-27,not_General
111109,Hehku Energia Oy,24,2026-05-27,not_exact_fixed_segment;not_FixedPrice
111111,Äänekosken Energia Oy,6,2026-05-27,not_General
111113,Äänekosken Energia Oy,24,2026-05-27,not_General
111114,Nurmijärven Sähkö Oy,12,2026-05-27,not_General
111122,Porvoon Energia Oy,24,2026-05-27,not_General
111128,Vaasan Sähkö Myynti Oy,12,2026-05-27,not_exact_fixed_segment;not_FixedPrice
111129,Nurmijärven Sähkö Oy,24,2026-05-27,not_General
111133,Lammaisten Energia Oy,24,2026-05-27,not_General
111135,Oomi Oy,24,2026-05-27,not_exact_fixed_segment;not_FixedPrice
111136,Fortum Markets Oy,24,2026-05-27,not_exact_fixed_segment;not_FixedPrice
111148,Porvoon Energia Oy,24,2026-05-27,not_General
111151,Paneliankosken Voima Oy,12,2026-05-27,not_exact_fixed_segment;not_FixedPrice
111152,Nurmijärven Sähkö Oy,24,2026-05-27,not_General
111156,Vaasan Sähkö Myynti Oy,12,2026-05-27,not_General
111160,Nordic Green Energy,12,2026-05-27,not_exact_fixed_segment;not_FixedPrice
111161,Pohjois-Karjalan Sähkö Oy,6,2026-05-27,not_General
111162,Keravan Energia Oy,12,2026-05-27,not_exact_fixed_segment;not_FixedPrice
111165,Lammaisten Energia Oy,24,2026-05-27,not_General
111169,Vaasan Sähkö Myynti Oy,6,2026-05-27,not_General
111171,Korpelan Energia Oy,24,2026-05-27,not_exact_fixed_segment;not_FixedPrice
111174,Koillis-Satakunnan Sähkö Oy,12,2026-05-27,not_exact_fixed_segment;not_FixedPrice
111180,Keravan Energia Oy,24,2026-05-27,not_exact_fixed_segment;not_FixedPrice
111183,Paneliankosken Voima Oy,24,2026-05-27,not_exact_fixed_segment;not_FixedPrice
111196,Oomi Oy,12,2026-05-27,not_exact_fixed_segment;not_FixedPrice
111198,Fortum Markets Oy,12,2026-05-27,not_exact_fixed_segment;not_FixedPrice
111203,Imatran Seudun Sähkö Oy,24,2026-05-27,not_exact_fixed_segment;not_FixedPrice
111205,Alajärven Sähkö Oy,12,2026-05-27,not_General
111207,Lammaisten Energia Oy,12,2026-05-27,not_exact_fixed_segment;not_FixedPrice;not_General
111213,Helen Oy,24,2026-05-27,not_exact_fixed_segment;not_FixedPrice
111218,Imatran Seudun Sähkö Oy,12,2026-05-27,not_exact_fixed_segment;not_FixedPrice
111219,Imatran Seudun Sähkö Oy,6,2026-05-27,not_exact_fixed_segment;not_FixedPrice
111224,Äänekosken Energia Oy,24,2026-05-27,not_General
111232,Lammaisten Energia Oy,24,2026-05-27,not_exact_fixed_segment;not_FixedPrice
111243,Imatran Seudun Sähkö Oy,6,2026-05-27,not_exact_fixed_segment;not_FixedPrice
111248,Köyliön-Säkylän Sähkö Oy,24,2026-05-27,not_General
111249,Omavoima Oy,24,2026-05-27,not_exact_fixed_segment;not_FixedPrice
111251,Omavoima Oy,24,2026-05-27,not_General
111255,Kokkolan Energia Oy,12,2026-05-27,not_exact_fixed_segment;not_FixedPrice
111256,Köyliön-Säkylän Sähkö Oy,24,2026-05-27,not_General
111259,Turku Energia Oy,12,2026-05-27,not_exact_fixed_segment;not_FixedPrice
111265,Kokkolan Energia Oy,24,2026-05-27,not_exact_fixed_segment;not_FixedPrice
111268,Paneliankosken Voima Oy,24,2026-05-27,not_exact_fixed_segment;not_FixedPrice;not_General
111269,Pohjois-Karjalan Sähkö Oy,12,2026-05-27,not_General
111271,Äänekosken Energia Oy,6,2026-05-27,not_General
111273,Koillis-Satakunnan Sähkö Oy,12,2026-05-27,not_General
111274,Pohjois-Karjalan Sähkö Oy,6,2026-05-27,not_General
111275,Koillis-Satakunnan Sähkö Oy,24,2026-05-27,not_General
111277,Lumme Energia,12,2026-05-27,not_exact_fixed_segment;not_FixedPrice
111284,Koillis-Satakunnan Sähkö Oy,24,2026-05-27,not_General
111289,Vaasan Sähkö Myynti Oy,24,2026-05-27,not_exact_fixed_segment;not_FixedPrice
111293,Vaasan Sähkö Myynti Oy,24,2026-05-27,not_General
111299,Nordic Green Energy,24,2026-05-27,not_exact_fixed_segment;not_FixedPrice
111300,Pohjois-Karjalan Sähkö Oy,12,2026-05-27,not_General
111303,Hehku Energia Oy,12,2026-05-27,not_exact_fixed_segment;not_FixedPrice
111312,Lammaisten Energia Oy,12,2026-05-27,not_General
111317,Pohjois-Karjalan Sähkö Oy,24,2026-05-27,not_General
111323,Lammaisten Energia Oy,12,2026-05-27,not_General
111330,Köyliön-Säkylän Sähkö Oy,12,2026-05-27,not_General
111338,Nordic Green Energy,12,2026-05-27,not_exact_fixed_segment;not_FixedPrice
111342,Köyliön-Säkylän Sähkö Oy,12,2026-05-27,not_General
111345,Alajärven Sähkö Oy,24,2026-05-27,not_General
111350,Korpelan Energia Oy,12,2026-05-27,not_exact_fixed_segment;not_FixedPrice
111360,Lammaisten Energia Oy,24,2026-05-27,not_exact_fixed_segment;not_FixedPrice;not_General
111362,Oomi Oy,6,2026-05-27,not_exact_fixed_segment;not_FixedPrice
111363,Äänekosken Energia Oy,12,2026-05-27,not_General
111367,Porvoon Energia Oy,24,2026-05-27,not_General
111368,Lammaisten Energia Oy,24,2026-05-27,not_exact_fixed_segment;not_FixedPrice;not_General
111369,Äänekosken Energia Oy,12,2026-05-27,not_General
111376,Nordic Green Energy,24,2026-05-27,not_exact_fixed_segment;not_FixedPrice
111380,Porvoon Energia Oy,12,2026-05-27,not_General
111383,Lammaisten Energia Oy,12,2026-05-27,not_exact_fixed_segment;not_FixedPrice
111388,Nurmijärven Sähkö Oy,12,2026-05-27,not_General
111389,Omavoima Oy,12,2026-05-27,not_General
111392,Keravan Energia Oy,12,2026-05-27,not_exact_fixed_segment;not_FixedPrice
111393,Nurmijärven Sähkö Oy,24,2026-05-27,not_General
111396,Keravan Energia Oy,12,2026-05-27,not_exact_fixed_segment;not_FixedPrice
111397,Paneliankosken Voima Oy,24,2026-05-27,not_General
111399,Paneliankosken Voima Oy,12,2026-05-27,not_General
111401,Keravan Energia Oy,24,2026-05-27,not_exact_fixed_segment;not_FixedPrice
111404,Koillis-Satakunnan Sähkö Oy,12,2026-05-27,not_General
111405,Lumme Energia,24,2026-05-27,not_exact_fixed_segment;not_FixedPrice
111409,Koillis-Satakunnan Sähkö Oy,12,2026-05-27,not_General
111414,Paneliankosken Voima Oy,12,2026-05-27,not_exact_fixed_segment;not_FixedPrice;not_General
111418,Omavoima Oy,24,2026-05-27,not_General
111419,Lammaisten Energia Oy,12,2026-05-27,not_exact_fixed_segment;not_FixedPrice;not_General
111421,Vaasan Sähkö Myynti Oy,6,2026-05-27,not_exact_fixed_segment;not_FixedPrice
111424,Omavoima Oy,12,2026-05-27,not_General
111428,Koillis-Satakunnan Sähkö Oy,24,2026-05-27,not_exact_fixed_segment;not_FixedPrice
111429,Porvoon Energia Oy,12,2026-05-28,not_General
111432,Pohjois-Karjalan Sähkö Oy,24,2026-05-28,not_General
111433,Hehku Energia Oy,24,2026-05-28,not_exact_fixed_segment;not_FixedPrice
111435,Äänekosken Energia Oy,6,2026-05-28,not_General
111437,Äänekosken Energia Oy,24,2026-05-28,not_General
111438,Nurmijärven Sähkö Oy,12,2026-05-28,not_General
111446,Koillis-Satakunnan Sähkö Oy,24,2026-05-28,not_General
111447,Porvoon Energia Oy,24,2026-05-28,not_General
111453,Vaasan Sähkö Myynti Oy,12,2026-05-28,not_exact_fixed_segment;not_FixedPrice
111454,Nurmijärven Sähkö Oy,24,2026-05-28,not_General
111458,Lammaisten Energia Oy,24,2026-05-28,not_General
111460,Oomi Oy,24,2026-05-28,not_exact_fixed_segment;not_FixedPrice
111461,Fortum Markets Oy,24,2026-05-28,not_exact_fixed_segment;not_FixedPrice
111473,Porvoon Energia Oy,24,2026-05-28,not_General
111476,Paneliankosken Voima Oy,12,2026-05-28,not_exact_fixed_segment;not_FixedPrice
111477,Nurmijärven Sähkö Oy,24,2026-05-28,not_General
111481,Vaasan Sähkö Myynti Oy,12,2026-05-28,not_General
111485,Nordic Green Energy,12,2026-05-28,not_exact_fixed_segment;not_FixedPrice
111486,Pohjois-Karjalan Sähkö Oy,6,2026-05-28,not_General
111487,Keravan Energia Oy,12,2026-05-28,not_exact_fixed_segment;not_FixedPrice
111490,Lammaisten Energia Oy,24,2026-05-28,not_General
111494,Vaasan Sähkö Myynti Oy,6,2026-05-28,not_General
111496,Korpelan Energia Oy,24,2026-05-28,not_exact_fixed_segment;not_FixedPrice
111504,Keravan Energia Oy,24,2026-05-28,not_exact_fixed_segment;not_FixedPrice
111507,Paneliankosken Voima Oy,24,2026-05-28,not_exact_fixed_segment;not_FixedPrice
111521,Oomi Oy,12,2026-05-28,not_exact_fixed_segment;not_FixedPrice
111523,Fortum Markets Oy,12,2026-05-28,not_exact_fixed_segment;not_FixedPrice
111528,Imatran Seudun Sähkö Oy,24,2026-05-28,not_exact_fixed_segment;not_FixedPrice
111530,Alajärven Sähkö Oy,12,2026-05-28,not_General
111538,Helen Oy,24,2026-05-28,not_exact_fixed_segment;not_FixedPrice
111543,Imatran Seudun Sähkö Oy,12,2026-05-28,not_exact_fixed_segment;not_FixedPrice
111544,Imatran Seudun Sähkö Oy,6,2026-05-28,not_exact_fixed_segment;not_FixedPrice
111549,Äänekosken Energia Oy,24,2026-05-28,not_General
111556,Lammaisten Energia Oy,24,2026-05-28,not_exact_fixed_segment;not_FixedPrice
111563,Koillis-Satakunnan Sähkö Oy,24,2026-05-28,not_General
111568,Imatran Seudun Sähkö Oy,6,2026-05-28,not_exact_fixed_segment;not_FixedPrice
111573,Köyliön-Säkylän Sähkö Oy,24,2026-05-28,not_General
111574,Koillis-Satakunnan Sähkö Oy,12,2026-05-28,not_General
111575,Omavoima Oy,24,2026-05-28,not_exact_fixed_segment;not_FixedPrice
111577,Omavoima Oy,24,2026-05-28,not_General
111581,Koillis-Satakunnan Sähkö Oy,24,2026-05-28,not_exact_fixed_segment;not_FixedPrice
111582,Kokkolan Energia Oy,12,2026-05-28,not_exact_fixed_segment;not_FixedPrice
111583,Köyliön-Säkylän Sähkö Oy,24,2026-05-28,not_General
111587,Turku Energia Oy,12,2026-05-28,not_exact_fixed_segment;not_FixedPrice
111592,Kokkolan Energia Oy,24,2026-05-28,not_exact_fixed_segment;not_FixedPrice
111595,Koillis-Satakunnan Sähkö Oy,12,2026-05-28,not_exact_fixed_segment;not_FixedPrice
111597,Paneliankosken Voima Oy,24,2026-05-28,not_exact_fixed_segment;not_FixedPrice;not_General
111598,Pohjois-Karjalan Sähkö Oy,12,2026-05-28,not_General
111600,Äänekosken Energia Oy,6,2026-05-28,not_General
111602,Koillis-Satakunnan Sähkö Oy,12,2026-05-28,not_General
111603,Pohjois-Karjalan Sähkö Oy,6,2026-05-28,not_General
111605,Lumme Energia,12,2026-05-28,not_exact_fixed_segment;not_FixedPrice
111616,Vaasan Sähkö Myynti Oy,24,2026-05-28,not_exact_fixed_segment;not_FixedPrice
111620,Vaasan Sähkö Myynti Oy,24,2026-05-28,not_General
111625,Koillis-Satakunnan Sähkö Oy,12,2026-05-28,not_General
111627,Nordic Green Energy,24,2026-05-28,not_exact_fixed_segment;not_FixedPrice
111628,Pohjois-Karjalan Sähkö Oy,12,2026-05-28,not_General
111631,Hehku Energia Oy,12,2026-05-28,not_exact_fixed_segment;not_FixedPrice
111639,Lammaisten Energia Oy,12,2026-05-28,not_exact_fixed_segment;not_FixedPrice;not_General
111641,Lammaisten Energia Oy,12,2026-05-28,not_General
111646,Pohjois-Karjalan Sähkö Oy,24,2026-05-28,not_General
111652,Lammaisten Energia Oy,12,2026-05-28,not_General
111659,Köyliön-Säkylän Sähkö Oy,12,2026-05-28,not_General
111666,Lammaisten Energia Oy,12,2026-05-28,not_exact_fixed_segment;not_FixedPrice
111667,Nordic Green Energy,12,2026-05-28,not_exact_fixed_segment;not_FixedPrice
111671,Köyliön-Säkylän Sähkö Oy,12,2026-05-28,not_General
111674,Alajärven Sähkö Oy,24,2026-05-28,not_General
111679,Korpelan Energia Oy,12,2026-05-28,not_exact_fixed_segment;not_FixedPrice
111689,Lammaisten Energia Oy,24,2026-05-28,not_exact_fixed_segment;not_FixedPrice;not_General
111691,Oomi Oy,6,2026-05-28,not_exact_fixed_segment;not_FixedPrice
111692,Äänekosken Energia Oy,12,2026-05-28,not_General
111696,Porvoon Energia Oy,24,2026-05-28,not_General
111697,Lammaisten Energia Oy,24,2026-05-28,not_exact_fixed_segment;not_FixedPrice;not_General
111698,Äänekosken Energia Oy,12,2026-05-28,not_General
111705,Nordic Green Energy,24,2026-05-28,not_exact_fixed_segment;not_FixedPrice
111709,Porvoon Energia Oy,12,2026-05-28,not_General
111716,Nurmijärven Sähkö Oy,12,2026-05-28,not_General
111717,Omavoima Oy,12,2026-05-28,not_General
111720,Keravan Energia Oy,12,2026-05-28,not_exact_fixed_segment;not_FixedPrice
111721,Nurmijärven Sähkö Oy,24,2026-05-28,not_General
111724,Lammaisten Energia Oy,12,2026-05-28,not_exact_fixed_segment;not_FixedPrice;not_General
111725,Keravan Energia Oy,12,2026-05-28,not_exact_fixed_segment;not_FixedPrice
111726,Paneliankosken Voima Oy,24,2026-05-28,not_General
111728,Paneliankosken Voima Oy,12,2026-05-28,not_General
111730,Keravan Energia Oy,24,2026-05-28,not_exact_fixed_segment;not_FixedPrice
111733,Lumme Energia,24,2026-05-28,not_exact_fixed_segment;not_FixedPrice
111741,Paneliankosken Voima Oy,12,2026-05-28,not_exact_fixed_segment;not_FixedPrice;not_General
111745,Omavoima Oy,24,2026-05-28,not_General
111747,Vaasan Sähkö Myynti Oy,6,2026-05-28,not_exact_fixed_segment;not_FixedPrice
111750,Omavoima Oy,12,2026-05-28,not_General
111754,Porvoon Energia Oy,12,2026-05-29,not_General
111757,Pohjois-Karjalan Sähkö Oy,24,2026-05-29,not_General
111758,Hehku Energia Oy,24,2026-05-29,not_exact_fixed_segment;not_FixedPrice
111760,Äänekosken Energia Oy,6,2026-05-29,not_General
111762,Äänekosken Energia Oy,24,2026-05-29,not_General
111763,Nurmijärven Sähkö Oy,12,2026-05-29,not_General
111770,Koillis-Satakunnan Sähkö Oy,24,2026-05-29,not_General
111771,Porvoon Energia Oy,24,2026-05-29,not_General
111777,Vaasan Sähkö Myynti Oy,12,2026-05-29,not_exact_fixed_segment;not_FixedPrice
111778,Nurmijärven Sähkö Oy,24,2026-05-29,not_General
111782,Lammaisten Energia Oy,24,2026-05-29,not_General
111784,Oomi Oy,24,2026-05-29,not_exact_fixed_segment;not_FixedPrice
111785,Fortum Markets Oy,24,2026-05-29,not_exact_fixed_segment;not_FixedPrice
111797,Porvoon Energia Oy,24,2026-05-29,not_General
111800,Paneliankosken Voima Oy,12,2026-05-29,not_exact_fixed_segment;not_FixedPrice
111801,Nurmijärven Sähkö Oy,24,2026-05-29,not_General
111805,Vaasan Sähkö Myynti Oy,12,2026-05-29,not_General
111808,Oomi Oy,6,2026-05-29,not_exact_fixed_segment;not_FixedPrice
111810,Nordic Green Energy,12,2026-05-29,not_exact_fixed_segment;not_FixedPrice
111811,Pohjois-Karjalan Sähkö Oy,6,2026-05-29,not_General
111812,Keravan Energia Oy,12,2026-05-29,not_exact_fixed_segment;not_FixedPrice
111815,Lammaisten Energia Oy,24,2026-05-29,not_General
111819,Vaasan Sähkö Myynti Oy,6,2026-05-29,not_General
111821,Korpelan Energia Oy,24,2026-05-29,not_exact_fixed_segment;not_FixedPrice
111829,Keravan Energia Oy,24,2026-05-29,not_exact_fixed_segment;not_FixedPrice
111832,Paneliankosken Voima Oy,24,2026-05-29,not_exact_fixed_segment;not_FixedPrice
111844,Oomi Oy,12,2026-05-29,not_exact_fixed_segment;not_FixedPrice
111846,Fortum Markets Oy,12,2026-05-29,not_exact_fixed_segment;not_FixedPrice
111851,Imatran Seudun Sähkö Oy,24,2026-05-29,not_exact_fixed_segment;not_FixedPrice
111853,Alajärven Sähkö Oy,12,2026-05-29,not_General
111862,Helen Oy,24,2026-05-29,not_exact_fixed_segment;not_FixedPrice
111867,Imatran Seudun Sähkö Oy,12,2026-05-29,not_exact_fixed_segment;not_FixedPrice
111868,Imatran Seudun Sähkö Oy,6,2026-05-29,not_exact_fixed_segment;not_FixedPrice
111873,Äänekosken Energia Oy,24,2026-05-29,not_General
111880,Lammaisten Energia Oy,24,2026-05-29,not_exact_fixed_segment;not_FixedPrice
111887,Koillis-Satakunnan Sähkö Oy,24,2026-05-29,not_General
111891,Imatran Seudun Sähkö Oy,6,2026-05-29,not_exact_fixed_segment;not_FixedPrice
111896,Köyliön-Säkylän Sähkö Oy,24,2026-05-29,not_General
111897,Koillis-Satakunnan Sähkö Oy,12,2026-05-29,not_General
111898,Omavoima Oy,24,2026-05-29,not_exact_fixed_segment;not_FixedPrice
111900,Omavoima Oy,24,2026-05-29,not_General
111904,Koillis-Satakunnan Sähkö Oy,24,2026-05-29,not_exact_fixed_segment;not_FixedPrice
111905,Kokkolan Energia Oy,12,2026-05-29,not_exact_fixed_segment;not_FixedPrice
111906,Köyliön-Säkylän Sähkö Oy,24,2026-05-29,not_General
111910,Turku Energia Oy,12,2026-05-29,not_exact_fixed_segment;not_FixedPrice
111915,Kokkolan Energia Oy,24,2026-05-29,not_exact_fixed_segment;not_FixedPrice
111918,Koillis-Satakunnan Sähkö Oy,12,2026-05-29,not_exact_fixed_segment;not_FixedPrice
111920,Paneliankosken Voima Oy,24,2026-05-29,not_exact_fixed_segment;not_FixedPrice;not_General
111921,Pohjois-Karjalan Sähkö Oy,12,2026-05-29,not_General
111923,Äänekosken Energia Oy,6,2026-05-29,not_General
111925,Koillis-Satakunnan Sähkö Oy,12,2026-05-29,not_General
111926,Pohjois-Karjalan Sähkö Oy,6,2026-05-29,not_General
111929,Lumme Energia,12,2026-05-29,not_exact_fixed_segment;not_FixedPrice
111939,Vaasan Sähkö Myynti Oy,24,2026-05-29,not_exact_fixed_segment;not_FixedPrice
111943,Vaasan Sähkö Myynti Oy,24,2026-05-29,not_General
111948,Koillis-Satakunnan Sähkö Oy,12,2026-05-29,not_General
111950,Nordic Green Energy,24,2026-05-29,not_exact_fixed_segment;not_FixedPrice
111951,Pohjois-Karjalan Sähkö Oy,12,2026-05-29,not_General
111954,Hehku Energia Oy,12,2026-05-29,not_exact_fixed_segment;not_FixedPrice
111962,Lammaisten Energia Oy,12,2026-05-29,not_exact_fixed_segment;not_FixedPrice;not_General
111964,Lammaisten Energia Oy,12,2026-05-29,not_General
111969,Pohjois-Karjalan Sähkö Oy,24,2026-05-29,not_General
111975,Lammaisten Energia Oy,12,2026-05-29,not_General
111982,Köyliön-Säkylän Sähkö Oy,12,2026-05-29,not_General
111989,Lammaisten Energia Oy,12,2026-05-29,not_exact_fixed_segment;not_FixedPrice
111990,Nordic Green Energy,12,2026-05-29,not_exact_fixed_segment;not_FixedPrice
111996,Köyliön-Säkylän Sähkö Oy,12,2026-05-29,not_General
111999,Alajärven Sähkö Oy,24,2026-05-29,not_General
112004,Korpelan Energia Oy,12,2026-05-29,not_exact_fixed_segment;not_FixedPrice
112014,Lammaisten Energia Oy,24,2026-05-29,not_exact_fixed_segment;not_FixedPrice;not_General
112016,Äänekosken Energia Oy,12,2026-05-29,not_General
112020,Porvoon Energia Oy,24,2026-05-29,not_General
112021,Lammaisten Energia Oy,24,2026-05-29,not_exact_fixed_segment;not_FixedPrice;not_General
112022,Äänekosken Energia Oy,12,2026-05-29,not_General
112029,Nordic Green Energy,24,2026-05-29,not_exact_fixed_segment;not_FixedPrice
112033,Porvoon Energia Oy,12,2026-05-29,not_General
112040,Nurmijärven Sähkö Oy,12,2026-05-29,not_General
112041,Omavoima Oy,12,2026-05-29,not_General
112044,Keravan Energia Oy,12,2026-05-29,not_exact_fixed_segment;not_FixedPrice
112045,Nurmijärven Sähkö Oy,24,2026-05-29,not_General
112048,Lammaisten Energia Oy,12,2026-05-29,not_exact_fixed_segment;not_FixedPrice;not_General
112049,Keravan Energia Oy,12,2026-05-29,not_exact_fixed_segment;not_FixedPrice
112050,Paneliankosken Voima Oy,24,2026-05-29,not_General
112052,Paneliankosken Voima Oy,12,2026-05-29,not_General
112054,Keravan Energia Oy,24,2026-05-29,not_exact_fixed_segment;not_FixedPrice
112057,Lumme Energia,24,2026-05-29,not_exact_fixed_segment;not_FixedPrice
112065,Paneliankosken Voima Oy,12,2026-05-29,not_exact_fixed_segment;not_FixedPrice;not_General
112069,Omavoima Oy,24,2026-05-29,not_General
112071,Vaasan Sähkö Myynti Oy,6,2026-05-29,not_exact_fixed_segment;not_FixedPrice
112074,Omavoima Oy,12,2026-05-29,not_General
112078,Porvoon Energia Oy,12,2026-05-30,not_General
112081,Pohjois-Karjalan Sähkö Oy,24,2026-05-30,not_General
112082,Hehku Energia Oy,24,2026-05-30,not_exact_fixed_segment;not_FixedPrice
112084,Äänekosken Energia Oy,6,2026-05-30,not_General
112086,Äänekosken Energia Oy,24,2026-05-30,not_General
112087,Nurmijärven Sähkö Oy,12,2026-05-30,not_General
112094,Koillis-Satakunnan Sähkö Oy,24,2026-05-30,not_General
112095,Porvoon Energia Oy,24,2026-05-30,not_General
112101,Vaasan Sähkö Myynti Oy,12,2026-05-30,not_exact_fixed_segment;not_FixedPrice
112102,Nurmijärven Sähkö Oy,24,2026-05-30,not_General
112106,Lammaisten Energia Oy,24,2026-05-30,not_General
112108,Oomi Oy,24,2026-05-30,not_exact_fixed_segment;not_FixedPrice
112109,Fortum Markets Oy,24,2026-05-30,not_exact_fixed_segment;not_FixedPrice
112121,Porvoon Energia Oy,24,2026-05-30,not_General
112124,Paneliankosken Voima Oy,12,2026-05-30,not_exact_fixed_segment;not_FixedPrice
112125,Nurmijärven Sähkö Oy,24,2026-05-30,not_General
112129,Vaasan Sähkö Myynti Oy,12,2026-05-30,not_General
112132,Oomi Oy,6,2026-05-30,not_exact_fixed_segment;not_FixedPrice
112135,Nordic Green Energy,12,2026-05-30,not_exact_fixed_segment;not_FixedPrice
112136,Pohjois-Karjalan Sähkö Oy,6,2026-05-30,not_General
112137,Keravan Energia Oy,12,2026-05-30,not_exact_fixed_segment;not_FixedPrice
112140,Lammaisten Energia Oy,24,2026-05-30,not_General
112144,Vaasan Sähkö Myynti Oy,6,2026-05-30,not_General
112146,Korpelan Energia Oy,24,2026-05-30,not_exact_fixed_segment;not_FixedPrice
112154,Keravan Energia Oy,24,2026-05-30,not_exact_fixed_segment;not_FixedPrice
112157,Paneliankosken Voima Oy,24,2026-05-30,not_exact_fixed_segment;not_FixedPrice
112169,Oomi Oy,12,2026-05-30,not_exact_fixed_segment;not_FixedPrice
112171,Fortum Markets Oy,12,2026-05-30,not_exact_fixed_segment;not_FixedPrice
112176,Imatran Seudun Sähkö Oy,24,2026-05-30,not_exact_fixed_segment;not_FixedPrice
112178,Alajärven Sähkö Oy,12,2026-05-30,not_General
112187,Helen Oy,24,2026-05-30,not_exact_fixed_segment;not_FixedPrice
112192,Imatran Seudun Sähkö Oy,12,2026-05-30,not_exact_fixed_segment;not_FixedPrice
112193,Imatran Seudun Sähkö Oy,6,2026-05-30,not_exact_fixed_segment;not_FixedPrice
112199,Äänekosken Energia Oy,24,2026-05-30,not_General
112206,Lammaisten Energia Oy,24,2026-05-30,not_exact_fixed_segment;not_FixedPrice
112213,Koillis-Satakunnan Sähkö Oy,24,2026-05-30,not_General
112217,Imatran Seudun Sähkö Oy,6,2026-05-30,not_exact_fixed_segment;not_FixedPrice
112222,Köyliön-Säkylän Sähkö Oy,24,2026-05-30,not_General
112223,Koillis-Satakunnan Sähkö Oy,12,2026-05-30,not_General
112224,Omavoima Oy,24,2026-05-30,not_exact_fixed_segment;not_FixedPrice
112226,Omavoima Oy,24,2026-05-30,not_General
112230,Koillis-Satakunnan Sähkö Oy,24,2026-05-30,not_exact_fixed_segment;not_FixedPrice
112231,Kokkolan Energia Oy,12,2026-05-30,not_exact_fixed_segment;not_FixedPrice
112232,Köyliön-Säkylän Sähkö Oy,24,2026-05-30,not_General
112236,Turku Energia Oy,12,2026-05-30,not_exact_fixed_segment;not_FixedPrice
112241,Kokkolan Energia Oy,24,2026-05-30,not_exact_fixed_segment;not_FixedPrice
112244,Koillis-Satakunnan Sähkö Oy,12,2026-05-30,not_exact_fixed_segment;not_FixedPrice
112246,Paneliankosken Voima Oy,24,2026-05-30,not_exact_fixed_segment;not_FixedPrice;not_General
112247,Pohjois-Karjalan Sähkö Oy,12,2026-05-30,not_General
112249,Äänekosken Energia Oy,6,2026-05-30,not_General
112251,Koillis-Satakunnan Sähkö Oy,12,2026-05-30,not_General
112252,Pohjois-Karjalan Sähkö Oy,6,2026-05-30,not_General
112255,Lumme Energia,12,2026-05-30,not_exact_fixed_segment;not_FixedPrice
112264,Vaasan Sähkö Myynti Oy,24,2026-05-30,not_exact_fixed_segment;not_FixedPrice
112268,Vaasan Sähkö Myynti Oy,24,2026-05-30,not_General
112273,Koillis-Satakunnan Sähkö Oy,12,2026-05-30,not_General
112275,Nordic Green Energy,24,2026-05-30,not_exact_fixed_segment;not_FixedPrice
112276,Pohjois-Karjalan Sähkö Oy,12,2026-05-30,not_General
112279,Hehku Energia Oy,12,2026-05-30,not_exact_fixed_segment;not_FixedPrice
112287,Lammaisten Energia Oy,12,2026-05-30,not_exact_fixed_segment;not_FixedPrice;not_General
112289,Lammaisten Energia Oy,12,2026-05-30,not_General
112295,Pohjois-Karjalan Sähkö Oy,24,2026-05-30,not_General
112301,Lammaisten Energia Oy,12,2026-05-30,not_General
112308,Köyliön-Säkylän Sähkö Oy,12,2026-05-30,not_General
112315,Lammaisten Energia Oy,12,2026-05-30,not_exact_fixed_segment;not_FixedPrice
112316,Nordic Green Energy,12,2026-05-30,not_exact_fixed_segment;not_FixedPrice
112321,Köyliön-Säkylän Sähkö Oy,12,2026-05-30,not_General
112324,Alajärven Sähkö Oy,24,2026-05-30,not_General
112329,Korpelan Energia Oy,12,2026-05-30,not_exact_fixed_segment;not_FixedPrice
112339,Lammaisten Energia Oy,24,2026-05-30,not_exact_fixed_segment;not_FixedPrice;not_General
112341,Äänekosken Energia Oy,12,2026-05-30,not_General
112345,Porvoon Energia Oy,24,2026-05-30,not_General
112346,Lammaisten Energia Oy,24,2026-05-30,not_exact_fixed_segment;not_FixedPrice;not_General
112347,Äänekosken Energia Oy,12,2026-05-30,not_General
112354,Nordic Green Energy,24,2026-05-30,not_exact_fixed_segment;not_FixedPrice
112358,Porvoon Energia Oy,12,2026-05-30,not_General
112365,Nurmijärven Sähkö Oy,12,2026-05-30,not_General
112366,Omavoima Oy,12,2026-05-30,not_General
112369,Keravan Energia Oy,12,2026-05-30,not_exact_fixed_segment;not_FixedPrice
112370,Nurmijärven Sähkö Oy,24,2026-05-30,not_General
112373,Lammaisten Energia Oy,12,2026-05-30,not_exact_fixed_segment;not_FixedPrice;not_General
112374,Keravan Energia Oy,12,2026-05-30,not_exact_fixed_segment;not_FixedPrice
112375,Paneliankosken Voima Oy,24,2026-05-30,not_General
112376,Paneliankosken Voima Oy,12,2026-05-30,not_General
112378,Keravan Energia Oy,24,2026-05-30,not_exact_fixed_segment;not_FixedPrice
112381,Lumme Energia,24,2026-05-30,not_exact_fixed_segment;not_FixedPrice
112389,Paneliankosken Voima Oy,12,2026-05-30,not_exact_fixed_segment;not_FixedPrice;not_General
112393,Omavoima Oy,24,2026-05-30,not_General
112395,Vaasan Sähkö Myynti Oy,6,2026-05-30,not_exact_fixed_segment;not_FixedPrice
112398,Omavoima Oy,12,2026-05-30,not_General
112402,Porvoon Energia Oy,12,2026-05-31,not_General
112405,Pohjois-Karjalan Sähkö Oy,24,2026-05-31,not_General
112406,Hehku Energia Oy,24,2026-05-31,not_exact_fixed_segment;not_FixedPrice
112408,Äänekosken Energia Oy,6,2026-05-31,not_General
112410,Äänekosken Energia Oy,24,2026-05-31,not_General
112411,Nurmijärven Sähkö Oy,12,2026-05-31,not_General
112418,Koillis-Satakunnan Sähkö Oy,24,2026-05-31,not_General
112419,Porvoon Energia Oy,24,2026-05-31,not_General
112425,Vaasan Sähkö Myynti Oy,12,2026-05-31,not_exact_fixed_segment;not_FixedPrice
112426,Nurmijärven Sähkö Oy,24,2026-05-31,not_General
112430,Lammaisten Energia Oy,24,2026-05-31,not_General
112432,Oomi Oy,24,2026-05-31,not_exact_fixed_segment;not_FixedPrice
112433,Fortum Markets Oy,24,2026-05-31,not_exact_fixed_segment;not_FixedPrice
112445,Porvoon Energia Oy,24,2026-05-31,not_General
112448,Paneliankosken Voima Oy,12,2026-05-31,not_exact_fixed_segment;not_FixedPrice
112449,Nurmijärven Sähkö Oy,24,2026-05-31,not_General
112453,Vaasan Sähkö Myynti Oy,12,2026-05-31,not_General
112456,Oomi Oy,6,2026-05-31,not_exact_fixed_segment;not_FixedPrice
112459,Nordic Green Energy,12,2026-05-31,not_exact_fixed_segment;not_FixedPrice
112460,Pohjois-Karjalan Sähkö Oy,6,2026-05-31,not_General
112461,Keravan Energia Oy,12,2026-05-31,not_exact_fixed_segment;not_FixedPrice
112464,Lammaisten Energia Oy,24,2026-05-31,not_General
112468,Vaasan Sähkö Myynti Oy,6,2026-05-31,not_General
112470,Korpelan Energia Oy,24,2026-05-31,not_exact_fixed_segment;not_FixedPrice
112478,Keravan Energia Oy,24,2026-05-31,not_exact_fixed_segment;not_FixedPrice
112481,Paneliankosken Voima Oy,24,2026-05-31,not_exact_fixed_segment;not_FixedPrice
112493,Oomi Oy,12,2026-05-31,not_exact_fixed_segment;not_FixedPrice
112495,Fortum Markets Oy,12,2026-05-31,not_exact_fixed_segment;not_FixedPrice
112500,Imatran Seudun Sähkö Oy,24,2026-05-31,not_exact_fixed_segment;not_FixedPrice
112502,Alajärven Sähkö Oy,12,2026-05-31,not_General
112511,Helen Oy,24,2026-05-31,not_exact_fixed_segment;not_FixedPrice
112516,Imatran Seudun Sähkö Oy,12,2026-05-31,not_exact_fixed_segment;not_FixedPrice
112517,Imatran Seudun Sähkö Oy,6,2026-05-31,not_exact_fixed_segment;not_FixedPrice
112523,Äänekosken Energia Oy,24,2026-05-31,not_General
112530,Lammaisten Energia Oy,24,2026-05-31,not_exact_fixed_segment;not_FixedPrice
112537,Koillis-Satakunnan Sähkö Oy,24,2026-05-31,not_General
112541,Imatran Seudun Sähkö Oy,6,2026-05-31,not_exact_fixed_segment;not_FixedPrice
112546,Köyliön-Säkylän Sähkö Oy,24,2026-05-31,not_General
112547,Koillis-Satakunnan Sähkö Oy,12,2026-05-31,not_General
112548,Omavoima Oy,24,2026-05-31,not_exact_fixed_segment;not_FixedPrice
112550,Omavoima Oy,24,2026-05-31,not_General
112554,Koillis-Satakunnan Sähkö Oy,24,2026-05-31,not_exact_fixed_segment;not_FixedPrice
112555,Kokkolan Energia Oy,12,2026-05-31,not_exact_fixed_segment;not_FixedPrice
112556,Köyliön-Säkylän Sähkö Oy,24,2026-05-31,not_General
112560,Turku Energia Oy,12,2026-05-31,not_exact_fixed_segment;not_FixedPrice
112565,Kokkolan Energia Oy,24,2026-05-31,not_exact_fixed_segment;not_FixedPrice
112568,Koillis-Satakunnan Sähkö Oy,12,2026-05-31,not_exact_fixed_segment;not_FixedPrice
112570,Paneliankosken Voima Oy,24,2026-05-31,not_exact_fixed_segment;not_FixedPrice;not_General
112571,Pohjois-Karjalan Sähkö Oy,12,2026-05-31,not_General
112573,Äänekosken Energia Oy,6,2026-05-31,not_General
112575,Koillis-Satakunnan Sähkö Oy,12,2026-05-31,not_General
112576,Pohjois-Karjalan Sähkö Oy,6,2026-05-31,not_General
112579,Lumme Energia,12,2026-05-31,not_exact_fixed_segment;not_FixedPrice
112588,Vaasan Sähkö Myynti Oy,24,2026-05-31,not_exact_fixed_segment;not_FixedPrice
112592,Vaasan Sähkö Myynti Oy,24,2026-05-31,not_General
112597,Koillis-Satakunnan Sähkö Oy,12,2026-05-31,not_General
112599,Nordic Green Energy,24,2026-05-31,not_exact_fixed_segment;not_FixedPrice
112600,Pohjois-Karjalan Sähkö Oy,12,2026-05-31,not_General
112603,Hehku Energia Oy,12,2026-05-31,not_exact_fixed_segment;not_FixedPrice
112611,Lammaisten Energia Oy,12,2026-05-31,not_exact_fixed_segment;not_FixedPrice;not_General
112613,Lammaisten Energia Oy,12,2026-05-31,not_General
112619,Pohjois-Karjalan Sähkö Oy,24,2026-05-31,not_General
112625,Lammaisten Energia Oy,12,2026-05-31,not_General
112632,Köyliön-Säkylän Sähkö Oy,12,2026-05-31,not_General
112639,Lammaisten Energia Oy,12,2026-05-31,not_exact_fixed_segment;not_FixedPrice
112640,Nordic Green Energy,12,2026-05-31,not_exact_fixed_segment;not_FixedPrice
112645,Köyliön-Säkylän Sähkö Oy,12,2026-05-31,not_General
112648,Alajärven Sähkö Oy,24,2026-05-31,not_General
112653,Korpelan Energia Oy,12,2026-05-31,not_exact_fixed_segment;not_FixedPrice
112663,Lammaisten Energia Oy,24,2026-05-31,not_exact_fixed_segment;not_FixedPrice;not_General
112665,Äänekosken Energia Oy,12,2026-05-31,not_General
112669,Porvoon Energia Oy,24,2026-05-31,not_General
112670,Lammaisten Energia Oy,24,2026-05-31,not_exact_fixed_segment;not_FixedPrice;not_General
112671,Äänekosken Energia Oy,12,2026-05-31,not_General
112678,Nordic Green Energy,24,2026-05-31,not_exact_fixed_segment;not_FixedPrice
112682,Porvoon Energia Oy,12,2026-05-31,not_General
112689,Nurmijärven Sähkö Oy,12,2026-05-31,not_General
112690,Omavoima Oy,12,2026-05-31,not_General
112693,Keravan Energia Oy,12,2026-05-31,not_exact_fixed_segment;not_FixedPrice
112694,Nurmijärven Sähkö Oy,24,2026-05-31,not_General
112697,Lammaisten Energia Oy,12,2026-05-31,not_exact_fixed_segment;not_FixedPrice;not_General
112698,Keravan Energia Oy,12,2026-05-31,not_exact_fixed_segment;not_FixedPrice
112699,Paneliankosken Voima Oy,24,2026-05-31,not_General
112700,Paneliankosken Voima Oy,12,2026-05-31,not_General
112702,Keravan Energia Oy,24,2026-05-31,not_exact_fixed_segment;not_FixedPrice
112705,Lumme Energia,24,2026-05-31,not_exact_fixed_segment;not_FixedPrice
112713,Paneliankosken Voima Oy,12,2026-05-31,not_exact_fixed_segment;not_FixedPrice;not_General
112717,Omavoima Oy,24,2026-05-31,not_General
112719,Vaasan Sähkö Myynti Oy,6,2026-05-31,not_exact_fixed_segment;not_FixedPrice
112722,Omavoima Oy,12,2026-05-31,not_General
112726,Porvoon Energia Oy,12,2026-06-01,not_General
112729,Pohjois-Karjalan Sähkö Oy,24,2026-06-01,not_General
112730,Hehku Energia Oy,24,2026-06-01,not_exact_fixed_segment;not_FixedPrice
112732,Äänekosken Energia Oy,6,2026-06-01,not_General
112734,Äänekosken Energia Oy,24,2026-06-01,not_General
112741,Koillis-Satakunnan Sähkö Oy,24,2026-06-01,not_General
112742,Porvoon Energia Oy,24,2026-06-01,not_General
112746,Nurmijärven Sähkö Oy,12,2026-06-01,not_General
112749,Vaasan Sähkö Myynti Oy,12,2026-06-01,not_exact_fixed_segment;not_FixedPrice
112753,Lammaisten Energia Oy,24,2026-06-01,not_General
112755,Oomi Oy,24,2026-06-01,not_exact_fixed_segment;not_FixedPrice
112756,Fortum Markets Oy,24,2026-06-01,not_exact_fixed_segment;not_FixedPrice
112765,Nurmijärven Sähkö Oy,24,2026-06-01,not_General
112768,Porvoon Energia Oy,24,2026-06-01,not_General
112771,Paneliankosken Voima Oy,12,2026-06-01,not_exact_fixed_segment;not_FixedPrice
112772,Nurmijärven Sähkö Oy,24,2026-06-01,not_General
112776,Vaasan Sähkö Myynti Oy,12,2026-06-01,not_General
112779,Oomi Oy,6,2026-06-01,not_exact_fixed_segment;not_FixedPrice
112782,Nordic Green Energy,12,2026-06-01,not_exact_fixed_segment;not_FixedPrice
112783,Pohjois-Karjalan Sähkö Oy,6,2026-06-01,not_General
112785,Keravan Energia Oy,12,2026-06-01,not_exact_fixed_segment;not_FixedPrice
112787,Lammaisten Energia Oy,24,2026-06-01,not_General
112791,Vaasan Sähkö Myynti Oy,6,2026-06-01,not_General
112793,Korpelan Energia Oy,24,2026-06-01,not_exact_fixed_segment;not_FixedPrice
112801,Keravan Energia Oy,24,2026-06-01,not_exact_fixed_segment;not_FixedPrice
112804,Paneliankosken Voima Oy,24,2026-06-01,not_exact_fixed_segment;not_FixedPrice
112816,Oomi Oy,12,2026-06-01,not_exact_fixed_segment;not_FixedPrice
112818,Fortum Markets Oy,12,2026-06-01,not_exact_fixed_segment;not_FixedPrice
112823,Imatran Seudun Sähkö Oy,24,2026-06-01,not_exact_fixed_segment;not_FixedPrice
112825,Alajärven Sähkö Oy,12,2026-06-01,not_General
112834,Helen Oy,24,2026-06-01,not_exact_fixed_segment;not_FixedPrice
112838,Imatran Seudun Sähkö Oy,12,2026-06-01,not_exact_fixed_segment;not_FixedPrice
112839,Imatran Seudun Sähkö Oy,6,2026-06-01,not_exact_fixed_segment;not_FixedPrice
112845,Äänekosken Energia Oy,24,2026-06-01,not_General
112851,Lammaisten Energia Oy,24,2026-06-01,not_exact_fixed_segment;not_FixedPrice
112859,Koillis-Satakunnan Sähkö Oy,24,2026-06-01,not_General
112864,Imatran Seudun Sähkö Oy,6,2026-06-01,not_exact_fixed_segment;not_FixedPrice
112869,Köyliön-Säkylän Sähkö Oy,24,2026-06-01,not_General
112871,Koillis-Satakunnan Sähkö Oy,12,2026-06-01,not_General
112872,Omavoima Oy,24,2026-06-01,not_exact_fixed_segment;not_FixedPrice
112874,Omavoima Oy,24,2026-06-01,not_General
112878,Koillis-Satakunnan Sähkö Oy,24,2026-06-01,not_exact_fixed_segment;not_FixedPrice
112879,Kokkolan Energia Oy,12,2026-06-01,not_exact_fixed_segment;not_FixedPrice
112880,Köyliön-Säkylän Sähkö Oy,24,2026-06-01,not_General
112884,Turku Energia Oy,12,2026-06-01,not_exact_fixed_segment;not_FixedPrice
112889,Kokkolan Energia Oy,24,2026-06-01,not_exact_fixed_segment;not_FixedPrice
112892,Koillis-Satakunnan Sähkö Oy,12,2026-06-01,not_exact_fixed_segment;not_FixedPrice
112894,Paneliankosken Voima Oy,24,2026-06-01,not_exact_fixed_segment;not_FixedPrice;not_General
112895,Pohjois-Karjalan Sähkö Oy,12,2026-06-01,not_General
112897,Äänekosken Energia Oy,6,2026-06-01,not_General
112899,Koillis-Satakunnan Sähkö Oy,12,2026-06-01,not_General
112900,Pohjois-Karjalan Sähkö Oy,6,2026-06-01,not_General
112903,Lumme Energia,12,2026-06-01,not_exact_fixed_segment;not_FixedPrice
112911,Vaasan Sähkö Myynti Oy,24,2026-06-01,not_exact_fixed_segment;not_FixedPrice
112915,Vaasan Sähkö Myynti Oy,24,2026-06-01,not_General
112921,Koillis-Satakunnan Sähkö Oy,12,2026-06-01,not_General
112923,Nordic Green Energy,24,2026-06-01,not_exact_fixed_segment;not_FixedPrice
112924,Pohjois-Karjalan Sähkö Oy,12,2026-06-01,not_General
112927,Hehku Energia Oy,12,2026-06-01,not_exact_fixed_segment;not_FixedPrice
112936,Lammaisten Energia Oy,12,2026-06-01,not_exact_fixed_segment;not_FixedPrice;not_General
112937,Lammaisten Energia Oy,12,2026-06-01,not_General
112943,Pohjois-Karjalan Sähkö Oy,24,2026-06-01,not_General
112950,Lammaisten Energia Oy,12,2026-06-01,not_General
112957,Köyliön-Säkylän Sähkö Oy,12,2026-06-01,not_General
112959,Nurmijärven Sähkö Oy,24,2026-06-01,not_General
112964,Lammaisten Energia Oy,12,2026-06-01,not_exact_fixed_segment;not_FixedPrice
112965,Nordic Green Energy,12,2026-06-01,not_exact_fixed_segment;not_FixedPrice
112970,Köyliön-Säkylän Sähkö Oy,12,2026-06-01,not_General
112973,Alajärven Sähkö Oy,24,2026-06-01,not_General
112978,Korpelan Energia Oy,12,2026-06-01,not_exact_fixed_segment;not_FixedPrice
112987,Lammaisten Energia Oy,24,2026-06-01,not_exact_fixed_segment;not_FixedPrice;not_General
112989,Äänekosken Energia Oy,12,2026-06-01,not_General
112993,Porvoon Energia Oy,24,2026-06-01,not_General
112994,Lammaisten Energia Oy,24,2026-06-01,not_exact_fixed_segment;not_FixedPrice;not_General
112995,Äänekosken Energia Oy,12,2026-06-01,not_General
112996,Nurmijärven Sähkö Oy,12,2026-06-01,not_General
113002,Nordic Green Energy,24,2026-06-01,not_exact_fixed_segment;not_FixedPrice
113006,Porvoon Energia Oy,12,2026-06-01,not_General
113013,Omavoima Oy,12,2026-06-01,not_General
113016,Keravan Energia Oy,12,2026-06-01,not_exact_fixed_segment;not_FixedPrice
113019,Lammaisten Energia Oy,12,2026-06-01,not_exact_fixed_segment;not_FixedPrice;not_General
113020,Keravan Energia Oy,12,2026-06-01,not_exact_fixed_segment;not_FixedPrice
113021,Paneliankosken Voima Oy,24,2026-06-01,not_General
113022,Paneliankosken Voima Oy,12,2026-06-01,not_General
113024,Keravan Energia Oy,24,2026-06-01,not_exact_fixed_segment;not_FixedPrice
113028,Lumme Energia,24,2026-06-01,not_exact_fixed_segment;not_FixedPrice
113037,Paneliankosken Voima Oy,12,2026-06-01,not_exact_fixed_segment;not_FixedPrice;not_General
113041,Omavoima Oy,24,2026-06-01,not_General
113043,Vaasan Sähkö Myynti Oy,6,2026-06-01,not_exact_fixed_segment;not_FixedPrice
113046,Omavoima Oy,12,2026-06-01,not_General
113050,Porvoon Energia Oy,12,2026-06-02,not_General
113053,Pohjois-Karjalan Sähkö Oy,24,2026-06-02,not_General
113054,Hehku Energia Oy,24,2026-06-02,not_exact_fixed_segment;not_FixedPrice
113056,Äänekosken Energia Oy,6,2026-06-02,not_General
113058,Äänekosken Energia Oy,24,2026-06-02,not_General
113065,Koillis-Satakunnan Sähkö Oy,24,2026-06-02,not_General
113066,Porvoon Energia Oy,24,2026-06-02,not_General
113070,Nurmijärven Sähkö Oy,12,2026-06-02,not_General
113073,Vaasan Sähkö Myynti Oy,12,2026-06-02,not_exact_fixed_segment;not_FixedPrice
113076,Lammaisten Energia Oy,24,2026-06-02,not_General
113078,Oomi Oy,24,2026-06-02,not_exact_fixed_segment;not_FixedPrice
113079,Fortum Markets Oy,24,2026-06-02,not_exact_fixed_segment;not_FixedPrice
113088,Nurmijärven Sähkö Oy,24,2026-06-02,not_General
113091,Porvoon Energia Oy,24,2026-06-02,not_General
113094,Paneliankosken Voima Oy,12,2026-06-02,not_exact_fixed_segment;not_FixedPrice
113095,Nurmijärven Sähkö Oy,24,2026-06-02,not_General
113099,Vaasan Sähkö Myynti Oy,12,2026-06-02,not_General
113102,Oomi Oy,6,2026-06-02,not_exact_fixed_segment;not_FixedPrice
113105,Nordic Green Energy,12,2026-06-02,not_exact_fixed_segment;not_FixedPrice
113106,Pohjois-Karjalan Sähkö Oy,6,2026-06-02,not_General
113108,Keravan Energia Oy,12,2026-06-02,not_exact_fixed_segment;not_FixedPrice
113110,Lammaisten Energia Oy,24,2026-06-02,not_General
113114,Vaasan Sähkö Myynti Oy,6,2026-06-02,not_General
113116,Korpelan Energia Oy,24,2026-06-02,not_exact_fixed_segment;not_FixedPrice
113124,Keravan Energia Oy,24,2026-06-02,not_exact_fixed_segment;not_FixedPrice
113126,Paneliankosken Voima Oy,24,2026-06-02,not_exact_fixed_segment;not_FixedPrice
113137,Oomi Oy,12,2026-06-02,not_exact_fixed_segment;not_FixedPrice
113139,Fortum Markets Oy,12,2026-06-02,not_exact_fixed_segment;not_FixedPrice
113144,Imatran Seudun Sähkö Oy,24,2026-06-02,not_exact_fixed_segment;not_FixedPrice
113147,Alajärven Sähkö Oy,12,2026-06-02,not_General
113149,Helen Oy,24,2026-06-02,not_exact_fixed_segment;not_FixedPrice
113161,Imatran Seudun Sähkö Oy,12,2026-06-02,not_exact_fixed_segment;not_FixedPrice
113167,Äänekosken Energia Oy,24,2026-06-02,not_General
113173,Lammaisten Energia Oy,24,2026-06-02,not_exact_fixed_segment;not_FixedPrice
113181,Koillis-Satakunnan Sähkö Oy,24,2026-06-02,not_General
113186,Imatran Seudun Sähkö Oy,6,2026-06-02,not_exact_fixed_segment;not_FixedPrice
113191,Köyliön-Säkylän Sähkö Oy,24,2026-06-02,not_General
113193,Koillis-Satakunnan Sähkö Oy,12,2026-06-02,not_General
113194,Omavoima Oy,24,2026-06-02,not_exact_fixed_segment;not_FixedPrice
113196,Omavoima Oy,24,2026-06-02,not_General
113200,Koillis-Satakunnan Sähkö Oy,24,2026-06-02,not_exact_fixed_segment;not_FixedPrice
113201,Kokkolan Energia Oy,12,2026-06-02,not_exact_fixed_segment;not_FixedPrice
113202,Köyliön-Säkylän Sähkö Oy,24,2026-06-02,not_General
113206,Turku Energia Oy,12,2026-06-02,not_exact_fixed_segment;not_FixedPrice
113211,Kokkolan Energia Oy,24,2026-06-02,not_exact_fixed_segment;not_FixedPrice
113214,Koillis-Satakunnan Sähkö Oy,12,2026-06-02,not_exact_fixed_segment;not_FixedPrice
113216,Paneliankosken Voima Oy,24,2026-06-02,not_exact_fixed_segment;not_FixedPrice;not_General
113217,Pohjois-Karjalan Sähkö Oy,12,2026-06-02,not_General
113219,Äänekosken Energia Oy,6,2026-06-02,not_General
113221,Koillis-Satakunnan Sähkö Oy,12,2026-06-02,not_General
113222,Pohjois-Karjalan Sähkö Oy,6,2026-06-02,not_General
113225,Lumme Energia,12,2026-06-02,not_exact_fixed_segment;not_FixedPrice
113233,Vaasan Sähkö Myynti Oy,24,2026-06-02,not_exact_fixed_segment;not_FixedPrice
113237,Vaasan Sähkö Myynti Oy,24,2026-06-02,not_General
113243,Koillis-Satakunnan Sähkö Oy,12,2026-06-02,not_General
113245,Nordic Green Energy,24,2026-06-02,not_exact_fixed_segment;not_FixedPrice
113246,Pohjois-Karjalan Sähkö Oy,12,2026-06-02,not_General
113249,Hehku Energia Oy,12,2026-06-02,not_exact_fixed_segment;not_FixedPrice
113258,Lammaisten Energia Oy,12,2026-06-02,not_exact_fixed_segment;not_FixedPrice;not_General
113259,Lammaisten Energia Oy,12,2026-06-02,not_General
113265,Pohjois-Karjalan Sähkö Oy,24,2026-06-02,not_General
113272,Lammaisten Energia Oy,12,2026-06-02,not_General
113279,Köyliön-Säkylän Sähkö Oy,12,2026-06-02,not_General
113281,Nurmijärven Sähkö Oy,24,2026-06-02,not_General
113286,Lammaisten Energia Oy,12,2026-06-02,not_exact_fixed_segment;not_FixedPrice
113287,Nordic Green Energy,12,2026-06-02,not_exact_fixed_segment;not_FixedPrice
113292,Köyliön-Säkylän Sähkö Oy,12,2026-06-02,not_General
113294,Alajärven Sähkö Oy,24,2026-06-02,not_General
113299,Korpelan Energia Oy,12,2026-06-02,not_exact_fixed_segment;not_FixedPrice
113308,Lammaisten Energia Oy,24,2026-06-02,not_exact_fixed_segment;not_FixedPrice;not_General
113311,Äänekosken Energia Oy,12,2026-06-02,not_General
113315,Porvoon Energia Oy,24,2026-06-02,not_General
113316,Lammaisten Energia Oy,24,2026-06-02,not_exact_fixed_segment;not_FixedPrice;not_General
113317,Äänekosken Energia Oy,12,2026-06-02,not_General
113318,Nurmijärven Sähkö Oy,12,2026-06-02,not_General
113324,Nordic Green Energy,24,2026-06-02,not_exact_fixed_segment;not_FixedPrice
113328,Porvoon Energia Oy,12,2026-06-02,not_General
113335,Omavoima Oy,12,2026-06-02,not_General
113338,Keravan Energia Oy,12,2026-06-02,not_exact_fixed_segment;not_FixedPrice
113341,Lammaisten Energia Oy,12,2026-06-02,not_exact_fixed_segment;not_FixedPrice;not_General
113342,Keravan Energia Oy,12,2026-06-02,not_exact_fixed_segment;not_FixedPrice
113343,Paneliankosken Voima Oy,24,2026-06-02,not_General
113344,Paneliankosken Voima Oy,12,2026-06-02,not_General
113346,Keravan Energia Oy,24,2026-06-02,not_exact_fixed_segment;not_FixedPrice
113350,Lumme Energia,24,2026-06-02,not_exact_fixed_segment;not_FixedPrice
113359,Paneliankosken Voima Oy,12,2026-06-02,not_exact_fixed_segment;not_FixedPrice;not_General
113363,Omavoima Oy,24,2026-06-02,not_General
113365,Vaasan Sähkö Myynti Oy,6,2026-06-02,not_exact_fixed_segment;not_FixedPrice
113368,Omavoima Oy,12,2026-06-02,not_General
113375,Pohjois-Karjalan Sähkö Oy,24,2026-06-03,not_General
113376,Hehku Energia Oy,24,2026-06-03,not_exact_fixed_segment;not_FixedPrice
113378,Äänekosken Energia Oy,6,2026-06-03,not_General
113380,Äänekosken Energia Oy,24,2026-06-03,not_General
113385,Koillis-Satakunnan Sähkö Oy,24,2026-06-03,not_General
113389,Nurmijärven Sähkö Oy,12,2026-06-03,not_General
113392,Vaasan Sähkö Myynti Oy,12,2026-06-03,not_exact_fixed_segment;not_FixedPrice
113394,Lammaisten Energia Oy,24,2026-06-03,not_General
113396,Oomi Oy,24,2026-06-03,not_exact_fixed_segment;not_FixedPrice
113397,Fortum Markets Oy,24,2026-06-03,not_exact_fixed_segment;not_FixedPrice
113401,Imatran Seudun Sähkö Oy,12,2026-06-03,not_exact_fixed_segment;not_FixedPrice
113405,Alajärven Sähkö Oy,24,2026-06-03,not_General
113406,Nurmijärven Sähkö Oy,24,2026-06-03,not_General
113412,Paneliankosken Voima Oy,12,2026-06-03,not_exact_fixed_segment;not_FixedPrice
113413,Nurmijärven Sähkö Oy,24,2026-06-03,not_General
113418,Vaasan Sähkö Myynti Oy,12,2026-06-03,not_General
113421,Oomi Oy,6,2026-06-03,not_exact_fixed_segment;not_FixedPrice
113424,Nordic Green Energy,12,2026-06-03,not_exact_fixed_segment;not_FixedPrice
113425,Pohjois-Karjalan Sähkö Oy,6,2026-06-03,not_General
113427,Keravan Energia Oy,12,2026-06-03,not_exact_fixed_segment;not_FixedPrice
113428,Lammaisten Energia Oy,24,2026-06-03,not_General
113432,Vaasan Sähkö Myynti Oy,6,2026-06-03,not_General
113435,Korpelan Energia Oy,24,2026-06-03,not_exact_fixed_segment;not_FixedPrice
113441,Keravan Energia Oy,24,2026-06-03,not_exact_fixed_segment;not_FixedPrice
113443,Paneliankosken Voima Oy,24,2026-06-03,not_exact_fixed_segment;not_FixedPrice
113455,Oomi Oy,12,2026-06-03,not_exact_fixed_segment;not_FixedPrice
113457,Fortum Markets Oy,12,2026-06-03,not_exact_fixed_segment;not_FixedPrice
113465,Alajärven Sähkö Oy,12,2026-06-03,not_General
113467,Helen Oy,24,2026-06-03,not_exact_fixed_segment;not_FixedPrice
113468,Porvoon Energia Oy,24,2026-06-03,not_General
113485,Äänekosken Energia Oy,24,2026-06-03,not_General
113486,Porvoon Energia Oy,24,2026-06-03,not_General
113491,Lammaisten Energia Oy,24,2026-06-03,not_exact_fixed_segment;not_FixedPrice
113495,Imatran Seudun Sähkö Oy,6,2026-06-03,not_exact_fixed_segment;not_FixedPrice
113499,Koillis-Satakunnan Sähkö Oy,24,2026-06-03,not_General
113508,Köyliön-Säkylän Sähkö Oy,24,2026-06-03,not_General
113510,Koillis-Satakunnan Sähkö Oy,12,2026-06-03,not_General
113512,Omavoima Oy,24,2026-06-03,not_exact_fixed_segment;not_FixedPrice
113514,Omavoima Oy,24,2026-06-03,not_General
113518,Koillis-Satakunnan Sähkö Oy,24,2026-06-03,not_exact_fixed_segment;not_FixedPrice
113519,Kokkolan Energia Oy,12,2026-06-03,not_exact_fixed_segment;not_FixedPrice
113520,Köyliön-Säkylän Sähkö Oy,24,2026-06-03,not_General
113524,Turku Energia Oy,12,2026-06-03,not_exact_fixed_segment;not_FixedPrice
113529,Kokkolan Energia Oy,24,2026-06-03,not_exact_fixed_segment;not_FixedPrice
113532,Koillis-Satakunnan Sähkö Oy,12,2026-06-03,not_exact_fixed_segment;not_FixedPrice
113534,Paneliankosken Voima Oy,24,2026-06-03,not_exact_fixed_segment;not_FixedPrice;not_General
113535,Pohjois-Karjalan Sähkö Oy,12,2026-06-03,not_General
113537,Äänekosken Energia Oy,6,2026-06-03,not_General
113540,Koillis-Satakunnan Sähkö Oy,12,2026-06-03,not_General
113541,Pohjois-Karjalan Sähkö Oy,6,2026-06-03,not_General
113544,Lumme Energia,12,2026-06-03,not_exact_fixed_segment;not_FixedPrice
113551,Vaasan Sähkö Myynti Oy,24,2026-06-03,not_exact_fixed_segment;not_FixedPrice
113555,Vaasan Sähkö Myynti Oy,24,2026-06-03,not_General
113563,Koillis-Satakunnan Sähkö Oy,12,2026-06-03,not_General
113565,Nordic Green Energy,24,2026-06-03,not_exact_fixed_segment;not_FixedPrice
113566,Pohjois-Karjalan Sähkö Oy,12,2026-06-03,not_General
113567,Porvoon Energia Oy,12,2026-06-03,not_General
113569,Hehku Energia Oy,12,2026-06-03,not_exact_fixed_segment;not_FixedPrice
113578,Lammaisten Energia Oy,12,2026-06-03,not_exact_fixed_segment;not_FixedPrice;not_General
113579,Lammaisten Energia Oy,12,2026-06-03,not_General
113585,Pohjois-Karjalan Sähkö Oy,24,2026-06-03,not_General
113590,Imatran Seudun Sähkö Oy,24,2026-06-03,not_exact_fixed_segment;not_FixedPrice
113594,Lammaisten Energia Oy,12,2026-06-03,not_General
113601,Köyliön-Säkylän Sähkö Oy,12,2026-06-03,not_General
113603,Nurmijärven Sähkö Oy,24,2026-06-03,not_General
113607,Lammaisten Energia Oy,12,2026-06-03,not_exact_fixed_segment;not_FixedPrice
113609,Nordic Green Energy,12,2026-06-03,not_exact_fixed_segment;not_FixedPrice
113615,Köyliön-Säkylän Sähkö Oy,12,2026-06-03,not_General
113620,Korpelan Energia Oy,12,2026-06-03,not_exact_fixed_segment;not_FixedPrice
113630,Lammaisten Energia Oy,24,2026-06-03,not_exact_fixed_segment;not_FixedPrice;not_General
113633,Äänekosken Energia Oy,12,2026-06-03,not_General
113636,Lammaisten Energia Oy,24,2026-06-03,not_exact_fixed_segment;not_FixedPrice;not_General
113637,Äänekosken Energia Oy,12,2026-06-03,not_General
113638,Nurmijärven Sähkö Oy,12,2026-06-03,not_General
113644,Nordic Green Energy,24,2026-06-03,not_exact_fixed_segment;not_FixedPrice
113654,Omavoima Oy,12,2026-06-03,not_General
113657,Keravan Energia Oy,12,2026-06-03,not_exact_fixed_segment;not_FixedPrice
113660,Lammaisten Energia Oy,12,2026-06-03,not_exact_fixed_segment;not_FixedPrice;not_General
113661,Porvoon Energia Oy,12,2026-06-03,not_General
113662,Keravan Energia Oy,12,2026-06-03,not_exact_fixed_segment;not_FixedPrice
113663,Paneliankosken Voima Oy,24,2026-06-03,not_General
113664,Paneliankosken Voima Oy,12,2026-06-03,not_General
113666,Keravan Energia Oy,24,2026-06-03,not_exact_fixed_segment;not_FixedPrice
113669,Lumme Energia,24,2026-06-03,not_exact_fixed_segment;not_FixedPrice
113679,Paneliankosken Voima Oy,12,2026-06-03,not_exact_fixed_segment;not_FixedPrice;not_General
113683,Porvoon Energia Oy,24,2026-06-03,not_General
113684,Omavoima Oy,24,2026-06-03,not_General
113686,Vaasan Sähkö Myynti Oy,6,2026-06-03,not_exact_fixed_segment;not_FixedPrice
113689,Omavoima Oy,12,2026-06-03,not_General
113695,Pohjois-Karjalan Sähkö Oy,24,2026-06-04,not_General
113696,Hehku Energia Oy,24,2026-06-04,not_exact_fixed_segment;not_FixedPrice
113698,Äänekosken Energia Oy,6,2026-06-04,not_General
113700,Äänekosken Energia Oy,24,2026-06-04,not_General
113705,Koillis-Satakunnan Sähkö Oy,24,2026-06-04,not_General
113709,Nurmijärven Sähkö Oy,12,2026-06-04,not_General
113713,Lammaisten Energia Oy,24,2026-06-04,not_General
113715,Oomi Oy,24,2026-06-04,not_exact_fixed_segment;not_FixedPrice
113716,Fortum Markets Oy,24,2026-06-04,not_exact_fixed_segment;not_FixedPrice
113720,Imatran Seudun Sähkö Oy,12,2026-06-04,not_exact_fixed_segment;not_FixedPrice
113724,Alajärven Sähkö Oy,24,2026-06-04,not_General
113725,Nurmijärven Sähkö Oy,24,2026-06-04,not_General
113731,Paneliankosken Voima Oy,12,2026-06-04,not_exact_fixed_segment;not_FixedPrice
113732,Nurmijärven Sähkö Oy,24,2026-06-04,not_General
113739,Oomi Oy,6,2026-06-04,not_exact_fixed_segment;not_FixedPrice
113742,Nordic Green Energy,12,2026-06-04,not_exact_fixed_segment;not_FixedPrice
113743,Pohjois-Karjalan Sähkö Oy,6,2026-06-04,not_General
113745,Keravan Energia Oy,12,2026-06-04,not_exact_fixed_segment;not_FixedPrice
113746,Vaasan Sähkö Myynti Oy,12,2026-06-04,not_General
113747,Lammaisten Energia Oy,24,2026-06-04,not_General
113753,Korpelan Energia Oy,24,2026-06-04,not_exact_fixed_segment;not_FixedPrice
113759,Keravan Energia Oy,24,2026-06-04,not_exact_fixed_segment;not_FixedPrice
113761,Paneliankosken Voima Oy,24,2026-06-04,not_exact_fixed_segment;not_FixedPrice
113773,Oomi Oy,12,2026-06-04,not_exact_fixed_segment;not_FixedPrice
113775,Fortum Markets Oy,12,2026-06-04,not_exact_fixed_segment;not_FixedPrice
113783,Alajärven Sähkö Oy,12,2026-06-04,not_General
113785,Helen Oy,24,2026-06-04,not_exact_fixed_segment;not_FixedPrice
113786,Porvoon Energia Oy,24,2026-06-04,not_General
113803,Äänekosken Energia Oy,24,2026-06-04,not_General
113804,Porvoon Energia Oy,24,2026-06-04,not_General
113809,Lammaisten Energia Oy,24,2026-06-04,not_exact_fixed_segment;not_FixedPrice
113813,Imatran Seudun Sähkö Oy,6,2026-06-04,not_exact_fixed_segment;not_FixedPrice
113817,Koillis-Satakunnan Sähkö Oy,24,2026-06-04,not_General
113828,Köyliön-Säkylän Sähkö Oy,24,2026-06-04,not_General
113830,Koillis-Satakunnan Sähkö Oy,12,2026-06-04,not_General
113832,Omavoima Oy,24,2026-06-04,not_exact_fixed_segment;not_FixedPrice
113834,Omavoima Oy,24,2026-06-04,not_General
113838,Koillis-Satakunnan Sähkö Oy,24,2026-06-04,not_exact_fixed_segment;not_FixedPrice
113839,Kokkolan Energia Oy,12,2026-06-04,not_exact_fixed_segment;not_FixedPrice
113840,Köyliön-Säkylän Sähkö Oy,24,2026-06-04,not_General
113844,Turku Energia Oy,12,2026-06-04,not_exact_fixed_segment;not_FixedPrice
113849,Kokkolan Energia Oy,24,2026-06-04,not_exact_fixed_segment;not_FixedPrice
113852,Koillis-Satakunnan Sähkö Oy,12,2026-06-04,not_exact_fixed_segment;not_FixedPrice
113854,Paneliankosken Voima Oy,24,2026-06-04,not_exact_fixed_segment;not_FixedPrice;not_General
113855,Pohjois-Karjalan Sähkö Oy,12,2026-06-04,not_General
113857,Äänekosken Energia Oy,6,2026-06-04,not_General
113860,Koillis-Satakunnan Sähkö Oy,12,2026-06-04,not_General
113861,Pohjois-Karjalan Sähkö Oy,6,2026-06-04,not_General
113864,Lumme Energia,12,2026-06-04,not_exact_fixed_segment;not_FixedPrice
113865,Vaasan Sähkö Myynti Oy,6,2026-06-04,not_General
113882,Koillis-Satakunnan Sähkö Oy,12,2026-06-04,not_General
113884,Nordic Green Energy,24,2026-06-04,not_exact_fixed_segment;not_FixedPrice
113885,Pohjois-Karjalan Sähkö Oy,12,2026-06-04,not_General
113886,Porvoon Energia Oy,12,2026-06-04,not_General
113888,Hehku Energia Oy,12,2026-06-04,not_exact_fixed_segment;not_FixedPrice
113897,Lammaisten Energia Oy,12,2026-06-04,not_exact_fixed_segment;not_FixedPrice;not_General
113898,Lammaisten Energia Oy,12,2026-06-04,not_General
113900,Vaasan Sähkö Myynti Oy,6,2026-06-04,not_exact_fixed_segment;not_FixedPrice
113905,Pohjois-Karjalan Sähkö Oy,24,2026-06-04,not_General
113909,Imatran Seudun Sähkö Oy,24,2026-06-04,not_exact_fixed_segment;not_FixedPrice
113913,Lammaisten Energia Oy,12,2026-06-04,not_General
113920,Köyliön-Säkylän Sähkö Oy,12,2026-06-04,not_General
113921,Vaasan Sähkö Myynti Oy,24,2026-06-04,not_General
113923,Nurmijärven Sähkö Oy,24,2026-06-04,not_General
113928,Lammaisten Energia Oy,12,2026-06-04,not_exact_fixed_segment;not_FixedPrice
113930,Nordic Green Energy,12,2026-06-04,not_exact_fixed_segment;not_FixedPrice
113936,Köyliön-Säkylän Sähkö Oy,12,2026-06-04,not_General
113940,Korpelan Energia Oy,12,2026-06-04,not_exact_fixed_segment;not_FixedPrice
113946,Vaasan Sähkö Myynti Oy,24,2026-06-04,not_exact_fixed_segment;not_FixedPrice
113952,Lammaisten Energia Oy,24,2026-06-04,not_exact_fixed_segment;not_FixedPrice;not_General
113955,Äänekosken Energia Oy,12,2026-06-04,not_General
113958,Lammaisten Energia Oy,24,2026-06-04,not_exact_fixed_segment;not_FixedPrice;not_General
113959,Äänekosken Energia Oy,12,2026-06-04,not_General
113960,Nurmijärven Sähkö Oy,12,2026-06-04,not_General
113966,Nordic Green Energy,24,2026-06-04,not_exact_fixed_segment;not_FixedPrice
113976,Omavoima Oy,12,2026-06-04,not_General
113979,Keravan Energia Oy,12,2026-06-04,not_exact_fixed_segment;not_FixedPrice
113980,Vaasan Sähkö Myynti Oy,12,2026-06-04,not_exact_fixed_segment;not_FixedPrice
113983,Lammaisten Energia Oy,12,2026-06-04,not_exact_fixed_segment;not_FixedPrice;not_General
113984,Porvoon Energia Oy,12,2026-06-04,not_General
113985,Keravan Energia Oy,12,2026-06-04,not_exact_fixed_segment;not_FixedPrice
113986,Paneliankosken Voima Oy,24,2026-06-04,not_General
113987,Paneliankosken Voima Oy,12,2026-06-04,not_General
113989,Keravan Energia Oy,24,2026-06-04,not_exact_fixed_segment;not_FixedPrice
113992,Lumme Energia,24,2026-06-04,not_exact_fixed_segment;not_FixedPrice
114002,Paneliankosken Voima Oy,12,2026-06-04,not_exact_fixed_segment;not_FixedPrice;not_General
114005,Porvoon Energia Oy,24,2026-06-04,not_General
114006,Omavoima Oy,24,2026-06-04,not_General
114010,Omavoima Oy,12,2026-06-04,not_General
114016,Pohjois-Karjalan Sähkö Oy,24,2026-06-05,not_General
114017,Hehku Energia Oy,24,2026-06-05,not_exact_fixed_segment;not_FixedPrice
114019,Äänekosken Energia Oy,6,2026-06-05,not_General
114021,Äänekosken Energia Oy,24,2026-06-05,not_General
114024,Pohjois-Karjalan Sähkö Oy,12,2026-06-05,not_General
114027,Koillis-Satakunnan Sähkö Oy,24,2026-06-05,not_General
114031,Nurmijärven Sähkö Oy,12,2026-06-05,not_General
114033,Lammaisten Energia Oy,24,2026-06-05,not_General
114035,Fortum Markets Oy,24,2026-06-05,not_exact_fixed_segment;not_FixedPrice
114039,Imatran Seudun Sähkö Oy,12,2026-06-05,not_exact_fixed_segment;not_FixedPrice
114043,Alajärven Sähkö Oy,24,2026-06-05,not_General
114044,Nurmijärven Sähkö Oy,24,2026-06-05,not_General
114052,Paneliankosken Voima Oy,12,2026-06-05,not_exact_fixed_segment;not_FixedPrice
114053,Nurmijärven Sähkö Oy,24,2026-06-05,not_General
114059,Oomi Oy,24,2026-06-05,not_exact_fixed_segment;not_FixedPrice
114063,Nordic Green Energy,12,2026-06-05,not_exact_fixed_segment;not_FixedPrice
114065,Keravan Energia Oy,24,2026-06-05,not_exact_fixed_segment;not_FixedPrice
114066,Vaasan Sähkö Myynti Oy,12,2026-06-05,not_General
114067,Lammaisten Energia Oy,24,2026-06-05,not_General
114068,Pohjois-Karjalan Sähkö Oy,6,2026-06-05,not_General
114074,Korpelan Energia Oy,24,2026-06-05,not_exact_fixed_segment;not_FixedPrice
114081,Paneliankosken Voima Oy,24,2026-06-05,not_exact_fixed_segment;not_FixedPrice
114095,Fortum Markets Oy,12,2026-06-05,not_exact_fixed_segment;not_FixedPrice
114103,Alajärven Sähkö Oy,12,2026-06-05,not_General
114105,Helen Oy,24,2026-06-05,not_exact_fixed_segment;not_FixedPrice
114106,Porvoon Energia Oy,24,2026-06-05,not_General
114123,Äänekosken Energia Oy,24,2026-06-05,not_General
114124,Porvoon Energia Oy,24,2026-06-05,not_General
114129,Lammaisten Energia Oy,24,2026-06-05,not_exact_fixed_segment;not_FixedPrice
114134,Imatran Seudun Sähkö Oy,6,2026-06-05,not_exact_fixed_segment;not_FixedPrice
114138,Koillis-Satakunnan Sähkö Oy,24,2026-06-05,not_General
114148,Köyliön-Säkylän Sähkö Oy,24,2026-06-05,not_General
114150,Koillis-Satakunnan Sähkö Oy,12,2026-06-05,not_General
114152,Keravan Energia Oy,12,2026-06-05,not_exact_fixed_segment;not_FixedPrice
114153,Omavoima Oy,24,2026-06-05,not_exact_fixed_segment;not_FixedPrice
114155,Omavoima Oy,24,2026-06-05,not_General
114156,Kokkolan Energia Oy,24,2026-06-05,not_exact_fixed_segment;not_FixedPrice
114160,Koillis-Satakunnan Sähkö Oy,24,2026-06-05,not_exact_fixed_segment;not_FixedPrice
114161,Kokkolan Energia Oy,12,2026-06-05,not_exact_fixed_segment;not_FixedPrice
114162,Köyliön-Säkylän Sähkö Oy,24,2026-06-05,not_General
114166,Turku Energia Oy,12,2026-06-05,not_exact_fixed_segment;not_FixedPrice
114169,Pohjois-Karjalan Sähkö Oy,6,2026-06-05,not_General
114173,Oomi Oy,6,2026-06-05,not_exact_fixed_segment;not_FixedPrice
114177,Koillis-Satakunnan Sähkö Oy,12,2026-06-05,not_exact_fixed_segment;not_FixedPrice
114179,Paneliankosken Voima Oy,24,2026-06-05,not_exact_fixed_segment;not_FixedPrice;not_General
114181,Äänekosken Energia Oy,6,2026-06-05,not_General
114184,Koillis-Satakunnan Sähkö Oy,12,2026-06-05,not_General
114185,Lumme Energia,12,2026-06-05,not_exact_fixed_segment;not_FixedPrice
114186,Vaasan Sähkö Myynti Oy,6,2026-06-05,not_General
114203,Koillis-Satakunnan Sähkö Oy,12,2026-06-05,not_General
114205,Nordic Green Energy,24,2026-06-05,not_exact_fixed_segment;not_FixedPrice
114206,Porvoon Energia Oy,12,2026-06-05,not_General
114208,Hehku Energia Oy,12,2026-06-05,not_exact_fixed_segment;not_FixedPrice
114209,Keravan Energia Oy,12,2026-06-05,not_exact_fixed_segment;not_FixedPrice
114219,Lammaisten Energia Oy,12,2026-06-05,not_exact_fixed_segment;not_FixedPrice;not_General
114220,Lammaisten Energia Oy,12,2026-06-05,not_General
114222,Vaasan Sähkö Myynti Oy,6,2026-06-05,not_exact_fixed_segment;not_FixedPrice
114227,Pohjois-Karjalan Sähkö Oy,24,2026-06-05,not_General
114230,Keravan Energia Oy,24,2026-06-05,not_exact_fixed_segment;not_FixedPrice
114232,Imatran Seudun Sähkö Oy,24,2026-06-05,not_exact_fixed_segment;not_FixedPrice
114236,Lammaisten Energia Oy,12,2026-06-05,not_General
114242,Köyliön-Säkylän Sähkö Oy,12,2026-06-05,not_General
114243,Vaasan Sähkö Myynti Oy,24,2026-06-05,not_General
114245,Nurmijärven Sähkö Oy,24,2026-06-05,not_General
114248,Lammaisten Energia Oy,12,2026-06-05,not_exact_fixed_segment;not_FixedPrice
114250,Nordic Green Energy,12,2026-06-05,not_exact_fixed_segment;not_FixedPrice
114256,Oomi Oy,12,2026-06-05,not_exact_fixed_segment;not_FixedPrice
114257,Köyliön-Säkylän Sähkö Oy,12,2026-06-05,not_General
114261,Korpelan Energia Oy,12,2026-06-05,not_exact_fixed_segment;not_FixedPrice
114268,Vaasan Sähkö Myynti Oy,24,2026-06-05,not_exact_fixed_segment;not_FixedPrice
114273,Lammaisten Energia Oy,24,2026-06-05,not_exact_fixed_segment;not_FixedPrice;not_General
114276,Äänekosken Energia Oy,12,2026-06-05,not_General
114279,Lammaisten Energia Oy,24,2026-06-05,not_exact_fixed_segment;not_FixedPrice;not_General
114280,Äänekosken Energia Oy,12,2026-06-05,not_General
114281,Nurmijärven Sähkö Oy,12,2026-06-05,not_General
114286,Nordic Green Energy,24,2026-06-05,not_exact_fixed_segment;not_FixedPrice
114296,Omavoima Oy,12,2026-06-05,not_General
114299,Keravan Energia Oy,12,2026-06-05,not_exact_fixed_segment;not_FixedPrice
114300,Vaasan Sähkö Myynti Oy,12,2026-06-05,not_exact_fixed_segment;not_FixedPrice
114303,Lammaisten Energia Oy,12,2026-06-05,not_exact_fixed_segment;not_FixedPrice;not_General
114304,Porvoon Energia Oy,12,2026-06-05,not_General
114305,Paneliankosken Voima Oy,24,2026-06-05,not_General
114306,Paneliankosken Voima Oy,12,2026-06-05,not_General
114310,Lumme Energia,24,2026-06-05,not_exact_fixed_segment;not_FixedPrice
114320,Paneliankosken Voima Oy,12,2026-06-05,not_exact_fixed_segment;not_FixedPrice;not_General
114323,Porvoon Energia Oy,24,2026-06-05,not_General
114324,Omavoima Oy,24,2026-06-05,not_General
114327,Pohjois-Karjalan Sähkö Oy,12,2026-06-05,not_General
114330,Omavoima Oy,12,2026-06-05,not_General
114336,Pohjois-Karjalan Sähkö Oy,24,2026-06-06,not_General
114337,Hehku Energia Oy,24,2026-06-06,not_exact_fixed_segment;not_FixedPrice
114339,Äänekosken Energia Oy,6,2026-06-06,not_General
114341,Äänekosken Energia Oy,24,2026-06-06,not_General
114344,Pohjois-Karjalan Sähkö Oy,12,2026-06-06,not_General
114347,Koillis-Satakunnan Sähkö Oy,24,2026-06-06,not_General
114351,Nurmijärven Sähkö Oy,12,2026-06-06,not_General
114353,Lammaisten Energia Oy,24,2026-06-06,not_General
114355,Fortum Markets Oy,24,2026-06-06,not_exact_fixed_segment;not_FixedPrice
114359,Imatran Seudun Sähkö Oy,12,2026-06-06,not_exact_fixed_segment;not_FixedPrice
114363,Alajärven Sähkö Oy,24,2026-06-06,not_General
114364,Nurmijärven Sähkö Oy,24,2026-06-06,not_General
114372,Paneliankosken Voima Oy,12,2026-06-06,not_exact_fixed_segment;not_FixedPrice
114373,Nurmijärven Sähkö Oy,24,2026-06-06,not_General
114379,Oomi Oy,24,2026-06-06,not_exact_fixed_segment;not_FixedPrice
114382,Nordic Green Energy,12,2026-06-06,not_exact_fixed_segment;not_FixedPrice
114384,Keravan Energia Oy,24,2026-06-06,not_exact_fixed_segment;not_FixedPrice
114385,Vaasan Sähkö Myynti Oy,12,2026-06-06,not_General
114386,Lammaisten Energia Oy,24,2026-06-06,not_General
114387,Pohjois-Karjalan Sähkö Oy,6,2026-06-06,not_General
114393,Korpelan Energia Oy,24,2026-06-06,not_exact_fixed_segment;not_FixedPrice
114400,Paneliankosken Voima Oy,24,2026-06-06,not_exact_fixed_segment;not_FixedPrice
114414,Fortum Markets Oy,12,2026-06-06,not_exact_fixed_segment;not_FixedPrice
114424,Alajärven Sähkö Oy,12,2026-06-06,not_General
114426,Helen Oy,24,2026-06-06,not_exact_fixed_segment;not_FixedPrice
114427,Porvoon Energia Oy,24,2026-06-06,not_General
114443,Äänekosken Energia Oy,24,2026-06-06,not_General
114444,Porvoon Energia Oy,24,2026-06-06,not_General
114448,Lammaisten Energia Oy,24,2026-06-06,not_exact_fixed_segment;not_FixedPrice
114454,Imatran Seudun Sähkö Oy,6,2026-06-06,not_exact_fixed_segment;not_FixedPrice
114458,Koillis-Satakunnan Sähkö Oy,24,2026-06-06,not_General
114469,Köyliön-Säkylän Sähkö Oy,24,2026-06-06,not_General
114471,Koillis-Satakunnan Sähkö Oy,12,2026-06-06,not_General
114473,Keravan Energia Oy,12,2026-06-06,not_exact_fixed_segment;not_FixedPrice
114474,Omavoima Oy,24,2026-06-06,not_exact_fixed_segment;not_FixedPrice
114476,Omavoima Oy,24,2026-06-06,not_General
114477,Kokkolan Energia Oy,24,2026-06-06,not_exact_fixed_segment;not_FixedPrice
114481,Koillis-Satakunnan Sähkö Oy,24,2026-06-06,not_exact_fixed_segment;not_FixedPrice
114482,Kokkolan Energia Oy,12,2026-06-06,not_exact_fixed_segment;not_FixedPrice
114483,Köyliön-Säkylän Sähkö Oy,24,2026-06-06,not_General
114487,Turku Energia Oy,12,2026-06-06,not_exact_fixed_segment;not_FixedPrice
114490,Pohjois-Karjalan Sähkö Oy,6,2026-06-06,not_General
114494,Oomi Oy,6,2026-06-06,not_exact_fixed_segment;not_FixedPrice
114498,Koillis-Satakunnan Sähkö Oy,12,2026-06-06,not_exact_fixed_segment;not_FixedPrice
114500,Paneliankosken Voima Oy,24,2026-06-06,not_exact_fixed_segment;not_FixedPrice;not_General
114502,Äänekosken Energia Oy,6,2026-06-06,not_General
114505,Koillis-Satakunnan Sähkö Oy,12,2026-06-06,not_General
114506,Vaasan Sähkö Myynti Oy,6,2026-06-06,not_General
114510,Lumme Energia,12,2026-06-06,not_exact_fixed_segment;not_FixedPrice
114523,Koillis-Satakunnan Sähkö Oy,12,2026-06-06,not_General
114526,Nordic Green Energy,24,2026-06-06,not_exact_fixed_segment;not_FixedPrice
114527,Porvoon Energia Oy,12,2026-06-06,not_General
114529,Hehku Energia Oy,12,2026-06-06,not_exact_fixed_segment;not_FixedPrice
114530,Keravan Energia Oy,12,2026-06-06,not_exact_fixed_segment;not_FixedPrice
114540,Lammaisten Energia Oy,12,2026-06-06,not_exact_fixed_segment;not_FixedPrice;not_General
114541,Lammaisten Energia Oy,12,2026-06-06,not_General
114543,Vaasan Sähkö Myynti Oy,6,2026-06-06,not_exact_fixed_segment;not_FixedPrice
114547,Pohjois-Karjalan Sähkö Oy,24,2026-06-06,not_General
114550,Keravan Energia Oy,24,2026-06-06,not_exact_fixed_segment;not_FixedPrice
114552,Imatran Seudun Sähkö Oy,24,2026-06-06,not_exact_fixed_segment;not_FixedPrice
114556,Lammaisten Energia Oy,12,2026-06-06,not_General
114562,Köyliön-Säkylän Sähkö Oy,12,2026-06-06,not_General
114563,Vaasan Sähkö Myynti Oy,24,2026-06-06,not_General
114565,Nurmijärven Sähkö Oy,24,2026-06-06,not_General
114568,Lammaisten Energia Oy,12,2026-06-06,not_exact_fixed_segment;not_FixedPrice
114570,Nordic Green Energy,12,2026-06-06,not_exact_fixed_segment;not_FixedPrice
114576,Oomi Oy,12,2026-06-06,not_exact_fixed_segment;not_FixedPrice
114577,Köyliön-Säkylän Sähkö Oy,12,2026-06-06,not_General
114581,Korpelan Energia Oy,12,2026-06-06,not_exact_fixed_segment;not_FixedPrice
114588,Vaasan Sähkö Myynti Oy,24,2026-06-06,not_exact_fixed_segment;not_FixedPrice
114593,Lammaisten Energia Oy,24,2026-06-06,not_exact_fixed_segment;not_FixedPrice;not_General
114596,Äänekosken Energia Oy,12,2026-06-06,not_General
114599,Lammaisten Energia Oy,24,2026-06-06,not_exact_fixed_segment;not_FixedPrice;not_General
114600,Äänekosken Energia Oy,12,2026-06-06,not_General
114601,Nurmijärven Sähkö Oy,12,2026-06-06,not_General
114606,Nordic Green Energy,24,2026-06-06,not_exact_fixed_segment;not_FixedPrice
114616,Omavoima Oy,12,2026-06-06,not_General
114619,Keravan Energia Oy,12,2026-06-06,not_exact_fixed_segment;not_FixedPrice
114620,Vaasan Sähkö Myynti Oy,12,2026-06-06,not_exact_fixed_segment;not_FixedPrice
114623,Lammaisten Energia Oy,12,2026-06-06,not_exact_fixed_segment;not_FixedPrice;not_General
114624,Porvoon Energia Oy,12,2026-06-06,not_General
114625,Paneliankosken Voima Oy,24,2026-06-06,not_General
114626,Paneliankosken Voima Oy,12,2026-06-06,not_General
114630,Lumme Energia,24,2026-06-06,not_exact_fixed_segment;not_FixedPrice
114640,Paneliankosken Voima Oy,12,2026-06-06,not_exact_fixed_segment;not_FixedPrice;not_General
114643,Porvoon Energia Oy,24,2026-06-06,not_General
114644,Omavoima Oy,24,2026-06-06,not_General
114647,Pohjois-Karjalan Sähkö Oy,12,2026-06-06,not_General
114650,Omavoima Oy,12,2026-06-06,not_General
114656,Pohjois-Karjalan Sähkö Oy,24,2026-06-07,not_General
114657,Hehku Energia Oy,24,2026-06-07,not_exact_fixed_segment;not_FixedPrice
114659,Äänekosken Energia Oy,6,2026-06-07,not_General
114661,Äänekosken Energia Oy,24,2026-06-07,not_General
114664,Pohjois-Karjalan Sähkö Oy,12,2026-06-07,not_General
114667,Koillis-Satakunnan Sähkö Oy,24,2026-06-07,not_General
114671,Nurmijärven Sähkö Oy,12,2026-06-07,not_General
114673,Lammaisten Energia Oy,24,2026-06-07,not_General
114675,Fortum Markets Oy,24,2026-06-07,not_exact_fixed_segment;not_FixedPrice
114679,Imatran Seudun Sähkö Oy,12,2026-06-07,not_exact_fixed_segment;not_FixedPrice
114683,Alajärven Sähkö Oy,24,2026-06-07,not_General
114684,Nurmijärven Sähkö Oy,24,2026-06-07,not_General
114692,Paneliankosken Voima Oy,12,2026-06-07,not_exact_fixed_segment;not_FixedPrice
114693,Nurmijärven Sähkö Oy,24,2026-06-07,not_General
114699,Oomi Oy,24,2026-06-07,not_exact_fixed_segment;not_FixedPrice
114702,Nordic Green Energy,12,2026-06-07,not_exact_fixed_segment;not_FixedPrice
114704,Keravan Energia Oy,24,2026-06-07,not_exact_fixed_segment;not_FixedPrice
114705,Vaasan Sähkö Myynti Oy,12,2026-06-07,not_General
114706,Lammaisten Energia Oy,24,2026-06-07,not_General
114707,Pohjois-Karjalan Sähkö Oy,6,2026-06-07,not_General
114713,Korpelan Energia Oy,24,2026-06-07,not_exact_fixed_segment;not_FixedPrice
114720,Paneliankosken Voima Oy,24,2026-06-07,not_exact_fixed_segment;not_FixedPrice
114734,Fortum Markets Oy,12,2026-06-07,not_exact_fixed_segment;not_FixedPrice
114744,Alajärven Sähkö Oy,12,2026-06-07,not_General
114746,Helen Oy,24,2026-06-07,not_exact_fixed_segment;not_FixedPrice
114747,Porvoon Energia Oy,24,2026-06-07,not_General
114763,Äänekosken Energia Oy,24,2026-06-07,not_General
114764,Porvoon Energia Oy,24,2026-06-07,not_General
114768,Lammaisten Energia Oy,24,2026-06-07,not_exact_fixed_segment;not_FixedPrice
114774,Imatran Seudun Sähkö Oy,6,2026-06-07,not_exact_fixed_segment;not_FixedPrice
114778,Koillis-Satakunnan Sähkö Oy,24,2026-06-07,not_General
114789,Köyliön-Säkylän Sähkö Oy,24,2026-06-07,not_General
114791,Koillis-Satakunnan Sähkö Oy,12,2026-06-07,not_General
114793,Keravan Energia Oy,12,2026-06-07,not_exact_fixed_segment;not_FixedPrice
114794,Omavoima Oy,24,2026-06-07,not_exact_fixed_segment;not_FixedPrice
114796,Omavoima Oy,24,2026-06-07,not_General
114797,Kokkolan Energia Oy,24,2026-06-07,not_exact_fixed_segment;not_FixedPrice
114801,Koillis-Satakunnan Sähkö Oy,24,2026-06-07,not_exact_fixed_segment;not_FixedPrice
114802,Kokkolan Energia Oy,12,2026-06-07,not_exact_fixed_segment;not_FixedPrice
114803,Köyliön-Säkylän Sähkö Oy,24,2026-06-07,not_General
114807,Turku Energia Oy,12,2026-06-07,not_exact_fixed_segment;not_FixedPrice
114810,Pohjois-Karjalan Sähkö Oy,6,2026-06-07,not_General
114814,Oomi Oy,6,2026-06-07,not_exact_fixed_segment;not_FixedPrice
114818,Koillis-Satakunnan Sähkö Oy,12,2026-06-07,not_exact_fixed_segment;not_FixedPrice
114820,Paneliankosken Voima Oy,24,2026-06-07,not_exact_fixed_segment;not_FixedPrice;not_General
114822,Äänekosken Energia Oy,6,2026-06-07,not_General
114825,Koillis-Satakunnan Sähkö Oy,12,2026-06-07,not_General
114826,Vaasan Sähkö Myynti Oy,6,2026-06-07,not_General
114830,Lumme Energia,12,2026-06-07,not_exact_fixed_segment;not_FixedPrice
114843,Koillis-Satakunnan Sähkö Oy,12,2026-06-07,not_General
114846,Nordic Green Energy,24,2026-06-07,not_exact_fixed_segment;not_FixedPrice
114847,Porvoon Energia Oy,12,2026-06-07,not_General
114849,Hehku Energia Oy,12,2026-06-07,not_exact_fixed_segment;not_FixedPrice
114850,Keravan Energia Oy,12,2026-06-07,not_exact_fixed_segment;not_FixedPrice
114860,Lammaisten Energia Oy,12,2026-06-07,not_exact_fixed_segment;not_FixedPrice;not_General
114861,Lammaisten Energia Oy,12,2026-06-07,not_General
114863,Vaasan Sähkö Myynti Oy,6,2026-06-07,not_exact_fixed_segment;not_FixedPrice
114867,Pohjois-Karjalan Sähkö Oy,24,2026-06-07,not_General
114870,Keravan Energia Oy,24,2026-06-07,not_exact_fixed_segment;not_FixedPrice
114872,Imatran Seudun Sähkö Oy,24,2026-06-07,not_exact_fixed_segment;not_FixedPrice
114876,Lammaisten Energia Oy,12,2026-06-07,not_General
114882,Köyliön-Säkylän Sähkö Oy,12,2026-06-07,not_General
114883,Vaasan Sähkö Myynti Oy,24,2026-06-07,not_General
114885,Nurmijärven Sähkö Oy,24,2026-06-07,not_General
114888,Lammaisten Energia Oy,12,2026-06-07,not_exact_fixed_segment;not_FixedPrice
114890,Nordic Green Energy,12,2026-06-07,not_exact_fixed_segment;not_FixedPrice
114896,Oomi Oy,12,2026-06-07,not_exact_fixed_segment;not_FixedPrice
114897,Köyliön-Säkylän Sähkö Oy,12,2026-06-07,not_General
114901,Korpelan Energia Oy,12,2026-06-07,not_exact_fixed_segment;not_FixedPrice
114908,Vaasan Sähkö Myynti Oy,24,2026-06-07,not_exact_fixed_segment;not_FixedPrice
114913,Lammaisten Energia Oy,24,2026-06-07,not_exact_fixed_segment;not_FixedPrice;not_General
114916,Äänekosken Energia Oy,12,2026-06-07,not_General
114919,Lammaisten Energia Oy,24,2026-06-07,not_exact_fixed_segment;not_FixedPrice;not_General
114920,Äänekosken Energia Oy,12,2026-06-07,not_General
114921,Nurmijärven Sähkö Oy,12,2026-06-07,not_General
114926,Nordic Green Energy,24,2026-06-07,not_exact_fixed_segment;not_FixedPrice
114936,Omavoima Oy,12,2026-06-07,not_General
114939,Keravan Energia Oy,12,2026-06-07,not_exact_fixed_segment;not_FixedPrice
114940,Vaasan Sähkö Myynti Oy,12,2026-06-07,not_exact_fixed_segment;not_FixedPrice
114943,Lammaisten Energia Oy,12,2026-06-07,not_exact_fixed_segment;not_FixedPrice;not_General
114944,Porvoon Energia Oy,12,2026-06-07,not_General
114945,Paneliankosken Voima Oy,24,2026-06-07,not_General
114946,Paneliankosken Voima Oy,12,2026-06-07,not_General
114950,Lumme Energia,24,2026-06-07,not_exact_fixed_segment;not_FixedPrice
114960,Paneliankosken Voima Oy,12,2026-06-07,not_exact_fixed_segment;not_FixedPrice;not_General
114963,Porvoon Energia Oy,24,2026-06-07,not_General
114964,Omavoima Oy,24,2026-06-07,not_General
114967,Pohjois-Karjalan Sähkö Oy,12,2026-06-07,not_General
114970,Omavoima Oy,12,2026-06-07,not_General
114976,Pohjois-Karjalan Sähkö Oy,24,2026-06-08,not_General
114977,Hehku Energia Oy,24,2026-06-08,not_exact_fixed_segment;not_FixedPrice
114979,Äänekosken Energia Oy,6,2026-06-08,not_General
114981,Äänekosken Energia Oy,24,2026-06-08,not_General
114984,Pohjois-Karjalan Sähkö Oy,12,2026-06-08,not_General
114987,Koillis-Satakunnan Sähkö Oy,24,2026-06-08,not_General
114991,Nurmijärven Sähkö Oy,12,2026-06-08,not_General
114993,Lammaisten Energia Oy,24,2026-06-08,not_General
114998,Imatran Seudun Sähkö Oy,12,2026-06-08,not_exact_fixed_segment;not_FixedPrice
115002,Alajärven Sähkö Oy,24,2026-06-08,not_General
115003,Nurmijärven Sähkö Oy,24,2026-06-08,not_General
115011,Paneliankosken Voima Oy,12,2026-06-08,not_exact_fixed_segment;not_FixedPrice
115012,Nurmijärven Sähkö Oy,24,2026-06-08,not_General
115013,Fortum Markets Oy,24,2026-06-08,not_exact_fixed_segment;not_FixedPrice
115019,Oomi Oy,24,2026-06-08,not_exact_fixed_segment;not_FixedPrice
115022,Nordic Green Energy,12,2026-06-08,not_exact_fixed_segment;not_FixedPrice
115024,Keravan Energia Oy,24,2026-06-08,not_exact_fixed_segment;not_FixedPrice
115025,Vaasan Sähkö Myynti Oy,12,2026-06-08,not_General
115026,Lammaisten Energia Oy,24,2026-06-08,not_General
115027,Pohjois-Karjalan Sähkö Oy,6,2026-06-08,not_General
115033,Korpelan Energia Oy,24,2026-06-08,not_exact_fixed_segment;not_FixedPrice
115040,Paneliankosken Voima Oy,24,2026-06-08,not_exact_fixed_segment;not_FixedPrice
115053,Fortum Markets Oy,12,2026-06-08,not_exact_fixed_segment;not_FixedPrice
115064,Alajärven Sähkö Oy,12,2026-06-08,not_General
115066,Helen Oy,24,2026-06-08,not_exact_fixed_segment;not_FixedPrice
115067,Porvoon Energia Oy,24,2026-06-08,not_General
115083,Äänekosken Energia Oy,24,2026-06-08,not_General
115084,Porvoon Energia Oy,24,2026-06-08,not_General
115088,Lammaisten Energia Oy,24,2026-06-08,not_exact_fixed_segment;not_FixedPrice
115094,Imatran Seudun Sähkö Oy,6,2026-06-08,not_exact_fixed_segment;not_FixedPrice
115098,Koillis-Satakunnan Sähkö Oy,24,2026-06-08,not_General
115109,Köyliön-Säkylän Sähkö Oy,24,2026-06-08,not_General
115111,Koillis-Satakunnan Sähkö Oy,12,2026-06-08,not_General
115113,Keravan Energia Oy,12,2026-06-08,not_exact_fixed_segment;not_FixedPrice
115114,Omavoima Oy,24,2026-06-08,not_exact_fixed_segment;not_FixedPrice
115116,Omavoima Oy,24,2026-06-08,not_General
115117,Kokkolan Energia Oy,24,2026-06-08,not_exact_fixed_segment;not_FixedPrice
115121,Koillis-Satakunnan Sähkö Oy,24,2026-06-08,not_exact_fixed_segment;not_FixedPrice
115122,Kokkolan Energia Oy,12,2026-06-08,not_exact_fixed_segment;not_FixedPrice
115123,Köyliön-Säkylän Sähkö Oy,24,2026-06-08,not_General
115127,Turku Energia Oy,12,2026-06-08,not_exact_fixed_segment;not_FixedPrice
115130,Pohjois-Karjalan Sähkö Oy,6,2026-06-08,not_General
115134,Oomi Oy,6,2026-06-08,not_exact_fixed_segment;not_FixedPrice
115138,Koillis-Satakunnan Sähkö Oy,12,2026-06-08,not_exact_fixed_segment;not_FixedPrice
115140,Paneliankosken Voima Oy,24,2026-06-08,not_exact_fixed_segment;not_FixedPrice;not_General
115142,Äänekosken Energia Oy,6,2026-06-08,not_General
115145,Koillis-Satakunnan Sähkö Oy,12,2026-06-08,not_General
115146,Vaasan Sähkö Myynti Oy,6,2026-06-08,not_General
115150,Lumme Energia,12,2026-06-08,not_exact_fixed_segment;not_FixedPrice
115163,Koillis-Satakunnan Sähkö Oy,12,2026-06-08,not_General
115166,Nordic Green Energy,24,2026-06-08,not_exact_fixed_segment;not_FixedPrice
115167,Porvoon Energia Oy,12,2026-06-08,not_General
115169,Hehku Energia Oy,12,2026-06-08,not_exact_fixed_segment;not_FixedPrice
115170,Keravan Energia Oy,12,2026-06-08,not_exact_fixed_segment;not_FixedPrice
115179,Lammaisten Energia Oy,12,2026-06-08,not_exact_fixed_segment;not_FixedPrice;not_General
115180,Lammaisten Energia Oy,12,2026-06-08,not_General
115182,Vaasan Sähkö Myynti Oy,6,2026-06-08,not_exact_fixed_segment;not_FixedPrice
115186,Pohjois-Karjalan Sähkö Oy,24,2026-06-08,not_General
115189,Keravan Energia Oy,24,2026-06-08,not_exact_fixed_segment;not_FixedPrice
115191,Imatran Seudun Sähkö Oy,24,2026-06-08,not_exact_fixed_segment;not_FixedPrice
115195,Lammaisten Energia Oy,12,2026-06-08,not_General
115201,Köyliön-Säkylän Sähkö Oy,12,2026-06-08,not_General
115202,Vaasan Sähkö Myynti Oy,24,2026-06-08,not_General
115204,Nurmijärven Sähkö Oy,24,2026-06-08,not_General
115207,Lammaisten Energia Oy,12,2026-06-08,not_exact_fixed_segment;not_FixedPrice
115210,Nordic Green Energy,12,2026-06-08,not_exact_fixed_segment;not_FixedPrice
115216,Oomi Oy,12,2026-06-08,not_exact_fixed_segment;not_FixedPrice
115217,Köyliön-Säkylän Sähkö Oy,12,2026-06-08,not_General
115221,Korpelan Energia Oy,12,2026-06-08,not_exact_fixed_segment;not_FixedPrice
115228,Vaasan Sähkö Myynti Oy,24,2026-06-08,not_exact_fixed_segment;not_FixedPrice
115233,Lammaisten Energia Oy,24,2026-06-08,not_exact_fixed_segment;not_FixedPrice;not_General
115236,Äänekosken Energia Oy,12,2026-06-08,not_General
115239,Lammaisten Energia Oy,24,2026-06-08,not_exact_fixed_segment;not_FixedPrice;not_General
115240,Äänekosken Energia Oy,12,2026-06-08,not_General
115241,Nurmijärven Sähkö Oy,12,2026-06-08,not_General
115246,Nordic Green Energy,24,2026-06-08,not_exact_fixed_segment;not_FixedPrice
115256,Omavoima Oy,12,2026-06-08,not_General
115259,Keravan Energia Oy,12,2026-06-08,not_exact_fixed_segment;not_FixedPrice
115260,Vaasan Sähkö Myynti Oy,12,2026-06-08,not_exact_fixed_segment;not_FixedPrice
115263,Lammaisten Energia Oy,12,2026-06-08,not_exact_fixed_segment;not_FixedPrice;not_General
115264,Porvoon Energia Oy,12,2026-06-08,not_General
115265,Paneliankosken Voima Oy,24,2026-06-08,not_General
115266,Paneliankosken Voima Oy,12,2026-06-08,not_General
115270,Lumme Energia,24,2026-06-08,not_exact_fixed_segment;not_FixedPrice
115280,Paneliankosken Voima Oy,12,2026-06-08,not_exact_fixed_segment;not_FixedPrice;not_General
115283,Porvoon Energia Oy,24,2026-06-08,not_General
115284,Omavoima Oy,24,2026-06-08,not_General
115287,Pohjois-Karjalan Sähkö Oy,12,2026-06-08,not_General
115290,Omavoima Oy,12,2026-06-08,not_General
115296,Pohjois-Karjalan Sähkö Oy,24,2026-06-09,not_General
115297,Hehku Energia Oy,24,2026-06-09,not_exact_fixed_segment;not_FixedPrice
115298,Äänekosken Energia Oy,6,2026-06-09,not_General
115300,Äänekosken Energia Oy,24,2026-06-09,not_General
115303,Pohjois-Karjalan Sähkö Oy,12,2026-06-09,not_General
115306,Koillis-Satakunnan Sähkö Oy,24,2026-06-09,not_General
115310,Nurmijärven Sähkö Oy,12,2026-06-09,not_General
115312,Lammaisten Energia Oy,24,2026-06-09,not_General
115317,Imatran Seudun Sähkö Oy,12,2026-06-09,not_exact_fixed_segment;not_FixedPrice
115321,Alajärven Sähkö Oy,24,2026-06-09,not_General
115322,Nurmijärven Sähkö Oy,24,2026-06-09,not_General
115330,Paneliankosken Voima Oy,12,2026-06-09,not_exact_fixed_segment;not_FixedPrice
115331,Nurmijärven Sähkö Oy,24,2026-06-09,not_General
115332,Fortum Markets Oy,24,2026-06-09,not_exact_fixed_segment;not_FixedPrice
115338,Oomi Oy,24,2026-06-09,not_exact_fixed_segment;not_FixedPrice
115341,Nordic Green Energy,12,2026-06-09,not_exact_fixed_segment;not_FixedPrice
115343,Keravan Energia Oy,24,2026-06-09,not_exact_fixed_segment;not_FixedPrice
115344,Vaasan Sähkö Myynti Oy,12,2026-06-09,not_General
115345,Lammaisten Energia Oy,24,2026-06-09,not_General
115346,Pohjois-Karjalan Sähkö Oy,6,2026-06-09,not_General
115357,Paneliankosken Voima Oy,24,2026-06-09,not_exact_fixed_segment;not_FixedPrice
115370,Fortum Markets Oy,12,2026-06-09,not_exact_fixed_segment;not_FixedPrice
115380,Alajärven Sähkö Oy,12,2026-06-09,not_General
115382,Porvoon Energia Oy,24,2026-06-09,not_General
115397,Äänekosken Energia Oy,24,2026-06-09,not_General
115398,Porvoon Energia Oy,24,2026-06-09,not_General
115402,Lammaisten Energia Oy,24,2026-06-09,not_exact_fixed_segment;not_FixedPrice
115408,Imatran Seudun Sähkö Oy,6,2026-06-09,not_exact_fixed_segment;not_FixedPrice
115412,Koillis-Satakunnan Sähkö Oy,24,2026-06-09,not_General
115423,Köyliön-Säkylän Sähkö Oy,24,2026-06-09,not_General
115425,Koillis-Satakunnan Sähkö Oy,12,2026-06-09,not_General
115427,Keravan Energia Oy,12,2026-06-09,not_exact_fixed_segment;not_FixedPrice
115428,Omavoima Oy,24,2026-06-09,not_exact_fixed_segment;not_FixedPrice
115430,Omavoima Oy,24,2026-06-09,not_General
115431,Kokkolan Energia Oy,24,2026-06-09,not_exact_fixed_segment;not_FixedPrice
115435,Koillis-Satakunnan Sähkö Oy,24,2026-06-09,not_exact_fixed_segment;not_FixedPrice
115436,Kokkolan Energia Oy,12,2026-06-09,not_exact_fixed_segment;not_FixedPrice
115437,Köyliön-Säkylän Sähkö Oy,24,2026-06-09,not_General
115441,Turku Energia Oy,12,2026-06-09,not_exact_fixed_segment;not_FixedPrice
115444,Pohjois-Karjalan Sähkö Oy,6,2026-06-09,not_General
115448,Oomi Oy,6,2026-06-09,not_exact_fixed_segment;not_FixedPrice
115452,Koillis-Satakunnan Sähkö Oy,12,2026-06-09,not_exact_fixed_segment;not_FixedPrice
115454,Paneliankosken Voima Oy,24,2026-06-09,not_exact_fixed_segment;not_FixedPrice;not_General
115457,Äänekosken Energia Oy,6,2026-06-09,not_General
115459,Korpelan Energia Oy,12,2026-06-09,not_exact_fixed_segment;not_FixedPrice
115461,Koillis-Satakunnan Sähkö Oy,12,2026-06-09,not_General
115462,Vaasan Sähkö Myynti Oy,6,2026-06-09,not_General
115466,Lumme Energia,12,2026-06-09,not_exact_fixed_segment;not_FixedPrice
115479,Koillis-Satakunnan Sähkö Oy,12,2026-06-09,not_General
115482,Nordic Green Energy,24,2026-06-09,not_exact_fixed_segment;not_FixedPrice
115483,Porvoon Energia Oy,12,2026-06-09,not_General
115485,Hehku Energia Oy,12,2026-06-09,not_exact_fixed_segment;not_FixedPrice
115486,Keravan Energia Oy,12,2026-06-09,not_exact_fixed_segment;not_FixedPrice
115495,Lammaisten Energia Oy,12,2026-06-09,not_exact_fixed_segment;not_FixedPrice;not_General
115496,Lammaisten Energia Oy,12,2026-06-09,not_General
115498,Vaasan Sähkö Myynti Oy,6,2026-06-09,not_exact_fixed_segment;not_FixedPrice
115502,Pohjois-Karjalan Sähkö Oy,24,2026-06-09,not_General
115503,Korpelan Energia Oy,24,2026-06-09,not_exact_fixed_segment;not_FixedPrice
115506,Keravan Energia Oy,24,2026-06-09,not_exact_fixed_segment;not_FixedPrice
115508,Imatran Seudun Sähkö Oy,24,2026-06-09,not_exact_fixed_segment;not_FixedPrice
115512,Lammaisten Energia Oy,12,2026-06-09,not_General
115518,Köyliön-Säkylän Sähkö Oy,12,2026-06-09,not_General
115519,Vaasan Sähkö Myynti Oy,24,2026-06-09,not_General
115521,Nurmijärven Sähkö Oy,24,2026-06-09,not_General
115525,Lammaisten Energia Oy,12,2026-06-09,not_exact_fixed_segment;not_FixedPrice
115528,Nordic Green Energy,12,2026-06-09,not_exact_fixed_segment;not_FixedPrice
115535,Oomi Oy,12,2026-06-09,not_exact_fixed_segment;not_FixedPrice
115536,Köyliön-Säkylän Sähkö Oy,12,2026-06-09,not_General
115547,Vaasan Sähkö Myynti Oy,24,2026-06-09,not_exact_fixed_segment;not_FixedPrice
115549,Helen Oy,12,2026-06-09,not_exact_fixed_segment;not_FixedPrice
115553,Lammaisten Energia Oy,24,2026-06-09,not_exact_fixed_segment;not_FixedPrice;not_General
115555,Äänekosken Energia Oy,12,2026-06-09,not_General
115558,Lammaisten Energia Oy,24,2026-06-09,not_exact_fixed_segment;not_FixedPrice;not_General
115559,Äänekosken Energia Oy,12,2026-06-09,not_General
115560,Nurmijärven Sähkö Oy,12,2026-06-09,not_General
115565,Nordic Green Energy,24,2026-06-09,not_exact_fixed_segment;not_FixedPrice
115575,Omavoima Oy,12,2026-06-09,not_General
115578,Helen Oy,24,2026-06-09,not_exact_fixed_segment;not_FixedPrice
115579,Keravan Energia Oy,12,2026-06-09,not_exact_fixed_segment;not_FixedPrice
115580,Vaasan Sähkö Myynti Oy,12,2026-06-09,not_exact_fixed_segment;not_FixedPrice
115583,Lammaisten Energia Oy,12,2026-06-09,not_exact_fixed_segment;not_FixedPrice;not_General
115584,Porvoon Energia Oy,12,2026-06-09,not_General
115585,Paneliankosken Voima Oy,24,2026-06-09,not_General
115586,Paneliankosken Voima Oy,12,2026-06-09,not_General
115590,Lumme Energia,24,2026-06-09,not_exact_fixed_segment;not_FixedPrice
115600,Paneliankosken Voima Oy,12,2026-06-09,not_exact_fixed_segment;not_FixedPrice;not_General
115603,Porvoon Energia Oy,24,2026-06-09,not_General
115604,Omavoima Oy,24,2026-06-09,not_General
115607,Pohjois-Karjalan Sähkö Oy,12,2026-06-09,not_General
115610,Omavoima Oy,12,2026-06-09,not_General
115617,Pohjois-Karjalan Sähkö Oy,24,2026-06-10,not_General
115618,Hehku Energia Oy,24,2026-06-10,not_exact_fixed_segment;not_FixedPrice
115619,Äänekosken Energia Oy,6,2026-06-10,not_General
115621,Äänekosken Energia Oy,24,2026-06-10,not_General
115624,Pohjois-Karjalan Sähkö Oy,12,2026-06-10,not_General
115628,Koillis-Satakunnan Sähkö Oy,24,2026-06-10,not_General
115631,Nurmijärven Sähkö Oy,12,2026-06-10,not_General
115633,Lammaisten Energia Oy,24,2026-06-10,not_General
115639,Imatran Seudun Sähkö Oy,12,2026-06-10,not_exact_fixed_segment;not_FixedPrice
115642,Alajärven Sähkö Oy,24,2026-06-10,not_General
115643,Nurmijärven Sähkö Oy,24,2026-06-10,not_General
115651,Paneliankosken Voima Oy,12,2026-06-10,not_exact_fixed_segment;not_FixedPrice
115652,Nurmijärven Sähkö Oy,24,2026-06-10,not_General
115653,Fortum Markets Oy,24,2026-06-10,not_exact_fixed_segment;not_FixedPrice
115659,Oomi Oy,24,2026-06-10,not_exact_fixed_segment;not_FixedPrice
115662,Nordic Green Energy,12,2026-06-10,not_exact_fixed_segment;not_FixedPrice
115664,Keravan Energia Oy,24,2026-06-10,not_exact_fixed_segment;not_FixedPrice
115665,Vaasan Sähkö Myynti Oy,12,2026-06-10,not_General
115666,Lammaisten Energia Oy,24,2026-06-10,not_General
115667,Pohjois-Karjalan Sähkö Oy,6,2026-06-10,not_General
115679,Paneliankosken Voima Oy,24,2026-06-10,not_exact_fixed_segment;not_FixedPrice
115693,Fortum Markets Oy,12,2026-06-10,not_exact_fixed_segment;not_FixedPrice
115703,Alajärven Sähkö Oy,12,2026-06-10,not_General
115704,Porvoon Energia Oy,24,2026-06-10,not_General
115718,Äänekosken Energia Oy,24,2026-06-10,not_General
115719,Porvoon Energia Oy,24,2026-06-10,not_General
115724,Lammaisten Energia Oy,24,2026-06-10,not_exact_fixed_segment;not_FixedPrice
115730,Imatran Seudun Sähkö Oy,6,2026-06-10,not_exact_fixed_segment;not_FixedPrice
115734,Koillis-Satakunnan Sähkö Oy,24,2026-06-10,not_General
115744,Köyliön-Säkylän Sähkö Oy,24,2026-06-10,not_General
115746,Koillis-Satakunnan Sähkö Oy,12,2026-06-10,not_General
115748,Keravan Energia Oy,12,2026-06-10,not_exact_fixed_segment;not_FixedPrice
115749,Omavoima Oy,24,2026-06-10,not_exact_fixed_segment;not_FixedPrice
115751,Omavoima Oy,24,2026-06-10,not_General
115752,Kokkolan Energia Oy,24,2026-06-10,not_exact_fixed_segment;not_FixedPrice
115755,Koillis-Satakunnan Sähkö Oy,24,2026-06-10,not_exact_fixed_segment;not_FixedPrice
115756,Kokkolan Energia Oy,12,2026-06-10,not_exact_fixed_segment;not_FixedPrice
115757,Köyliön-Säkylän Sähkö Oy,24,2026-06-10,not_General
115761,Turku Energia Oy,12,2026-06-10,not_exact_fixed_segment;not_FixedPrice
115764,Pohjois-Karjalan Sähkö Oy,6,2026-06-10,not_General
115768,Oomi Oy,6,2026-06-10,not_exact_fixed_segment;not_FixedPrice
115772,Koillis-Satakunnan Sähkö Oy,12,2026-06-10,not_exact_fixed_segment;not_FixedPrice
115774,Paneliankosken Voima Oy,24,2026-06-10,not_exact_fixed_segment;not_FixedPrice;not_General
115778,Äänekosken Energia Oy,6,2026-06-10,not_General
115780,Korpelan Energia Oy,12,2026-06-10,not_exact_fixed_segment;not_FixedPrice
115782,Koillis-Satakunnan Sähkö Oy,12,2026-06-10,not_General
115783,Vaasan Sähkö Myynti Oy,6,2026-06-10,not_General
115787,Lumme Energia,12,2026-06-10,not_exact_fixed_segment;not_FixedPrice
115799,Koillis-Satakunnan Sähkö Oy,12,2026-06-10,not_General
115802,Nordic Green Energy,24,2026-06-10,not_exact_fixed_segment;not_FixedPrice
115803,Porvoon Energia Oy,12,2026-06-10,not_General
115805,Hehku Energia Oy,12,2026-06-10,not_exact_fixed_segment;not_FixedPrice
115806,Keravan Energia Oy,12,2026-06-10,not_exact_fixed_segment;not_FixedPrice
115817,Lammaisten Energia Oy,12,2026-06-10,not_exact_fixed_segment;not_FixedPrice;not_General
115818,Lammaisten Energia Oy,12,2026-06-10,not_General
115820,Vaasan Sähkö Myynti Oy,6,2026-06-10,not_exact_fixed_segment;not_FixedPrice
115824,Pohjois-Karjalan Sähkö Oy,24,2026-06-10,not_General
115825,Korpelan Energia Oy,24,2026-06-10,not_exact_fixed_segment;not_FixedPrice
115829,Keravan Energia Oy,24,2026-06-10,not_exact_fixed_segment;not_FixedPrice
115831,Imatran Seudun Sähkö Oy,24,2026-06-10,not_exact_fixed_segment;not_FixedPrice
115835,Lammaisten Energia Oy,12,2026-06-10,not_General
115841,Köyliön-Säkylän Sähkö Oy,12,2026-06-10,not_General
115842,Vaasan Sähkö Myynti Oy,24,2026-06-10,not_General
115844,Nurmijärven Sähkö Oy,24,2026-06-10,not_General
115849,Lammaisten Energia Oy,12,2026-06-10,not_exact_fixed_segment;not_FixedPrice
115851,Nordic Green Energy,12,2026-06-10,not_exact_fixed_segment;not_FixedPrice
115857,Oomi Oy,12,2026-06-10,not_exact_fixed_segment;not_FixedPrice
115858,Köyliön-Säkylän Sähkö Oy,12,2026-06-10,not_General
115868,Vaasan Sähkö Myynti Oy,24,2026-06-10,not_exact_fixed_segment;not_FixedPrice
115870,Helen Oy,12,2026-06-10,not_exact_fixed_segment;not_FixedPrice
115873,Lammaisten Energia Oy,24,2026-06-10,not_exact_fixed_segment;not_FixedPrice;not_General
115875,Äänekosken Energia Oy,12,2026-06-10,not_General
115878,Lammaisten Energia Oy,24,2026-06-10,not_exact_fixed_segment;not_FixedPrice;not_General
115879,Äänekosken Energia Oy,12,2026-06-10,not_General
115880,Nurmijärven Sähkö Oy,12,2026-06-10,not_General
115886,Nordic Green Energy,24,2026-06-10,not_exact_fixed_segment;not_FixedPrice
115897,Omavoima Oy,12,2026-06-10,not_General
115900,Helen Oy,24,2026-06-10,not_exact_fixed_segment;not_FixedPrice
115901,Keravan Energia Oy,12,2026-06-10,not_exact_fixed_segment;not_FixedPrice
115902,Vaasan Sähkö Myynti Oy,12,2026-06-10,not_exact_fixed_segment;not_FixedPrice
115905,Lammaisten Energia Oy,12,2026-06-10,not_exact_fixed_segment;not_FixedPrice;not_General
115906,Porvoon Energia Oy,12,2026-06-10,not_General
115907,Paneliankosken Voima Oy,24,2026-06-10,not_General
115908,Paneliankosken Voima Oy,12,2026-06-10,not_General
115912,Lumme Energia,24,2026-06-10,not_exact_fixed_segment;not_FixedPrice
115923,Paneliankosken Voima Oy,12,2026-06-10,not_exact_fixed_segment;not_FixedPrice;not_General
115926,Porvoon Energia Oy,24,2026-06-10,not_General
115927,Omavoima Oy,24,2026-06-10,not_General
115930,Pohjois-Karjalan Sähkö Oy,12,2026-06-10,not_General
115933,Omavoima Oy,12,2026-06-10,not_General
115940,Pohjois-Karjalan Sähkö Oy,24,2026-06-11,not_General
115941,Hehku Energia Oy,24,2026-06-11,not_exact_fixed_segment;not_FixedPrice
115942,Äänekosken Energia Oy,6,2026-06-11,not_General
115944,Äänekosken Energia Oy,24,2026-06-11,not_General
115947,Pohjois-Karjalan Sähkö Oy,12,2026-06-11,not_General
115953,Nurmijärven Sähkö Oy,12,2026-06-11,not_General
115955,Lammaisten Energia Oy,24,2026-06-11,not_General
115961,Imatran Seudun Sähkö Oy,12,2026-06-11,not_exact_fixed_segment;not_FixedPrice
115964,Alajärven Sähkö Oy,24,2026-06-11,not_General
115965,Nurmijärven Sähkö Oy,24,2026-06-11,not_General
115973,Paneliankosken Voima Oy,12,2026-06-11,not_exact_fixed_segment;not_FixedPrice
115974,Nurmijärven Sähkö Oy,24,2026-06-11,not_General
115975,Fortum Markets Oy,24,2026-06-11,not_exact_fixed_segment;not_FixedPrice
115981,Oomi Oy,24,2026-06-11,not_exact_fixed_segment;not_FixedPrice
115984,Nordic Green Energy,12,2026-06-11,not_exact_fixed_segment;not_FixedPrice
115986,Keravan Energia Oy,24,2026-06-11,not_exact_fixed_segment;not_FixedPrice
115987,Vaasan Sähkö Myynti Oy,12,2026-06-11,not_General
115988,Lammaisten Energia Oy,24,2026-06-11,not_General
115989,Pohjois-Karjalan Sähkö Oy,6,2026-06-11,not_General
116001,Paneliankosken Voima Oy,24,2026-06-11,not_exact_fixed_segment;not_FixedPrice
116015,Fortum Markets Oy,12,2026-06-11,not_exact_fixed_segment;not_FixedPrice
116025,Alajärven Sähkö Oy,12,2026-06-11,not_General
116026,Porvoon Energia Oy,24,2026-06-11,not_General
116040,Äänekosken Energia Oy,24,2026-06-11,not_General
116041,Porvoon Energia Oy,24,2026-06-11,not_General
116047,Lammaisten Energia Oy,24,2026-06-11,not_exact_fixed_segment;not_FixedPrice
116053,Imatran Seudun Sähkö Oy,6,2026-06-11,not_exact_fixed_segment;not_FixedPrice
116066,Köyliön-Säkylän Sähkö Oy,24,2026-06-11,not_General
116068,Koillis-Satakunnan Sähkö Oy,12,2026-06-11,not_General
116070,Keravan Energia Oy,12,2026-06-11,not_exact_fixed_segment;not_FixedPrice
116071,Omavoima Oy,24,2026-06-11,not_exact_fixed_segment;not_FixedPrice
116073,Koillis-Satakunnan Sähkö Oy,24,2026-06-11,not_General
116074,Omavoima Oy,24,2026-06-11,not_General
116075,Kokkolan Energia Oy,24,2026-06-11,not_exact_fixed_segment;not_FixedPrice
116078,Koillis-Satakunnan Sähkö Oy,24,2026-06-11,not_exact_fixed_segment;not_FixedPrice
116079,Kokkolan Energia Oy,12,2026-06-11,not_exact_fixed_segment;not_FixedPrice
116080,Köyliön-Säkylän Sähkö Oy,24,2026-06-11,not_General
116083,Turku Energia Oy,12,2026-06-11,not_exact_fixed_segment;not_FixedPrice
116086,Pohjois-Karjalan Sähkö Oy,6,2026-06-11,not_General
116090,Oomi Oy,6,2026-06-11,not_exact_fixed_segment;not_FixedPrice
116094,Koillis-Satakunnan Sähkö Oy,12,2026-06-11,not_exact_fixed_segment;not_FixedPrice
116096,Paneliankosken Voima Oy,24,2026-06-11,not_exact_fixed_segment;not_FixedPrice;not_General
116100,Äänekosken Energia Oy,6,2026-06-11,not_General
116102,Korpelan Energia Oy,12,2026-06-11,not_exact_fixed_segment;not_FixedPrice
116104,Koillis-Satakunnan Sähkö Oy,12,2026-06-11,not_General
116105,Vaasan Sähkö Myynti Oy,6,2026-06-11,not_General
116109,Lumme Energia,12,2026-06-11,not_exact_fixed_segment;not_FixedPrice
116121,Koillis-Satakunnan Sähkö Oy,12,2026-06-11,not_General
116124,Nordic Green Energy,24,2026-06-11,not_exact_fixed_segment;not_FixedPrice
116125,Porvoon Energia Oy,12,2026-06-11,not_General
116127,Hehku Energia Oy,12,2026-06-11,not_exact_fixed_segment;not_FixedPrice
116128,Keravan Energia Oy,12,2026-06-11,not_exact_fixed_segment;not_FixedPrice
116139,Lammaisten Energia Oy,12,2026-06-11,not_exact_fixed_segment;not_FixedPrice;not_General
116140,Lammaisten Energia Oy,12,2026-06-11,not_General
116142,Vaasan Sähkö Myynti Oy,6,2026-06-11,not_exact_fixed_segment;not_FixedPrice
116146,Pohjois-Karjalan Sähkö Oy,24,2026-06-11,not_General
116147,Korpelan Energia Oy,24,2026-06-11,not_exact_fixed_segment;not_FixedPrice
116151,Keravan Energia Oy,24,2026-06-11,not_exact_fixed_segment;not_FixedPrice
116153,Imatran Seudun Sähkö Oy,24,2026-06-11,not_exact_fixed_segment;not_FixedPrice
116157,Lammaisten Energia Oy,12,2026-06-11,not_General
116163,Köyliön-Säkylän Sähkö Oy,12,2026-06-11,not_General
116164,Vaasan Sähkö Myynti Oy,24,2026-06-11,not_General
116166,Nurmijärven Sähkö Oy,24,2026-06-11,not_General
116171,Lammaisten Energia Oy,12,2026-06-11,not_exact_fixed_segment;not_FixedPrice
116173,Nordic Green Energy,12,2026-06-11,not_exact_fixed_segment;not_FixedPrice
116179,Oomi Oy,12,2026-06-11,not_exact_fixed_segment;not_FixedPrice
116180,Köyliön-Säkylän Sähkö Oy,12,2026-06-11,not_General
116187,Koillis-Satakunnan Sähkö Oy,24,2026-06-11,not_General
116191,Vaasan Sähkö Myynti Oy,24,2026-06-11,not_exact_fixed_segment;not_FixedPrice
116193,Helen Oy,12,2026-06-11,not_exact_fixed_segment;not_FixedPrice
116196,Lammaisten Energia Oy,24,2026-06-11,not_exact_fixed_segment;not_FixedPrice;not_General
116198,Äänekosken Energia Oy,12,2026-06-11,not_General
116201,Lammaisten Energia Oy,24,2026-06-11,not_exact_fixed_segment;not_FixedPrice;not_General
116202,Äänekosken Energia Oy,12,2026-06-11,not_General
116203,Nurmijärven Sähkö Oy,12,2026-06-11,not_General
116209,Nordic Green Energy,24,2026-06-11,not_exact_fixed_segment;not_FixedPrice
116220,Omavoima Oy,12,2026-06-11,not_General
116223,Helen Oy,24,2026-06-11,not_exact_fixed_segment;not_FixedPrice
116224,Keravan Energia Oy,12,2026-06-11,not_exact_fixed_segment;not_FixedPrice
116225,Vaasan Sähkö Myynti Oy,12,2026-06-11,not_exact_fixed_segment;not_FixedPrice
116228,Lammaisten Energia Oy,12,2026-06-11,not_exact_fixed_segment;not_FixedPrice;not_General
116229,Porvoon Energia Oy,12,2026-06-11,not_General
116230,Paneliankosken Voima Oy,24,2026-06-11,not_General
116231,Paneliankosken Voima Oy,12,2026-06-11,not_General
116235,Lumme Energia,24,2026-06-11,not_exact_fixed_segment;not_FixedPrice
116246,Paneliankosken Voima Oy,12,2026-06-11,not_exact_fixed_segment;not_FixedPrice;not_General
116249,Porvoon Energia Oy,24,2026-06-11,not_General
116250,Omavoima Oy,24,2026-06-11,not_General
116253,Pohjois-Karjalan Sähkö Oy,12,2026-06-11,not_General
116256,Omavoima Oy,12,2026-06-11,not_General
116263,Pohjois-Karjalan Sähkö Oy,24,2026-06-12,not_General
116264,Hehku Energia Oy,24,2026-06-12,not_exact_fixed_segment;not_FixedPrice
116265,Äänekosken Energia Oy,6,2026-06-12,not_General
116267,Äänekosken Energia Oy,24,2026-06-12,not_General
116270,Pohjois-Karjalan Sähkö Oy,12,2026-06-12,not_General
116278,Nurmijärven Sähkö Oy,12,2026-06-12,not_General
116280,Lammaisten Energia Oy,24,2026-06-12,not_General
116286,Imatran Seudun Sähkö Oy,12,2026-06-12,not_exact_fixed_segment;not_FixedPrice
116287,Paneliankosken Voima Oy,24,2026-06-12,not_General
116290,Alajärven Sähkö Oy,24,2026-06-12,not_General
116291,Nurmijärven Sähkö Oy,24,2026-06-12,not_General
116299,Paneliankosken Voima Oy,12,2026-06-12,not_exact_fixed_segment;not_FixedPrice
116300,Nurmijärven Sähkö Oy,24,2026-06-12,not_General
116301,Fortum Markets Oy,24,2026-06-12,not_exact_fixed_segment;not_FixedPrice
116307,Imatran Seudun Sähkö Oy,6,2026-06-12,not_exact_fixed_segment;not_FixedPrice
116308,Oomi Oy,24,2026-06-12,not_exact_fixed_segment;not_FixedPrice
116311,Nordic Green Energy,12,2026-06-12,not_exact_fixed_segment;not_FixedPrice
116313,Keravan Energia Oy,24,2026-06-12,not_exact_fixed_segment;not_FixedPrice
116314,Vaasan Sähkö Myynti Oy,12,2026-06-12,not_General
116315,Lammaisten Energia Oy,24,2026-06-12,not_General
116316,Pohjois-Karjalan Sähkö Oy,6,2026-06-12,not_General
116332,Paneliankosken Voima Oy,24,2026-06-12,not_exact_fixed_segment;not_FixedPrice
116342,Fortum Markets Oy,12,2026-06-12,not_exact_fixed_segment;not_FixedPrice
116352,Alajärven Sähkö Oy,12,2026-06-12,not_General
116353,Porvoon Energia Oy,24,2026-06-12,not_General
116367,Äänekosken Energia Oy,24,2026-06-12,not_General
116368,Porvoon Energia Oy,24,2026-06-12,not_General
116373,Paneliankosken Voima Oy,24,2026-06-12,not_exact_fixed_segment;not_FixedPrice;not_General
116375,Lammaisten Energia Oy,24,2026-06-12,not_exact_fixed_segment;not_FixedPrice
116392,Köyliön-Säkylän Sähkö Oy,24,2026-06-12,not_General
116394,Koillis-Satakunnan Sähkö Oy,12,2026-06-12,not_General
116396,Keravan Energia Oy,12,2026-06-12,not_exact_fixed_segment;not_FixedPrice
116397,Omavoima Oy,24,2026-06-12,not_exact_fixed_segment;not_FixedPrice
116399,Koillis-Satakunnan Sähkö Oy,24,2026-06-12,not_General
116400,Omavoima Oy,24,2026-06-12,not_General
116401,Kokkolan Energia Oy,24,2026-06-12,not_exact_fixed_segment;not_FixedPrice
116404,Koillis-Satakunnan Sähkö Oy,24,2026-06-12,not_exact_fixed_segment;not_FixedPrice
116405,Kokkolan Energia Oy,12,2026-06-12,not_exact_fixed_segment;not_FixedPrice
116406,Köyliön-Säkylän Sähkö Oy,24,2026-06-12,not_General
116409,Turku Energia Oy,12,2026-06-12,not_exact_fixed_segment;not_FixedPrice
116412,Pohjois-Karjalan Sähkö Oy,6,2026-06-12,not_General
116416,Oomi Oy,6,2026-06-12,not_exact_fixed_segment;not_FixedPrice
116420,Koillis-Satakunnan Sähkö Oy,12,2026-06-12,not_exact_fixed_segment;not_FixedPrice
116425,Äänekosken Energia Oy,6,2026-06-12,not_General
116427,Korpelan Energia Oy,12,2026-06-12,not_exact_fixed_segment;not_FixedPrice
116429,Koillis-Satakunnan Sähkö Oy,12,2026-06-12,not_General
116430,Vaasan Sähkö Myynti Oy,6,2026-06-12,not_General
116434,Lumme Energia,12,2026-06-12,not_exact_fixed_segment;not_FixedPrice
116446,Koillis-Satakunnan Sähkö Oy,12,2026-06-12,not_General
116449,Nordic Green Energy,24,2026-06-12,not_exact_fixed_segment;not_FixedPrice
116450,Porvoon Energia Oy,12,2026-06-12,not_General
116452,Hehku Energia Oy,12,2026-06-12,not_exact_fixed_segment;not_FixedPrice
116453,Keravan Energia Oy,12,2026-06-12,not_exact_fixed_segment;not_FixedPrice
116464,Lammaisten Energia Oy,12,2026-06-12,not_exact_fixed_segment;not_FixedPrice;not_General
116465,Lammaisten Energia Oy,12,2026-06-12,not_General
116467,Vaasan Sähkö Myynti Oy,6,2026-06-12,not_exact_fixed_segment;not_FixedPrice
116471,Pohjois-Karjalan Sähkö Oy,24,2026-06-12,not_General
116472,Korpelan Energia Oy,24,2026-06-12,not_exact_fixed_segment;not_FixedPrice
116476,Keravan Energia Oy,24,2026-06-12,not_exact_fixed_segment;not_FixedPrice
116478,Imatran Seudun Sähkö Oy,24,2026-06-12,not_exact_fixed_segment;not_FixedPrice
116481,Lammaisten Energia Oy,12,2026-06-12,not_General
116487,Köyliön-Säkylän Sähkö Oy,12,2026-06-12,not_General
116488,Vaasan Sähkö Myynti Oy,24,2026-06-12,not_General
116490,Nurmijärven Sähkö Oy,24,2026-06-12,not_General
116495,Lammaisten Energia Oy,12,2026-06-12,not_exact_fixed_segment;not_FixedPrice
116497,Nordic Green Energy,12,2026-06-12,not_exact_fixed_segment;not_FixedPrice
116503,Oomi Oy,12,2026-06-12,not_exact_fixed_segment;not_FixedPrice
116504,Köyliön-Säkylän Sähkö Oy,12,2026-06-12,not_General
116511,Koillis-Satakunnan Sähkö Oy,24,2026-06-12,not_General
116515,Vaasan Sähkö Myynti Oy,24,2026-06-12,not_exact_fixed_segment;not_FixedPrice
116517,Helen Oy,12,2026-06-12,not_exact_fixed_segment;not_FixedPrice
116520,Lammaisten Energia Oy,24,2026-06-12,not_exact_fixed_segment;not_FixedPrice;not_General
116522,Äänekosken Energia Oy,12,2026-06-12,not_General
116525,Lammaisten Energia Oy,24,2026-06-12,not_exact_fixed_segment;not_FixedPrice;not_General
116526,Äänekosken Energia Oy,12,2026-06-12,not_General
116527,Nurmijärven Sähkö Oy,12,2026-06-12,not_General
116533,Nordic Green Energy,24,2026-06-12,not_exact_fixed_segment;not_FixedPrice
116544,Omavoima Oy,12,2026-06-12,not_General
116547,Helen Oy,24,2026-06-12,not_exact_fixed_segment;not_FixedPrice
116548,Keravan Energia Oy,12,2026-06-12,not_exact_fixed_segment;not_FixedPrice
116549,Vaasan Sähkö Myynti Oy,12,2026-06-12,not_exact_fixed_segment;not_FixedPrice
116552,Lammaisten Energia Oy,12,2026-06-12,not_exact_fixed_segment;not_FixedPrice;not_General
116553,Porvoon Energia Oy,12,2026-06-12,not_General
116554,Paneliankosken Voima Oy,12,2026-06-12,not_General
116558,Lumme Energia,24,2026-06-12,not_exact_fixed_segment;not_FixedPrice
116569,Paneliankosken Voima Oy,12,2026-06-12,not_exact_fixed_segment;not_FixedPrice;not_General
116572,Porvoon Energia Oy,24,2026-06-12,not_General
116573,Omavoima Oy,24,2026-06-12,not_General
116576,Pohjois-Karjalan Sähkö Oy,12,2026-06-12,not_General
116579,Omavoima Oy,12,2026-06-12,not_General
116586,Pohjois-Karjalan Sähkö Oy,24,2026-06-13,not_General
116587,Hehku Energia Oy,24,2026-06-13,not_exact_fixed_segment;not_FixedPrice
116588,Äänekosken Energia Oy,6,2026-06-13,not_General
116590,Äänekosken Energia Oy,24,2026-06-13,not_General
116593,Pohjois-Karjalan Sähkö Oy,12,2026-06-13,not_General
116601,Nurmijärven Sähkö Oy,12,2026-06-13,not_General
116604,Lammaisten Energia Oy,24,2026-06-13,not_General
116610,Imatran Seudun Sähkö Oy,12,2026-06-13,not_exact_fixed_segment;not_FixedPrice
116611,Paneliankosken Voima Oy,24,2026-06-13,not_General
116614,Alajärven Sähkö Oy,24,2026-06-13,not_General
116615,Nurmijärven Sähkö Oy,24,2026-06-13,not_General
116624,Paneliankosken Voima Oy,12,2026-06-13,not_exact_fixed_segment;not_FixedPrice
116625,Fortum Markets Oy,24,2026-06-13,not_exact_fixed_segment;not_FixedPrice
116631,Imatran Seudun Sähkö Oy,6,2026-06-13,not_exact_fixed_segment;not_FixedPrice
116632,Oomi Oy,24,2026-06-13,not_exact_fixed_segment;not_FixedPrice
116635,Nordic Green Energy,12,2026-06-13,not_exact_fixed_segment;not_FixedPrice
116637,Keravan Energia Oy,24,2026-06-13,not_exact_fixed_segment;not_FixedPrice
116638,Vaasan Sähkö Myynti Oy,12,2026-06-13,not_General
116639,Lammaisten Energia Oy,24,2026-06-13,not_General
116640,Pohjois-Karjalan Sähkö Oy,6,2026-06-13,not_General
116652,Lumme Energia,12,2026-06-13,not_exact_fixed_segment;not_FixedPrice
116658,Paneliankosken Voima Oy,24,2026-06-13,not_exact_fixed_segment;not_FixedPrice
116669,Fortum Markets Oy,12,2026-06-13,not_exact_fixed_segment;not_FixedPrice
116677,Alajärven Sähkö Oy,12,2026-06-13,not_General
116678,Porvoon Energia Oy,24,2026-06-13,not_General
116691,Äänekosken Energia Oy,24,2026-06-13,not_General
116692,Porvoon Energia Oy,24,2026-06-13,not_General
116697,Paneliankosken Voima Oy,24,2026-06-13,not_exact_fixed_segment;not_FixedPrice;not_General
116699,Lammaisten Energia Oy,24,2026-06-13,not_exact_fixed_segment;not_FixedPrice
116714,Köyliön-Säkylän Sähkö Oy,24,2026-06-13,not_General
116716,Koillis-Satakunnan Sähkö Oy,12,2026-06-13,not_General
116718,Keravan Energia Oy,12,2026-06-13,not_exact_fixed_segment;not_FixedPrice
116719,Omavoima Oy,24,2026-06-13,not_exact_fixed_segment;not_FixedPrice
116721,Koillis-Satakunnan Sähkö Oy,24,2026-06-13,not_General
116722,Omavoima Oy,24,2026-06-13,not_General
116723,Kokkolan Energia Oy,24,2026-06-13,not_exact_fixed_segment;not_FixedPrice
116726,Koillis-Satakunnan Sähkö Oy,24,2026-06-13,not_exact_fixed_segment;not_FixedPrice
116727,Kokkolan Energia Oy,12,2026-06-13,not_exact_fixed_segment;not_FixedPrice
116728,Köyliön-Säkylän Sähkö Oy,24,2026-06-13,not_General
116731,Turku Energia Oy,12,2026-06-13,not_exact_fixed_segment;not_FixedPrice
116734,Pohjois-Karjalan Sähkö Oy,6,2026-06-13,not_General
116738,Oomi Oy,6,2026-06-13,not_exact_fixed_segment;not_FixedPrice
116742,Koillis-Satakunnan Sähkö Oy,12,2026-06-13,not_exact_fixed_segment;not_FixedPrice
116747,Äänekosken Energia Oy,6,2026-06-13,not_General
116749,Korpelan Energia Oy,12,2026-06-13,not_exact_fixed_segment;not_FixedPrice
116751,Koillis-Satakunnan Sähkö Oy,12,2026-06-13,not_General
116752,Vaasan Sähkö Myynti Oy,6,2026-06-13,not_General
116767,Koillis-Satakunnan Sähkö Oy,12,2026-06-13,not_General
116769,Nordic Green Energy,24,2026-06-13,not_exact_fixed_segment;not_FixedPrice
116770,Porvoon Energia Oy,12,2026-06-13,not_General
116772,Hehku Energia Oy,12,2026-06-13,not_exact_fixed_segment;not_FixedPrice
116773,Keravan Energia Oy,12,2026-06-13,not_exact_fixed_segment;not_FixedPrice
116784,Lammaisten Energia Oy,12,2026-06-13,not_exact_fixed_segment;not_FixedPrice;not_General
116785,Lammaisten Energia Oy,12,2026-06-13,not_General
116787,Vaasan Sähkö Myynti Oy,6,2026-06-13,not_exact_fixed_segment;not_FixedPrice
116791,Pohjois-Karjalan Sähkö Oy,24,2026-06-13,not_General
116792,Korpelan Energia Oy,24,2026-06-13,not_exact_fixed_segment;not_FixedPrice
116796,Keravan Energia Oy,24,2026-06-13,not_exact_fixed_segment;not_FixedPrice
116798,Imatran Seudun Sähkö Oy,24,2026-06-13,not_exact_fixed_segment;not_FixedPrice
116801,Lammaisten Energia Oy,12,2026-06-13,not_General
116807,Köyliön-Säkylän Sähkö Oy,12,2026-06-13,not_General
116808,Vaasan Sähkö Myynti Oy,24,2026-06-13,not_General
116810,Nurmijärven Sähkö Oy,24,2026-06-13,not_General
116815,Lammaisten Energia Oy,12,2026-06-13,not_exact_fixed_segment;not_FixedPrice
116817,Nordic Green Energy,12,2026-06-13,not_exact_fixed_segment;not_FixedPrice
116823,Oomi Oy,12,2026-06-13,not_exact_fixed_segment;not_FixedPrice
116824,Köyliön-Säkylän Sähkö Oy,12,2026-06-13,not_General
116831,Koillis-Satakunnan Sähkö Oy,24,2026-06-13,not_General
116835,Vaasan Sähkö Myynti Oy,24,2026-06-13,not_exact_fixed_segment;not_FixedPrice
116837,Helen Oy,12,2026-06-13,not_exact_fixed_segment;not_FixedPrice
116840,Lammaisten Energia Oy,24,2026-06-13,not_exact_fixed_segment;not_FixedPrice;not_General
116842,Äänekosken Energia Oy,12,2026-06-13,not_General
116845,Lammaisten Energia Oy,24,2026-06-13,not_exact_fixed_segment;not_FixedPrice;not_General
116846,Äänekosken Energia Oy,12,2026-06-13,not_General
116847,Nurmijärven Sähkö Oy,12,2026-06-13,not_General
116853,Nordic Green Energy,24,2026-06-13,not_exact_fixed_segment;not_FixedPrice
116864,Omavoima Oy,12,2026-06-13,not_General
116867,Helen Oy,24,2026-06-13,not_exact_fixed_segment;not_FixedPrice
116868,Keravan Energia Oy,12,2026-06-13,not_exact_fixed_segment;not_FixedPrice
116869,Vaasan Sähkö Myynti Oy,12,2026-06-13,not_exact_fixed_segment;not_FixedPrice
116870,Lumme Energia,24,2026-06-13,not_exact_fixed_segment;not_FixedPrice
116873,Lammaisten Energia Oy,12,2026-06-13,not_exact_fixed_segment;not_FixedPrice;not_General
116874,Porvoon Energia Oy,12,2026-06-13,not_General
116875,Paneliankosken Voima Oy,12,2026-06-13,not_General
116889,Paneliankosken Voima Oy,12,2026-06-13,not_exact_fixed_segment;not_FixedPrice;not_General
116892,Porvoon Energia Oy,24,2026-06-13,not_General
116893,Omavoima Oy,24,2026-06-13,not_General
116896,Pohjois-Karjalan Sähkö Oy,12,2026-06-13,not_General
116899,Omavoima Oy,12,2026-06-13,not_General
116906,Pohjois-Karjalan Sähkö Oy,24,2026-06-14,not_General
116907,Hehku Energia Oy,24,2026-06-14,not_exact_fixed_segment;not_FixedPrice
116908,Äänekosken Energia Oy,6,2026-06-14,not_General
116910,Äänekosken Energia Oy,24,2026-06-14,not_General
116913,Pohjois-Karjalan Sähkö Oy,12,2026-06-14,not_General
116921,Nurmijärven Sähkö Oy,12,2026-06-14,not_General
116924,Lammaisten Energia Oy,24,2026-06-14,not_General
116930,Imatran Seudun Sähkö Oy,12,2026-06-14,not_exact_fixed_segment;not_FixedPrice
116931,Paneliankosken Voima Oy,24,2026-06-14,not_General
116934,Alajärven Sähkö Oy,24,2026-06-14,not_General
116935,Nurmijärven Sähkö Oy,24,2026-06-14,not_General
116944,Paneliankosken Voima Oy,12,2026-06-14,not_exact_fixed_segment;not_FixedPrice
116945,Fortum Markets Oy,24,2026-06-14,not_exact_fixed_segment;not_FixedPrice
116951,Imatran Seudun Sähkö Oy,6,2026-06-14,not_exact_fixed_segment;not_FixedPrice
116952,Oomi Oy,24,2026-06-14,not_exact_fixed_segment;not_FixedPrice
116955,Nordic Green Energy,12,2026-06-14,not_exact_fixed_segment;not_FixedPrice
116957,Keravan Energia Oy,24,2026-06-14,not_exact_fixed_segment;not_FixedPrice
116958,Vaasan Sähkö Myynti Oy,12,2026-06-14,not_General
116959,Lammaisten Energia Oy,24,2026-06-14,not_General
116960,Pohjois-Karjalan Sähkö Oy,6,2026-06-14,not_General
116972,Lumme Energia,12,2026-06-14,not_exact_fixed_segment;not_FixedPrice
116978,Paneliankosken Voima Oy,24,2026-06-14,not_exact_fixed_segment;not_FixedPrice
116989,Fortum Markets Oy,12,2026-06-14,not_exact_fixed_segment;not_FixedPrice
116997,Alajärven Sähkö Oy,12,2026-06-14,not_General
116998,Porvoon Energia Oy,24,2026-06-14,not_General
117011,Äänekosken Energia Oy,24,2026-06-14,not_General
117012,Porvoon Energia Oy,24,2026-06-14,not_General
117017,Paneliankosken Voima Oy,24,2026-06-14,not_exact_fixed_segment;not_FixedPrice;not_General
117019,Lammaisten Energia Oy,24,2026-06-14,not_exact_fixed_segment;not_FixedPrice
117034,Köyliön-Säkylän Sähkö Oy,24,2026-06-14,not_General
117036,Koillis-Satakunnan Sähkö Oy,12,2026-06-14,not_General
117038,Keravan Energia Oy,12,2026-06-14,not_exact_fixed_segment;not_FixedPrice
117039,Omavoima Oy,24,2026-06-14,not_exact_fixed_segment;not_FixedPrice
117041,Koillis-Satakunnan Sähkö Oy,24,2026-06-14,not_General
117042,Omavoima Oy,24,2026-06-14,not_General
117043,Kokkolan Energia Oy,24,2026-06-14,not_exact_fixed_segment;not_FixedPrice
117046,Koillis-Satakunnan Sähkö Oy,24,2026-06-14,not_exact_fixed_segment;not_FixedPrice
117047,Kokkolan Energia Oy,12,2026-06-14,not_exact_fixed_segment;not_FixedPrice
117048,Köyliön-Säkylän Sähkö Oy,24,2026-06-14,not_General
117051,Turku Energia Oy,12,2026-06-14,not_exact_fixed_segment;not_FixedPrice
117054,Pohjois-Karjalan Sähkö Oy,6,2026-06-14,not_General
117058,Oomi Oy,6,2026-06-14,not_exact_fixed_segment;not_FixedPrice
117062,Koillis-Satakunnan Sähkö Oy,12,2026-06-14,not_exact_fixed_segment;not_FixedPrice
117067,Äänekosken Energia Oy,6,2026-06-14,not_General
117069,Korpelan Energia Oy,12,2026-06-14,not_exact_fixed_segment;not_FixedPrice
117071,Koillis-Satakunnan Sähkö Oy,12,2026-06-14,not_General
117072,Vaasan Sähkö Myynti Oy,6,2026-06-14,not_General
117087,Koillis-Satakunnan Sähkö Oy,12,2026-06-14,not_General
117089,Nordic Green Energy,24,2026-06-14,not_exact_fixed_segment;not_FixedPrice
117090,Porvoon Energia Oy,12,2026-06-14,not_General
117092,Hehku Energia Oy,12,2026-06-14,not_exact_fixed_segment;not_FixedPrice
117093,Keravan Energia Oy,12,2026-06-14,not_exact_fixed_segment;not_FixedPrice
117104,Lammaisten Energia Oy,12,2026-06-14,not_exact_fixed_segment;not_FixedPrice;not_General
117105,Lammaisten Energia Oy,12,2026-06-14,not_General
117107,Vaasan Sähkö Myynti Oy,6,2026-06-14,not_exact_fixed_segment;not_FixedPrice
117111,Pohjois-Karjalan Sähkö Oy,24,2026-06-14,not_General
117112,Korpelan Energia Oy,24,2026-06-14,not_exact_fixed_segment;not_FixedPrice
117116,Keravan Energia Oy,24,2026-06-14,not_exact_fixed_segment;not_FixedPrice
117118,Imatran Seudun Sähkö Oy,24,2026-06-14,not_exact_fixed_segment;not_FixedPrice
117121,Lammaisten Energia Oy,12,2026-06-14,not_General
117127,Köyliön-Säkylän Sähkö Oy,12,2026-06-14,not_General
117128,Vaasan Sähkö Myynti Oy,24,2026-06-14,not_General
117130,Nurmijärven Sähkö Oy,24,2026-06-14,not_General
117135,Lammaisten Energia Oy,12,2026-06-14,not_exact_fixed_segment;not_FixedPrice
117137,Nordic Green Energy,12,2026-06-14,not_exact_fixed_segment;not_FixedPrice
117143,Oomi Oy,12,2026-06-14,not_exact_fixed_segment;not_FixedPrice
117144,Köyliön-Säkylän Sähkö Oy,12,2026-06-14,not_General
117151,Koillis-Satakunnan Sähkö Oy,24,2026-06-14,not_General
117155,Vaasan Sähkö Myynti Oy,24,2026-06-14,not_exact_fixed_segment;not_FixedPrice
117157,Helen Oy,12,2026-06-14,not_exact_fixed_segment;not_FixedPrice
117160,Lammaisten Energia Oy,24,2026-06-14,not_exact_fixed_segment;not_FixedPrice;not_General
117162,Äänekosken Energia Oy,12,2026-06-14,not_General
117165,Lammaisten Energia Oy,24,2026-06-14,not_exact_fixed_segment;not_FixedPrice;not_General
117166,Äänekosken Energia Oy,12,2026-06-14,not_General
117167,Nurmijärven Sähkö Oy,12,2026-06-14,not_General
117173,Nordic Green Energy,24,2026-06-14,not_exact_fixed_segment;not_FixedPrice
117184,Omavoima Oy,12,2026-06-14,not_General
117187,Helen Oy,24,2026-06-14,not_exact_fixed_segment;not_FixedPrice
117188,Keravan Energia Oy,12,2026-06-14,not_exact_fixed_segment;not_FixedPrice
117189,Vaasan Sähkö Myynti Oy,12,2026-06-14,not_exact_fixed_segment;not_FixedPrice
117190,Lumme Energia,24,2026-06-14,not_exact_fixed_segment;not_FixedPrice
117193,Lammaisten Energia Oy,12,2026-06-14,not_exact_fixed_segment;not_FixedPrice;not_General
117194,Porvoon Energia Oy,12,2026-06-14,not_General
117195,Paneliankosken Voima Oy,12,2026-06-14,not_General
117209,Paneliankosken Voima Oy,12,2026-06-14,not_exact_fixed_segment;not_FixedPrice;not_General
117212,Porvoon Energia Oy,24,2026-06-14,not_General
117213,Omavoima Oy,24,2026-06-14,not_General
117216,Pohjois-Karjalan Sähkö Oy,12,2026-06-14,not_General
117219,Omavoima Oy,12,2026-06-14,not_General
117226,Pohjois-Karjalan Sähkö Oy,24,2026-06-15,not_General
117227,Hehku Energia Oy,24,2026-06-15,not_exact_fixed_segment;not_FixedPrice
117228,Oomi Oy,6,2026-06-15,not_exact_fixed_segment;not_FixedPrice
117229,Äänekosken Energia Oy,6,2026-06-15,not_General
117231,Äänekosken Energia Oy,24,2026-06-15,not_General
117235,Pohjois-Karjalan Sähkö Oy,12,2026-06-15,not_General
117239,Oomi Oy,24,2026-06-15,not_exact_fixed_segment;not_FixedPrice
117244,Nurmijärven Sähkö Oy,12,2026-06-15,not_General
117247,Lammaisten Energia Oy,24,2026-06-15,not_General
117253,Imatran Seudun Sähkö Oy,12,2026-06-15,not_exact_fixed_segment;not_FixedPrice
117254,Paneliankosken Voima Oy,24,2026-06-15,not_General
117257,Alajärven Sähkö Oy,24,2026-06-15,not_General
117258,Nurmijärven Sähkö Oy,24,2026-06-15,not_General
117267,Paneliankosken Voima Oy,12,2026-06-15,not_exact_fixed_segment;not_FixedPrice
117273,Imatran Seudun Sähkö Oy,6,2026-06-15,not_exact_fixed_segment;not_FixedPrice
117275,Nordic Green Energy,12,2026-06-15,not_exact_fixed_segment;not_FixedPrice
117277,Keravan Energia Oy,24,2026-06-15,not_exact_fixed_segment;not_FixedPrice
117278,Vaasan Sähkö Myynti Oy,12,2026-06-15,not_General
117279,Lammaisten Energia Oy,24,2026-06-15,not_General
117280,Pohjois-Karjalan Sähkö Oy,6,2026-06-15,not_General
117291,Lumme Energia,12,2026-06-15,not_exact_fixed_segment;not_FixedPrice
117297,Paneliankosken Voima Oy,24,2026-06-15,not_exact_fixed_segment;not_FixedPrice
117315,Alajärven Sähkö Oy,12,2026-06-15,not_General
117316,Porvoon Energia Oy,24,2026-06-15,not_General
117330,Äänekosken Energia Oy,24,2026-06-15,not_General
117331,Porvoon Energia Oy,24,2026-06-15,not_General
117336,Paneliankosken Voima Oy,24,2026-06-15,not_exact_fixed_segment;not_FixedPrice;not_General
117337,Lammaisten Energia Oy,24,2026-06-15,not_exact_fixed_segment;not_FixedPrice
117349,Fortum Markets Oy,12,2026-06-15,not_exact_fixed_segment;not_FixedPrice
117354,Köyliön-Säkylän Sähkö Oy,24,2026-06-15,not_General
117356,Koillis-Satakunnan Sähkö Oy,12,2026-06-15,not_General
117358,Keravan Energia Oy,12,2026-06-15,not_exact_fixed_segment;not_FixedPrice
117359,Omavoima Oy,24,2026-06-15,not_exact_fixed_segment;not_FixedPrice
117361,Koillis-Satakunnan Sähkö Oy,24,2026-06-15,not_General
117362,Omavoima Oy,24,2026-06-15,not_General
117363,Kokkolan Energia Oy,24,2026-06-15,not_exact_fixed_segment;not_FixedPrice
117366,Koillis-Satakunnan Sähkö Oy,24,2026-06-15,not_exact_fixed_segment;not_FixedPrice
117367,Kokkolan Energia Oy,12,2026-06-15,not_exact_fixed_segment;not_FixedPrice
117368,Köyliön-Säkylän Sähkö Oy,24,2026-06-15,not_General
117371,Turku Energia Oy,12,2026-06-15,not_exact_fixed_segment;not_FixedPrice
117374,Pohjois-Karjalan Sähkö Oy,6,2026-06-15,not_General
117381,Koillis-Satakunnan Sähkö Oy,12,2026-06-15,not_exact_fixed_segment;not_FixedPrice
117386,Äänekosken Energia Oy,6,2026-06-15,not_General
117387,Fortum Markets Oy,24,2026-06-15,not_exact_fixed_segment;not_FixedPrice
117389,Korpelan Energia Oy,12,2026-06-15,not_exact_fixed_segment;not_FixedPrice
117391,Koillis-Satakunnan Sähkö Oy,12,2026-06-15,not_General
117392,Vaasan Sähkö Myynti Oy,6,2026-06-15,not_General
117408,Koillis-Satakunnan Sähkö Oy,12,2026-06-15,not_General
117410,Nordic Green Energy,24,2026-06-15,not_exact_fixed_segment;not_FixedPrice
117411,Porvoon Energia Oy,12,2026-06-15,not_General
117413,Hehku Energia Oy,12,2026-06-15,not_exact_fixed_segment;not_FixedPrice
117414,Keravan Energia Oy,12,2026-06-15,not_exact_fixed_segment;not_FixedPrice
117425,Lammaisten Energia Oy,12,2026-06-15,not_exact_fixed_segment;not_FixedPrice;not_General
117426,Lammaisten Energia Oy,12,2026-06-15,not_General
117428,Vaasan Sähkö Myynti Oy,6,2026-06-15,not_exact_fixed_segment;not_FixedPrice
117432,Pohjois-Karjalan Sähkö Oy,24,2026-06-15,not_General
117433,Korpelan Energia Oy,24,2026-06-15,not_exact_fixed_segment;not_FixedPrice
117437,Keravan Energia Oy,24,2026-06-15,not_exact_fixed_segment;not_FixedPrice
117439,Imatran Seudun Sähkö Oy,24,2026-06-15,not_exact_fixed_segment;not_FixedPrice
117441,Lammaisten Energia Oy,12,2026-06-15,not_General
117447,Köyliön-Säkylän Sähkö Oy,12,2026-06-15,not_General
117448,Vaasan Sähkö Myynti Oy,24,2026-06-15,not_General
117450,Nurmijärven Sähkö Oy,24,2026-06-15,not_General
117455,Lammaisten Energia Oy,12,2026-06-15,not_exact_fixed_segment;not_FixedPrice
117456,Nordic Green Energy,12,2026-06-15,not_exact_fixed_segment;not_FixedPrice
117463,Oomi Oy,12,2026-06-15,not_exact_fixed_segment;not_FixedPrice
117464,Köyliön-Säkylän Sähkö Oy,12,2026-06-15,not_General
117471,Koillis-Satakunnan Sähkö Oy,24,2026-06-15,not_General
117475,Vaasan Sähkö Myynti Oy,24,2026-06-15,not_exact_fixed_segment;not_FixedPrice
117477,Helen Oy,12,2026-06-15,not_exact_fixed_segment;not_FixedPrice
117480,Lammaisten Energia Oy,24,2026-06-15,not_exact_fixed_segment;not_FixedPrice;not_General
117482,Äänekosken Energia Oy,12,2026-06-15,not_General
117485,Lammaisten Energia Oy,24,2026-06-15,not_exact_fixed_segment;not_FixedPrice;not_General
117486,Äänekosken Energia Oy,12,2026-06-15,not_General
117487,Nurmijärven Sähkö Oy,12,2026-06-15,not_General
117493,Nordic Green Energy,24,2026-06-15,not_exact_fixed_segment;not_FixedPrice
117504,Omavoima Oy,12,2026-06-15,not_General
117507,Helen Oy,24,2026-06-15,not_exact_fixed_segment;not_FixedPrice
117508,Keravan Energia Oy,12,2026-06-15,not_exact_fixed_segment;not_FixedPrice
117509,Vaasan Sähkö Myynti Oy,12,2026-06-15,not_exact_fixed_segment;not_FixedPrice
117510,Lumme Energia,24,2026-06-15,not_exact_fixed_segment;not_FixedPrice
117513,Lammaisten Energia Oy,12,2026-06-15,not_exact_fixed_segment;not_FixedPrice;not_General
117514,Porvoon Energia Oy,12,2026-06-15,not_General
117515,Paneliankosken Voima Oy,12,2026-06-15,not_General
117529,Paneliankosken Voima Oy,12,2026-06-15,not_exact_fixed_segment;not_FixedPrice;not_General
117532,Porvoon Energia Oy,24,2026-06-15,not_General
117533,Omavoima Oy,24,2026-06-15,not_General
117536,Pohjois-Karjalan Sähkö Oy,12,2026-06-15,not_General
117539,Omavoima Oy,12,2026-06-15,not_General
117546,Pohjois-Karjalan Sähkö Oy,24,2026-06-16,not_General
117547,Hehku Energia Oy,24,2026-06-16,not_exact_fixed_segment;not_FixedPrice
117548,Oomi Oy,6,2026-06-16,not_exact_fixed_segment;not_FixedPrice
117550,Äänekosken Energia Oy,6,2026-06-16,not_General
117552,Äänekosken Energia Oy,24,2026-06-16,not_General
117556,Pohjois-Karjalan Sähkö Oy,12,2026-06-16,not_General
117560,Oomi Oy,24,2026-06-16,not_exact_fixed_segment;not_FixedPrice
117565,Nurmijärven Sähkö Oy,12,2026-06-16,not_General
117567,Lammaisten Energia Oy,24,2026-06-16,not_General
117573,Imatran Seudun Sähkö Oy,12,2026-06-16,not_exact_fixed_segment;not_FixedPrice
117574,Paneliankosken Voima Oy,24,2026-06-16,not_General
117577,Alajärven Sähkö Oy,24,2026-06-16,not_General
117578,Nurmijärven Sähkö Oy,24,2026-06-16,not_General
117587,Paneliankosken Voima Oy,12,2026-06-16,not_exact_fixed_segment;not_FixedPrice
117593,Imatran Seudun Sähkö Oy,6,2026-06-16,not_exact_fixed_segment;not_FixedPrice
117595,Nordic Green Energy,12,2026-06-16,not_exact_fixed_segment;not_FixedPrice
117597,Keravan Energia Oy,24,2026-06-16,not_exact_fixed_segment;not_FixedPrice
117598,Vaasan Sähkö Myynti Oy,12,2026-06-16,not_General
117599,Lammaisten Energia Oy,24,2026-06-16,not_General
117600,Pohjois-Karjalan Sähkö Oy,6,2026-06-16,not_General
117610,Lumme Energia,12,2026-06-16,not_exact_fixed_segment;not_FixedPrice
117616,Paneliankosken Voima Oy,24,2026-06-16,not_exact_fixed_segment;not_FixedPrice
117632,Alajärven Sähkö Oy,12,2026-06-16,not_General
117633,Porvoon Energia Oy,24,2026-06-16,not_General
117646,Äänekosken Energia Oy,24,2026-06-16,not_General
117647,Porvoon Energia Oy,24,2026-06-16,not_General
117652,Paneliankosken Voima Oy,24,2026-06-16,not_exact_fixed_segment;not_FixedPrice;not_General
117653,Lammaisten Energia Oy,24,2026-06-16,not_exact_fixed_segment;not_FixedPrice
117665,Fortum Markets Oy,12,2026-06-16,not_exact_fixed_segment;not_FixedPrice
117669,Köyliön-Säkylän Sähkö Oy,24,2026-06-16,not_General
117671,Koillis-Satakunnan Sähkö Oy,12,2026-06-16,not_General
117673,Keravan Energia Oy,12,2026-06-16,not_exact_fixed_segment;not_FixedPrice
117674,Omavoima Oy,24,2026-06-16,not_exact_fixed_segment;not_FixedPrice
117676,Koillis-Satakunnan Sähkö Oy,24,2026-06-16,not_General
117677,Omavoima Oy,24,2026-06-16,not_General
117678,Kokkolan Energia Oy,24,2026-06-16,not_exact_fixed_segment;not_FixedPrice
117681,Koillis-Satakunnan Sähkö Oy,24,2026-06-16,not_exact_fixed_segment;not_FixedPrice
117682,Kokkolan Energia Oy,12,2026-06-16,not_exact_fixed_segment;not_FixedPrice
117683,Köyliön-Säkylän Sähkö Oy,24,2026-06-16,not_General
117686,Turku Energia Oy,12,2026-06-16,not_exact_fixed_segment;not_FixedPrice
117689,Pohjois-Karjalan Sähkö Oy,6,2026-06-16,not_General
117696,Koillis-Satakunnan Sähkö Oy,12,2026-06-16,not_exact_fixed_segment;not_FixedPrice
117702,Äänekosken Energia Oy,6,2026-06-16,not_General
117703,Fortum Markets Oy,24,2026-06-16,not_exact_fixed_segment;not_FixedPrice
117705,Korpelan Energia Oy,12,2026-06-16,not_exact_fixed_segment;not_FixedPrice
117707,Koillis-Satakunnan Sähkö Oy,12,2026-06-16,not_General
117708,Vaasan Sähkö Myynti Oy,6,2026-06-16,not_General
117724,Koillis-Satakunnan Sähkö Oy,12,2026-06-16,not_General
117726,Nordic Green Energy,24,2026-06-16,not_exact_fixed_segment;not_FixedPrice
117727,Lumme Energia,24,2026-06-16,not_exact_fixed_segment;not_FixedPrice
117728,Porvoon Energia Oy,12,2026-06-16,not_General
117730,Hehku Energia Oy,12,2026-06-16,not_exact_fixed_segment;not_FixedPrice
117731,Keravan Energia Oy,12,2026-06-16,not_exact_fixed_segment;not_FixedPrice
117742,Lammaisten Energia Oy,12,2026-06-16,not_exact_fixed_segment;not_FixedPrice;not_General
117743,Lammaisten Energia Oy,12,2026-06-16,not_General
117745,Vaasan Sähkö Myynti Oy,6,2026-06-16,not_exact_fixed_segment;not_FixedPrice
117749,Pohjois-Karjalan Sähkö Oy,24,2026-06-16,not_General
117750,Korpelan Energia Oy,24,2026-06-16,not_exact_fixed_segment;not_FixedPrice
117754,Keravan Energia Oy,24,2026-06-16,not_exact_fixed_segment;not_FixedPrice
117756,Imatran Seudun Sähkö Oy,24,2026-06-16,not_exact_fixed_segment;not_FixedPrice
117758,Lammaisten Energia Oy,12,2026-06-16,not_General
117765,Köyliön-Säkylän Sähkö Oy,12,2026-06-16,not_General
117766,Vaasan Sähkö Myynti Oy,24,2026-06-16,not_General
117768,Nurmijärven Sähkö Oy,24,2026-06-16,not_General
117773,Lammaisten Energia Oy,12,2026-06-16,not_exact_fixed_segment;not_FixedPrice
117774,Nordic Green Energy,12,2026-06-16,not_exact_fixed_segment;not_FixedPrice
117783,Oomi Oy,12,2026-06-16,not_exact_fixed_segment;not_FixedPrice
117784,Köyliön-Säkylän Sähkö Oy,12,2026-06-16,not_General
117791,Koillis-Satakunnan Sähkö Oy,24,2026-06-16,not_General
117795,Vaasan Sähkö Myynti Oy,24,2026-06-16,not_exact_fixed_segment;not_FixedPrice
117797,Helen Oy,12,2026-06-16,not_exact_fixed_segment;not_FixedPrice
117800,Lammaisten Energia Oy,24,2026-06-16,not_exact_fixed_segment;not_FixedPrice;not_General
117802,Äänekosken Energia Oy,12,2026-06-16,not_General
117805,Lammaisten Energia Oy,24,2026-06-16,not_exact_fixed_segment;not_FixedPrice;not_General
117806,Äänekosken Energia Oy,12,2026-06-16,not_General
117807,Nurmijärven Sähkö Oy,12,2026-06-16,not_General
117812,Nordic Green Energy,24,2026-06-16,not_exact_fixed_segment;not_FixedPrice
117823,Omavoima Oy,12,2026-06-16,not_General
117826,Helen Oy,24,2026-06-16,not_exact_fixed_segment;not_FixedPrice
117827,Keravan Energia Oy,12,2026-06-16,not_exact_fixed_segment;not_FixedPrice
117828,Vaasan Sähkö Myynti Oy,12,2026-06-16,not_exact_fixed_segment;not_FixedPrice
117831,Lammaisten Energia Oy,12,2026-06-16,not_exact_fixed_segment;not_FixedPrice;not_General
117832,Porvoon Energia Oy,12,2026-06-16,not_General
117833,Paneliankosken Voima Oy,12,2026-06-16,not_General
117846,Paneliankosken Voima Oy,12,2026-06-16,not_exact_fixed_segment;not_FixedPrice;not_General
117849,Porvoon Energia Oy,24,2026-06-16,not_General
117850,Omavoima Oy,24,2026-06-16,not_General
117853,Pohjois-Karjalan Sähkö Oy,12,2026-06-16,not_General
117856,Omavoima Oy,12,2026-06-16,not_General
117862,Pohjois-Karjalan Sähkö Oy,24,2026-06-17,not_General
117863,Hehku Energia Oy,24,2026-06-17,not_exact_fixed_segment;not_FixedPrice
117864,Oomi Oy,6,2026-06-17,not_exact_fixed_segment;not_FixedPrice
117868,Äänekosken Energia Oy,24,2026-06-17,not_General
117869,Äänekosken Energia Oy,6,2026-06-17,not_General
117873,Pohjois-Karjalan Sähkö Oy,12,2026-06-17,not_General
117876,Keravan Energia Oy,24,2026-06-17,not_exact_fixed_segment;not_FixedPrice
117878,Oomi Oy,24,2026-06-17,not_exact_fixed_segment;not_FixedPrice
117883,Nurmijärven Sähkö Oy,12,2026-06-17,not_General
117885,Lammaisten Energia Oy,24,2026-06-17,not_General
117891,Imatran Seudun Sähkö Oy,12,2026-06-17,not_exact_fixed_segment;not_FixedPrice
117892,Paneliankosken Voima Oy,24,2026-06-17,not_General
117895,Porvoon Energia Oy,12,2026-06-17,not_General
117896,Alajärven Sähkö Oy,24,2026-06-17,not_General
117897,Nurmijärven Sähkö Oy,24,2026-06-17,not_General
117905,Paneliankosken Voima Oy,12,2026-06-17,not_exact_fixed_segment;not_FixedPrice
117911,Imatran Seudun Sähkö Oy,6,2026-06-17,not_exact_fixed_segment;not_FixedPrice
117913,Nordic Green Energy,12,2026-06-17,not_exact_fixed_segment;not_FixedPrice
117917,Vaasan Sähkö Myynti Oy,12,2026-06-17,not_General
117918,Lammaisten Energia Oy,24,2026-06-17,not_General
117919,Pohjois-Karjalan Sähkö Oy,6,2026-06-17,not_General
117930,Lumme Energia,12,2026-06-17,not_exact_fixed_segment;not_FixedPrice
117936,Paneliankosken Voima Oy,24,2026-06-17,not_exact_fixed_segment;not_FixedPrice
117951,Alajärven Sähkö Oy,12,2026-06-17,not_General
117952,Porvoon Energia Oy,24,2026-06-17,not_General
117960,Äänekosken Energia Oy,6,2026-06-17,not_General
117966,Äänekosken Energia Oy,24,2026-06-17,not_General
117967,Porvoon Energia Oy,24,2026-06-17,not_General
117972,Paneliankosken Voima Oy,24,2026-06-17,not_exact_fixed_segment;not_FixedPrice;not_General
117973,Lammaisten Energia Oy,24,2026-06-17,not_exact_fixed_segment;not_FixedPrice
117980,Porvoon Energia Oy,12,2026-06-17,not_General
117986,Fortum Markets Oy,12,2026-06-17,not_exact_fixed_segment;not_FixedPrice
117990,Köyliön-Säkylän Sähkö Oy,24,2026-06-17,not_General
117992,Koillis-Satakunnan Sähkö Oy,12,2026-06-17,not_General
117994,Omavoima Oy,24,2026-06-17,not_exact_fixed_segment;not_FixedPrice
117996,Koillis-Satakunnan Sähkö Oy,24,2026-06-17,not_General
117997,Omavoima Oy,24,2026-06-17,not_General
117998,Kokkolan Energia Oy,24,2026-06-17,not_exact_fixed_segment;not_FixedPrice
118001,Koillis-Satakunnan Sähkö Oy,24,2026-06-17,not_exact_fixed_segment;not_FixedPrice
118002,Kokkolan Energia Oy,12,2026-06-17,not_exact_fixed_segment;not_FixedPrice
118003,Köyliön-Säkylän Sähkö Oy,24,2026-06-17,not_General
118006,Turku Energia Oy,12,2026-06-17,not_exact_fixed_segment;not_FixedPrice
118009,Pohjois-Karjalan Sähkö Oy,6,2026-06-17,not_General
118016,Koillis-Satakunnan Sähkö Oy,12,2026-06-17,not_exact_fixed_segment;not_FixedPrice
118022,Fortum Markets Oy,24,2026-06-17,not_exact_fixed_segment;not_FixedPrice
118024,Korpelan Energia Oy,12,2026-06-17,not_exact_fixed_segment;not_FixedPrice
118026,Koillis-Satakunnan Sähkö Oy,12,2026-06-17,not_General
118027,Vaasan Sähkö Myynti Oy,6,2026-06-17,not_General
118037,Keravan Energia Oy,12,2026-06-17,not_exact_fixed_segment;not_FixedPrice
118041,Koillis-Satakunnan Sähkö Oy,12,2026-06-17,not_General
118043,Nordic Green Energy,24,2026-06-17,not_exact_fixed_segment;not_FixedPrice
118044,Lumme Energia,24,2026-06-17,not_exact_fixed_segment;not_FixedPrice
118046,Hehku Energia Oy,12,2026-06-17,not_exact_fixed_segment;not_FixedPrice
118050,Keravan Energia Oy,24,2026-06-17,not_exact_fixed_segment;not_FixedPrice
118057,Lammaisten Energia Oy,12,2026-06-17,not_exact_fixed_segment;not_FixedPrice;not_General
118058,Lammaisten Energia Oy,12,2026-06-17,not_General
118060,Vaasan Sähkö Myynti Oy,6,2026-06-17,not_exact_fixed_segment;not_FixedPrice
118064,Pohjois-Karjalan Sähkö Oy,24,2026-06-17,not_General
118065,Korpelan Energia Oy,24,2026-06-17,not_exact_fixed_segment;not_FixedPrice
118070,Imatran Seudun Sähkö Oy,24,2026-06-17,not_exact_fixed_segment;not_FixedPrice
118072,Lammaisten Energia Oy,12,2026-06-17,not_General
118079,Köyliön-Säkylän Sähkö Oy,12,2026-06-17,not_General
118080,Vaasan Sähkö Myynti Oy,24,2026-06-17,not_General
118082,Nurmijärven Sähkö Oy,24,2026-06-17,not_General
118087,Lammaisten Energia Oy,12,2026-06-17,not_exact_fixed_segment;not_FixedPrice
118088,Nordic Green Energy,12,2026-06-17,not_exact_fixed_segment;not_FixedPrice
118098,Oomi Oy,12,2026-06-17,not_exact_fixed_segment;not_FixedPrice
118099,Köyliön-Säkylän Sähkö Oy,12,2026-06-17,not_General
118106,Koillis-Satakunnan Sähkö Oy,24,2026-06-17,not_General
118110,Vaasan Sähkö Myynti Oy,24,2026-06-17,not_exact_fixed_segment;not_FixedPrice
118112,Helen Oy,12,2026-06-17,not_exact_fixed_segment;not_FixedPrice
118115,Lammaisten Energia Oy,24,2026-06-17,not_exact_fixed_segment;not_FixedPrice;not_General
118117,Äänekosken Energia Oy,12,2026-06-17,not_General
118120,Lammaisten Energia Oy,24,2026-06-17,not_exact_fixed_segment;not_FixedPrice;not_General
118121,Äänekosken Energia Oy,12,2026-06-17,not_General
118122,Nurmijärven Sähkö Oy,12,2026-06-17,not_General
118127,Nordic Green Energy,24,2026-06-17,not_exact_fixed_segment;not_FixedPrice
118137,Keravan Energia Oy,12,2026-06-17,not_exact_fixed_segment;not_FixedPrice
118140,Omavoima Oy,12,2026-06-17,not_General
118143,Helen Oy,24,2026-06-17,not_exact_fixed_segment;not_FixedPrice
118144,Keravan Energia Oy,12,2026-06-17,not_exact_fixed_segment;not_FixedPrice
118145,Vaasan Sähkö Myynti Oy,12,2026-06-17,not_exact_fixed_segment;not_FixedPrice
118148,Lammaisten Energia Oy,12,2026-06-17,not_exact_fixed_segment;not_FixedPrice;not_General
118149,Paneliankosken Voima Oy,12,2026-06-17,not_General
118162,Paneliankosken Voima Oy,12,2026-06-17,not_exact_fixed_segment;not_FixedPrice;not_General
118165,Porvoon Energia Oy,24,2026-06-17,not_General
118166,Omavoima Oy,24,2026-06-17,not_General
118169,Pohjois-Karjalan Sähkö Oy,12,2026-06-17,not_General
118172,Omavoima Oy,12,2026-06-17,not_General
118178,Pohjois-Karjalan Sähkö Oy,24,2026-06-18,not_General
118179,Hehku Energia Oy,24,2026-06-18,not_exact_fixed_segment;not_FixedPrice
118180,Oomi Oy,6,2026-06-18,not_exact_fixed_segment;not_FixedPrice
118182,Vaasan Sähkö Myynti Oy,24,2026-06-18,not_exact_fixed_segment;not_FixedPrice
118185,Äänekosken Energia Oy,24,2026-06-18,not_General
118186,Äänekosken Energia Oy,6,2026-06-18,not_General
118191,Pohjois-Karjalan Sähkö Oy,12,2026-06-18,not_General
118194,Keravan Energia Oy,24,2026-06-18,not_exact_fixed_segment;not_FixedPrice
118196,Oomi Oy,24,2026-06-18,not_exact_fixed_segment;not_FixedPrice
118197,Vaasan Sähkö Myynti Oy,12,2026-06-18,not_General
118199,Vaasan Sähkö Myynti Oy,6,2026-06-18,not_General
118203,Nurmijärven Sähkö Oy,12,2026-06-18,not_General
118205,Lammaisten Energia Oy,24,2026-06-18,not_General
118211,Imatran Seudun Sähkö Oy,12,2026-06-18,not_exact_fixed_segment;not_FixedPrice
118212,Paneliankosken Voima Oy,24,2026-06-18,not_General
118215,Porvoon Energia Oy,12,2026-06-18,not_General
118216,Alajärven Sähkö Oy,24,2026-06-18,not_General
118217,Nurmijärven Sähkö Oy,24,2026-06-18,not_General
118225,Paneliankosken Voima Oy,12,2026-06-18,not_exact_fixed_segment;not_FixedPrice
118232,Imatran Seudun Sähkö Oy,6,2026-06-18,not_exact_fixed_segment;not_FixedPrice
118234,Nordic Green Energy,12,2026-06-18,not_exact_fixed_segment;not_FixedPrice
118238,Lammaisten Energia Oy,24,2026-06-18,not_General
118239,Pohjois-Karjalan Sähkö Oy,6,2026-06-18,not_General
118245,Vaasan Sähkö Myynti Oy,6,2026-06-18,not_exact_fixed_segment;not_FixedPrice
118251,Lumme Energia,12,2026-06-18,not_exact_fixed_segment;not_FixedPrice
118257,Paneliankosken Voima Oy,24,2026-06-18,not_exact_fixed_segment;not_FixedPrice
118272,Alajärven Sähkö Oy,12,2026-06-18,not_General
118273,Porvoon Energia Oy,24,2026-06-18,not_General
118274,Vaasan Sähkö Myynti Oy,24,2026-06-18,not_General
118282,Äänekosken Energia Oy,6,2026-06-18,not_General
118288,Äänekosken Energia Oy,24,2026-06-18,not_General
118289,Porvoon Energia Oy,24,2026-06-18,not_General
118294,Paneliankosken Voima Oy,24,2026-06-18,not_exact_fixed_segment;not_FixedPrice;not_General
118295,Lammaisten Energia Oy,24,2026-06-18,not_exact_fixed_segment;not_FixedPrice
118302,Porvoon Energia Oy,12,2026-06-18,not_General
118308,Fortum Markets Oy,12,2026-06-18,not_exact_fixed_segment;not_FixedPrice
118311,Köyliön-Säkylän Sähkö Oy,24,2026-06-18,not_General
118313,Koillis-Satakunnan Sähkö Oy,12,2026-06-18,not_General
118315,Omavoima Oy,24,2026-06-18,not_exact_fixed_segment;not_FixedPrice
118317,Koillis-Satakunnan Sähkö Oy,24,2026-06-18,not_General
118318,Omavoima Oy,24,2026-06-18,not_General
118319,Kokkolan Energia Oy,24,2026-06-18,not_exact_fixed_segment;not_FixedPrice
118322,Koillis-Satakunnan Sähkö Oy,24,2026-06-18,not_exact_fixed_segment;not_FixedPrice
118323,Kokkolan Energia Oy,12,2026-06-18,not_exact_fixed_segment;not_FixedPrice
118324,Imatran Seudun Sähkö Oy,24,2026-06-18,not_exact_fixed_segment;not_FixedPrice
118325,Köyliön-Säkylän Sähkö Oy,24,2026-06-18,not_General
118328,Turku Energia Oy,12,2026-06-18,not_exact_fixed_segment;not_FixedPrice
118331,Pohjois-Karjalan Sähkö Oy,6,2026-06-18,not_General
118338,Koillis-Satakunnan Sähkö Oy,12,2026-06-18,not_exact_fixed_segment;not_FixedPrice
118344,Fortum Markets Oy,24,2026-06-18,not_exact_fixed_segment;not_FixedPrice
118346,Korpelan Energia Oy,12,2026-06-18,not_exact_fixed_segment;not_FixedPrice
118348,Koillis-Satakunnan Sähkö Oy,12,2026-06-18,not_General
118358,Keravan Energia Oy,12,2026-06-18,not_exact_fixed_segment;not_FixedPrice
118360,Vaasan Sähkö Myynti Oy,12,2026-06-18,not_exact_fixed_segment;not_FixedPrice
118363,Koillis-Satakunnan Sähkö Oy,12,2026-06-18,not_General
118365,Nordic Green Energy,24,2026-06-18,not_exact_fixed_segment;not_FixedPrice
118366,Lumme Energia,24,2026-06-18,not_exact_fixed_segment;not_FixedPrice
118368,Hehku Energia Oy,12,2026-06-18,not_exact_fixed_segment;not_FixedPrice
118373,Keravan Energia Oy,24,2026-06-18,not_exact_fixed_segment;not_FixedPrice
118381,Lammaisten Energia Oy,12,2026-06-18,not_exact_fixed_segment;not_FixedPrice;not_General
118382,Lammaisten Energia Oy,12,2026-06-18,not_General
118387,Pohjois-Karjalan Sähkö Oy,24,2026-06-18,not_General
118388,Korpelan Energia Oy,24,2026-06-18,not_exact_fixed_segment;not_FixedPrice
118393,Imatran Seudun Sähkö Oy,24,2026-06-18,not_exact_fixed_segment;not_FixedPrice
118395,Lammaisten Energia Oy,12,2026-06-18,not_General
118401,Köyliön-Säkylän Sähkö Oy,12,2026-06-18,not_General
118404,Nurmijärven Sähkö Oy,24,2026-06-18,not_General
118408,Lammaisten Energia Oy,12,2026-06-18,not_exact_fixed_segment;not_FixedPrice
118409,Nordic Green Energy,12,2026-06-18,not_exact_fixed_segment;not_FixedPrice
118419,Oomi Oy,12,2026-06-18,not_exact_fixed_segment;not_FixedPrice
118420,Köyliön-Säkylän Sähkö Oy,12,2026-06-18,not_General
118427,Koillis-Satakunnan Sähkö Oy,24,2026-06-18,not_General
118432,Helen Oy,12,2026-06-18,not_exact_fixed_segment;not_FixedPrice
118435,Lammaisten Energia Oy,24,2026-06-18,not_exact_fixed_segment;not_FixedPrice;not_General
118437,Äänekosken Energia Oy,12,2026-06-18,not_General
118440,Lammaisten Energia Oy,24,2026-06-18,not_exact_fixed_segment;not_FixedPrice;not_General
118441,Äänekosken Energia Oy,12,2026-06-18,not_General
118442,Nurmijärven Sähkö Oy,12,2026-06-18,not_General
118447,Nordic Green Energy,24,2026-06-18,not_exact_fixed_segment;not_FixedPrice
118457,Keravan Energia Oy,12,2026-06-18,not_exact_fixed_segment;not_FixedPrice
118460,Omavoima Oy,12,2026-06-18,not_General
118463,Helen Oy,24,2026-06-18,not_exact_fixed_segment;not_FixedPrice
118464,Keravan Energia Oy,12,2026-06-18,not_exact_fixed_segment;not_FixedPrice
118467,Lammaisten Energia Oy,12,2026-06-18,not_exact_fixed_segment;not_FixedPrice;not_General
118468,Paneliankosken Voima Oy,12,2026-06-18,not_General
118481,Paneliankosken Voima Oy,12,2026-06-18,not_exact_fixed_segment;not_FixedPrice;not_General
118484,Porvoon Energia Oy,24,2026-06-18,not_General
118485,Omavoima Oy,24,2026-06-18,not_General
118488,Pohjois-Karjalan Sähkö Oy,12,2026-06-18,not_General
118491,Omavoima Oy,12,2026-06-18,not_General
118497,Pohjois-Karjalan Sähkö Oy,24,2026-06-19,not_General
118498,Hehku Energia Oy,24,2026-06-19,not_exact_fixed_segment;not_FixedPrice
118499,Oomi Oy,6,2026-06-19,not_exact_fixed_segment;not_FixedPrice
118501,Vaasan Sähkö Myynti Oy,24,2026-06-19,not_exact_fixed_segment;not_FixedPrice
118504,Äänekosken Energia Oy,24,2026-06-19,not_General
118505,Äänekosken Energia Oy,6,2026-06-19,not_General
118510,Pohjois-Karjalan Sähkö Oy,12,2026-06-19,not_General
118513,Keravan Energia Oy,24,2026-06-19,not_exact_fixed_segment;not_FixedPrice
118515,Oomi Oy,24,2026-06-19,not_exact_fixed_segment;not_FixedPrice
118516,Vaasan Sähkö Myynti Oy,12,2026-06-19,not_General
118518,Vaasan Sähkö Myynti Oy,6,2026-06-19,not_General
118522,Nurmijärven Sähkö Oy,12,2026-06-19,not_General
118524,Lammaisten Energia Oy,24,2026-06-19,not_General
118530,Paneliankosken Voima Oy,24,2026-06-19,not_General
118532,Porvoon Energia Oy,12,2026-06-19,not_General
118533,Alajärven Sähkö Oy,24,2026-06-19,not_General
118534,Nurmijärven Sähkö Oy,24,2026-06-19,not_General
118542,Paneliankosken Voima Oy,12,2026-06-19,not_exact_fixed_segment;not_FixedPrice
118550,Nordic Green Energy,12,2026-06-19,not_exact_fixed_segment;not_FixedPrice
118555,Lammaisten Energia Oy,24,2026-06-19,not_General
118557,Pohjois-Karjalan Sähkö Oy,6,2026-06-19,not_General
118563,Vaasan Sähkö Myynti Oy,6,2026-06-19,not_exact_fixed_segment;not_FixedPrice
118569,Lumme Energia,12,2026-06-19,not_exact_fixed_segment;not_FixedPrice
118575,Paneliankosken Voima Oy,24,2026-06-19,not_exact_fixed_segment;not_FixedPrice
118590,Alajärven Sähkö Oy,12,2026-06-19,not_General
118591,Porvoon Energia Oy,24,2026-06-19,not_General
118592,Vaasan Sähkö Myynti Oy,24,2026-06-19,not_General
118600,Äänekosken Energia Oy,6,2026-06-19,not_General
118606,Äänekosken Energia Oy,24,2026-06-19,not_General
118607,Porvoon Energia Oy,24,2026-06-19,not_General
118612,Paneliankosken Voima Oy,24,2026-06-19,not_exact_fixed_segment;not_FixedPrice;not_General
118613,Lammaisten Energia Oy,24,2026-06-19,not_exact_fixed_segment;not_FixedPrice
118614,Imatran Seudun Sähkö Oy,6,2026-06-19,not_exact_fixed_segment;not_FixedPrice
118621,Porvoon Energia Oy,12,2026-06-19,not_General
118626,Fortum Markets Oy,12,2026-06-19,not_exact_fixed_segment;not_FixedPrice
118629,Imatran Seudun Sähkö Oy,12,2026-06-19,not_exact_fixed_segment;not_FixedPrice
118630,Köyliön-Säkylän Sähkö Oy,24,2026-06-19,not_General
118632,Koillis-Satakunnan Sähkö Oy,12,2026-06-19,not_General
118634,Omavoima Oy,24,2026-06-19,not_exact_fixed_segment;not_FixedPrice
118636,Koillis-Satakunnan Sähkö Oy,24,2026-06-19,not_General
118637,Omavoima Oy,24,2026-06-19,not_General
118638,Kokkolan Energia Oy,24,2026-06-19,not_exact_fixed_segment;not_FixedPrice
118641,Koillis-Satakunnan Sähkö Oy,24,2026-06-19,not_exact_fixed_segment;not_FixedPrice
118642,Kokkolan Energia Oy,12,2026-06-19,not_exact_fixed_segment;not_FixedPrice
118643,Imatran Seudun Sähkö Oy,24,2026-06-19,not_exact_fixed_segment;not_FixedPrice
118644,Köyliön-Säkylän Sähkö Oy,24,2026-06-19,not_General
118647,Turku Energia Oy,12,2026-06-19,not_exact_fixed_segment;not_FixedPrice
118648,Helen Oy,24,2026-06-19,not_exact_fixed_segment;not_FixedPrice
118650,Pohjois-Karjalan Sähkö Oy,6,2026-06-19,not_General
118657,Koillis-Satakunnan Sähkö Oy,12,2026-06-19,not_exact_fixed_segment;not_FixedPrice
118662,Fortum Markets Oy,24,2026-06-19,not_exact_fixed_segment;not_FixedPrice
118664,Korpelan Energia Oy,12,2026-06-19,not_exact_fixed_segment;not_FixedPrice
118666,Koillis-Satakunnan Sähkö Oy,12,2026-06-19,not_General
118667,Imatran Seudun Sähkö Oy,24,2026-06-19,not_exact_fixed_segment;not_FixedPrice
118677,Keravan Energia Oy,12,2026-06-19,not_exact_fixed_segment;not_FixedPrice
118679,Vaasan Sähkö Myynti Oy,12,2026-06-19,not_exact_fixed_segment;not_FixedPrice
118682,Koillis-Satakunnan Sähkö Oy,12,2026-06-19,not_General
118684,Nordic Green Energy,24,2026-06-19,not_exact_fixed_segment;not_FixedPrice
118685,Lumme Energia,24,2026-06-19,not_exact_fixed_segment;not_FixedPrice
118687,Hehku Energia Oy,12,2026-06-19,not_exact_fixed_segment;not_FixedPrice
118694,Keravan Energia Oy,24,2026-06-19,not_exact_fixed_segment;not_FixedPrice
118702,Lammaisten Energia Oy,12,2026-06-19,not_exact_fixed_segment;not_FixedPrice;not_General
118703,Lammaisten Energia Oy,12,2026-06-19,not_General
118708,Pohjois-Karjalan Sähkö Oy,24,2026-06-19,not_General
118709,Korpelan Energia Oy,24,2026-06-19,not_exact_fixed_segment;not_FixedPrice
118715,Lammaisten Energia Oy,12,2026-06-19,not_General
118721,Köyliön-Säkylän Sähkö Oy,12,2026-06-19,not_General
118725,Nurmijärven Sähkö Oy,24,2026-06-19,not_General
118729,Lammaisten Energia Oy,12,2026-06-19,not_exact_fixed_segment;not_FixedPrice
118730,Nordic Green Energy,12,2026-06-19,not_exact_fixed_segment;not_FixedPrice
118739,Oomi Oy,12,2026-06-19,not_exact_fixed_segment;not_FixedPrice
118740,Köyliön-Säkylän Sähkö Oy,12,2026-06-19,not_General
118746,Koillis-Satakunnan Sähkö Oy,24,2026-06-19,not_General
118750,Helen Oy,12,2026-06-19,not_exact_fixed_segment;not_FixedPrice
118754,Lammaisten Energia Oy,24,2026-06-19,not_exact_fixed_segment;not_FixedPrice;not_General
118756,Äänekosken Energia Oy,12,2026-06-19,not_General
118759,Lammaisten Energia Oy,24,2026-06-19,not_exact_fixed_segment;not_FixedPrice;not_General
118760,Äänekosken Energia Oy,12,2026-06-19,not_General
118761,Nurmijärven Sähkö Oy,12,2026-06-19,not_General
118767,Nordic Green Energy,24,2026-06-19,not_exact_fixed_segment;not_FixedPrice
118777,Keravan Energia Oy,12,2026-06-19,not_exact_fixed_segment;not_FixedPrice
118780,Omavoima Oy,12,2026-06-19,not_General
118783,Keravan Energia Oy,12,2026-06-19,not_exact_fixed_segment;not_FixedPrice
118788,Lammaisten Energia Oy,12,2026-06-19,not_exact_fixed_segment;not_FixedPrice;not_General
118789,Paneliankosken Voima Oy,12,2026-06-19,not_General
118801,Paneliankosken Voima Oy,12,2026-06-19,not_exact_fixed_segment;not_FixedPrice;not_General
118804,Porvoon Energia Oy,24,2026-06-19,not_General
118805,Omavoima Oy,24,2026-06-19,not_General
118808,Pohjois-Karjalan Sähkö Oy,12,2026-06-19,not_General
118811,Omavoima Oy,12,2026-06-19,not_General
118817,Pohjois-Karjalan Sähkö Oy,24,2026-06-20,not_General
118818,Hehku Energia Oy,24,2026-06-20,not_exact_fixed_segment;not_FixedPrice
118819,Oomi Oy,6,2026-06-20,not_exact_fixed_segment;not_FixedPrice
118821,Vaasan Sähkö Myynti Oy,24,2026-06-20,not_exact_fixed_segment;not_FixedPrice
118824,Äänekosken Energia Oy,24,2026-06-20,not_General
118825,Äänekosken Energia Oy,6,2026-06-20,not_General
118830,Pohjois-Karjalan Sähkö Oy,12,2026-06-20,not_General
118833,Keravan Energia Oy,24,2026-06-20,not_exact_fixed_segment;not_FixedPrice
118835,Oomi Oy,24,2026-06-20,not_exact_fixed_segment;not_FixedPrice
118836,Vaasan Sähkö Myynti Oy,12,2026-06-20,not_General
118838,Vaasan Sähkö Myynti Oy,6,2026-06-20,not_General
118842,Nurmijärven Sähkö Oy,12,2026-06-20,not_General
118844,Lammaisten Energia Oy,24,2026-06-20,not_General
118850,Paneliankosken Voima Oy,24,2026-06-20,not_General
118852,Porvoon Energia Oy,12,2026-06-20,not_General
118853,Alajärven Sähkö Oy,24,2026-06-20,not_General
118854,Nurmijärven Sähkö Oy,24,2026-06-20,not_General
118862,Paneliankosken Voima Oy,12,2026-06-20,not_exact_fixed_segment;not_FixedPrice
118870,Nordic Green Energy,12,2026-06-20,not_exact_fixed_segment;not_FixedPrice
118875,Lammaisten Energia Oy,24,2026-06-20,not_General
118877,Pohjois-Karjalan Sähkö Oy,6,2026-06-20,not_General
118883,Vaasan Sähkö Myynti Oy,6,2026-06-20,not_exact_fixed_segment;not_FixedPrice
118889,Lumme Energia,12,2026-06-20,not_exact_fixed_segment;not_FixedPrice
118895,Paneliankosken Voima Oy,24,2026-06-20,not_exact_fixed_segment;not_FixedPrice
118910,Alajärven Sähkö Oy,12,2026-06-20,not_General
118911,Porvoon Energia Oy,24,2026-06-20,not_General
118912,Vaasan Sähkö Myynti Oy,24,2026-06-20,not_General
118920,Äänekosken Energia Oy,6,2026-06-20,not_General
118926,Äänekosken Energia Oy,24,2026-06-20,not_General
118927,Porvoon Energia Oy,24,2026-06-20,not_General
118932,Paneliankosken Voima Oy,24,2026-06-20,not_exact_fixed_segment;not_FixedPrice;not_General
118933,Lammaisten Energia Oy,24,2026-06-20,not_exact_fixed_segment;not_FixedPrice
118934,Imatran Seudun Sähkö Oy,6,2026-06-20,not_exact_fixed_segment;not_FixedPrice
118941,Porvoon Energia Oy,12,2026-06-20,not_General
118946,Fortum Markets Oy,12,2026-06-20,not_exact_fixed_segment;not_FixedPrice
118949,Imatran Seudun Sähkö Oy,12,2026-06-20,not_exact_fixed_segment;not_FixedPrice
118950,Köyliön-Säkylän Sähkö Oy,24,2026-06-20,not_General
118952,Koillis-Satakunnan Sähkö Oy,12,2026-06-20,not_General
118954,Omavoima Oy,24,2026-06-20,not_exact_fixed_segment;not_FixedPrice
118956,Koillis-Satakunnan Sähkö Oy,24,2026-06-20,not_General
118957,Omavoima Oy,24,2026-06-20,not_General
118958,Kokkolan Energia Oy,24,2026-06-20,not_exact_fixed_segment;not_FixedPrice
118961,Koillis-Satakunnan Sähkö Oy,24,2026-06-20,not_exact_fixed_segment;not_FixedPrice
118962,Kokkolan Energia Oy,12,2026-06-20,not_exact_fixed_segment;not_FixedPrice
118963,Imatran Seudun Sähkö Oy,24,2026-06-20,not_exact_fixed_segment;not_FixedPrice
118964,Köyliön-Säkylän Sähkö Oy,24,2026-06-20,not_General
118967,Turku Energia Oy,12,2026-06-20,not_exact_fixed_segment;not_FixedPrice
118968,Helen Oy,24,2026-06-20,not_exact_fixed_segment;not_FixedPrice
118970,Pohjois-Karjalan Sähkö Oy,6,2026-06-20,not_General
118977,Koillis-Satakunnan Sähkö Oy,12,2026-06-20,not_exact_fixed_segment;not_FixedPrice
118982,Fortum Markets Oy,24,2026-06-20,not_exact_fixed_segment;not_FixedPrice
118984,Korpelan Energia Oy,12,2026-06-20,not_exact_fixed_segment;not_FixedPrice
118986,Koillis-Satakunnan Sähkö Oy,12,2026-06-20,not_General
118987,Imatran Seudun Sähkö Oy,24,2026-06-20,not_exact_fixed_segment;not_FixedPrice
118997,Keravan Energia Oy,12,2026-06-20,not_exact_fixed_segment;not_FixedPrice
118999,Vaasan Sähkö Myynti Oy,12,2026-06-20,not_exact_fixed_segment;not_FixedPrice
119002,Koillis-Satakunnan Sähkö Oy,12,2026-06-20,not_General
119004,Nordic Green Energy,24,2026-06-20,not_exact_fixed_segment;not_FixedPrice
119005,Lumme Energia,24,2026-06-20,not_exact_fixed_segment;not_FixedPrice
119007,Hehku Energia Oy,12,2026-06-20,not_exact_fixed_segment;not_FixedPrice
119014,Keravan Energia Oy,24,2026-06-20,not_exact_fixed_segment;not_FixedPrice
119022,Lammaisten Energia Oy,12,2026-06-20,not_exact_fixed_segment;not_FixedPrice;not_General
119023,Lammaisten Energia Oy,12,2026-06-20,not_General
119028,Pohjois-Karjalan Sähkö Oy,24,2026-06-20,not_General
119029,Korpelan Energia Oy,24,2026-06-20,not_exact_fixed_segment;not_FixedPrice
119035,Lammaisten Energia Oy,12,2026-06-20,not_General
119041,Köyliön-Säkylän Sähkö Oy,12,2026-06-20,not_General
119045,Nurmijärven Sähkö Oy,24,2026-06-20,not_General
119049,Lammaisten Energia Oy,12,2026-06-20,not_exact_fixed_segment;not_FixedPrice
119050,Nordic Green Energy,12,2026-06-20,not_exact_fixed_segment;not_FixedPrice
119059,Oomi Oy,12,2026-06-20,not_exact_fixed_segment;not_FixedPrice
119060,Köyliön-Säkylän Sähkö Oy,12,2026-06-20,not_General
119066,Koillis-Satakunnan Sähkö Oy,24,2026-06-20,not_General
119070,Helen Oy,12,2026-06-20,not_exact_fixed_segment;not_FixedPrice
119074,Lammaisten Energia Oy,24,2026-06-20,not_exact_fixed_segment;not_FixedPrice;not_General
119076,Äänekosken Energia Oy,12,2026-06-20,not_General
119079,Lammaisten Energia Oy,24,2026-06-20,not_exact_fixed_segment;not_FixedPrice;not_General
119080,Äänekosken Energia Oy,12,2026-06-20,not_General
119081,Nurmijärven Sähkö Oy,12,2026-06-20,not_General
119087,Nordic Green Energy,24,2026-06-20,not_exact_fixed_segment;not_FixedPrice
119097,Keravan Energia Oy,12,2026-06-20,not_exact_fixed_segment;not_FixedPrice
119100,Omavoima Oy,12,2026-06-20,not_General
119103,Keravan Energia Oy,12,2026-06-20,not_exact_fixed_segment;not_FixedPrice
119108,Lammaisten Energia Oy,12,2026-06-20,not_exact_fixed_segment;not_FixedPrice;not_General
119109,Paneliankosken Voima Oy,12,2026-06-20,not_General
119121,Paneliankosken Voima Oy,12,2026-06-20,not_exact_fixed_segment;not_FixedPrice;not_General
119124,Porvoon Energia Oy,24,2026-06-20,not_General
119125,Omavoima Oy,24,2026-06-20,not_General
119128,Pohjois-Karjalan Sähkö Oy,12,2026-06-20,not_General
119131,Omavoima Oy,12,2026-06-20,not_General
119137,Pohjois-Karjalan Sähkö Oy,24,2026-06-21,not_General
119138,Hehku Energia Oy,24,2026-06-21,not_exact_fixed_segment;not_FixedPrice
119139,Oomi Oy,6,2026-06-21,not_exact_fixed_segment;not_FixedPrice
119141,Vaasan Sähkö Myynti Oy,24,2026-06-21,not_exact_fixed_segment;not_FixedPrice
119144,Äänekosken Energia Oy,24,2026-06-21,not_General
119145,Äänekosken Energia Oy,6,2026-06-21,not_General
119150,Pohjois-Karjalan Sähkö Oy,12,2026-06-21,not_General
119153,Keravan Energia Oy,24,2026-06-21,not_exact_fixed_segment;not_FixedPrice
119155,Oomi Oy,24,2026-06-21,not_exact_fixed_segment;not_FixedPrice
119156,Vaasan Sähkö Myynti Oy,12,2026-06-21,not_General
119158,Vaasan Sähkö Myynti Oy,6,2026-06-21,not_General
119162,Nurmijärven Sähkö Oy,12,2026-06-21,not_General
119164,Lammaisten Energia Oy,24,2026-06-21,not_General
119170,Paneliankosken Voima Oy,24,2026-06-21,not_General
119172,Porvoon Energia Oy,12,2026-06-21,not_General
119173,Alajärven Sähkö Oy,24,2026-06-21,not_General
119174,Nurmijärven Sähkö Oy,24,2026-06-21,not_General
119182,Paneliankosken Voima Oy,12,2026-06-21,not_exact_fixed_segment;not_FixedPrice
119190,Nordic Green Energy,12,2026-06-21,not_exact_fixed_segment;not_FixedPrice
119195,Lammaisten Energia Oy,24,2026-06-21,not_General
119197,Pohjois-Karjalan Sähkö Oy,6,2026-06-21,not_General
119203,Vaasan Sähkö Myynti Oy,6,2026-06-21,not_exact_fixed_segment;not_FixedPrice
119209,Lumme Energia,12,2026-06-21,not_exact_fixed_segment;not_FixedPrice
119215,Paneliankosken Voima Oy,24,2026-06-21,not_exact_fixed_segment;not_FixedPrice
119230,Alajärven Sähkö Oy,12,2026-06-21,not_General
119231,Porvoon Energia Oy,24,2026-06-21,not_General
119232,Vaasan Sähkö Myynti Oy,24,2026-06-21,not_General
119240,Äänekosken Energia Oy,6,2026-06-21,not_General
119246,Äänekosken Energia Oy,24,2026-06-21,not_General
119247,Porvoon Energia Oy,24,2026-06-21,not_General
119252,Paneliankosken Voima Oy,24,2026-06-21,not_exact_fixed_segment;not_FixedPrice;not_General
119253,Lammaisten Energia Oy,24,2026-06-21,not_exact_fixed_segment;not_FixedPrice
119254,Imatran Seudun Sähkö Oy,6,2026-06-21,not_exact_fixed_segment;not_FixedPrice
119261,Porvoon Energia Oy,12,2026-06-21,not_General
119266,Fortum Markets Oy,12,2026-06-21,not_exact_fixed_segment;not_FixedPrice
119269,Imatran Seudun Sähkö Oy,12,2026-06-21,not_exact_fixed_segment;not_FixedPrice
119270,Köyliön-Säkylän Sähkö Oy,24,2026-06-21,not_General
119272,Koillis-Satakunnan Sähkö Oy,12,2026-06-21,not_General
119274,Omavoima Oy,24,2026-06-21,not_exact_fixed_segment;not_FixedPrice
119276,Koillis-Satakunnan Sähkö Oy,24,2026-06-21,not_General
119277,Omavoima Oy,24,2026-06-21,not_General
119278,Kokkolan Energia Oy,24,2026-06-21,not_exact_fixed_segment;not_FixedPrice
119281,Koillis-Satakunnan Sähkö Oy,24,2026-06-21,not_exact_fixed_segment;not_FixedPrice
119282,Kokkolan Energia Oy,12,2026-06-21,not_exact_fixed_segment;not_FixedPrice
119283,Imatran Seudun Sähkö Oy,24,2026-06-21,not_exact_fixed_segment;not_FixedPrice
119284,Köyliön-Säkylän Sähkö Oy,24,2026-06-21,not_General
119287,Turku Energia Oy,12,2026-06-21,not_exact_fixed_segment;not_FixedPrice
119288,Helen Oy,24,2026-06-21,not_exact_fixed_segment;not_FixedPrice
119290,Pohjois-Karjalan Sähkö Oy,6,2026-06-21,not_General
119297,Koillis-Satakunnan Sähkö Oy,12,2026-06-21,not_exact_fixed_segment;not_FixedPrice
119302,Fortum Markets Oy,24,2026-06-21,not_exact_fixed_segment;not_FixedPrice
119304,Korpelan Energia Oy,12,2026-06-21,not_exact_fixed_segment;not_FixedPrice
119306,Koillis-Satakunnan Sähkö Oy,12,2026-06-21,not_General
119307,Imatran Seudun Sähkö Oy,24,2026-06-21,not_exact_fixed_segment;not_FixedPrice
119317,Keravan Energia Oy,12,2026-06-21,not_exact_fixed_segment;not_FixedPrice
119319,Vaasan Sähkö Myynti Oy,12,2026-06-21,not_exact_fixed_segment;not_FixedPrice
119322,Koillis-Satakunnan Sähkö Oy,12,2026-06-21,not_General
119324,Nordic Green Energy,24,2026-06-21,not_exact_fixed_segment;not_FixedPrice
119325,Lumme Energia,24,2026-06-21,not_exact_fixed_segment;not_FixedPrice
119327,Hehku Energia Oy,12,2026-06-21,not_exact_fixed_segment;not_FixedPrice
119334,Keravan Energia Oy,24,2026-06-21,not_exact_fixed_segment;not_FixedPrice
119342,Lammaisten Energia Oy,12,2026-06-21,not_exact_fixed_segment;not_FixedPrice;not_General
119343,Lammaisten Energia Oy,12,2026-06-21,not_General
119348,Pohjois-Karjalan Sähkö Oy,24,2026-06-21,not_General
119349,Korpelan Energia Oy,24,2026-06-21,not_exact_fixed_segment;not_FixedPrice
119355,Lammaisten Energia Oy,12,2026-06-21,not_General
119361,Köyliön-Säkylän Sähkö Oy,12,2026-06-21,not_General
119365,Nurmijärven Sähkö Oy,24,2026-06-21,not_General
119369,Lammaisten Energia Oy,12,2026-06-21,not_exact_fixed_segment;not_FixedPrice
119370,Nordic Green Energy,12,2026-06-21,not_exact_fixed_segment;not_FixedPrice
119379,Oomi Oy,12,2026-06-21,not_exact_fixed_segment;not_FixedPrice
119380,Köyliön-Säkylän Sähkö Oy,12,2026-06-21,not_General
119386,Koillis-Satakunnan Sähkö Oy,24,2026-06-21,not_General
119390,Helen Oy,12,2026-06-21,not_exact_fixed_segment;not_FixedPrice
119394,Lammaisten Energia Oy,24,2026-06-21,not_exact_fixed_segment;not_FixedPrice;not_General
119396,Äänekosken Energia Oy,12,2026-06-21,not_General
119399,Lammaisten Energia Oy,24,2026-06-21,not_exact_fixed_segment;not_FixedPrice;not_General
119400,Äänekosken Energia Oy,12,2026-06-21,not_General
119401,Nurmijärven Sähkö Oy,12,2026-06-21,not_General
119407,Nordic Green Energy,24,2026-06-21,not_exact_fixed_segment;not_FixedPrice
119417,Keravan Energia Oy,12,2026-06-21,not_exact_fixed_segment;not_FixedPrice
119420,Omavoima Oy,12,2026-06-21,not_General
119423,Keravan Energia Oy,12,2026-06-21,not_exact_fixed_segment;not_FixedPrice
119428,Lammaisten Energia Oy,12,2026-06-21,not_exact_fixed_segment;not_FixedPrice;not_General
119429,Paneliankosken Voima Oy,12,2026-06-21,not_General
119441,Paneliankosken Voima Oy,12,2026-06-21,not_exact_fixed_segment;not_FixedPrice;not_General
119444,Porvoon Energia Oy,24,2026-06-21,not_General
119445,Omavoima Oy,24,2026-06-21,not_General
119448,Pohjois-Karjalan Sähkö Oy,12,2026-06-21,not_General
119451,Omavoima Oy,12,2026-06-21,not_General
119457,Pohjois-Karjalan Sähkö Oy,24,2026-06-22,not_General
119458,Hehku Energia Oy,24,2026-06-22,not_exact_fixed_segment;not_FixedPrice
119459,Oomi Oy,6,2026-06-22,not_exact_fixed_segment;not_FixedPrice
119461,Vaasan Sähkö Myynti Oy,24,2026-06-22,not_exact_fixed_segment;not_FixedPrice
119464,Äänekosken Energia Oy,24,2026-06-22,not_General
119465,Äänekosken Energia Oy,6,2026-06-22,not_General
119469,Pohjois-Karjalan Sähkö Oy,12,2026-06-22,not_General
119472,Keravan Energia Oy,24,2026-06-22,not_exact_fixed_segment;not_FixedPrice
119474,Oomi Oy,24,2026-06-22,not_exact_fixed_segment;not_FixedPrice
119475,Vaasan Sähkö Myynti Oy,12,2026-06-22,not_General
119477,Vaasan Sähkö Myynti Oy,6,2026-06-22,not_General
119481,Nurmijärven Sähkö Oy,12,2026-06-22,not_General
119483,Lammaisten Energia Oy,24,2026-06-22,not_General
119489,Paneliankosken Voima Oy,24,2026-06-22,not_General
119491,Porvoon Energia Oy,12,2026-06-22,not_General
119492,Alajärven Sähkö Oy,24,2026-06-22,not_General
119493,Nurmijärven Sähkö Oy,24,2026-06-22,not_General
119501,Paneliankosken Voima Oy,12,2026-06-22,not_exact_fixed_segment;not_FixedPrice
119509,Nordic Green Energy,12,2026-06-22,not_exact_fixed_segment;not_FixedPrice
119514,Lammaisten Energia Oy,24,2026-06-22,not_General
119516,Pohjois-Karjalan Sähkö Oy,6,2026-06-22,not_General
119522,Vaasan Sähkö Myynti Oy,6,2026-06-22,not_exact_fixed_segment;not_FixedPrice
119528,Lumme Energia,12,2026-06-22,not_exact_fixed_segment;not_FixedPrice
119535,Paneliankosken Voima Oy,24,2026-06-22,not_exact_fixed_segment;not_FixedPrice
119550,Alajärven Sähkö Oy,12,2026-06-22,not_General
119551,Porvoon Energia Oy,24,2026-06-22,not_General
119552,Vaasan Sähkö Myynti Oy,24,2026-06-22,not_General
119560,Äänekosken Energia Oy,6,2026-06-22,not_General
119566,Äänekosken Energia Oy,24,2026-06-22,not_General
119567,Porvoon Energia Oy,24,2026-06-22,not_General
119572,Paneliankosken Voima Oy,24,2026-06-22,not_exact_fixed_segment;not_FixedPrice;not_General
119573,Lammaisten Energia Oy,24,2026-06-22,not_exact_fixed_segment;not_FixedPrice
119574,Imatran Seudun Sähkö Oy,6,2026-06-22,not_exact_fixed_segment;not_FixedPrice
119581,Porvoon Energia Oy,12,2026-06-22,not_General
119588,Imatran Seudun Sähkö Oy,12,2026-06-22,not_exact_fixed_segment;not_FixedPrice
119589,Köyliön-Säkylän Sähkö Oy,24,2026-06-22,not_General
119591,Koillis-Satakunnan Sähkö Oy,12,2026-06-22,not_General
119593,Omavoima Oy,24,2026-06-22,not_exact_fixed_segment;not_FixedPrice
119595,Koillis-Satakunnan Sähkö Oy,24,2026-06-22,not_General
119596,Omavoima Oy,24,2026-06-22,not_General
119597,Kokkolan Energia Oy,24,2026-06-22,not_exact_fixed_segment;not_FixedPrice
119600,Koillis-Satakunnan Sähkö Oy,24,2026-06-22,not_exact_fixed_segment;not_FixedPrice
119601,Kokkolan Energia Oy,12,2026-06-22,not_exact_fixed_segment;not_FixedPrice
119602,Köyliön-Säkylän Sähkö Oy,24,2026-06-22,not_General
119605,Turku Energia Oy,12,2026-06-22,not_exact_fixed_segment;not_FixedPrice
119606,Helen Oy,24,2026-06-22,not_exact_fixed_segment;not_FixedPrice
119608,Pohjois-Karjalan Sähkö Oy,6,2026-06-22,not_General
119615,Koillis-Satakunnan Sähkö Oy,12,2026-06-22,not_exact_fixed_segment;not_FixedPrice
119621,Korpelan Energia Oy,12,2026-06-22,not_exact_fixed_segment;not_FixedPrice
119623,Koillis-Satakunnan Sähkö Oy,12,2026-06-22,not_General
119624,Imatran Seudun Sähkö Oy,24,2026-06-22,not_exact_fixed_segment;not_FixedPrice
119628,Fortum Markets Oy,12,2026-06-22,not_exact_fixed_segment;not_FixedPrice
119635,Keravan Energia Oy,12,2026-06-22,not_exact_fixed_segment;not_FixedPrice
119637,Vaasan Sähkö Myynti Oy,12,2026-06-22,not_exact_fixed_segment;not_FixedPrice
119640,Koillis-Satakunnan Sähkö Oy,12,2026-06-22,not_General
119642,Nordic Green Energy,24,2026-06-22,not_exact_fixed_segment;not_FixedPrice
119643,Lumme Energia,24,2026-06-22,not_exact_fixed_segment;not_FixedPrice
119645,Hehku Energia Oy,12,2026-06-22,not_exact_fixed_segment;not_FixedPrice
119652,Keravan Energia Oy,24,2026-06-22,not_exact_fixed_segment;not_FixedPrice
119660,Lammaisten Energia Oy,12,2026-06-22,not_exact_fixed_segment;not_FixedPrice;not_General
119661,Lammaisten Energia Oy,12,2026-06-22,not_General
119666,Pohjois-Karjalan Sähkö Oy,24,2026-06-22,not_General
119667,Korpelan Energia Oy,24,2026-06-22,not_exact_fixed_segment;not_FixedPrice
119673,Lammaisten Energia Oy,12,2026-06-22,not_General
119679,Köyliön-Säkylän Sähkö Oy,12,2026-06-22,not_General
119683,Nurmijärven Sähkö Oy,24,2026-06-22,not_General
119687,Lammaisten Energia Oy,12,2026-06-22,not_exact_fixed_segment;not_FixedPrice
119688,Nordic Green Energy,12,2026-06-22,not_exact_fixed_segment;not_FixedPrice
119696,Oomi Oy,12,2026-06-22,not_exact_fixed_segment;not_FixedPrice
119697,Köyliön-Säkylän Sähkö Oy,12,2026-06-22,not_General
119703,Koillis-Satakunnan Sähkö Oy,24,2026-06-22,not_General
119707,Helen Oy,12,2026-06-22,not_exact_fixed_segment;not_FixedPrice
119711,Lammaisten Energia Oy,24,2026-06-22,not_exact_fixed_segment;not_FixedPrice;not_General
119713,Äänekosken Energia Oy,12,2026-06-22,not_General
119716,Lammaisten Energia Oy,24,2026-06-22,not_exact_fixed_segment;not_FixedPrice;not_General
119717,Äänekosken Energia Oy,12,2026-06-22,not_General
119718,Nurmijärven Sähkö Oy,12,2026-06-22,not_General
119724,Nordic Green Energy,24,2026-06-22,not_exact_fixed_segment;not_FixedPrice
119729,Fortum Markets Oy,24,2026-06-22,not_exact_fixed_segment;not_FixedPrice
119735,Keravan Energia Oy,12,2026-06-22,not_exact_fixed_segment;not_FixedPrice
119738,Omavoima Oy,12,2026-06-22,not_General
119741,Keravan Energia Oy,12,2026-06-22,not_exact_fixed_segment;not_FixedPrice
119746,Lammaisten Energia Oy,12,2026-06-22,not_exact_fixed_segment;not_FixedPrice;not_General
119747,Paneliankosken Voima Oy,12,2026-06-22,not_General
119759,Paneliankosken Voima Oy,12,2026-06-22,not_exact_fixed_segment;not_FixedPrice;not_General
119762,Porvoon Energia Oy,24,2026-06-22,not_General
119763,Omavoima Oy,24,2026-06-22,not_General
119766,Pohjois-Karjalan Sähkö Oy,12,2026-06-22,not_General
119769,Omavoima Oy,12,2026-06-22,not_General
119775,Pohjois-Karjalan Sähkö Oy,24,2026-06-23,not_General
119776,Hehku Energia Oy,24,2026-06-23,not_exact_fixed_segment;not_FixedPrice
119777,Oomi Oy,6,2026-06-23,not_exact_fixed_segment;not_FixedPrice
119779,Vaasan Sähkö Myynti Oy,24,2026-06-23,not_exact_fixed_segment;not_FixedPrice
119782,Äänekosken Energia Oy,24,2026-06-23,not_General
119783,Äänekosken Energia Oy,6,2026-06-23,not_General
119786,Pohjois-Karjalan Sähkö Oy,12,2026-06-23,not_General
119789,Keravan Energia Oy,24,2026-06-23,not_exact_fixed_segment;not_FixedPrice
119791,Vaasan Sähkö Myynti Oy,12,2026-06-23,not_General
119793,Vaasan Sähkö Myynti Oy,6,2026-06-23,not_General
119797,Nurmijärven Sähkö Oy,12,2026-06-23,not_General
119799,Lammaisten Energia Oy,24,2026-06-23,not_General
119805,Paneliankosken Voima Oy,24,2026-06-23,not_General
119807,Porvoon Energia Oy,12,2026-06-23,not_General
119808,Alajärven Sähkö Oy,24,2026-06-23,not_General
119809,Nurmijärven Sähkö Oy,24,2026-06-23,not_General
119817,Paneliankosken Voima Oy,12,2026-06-23,not_exact_fixed_segment;not_FixedPrice
119825,Nordic Green Energy,12,2026-06-23,not_exact_fixed_segment;not_FixedPrice
119830,Lammaisten Energia Oy,24,2026-06-23,not_General
119832,Pohjois-Karjalan Sähkö Oy,6,2026-06-23,not_General
119838,Vaasan Sähkö Myynti Oy,6,2026-06-23,not_exact_fixed_segment;not_FixedPrice
119844,Lumme Energia,12,2026-06-23,not_exact_fixed_segment;not_FixedPrice
119851,Paneliankosken Voima Oy,24,2026-06-23,not_exact_fixed_segment;not_FixedPrice
119859,Oomi Oy,24,2026-06-23,not_exact_fixed_segment;not_FixedPrice
119867,Alajärven Sähkö Oy,12,2026-06-23,not_General
119868,Porvoon Energia Oy,24,2026-06-23,not_General
119869,Vaasan Sähkö Myynti Oy,24,2026-06-23,not_General
119877,Äänekosken Energia Oy,6,2026-06-23,not_General
119883,Äänekosken Energia Oy,24,2026-06-23,not_General
119884,Porvoon Energia Oy,24,2026-06-23,not_General
119889,Paneliankosken Voima Oy,24,2026-06-23,not_exact_fixed_segment;not_FixedPrice;not_General
119890,Lammaisten Energia Oy,24,2026-06-23,not_exact_fixed_segment;not_FixedPrice
119891,Imatran Seudun Sähkö Oy,6,2026-06-23,not_exact_fixed_segment;not_FixedPrice
119897,Porvoon Energia Oy,12,2026-06-23,not_General
119904,Imatran Seudun Sähkö Oy,12,2026-06-23,not_exact_fixed_segment;not_FixedPrice
119905,Köyliön-Säkylän Sähkö Oy,24,2026-06-23,not_General
119907,Koillis-Satakunnan Sähkö Oy,12,2026-06-23,not_General
119909,Omavoima Oy,24,2026-06-23,not_exact_fixed_segment;not_FixedPrice
119911,Koillis-Satakunnan Sähkö Oy,24,2026-06-23,not_General
119912,Omavoima Oy,24,2026-06-23,not_General
119913,Kokkolan Energia Oy,24,2026-06-23,not_exact_fixed_segment;not_FixedPrice
119916,Koillis-Satakunnan Sähkö Oy,24,2026-06-23,not_exact_fixed_segment;not_FixedPrice
119917,Kokkolan Energia Oy,12,2026-06-23,not_exact_fixed_segment;not_FixedPrice
119918,Köyliön-Säkylän Sähkö Oy,24,2026-06-23,not_General
119921,Turku Energia Oy,12,2026-06-23,not_exact_fixed_segment;not_FixedPrice
119924,Pohjois-Karjalan Sähkö Oy,6,2026-06-23,not_General
119931,Koillis-Satakunnan Sähkö Oy,12,2026-06-23,not_exact_fixed_segment;not_FixedPrice
119936,Helen Oy,24,2026-06-23,not_exact_fixed_segment;not_FixedPrice
119939,Korpelan Energia Oy,12,2026-06-23,not_exact_fixed_segment;not_FixedPrice
119941,Koillis-Satakunnan Sähkö Oy,12,2026-06-23,not_General
119942,Imatran Seudun Sähkö Oy,24,2026-06-23,not_exact_fixed_segment;not_FixedPrice
119946,Fortum Markets Oy,12,2026-06-23,not_exact_fixed_segment;not_FixedPrice
119953,Keravan Energia Oy,12,2026-06-23,not_exact_fixed_segment;not_FixedPrice
119955,Vaasan Sähkö Myynti Oy,12,2026-06-23,not_exact_fixed_segment;not_FixedPrice
119958,Koillis-Satakunnan Sähkö Oy,12,2026-06-23,not_General
119960,Nordic Green Energy,24,2026-06-23,not_exact_fixed_segment;not_FixedPrice
119961,Lumme Energia,24,2026-06-23,not_exact_fixed_segment;not_FixedPrice
119963,Hehku Energia Oy,12,2026-06-23,not_exact_fixed_segment;not_FixedPrice
119970,Keravan Energia Oy,24,2026-06-23,not_exact_fixed_segment;not_FixedPrice
119977,Oomi Oy,12,2026-06-23,not_exact_fixed_segment;not_FixedPrice
119980,Lammaisten Energia Oy,12,2026-06-23,not_exact_fixed_segment;not_FixedPrice;not_General
119981,Lammaisten Energia Oy,12,2026-06-23,not_General
119986,Pohjois-Karjalan Sähkö Oy,24,2026-06-23,not_General
119987,Korpelan Energia Oy,24,2026-06-23,not_exact_fixed_segment;not_FixedPrice
119993,Lammaisten Energia Oy,12,2026-06-23,not_General
119999,Köyliön-Säkylän Sähkö Oy,12,2026-06-23,not_General
120003,Nurmijärven Sähkö Oy,24,2026-06-23,not_General
120006,Lammaisten Energia Oy,12,2026-06-23,not_exact_fixed_segment;not_FixedPrice
120007,Nordic Green Energy,12,2026-06-23,not_exact_fixed_segment;not_FixedPrice
120016,Köyliön-Säkylän Sähkö Oy,12,2026-06-23,not_General
120022,Koillis-Satakunnan Sähkö Oy,24,2026-06-23,not_General
120029,Lammaisten Energia Oy,24,2026-06-23,not_exact_fixed_segment;not_FixedPrice;not_General
120031,Äänekosken Energia Oy,12,2026-06-23,not_General
120034,Lammaisten Energia Oy,24,2026-06-23,not_exact_fixed_segment;not_FixedPrice;not_General
120035,Äänekosken Energia Oy,12,2026-06-23,not_General
120036,Nurmijärven Sähkö Oy,12,2026-06-23,not_General
120041,Nordic Green Energy,24,2026-06-23,not_exact_fixed_segment;not_FixedPrice
120046,Fortum Markets Oy,24,2026-06-23,not_exact_fixed_segment;not_FixedPrice
120052,Keravan Energia Oy,12,2026-06-23,not_exact_fixed_segment;not_FixedPrice
120055,Omavoima Oy,12,2026-06-23,not_General
120061,Lammaisten Energia Oy,12,2026-06-23,not_exact_fixed_segment;not_FixedPrice;not_General
120062,Paneliankosken Voima Oy,12,2026-06-23,not_General
120075,Paneliankosken Voima Oy,12,2026-06-23,not_exact_fixed_segment;not_FixedPrice;not_General
120078,Porvoon Energia Oy,24,2026-06-23,not_General
120079,Omavoima Oy,24,2026-06-23,not_General
120080,Helen Oy,12,2026-06-23,not_exact_fixed_segment;not_FixedPrice
120082,Pohjois-Karjalan Sähkö Oy,12,2026-06-23,not_General
120085,Omavoima Oy,12,2026-06-23,not_General
120091,Pohjois-Karjalan Sähkö Oy,24,2026-06-24,not_General
120092,Hehku Energia Oy,24,2026-06-24,not_exact_fixed_segment;not_FixedPrice
120093,Oomi Oy,6,2026-06-24,not_exact_fixed_segment;not_FixedPrice
120095,Vaasan Sähkö Myynti Oy,24,2026-06-24,not_exact_fixed_segment;not_FixedPrice
120098,Äänekosken Energia Oy,24,2026-06-24,not_General
120099,Äänekosken Energia Oy,6,2026-06-24,not_General
120103,Pohjois-Karjalan Sähkö Oy,12,2026-06-24,not_General
120106,Keravan Energia Oy,24,2026-06-24,not_exact_fixed_segment;not_FixedPrice
120108,Vaasan Sähkö Myynti Oy,12,2026-06-24,not_General
120110,Vaasan Sähkö Myynti Oy,6,2026-06-24,not_General
120114,Nurmijärven Sähkö Oy,12,2026-06-24,not_General
120116,Lammaisten Energia Oy,24,2026-06-24,not_General
120122,Paneliankosken Voima Oy,24,2026-06-24,not_General
120125,Alajärven Sähkö Oy,24,2026-06-24,not_General
120126,Nurmijärven Sähkö Oy,24,2026-06-24,not_General
120133,Paneliankosken Voima Oy,12,2026-06-24,not_exact_fixed_segment;not_FixedPrice
120141,Nordic Green Energy,12,2026-06-24,not_exact_fixed_segment;not_FixedPrice
120145,Lammaisten Energia Oy,24,2026-06-24,not_General
120147,Pohjois-Karjalan Sähkö Oy,6,2026-06-24,not_General
120152,Vaasan Sähkö Myynti Oy,6,2026-06-24,not_exact_fixed_segment;not_FixedPrice
120165,Paneliankosken Voima Oy,24,2026-06-24,not_exact_fixed_segment;not_FixedPrice
120172,Oomi Oy,24,2026-06-24,not_exact_fixed_segment;not_FixedPrice
120179,Porvoon Energia Oy,24,2026-06-24,not_General
120180,Porvoon Energia Oy,12,2026-06-24,not_General
120181,Alajärven Sähkö Oy,12,2026-06-24,not_General
120183,Vaasan Sähkö Myynti Oy,24,2026-06-24,not_General
120191,Äänekosken Energia Oy,6,2026-06-24,not_General
120197,Äänekosken Energia Oy,24,2026-06-24,not_General
120202,Paneliankosken Voima Oy,24,2026-06-24,not_exact_fixed_segment;not_FixedPrice;not_General
120203,Porvoon Energia Oy,12,2026-06-24,not_General
120204,Lammaisten Energia Oy,24,2026-06-24,not_exact_fixed_segment;not_FixedPrice
120205,Imatran Seudun Sähkö Oy,6,2026-06-24,not_exact_fixed_segment;not_FixedPrice
120217,Imatran Seudun Sähkö Oy,12,2026-06-24,not_exact_fixed_segment;not_FixedPrice
120218,Köyliön-Säkylän Sähkö Oy,24,2026-06-24,not_General
120220,Koillis-Satakunnan Sähkö Oy,12,2026-06-24,not_General
120221,Omavoima Oy,24,2026-06-24,not_exact_fixed_segment;not_FixedPrice
120223,Koillis-Satakunnan Sähkö Oy,24,2026-06-24,not_General
120224,Omavoima Oy,24,2026-06-24,not_General
120225,Kokkolan Energia Oy,24,2026-06-24,not_exact_fixed_segment;not_FixedPrice
120228,Koillis-Satakunnan Sähkö Oy,24,2026-06-24,not_exact_fixed_segment;not_FixedPrice
120229,Kokkolan Energia Oy,12,2026-06-24,not_exact_fixed_segment;not_FixedPrice
120230,Köyliön-Säkylän Sähkö Oy,24,2026-06-24,not_General
120233,Turku Energia Oy,12,2026-06-24,not_exact_fixed_segment;not_FixedPrice
120236,Pohjois-Karjalan Sähkö Oy,6,2026-06-24,not_General
120243,Koillis-Satakunnan Sähkö Oy,12,2026-06-24,not_exact_fixed_segment;not_FixedPrice
120248,Helen Oy,24,2026-06-24,not_exact_fixed_segment;not_FixedPrice
120251,Korpelan Energia Oy,12,2026-06-24,not_exact_fixed_segment;not_FixedPrice
120253,Koillis-Satakunnan Sähkö Oy,12,2026-06-24,not_General
120254,Imatran Seudun Sähkö Oy,24,2026-06-24,not_exact_fixed_segment;not_FixedPrice
120260,Fortum Markets Oy,12,2026-06-24,not_exact_fixed_segment;not_FixedPrice
120267,Keravan Energia Oy,12,2026-06-24,not_exact_fixed_segment;not_FixedPrice
120269,Vaasan Sähkö Myynti Oy,12,2026-06-24,not_exact_fixed_segment;not_FixedPrice
120272,Koillis-Satakunnan Sähkö Oy,12,2026-06-24,not_General
120274,Nordic Green Energy,24,2026-06-24,not_exact_fixed_segment;not_FixedPrice
120277,Hehku Energia Oy,12,2026-06-24,not_exact_fixed_segment;not_FixedPrice
120284,Keravan Energia Oy,24,2026-06-24,not_exact_fixed_segment;not_FixedPrice
120292,Oomi Oy,12,2026-06-24,not_exact_fixed_segment;not_FixedPrice
120294,Lammaisten Energia Oy,12,2026-06-24,not_exact_fixed_segment;not_FixedPrice;not_General
120295,Lammaisten Energia Oy,12,2026-06-24,not_General
120300,Lumme Energia,24,2026-06-24,not_exact_fixed_segment;not_FixedPrice
120302,Pohjois-Karjalan Sähkö Oy,24,2026-06-24,not_General
120303,Korpelan Energia Oy,24,2026-06-24,not_exact_fixed_segment;not_FixedPrice
120309,Lammaisten Energia Oy,12,2026-06-24,not_General
120314,Porvoon Energia Oy,24,2026-06-24,not_General
120316,Köyliön-Säkylän Sähkö Oy,12,2026-06-24,not_General
120320,Nurmijärven Sähkö Oy,24,2026-06-24,not_General
120323,Lammaisten Energia Oy,12,2026-06-24,not_exact_fixed_segment;not_FixedPrice
120324,Nordic Green Energy,12,2026-06-24,not_exact_fixed_segment;not_FixedPrice
120332,Köyliön-Säkylän Sähkö Oy,12,2026-06-24,not_General
120335,Lumme Energia,12,2026-06-24,not_exact_fixed_segment;not_FixedPrice
120337,Koillis-Satakunnan Sähkö Oy,24,2026-06-24,not_General
120345,Lammaisten Energia Oy,24,2026-06-24,not_exact_fixed_segment;not_FixedPrice;not_General
120347,Äänekosken Energia Oy,12,2026-06-24,not_General
120350,Lammaisten Energia Oy,24,2026-06-24,not_exact_fixed_segment;not_FixedPrice;not_General
120352,Äänekosken Energia Oy,12,2026-06-24,not_General
120353,Nurmijärven Sähkö Oy,12,2026-06-24,not_General
120358,Nordic Green Energy,24,2026-06-24,not_exact_fixed_segment;not_FixedPrice
120363,Fortum Markets Oy,24,2026-06-24,not_exact_fixed_segment;not_FixedPrice
120368,Keravan Energia Oy,12,2026-06-24,not_exact_fixed_segment;not_FixedPrice
120371,Omavoima Oy,12,2026-06-24,not_General
120377,Lammaisten Energia Oy,12,2026-06-24,not_exact_fixed_segment;not_FixedPrice;not_General
120378,Paneliankosken Voima Oy,12,2026-06-24,not_General
120391,Porvoon Energia Oy,24,2026-06-24,not_General
120392,Paneliankosken Voima Oy,12,2026-06-24,not_exact_fixed_segment;not_FixedPrice;not_General
120395,Omavoima Oy,24,2026-06-24,not_General
120396,Helen Oy,12,2026-06-24,not_exact_fixed_segment;not_FixedPrice
120398,Pohjois-Karjalan Sähkö Oy,12,2026-06-24,not_General
120401,Omavoima Oy,12,2026-06-24,not_General
120407,Pohjois-Karjalan Sähkö Oy,24,2026-06-25,not_General
120408,Hehku Energia Oy,24,2026-06-25,not_exact_fixed_segment;not_FixedPrice
120409,Oomi Oy,6,2026-06-25,not_exact_fixed_segment;not_FixedPrice
120413,Äänekosken Energia Oy,24,2026-06-25,not_General
120414,Äänekosken Energia Oy,6,2026-06-25,not_General
120418,Pohjois-Karjalan Sähkö Oy,12,2026-06-25,not_General
120421,Keravan Energia Oy,24,2026-06-25,not_exact_fixed_segment;not_FixedPrice
120424,Vaasan Sähkö Myynti Oy,6,2026-06-25,not_General
120428,Nurmijärven Sähkö Oy,12,2026-06-25,not_General
120430,Lammaisten Energia Oy,24,2026-06-25,not_General
120436,Paneliankosken Voima Oy,24,2026-06-25,not_General
120439,Alajärven Sähkö Oy,24,2026-06-25,not_General
120440,Nurmijärven Sähkö Oy,24,2026-06-25,not_General
120447,Paneliankosken Voima Oy,12,2026-06-25,not_exact_fixed_segment;not_FixedPrice
120454,Nordic Green Energy,12,2026-06-25,not_exact_fixed_segment;not_FixedPrice
120458,Lammaisten Energia Oy,24,2026-06-25,not_General
120460,Pohjois-Karjalan Sähkö Oy,6,2026-06-25,not_General
120465,Vaasan Sähkö Myynti Oy,6,2026-06-25,not_exact_fixed_segment;not_FixedPrice
120466,Vaasan Sähkö Myynti Oy,24,2026-06-25,not_General
120479,Paneliankosken Voima Oy,24,2026-06-25,not_exact_fixed_segment;not_FixedPrice
120486,Oomi Oy,24,2026-06-25,not_exact_fixed_segment;not_FixedPrice
120493,Porvoon Energia Oy,24,2026-06-25,not_General
120494,Porvoon Energia Oy,12,2026-06-25,not_General
120495,Alajärven Sähkö Oy,12,2026-06-25,not_General
120504,Äänekosken Energia Oy,6,2026-06-25,not_General
120510,Äänekosken Energia Oy,24,2026-06-25,not_General
120514,Vaasan Sähkö Myynti Oy,12,2026-06-25,not_exact_fixed_segment;not_FixedPrice
120516,Paneliankosken Voima Oy,24,2026-06-25,not_exact_fixed_segment;not_FixedPrice;not_General
120517,Porvoon Energia Oy,12,2026-06-25,not_General
120518,Lammaisten Energia Oy,24,2026-06-25,not_exact_fixed_segment;not_FixedPrice
120519,Imatran Seudun Sähkö Oy,6,2026-06-25,not_exact_fixed_segment;not_FixedPrice
120531,Imatran Seudun Sähkö Oy,12,2026-06-25,not_exact_fixed_segment;not_FixedPrice
120532,Köyliön-Säkylän Sähkö Oy,24,2026-06-25,not_General
120534,Koillis-Satakunnan Sähkö Oy,12,2026-06-25,not_General
120535,Omavoima Oy,24,2026-06-25,not_exact_fixed_segment;not_FixedPrice
120537,Koillis-Satakunnan Sähkö Oy,24,2026-06-25,not_General
120538,Omavoima Oy,24,2026-06-25,not_General
120539,Kokkolan Energia Oy,24,2026-06-25,not_exact_fixed_segment;not_FixedPrice
120542,Koillis-Satakunnan Sähkö Oy,24,2026-06-25,not_exact_fixed_segment;not_FixedPrice
120543,Kokkolan Energia Oy,12,2026-06-25,not_exact_fixed_segment;not_FixedPrice
120544,Köyliön-Säkylän Sähkö Oy,24,2026-06-25,not_General
120547,Turku Energia Oy,12,2026-06-25,not_exact_fixed_segment;not_FixedPrice
120550,Pohjois-Karjalan Sähkö Oy,6,2026-06-25,not_General
120557,Koillis-Satakunnan Sähkö Oy,12,2026-06-25,not_exact_fixed_segment;not_FixedPrice
120562,Helen Oy,24,2026-06-25,not_exact_fixed_segment;not_FixedPrice
120565,Korpelan Energia Oy,12,2026-06-25,not_exact_fixed_segment;not_FixedPrice
120567,Koillis-Satakunnan Sähkö Oy,12,2026-06-25,not_General
120568,Imatran Seudun Sähkö Oy,24,2026-06-25,not_exact_fixed_segment;not_FixedPrice
120575,Fortum Markets Oy,12,2026-06-25,not_exact_fixed_segment;not_FixedPrice
120582,Keravan Energia Oy,12,2026-06-25,not_exact_fixed_segment;not_FixedPrice
120586,Koillis-Satakunnan Sähkö Oy,12,2026-06-25,not_General
120588,Nordic Green Energy,24,2026-06-25,not_exact_fixed_segment;not_FixedPrice
120591,Hehku Energia Oy,12,2026-06-25,not_exact_fixed_segment;not_FixedPrice
120598,Keravan Energia Oy,24,2026-06-25,not_exact_fixed_segment;not_FixedPrice
120603,Vaasan Sähkö Myynti Oy,12,2026-06-25,not_General
120607,Oomi Oy,12,2026-06-25,not_exact_fixed_segment;not_FixedPrice
120609,Lammaisten Energia Oy,12,2026-06-25,not_exact_fixed_segment;not_FixedPrice;not_General
120610,Lammaisten Energia Oy,12,2026-06-25,not_General
120615,Lumme Energia,24,2026-06-25,not_exact_fixed_segment;not_FixedPrice
120617,Pohjois-Karjalan Sähkö Oy,24,2026-06-25,not_General
120618,Korpelan Energia Oy,24,2026-06-25,not_exact_fixed_segment;not_FixedPrice
120624,Lammaisten Energia Oy,12,2026-06-25,not_General
120629,Porvoon Energia Oy,24,2026-06-25,not_General
120631,Köyliön-Säkylän Sähkö Oy,12,2026-06-25,not_General
120635,Nurmijärven Sähkö Oy,24,2026-06-25,not_General
120638,Lammaisten Energia Oy,12,2026-06-25,not_exact_fixed_segment;not_FixedPrice
120639,Nordic Green Energy,12,2026-06-25,not_exact_fixed_segment;not_FixedPrice
120647,Köyliön-Säkylän Sähkö Oy,12,2026-06-25,not_General
120650,Lumme Energia,12,2026-06-25,not_exact_fixed_segment;not_FixedPrice
120652,Koillis-Satakunnan Sähkö Oy,24,2026-06-25,not_General
120657,Vaasan Sähkö Myynti Oy,24,2026-06-25,not_exact_fixed_segment;not_FixedPrice
120661,Lammaisten Energia Oy,24,2026-06-25,not_exact_fixed_segment;not_FixedPrice;not_General
120663,Äänekosken Energia Oy,12,2026-06-25,not_General
120666,Lammaisten Energia Oy,24,2026-06-25,not_exact_fixed_segment;not_FixedPrice;not_General
120668,Äänekosken Energia Oy,12,2026-06-25,not_General
120669,Nurmijärven Sähkö Oy,12,2026-06-25,not_General
120674,Nordic Green Energy,24,2026-06-25,not_exact_fixed_segment;not_FixedPrice
120679,Fortum Markets Oy,24,2026-06-25,not_exact_fixed_segment;not_FixedPrice
120684,Keravan Energia Oy,12,2026-06-25,not_exact_fixed_segment;not_FixedPrice
120687,Omavoima Oy,12,2026-06-25,not_General
120693,Lammaisten Energia Oy,12,2026-06-25,not_exact_fixed_segment;not_FixedPrice;not_General
120694,Paneliankosken Voima Oy,12,2026-06-25,not_General
120707,Porvoon Energia Oy,24,2026-06-25,not_General
120708,Paneliankosken Voima Oy,12,2026-06-25,not_exact_fixed_segment;not_FixedPrice;not_General
120711,Omavoima Oy,24,2026-06-25,not_General
120712,Helen Oy,12,2026-06-25,not_exact_fixed_segment;not_FixedPrice
120714,Pohjois-Karjalan Sähkö Oy,12,2026-06-25,not_General
120717,Omavoima Oy,12,2026-06-25,not_General
120722,Oomi Oy,24,2026-06-26,not_exact_fixed_segment;not_FixedPrice
120724,Pohjois-Karjalan Sähkö Oy,24,2026-06-26,not_General
120725,Hehku Energia Oy,24,2026-06-26,not_exact_fixed_segment;not_FixedPrice
120729,Äänekosken Energia Oy,24,2026-06-26,not_General
120730,Äänekosken Energia Oy,6,2026-06-26,not_General
120734,Pohjois-Karjalan Sähkö Oy,12,2026-06-26,not_General
120737,Keravan Energia Oy,24,2026-06-26,not_exact_fixed_segment;not_FixedPrice
120740,Vaasan Sähkö Myynti Oy,6,2026-06-26,not_General
120744,Imatran Seudun Sähkö Oy,12,2026-06-26,not_exact_fixed_segment;not_FixedPrice
120745,Imatran Seudun Sähkö Oy,24,2026-06-26,not_exact_fixed_segment;not_FixedPrice
120746,Nurmijärven Sähkö Oy,12,2026-06-26,not_General
120748,Lammaisten Energia Oy,24,2026-06-26,not_General
120754,Paneliankosken Voima Oy,24,2026-06-26,not_General
120757,Alajärven Sähkö Oy,24,2026-06-26,not_General
120758,Nurmijärven Sähkö Oy,24,2026-06-26,not_General
120765,Paneliankosken Voima Oy,12,2026-06-26,not_exact_fixed_segment;not_FixedPrice
120772,Nordic Green Energy,12,2026-06-26,not_exact_fixed_segment;not_FixedPrice
120776,Lammaisten Energia Oy,24,2026-06-26,not_General
120777,Pohjois-Karjalan Sähkö Oy,6,2026-06-26,not_General
120782,Vaasan Sähkö Myynti Oy,6,2026-06-26,not_exact_fixed_segment;not_FixedPrice
120783,Vaasan Sähkö Myynti Oy,24,2026-06-26,not_General
120796,Paneliankosken Voima Oy,24,2026-06-26,not_exact_fixed_segment;not_FixedPrice
120803,Oomi Oy,6,2026-06-26,not_exact_fixed_segment;not_FixedPrice
120806,Oomi Oy,12,2026-06-26,not_exact_fixed_segment;not_FixedPrice
120811,Porvoon Energia Oy,24,2026-06-26,not_General
120812,Porvoon Energia Oy,12,2026-06-26,not_General
120813,Alajärven Sähkö Oy,12,2026-06-26,not_General
120822,Äänekosken Energia Oy,6,2026-06-26,not_General
120828,Äänekosken Energia Oy,24,2026-06-26,not_General
120832,Vaasan Sähkö Myynti Oy,12,2026-06-26,not_exact_fixed_segment;not_FixedPrice
120834,Paneliankosken Voima Oy,24,2026-06-26,not_exact_fixed_segment;not_FixedPrice;not_General
120835,Porvoon Energia Oy,12,2026-06-26,not_General
120836,Lammaisten Energia Oy,24,2026-06-26,not_exact_fixed_segment;not_FixedPrice
120837,Imatran Seudun Sähkö Oy,6,2026-06-26,not_exact_fixed_segment;not_FixedPrice
120848,Köyliön-Säkylän Sähkö Oy,24,2026-06-26,not_General
120850,Koillis-Satakunnan Sähkö Oy,12,2026-06-26,not_General
120852,Omavoima Oy,24,2026-06-26,not_exact_fixed_segment;not_FixedPrice
120854,Koillis-Satakunnan Sähkö Oy,24,2026-06-26,not_General
120855,Omavoima Oy,24,2026-06-26,not_General
120856,Kokkolan Energia Oy,24,2026-06-26,not_exact_fixed_segment;not_FixedPrice
120860,Koillis-Satakunnan Sähkö Oy,24,2026-06-26,not_exact_fixed_segment;not_FixedPrice
120861,Kokkolan Energia Oy,12,2026-06-26,not_exact_fixed_segment;not_FixedPrice
120862,Köyliön-Säkylän Sähkö Oy,24,2026-06-26,not_General
120865,Turku Energia Oy,12,2026-06-26,not_exact_fixed_segment;not_FixedPrice
120868,Pohjois-Karjalan Sähkö Oy,6,2026-06-26,not_General
120875,Koillis-Satakunnan Sähkö Oy,12,2026-06-26,not_exact_fixed_segment;not_FixedPrice
120880,Helen Oy,24,2026-06-26,not_exact_fixed_segment;not_FixedPrice
120883,Korpelan Energia Oy,12,2026-06-26,not_exact_fixed_segment;not_FixedPrice
120885,Koillis-Satakunnan Sähkö Oy,12,2026-06-26,not_General
120892,Fortum Markets Oy,12,2026-06-26,not_exact_fixed_segment;not_FixedPrice
120898,Keravan Energia Oy,12,2026-06-26,not_exact_fixed_segment;not_FixedPrice
120902,Koillis-Satakunnan Sähkö Oy,12,2026-06-26,not_General
120904,Nordic Green Energy,24,2026-06-26,not_exact_fixed_segment;not_FixedPrice
120907,Hehku Energia Oy,12,2026-06-26,not_exact_fixed_segment;not_FixedPrice
120913,Keravan Energia Oy,24,2026-06-26,not_exact_fixed_segment;not_FixedPrice
120918,Vaasan Sähkö Myynti Oy,12,2026-06-26,not_General
120923,Lammaisten Energia Oy,12,2026-06-26,not_exact_fixed_segment;not_FixedPrice;not_General
120924,Lammaisten Energia Oy,12,2026-06-26,not_General
120929,Lumme Energia,24,2026-06-26,not_exact_fixed_segment;not_FixedPrice
120931,Pohjois-Karjalan Sähkö Oy,24,2026-06-26,not_General
120932,Korpelan Energia Oy,24,2026-06-26,not_exact_fixed_segment;not_FixedPrice
120939,Lammaisten Energia Oy,12,2026-06-26,not_General
120945,Porvoon Energia Oy,24,2026-06-26,not_General
120947,Köyliön-Säkylän Sähkö Oy,12,2026-06-26,not_General
120950,Nurmijärven Sähkö Oy,24,2026-06-26,not_General
120953,Lammaisten Energia Oy,12,2026-06-26,not_exact_fixed_segment;not_FixedPrice
120954,Nordic Green Energy,12,2026-06-26,not_exact_fixed_segment;not_FixedPrice
120962,Köyliön-Säkylän Sähkö Oy,12,2026-06-26,not_General
120965,Lumme Energia,12,2026-06-26,not_exact_fixed_segment;not_FixedPrice
120967,Koillis-Satakunnan Sähkö Oy,24,2026-06-26,not_General
120972,Vaasan Sähkö Myynti Oy,24,2026-06-26,not_exact_fixed_segment;not_FixedPrice
120976,Lammaisten Energia Oy,24,2026-06-26,not_exact_fixed_segment;not_FixedPrice;not_General
120978,Äänekosken Energia Oy,12,2026-06-26,not_General
120981,Lammaisten Energia Oy,24,2026-06-26,not_exact_fixed_segment;not_FixedPrice;not_General
120983,Äänekosken Energia Oy,12,2026-06-26,not_General
120984,Nurmijärven Sähkö Oy,12,2026-06-26,not_General
120989,Nordic Green Energy,24,2026-06-26,not_exact_fixed_segment;not_FixedPrice
120994,Fortum Markets Oy,24,2026-06-26,not_exact_fixed_segment;not_FixedPrice
120999,Keravan Energia Oy,12,2026-06-26,not_exact_fixed_segment;not_FixedPrice
121002,Omavoima Oy,12,2026-06-26,not_General
121008,Lammaisten Energia Oy,12,2026-06-26,not_exact_fixed_segment;not_FixedPrice;not_General
121009,Paneliankosken Voima Oy,12,2026-06-26,not_General
121022,Porvoon Energia Oy,24,2026-06-26,not_General
121023,Paneliankosken Voima Oy,12,2026-06-26,not_exact_fixed_segment;not_FixedPrice;not_General
121027,Omavoima Oy,24,2026-06-26,not_General
121028,Helen Oy,12,2026-06-26,not_exact_fixed_segment;not_FixedPrice
121030,Pohjois-Karjalan Sähkö Oy,12,2026-06-26,not_General
121033,Omavoima Oy,12,2026-06-26,not_General
121038,Oomi Oy,24,2026-06-27,not_exact_fixed_segment;not_FixedPrice
121040,Pohjois-Karjalan Sähkö Oy,24,2026-06-27,not_General
121044,Äänekosken Energia Oy,24,2026-06-27,not_General
121045,Äänekosken Energia Oy,6,2026-06-27,not_General
121049,Pohjois-Karjalan Sähkö Oy,12,2026-06-27,not_General
121052,Keravan Energia Oy,24,2026-06-27,not_exact_fixed_segment;not_FixedPrice
121055,Vaasan Sähkö Myynti Oy,6,2026-06-27,not_General
121059,Imatran Seudun Sähkö Oy,12,2026-06-27,not_exact_fixed_segment;not_FixedPrice
121060,Imatran Seudun Sähkö Oy,24,2026-06-27,not_exact_fixed_segment;not_FixedPrice
121061,Nurmijärven Sähkö Oy,12,2026-06-27,not_General
121063,Lammaisten Energia Oy,24,2026-06-27,not_General
121068,Hehku Energia Oy,24,2026-06-27,not_exact_fixed_segment;not_FixedPrice
121071,Paneliankosken Voima Oy,24,2026-06-27,not_General
121074,Alajärven Sähkö Oy,24,2026-06-27,not_General
121075,Hehku Energia Oy,12,2026-06-27,not_exact_fixed_segment;not_FixedPrice
121076,Nurmijärven Sähkö Oy,24,2026-06-27,not_General
121083,Paneliankosken Voima Oy,12,2026-06-27,not_exact_fixed_segment;not_FixedPrice
121089,Lumme Energia,12,2026-06-27,not_exact_fixed_segment;not_FixedPrice
121092,Nordic Green Energy,12,2026-06-27,not_exact_fixed_segment;not_FixedPrice
121096,Lammaisten Energia Oy,24,2026-06-27,not_General
121097,Pohjois-Karjalan Sähkö Oy,6,2026-06-27,not_General
121102,Vaasan Sähkö Myynti Oy,6,2026-06-27,not_exact_fixed_segment;not_FixedPrice
121103,Vaasan Sähkö Myynti Oy,24,2026-06-27,not_General
121115,Paneliankosken Voima Oy,24,2026-06-27,not_exact_fixed_segment;not_FixedPrice
121123,Oomi Oy,6,2026-06-27,not_exact_fixed_segment;not_FixedPrice
121126,Oomi Oy,12,2026-06-27,not_exact_fixed_segment;not_FixedPrice
121131,Porvoon Energia Oy,24,2026-06-27,not_General
121132,Porvoon Energia Oy,12,2026-06-27,not_General
121133,Alajärven Sähkö Oy,12,2026-06-27,not_General
121142,Äänekosken Energia Oy,6,2026-06-27,not_General
121148,Äänekosken Energia Oy,24,2026-06-27,not_General
121152,Vaasan Sähkö Myynti Oy,12,2026-06-27,not_exact_fixed_segment;not_FixedPrice
121154,Paneliankosken Voima Oy,24,2026-06-27,not_exact_fixed_segment;not_FixedPrice;not_General
121155,Porvoon Energia Oy,12,2026-06-27,not_General
121156,Lammaisten Energia Oy,24,2026-06-27,not_exact_fixed_segment;not_FixedPrice
121157,Imatran Seudun Sähkö Oy,6,2026-06-27,not_exact_fixed_segment;not_FixedPrice
121168,Köyliön-Säkylän Sähkö Oy,24,2026-06-27,not_General
121170,Koillis-Satakunnan Sähkö Oy,12,2026-06-27,not_General
121172,Omavoima Oy,24,2026-06-27,not_exact_fixed_segment;not_FixedPrice
121174,Koillis-Satakunnan Sähkö Oy,24,2026-06-27,not_General
121175,Omavoima Oy,24,2026-06-27,not_General
121176,Kokkolan Energia Oy,24,2026-06-27,not_exact_fixed_segment;not_FixedPrice
121180,Koillis-Satakunnan Sähkö Oy,24,2026-06-27,not_exact_fixed_segment;not_FixedPrice
121181,Kokkolan Energia Oy,12,2026-06-27,not_exact_fixed_segment;not_FixedPrice
121182,Köyliön-Säkylän Sähkö Oy,24,2026-06-27,not_General
121185,Turku Energia Oy,12,2026-06-27,not_exact_fixed_segment;not_FixedPrice
121188,Pohjois-Karjalan Sähkö Oy,6,2026-06-27,not_General
121195,Koillis-Satakunnan Sähkö Oy,12,2026-06-27,not_exact_fixed_segment;not_FixedPrice
121200,Helen Oy,24,2026-06-27,not_exact_fixed_segment;not_FixedPrice
121203,Korpelan Energia Oy,12,2026-06-27,not_exact_fixed_segment;not_FixedPrice
121205,Koillis-Satakunnan Sähkö Oy,12,2026-06-27,not_General
121211,Fortum Markets Oy,12,2026-06-27,not_exact_fixed_segment;not_FixedPrice
121217,Keravan Energia Oy,12,2026-06-27,not_exact_fixed_segment;not_FixedPrice
121220,Koillis-Satakunnan Sähkö Oy,12,2026-06-27,not_General
121222,Nordic Green Energy,24,2026-06-27,not_exact_fixed_segment;not_FixedPrice
121230,Keravan Energia Oy,24,2026-06-27,not_exact_fixed_segment;not_FixedPrice
121235,Vaasan Sähkö Myynti Oy,12,2026-06-27,not_General
121240,Lammaisten Energia Oy,12,2026-06-27,not_exact_fixed_segment;not_FixedPrice;not_General
121241,Lammaisten Energia Oy,12,2026-06-27,not_General
121247,Pohjois-Karjalan Sähkö Oy,24,2026-06-27,not_General
121248,Korpelan Energia Oy,24,2026-06-27,not_exact_fixed_segment;not_FixedPrice
121255,Lammaisten Energia Oy,12,2026-06-27,not_General
121261,Porvoon Energia Oy,24,2026-06-27,not_General
121263,Köyliön-Säkylän Sähkö Oy,12,2026-06-27,not_General
121266,Nurmijärven Sähkö Oy,24,2026-06-27,not_General
121269,Lammaisten Energia Oy,12,2026-06-27,not_exact_fixed_segment;not_FixedPrice
121270,Nordic Green Energy,12,2026-06-27,not_exact_fixed_segment;not_FixedPrice
121277,Köyliön-Säkylän Sähkö Oy,12,2026-06-27,not_General
121281,Koillis-Satakunnan Sähkö Oy,24,2026-06-27,not_General
121286,Vaasan Sähkö Myynti Oy,24,2026-06-27,not_exact_fixed_segment;not_FixedPrice
121290,Lammaisten Energia Oy,24,2026-06-27,not_exact_fixed_segment;not_FixedPrice;not_General
121292,Lumme Energia,24,2026-06-27,not_exact_fixed_segment;not_FixedPrice
121293,Äänekosken Energia Oy,12,2026-06-27,not_General
121296,Lammaisten Energia Oy,24,2026-06-27,not_exact_fixed_segment;not_FixedPrice;not_General
121298,Äänekosken Energia Oy,12,2026-06-27,not_General
121299,Nurmijärven Sähkö Oy,12,2026-06-27,not_General
121304,Nordic Green Energy,24,2026-06-27,not_exact_fixed_segment;not_FixedPrice
121309,Fortum Markets Oy,24,2026-06-27,not_exact_fixed_segment;not_FixedPrice
121314,Keravan Energia Oy,12,2026-06-27,not_exact_fixed_segment;not_FixedPrice
121317,Omavoima Oy,12,2026-06-27,not_General
121323,Lammaisten Energia Oy,12,2026-06-27,not_exact_fixed_segment;not_FixedPrice;not_General
121324,Paneliankosken Voima Oy,12,2026-06-27,not_General
121338,Porvoon Energia Oy,24,2026-06-27,not_General
121339,Paneliankosken Voima Oy,12,2026-06-27,not_exact_fixed_segment;not_FixedPrice;not_General
121343,Omavoima Oy,24,2026-06-27,not_General
121344,Helen Oy,12,2026-06-27,not_exact_fixed_segment;not_FixedPrice
121346,Pohjois-Karjalan Sähkö Oy,12,2026-06-27,not_General
121349,Omavoima Oy,12,2026-06-27,not_General
121354,Oomi Oy,24,2026-06-28,not_exact_fixed_segment;not_FixedPrice
121356,Pohjois-Karjalan Sähkö Oy,24,2026-06-28,not_General
121360,Äänekosken Energia Oy,24,2026-06-28,not_General
121361,Äänekosken Energia Oy,6,2026-06-28,not_General
121365,Pohjois-Karjalan Sähkö Oy,12,2026-06-28,not_General
121368,Keravan Energia Oy,24,2026-06-28,not_exact_fixed_segment;not_FixedPrice
121371,Vaasan Sähkö Myynti Oy,6,2026-06-28,not_General
121375,Imatran Seudun Sähkö Oy,12,2026-06-28,not_exact_fixed_segment;not_FixedPrice
121376,Imatran Seudun Sähkö Oy,24,2026-06-28,not_exact_fixed_segment;not_FixedPrice
121377,Nurmijärven Sähkö Oy,12,2026-06-28,not_General
121379,Lammaisten Energia Oy,24,2026-06-28,not_General
121384,Hehku Energia Oy,24,2026-06-28,not_exact_fixed_segment;not_FixedPrice
121387,Paneliankosken Voima Oy,24,2026-06-28,not_General
121390,Alajärven Sähkö Oy,24,2026-06-28,not_General
121391,Hehku Energia Oy,12,2026-06-28,not_exact_fixed_segment;not_FixedPrice
121392,Nurmijärven Sähkö Oy,24,2026-06-28,not_General
121399,Paneliankosken Voima Oy,12,2026-06-28,not_exact_fixed_segment;not_FixedPrice
121405,Lumme Energia,12,2026-06-28,not_exact_fixed_segment;not_FixedPrice
121408,Nordic Green Energy,12,2026-06-28,not_exact_fixed_segment;not_FixedPrice
121412,Lammaisten Energia Oy,24,2026-06-28,not_General
121413,Pohjois-Karjalan Sähkö Oy,6,2026-06-28,not_General
121418,Vaasan Sähkö Myynti Oy,6,2026-06-28,not_exact_fixed_segment;not_FixedPrice
121419,Vaasan Sähkö Myynti Oy,24,2026-06-28,not_General
121431,Paneliankosken Voima Oy,24,2026-06-28,not_exact_fixed_segment;not_FixedPrice
121439,Oomi Oy,6,2026-06-28,not_exact_fixed_segment;not_FixedPrice
121442,Oomi Oy,12,2026-06-28,not_exact_fixed_segment;not_FixedPrice
121447,Porvoon Energia Oy,24,2026-06-28,not_General
121448,Porvoon Energia Oy,12,2026-06-28,not_General
121449,Alajärven Sähkö Oy,12,2026-06-28,not_General
121458,Äänekosken Energia Oy,6,2026-06-28,not_General
121464,Äänekosken Energia Oy,24,2026-06-28,not_General
121468,Vaasan Sähkö Myynti Oy,12,2026-06-28,not_exact_fixed_segment;not_FixedPrice
121470,Paneliankosken Voima Oy,24,2026-06-28,not_exact_fixed_segment;not_FixedPrice;not_General
121471,Porvoon Energia Oy,12,2026-06-28,not_General
121472,Lammaisten Energia Oy,24,2026-06-28,not_exact_fixed_segment;not_FixedPrice
121473,Imatran Seudun Sähkö Oy,6,2026-06-28,not_exact_fixed_segment;not_FixedPrice
121484,Köyliön-Säkylän Sähkö Oy,24,2026-06-28,not_General
121486,Koillis-Satakunnan Sähkö Oy,12,2026-06-28,not_General
121488,Omavoima Oy,24,2026-06-28,not_exact_fixed_segment;not_FixedPrice
121490,Koillis-Satakunnan Sähkö Oy,24,2026-06-28,not_General
121491,Omavoima Oy,24,2026-06-28,not_General
121492,Kokkolan Energia Oy,24,2026-06-28,not_exact_fixed_segment;not_FixedPrice
121496,Koillis-Satakunnan Sähkö Oy,24,2026-06-28,not_exact_fixed_segment;not_FixedPrice
121497,Kokkolan Energia Oy,12,2026-06-28,not_exact_fixed_segment;not_FixedPrice
121498,Köyliön-Säkylän Sähkö Oy,24,2026-06-28,not_General
121501,Turku Energia Oy,12,2026-06-28,not_exact_fixed_segment;not_FixedPrice
121504,Pohjois-Karjalan Sähkö Oy,6,2026-06-28,not_General
121511,Koillis-Satakunnan Sähkö Oy,12,2026-06-28,not_exact_fixed_segment;not_FixedPrice
121516,Helen Oy,24,2026-06-28,not_exact_fixed_segment;not_FixedPrice
121519,Korpelan Energia Oy,12,2026-06-28,not_exact_fixed_segment;not_FixedPrice
121521,Koillis-Satakunnan Sähkö Oy,12,2026-06-28,not_General
121527,Fortum Markets Oy,12,2026-06-28,not_exact_fixed_segment;not_FixedPrice
121533,Keravan Energia Oy,12,2026-06-28,not_exact_fixed_segment;not_FixedPrice
121536,Koillis-Satakunnan Sähkö Oy,12,2026-06-28,not_General
121538,Nordic Green Energy,24,2026-06-28,not_exact_fixed_segment;not_FixedPrice
121546,Keravan Energia Oy,24,2026-06-28,not_exact_fixed_segment;not_FixedPrice
121551,Vaasan Sähkö Myynti Oy,12,2026-06-28,not_General
121556,Lammaisten Energia Oy,12,2026-06-28,not_exact_fixed_segment;not_FixedPrice;not_General
121557,Lammaisten Energia Oy,12,2026-06-28,not_General
121563,Pohjois-Karjalan Sähkö Oy,24,2026-06-28,not_General
121564,Korpelan Energia Oy,24,2026-06-28,not_exact_fixed_segment;not_FixedPrice
121571,Lammaisten Energia Oy,12,2026-06-28,not_General
121577,Porvoon Energia Oy,24,2026-06-28,not_General
121579,Köyliön-Säkylän Sähkö Oy,12,2026-06-28,not_General
121582,Nurmijärven Sähkö Oy,24,2026-06-28,not_General
121585,Lammaisten Energia Oy,12,2026-06-28,not_exact_fixed_segment;not_FixedPrice
121586,Nordic Green Energy,12,2026-06-28,not_exact_fixed_segment;not_FixedPrice
121593,Köyliön-Säkylän Sähkö Oy,12,2026-06-28,not_General
121597,Koillis-Satakunnan Sähkö Oy,24,2026-06-28,not_General
121602,Vaasan Sähkö Myynti Oy,24,2026-06-28,not_exact_fixed_segment;not_FixedPrice
121606,Lammaisten Energia Oy,24,2026-06-28,not_exact_fixed_segment;not_FixedPrice;not_General
121608,Lumme Energia,24,2026-06-28,not_exact_fixed_segment;not_FixedPrice
121609,Äänekosken Energia Oy,12,2026-06-28,not_General
121612,Lammaisten Energia Oy,24,2026-06-28,not_exact_fixed_segment;not_FixedPrice;not_General
121614,Äänekosken Energia Oy,12,2026-06-28,not_General
121615,Nurmijärven Sähkö Oy,12,2026-06-28,not_General
121620,Nordic Green Energy,24,2026-06-28,not_exact_fixed_segment;not_FixedPrice
121625,Fortum Markets Oy,24,2026-06-28,not_exact_fixed_segment;not_FixedPrice
121630,Keravan Energia Oy,12,2026-06-28,not_exact_fixed_segment;not_FixedPrice
121633,Omavoima Oy,12,2026-06-28,not_General
121639,Lammaisten Energia Oy,12,2026-06-28,not_exact_fixed_segment;not_FixedPrice;not_General
121640,Paneliankosken Voima Oy,12,2026-06-28,not_General
121654,Porvoon Energia Oy,24,2026-06-28,not_General
121655,Paneliankosken Voima Oy,12,2026-06-28,not_exact_fixed_segment;not_FixedPrice;not_General
121659,Omavoima Oy,24,2026-06-28,not_General
121660,Helen Oy,12,2026-06-28,not_exact_fixed_segment;not_FixedPrice
121662,Pohjois-Karjalan Sähkö Oy,12,2026-06-28,not_General
121665,Omavoima Oy,12,2026-06-28,not_General
121670,Oomi Oy,24,2026-06-29,not_exact_fixed_segment;not_FixedPrice
121672,Pohjois-Karjalan Sähkö Oy,24,2026-06-29,not_General
121676,Äänekosken Energia Oy,24,2026-06-29,not_General
121677,Äänekosken Energia Oy,6,2026-06-29,not_General
121681,Pohjois-Karjalan Sähkö Oy,12,2026-06-29,not_General
121684,Keravan Energia Oy,24,2026-06-29,not_exact_fixed_segment;not_FixedPrice
121687,Vaasan Sähkö Myynti Oy,6,2026-06-29,not_General
121691,Imatran Seudun Sähkö Oy,12,2026-06-29,not_exact_fixed_segment;not_FixedPrice
121692,Imatran Seudun Sähkö Oy,24,2026-06-29,not_exact_fixed_segment;not_FixedPrice
121693,Nurmijärven Sähkö Oy,12,2026-06-29,not_General
121695,Lammaisten Energia Oy,24,2026-06-29,not_General
121700,Hehku Energia Oy,24,2026-06-29,not_exact_fixed_segment;not_FixedPrice
121703,Paneliankosken Voima Oy,24,2026-06-29,not_General
121706,Alajärven Sähkö Oy,24,2026-06-29,not_General
121707,Hehku Energia Oy,12,2026-06-29,not_exact_fixed_segment;not_FixedPrice
121708,Nurmijärven Sähkö Oy,24,2026-06-29,not_General
121715,Paneliankosken Voima Oy,12,2026-06-29,not_exact_fixed_segment;not_FixedPrice
121721,Lumme Energia,12,2026-06-29,not_exact_fixed_segment;not_FixedPrice
121724,Nordic Green Energy,12,2026-06-29,not_exact_fixed_segment;not_FixedPrice
121728,Lammaisten Energia Oy,24,2026-06-29,not_General
121729,Pohjois-Karjalan Sähkö Oy,6,2026-06-29,not_General
121734,Vaasan Sähkö Myynti Oy,6,2026-06-29,not_exact_fixed_segment;not_FixedPrice
121735,Vaasan Sähkö Myynti Oy,24,2026-06-29,not_General
121742,Fortum Markets Oy,24,2026-06-29,not_exact_fixed_segment;not_FixedPrice
121748,Paneliankosken Voima Oy,24,2026-06-29,not_exact_fixed_segment;not_FixedPrice
121756,Oomi Oy,6,2026-06-29,not_exact_fixed_segment;not_FixedPrice
121759,Oomi Oy,12,2026-06-29,not_exact_fixed_segment;not_FixedPrice
121764,Porvoon Energia Oy,24,2026-06-29,not_General
121765,Porvoon Energia Oy,12,2026-06-29,not_General
121766,Alajärven Sähkö Oy,12,2026-06-29,not_General
121775,Äänekosken Energia Oy,6,2026-06-29,not_General
121781,Äänekosken Energia Oy,24,2026-06-29,not_General
121785,Vaasan Sähkö Myynti Oy,12,2026-06-29,not_exact_fixed_segment;not_FixedPrice
121787,Paneliankosken Voima Oy,24,2026-06-29,not_exact_fixed_segment;not_FixedPrice;not_General
121788,Porvoon Energia Oy,12,2026-06-29,not_General
121789,Lammaisten Energia Oy,24,2026-06-29,not_exact_fixed_segment;not_FixedPrice
121790,Imatran Seudun Sähkö Oy,6,2026-06-29,not_exact_fixed_segment;not_FixedPrice
121801,Köyliön-Säkylän Sähkö Oy,24,2026-06-29,not_General
121803,Koillis-Satakunnan Sähkö Oy,12,2026-06-29,not_General
121805,Omavoima Oy,24,2026-06-29,not_exact_fixed_segment;not_FixedPrice
121807,Koillis-Satakunnan Sähkö Oy,24,2026-06-29,not_General
121808,Omavoima Oy,24,2026-06-29,not_General
121809,Kokkolan Energia Oy,24,2026-06-29,not_exact_fixed_segment;not_FixedPrice
121813,Koillis-Satakunnan Sähkö Oy,24,2026-06-29,not_exact_fixed_segment;not_FixedPrice
121814,Kokkolan Energia Oy,12,2026-06-29,not_exact_fixed_segment;not_FixedPrice
121815,Köyliön-Säkylän Sähkö Oy,24,2026-06-29,not_General
121818,Turku Energia Oy,12,2026-06-29,not_exact_fixed_segment;not_FixedPrice
121821,Pohjois-Karjalan Sähkö Oy,6,2026-06-29,not_General
121828,Koillis-Satakunnan Sähkö Oy,12,2026-06-29,not_exact_fixed_segment;not_FixedPrice
121833,Helen Oy,24,2026-06-29,not_exact_fixed_segment;not_FixedPrice
121836,Korpelan Energia Oy,12,2026-06-29,not_exact_fixed_segment;not_FixedPrice
121838,Koillis-Satakunnan Sähkö Oy,12,2026-06-29,not_General
121849,Keravan Energia Oy,12,2026-06-29,not_exact_fixed_segment;not_FixedPrice
121852,Koillis-Satakunnan Sähkö Oy,12,2026-06-29,not_General
121854,Nordic Green Energy,24,2026-06-29,not_exact_fixed_segment;not_FixedPrice
121855,Fortum Markets Oy,12,2026-06-29,not_exact_fixed_segment;not_FixedPrice
121863,Keravan Energia Oy,24,2026-06-29,not_exact_fixed_segment;not_FixedPrice
121868,Vaasan Sähkö Myynti Oy,12,2026-06-29,not_General
121873,Lammaisten Energia Oy,12,2026-06-29,not_exact_fixed_segment;not_FixedPrice;not_General
121874,Lammaisten Energia Oy,12,2026-06-29,not_General
121880,Pohjois-Karjalan Sähkö Oy,24,2026-06-29,not_General
121881,Korpelan Energia Oy,24,2026-06-29,not_exact_fixed_segment;not_FixedPrice
121888,Lammaisten Energia Oy,12,2026-06-29,not_General
121894,Porvoon Energia Oy,24,2026-06-29,not_General
121896,Köyliön-Säkylän Sähkö Oy,12,2026-06-29,not_General
121899,Nurmijärven Sähkö Oy,24,2026-06-29,not_General
121902,Lammaisten Energia Oy,12,2026-06-29,not_exact_fixed_segment;not_FixedPrice
121903,Nordic Green Energy,12,2026-06-29,not_exact_fixed_segment;not_FixedPrice
121910,Köyliön-Säkylän Sähkö Oy,12,2026-06-29,not_General
121914,Koillis-Satakunnan Sähkö Oy,24,2026-06-29,not_General
121919,Vaasan Sähkö Myynti Oy,24,2026-06-29,not_exact_fixed_segment;not_FixedPrice
121923,Lammaisten Energia Oy,24,2026-06-29,not_exact_fixed_segment;not_FixedPrice;not_General
121925,Lumme Energia,24,2026-06-29,not_exact_fixed_segment;not_FixedPrice
121926,Äänekosken Energia Oy,12,2026-06-29,not_General
121929,Lammaisten Energia Oy,24,2026-06-29,not_exact_fixed_segment;not_FixedPrice;not_General
121931,Äänekosken Energia Oy,12,2026-06-29,not_General
121932,Nurmijärven Sähkö Oy,12,2026-06-29,not_General
121937,Nordic Green Energy,24,2026-06-29,not_exact_fixed_segment;not_FixedPrice
121946,Keravan Energia Oy,12,2026-06-29,not_exact_fixed_segment;not_FixedPrice
121950,Omavoima Oy,12,2026-06-29,not_General
121956,Lammaisten Energia Oy,12,2026-06-29,not_exact_fixed_segment;not_FixedPrice;not_General
121957,Paneliankosken Voima Oy,12,2026-06-29,not_General
121971,Porvoon Energia Oy,24,2026-06-29,not_General
121972,Paneliankosken Voima Oy,12,2026-06-29,not_exact_fixed_segment;not_FixedPrice;not_General
121976,Omavoima Oy,24,2026-06-29,not_General
121977,Helen Oy,12,2026-06-29,not_exact_fixed_segment;not_FixedPrice
121979,Pohjois-Karjalan Sähkö Oy,12,2026-06-29,not_General
121982,Omavoima Oy,12,2026-06-29,not_General
121987,Oomi Oy,24,2026-06-30,not_exact_fixed_segment;not_FixedPrice
121989,Pohjois-Karjalan Sähkö Oy,24,2026-06-30,not_General
121993,Äänekosken Energia Oy,24,2026-06-30,not_General
121994,Äänekosken Energia Oy,6,2026-06-30,not_General
121998,Pohjois-Karjalan Sähkö Oy,12,2026-06-30,not_General
122001,Keravan Energia Oy,24,2026-06-30,not_exact_fixed_segment;not_FixedPrice
122005,Vaasan Sähkö Myynti Oy,6,2026-06-30,not_General
122010,Imatran Seudun Sähkö Oy,12,2026-06-30,not_exact_fixed_segment;not_FixedPrice
122011,Imatran Seudun Sähkö Oy,24,2026-06-30,not_exact_fixed_segment;not_FixedPrice
122012,Nurmijärven Sähkö Oy,12,2026-06-30,not_General
122015,Lammaisten Energia Oy,24,2026-06-30,not_General
122021,Hehku Energia Oy,24,2026-06-30,not_exact_fixed_segment;not_FixedPrice
122024,Paneliankosken Voima Oy,24,2026-06-30,not_General
122026,Alajärven Sähkö Oy,24,2026-06-30,not_General
122027,Hehku Energia Oy,12,2026-06-30,not_exact_fixed_segment;not_FixedPrice
122028,Nurmijärven Sähkö Oy,24,2026-06-30,not_General
122035,Paneliankosken Voima Oy,12,2026-06-30,not_exact_fixed_segment;not_FixedPrice
122041,Lumme Energia,12,2026-06-30,not_exact_fixed_segment;not_FixedPrice
122046,Nordic Green Energy,12,2026-06-30,not_exact_fixed_segment;not_FixedPrice
122050,Lammaisten Energia Oy,24,2026-06-30,not_General
122051,Pohjois-Karjalan Sähkö Oy,6,2026-06-30,not_General
122056,Vaasan Sähkö Myynti Oy,6,2026-06-30,not_exact_fixed_segment;not_FixedPrice
122057,Vaasan Sähkö Myynti Oy,24,2026-06-30,not_General
122065,Fortum Markets Oy,24,2026-06-30,not_exact_fixed_segment;not_FixedPrice
122071,Paneliankosken Voima Oy,24,2026-06-30,not_exact_fixed_segment;not_FixedPrice
122078,Oomi Oy,6,2026-06-30,not_exact_fixed_segment;not_FixedPrice
122081,Oomi Oy,12,2026-06-30,not_exact_fixed_segment;not_FixedPrice
122086,Porvoon Energia Oy,24,2026-06-30,not_General
122087,Porvoon Energia Oy,12,2026-06-30,not_General
122089,Alajärven Sähkö Oy,12,2026-06-30,not_General
122097,Äänekosken Energia Oy,6,2026-06-30,not_General
122103,Äänekosken Energia Oy,24,2026-06-30,not_General
122107,Vaasan Sähkö Myynti Oy,12,2026-06-30,not_exact_fixed_segment;not_FixedPrice
122109,Paneliankosken Voima Oy,24,2026-06-30,not_exact_fixed_segment;not_FixedPrice;not_General
122110,Porvoon Energia Oy,12,2026-06-30,not_General
122111,Lammaisten Energia Oy,24,2026-06-30,not_exact_fixed_segment;not_FixedPrice
122112,Imatran Seudun Sähkö Oy,6,2026-06-30,not_exact_fixed_segment;not_FixedPrice
122122,Köyliön-Säkylän Sähkö Oy,24,2026-06-30,not_General
122124,Koillis-Satakunnan Sähkö Oy,12,2026-06-30,not_General
122126,Omavoima Oy,24,2026-06-30,not_exact_fixed_segment;not_FixedPrice
122128,Koillis-Satakunnan Sähkö Oy,24,2026-06-30,not_General
122129,Omavoima Oy,24,2026-06-30,not_General
122133,Koillis-Satakunnan Sähkö Oy,24,2026-06-30,not_exact_fixed_segment;not_FixedPrice
122134,Kokkolan Energia Oy,12,2026-06-30,not_exact_fixed_segment;not_FixedPrice
122135,Köyliön-Säkylän Sähkö Oy,24,2026-06-30,not_General
122138,Turku Energia Oy,12,2026-06-30,not_exact_fixed_segment;not_FixedPrice
122141,Pohjois-Karjalan Sähkö Oy,6,2026-06-30,not_General
122145,Helen Oy,12,2026-06-30,not_exact_fixed_segment;not_FixedPrice
122149,Koillis-Satakunnan Sähkö Oy,12,2026-06-30,not_exact_fixed_segment;not_FixedPrice
122154,Korpelan Energia Oy,12,2026-06-30,not_exact_fixed_segment;not_FixedPrice
122156,Koillis-Satakunnan Sähkö Oy,12,2026-06-30,not_General
122165,Kokkolan Energia Oy,24,2026-06-30,not_exact_fixed_segment;not_FixedPrice
122168,Keravan Energia Oy,12,2026-06-30,not_exact_fixed_segment;not_FixedPrice
122171,Koillis-Satakunnan Sähkö Oy,12,2026-06-30,not_General
122173,Nordic Green Energy,24,2026-06-30,not_exact_fixed_segment;not_FixedPrice
122174,Fortum Markets Oy,12,2026-06-30,not_exact_fixed_segment;not_FixedPrice
122182,Keravan Energia Oy,24,2026-06-30,not_exact_fixed_segment;not_FixedPrice
122187,Vaasan Sähkö Myynti Oy,12,2026-06-30,not_General
122193,Lammaisten Energia Oy,12,2026-06-30,not_exact_fixed_segment;not_FixedPrice;not_General
122194,Lammaisten Energia Oy,12,2026-06-30,not_General
122200,Pohjois-Karjalan Sähkö Oy,24,2026-06-30,not_General
122201,Korpelan Energia Oy,24,2026-06-30,not_exact_fixed_segment;not_FixedPrice
122207,Lammaisten Energia Oy,12,2026-06-30,not_General
122213,Porvoon Energia Oy,24,2026-06-30,not_General
122216,Köyliön-Säkylän Sähkö Oy,12,2026-06-30,not_General
122218,Nurmijärven Sähkö Oy,24,2026-06-30,not_General
122221,Lammaisten Energia Oy,12,2026-06-30,not_exact_fixed_segment;not_FixedPrice
122222,Nordic Green Energy,12,2026-06-30,not_exact_fixed_segment;not_FixedPrice
122228,Köyliön-Säkylän Sähkö Oy,12,2026-06-30,not_General
122233,Koillis-Satakunnan Sähkö Oy,24,2026-06-30,not_General
122237,Vaasan Sähkö Myynti Oy,24,2026-06-30,not_exact_fixed_segment;not_FixedPrice
122238,Helen Oy,24,2026-06-30,not_exact_fixed_segment;not_FixedPrice
122242,Lammaisten Energia Oy,24,2026-06-30,not_exact_fixed_segment;not_FixedPrice;not_General
122244,Lumme Energia,24,2026-06-30,not_exact_fixed_segment;not_FixedPrice
122245,Äänekosken Energia Oy,12,2026-06-30,not_General
122248,Lammaisten Energia Oy,24,2026-06-30,not_exact_fixed_segment;not_FixedPrice;not_General
122250,Äänekosken Energia Oy,12,2026-06-30,not_General
122251,Nurmijärven Sähkö Oy,12,2026-06-30,not_General
122256,Nordic Green Energy,24,2026-06-30,not_exact_fixed_segment;not_FixedPrice
122266,Keravan Energia Oy,12,2026-06-30,not_exact_fixed_segment;not_FixedPrice
122270,Omavoima Oy,12,2026-06-30,not_General
122276,Lammaisten Energia Oy,12,2026-06-30,not_exact_fixed_segment;not_FixedPrice;not_General
122277,Paneliankosken Voima Oy,12,2026-06-30,not_General
122289,Porvoon Energia Oy,24,2026-06-30,not_General
122290,Paneliankosken Voima Oy,12,2026-06-30,not_exact_fixed_segment;not_FixedPrice;not_General
122294,Omavoima Oy,24,2026-06-30,not_General
122296,Pohjois-Karjalan Sähkö Oy,12,2026-06-30,not_General
122299,Omavoima Oy,12,2026-06-30,not_General
122305,Oomi Oy,24,2026-07-01,not_exact_fixed_segment;not_FixedPrice
122307,Pohjois-Karjalan Sähkö Oy,24,2026-07-01,not_General
122312,Äänekosken Energia Oy,24,2026-07-01,not_General
122313,Äänekosken Energia Oy,6,2026-07-01,not_General
122316,Pohjois-Karjalan Sähkö Oy,12,2026-07-01,not_General
122319,Keravan Energia Oy,24,2026-07-01,not_exact_fixed_segment;not_FixedPrice
122323,Vaasan Sähkö Myynti Oy,6,2026-07-01,not_General
122328,Imatran Seudun Sähkö Oy,12,2026-07-01,not_exact_fixed_segment;not_FixedPrice
122329,Imatran Seudun Sähkö Oy,24,2026-07-01,not_exact_fixed_segment;not_FixedPrice
122330,Nurmijärven Sähkö Oy,12,2026-07-01,not_General
122333,Lammaisten Energia Oy,24,2026-07-01,not_General
122338,Hehku Energia Oy,24,2026-07-01,not_exact_fixed_segment;not_FixedPrice
122340,Paneliankosken Voima Oy,24,2026-07-01,not_General
122342,Alajärven Sähkö Oy,24,2026-07-01,not_General
122343,Hehku Energia Oy,12,2026-07-01,not_exact_fixed_segment;not_FixedPrice
122345,Nurmijärven Sähkö Oy,24,2026-07-01,not_General
122352,Paneliankosken Voima Oy,12,2026-07-01,not_exact_fixed_segment;not_FixedPrice
122358,Lumme Energia,12,2026-07-01,not_exact_fixed_segment;not_FixedPrice
122364,Nordic Green Energy,24,2026-07-01,not_exact_fixed_segment;not_FixedPrice
122367,Porvoon Energia Oy,12,2026-07-01,not_General
122368,Nordic Green Energy,12,2026-07-01,not_exact_fixed_segment;not_FixedPrice
122370,Lammaisten Energia Oy,24,2026-07-01,not_General
122371,Pohjois-Karjalan Sähkö Oy,6,2026-07-01,not_General
122378,Vaasan Sähkö Myynti Oy,6,2026-07-01,not_exact_fixed_segment;not_FixedPrice
122379,Vaasan Sähkö Myynti Oy,24,2026-07-01,not_General
122386,Fortum Markets Oy,24,2026-07-01,not_exact_fixed_segment;not_FixedPrice
122392,Paneliankosken Voima Oy,24,2026-07-01,not_exact_fixed_segment;not_FixedPrice
122402,Oomi Oy,6,2026-07-01,not_exact_fixed_segment;not_FixedPrice
122405,Oomi Oy,12,2026-07-01,not_exact_fixed_segment;not_FixedPrice
122410,Porvoon Energia Oy,24,2026-07-01,not_General
122413,Alajärven Sähkö Oy,12,2026-07-01,not_General
122419,Porvoon Energia Oy,12,2026-07-01,not_General
122422,Äänekosken Energia Oy,6,2026-07-01,not_General
122430,Äänekosken Energia Oy,24,2026-07-01,not_General
122433,Vaasan Sähkö Myynti Oy,12,2026-07-01,not_exact_fixed_segment;not_FixedPrice
122435,Paneliankosken Voima Oy,24,2026-07-01,not_exact_fixed_segment;not_FixedPrice;not_General
122436,Lammaisten Energia Oy,24,2026-07-01,not_exact_fixed_segment;not_FixedPrice
122437,Imatran Seudun Sähkö Oy,6,2026-07-01,not_exact_fixed_segment;not_FixedPrice
122450,Köyliön-Säkylän Sähkö Oy,24,2026-07-01,not_General
122452,Koillis-Satakunnan Sähkö Oy,12,2026-07-01,not_General
122454,Omavoima Oy,24,2026-07-01,not_exact_fixed_segment;not_FixedPrice
122456,Koillis-Satakunnan Sähkö Oy,24,2026-07-01,not_General
122457,Omavoima Oy,24,2026-07-01,not_General
122460,Koillis-Satakunnan Sähkö Oy,24,2026-07-01,not_exact_fixed_segment;not_FixedPrice
122462,Kokkolan Energia Oy,12,2026-07-01,not_exact_fixed_segment;not_FixedPrice
122463,Köyliön-Säkylän Sähkö Oy,24,2026-07-01,not_General
122466,Turku Energia Oy,12,2026-07-01,not_exact_fixed_segment;not_FixedPrice
122469,Pohjois-Karjalan Sähkö Oy,6,2026-07-01,not_General
122473,Helen Oy,12,2026-07-01,not_exact_fixed_segment;not_FixedPrice
122476,Koillis-Satakunnan Sähkö Oy,12,2026-07-01,not_exact_fixed_segment;not_FixedPrice
122481,Korpelan Energia Oy,12,2026-07-01,not_exact_fixed_segment;not_FixedPrice
122483,Koillis-Satakunnan Sähkö Oy,12,2026-07-01,not_General
122492,Nordic Green Energy,12,2026-07-01,not_exact_fixed_segment;not_FixedPrice
122495,Kokkolan Energia Oy,24,2026-07-01,not_exact_fixed_segment;not_FixedPrice
122498,Keravan Energia Oy,12,2026-07-01,not_exact_fixed_segment;not_FixedPrice
122501,Koillis-Satakunnan Sähkö Oy,12,2026-07-01,not_General
122503,Fortum Markets Oy,12,2026-07-01,not_exact_fixed_segment;not_FixedPrice
122511,Keravan Energia Oy,24,2026-07-01,not_exact_fixed_segment;not_FixedPrice
122514,Vaasan Sähkö Myynti Oy,12,2026-07-01,not_General
122517,Lammaisten Energia Oy,12,2026-07-01,not_exact_fixed_segment;not_FixedPrice;not_General
122519,Lammaisten Energia Oy,12,2026-07-01,not_General
122524,Pohjois-Karjalan Sähkö Oy,24,2026-07-01,not_General
122525,Korpelan Energia Oy,24,2026-07-01,not_exact_fixed_segment;not_FixedPrice
122531,Lammaisten Energia Oy,12,2026-07-01,not_General
122537,Porvoon Energia Oy,24,2026-07-01,not_General
122541,Köyliön-Säkylän Sähkö Oy,12,2026-07-01,not_General
122543,Nurmijärven Sähkö Oy,24,2026-07-01,not_General
122546,Lammaisten Energia Oy,12,2026-07-01,not_exact_fixed_segment;not_FixedPrice
122553,Köyliön-Säkylän Sähkö Oy,12,2026-07-01,not_General
122557,Koillis-Satakunnan Sähkö Oy,24,2026-07-01,not_General
122561,Vaasan Sähkö Myynti Oy,24,2026-07-01,not_exact_fixed_segment;not_FixedPrice
122562,Helen Oy,24,2026-07-01,not_exact_fixed_segment;not_FixedPrice
122566,Lammaisten Energia Oy,24,2026-07-01,not_exact_fixed_segment;not_FixedPrice;not_General
122568,Nordic Green Energy,24,2026-07-01,not_exact_fixed_segment;not_FixedPrice
122569,Lumme Energia,24,2026-07-01,not_exact_fixed_segment;not_FixedPrice
122570,Äänekosken Energia Oy,12,2026-07-01,not_General
122573,Lammaisten Energia Oy,24,2026-07-01,not_exact_fixed_segment;not_FixedPrice;not_General
122575,Äänekosken Energia Oy,12,2026-07-01,not_General
122576,Nurmijärven Sähkö Oy,12,2026-07-01,not_General
122586,Keravan Energia Oy,12,2026-07-01,not_exact_fixed_segment;not_FixedPrice
122590,Omavoima Oy,12,2026-07-01,not_General
122595,Lammaisten Energia Oy,12,2026-07-01,not_exact_fixed_segment;not_FixedPrice;not_General
122596,Paneliankosken Voima Oy,12,2026-07-01,not_General
122605,Porvoon Energia Oy,24,2026-07-01,not_General
122606,Paneliankosken Voima Oy,12,2026-07-01,not_exact_fixed_segment;not_FixedPrice;not_General
122610,Omavoima Oy,24,2026-07-01,not_General
122612,Pohjois-Karjalan Sähkö Oy,12,2026-07-01,not_General
122615,Omavoima Oy,12,2026-07-01,not_General
122621,Oomi Oy,24,2026-07-02,not_exact_fixed_segment;not_FixedPrice
122623,Pohjois-Karjalan Sähkö Oy,24,2026-07-02,not_General
122629,Äänekosken Energia Oy,24,2026-07-02,not_General
122630,Äänekosken Energia Oy,6,2026-07-02,not_General
122632,Pohjois-Karjalan Sähkö Oy,12,2026-07-02,not_General
122635,Keravan Energia Oy,24,2026-07-02,not_exact_fixed_segment;not_FixedPrice
122643,Imatran Seudun Sähkö Oy,12,2026-07-02,not_exact_fixed_segment;not_FixedPrice
122644,Imatran Seudun Sähkö Oy,24,2026-07-02,not_exact_fixed_segment;not_FixedPrice
122645,Nurmijärven Sähkö Oy,12,2026-07-02,not_General
122649,Lammaisten Energia Oy,24,2026-07-02,not_General
122654,Hehku Energia Oy,24,2026-07-02,not_exact_fixed_segment;not_FixedPrice
122656,Paneliankosken Voima Oy,24,2026-07-02,not_General
122658,Alajärven Sähkö Oy,24,2026-07-02,not_General
122659,Hehku Energia Oy,12,2026-07-02,not_exact_fixed_segment;not_FixedPrice
122661,Nurmijärven Sähkö Oy,24,2026-07-02,not_General
122668,Paneliankosken Voima Oy,12,2026-07-02,not_exact_fixed_segment;not_FixedPrice
122674,Lumme Energia,12,2026-07-02,not_exact_fixed_segment;not_FixedPrice
122680,Nordic Green Energy,24,2026-07-02,not_exact_fixed_segment;not_FixedPrice
122683,Porvoon Energia Oy,12,2026-07-02,not_General
122684,Nordic Green Energy,12,2026-07-02,not_exact_fixed_segment;not_FixedPrice
122686,Lammaisten Energia Oy,24,2026-07-02,not_General
122687,Pohjois-Karjalan Sähkö Oy,6,2026-07-02,not_General
122694,Vaasan Sähkö Myynti Oy,24,2026-07-02,not_exact_fixed_segment;not_FixedPrice
122700,Fortum Markets Oy,24,2026-07-02,not_exact_fixed_segment;not_FixedPrice
122706,Paneliankosken Voima Oy,24,2026-07-02,not_exact_fixed_segment;not_FixedPrice
122716,Oomi Oy,6,2026-07-02,not_exact_fixed_segment;not_FixedPrice
122719,Oomi Oy,12,2026-07-02,not_exact_fixed_segment;not_FixedPrice
122726,Alajärven Sähkö Oy,12,2026-07-02,not_General
122727,Vaasan Sähkö Myynti Oy,24,2026-07-02,not_General
122733,Porvoon Energia Oy,12,2026-07-02,not_General
122736,Äänekosken Energia Oy,6,2026-07-02,not_General
122744,Äänekosken Energia Oy,24,2026-07-02,not_General
122748,Paneliankosken Voima Oy,24,2026-07-02,not_exact_fixed_segment;not_FixedPrice;not_General
122749,Lammaisten Energia Oy,24,2026-07-02,not_exact_fixed_segment;not_FixedPrice
122750,Imatran Seudun Sähkö Oy,6,2026-07-02,not_exact_fixed_segment;not_FixedPrice
122757,Vaasan Sähkö Myynti Oy,12,2026-07-02,not_exact_fixed_segment;not_FixedPrice
122764,Köyliön-Säkylän Sähkö Oy,24,2026-07-02,not_General
122766,Koillis-Satakunnan Sähkö Oy,12,2026-07-02,not_General
122768,Porvoon Energia Oy,24,2026-07-02,not_General
122769,Omavoima Oy,24,2026-07-02,not_exact_fixed_segment;not_FixedPrice
122771,Koillis-Satakunnan Sähkö Oy,24,2026-07-02,not_General
122772,Omavoima Oy,24,2026-07-02,not_General
122775,Koillis-Satakunnan Sähkö Oy,24,2026-07-02,not_exact_fixed_segment;not_FixedPrice
122777,Kokkolan Energia Oy,12,2026-07-02,not_exact_fixed_segment;not_FixedPrice
122778,Köyliön-Säkylän Sähkö Oy,24,2026-07-02,not_General
122781,Turku Energia Oy,12,2026-07-02,not_exact_fixed_segment;not_FixedPrice
122784,Pohjois-Karjalan Sähkö Oy,6,2026-07-02,not_General
122788,Helen Oy,12,2026-07-02,not_exact_fixed_segment;not_FixedPrice
122791,Koillis-Satakunnan Sähkö Oy,12,2026-07-02,not_exact_fixed_segment;not_FixedPrice
122796,Korpelan Energia Oy,12,2026-07-02,not_exact_fixed_segment;not_FixedPrice
122798,Koillis-Satakunnan Sähkö Oy,12,2026-07-02,not_General
122800,Vaasan Sähkö Myynti Oy,6,2026-07-02,not_General
122807,Nordic Green Energy,12,2026-07-02,not_exact_fixed_segment;not_FixedPrice
122810,Kokkolan Energia Oy,24,2026-07-02,not_exact_fixed_segment;not_FixedPrice
122813,Keravan Energia Oy,12,2026-07-02,not_exact_fixed_segment;not_FixedPrice
122816,Koillis-Satakunnan Sähkö Oy,12,2026-07-02,not_General
122818,Fortum Markets Oy,12,2026-07-02,not_exact_fixed_segment;not_FixedPrice
122825,Keravan Energia Oy,24,2026-07-02,not_exact_fixed_segment;not_FixedPrice
122829,Lammaisten Energia Oy,12,2026-07-02,not_exact_fixed_segment;not_FixedPrice;not_General
122831,Lammaisten Energia Oy,12,2026-07-02,not_General
122836,Pohjois-Karjalan Sähkö Oy,24,2026-07-02,not_General
122837,Korpelan Energia Oy,24,2026-07-02,not_exact_fixed_segment;not_FixedPrice
122843,Lammaisten Energia Oy,12,2026-07-02,not_General
122849,Porvoon Energia Oy,24,2026-07-02,not_General
122853,Köyliön-Säkylän Sähkö Oy,12,2026-07-02,not_General
122855,Nurmijärven Sähkö Oy,24,2026-07-02,not_General
122858,Lammaisten Energia Oy,12,2026-07-02,not_exact_fixed_segment;not_FixedPrice
122865,Köyliön-Säkylän Sähkö Oy,12,2026-07-02,not_General
122869,Koillis-Satakunnan Sähkö Oy,24,2026-07-02,not_General
122872,Helen Oy,24,2026-07-02,not_exact_fixed_segment;not_FixedPrice
122879,Lammaisten Energia Oy,24,2026-07-02,not_exact_fixed_segment;not_FixedPrice;not_General
122881,Nordic Green Energy,24,2026-07-02,not_exact_fixed_segment;not_FixedPrice
122882,Lumme Energia,24,2026-07-02,not_exact_fixed_segment;not_FixedPrice
122883,Äänekosken Energia Oy,12,2026-07-02,not_General
122886,Lammaisten Energia Oy,24,2026-07-02,not_exact_fixed_segment;not_FixedPrice;not_General
122888,Äänekosken Energia Oy,12,2026-07-02,not_General
122889,Nurmijärven Sähkö Oy,12,2026-07-02,not_General
122900,Keravan Energia Oy,12,2026-07-02,not_exact_fixed_segment;not_FixedPrice
122904,Omavoima Oy,12,2026-07-02,not_General
122907,Vaasan Sähkö Myynti Oy,12,2026-07-02,not_General
122910,Lammaisten Energia Oy,12,2026-07-02,not_exact_fixed_segment;not_FixedPrice;not_General
122911,Paneliankosken Voima Oy,12,2026-07-02,not_General
122920,Porvoon Energia Oy,24,2026-07-02,not_General
122921,Vaasan Sähkö Myynti Oy,6,2026-07-02,not_exact_fixed_segment;not_FixedPrice
122922,Paneliankosken Voima Oy,12,2026-07-02,not_exact_fixed_segment;not_FixedPrice;not_General
122926,Omavoima Oy,24,2026-07-02,not_General
122928,Pohjois-Karjalan Sähkö Oy,12,2026-07-02,not_General
122931,Omavoima Oy,12,2026-07-02,not_General
122938,Pohjois-Karjalan Sähkö Oy,24,2026-07-03,not_General
122944,Äänekosken Energia Oy,24,2026-07-03,not_General
122945,Äänekosken Energia Oy,6,2026-07-03,not_General
122947,Pohjois-Karjalan Sähkö Oy,12,2026-07-03,not_General
122950,Keravan Energia Oy,24,2026-07-03,not_exact_fixed_segment;not_FixedPrice
122954,Oomi Oy,24,2026-07-03,not_exact_fixed_segment;not_FixedPrice
122959,Imatran Seudun Sähkö Oy,12,2026-07-03,not_exact_fixed_segment;not_FixedPrice
122960,Imatran Seudun Sähkö Oy,24,2026-07-03,not_exact_fixed_segment;not_FixedPrice
122961,Nurmijärven Sähkö Oy,12,2026-07-03,not_General
122965,Lammaisten Energia Oy,24,2026-07-03,not_General
122970,Hehku Energia Oy,24,2026-07-03,not_exact_fixed_segment;not_FixedPrice
122972,Paneliankosken Voima Oy,24,2026-07-03,not_General
122974,Alajärven Sähkö Oy,24,2026-07-03,not_General
122975,Hehku Energia Oy,12,2026-07-03,not_exact_fixed_segment;not_FixedPrice
122977,Nurmijärven Sähkö Oy,24,2026-07-03,not_General
122984,Paneliankosken Voima Oy,12,2026-07-03,not_exact_fixed_segment;not_FixedPrice
122990,Lumme Energia,12,2026-07-03,not_exact_fixed_segment;not_FixedPrice
122996,Nordic Green Energy,24,2026-07-03,not_exact_fixed_segment;not_FixedPrice
122998,Porvoon Energia Oy,12,2026-07-03,not_General
122999,Nordic Green Energy,12,2026-07-03,not_exact_fixed_segment;not_FixedPrice
123001,Lammaisten Energia Oy,24,2026-07-03,not_General
123002,Pohjois-Karjalan Sähkö Oy,6,2026-07-03,not_General
123009,Vaasan Sähkö Myynti Oy,24,2026-07-03,not_exact_fixed_segment;not_FixedPrice
123015,Fortum Markets Oy,24,2026-07-03,not_exact_fixed_segment;not_FixedPrice
123021,Paneliankosken Voima Oy,24,2026-07-03,not_exact_fixed_segment;not_FixedPrice
123038,Alajärven Sähkö Oy,12,2026-07-03,not_General
123039,Vaasan Sähkö Myynti Oy,24,2026-07-03,not_General
123045,Porvoon Energia Oy,12,2026-07-03,not_General
123048,Äänekosken Energia Oy,6,2026-07-03,not_General
123056,Äänekosken Energia Oy,24,2026-07-03,not_General
123060,Paneliankosken Voima Oy,24,2026-07-03,not_exact_fixed_segment;not_FixedPrice;not_General
123061,Lammaisten Energia Oy,24,2026-07-03,not_exact_fixed_segment;not_FixedPrice
123062,Imatran Seudun Sähkö Oy,6,2026-07-03,not_exact_fixed_segment;not_FixedPrice
123069,Vaasan Sähkö Myynti Oy,12,2026-07-03,not_exact_fixed_segment;not_FixedPrice
123076,Köyliön-Säkylän Sähkö Oy,24,2026-07-03,not_General
123078,Koillis-Satakunnan Sähkö Oy,12,2026-07-03,not_General
123079,Porvoon Energia Oy,24,2026-07-03,not_General
123080,Omavoima Oy,24,2026-07-03,not_exact_fixed_segment;not_FixedPrice
123082,Koillis-Satakunnan Sähkö Oy,24,2026-07-03,not_General
123083,Omavoima Oy,24,2026-07-03,not_General
123086,Koillis-Satakunnan Sähkö Oy,24,2026-07-03,not_exact_fixed_segment;not_FixedPrice
123088,Kokkolan Energia Oy,12,2026-07-03,not_exact_fixed_segment;not_FixedPrice
123089,Köyliön-Säkylän Sähkö Oy,24,2026-07-03,not_General
123092,Turku Energia Oy,12,2026-07-03,not_exact_fixed_segment;not_FixedPrice
123095,Pohjois-Karjalan Sähkö Oy,6,2026-07-03,not_General
123099,Helen Oy,12,2026-07-03,not_exact_fixed_segment;not_FixedPrice
123102,Koillis-Satakunnan Sähkö Oy,12,2026-07-03,not_exact_fixed_segment;not_FixedPrice
123107,Oomi Oy,12,2026-07-03,not_exact_fixed_segment;not_FixedPrice
123109,Korpelan Energia Oy,12,2026-07-03,not_exact_fixed_segment;not_FixedPrice
123111,Koillis-Satakunnan Sähkö Oy,12,2026-07-03,not_General
123113,Vaasan Sähkö Myynti Oy,6,2026-07-03,not_General
123120,Nordic Green Energy,12,2026-07-03,not_exact_fixed_segment;not_FixedPrice
123123,Kokkolan Energia Oy,24,2026-07-03,not_exact_fixed_segment;not_FixedPrice
123126,Keravan Energia Oy,12,2026-07-03,not_exact_fixed_segment;not_FixedPrice
123129,Koillis-Satakunnan Sähkö Oy,12,2026-07-03,not_General
123131,Fortum Markets Oy,12,2026-07-03,not_exact_fixed_segment;not_FixedPrice
123138,Keravan Energia Oy,24,2026-07-03,not_exact_fixed_segment;not_FixedPrice
123142,Lammaisten Energia Oy,12,2026-07-03,not_exact_fixed_segment;not_FixedPrice;not_General
123144,Lammaisten Energia Oy,12,2026-07-03,not_General
123149,Pohjois-Karjalan Sähkö Oy,24,2026-07-03,not_General
123150,Korpelan Energia Oy,24,2026-07-03,not_exact_fixed_segment;not_FixedPrice
123156,Lammaisten Energia Oy,12,2026-07-03,not_General
123161,Porvoon Energia Oy,24,2026-07-03,not_General
123165,Köyliön-Säkylän Sähkö Oy,12,2026-07-03,not_General
123167,Nurmijärven Sähkö Oy,24,2026-07-03,not_General
123170,Lammaisten Energia Oy,12,2026-07-03,not_exact_fixed_segment;not_FixedPrice
123177,Köyliön-Säkylän Sähkö Oy,12,2026-07-03,not_General
123181,Koillis-Satakunnan Sähkö Oy,24,2026-07-03,not_General
123184,Helen Oy,24,2026-07-03,not_exact_fixed_segment;not_FixedPrice
123191,Lammaisten Energia Oy,24,2026-07-03,not_exact_fixed_segment;not_FixedPrice;not_General
123193,Nordic Green Energy,24,2026-07-03,not_exact_fixed_segment;not_FixedPrice
123194,Lumme Energia,24,2026-07-03,not_exact_fixed_segment;not_FixedPrice
123196,Äänekosken Energia Oy,12,2026-07-03,not_General
123199,Lammaisten Energia Oy,24,2026-07-03,not_exact_fixed_segment;not_FixedPrice;not_General
123201,Äänekosken Energia Oy,12,2026-07-03,not_General
123202,Nurmijärven Sähkö Oy,12,2026-07-03,not_General
123213,Keravan Energia Oy,12,2026-07-03,not_exact_fixed_segment;not_FixedPrice
123217,Omavoima Oy,12,2026-07-03,not_General
123220,Vaasan Sähkö Myynti Oy,12,2026-07-03,not_General
123223,Lammaisten Energia Oy,12,2026-07-03,not_exact_fixed_segment;not_FixedPrice;not_General
123224,Paneliankosken Voima Oy,12,2026-07-03,not_General
123233,Porvoon Energia Oy,24,2026-07-03,not_General
123234,Vaasan Sähkö Myynti Oy,6,2026-07-03,not_exact_fixed_segment;not_FixedPrice
123235,Paneliankosken Voima Oy,12,2026-07-03,not_exact_fixed_segment;not_FixedPrice;not_General
123239,Omavoima Oy,24,2026-07-03,not_General
123241,Pohjois-Karjalan Sähkö Oy,12,2026-07-03,not_General
123244,Omavoima Oy,12,2026-07-03,not_General
123251,Pohjois-Karjalan Sähkö Oy,24,2026-07-04,not_General
123257,Äänekosken Energia Oy,24,2026-07-04,not_General
123258,Äänekosken Energia Oy,6,2026-07-04,not_General
123260,Pohjois-Karjalan Sähkö Oy,12,2026-07-04,not_General
123263,Keravan Energia Oy,24,2026-07-04,not_exact_fixed_segment;not_FixedPrice
123267,Oomi Oy,24,2026-07-04,not_exact_fixed_segment;not_FixedPrice
123272,Imatran Seudun Sähkö Oy,12,2026-07-04,not_exact_fixed_segment;not_FixedPrice
123273,Imatran Seudun Sähkö Oy,24,2026-07-04,not_exact_fixed_segment;not_FixedPrice
123274,Nurmijärven Sähkö Oy,12,2026-07-04,not_General
123278,Lammaisten Energia Oy,24,2026-07-04,not_General
123283,Hehku Energia Oy,24,2026-07-04,not_exact_fixed_segment;not_FixedPrice
123284,Paneliankosken Voima Oy,24,2026-07-04,not_General
123286,Alajärven Sähkö Oy,24,2026-07-04,not_General
123287,Hehku Energia Oy,12,2026-07-04,not_exact_fixed_segment;not_FixedPrice
123289,Nurmijärven Sähkö Oy,24,2026-07-04,not_General
123296,Paneliankosken Voima Oy,12,2026-07-04,not_exact_fixed_segment;not_FixedPrice
123306,Nordic Green Energy,24,2026-07-04,not_exact_fixed_segment;not_FixedPrice
123308,Porvoon Energia Oy,12,2026-07-04,not_General
123309,Nordic Green Energy,12,2026-07-04,not_exact_fixed_segment;not_FixedPrice
123311,Lammaisten Energia Oy,24,2026-07-04,not_General
123312,Pohjois-Karjalan Sähkö Oy,6,2026-07-04,not_General
123319,Vaasan Sähkö Myynti Oy,24,2026-07-04,not_exact_fixed_segment;not_FixedPrice
123325,Fortum Markets Oy,24,2026-07-04,not_exact_fixed_segment;not_FixedPrice
123331,Paneliankosken Voima Oy,24,2026-07-04,not_exact_fixed_segment;not_FixedPrice
123348,Alajärven Sähkö Oy,12,2026-07-04,not_General
123349,Lumme Energia,12,2026-07-04,not_exact_fixed_segment;not_FixedPrice
123350,Vaasan Sähkö Myynti Oy,24,2026-07-04,not_General
123356,Porvoon Energia Oy,12,2026-07-04,not_General
123359,Äänekosken Energia Oy,6,2026-07-04,not_General
123367,Äänekosken Energia Oy,24,2026-07-04,not_General
123371,Paneliankosken Voima Oy,24,2026-07-04,not_exact_fixed_segment;not_FixedPrice;not_General
123372,Lammaisten Energia Oy,24,2026-07-04,not_exact_fixed_segment;not_FixedPrice
123373,Imatran Seudun Sähkö Oy,6,2026-07-04,not_exact_fixed_segment;not_FixedPrice
123380,Vaasan Sähkö Myynti Oy,12,2026-07-04,not_exact_fixed_segment;not_FixedPrice
123387,Köyliön-Säkylän Sähkö Oy,24,2026-07-04,not_General
123389,Koillis-Satakunnan Sähkö Oy,12,2026-07-04,not_General
123390,Porvoon Energia Oy,24,2026-07-04,not_General
123391,Omavoima Oy,24,2026-07-04,not_exact_fixed_segment;not_FixedPrice
123393,Koillis-Satakunnan Sähkö Oy,24,2026-07-04,not_General
123394,Omavoima Oy,24,2026-07-04,not_General
123397,Koillis-Satakunnan Sähkö Oy,24,2026-07-04,not_exact_fixed_segment;not_FixedPrice
123399,Kokkolan Energia Oy,12,2026-07-04,not_exact_fixed_segment;not_FixedPrice
123400,Köyliön-Säkylän Sähkö Oy,24,2026-07-04,not_General
123403,Turku Energia Oy,12,2026-07-04,not_exact_fixed_segment;not_FixedPrice
123406,Pohjois-Karjalan Sähkö Oy,6,2026-07-04,not_General
123410,Helen Oy,12,2026-07-04,not_exact_fixed_segment;not_FixedPrice
123413,Koillis-Satakunnan Sähkö Oy,12,2026-07-04,not_exact_fixed_segment;not_FixedPrice
123418,Oomi Oy,12,2026-07-04,not_exact_fixed_segment;not_FixedPrice
123420,Korpelan Energia Oy,12,2026-07-04,not_exact_fixed_segment;not_FixedPrice
123422,Koillis-Satakunnan Sähkö Oy,12,2026-07-04,not_General
123424,Vaasan Sähkö Myynti Oy,6,2026-07-04,not_General
123431,Nordic Green Energy,12,2026-07-04,not_exact_fixed_segment;not_FixedPrice
123434,Kokkolan Energia Oy,24,2026-07-04,not_exact_fixed_segment;not_FixedPrice
123437,Keravan Energia Oy,12,2026-07-04,not_exact_fixed_segment;not_FixedPrice
123440,Koillis-Satakunnan Sähkö Oy,12,2026-07-04,not_General
123442,Fortum Markets Oy,12,2026-07-04,not_exact_fixed_segment;not_FixedPrice
123449,Keravan Energia Oy,24,2026-07-04,not_exact_fixed_segment;not_FixedPrice
123453,Lammaisten Energia Oy,12,2026-07-04,not_exact_fixed_segment;not_FixedPrice;not_General
123455,Lammaisten Energia Oy,12,2026-07-04,not_General
123460,Pohjois-Karjalan Sähkö Oy,24,2026-07-04,not_General
123461,Korpelan Energia Oy,24,2026-07-04,not_exact_fixed_segment;not_FixedPrice
123467,Lammaisten Energia Oy,12,2026-07-04,not_General
123472,Porvoon Energia Oy,24,2026-07-04,not_General
123476,Köyliön-Säkylän Sähkö Oy,12,2026-07-04,not_General
123478,Nurmijärven Sähkö Oy,24,2026-07-04,not_General
123481,Lammaisten Energia Oy,12,2026-07-04,not_exact_fixed_segment;not_FixedPrice
123489,Köyliön-Säkylän Sähkö Oy,12,2026-07-04,not_General
123493,Koillis-Satakunnan Sähkö Oy,24,2026-07-04,not_General
123496,Lumme Energia,24,2026-07-04,not_exact_fixed_segment;not_FixedPrice
123497,Helen Oy,24,2026-07-04,not_exact_fixed_segment;not_FixedPrice
123504,Lammaisten Energia Oy,24,2026-07-04,not_exact_fixed_segment;not_FixedPrice;not_General
123506,Nordic Green Energy,24,2026-07-04,not_exact_fixed_segment;not_FixedPrice
123508,Äänekosken Energia Oy,12,2026-07-04,not_General
123511,Lammaisten Energia Oy,24,2026-07-04,not_exact_fixed_segment;not_FixedPrice;not_General
123513,Äänekosken Energia Oy,12,2026-07-04,not_General
123514,Nurmijärven Sähkö Oy,12,2026-07-04,not_General
123526,Keravan Energia Oy,12,2026-07-04,not_exact_fixed_segment;not_FixedPrice
123530,Omavoima Oy,12,2026-07-04,not_General
123533,Vaasan Sähkö Myynti Oy,12,2026-07-04,not_General
123536,Lammaisten Energia Oy,12,2026-07-04,not_exact_fixed_segment;not_FixedPrice;not_General
123537,Paneliankosken Voima Oy,12,2026-07-04,not_General
123546,Porvoon Energia Oy,24,2026-07-04,not_General
123547,Vaasan Sähkö Myynti Oy,6,2026-07-04,not_exact_fixed_segment;not_FixedPrice
123548,Paneliankosken Voima Oy,12,2026-07-04,not_exact_fixed_segment;not_FixedPrice;not_General
123552,Omavoima Oy,24,2026-07-04,not_General
123554,Pohjois-Karjalan Sähkö Oy,12,2026-07-04,not_General
123557,Omavoima Oy,12,2026-07-04,not_General
123564,Pohjois-Karjalan Sähkö Oy,24,2026-07-05,not_General
123570,Äänekosken Energia Oy,24,2026-07-05,not_General
123571,Äänekosken Energia Oy,6,2026-07-05,not_General
123573,Pohjois-Karjalan Sähkö Oy,12,2026-07-05,not_General
123576,Keravan Energia Oy,24,2026-07-05,not_exact_fixed_segment;not_FixedPrice
123580,Oomi Oy,24,2026-07-05,not_exact_fixed_segment;not_FixedPrice
123585,Imatran Seudun Sähkö Oy,12,2026-07-05,not_exact_fixed_segment;not_FixedPrice
123586,Imatran Seudun Sähkö Oy,24,2026-07-05,not_exact_fixed_segment;not_FixedPrice
123587,Nurmijärven Sähkö Oy,12,2026-07-05,not_General
123591,Lammaisten Energia Oy,24,2026-07-05,not_General
123596,Hehku Energia Oy,24,2026-07-05,not_exact_fixed_segment;not_FixedPrice
123597,Paneliankosken Voima Oy,24,2026-07-05,not_General
123599,Alajärven Sähkö Oy,24,2026-07-05,not_General
123600,Hehku Energia Oy,12,2026-07-05,not_exact_fixed_segment;not_FixedPrice
123602,Nurmijärven Sähkö Oy,24,2026-07-05,not_General
123609,Paneliankosken Voima Oy,12,2026-07-05,not_exact_fixed_segment;not_FixedPrice
123619,Nordic Green Energy,24,2026-07-05,not_exact_fixed_segment;not_FixedPrice
123621,Porvoon Energia Oy,12,2026-07-05,not_General
123622,Nordic Green Energy,12,2026-07-05,not_exact_fixed_segment;not_FixedPrice
123624,Lammaisten Energia Oy,24,2026-07-05,not_General
123625,Pohjois-Karjalan Sähkö Oy,6,2026-07-05,not_General
123632,Vaasan Sähkö Myynti Oy,24,2026-07-05,not_exact_fixed_segment;not_FixedPrice
123638,Fortum Markets Oy,24,2026-07-05,not_exact_fixed_segment;not_FixedPrice
123644,Paneliankosken Voima Oy,24,2026-07-05,not_exact_fixed_segment;not_FixedPrice
123661,Alajärven Sähkö Oy,12,2026-07-05,not_General
123662,Lumme Energia,12,2026-07-05,not_exact_fixed_segment;not_FixedPrice
123663,Vaasan Sähkö Myynti Oy,24,2026-07-05,not_General
123669,Porvoon Energia Oy,12,2026-07-05,not_General
123672,Äänekosken Energia Oy,6,2026-07-05,not_General
123680,Äänekosken Energia Oy,24,2026-07-05,not_General
123684,Paneliankosken Voima Oy,24,2026-07-05,not_exact_fixed_segment;not_FixedPrice;not_General
123685,Lammaisten Energia Oy,24,2026-07-05,not_exact_fixed_segment;not_FixedPrice
123686,Imatran Seudun Sähkö Oy,6,2026-07-05,not_exact_fixed_segment;not_FixedPrice
123693,Vaasan Sähkö Myynti Oy,12,2026-07-05,not_exact_fixed_segment;not_FixedPrice
123700,Köyliön-Säkylän Sähkö Oy,24,2026-07-05,not_General
123702,Koillis-Satakunnan Sähkö Oy,12,2026-07-05,not_General
123703,Porvoon Energia Oy,24,2026-07-05,not_General
123704,Omavoima Oy,24,2026-07-05,not_exact_fixed_segment;not_FixedPrice
123706,Koillis-Satakunnan Sähkö Oy,24,2026-07-05,not_General
123707,Omavoima Oy,24,2026-07-05,not_General
123710,Koillis-Satakunnan Sähkö Oy,24,2026-07-05,not_exact_fixed_segment;not_FixedPrice
123712,Kokkolan Energia Oy,12,2026-07-05,not_exact_fixed_segment;not_FixedPrice
123713,Köyliön-Säkylän Sähkö Oy,24,2026-07-05,not_General
123716,Turku Energia Oy,12,2026-07-05,not_exact_fixed_segment;not_FixedPrice
123719,Pohjois-Karjalan Sähkö Oy,6,2026-07-05,not_General
123723,Helen Oy,12,2026-07-05,not_exact_fixed_segment;not_FixedPrice
123726,Koillis-Satakunnan Sähkö Oy,12,2026-07-05,not_exact_fixed_segment;not_FixedPrice
123731,Oomi Oy,12,2026-07-05,not_exact_fixed_segment;not_FixedPrice
123733,Korpelan Energia Oy,12,2026-07-05,not_exact_fixed_segment;not_FixedPrice
123735,Koillis-Satakunnan Sähkö Oy,12,2026-07-05,not_General
123737,Vaasan Sähkö Myynti Oy,6,2026-07-05,not_General
123744,Nordic Green Energy,12,2026-07-05,not_exact_fixed_segment;not_FixedPrice
123747,Kokkolan Energia Oy,24,2026-07-05,not_exact_fixed_segment;not_FixedPrice
123750,Keravan Energia Oy,12,2026-07-05,not_exact_fixed_segment;not_FixedPrice
123753,Koillis-Satakunnan Sähkö Oy,12,2026-07-05,not_General
123755,Fortum Markets Oy,12,2026-07-05,not_exact_fixed_segment;not_FixedPrice
123762,Keravan Energia Oy,24,2026-07-05,not_exact_fixed_segment;not_FixedPrice
123766,Lammaisten Energia Oy,12,2026-07-05,not_exact_fixed_segment;not_FixedPrice;not_General
123768,Lammaisten Energia Oy,12,2026-07-05,not_General
123773,Pohjois-Karjalan Sähkö Oy,24,2026-07-05,not_General
123774,Korpelan Energia Oy,24,2026-07-05,not_exact_fixed_segment;not_FixedPrice
123780,Lammaisten Energia Oy,12,2026-07-05,not_General
123785,Porvoon Energia Oy,24,2026-07-05,not_General
123789,Köyliön-Säkylän Sähkö Oy,12,2026-07-05,not_General
123791,Nurmijärven Sähkö Oy,24,2026-07-05,not_General
123794,Lammaisten Energia Oy,12,2026-07-05,not_exact_fixed_segment;not_FixedPrice
123802,Köyliön-Säkylän Sähkö Oy,12,2026-07-05,not_General
123806,Koillis-Satakunnan Sähkö Oy,24,2026-07-05,not_General
123809,Lumme Energia,24,2026-07-05,not_exact_fixed_segment;not_FixedPrice
123810,Helen Oy,24,2026-07-05,not_exact_fixed_segment;not_FixedPrice
123817,Lammaisten Energia Oy,24,2026-07-05,not_exact_fixed_segment;not_FixedPrice;not_General
123819,Nordic Green Energy,24,2026-07-05,not_exact_fixed_segment;not_FixedPrice
123821,Äänekosken Energia Oy,12,2026-07-05,not_General
123824,Lammaisten Energia Oy,24,2026-07-05,not_exact_fixed_segment;not_FixedPrice;not_General
123826,Äänekosken Energia Oy,12,2026-07-05,not_General
123827,Nurmijärven Sähkö Oy,12,2026-07-05,not_General
123839,Keravan Energia Oy,12,2026-07-05,not_exact_fixed_segment;not_FixedPrice
123843,Omavoima Oy,12,2026-07-05,not_General
123846,Vaasan Sähkö Myynti Oy,12,2026-07-05,not_General
123849,Lammaisten Energia Oy,12,2026-07-05,not_exact_fixed_segment;not_FixedPrice;not_General
123850,Paneliankosken Voima Oy,12,2026-07-05,not_General
123859,Porvoon Energia Oy,24,2026-07-05,not_General
123860,Vaasan Sähkö Myynti Oy,6,2026-07-05,not_exact_fixed_segment;not_FixedPrice
123861,Paneliankosken Voima Oy,12,2026-07-05,not_exact_fixed_segment;not_FixedPrice;not_General
123865,Omavoima Oy,24,2026-07-05,not_General
123867,Pohjois-Karjalan Sähkö Oy,12,2026-07-05,not_General
123870,Omavoima Oy,12,2026-07-05,not_General
123877,Pohjois-Karjalan Sähkö Oy,24,2026-07-06,not_General
123883,Äänekosken Energia Oy,24,2026-07-06,not_General
123884,Äänekosken Energia Oy,6,2026-07-06,not_General
123886,Pohjois-Karjalan Sähkö Oy,12,2026-07-06,not_General
123889,Keravan Energia Oy,24,2026-07-06,not_exact_fixed_segment;not_FixedPrice
123893,Oomi Oy,24,2026-07-06,not_exact_fixed_segment;not_FixedPrice
123898,Imatran Seudun Sähkö Oy,12,2026-07-06,not_exact_fixed_segment;not_FixedPrice
123899,Imatran Seudun Sähkö Oy,24,2026-07-06,not_exact_fixed_segment;not_FixedPrice
123900,Nurmijärven Sähkö Oy,12,2026-07-06,not_General
123904,Lammaisten Energia Oy,24,2026-07-06,not_General
123909,Hehku Energia Oy,24,2026-07-06,not_exact_fixed_segment;not_FixedPrice
123910,Paneliankosken Voima Oy,24,2026-07-06,not_General
123912,Alajärven Sähkö Oy,24,2026-07-06,not_General
123913,Hehku Energia Oy,12,2026-07-06,not_exact_fixed_segment;not_FixedPrice
123915,Nurmijärven Sähkö Oy,24,2026-07-06,not_General
123922,Paneliankosken Voima Oy,12,2026-07-06,not_exact_fixed_segment;not_FixedPrice
123933,Nordic Green Energy,24,2026-07-06,not_exact_fixed_segment;not_FixedPrice
123935,Porvoon Energia Oy,12,2026-07-06,not_General
123936,Nordic Green Energy,12,2026-07-06,not_exact_fixed_segment;not_FixedPrice
123938,Lammaisten Energia Oy,24,2026-07-06,not_General
123939,Pohjois-Karjalan Sähkö Oy,6,2026-07-06,not_General
123946,Vaasan Sähkö Myynti Oy,24,2026-07-06,not_exact_fixed_segment;not_FixedPrice
123957,Paneliankosken Voima Oy,24,2026-07-06,not_exact_fixed_segment;not_FixedPrice
123974,Alajärven Sähkö Oy,12,2026-07-06,not_General
123975,Lumme Energia,12,2026-07-06,not_exact_fixed_segment;not_FixedPrice
123976,Vaasan Sähkö Myynti Oy,24,2026-07-06,not_General
123982,Porvoon Energia Oy,12,2026-07-06,not_General
123985,Äänekosken Energia Oy,6,2026-07-06,not_General
123993,Äänekosken Energia Oy,24,2026-07-06,not_General
123997,Paneliankosken Voima Oy,24,2026-07-06,not_exact_fixed_segment;not_FixedPrice;not_General
123998,Lammaisten Energia Oy,24,2026-07-06,not_exact_fixed_segment;not_FixedPrice
123999,Imatran Seudun Sähkö Oy,6,2026-07-06,not_exact_fixed_segment;not_FixedPrice
124006,Vaasan Sähkö Myynti Oy,12,2026-07-06,not_exact_fixed_segment;not_FixedPrice
124013,Köyliön-Säkylän Sähkö Oy,24,2026-07-06,not_General
124015,Koillis-Satakunnan Sähkö Oy,12,2026-07-06,not_General
124016,Porvoon Energia Oy,24,2026-07-06,not_General
124017,Omavoima Oy,24,2026-07-06,not_exact_fixed_segment;not_FixedPrice
124019,Koillis-Satakunnan Sähkö Oy,24,2026-07-06,not_General
124020,Omavoima Oy,24,2026-07-06,not_General
124023,Koillis-Satakunnan Sähkö Oy,24,2026-07-06,not_exact_fixed_segment;not_FixedPrice
124025,Kokkolan Energia Oy,12,2026-07-06,not_exact_fixed_segment;not_FixedPrice
124026,Köyliön-Säkylän Sähkö Oy,24,2026-07-06,not_General
124029,Turku Energia Oy,12,2026-07-06,not_exact_fixed_segment;not_FixedPrice
124032,Pohjois-Karjalan Sähkö Oy,6,2026-07-06,not_General
124036,Helen Oy,12,2026-07-06,not_exact_fixed_segment;not_FixedPrice
124039,Koillis-Satakunnan Sähkö Oy,12,2026-07-06,not_exact_fixed_segment;not_FixedPrice
124044,Oomi Oy,12,2026-07-06,not_exact_fixed_segment;not_FixedPrice
124046,Korpelan Energia Oy,12,2026-07-06,not_exact_fixed_segment;not_FixedPrice
124048,Koillis-Satakunnan Sähkö Oy,12,2026-07-06,not_General
124050,Vaasan Sähkö Myynti Oy,6,2026-07-06,not_General
124057,Nordic Green Energy,12,2026-07-06,not_exact_fixed_segment;not_FixedPrice
124060,Kokkolan Energia Oy,24,2026-07-06,not_exact_fixed_segment;not_FixedPrice
124063,Keravan Energia Oy,12,2026-07-06,not_exact_fixed_segment;not_FixedPrice
124066,Koillis-Satakunnan Sähkö Oy,12,2026-07-06,not_General
124074,Keravan Energia Oy,24,2026-07-06,not_exact_fixed_segment;not_FixedPrice
124078,Lammaisten Energia Oy,12,2026-07-06,not_exact_fixed_segment;not_FixedPrice;not_General
124080,Lammaisten Energia Oy,12,2026-07-06,not_General
124085,Pohjois-Karjalan Sähkö Oy,24,2026-07-06,not_General
124086,Korpelan Energia Oy,24,2026-07-06,not_exact_fixed_segment;not_FixedPrice
124092,Lammaisten Energia Oy,12,2026-07-06,not_General
124097,Porvoon Energia Oy,24,2026-07-06,not_General
124101,Köyliön-Säkylän Sähkö Oy,12,2026-07-06,not_General
124103,Nurmijärven Sähkö Oy,24,2026-07-06,not_General
124106,Lammaisten Energia Oy,12,2026-07-06,not_exact_fixed_segment;not_FixedPrice
124114,Köyliön-Säkylän Sähkö Oy,12,2026-07-06,not_General
124118,Koillis-Satakunnan Sähkö Oy,24,2026-07-06,not_General
124121,Lumme Energia,24,2026-07-06,not_exact_fixed_segment;not_FixedPrice
124122,Helen Oy,24,2026-07-06,not_exact_fixed_segment;not_FixedPrice
124129,Lammaisten Energia Oy,24,2026-07-06,not_exact_fixed_segment;not_FixedPrice;not_General
124131,Nordic Green Energy,24,2026-07-06,not_exact_fixed_segment;not_FixedPrice
124133,Äänekosken Energia Oy,12,2026-07-06,not_General
124136,Lammaisten Energia Oy,24,2026-07-06,not_exact_fixed_segment;not_FixedPrice;not_General
124138,Äänekosken Energia Oy,12,2026-07-06,not_General
124139,Nurmijärven Sähkö Oy,12,2026-07-06,not_General
124151,Keravan Energia Oy,12,2026-07-06,not_exact_fixed_segment;not_FixedPrice
124154,Fortum Markets Oy,24,2026-07-06,not_exact_fixed_segment;not_FixedPrice
124155,Omavoima Oy,12,2026-07-06,not_General
124156,Fortum Markets Oy,12,2026-07-06,not_exact_fixed_segment;not_FixedPrice
124159,Vaasan Sähkö Myynti Oy,12,2026-07-06,not_General
124162,Lammaisten Energia Oy,12,2026-07-06,not_exact_fixed_segment;not_FixedPrice;not_General
124163,Paneliankosken Voima Oy,12,2026-07-06,not_General
124172,Porvoon Energia Oy,24,2026-07-06,not_General
124173,Vaasan Sähkö Myynti Oy,6,2026-07-06,not_exact_fixed_segment;not_FixedPrice
124174,Paneliankosken Voima Oy,12,2026-07-06,not_exact_fixed_segment;not_FixedPrice;not_General
124178,Omavoima Oy,24,2026-07-06,not_General
124180,Pohjois-Karjalan Sähkö Oy,12,2026-07-06,not_General
124183,Omavoima Oy,12,2026-07-06,not_General
124190,Pohjois-Karjalan Sähkö Oy,24,2026-07-07,not_General
124196,Äänekosken Energia Oy,24,2026-07-07,not_General
124197,Äänekosken Energia Oy,6,2026-07-07,not_General
124199,Pohjois-Karjalan Sähkö Oy,12,2026-07-07,not_General
124202,Keravan Energia Oy,24,2026-07-07,not_exact_fixed_segment;not_FixedPrice
124207,Oomi Oy,24,2026-07-07,not_exact_fixed_segment;not_FixedPrice
124212,Imatran Seudun Sähkö Oy,12,2026-07-07,not_exact_fixed_segment;not_FixedPrice
124213,Imatran Seudun Sähkö Oy,24,2026-07-07,not_exact_fixed_segment;not_FixedPrice
124214,Nurmijärven Sähkö Oy,12,2026-07-07,not_General
124217,Lammaisten Energia Oy,24,2026-07-07,not_General
124221,Hehku Energia Oy,24,2026-07-07,not_exact_fixed_segment;not_FixedPrice
124222,Paneliankosken Voima Oy,24,2026-07-07,not_General
124224,Alajärven Sähkö Oy,24,2026-07-07,not_General
124225,Hehku Energia Oy,12,2026-07-07,not_exact_fixed_segment;not_FixedPrice
124227,Nurmijärven Sähkö Oy,24,2026-07-07,not_General
124234,Paneliankosken Voima Oy,12,2026-07-07,not_exact_fixed_segment;not_FixedPrice
124245,Nordic Green Energy,24,2026-07-07,not_exact_fixed_segment;not_FixedPrice
124247,Porvoon Energia Oy,12,2026-07-07,not_General
124248,Nordic Green Energy,12,2026-07-07,not_exact_fixed_segment;not_FixedPrice
124250,Lammaisten Energia Oy,24,2026-07-07,not_General
124251,Pohjois-Karjalan Sähkö Oy,6,2026-07-07,not_General
124258,Vaasan Sähkö Myynti Oy,24,2026-07-07,not_exact_fixed_segment;not_FixedPrice
124269,Paneliankosken Voima Oy,24,2026-07-07,not_exact_fixed_segment;not_FixedPrice
124287,Alajärven Sähkö Oy,12,2026-07-07,not_General
124288,Lumme Energia,12,2026-07-07,not_exact_fixed_segment;not_FixedPrice
124290,Vaasan Sähkö Myynti Oy,24,2026-07-07,not_General
124296,Porvoon Energia Oy,12,2026-07-07,not_General
124299,Äänekosken Energia Oy,6,2026-07-07,not_General
124307,Äänekosken Energia Oy,24,2026-07-07,not_General
124311,Paneliankosken Voima Oy,24,2026-07-07,not_exact_fixed_segment;not_FixedPrice;not_General
124312,Lammaisten Energia Oy,24,2026-07-07,not_exact_fixed_segment;not_FixedPrice
124313,Imatran Seudun Sähkö Oy,6,2026-07-07,not_exact_fixed_segment;not_FixedPrice
124320,Vaasan Sähkö Myynti Oy,12,2026-07-07,not_exact_fixed_segment;not_FixedPrice
124327,Köyliön-Säkylän Sähkö Oy,24,2026-07-07,not_General
124329,Koillis-Satakunnan Sähkö Oy,12,2026-07-07,not_General
124330,Porvoon Energia Oy,24,2026-07-07,not_General
124331,Omavoima Oy,24,2026-07-07,not_exact_fixed_segment;not_FixedPrice
124333,Koillis-Satakunnan Sähkö Oy,24,2026-07-07,not_General
124334,Omavoima Oy,24,2026-07-07,not_General
124337,Koillis-Satakunnan Sähkö Oy,24,2026-07-07,not_exact_fixed_segment;not_FixedPrice
124339,Kokkolan Energia Oy,12,2026-07-07,not_exact_fixed_segment;not_FixedPrice
124340,Köyliön-Säkylän Sähkö Oy,24,2026-07-07,not_General
124343,Turku Energia Oy,12,2026-07-07,not_exact_fixed_segment;not_FixedPrice
124345,Pohjois-Karjalan Sähkö Oy,6,2026-07-07,not_General
124352,Koillis-Satakunnan Sähkö Oy,12,2026-07-07,not_exact_fixed_segment;not_FixedPrice
124356,Oomi Oy,12,2026-07-07,not_exact_fixed_segment;not_FixedPrice
124358,Korpelan Energia Oy,12,2026-07-07,not_exact_fixed_segment;not_FixedPrice
124360,Koillis-Satakunnan Sähkö Oy,12,2026-07-07,not_General
124362,Vaasan Sähkö Myynti Oy,6,2026-07-07,not_General
124369,Nordic Green Energy,12,2026-07-07,not_exact_fixed_segment;not_FixedPrice
124374,Kokkolan Energia Oy,24,2026-07-07,not_exact_fixed_segment;not_FixedPrice
124377,Keravan Energia Oy,12,2026-07-07,not_exact_fixed_segment;not_FixedPrice
124378,Helen Oy,12,2026-07-07,not_exact_fixed_segment;not_FixedPrice
124381,Koillis-Satakunnan Sähkö Oy,12,2026-07-07,not_General
124388,Keravan Energia Oy,24,2026-07-07,not_exact_fixed_segment;not_FixedPrice
124389,Helen Oy,24,2026-07-07,not_exact_fixed_segment;not_FixedPrice
124393,Lammaisten Energia Oy,12,2026-07-07,not_exact_fixed_segment;not_FixedPrice;not_General
124395,Lammaisten Energia Oy,12,2026-07-07,not_General
124400,Pohjois-Karjalan Sähkö Oy,24,2026-07-07,not_General
124401,Korpelan Energia Oy,24,2026-07-07,not_exact_fixed_segment;not_FixedPrice
124407,Lammaisten Energia Oy,12,2026-07-07,not_General
124412,Porvoon Energia Oy,24,2026-07-07,not_General
124416,Köyliön-Säkylän Sähkö Oy,12,2026-07-07,not_General
124418,Nurmijärven Sähkö Oy,24,2026-07-07,not_General
124421,Lammaisten Energia Oy,12,2026-07-07,not_exact_fixed_segment;not_FixedPrice
124428,Köyliön-Säkylän Sähkö Oy,12,2026-07-07,not_General
124432,Koillis-Satakunnan Sähkö Oy,24,2026-07-07,not_General
124435,Lumme Energia,24,2026-07-07,not_exact_fixed_segment;not_FixedPrice
124442,Lammaisten Energia Oy,24,2026-07-07,not_exact_fixed_segment;not_FixedPrice;not_General
124444,Nordic Green Energy,24,2026-07-07,not_exact_fixed_segment;not_FixedPrice
124446,Äänekosken Energia Oy,12,2026-07-07,not_General
124449,Lammaisten Energia Oy,24,2026-07-07,not_exact_fixed_segment;not_FixedPrice;not_General
124451,Äänekosken Energia Oy,12,2026-07-07,not_General
124452,Nurmijärven Sähkö Oy,12,2026-07-07,not_General
124464,Keravan Energia Oy,12,2026-07-07,not_exact_fixed_segment;not_FixedPrice
124467,Fortum Markets Oy,24,2026-07-07,not_exact_fixed_segment;not_FixedPrice
124468,Omavoima Oy,12,2026-07-07,not_General
124469,Fortum Markets Oy,12,2026-07-07,not_exact_fixed_segment;not_FixedPrice
124472,Vaasan Sähkö Myynti Oy,12,2026-07-07,not_General
124475,Lammaisten Energia Oy,12,2026-07-07,not_exact_fixed_segment;not_FixedPrice;not_General
124476,Paneliankosken Voima Oy,12,2026-07-07,not_General
124485,Porvoon Energia Oy,24,2026-07-07,not_General
124486,Vaasan Sähkö Myynti Oy,6,2026-07-07,not_exact_fixed_segment;not_FixedPrice
124487,Paneliankosken Voima Oy,12,2026-07-07,not_exact_fixed_segment;not_FixedPrice;not_General
124491,Omavoima Oy,24,2026-07-07,not_General
124493,Pohjois-Karjalan Sähkö Oy,12,2026-07-07,not_General
124496,Omavoima Oy,12,2026-07-07,not_General
124503,Pohjois-Karjalan Sähkö Oy,24,2026-07-08,not_General
124508,Äänekosken Energia Oy,24,2026-07-08,not_General
124509,Äänekosken Energia Oy,6,2026-07-08,not_General
124511,Pohjois-Karjalan Sähkö Oy,12,2026-07-08,not_General
124514,Keravan Energia Oy,24,2026-07-08,not_exact_fixed_segment;not_FixedPrice
124519,Oomi Oy,24,2026-07-08,not_exact_fixed_segment;not_FixedPrice
124524,Imatran Seudun Sähkö Oy,12,2026-07-08,not_exact_fixed_segment;not_FixedPrice
124525,Imatran Seudun Sähkö Oy,24,2026-07-08,not_exact_fixed_segment;not_FixedPrice
124526,Nurmijärven Sähkö Oy,12,2026-07-08,not_General
124529,Lammaisten Energia Oy,24,2026-07-08,not_General
124534,Hehku Energia Oy,24,2026-07-08,not_exact_fixed_segment;not_FixedPrice
124535,Paneliankosken Voima Oy,24,2026-07-08,not_General
124537,Alajärven Sähkö Oy,24,2026-07-08,not_General
124538,Hehku Energia Oy,12,2026-07-08,not_exact_fixed_segment;not_FixedPrice
124541,Nurmijärven Sähkö Oy,24,2026-07-08,not_General
124546,Pohjois-Karjalan Sähkö Oy,6,2026-07-08,not_General
124549,Paneliankosken Voima Oy,12,2026-07-08,not_exact_fixed_segment;not_FixedPrice
124560,Nordic Green Energy,24,2026-07-08,not_exact_fixed_segment;not_FixedPrice
124562,Porvoon Energia Oy,24,2026-07-08,not_General
124563,Nordic Green Energy,12,2026-07-08,not_exact_fixed_segment;not_FixedPrice
124565,Lammaisten Energia Oy,24,2026-07-08,not_General
124566,Pohjois-Karjalan Sähkö Oy,6,2026-07-08,not_General
124573,Vaasan Sähkö Myynti Oy,24,2026-07-08,not_exact_fixed_segment;not_FixedPrice
124584,Paneliankosken Voima Oy,24,2026-07-08,not_exact_fixed_segment;not_FixedPrice
124601,Alajärven Sähkö Oy,12,2026-07-08,not_General
124602,Lumme Energia,12,2026-07-08,not_exact_fixed_segment;not_FixedPrice
124605,Vaasan Sähkö Myynti Oy,24,2026-07-08,not_General
124614,Äänekosken Energia Oy,6,2026-07-08,not_General
124622,Äänekosken Energia Oy,24,2026-07-08,not_General
124626,Paneliankosken Voima Oy,24,2026-07-08,not_exact_fixed_segment;not_FixedPrice;not_General
124627,Lammaisten Energia Oy,24,2026-07-08,not_exact_fixed_segment;not_FixedPrice
124628,Imatran Seudun Sähkö Oy,6,2026-07-08,not_exact_fixed_segment;not_FixedPrice
124636,Vaasan Sähkö Myynti Oy,12,2026-07-08,not_exact_fixed_segment;not_FixedPrice
124643,Köyliön-Säkylän Sähkö Oy,24,2026-07-08,not_General
124645,Koillis-Satakunnan Sähkö Oy,12,2026-07-08,not_General
124646,Omavoima Oy,24,2026-07-08,not_exact_fixed_segment;not_FixedPrice
124648,Koillis-Satakunnan Sähkö Oy,24,2026-07-08,not_General
124649,Omavoima Oy,24,2026-07-08,not_General
124653,Koillis-Satakunnan Sähkö Oy,24,2026-07-08,not_exact_fixed_segment;not_FixedPrice
124655,Kokkolan Energia Oy,12,2026-07-08,not_exact_fixed_segment;not_FixedPrice
124656,Köyliön-Säkylän Sähkö Oy,24,2026-07-08,not_General
124659,Turku Energia Oy,12,2026-07-08,not_exact_fixed_segment;not_FixedPrice
124661,Pohjois-Karjalan Sähkö Oy,6,2026-07-08,not_General
124663,Porvoon Energia Oy,12,2026-07-08,not_General
124669,Koillis-Satakunnan Sähkö Oy,12,2026-07-08,not_exact_fixed_segment;not_FixedPrice
124673,Oomi Oy,12,2026-07-08,not_exact_fixed_segment;not_FixedPrice
124675,Korpelan Energia Oy,12,2026-07-08,not_exact_fixed_segment;not_FixedPrice
124677,Koillis-Satakunnan Sähkö Oy,12,2026-07-08,not_General
124679,Vaasan Sähkö Myynti Oy,6,2026-07-08,not_General
124683,Porvoon Energia Oy,12,2026-07-08,not_General
124685,Nordic Green Energy,12,2026-07-08,not_exact_fixed_segment;not_FixedPrice
124686,Porvoon Energia Oy,24,2026-07-08,not_General
124691,Kokkolan Energia Oy,24,2026-07-08,not_exact_fixed_segment;not_FixedPrice
124694,Keravan Energia Oy,12,2026-07-08,not_exact_fixed_segment;not_FixedPrice
124695,Helen Oy,12,2026-07-08,not_exact_fixed_segment;not_FixedPrice
124698,Koillis-Satakunnan Sähkö Oy,12,2026-07-08,not_General
124703,Porvoon Energia Oy,24,2026-07-08,not_General
124706,Keravan Energia Oy,24,2026-07-08,not_exact_fixed_segment;not_FixedPrice
124707,Helen Oy,24,2026-07-08,not_exact_fixed_segment;not_FixedPrice
124711,Lammaisten Energia Oy,12,2026-07-08,not_exact_fixed_segment;not_FixedPrice;not_General
124713,Lammaisten Energia Oy,12,2026-07-08,not_General
124718,Pohjois-Karjalan Sähkö Oy,24,2026-07-08,not_General
124719,Korpelan Energia Oy,24,2026-07-08,not_exact_fixed_segment;not_FixedPrice
124725,Lammaisten Energia Oy,12,2026-07-08,not_General
124733,Köyliön-Säkylän Sähkö Oy,12,2026-07-08,not_General
124735,Nurmijärven Sähkö Oy,24,2026-07-08,not_General
124738,Lammaisten Energia Oy,12,2026-07-08,not_exact_fixed_segment;not_FixedPrice
124742,Pohjois-Karjalan Sähkö Oy,6,2026-07-08,not_General
124745,Köyliön-Säkylän Sähkö Oy,12,2026-07-08,not_General
124750,Koillis-Satakunnan Sähkö Oy,24,2026-07-08,not_General
124754,Lumme Energia,24,2026-07-08,not_exact_fixed_segment;not_FixedPrice
124761,Lammaisten Energia Oy,24,2026-07-08,not_exact_fixed_segment;not_FixedPrice;not_General
124763,Nordic Green Energy,24,2026-07-08,not_exact_fixed_segment;not_FixedPrice
124765,Äänekosken Energia Oy,12,2026-07-08,not_General
124768,Lammaisten Energia Oy,24,2026-07-08,not_exact_fixed_segment;not_FixedPrice;not_General
124770,Äänekosken Energia Oy,12,2026-07-08,not_General
124771,Nurmijärven Sähkö Oy,12,2026-07-08,not_General
124783,Keravan Energia Oy,12,2026-07-08,not_exact_fixed_segment;not_FixedPrice
124786,Fortum Markets Oy,24,2026-07-08,not_exact_fixed_segment;not_FixedPrice
124787,Omavoima Oy,12,2026-07-08,not_General
124788,Fortum Markets Oy,12,2026-07-08,not_exact_fixed_segment;not_FixedPrice
124791,Vaasan Sähkö Myynti Oy,12,2026-07-08,not_General
124793,Lammaisten Energia Oy,12,2026-07-08,not_exact_fixed_segment;not_FixedPrice;not_General
124794,Paneliankosken Voima Oy,12,2026-07-08,not_General
124803,Vaasan Sähkö Myynti Oy,6,2026-07-08,not_exact_fixed_segment;not_FixedPrice
124804,Paneliankosken Voima Oy,12,2026-07-08,not_exact_fixed_segment;not_FixedPrice;not_General
124808,Omavoima Oy,24,2026-07-08,not_General
124810,Pohjois-Karjalan Sähkö Oy,12,2026-07-08,not_General
124813,Omavoima Oy,12,2026-07-08,not_General
124820,Pohjois-Karjalan Sähkö Oy,24,2026-07-09,not_General
124825,Äänekosken Energia Oy,24,2026-07-09,not_General
124826,Äänekosken Energia Oy,6,2026-07-09,not_General
124828,Pohjois-Karjalan Sähkö Oy,12,2026-07-09,not_General
124832,Keravan Energia Oy,24,2026-07-09,not_exact_fixed_segment;not_FixedPrice
124837,Oomi Oy,24,2026-07-09,not_exact_fixed_segment;not_FixedPrice
124840,Vaasan Sähkö Myynti Oy,12,2026-07-09,not_exact_fixed_segment;not_FixedPrice
124843,Imatran Seudun Sähkö Oy,12,2026-07-09,not_exact_fixed_segment;not_FixedPrice
124844,Imatran Seudun Sähkö Oy,24,2026-07-09,not_exact_fixed_segment;not_FixedPrice
124845,Nurmijärven Sähkö Oy,12,2026-07-09,not_General
124848,Lammaisten Energia Oy,24,2026-07-09,not_General
124853,Hehku Energia Oy,24,2026-07-09,not_exact_fixed_segment;not_FixedPrice
124854,Paneliankosken Voima Oy,24,2026-07-09,not_General
124856,Alajärven Sähkö Oy,24,2026-07-09,not_General
124857,Hehku Energia Oy,12,2026-07-09,not_exact_fixed_segment;not_FixedPrice
124860,Nurmijärven Sähkö Oy,24,2026-07-09,not_General
124865,Pohjois-Karjalan Sähkö Oy,6,2026-07-09,not_General
124867,Paneliankosken Voima Oy,12,2026-07-09,not_exact_fixed_segment;not_FixedPrice
124878,Nordic Green Energy,24,2026-07-09,not_exact_fixed_segment;not_FixedPrice
124880,Porvoon Energia Oy,24,2026-07-09,not_General
124881,Nordic Green Energy,12,2026-07-09,not_exact_fixed_segment;not_FixedPrice
124883,Lammaisten Energia Oy,24,2026-07-09,not_General
124884,Pohjois-Karjalan Sähkö Oy,6,2026-07-09,not_General
124901,Paneliankosken Voima Oy,24,2026-07-09,not_exact_fixed_segment;not_FixedPrice
124914,Vaasan Sähkö Myynti Oy,12,2026-07-09,not_General
124917,Vaasan Sähkö Myynti Oy,6,2026-07-09,not_exact_fixed_segment;not_FixedPrice
124920,Alajärven Sähkö Oy,12,2026-07-09,not_General
124921,Lumme Energia,12,2026-07-09,not_exact_fixed_segment;not_FixedPrice
124932,Äänekosken Energia Oy,6,2026-07-09,not_General
124939,Äänekosken Energia Oy,24,2026-07-09,not_General
124943,Paneliankosken Voima Oy,24,2026-07-09,not_exact_fixed_segment;not_FixedPrice;not_General
124945,Lammaisten Energia Oy,24,2026-07-09,not_exact_fixed_segment;not_FixedPrice
124946,Imatran Seudun Sähkö Oy,6,2026-07-09,not_exact_fixed_segment;not_FixedPrice
124959,Köyliön-Säkylän Sähkö Oy,24,2026-07-09,not_General
124961,Koillis-Satakunnan Sähkö Oy,12,2026-07-09,not_General
124962,Omavoima Oy,24,2026-07-09,not_exact_fixed_segment;not_FixedPrice
124963,Vaasan Sähkö Myynti Oy,24,2026-07-09,not_General
124965,Koillis-Satakunnan Sähkö Oy,24,2026-07-09,not_General
124966,Omavoima Oy,24,2026-07-09,not_General
124971,Koillis-Satakunnan Sähkö Oy,24,2026-07-09,not_exact_fixed_segment;not_FixedPrice
124973,Kokkolan Energia Oy,12,2026-07-09,not_exact_fixed_segment;not_FixedPrice
124974,Köyliön-Säkylän Sähkö Oy,24,2026-07-09,not_General
124977,Turku Energia Oy,12,2026-07-09,not_exact_fixed_segment;not_FixedPrice
124978,Vaasan Sähkö Myynti Oy,24,2026-07-09,not_exact_fixed_segment;not_FixedPrice
124980,Pohjois-Karjalan Sähkö Oy,6,2026-07-09,not_General
124982,Porvoon Energia Oy,12,2026-07-09,not_General
124988,Koillis-Satakunnan Sähkö Oy,12,2026-07-09,not_exact_fixed_segment;not_FixedPrice
124991,Oomi Oy,12,2026-07-09,not_exact_fixed_segment;not_FixedPrice
124994,Korpelan Energia Oy,12,2026-07-09,not_exact_fixed_segment;not_FixedPrice
124996,Koillis-Satakunnan Sähkö Oy,12,2026-07-09,not_General
125002,Porvoon Energia Oy,12,2026-07-09,not_General
125005,Nordic Green Energy,12,2026-07-09,not_exact_fixed_segment;not_FixedPrice
125006,Porvoon Energia Oy,24,2026-07-09,not_General
125011,Kokkolan Energia Oy,24,2026-07-09,not_exact_fixed_segment;not_FixedPrice
125014,Keravan Energia Oy,12,2026-07-09,not_exact_fixed_segment;not_FixedPrice
125015,Helen Oy,12,2026-07-09,not_exact_fixed_segment;not_FixedPrice
125018,Koillis-Satakunnan Sähkö Oy,12,2026-07-09,not_General
125023,Porvoon Energia Oy,24,2026-07-09,not_General
125026,Keravan Energia Oy,24,2026-07-09,not_exact_fixed_segment;not_FixedPrice
125027,Helen Oy,24,2026-07-09,not_exact_fixed_segment;not_FixedPrice
125031,Lammaisten Energia Oy,12,2026-07-09,not_exact_fixed_segment;not_FixedPrice;not_General
125033,Lammaisten Energia Oy,12,2026-07-09,not_General
125038,Pohjois-Karjalan Sähkö Oy,24,2026-07-09,not_General
125039,Korpelan Energia Oy,24,2026-07-09,not_exact_fixed_segment;not_FixedPrice
125045,Lammaisten Energia Oy,12,2026-07-09,not_General
125052,Köyliön-Säkylän Sähkö Oy,12,2026-07-09,not_General
125054,Nurmijärven Sähkö Oy,24,2026-07-09,not_General
125055,Vaasan Sähkö Myynti Oy,6,2026-07-09,not_General
125058,Lammaisten Energia Oy,12,2026-07-09,not_exact_fixed_segment;not_FixedPrice
125062,Pohjois-Karjalan Sähkö Oy,6,2026-07-09,not_General
125066,Köyliön-Säkylän Sähkö Oy,12,2026-07-09,not_General
125071,Koillis-Satakunnan Sähkö Oy,24,2026-07-09,not_General
125074,Lumme Energia,24,2026-07-09,not_exact_fixed_segment;not_FixedPrice
125079,Lammaisten Energia Oy,24,2026-07-09,not_exact_fixed_segment;not_FixedPrice;not_General
125081,Nordic Green Energy,24,2026-07-09,not_exact_fixed_segment;not_FixedPrice
125083,Äänekosken Energia Oy,12,2026-07-09,not_General
125086,Lammaisten Energia Oy,24,2026-07-09,not_exact_fixed_segment;not_FixedPrice;not_General
125088,Äänekosken Energia Oy,12,2026-07-09,not_General
125089,Nurmijärven Sähkö Oy,12,2026-07-09,not_General
125100,Keravan Energia Oy,12,2026-07-09,not_exact_fixed_segment;not_FixedPrice
125103,Fortum Markets Oy,24,2026-07-09,not_exact_fixed_segment;not_FixedPrice
125104,Omavoima Oy,12,2026-07-09,not_General
125105,Fortum Markets Oy,12,2026-07-09,not_exact_fixed_segment;not_FixedPrice
125109,Lammaisten Energia Oy,12,2026-07-09,not_exact_fixed_segment;not_FixedPrice;not_General
125110,Paneliankosken Voima Oy,12,2026-07-09,not_General
125119,Paneliankosken Voima Oy,12,2026-07-09,not_exact_fixed_segment;not_FixedPrice;not_General
125123,Omavoima Oy,24,2026-07-09,not_General
125125,Pohjois-Karjalan Sähkö Oy,12,2026-07-09,not_General
125128,Omavoima Oy,12,2026-07-09,not_General
125136,Pohjois-Karjalan Sähkö Oy,24,2026-07-10,not_General
125141,Äänekosken Energia Oy,24,2026-07-10,not_General
125142,Äänekosken Energia Oy,6,2026-07-10,not_General
125144,Pohjois-Karjalan Sähkö Oy,12,2026-07-10,not_General
125149,Keravan Energia Oy,24,2026-07-10,not_exact_fixed_segment;not_FixedPrice
125156,Vaasan Sähkö Myynti Oy,12,2026-07-10,not_exact_fixed_segment;not_FixedPrice
125159,Nurmijärven Sähkö Oy,12,2026-07-10,not_General
125162,Lammaisten Energia Oy,24,2026-07-10,not_General
125163,Oomi Oy,12,2026-07-10,not_exact_fixed_segment;not_FixedPrice
125168,Hehku Energia Oy,24,2026-07-10,not_exact_fixed_segment;not_FixedPrice
125169,Paneliankosken Voima Oy,24,2026-07-10,not_General
125171,Alajärven Sähkö Oy,24,2026-07-10,not_General
125172,Hehku Energia Oy,12,2026-07-10,not_exact_fixed_segment;not_FixedPrice
125175,Nurmijärven Sähkö Oy,24,2026-07-10,not_General
125180,Pohjois-Karjalan Sähkö Oy,6,2026-07-10,not_General
125183,Paneliankosken Voima Oy,12,2026-07-10,not_exact_fixed_segment;not_FixedPrice
125194,Nordic Green Energy,24,2026-07-10,not_exact_fixed_segment;not_FixedPrice
125196,Porvoon Energia Oy,24,2026-07-10,not_General
125197,Nordic Green Energy,12,2026-07-10,not_exact_fixed_segment;not_FixedPrice
125199,Lammaisten Energia Oy,24,2026-07-10,not_General
125200,Pohjois-Karjalan Sähkö Oy,6,2026-07-10,not_General
125219,Paneliankosken Voima Oy,24,2026-07-10,not_exact_fixed_segment;not_FixedPrice
125233,Vaasan Sähkö Myynti Oy,12,2026-07-10,not_General
125237,Vaasan Sähkö Myynti Oy,6,2026-07-10,not_exact_fixed_segment;not_FixedPrice
125240,Alajärven Sähkö Oy,12,2026-07-10,not_General
125241,Lumme Energia,12,2026-07-10,not_exact_fixed_segment;not_FixedPrice
125252,Äänekosken Energia Oy,6,2026-07-10,not_General
125255,Oomi Oy,24,2026-07-10,not_exact_fixed_segment;not_FixedPrice
125260,Äänekosken Energia Oy,24,2026-07-10,not_General
125264,Paneliankosken Voima Oy,24,2026-07-10,not_exact_fixed_segment;not_FixedPrice;not_General
125266,Lammaisten Energia Oy,24,2026-07-10,not_exact_fixed_segment;not_FixedPrice
125267,Imatran Seudun Sähkö Oy,6,2026-07-10,not_exact_fixed_segment;not_FixedPrice
125280,Köyliön-Säkylän Sähkö Oy,24,2026-07-10,not_General
125282,Koillis-Satakunnan Sähkö Oy,12,2026-07-10,not_General
125283,Omavoima Oy,24,2026-07-10,not_exact_fixed_segment;not_FixedPrice
125284,Vaasan Sähkö Myynti Oy,24,2026-07-10,not_General
125286,Koillis-Satakunnan Sähkö Oy,24,2026-07-10,not_General
125287,Omavoima Oy,24,2026-07-10,not_General
125291,Koillis-Satakunnan Sähkö Oy,24,2026-07-10,not_exact_fixed_segment;not_FixedPrice
125293,Kokkolan Energia Oy,12,2026-07-10,not_exact_fixed_segment;not_FixedPrice
125294,Köyliön-Säkylän Sähkö Oy,24,2026-07-10,not_General
125297,Turku Energia Oy,12,2026-07-10,not_exact_fixed_segment;not_FixedPrice
125298,Vaasan Sähkö Myynti Oy,24,2026-07-10,not_exact_fixed_segment;not_FixedPrice
125300,Pohjois-Karjalan Sähkö Oy,6,2026-07-10,not_General
125302,Porvoon Energia Oy,12,2026-07-10,not_General
125308,Koillis-Satakunnan Sähkö Oy,12,2026-07-10,not_exact_fixed_segment;not_FixedPrice
125313,Korpelan Energia Oy,12,2026-07-10,not_exact_fixed_segment;not_FixedPrice
125315,Koillis-Satakunnan Sähkö Oy,12,2026-07-10,not_General
125321,Porvoon Energia Oy,12,2026-07-10,not_General
125324,Nordic Green Energy,12,2026-07-10,not_exact_fixed_segment;not_FixedPrice
125325,Imatran Seudun Sähkö Oy,24,2026-07-10,not_exact_fixed_segment;not_FixedPrice
125326,Porvoon Energia Oy,24,2026-07-10,not_General
125332,Kokkolan Energia Oy,24,2026-07-10,not_exact_fixed_segment;not_FixedPrice
125335,Keravan Energia Oy,12,2026-07-10,not_exact_fixed_segment;not_FixedPrice
125336,Helen Oy,12,2026-07-10,not_exact_fixed_segment;not_FixedPrice
125339,Koillis-Satakunnan Sähkö Oy,12,2026-07-10,not_General
125344,Porvoon Energia Oy,24,2026-07-10,not_General
125347,Keravan Energia Oy,24,2026-07-10,not_exact_fixed_segment;not_FixedPrice
125348,Helen Oy,24,2026-07-10,not_exact_fixed_segment;not_FixedPrice
125352,Lammaisten Energia Oy,12,2026-07-10,not_exact_fixed_segment;not_FixedPrice;not_General
125354,Lammaisten Energia Oy,12,2026-07-10,not_General
125359,Pohjois-Karjalan Sähkö Oy,24,2026-07-10,not_General
125360,Korpelan Energia Oy,24,2026-07-10,not_exact_fixed_segment;not_FixedPrice
125365,Lammaisten Energia Oy,12,2026-07-10,not_General
125371,Köyliön-Säkylän Sähkö Oy,12,2026-07-10,not_General
125374,Nurmijärven Sähkö Oy,24,2026-07-10,not_General
125375,Vaasan Sähkö Myynti Oy,6,2026-07-10,not_General
125378,Lammaisten Energia Oy,12,2026-07-10,not_exact_fixed_segment;not_FixedPrice
125382,Pohjois-Karjalan Sähkö Oy,6,2026-07-10,not_General
125386,Köyliön-Säkylän Sähkö Oy,12,2026-07-10,not_General
125388,Imatran Seudun Sähkö Oy,12,2026-07-10,not_exact_fixed_segment;not_FixedPrice
125392,Koillis-Satakunnan Sähkö Oy,24,2026-07-10,not_General
125395,Lumme Energia,24,2026-07-10,not_exact_fixed_segment;not_FixedPrice
125400,Lammaisten Energia Oy,24,2026-07-10,not_exact_fixed_segment;not_FixedPrice;not_General
125402,Nordic Green Energy,24,2026-07-10,not_exact_fixed_segment;not_FixedPrice
125403,Äänekosken Energia Oy,12,2026-07-10,not_General
125406,Lammaisten Energia Oy,24,2026-07-10,not_exact_fixed_segment;not_FixedPrice;not_General
125409,Äänekosken Energia Oy,12,2026-07-10,not_General
125410,Nurmijärven Sähkö Oy,12,2026-07-10,not_General
125420,Keravan Energia Oy,12,2026-07-10,not_exact_fixed_segment;not_FixedPrice
125423,Fortum Markets Oy,24,2026-07-10,not_exact_fixed_segment;not_FixedPrice
125424,Omavoima Oy,12,2026-07-10,not_General
125425,Fortum Markets Oy,12,2026-07-10,not_exact_fixed_segment;not_FixedPrice
125431,Lammaisten Energia Oy,12,2026-07-10,not_exact_fixed_segment;not_FixedPrice;not_General
125432,Paneliankosken Voima Oy,12,2026-07-10,not_General
125441,Paneliankosken Voima Oy,12,2026-07-10,not_exact_fixed_segment;not_FixedPrice;not_General
125444,Omavoima Oy,24,2026-07-10,not_General
125446,Pohjois-Karjalan Sähkö Oy,12,2026-07-10,not_General
125449,Omavoima Oy,12,2026-07-10,not_General
125457,Pohjois-Karjalan Sähkö Oy,24,2026-07-11,not_General
125462,Äänekosken Energia Oy,24,2026-07-11,not_General
125463,Äänekosken Energia Oy,6,2026-07-11,not_General
125465,Pohjois-Karjalan Sähkö Oy,12,2026-07-11,not_General
125469,Keravan Energia Oy,24,2026-07-11,not_exact_fixed_segment;not_FixedPrice
125477,Vaasan Sähkö Myynti Oy,12,2026-07-11,not_exact_fixed_segment;not_FixedPrice
125480,Nurmijärven Sähkö Oy,12,2026-07-11,not_General
125483,Lammaisten Energia Oy,24,2026-07-11,not_General
125484,Oomi Oy,12,2026-07-11,not_exact_fixed_segment;not_FixedPrice
125489,Hehku Energia Oy,24,2026-07-11,not_exact_fixed_segment;not_FixedPrice
125490,Paneliankosken Voima Oy,24,2026-07-11,not_General
125492,Alajärven Sähkö Oy,24,2026-07-11,not_General
125493,Hehku Energia Oy,12,2026-07-11,not_exact_fixed_segment;not_FixedPrice
125496,Nurmijärven Sähkö Oy,24,2026-07-11,not_General
125501,Pohjois-Karjalan Sähkö Oy,6,2026-07-11,not_General
125504,Paneliankosken Voima Oy,12,2026-07-11,not_exact_fixed_segment;not_FixedPrice
125513,Nordic Green Energy,24,2026-07-11,not_exact_fixed_segment;not_FixedPrice
125515,Porvoon Energia Oy,24,2026-07-11,not_General
125516,Nordic Green Energy,12,2026-07-11,not_exact_fixed_segment;not_FixedPrice
125518,Lammaisten Energia Oy,24,2026-07-11,not_General
125519,Pohjois-Karjalan Sähkö Oy,6,2026-07-11,not_General
125537,Paneliankosken Voima Oy,24,2026-07-11,not_exact_fixed_segment;not_FixedPrice
125550,Vaasan Sähkö Myynti Oy,12,2026-07-11,not_General
125552,Lumme Energia,24,2026-07-11,not_exact_fixed_segment;not_FixedPrice
125555,Vaasan Sähkö Myynti Oy,6,2026-07-11,not_exact_fixed_segment;not_FixedPrice
125558,Alajärven Sähkö Oy,12,2026-07-11,not_General
125569,Äänekosken Energia Oy,6,2026-07-11,not_General
125572,Oomi Oy,24,2026-07-11,not_exact_fixed_segment;not_FixedPrice
125577,Äänekosken Energia Oy,24,2026-07-11,not_General
125581,Paneliankosken Voima Oy,24,2026-07-11,not_exact_fixed_segment;not_FixedPrice;not_General
125583,Lammaisten Energia Oy,24,2026-07-11,not_exact_fixed_segment;not_FixedPrice
125584,Imatran Seudun Sähkö Oy,6,2026-07-11,not_exact_fixed_segment;not_FixedPrice
125598,Köyliön-Säkylän Sähkö Oy,24,2026-07-11,not_General
125600,Koillis-Satakunnan Sähkö Oy,12,2026-07-11,not_General
125601,Omavoima Oy,24,2026-07-11,not_exact_fixed_segment;not_FixedPrice
125602,Vaasan Sähkö Myynti Oy,24,2026-07-11,not_General
125604,Koillis-Satakunnan Sähkö Oy,24,2026-07-11,not_General
125605,Omavoima Oy,24,2026-07-11,not_General
125609,Koillis-Satakunnan Sähkö Oy,24,2026-07-11,not_exact_fixed_segment;not_FixedPrice
125611,Kokkolan Energia Oy,12,2026-07-11,not_exact_fixed_segment;not_FixedPrice
125612,Köyliön-Säkylän Sähkö Oy,24,2026-07-11,not_General
125615,Turku Energia Oy,12,2026-07-11,not_exact_fixed_segment;not_FixedPrice
125616,Vaasan Sähkö Myynti Oy,24,2026-07-11,not_exact_fixed_segment;not_FixedPrice
125618,Pohjois-Karjalan Sähkö Oy,6,2026-07-11,not_General
125620,Porvoon Energia Oy,12,2026-07-11,not_General
125626,Koillis-Satakunnan Sähkö Oy,12,2026-07-11,not_exact_fixed_segment;not_FixedPrice
125631,Korpelan Energia Oy,12,2026-07-11,not_exact_fixed_segment;not_FixedPrice
125633,Koillis-Satakunnan Sähkö Oy,12,2026-07-11,not_General
125639,Porvoon Energia Oy,12,2026-07-11,not_General
125642,Nordic Green Energy,12,2026-07-11,not_exact_fixed_segment;not_FixedPrice
125643,Imatran Seudun Sähkö Oy,24,2026-07-11,not_exact_fixed_segment;not_FixedPrice
125644,Porvoon Energia Oy,24,2026-07-11,not_General
125651,Kokkolan Energia Oy,24,2026-07-11,not_exact_fixed_segment;not_FixedPrice
125654,Keravan Energia Oy,12,2026-07-11,not_exact_fixed_segment;not_FixedPrice
125655,Helen Oy,12,2026-07-11,not_exact_fixed_segment;not_FixedPrice
125658,Koillis-Satakunnan Sähkö Oy,12,2026-07-11,not_General
125663,Porvoon Energia Oy,24,2026-07-11,not_General
125666,Keravan Energia Oy,24,2026-07-11,not_exact_fixed_segment;not_FixedPrice
125667,Helen Oy,24,2026-07-11,not_exact_fixed_segment;not_FixedPrice
125671,Lammaisten Energia Oy,12,2026-07-11,not_exact_fixed_segment;not_FixedPrice;not_General
125673,Lammaisten Energia Oy,12,2026-07-11,not_General
125678,Pohjois-Karjalan Sähkö Oy,24,2026-07-11,not_General
125679,Korpelan Energia Oy,24,2026-07-11,not_exact_fixed_segment;not_FixedPrice
125684,Lammaisten Energia Oy,12,2026-07-11,not_General
125690,Köyliön-Säkylän Sähkö Oy,12,2026-07-11,not_General
125693,Nurmijärven Sähkö Oy,24,2026-07-11,not_General
125694,Vaasan Sähkö Myynti Oy,6,2026-07-11,not_General
125697,Lammaisten Energia Oy,12,2026-07-11,not_exact_fixed_segment;not_FixedPrice
125701,Pohjois-Karjalan Sähkö Oy,6,2026-07-11,not_General
125704,Köyliön-Säkylän Sähkö Oy,12,2026-07-11,not_General
125706,Imatran Seudun Sähkö Oy,12,2026-07-11,not_exact_fixed_segment;not_FixedPrice
125709,Koillis-Satakunnan Sähkö Oy,24,2026-07-11,not_General
125716,Lammaisten Energia Oy,24,2026-07-11,not_exact_fixed_segment;not_FixedPrice;not_General
125718,Nordic Green Energy,24,2026-07-11,not_exact_fixed_segment;not_FixedPrice
125719,Äänekosken Energia Oy,12,2026-07-11,not_General
125722,Lammaisten Energia Oy,24,2026-07-11,not_exact_fixed_segment;not_FixedPrice;not_General
125725,Äänekosken Energia Oy,12,2026-07-11,not_General
125726,Nurmijärven Sähkö Oy,12,2026-07-11,not_General
125735,Keravan Energia Oy,12,2026-07-11,not_exact_fixed_segment;not_FixedPrice
125738,Fortum Markets Oy,24,2026-07-11,not_exact_fixed_segment;not_FixedPrice
125739,Omavoima Oy,12,2026-07-11,not_General
125740,Fortum Markets Oy,12,2026-07-11,not_exact_fixed_segment;not_FixedPrice
125746,Lammaisten Energia Oy,12,2026-07-11,not_exact_fixed_segment;not_FixedPrice;not_General
125747,Paneliankosken Voima Oy,12,2026-07-11,not_General
125756,Paneliankosken Voima Oy,12,2026-07-11,not_exact_fixed_segment;not_FixedPrice;not_General
125759,Omavoima Oy,24,2026-07-11,not_General
125760,Lumme Energia,12,2026-07-11,not_exact_fixed_segment;not_FixedPrice
125762,Pohjois-Karjalan Sähkö Oy,12,2026-07-11,not_General
125765,Omavoima Oy,12,2026-07-11,not_General
125773,Pohjois-Karjalan Sähkö Oy,24,2026-07-12,not_General
125778,Äänekosken Energia Oy,24,2026-07-12,not_General
125779,Äänekosken Energia Oy,6,2026-07-12,not_General
125781,Pohjois-Karjalan Sähkö Oy,12,2026-07-12,not_General
125785,Keravan Energia Oy,24,2026-07-12,not_exact_fixed_segment;not_FixedPrice
125793,Vaasan Sähkö Myynti Oy,12,2026-07-12,not_exact_fixed_segment;not_FixedPrice
125796,Nurmijärven Sähkö Oy,12,2026-07-12,not_General
125799,Lammaisten Energia Oy,24,2026-07-12,not_General
125800,Oomi Oy,12,2026-07-12,not_exact_fixed_segment;not_FixedPrice
125805,Hehku Energia Oy,24,2026-07-12,not_exact_fixed_segment;not_FixedPrice
125806,Paneliankosken Voima Oy,24,2026-07-12,not_General
125808,Alajärven Sähkö Oy,24,2026-07-12,not_General
125809,Hehku Energia Oy,12,2026-07-12,not_exact_fixed_segment;not_FixedPrice
125812,Nurmijärven Sähkö Oy,24,2026-07-12,not_General
125817,Pohjois-Karjalan Sähkö Oy,6,2026-07-12,not_General
125820,Paneliankosken Voima Oy,12,2026-07-12,not_exact_fixed_segment;not_FixedPrice
125829,Nordic Green Energy,24,2026-07-12,not_exact_fixed_segment;not_FixedPrice
125831,Porvoon Energia Oy,24,2026-07-12,not_General
125832,Nordic Green Energy,12,2026-07-12,not_exact_fixed_segment;not_FixedPrice
125834,Lammaisten Energia Oy,24,2026-07-12,not_General
125835,Pohjois-Karjalan Sähkö Oy,6,2026-07-12,not_General
125853,Paneliankosken Voima Oy,24,2026-07-12,not_exact_fixed_segment;not_FixedPrice
125866,Vaasan Sähkö Myynti Oy,12,2026-07-12,not_General
125868,Lumme Energia,24,2026-07-12,not_exact_fixed_segment;not_FixedPrice
125871,Vaasan Sähkö Myynti Oy,6,2026-07-12,not_exact_fixed_segment;not_FixedPrice
125874,Alajärven Sähkö Oy,12,2026-07-12,not_General
125885,Äänekosken Energia Oy,6,2026-07-12,not_General
125888,Oomi Oy,24,2026-07-12,not_exact_fixed_segment;not_FixedPrice
125893,Äänekosken Energia Oy,24,2026-07-12,not_General
125897,Paneliankosken Voima Oy,24,2026-07-12,not_exact_fixed_segment;not_FixedPrice;not_General
125899,Lammaisten Energia Oy,24,2026-07-12,not_exact_fixed_segment;not_FixedPrice
125900,Imatran Seudun Sähkö Oy,6,2026-07-12,not_exact_fixed_segment;not_FixedPrice
125914,Köyliön-Säkylän Sähkö Oy,24,2026-07-12,not_General
125916,Koillis-Satakunnan Sähkö Oy,12,2026-07-12,not_General
125917,Omavoima Oy,24,2026-07-12,not_exact_fixed_segment;not_FixedPrice
125918,Vaasan Sähkö Myynti Oy,24,2026-07-12,not_General
125920,Koillis-Satakunnan Sähkö Oy,24,2026-07-12,not_General
125921,Omavoima Oy,24,2026-07-12,not_General
125925,Koillis-Satakunnan Sähkö Oy,24,2026-07-12,not_exact_fixed_segment;not_FixedPrice
125927,Kokkolan Energia Oy,12,2026-07-12,not_exact_fixed_segment;not_FixedPrice
125928,Köyliön-Säkylän Sähkö Oy,24,2026-07-12,not_General
125931,Turku Energia Oy,12,2026-07-12,not_exact_fixed_segment;not_FixedPrice
125932,Vaasan Sähkö Myynti Oy,24,2026-07-12,not_exact_fixed_segment;not_FixedPrice
125934,Pohjois-Karjalan Sähkö Oy,6,2026-07-12,not_General
125936,Porvoon Energia Oy,12,2026-07-12,not_General
125942,Koillis-Satakunnan Sähkö Oy,12,2026-07-12,not_exact_fixed_segment;not_FixedPrice
125947,Korpelan Energia Oy,12,2026-07-12,not_exact_fixed_segment;not_FixedPrice
125949,Koillis-Satakunnan Sähkö Oy,12,2026-07-12,not_General
125955,Porvoon Energia Oy,12,2026-07-12,not_General
125958,Nordic Green Energy,12,2026-07-12,not_exact_fixed_segment;not_FixedPrice
125959,Imatran Seudun Sähkö Oy,24,2026-07-12,not_exact_fixed_segment;not_FixedPrice
125960,Porvoon Energia Oy,24,2026-07-12,not_General
125966,Kokkolan Energia Oy,24,2026-07-12,not_exact_fixed_segment;not_FixedPrice
125969,Keravan Energia Oy,12,2026-07-12,not_exact_fixed_segment;not_FixedPrice
125970,Helen Oy,12,2026-07-12,not_exact_fixed_segment;not_FixedPrice
125973,Koillis-Satakunnan Sähkö Oy,12,2026-07-12,not_General
125978,Porvoon Energia Oy,24,2026-07-12,not_General
125981,Keravan Energia Oy,24,2026-07-12,not_exact_fixed_segment;not_FixedPrice
125982,Helen Oy,24,2026-07-12,not_exact_fixed_segment;not_FixedPrice
125986,Lammaisten Energia Oy,12,2026-07-12,not_exact_fixed_segment;not_FixedPrice;not_General
125988,Lammaisten Energia Oy,12,2026-07-12,not_General
125993,Pohjois-Karjalan Sähkö Oy,24,2026-07-12,not_General
125994,Korpelan Energia Oy,24,2026-07-12,not_exact_fixed_segment;not_FixedPrice
125999,Lammaisten Energia Oy,12,2026-07-12,not_General
126005,Köyliön-Säkylän Sähkö Oy,12,2026-07-12,not_General
126008,Nurmijärven Sähkö Oy,24,2026-07-12,not_General
126009,Vaasan Sähkö Myynti Oy,6,2026-07-12,not_General
126012,Lammaisten Energia Oy,12,2026-07-12,not_exact_fixed_segment;not_FixedPrice
126016,Pohjois-Karjalan Sähkö Oy,6,2026-07-12,not_General
126019,Köyliön-Säkylän Sähkö Oy,12,2026-07-12,not_General
126021,Imatran Seudun Sähkö Oy,12,2026-07-12,not_exact_fixed_segment;not_FixedPrice
126024,Koillis-Satakunnan Sähkö Oy,24,2026-07-12,not_General
126031,Lammaisten Energia Oy,24,2026-07-12,not_exact_fixed_segment;not_FixedPrice;not_General
126033,Nordic Green Energy,24,2026-07-12,not_exact_fixed_segment;not_FixedPrice
126034,Äänekosken Energia Oy,12,2026-07-12,not_General
126037,Lammaisten Energia Oy,24,2026-07-12,not_exact_fixed_segment;not_FixedPrice;not_General
126040,Äänekosken Energia Oy,12,2026-07-12,not_General
126041,Nurmijärven Sähkö Oy,12,2026-07-12,not_General
126050,Keravan Energia Oy,12,2026-07-12,not_exact_fixed_segment;not_FixedPrice
126053,Fortum Markets Oy,24,2026-07-12,not_exact_fixed_segment;not_FixedPrice
126054,Omavoima Oy,12,2026-07-12,not_General
126055,Fortum Markets Oy,12,2026-07-12,not_exact_fixed_segment;not_FixedPrice
126061,Lammaisten Energia Oy,12,2026-07-12,not_exact_fixed_segment;not_FixedPrice;not_General
126062,Paneliankosken Voima Oy,12,2026-07-12,not_General
126071,Paneliankosken Voima Oy,12,2026-07-12,not_exact_fixed_segment;not_FixedPrice;not_General
126074,Omavoima Oy,24,2026-07-12,not_General
126075,Lumme Energia,12,2026-07-12,not_exact_fixed_segment;not_FixedPrice
126077,Pohjois-Karjalan Sähkö Oy,12,2026-07-12,not_General
126080,Omavoima Oy,12,2026-07-12,not_General
126088,Pohjois-Karjalan Sähkö Oy,24,2026-07-13,not_General
126093,Äänekosken Energia Oy,24,2026-07-13,not_General
126094,Äänekosken Energia Oy,6,2026-07-13,not_General
126096,Pohjois-Karjalan Sähkö Oy,12,2026-07-13,not_General
126100,Fortum Markets Oy,12,2026-07-13,not_exact_fixed_segment;not_FixedPrice
126101,Keravan Energia Oy,24,2026-07-13,not_exact_fixed_segment;not_FixedPrice
126109,Vaasan Sähkö Myynti Oy,12,2026-07-13,not_exact_fixed_segment;not_FixedPrice
126112,Nurmijärven Sähkö Oy,12,2026-07-13,not_General
126115,Lammaisten Energia Oy,24,2026-07-13,not_General
126116,Oomi Oy,12,2026-07-13,not_exact_fixed_segment;not_FixedPrice
126121,Hehku Energia Oy,24,2026-07-13,not_exact_fixed_segment;not_FixedPrice
126122,Paneliankosken Voima Oy,24,2026-07-13,not_General
126124,Alajärven Sähkö Oy,24,2026-07-13,not_General
126125,Hehku Energia Oy,12,2026-07-13,not_exact_fixed_segment;not_FixedPrice
126128,Nurmijärven Sähkö Oy,24,2026-07-13,not_General
126133,Pohjois-Karjalan Sähkö Oy,6,2026-07-13,not_General
126136,Paneliankosken Voima Oy,12,2026-07-13,not_exact_fixed_segment;not_FixedPrice
126145,Nordic Green Energy,24,2026-07-13,not_exact_fixed_segment;not_FixedPrice
126147,Porvoon Energia Oy,24,2026-07-13,not_General
126148,Nordic Green Energy,12,2026-07-13,not_exact_fixed_segment;not_FixedPrice
126150,Lammaisten Energia Oy,24,2026-07-13,not_General
126151,Pohjois-Karjalan Sähkö Oy,6,2026-07-13,not_General
126169,Paneliankosken Voima Oy,24,2026-07-13,not_exact_fixed_segment;not_FixedPrice
126182,Vaasan Sähkö Myynti Oy,12,2026-07-13,not_General
126184,Lumme Energia,24,2026-07-13,not_exact_fixed_segment;not_FixedPrice
126187,Vaasan Sähkö Myynti Oy,6,2026-07-13,not_exact_fixed_segment;not_FixedPrice
126190,Alajärven Sähkö Oy,12,2026-07-13,not_General
126201,Äänekosken Energia Oy,6,2026-07-13,not_General
126204,Oomi Oy,24,2026-07-13,not_exact_fixed_segment;not_FixedPrice
126209,Äänekosken Energia Oy,24,2026-07-13,not_General
126213,Paneliankosken Voima Oy,24,2026-07-13,not_exact_fixed_segment;not_FixedPrice;not_General
126215,Lammaisten Energia Oy,24,2026-07-13,not_exact_fixed_segment;not_FixedPrice
126216,Imatran Seudun Sähkö Oy,6,2026-07-13,not_exact_fixed_segment;not_FixedPrice
126230,Köyliön-Säkylän Sähkö Oy,24,2026-07-13,not_General
126231,Fortum Markets Oy,24,2026-07-13,not_exact_fixed_segment;not_FixedPrice
126233,Koillis-Satakunnan Sähkö Oy,12,2026-07-13,not_General
126234,Omavoima Oy,24,2026-07-13,not_exact_fixed_segment;not_FixedPrice
126235,Vaasan Sähkö Myynti Oy,24,2026-07-13,not_General
126237,Koillis-Satakunnan Sähkö Oy,24,2026-07-13,not_General
126238,Omavoima Oy,24,2026-07-13,not_General
126242,Koillis-Satakunnan Sähkö Oy,24,2026-07-13,not_exact_fixed_segment;not_FixedPrice
126244,Kokkolan Energia Oy,12,2026-07-13,not_exact_fixed_segment;not_FixedPrice
126245,Köyliön-Säkylän Sähkö Oy,24,2026-07-13,not_General
126248,Turku Energia Oy,12,2026-07-13,not_exact_fixed_segment;not_FixedPrice
126249,Vaasan Sähkö Myynti Oy,24,2026-07-13,not_exact_fixed_segment;not_FixedPrice
126251,Pohjois-Karjalan Sähkö Oy,6,2026-07-13,not_General
126253,Porvoon Energia Oy,12,2026-07-13,not_General
126259,Koillis-Satakunnan Sähkö Oy,12,2026-07-13,not_exact_fixed_segment;not_FixedPrice
126264,Korpelan Energia Oy,12,2026-07-13,not_exact_fixed_segment;not_FixedPrice
126266,Koillis-Satakunnan Sähkö Oy,12,2026-07-13,not_General
126272,Porvoon Energia Oy,12,2026-07-13,not_General
126275,Nordic Green Energy,12,2026-07-13,not_exact_fixed_segment;not_FixedPrice
126276,Imatran Seudun Sähkö Oy,24,2026-07-13,not_exact_fixed_segment;not_FixedPrice
126277,Porvoon Energia Oy,24,2026-07-13,not_General
126283,Kokkolan Energia Oy,24,2026-07-13,not_exact_fixed_segment;not_FixedPrice
126286,Keravan Energia Oy,12,2026-07-13,not_exact_fixed_segment;not_FixedPrice
126287,Helen Oy,12,2026-07-13,not_exact_fixed_segment;not_FixedPrice
126290,Koillis-Satakunnan Sähkö Oy,12,2026-07-13,not_General
126295,Porvoon Energia Oy,24,2026-07-13,not_General
126298,Keravan Energia Oy,24,2026-07-13,not_exact_fixed_segment;not_FixedPrice
126299,Helen Oy,24,2026-07-13,not_exact_fixed_segment;not_FixedPrice
126303,Lammaisten Energia Oy,12,2026-07-13,not_exact_fixed_segment;not_FixedPrice;not_General
126305,Lammaisten Energia Oy,12,2026-07-13,not_General
126310,Pohjois-Karjalan Sähkö Oy,24,2026-07-13,not_General
126311,Korpelan Energia Oy,24,2026-07-13,not_exact_fixed_segment;not_FixedPrice
126316,Lammaisten Energia Oy,12,2026-07-13,not_General
126322,Köyliön-Säkylän Sähkö Oy,12,2026-07-13,not_General
126325,Nurmijärven Sähkö Oy,24,2026-07-13,not_General
126326,Vaasan Sähkö Myynti Oy,6,2026-07-13,not_General
126329,Lammaisten Energia Oy,12,2026-07-13,not_exact_fixed_segment;not_FixedPrice
126333,Pohjois-Karjalan Sähkö Oy,6,2026-07-13,not_General
126336,Köyliön-Säkylän Sähkö Oy,12,2026-07-13,not_General
126338,Imatran Seudun Sähkö Oy,12,2026-07-13,not_exact_fixed_segment;not_FixedPrice
126341,Koillis-Satakunnan Sähkö Oy,24,2026-07-13,not_General
126348,Lammaisten Energia Oy,24,2026-07-13,not_exact_fixed_segment;not_FixedPrice;not_General
126350,Nordic Green Energy,24,2026-07-13,not_exact_fixed_segment;not_FixedPrice
126351,Äänekosken Energia Oy,12,2026-07-13,not_General
126354,Lammaisten Energia Oy,24,2026-07-13,not_exact_fixed_segment;not_FixedPrice;not_General
126357,Äänekosken Energia Oy,12,2026-07-13,not_General
126358,Nurmijärven Sähkö Oy,12,2026-07-13,not_General
126367,Keravan Energia Oy,12,2026-07-13,not_exact_fixed_segment;not_FixedPrice
126370,Omavoima Oy,12,2026-07-13,not_General
126376,Lammaisten Energia Oy,12,2026-07-13,not_exact_fixed_segment;not_FixedPrice;not_General
126377,Paneliankosken Voima Oy,12,2026-07-13,not_General
126386,Paneliankosken Voima Oy,12,2026-07-13,not_exact_fixed_segment;not_FixedPrice;not_General
126389,Omavoima Oy,24,2026-07-13,not_General
126390,Lumme Energia,12,2026-07-13,not_exact_fixed_segment;not_FixedPrice
126392,Pohjois-Karjalan Sähkö Oy,12,2026-07-13,not_General
126395,Omavoima Oy,12,2026-07-13,not_General
126403,Pohjois-Karjalan Sähkö Oy,24,2026-07-14,not_General
126408,Äänekosken Energia Oy,24,2026-07-14,not_General
126409,Äänekosken Energia Oy,6,2026-07-14,not_General
126411,Pohjois-Karjalan Sähkö Oy,12,2026-07-14,not_General
126415,Fortum Markets Oy,12,2026-07-14,not_exact_fixed_segment;not_FixedPrice
126416,Keravan Energia Oy,24,2026-07-14,not_exact_fixed_segment;not_FixedPrice
126424,Vaasan Sähkö Myynti Oy,12,2026-07-14,not_exact_fixed_segment;not_FixedPrice
126427,Nurmijärven Sähkö Oy,12,2026-07-14,not_General
126430,Lammaisten Energia Oy,24,2026-07-14,not_General
126431,Oomi Oy,12,2026-07-14,not_exact_fixed_segment;not_FixedPrice
126436,Hehku Energia Oy,24,2026-07-14,not_exact_fixed_segment;not_FixedPrice
126437,Paneliankosken Voima Oy,24,2026-07-14,not_General
126439,Alajärven Sähkö Oy,24,2026-07-14,not_General
126440,Hehku Energia Oy,12,2026-07-14,not_exact_fixed_segment;not_FixedPrice
126443,Nurmijärven Sähkö Oy,24,2026-07-14,not_General
126448,Pohjois-Karjalan Sähkö Oy,24,2026-07-14,not_General
126449,Pohjois-Karjalan Sähkö Oy,6,2026-07-14,not_General
126452,Paneliankosken Voima Oy,12,2026-07-14,not_exact_fixed_segment;not_FixedPrice
126461,Nordic Green Energy,24,2026-07-14,not_exact_fixed_segment;not_FixedPrice
126463,Porvoon Energia Oy,24,2026-07-14,not_General
126464,Nordic Green Energy,12,2026-07-14,not_exact_fixed_segment;not_FixedPrice
126466,Lammaisten Energia Oy,24,2026-07-14,not_General
126467,Pohjois-Karjalan Sähkö Oy,6,2026-07-14,not_General
126485,Paneliankosken Voima Oy,24,2026-07-14,not_exact_fixed_segment;not_FixedPrice
126498,Vaasan Sähkö Myynti Oy,12,2026-07-14,not_General
126500,Lumme Energia,24,2026-07-14,not_exact_fixed_segment;not_FixedPrice
126503,Vaasan Sähkö Myynti Oy,6,2026-07-14,not_exact_fixed_segment;not_FixedPrice
126506,Alajärven Sähkö Oy,12,2026-07-14,not_General
126517,Äänekosken Energia Oy,6,2026-07-14,not_General
126520,Oomi Oy,24,2026-07-14,not_exact_fixed_segment;not_FixedPrice
126525,Äänekosken Energia Oy,24,2026-07-14,not_General
126529,Paneliankosken Voima Oy,24,2026-07-14,not_exact_fixed_segment;not_FixedPrice;not_General
126531,Lammaisten Energia Oy,24,2026-07-14,not_exact_fixed_segment;not_FixedPrice
126532,Imatran Seudun Sähkö Oy,6,2026-07-14,not_exact_fixed_segment;not_FixedPrice
126547,Köyliön-Säkylän Sähkö Oy,24,2026-07-14,not_General
126548,Fortum Markets Oy,24,2026-07-14,not_exact_fixed_segment;not_FixedPrice
126550,Koillis-Satakunnan Sähkö Oy,12,2026-07-14,not_General
126551,Omavoima Oy,24,2026-07-14,not_exact_fixed_segment;not_FixedPrice
126552,Vaasan Sähkö Myynti Oy,24,2026-07-14,not_General
126554,Koillis-Satakunnan Sähkö Oy,24,2026-07-14,not_General
126555,Omavoima Oy,24,2026-07-14,not_General
126559,Koillis-Satakunnan Sähkö Oy,24,2026-07-14,not_exact_fixed_segment;not_FixedPrice
126561,Kokkolan Energia Oy,12,2026-07-14,not_exact_fixed_segment;not_FixedPrice
126562,Köyliön-Säkylän Sähkö Oy,24,2026-07-14,not_General
126565,Turku Energia Oy,12,2026-07-14,not_exact_fixed_segment;not_FixedPrice
126566,Vaasan Sähkö Myynti Oy,24,2026-07-14,not_exact_fixed_segment;not_FixedPrice
126568,Pohjois-Karjalan Sähkö Oy,6,2026-07-14,not_General
126570,Porvoon Energia Oy,12,2026-07-14,not_General
126576,Koillis-Satakunnan Sähkö Oy,12,2026-07-14,not_exact_fixed_segment;not_FixedPrice
126581,Korpelan Energia Oy,12,2026-07-14,not_exact_fixed_segment;not_FixedPrice
126583,Koillis-Satakunnan Sähkö Oy,12,2026-07-14,not_General
126589,Porvoon Energia Oy,12,2026-07-14,not_General
126592,Nordic Green Energy,12,2026-07-14,not_exact_fixed_segment;not_FixedPrice
126593,Imatran Seudun Sähkö Oy,24,2026-07-14,not_exact_fixed_segment;not_FixedPrice
126594,Porvoon Energia Oy,24,2026-07-14,not_General
126600,Kokkolan Energia Oy,24,2026-07-14,not_exact_fixed_segment;not_FixedPrice
126603,Keravan Energia Oy,12,2026-07-14,not_exact_fixed_segment;not_FixedPrice
126604,Helen Oy,12,2026-07-14,not_exact_fixed_segment;not_FixedPrice
126607,Koillis-Satakunnan Sähkö Oy,12,2026-07-14,not_General
126612,Porvoon Energia Oy,24,2026-07-14,not_General
126615,Keravan Energia Oy,24,2026-07-14,not_exact_fixed_segment;not_FixedPrice
126616,Helen Oy,24,2026-07-14,not_exact_fixed_segment;not_FixedPrice
126620,Lammaisten Energia Oy,12,2026-07-14,not_exact_fixed_segment;not_FixedPrice;not_General
126622,Lammaisten Energia Oy,12,2026-07-14,not_General
126627,Pohjois-Karjalan Sähkö Oy,24,2026-07-14,not_General
126628,Korpelan Energia Oy,24,2026-07-14,not_exact_fixed_segment;not_FixedPrice
126633,Lammaisten Energia Oy,12,2026-07-14,not_General
126639,Köyliön-Säkylän Sähkö Oy,12,2026-07-14,not_General
126642,Nurmijärven Sähkö Oy,24,2026-07-14,not_General
126643,Vaasan Sähkö Myynti Oy,6,2026-07-14,not_General
126646,Lammaisten Energia Oy,12,2026-07-14,not_exact_fixed_segment;not_FixedPrice
126650,Pohjois-Karjalan Sähkö Oy,6,2026-07-14,not_General
126653,Köyliön-Säkylän Sähkö Oy,12,2026-07-14,not_General
126655,Imatran Seudun Sähkö Oy,12,2026-07-14,not_exact_fixed_segment;not_FixedPrice
126658,Koillis-Satakunnan Sähkö Oy,24,2026-07-14,not_General
126664,Pohjois-Karjalan Sähkö Oy,24,2026-07-14,not_General
126666,Lammaisten Energia Oy,24,2026-07-14,not_exact_fixed_segment;not_FixedPrice;not_General
126668,Nordic Green Energy,24,2026-07-14,not_exact_fixed_segment;not_FixedPrice
126669,Äänekosken Energia Oy,12,2026-07-14,not_General
126672,Lammaisten Energia Oy,24,2026-07-14,not_exact_fixed_segment;not_FixedPrice;not_General
126675,Äänekosken Energia Oy,12,2026-07-14,not_General
126676,Nurmijärven Sähkö Oy,12,2026-07-14,not_General
126685,Keravan Energia Oy,12,2026-07-14,not_exact_fixed_segment;not_FixedPrice
126688,Omavoima Oy,12,2026-07-14,not_General
126694,Lammaisten Energia Oy,12,2026-07-14,not_exact_fixed_segment;not_FixedPrice;not_General
126695,Paneliankosken Voima Oy,12,2026-07-14,not_General
126704,Paneliankosken Voima Oy,12,2026-07-14,not_exact_fixed_segment;not_FixedPrice;not_General
126707,Omavoima Oy,24,2026-07-14,not_General
126708,Lumme Energia,12,2026-07-14,not_exact_fixed_segment;not_FixedPrice
126710,Pohjois-Karjalan Sähkö Oy,12,2026-07-14,not_General
126713,Omavoima Oy,12,2026-07-14,not_General
126724,Äänekosken Energia Oy,24,2026-07-15,not_General
126725,Äänekosken Energia Oy,6,2026-07-15,not_General
126727,Pohjois-Karjalan Sähkö Oy,12,2026-07-15,not_General
126730,Fortum Markets Oy,12,2026-07-15,not_exact_fixed_segment;not_FixedPrice
126731,Keravan Energia Oy,24,2026-07-15,not_exact_fixed_segment;not_FixedPrice
126739,Vaasan Sähkö Myynti Oy,12,2026-07-15,not_exact_fixed_segment;not_FixedPrice
126742,Nurmijärven Sähkö Oy,12,2026-07-15,not_General
126745,Lammaisten Energia Oy,24,2026-07-15,not_General
126746,Oomi Oy,12,2026-07-15,not_exact_fixed_segment;not_FixedPrice
126750,Paneliankosken Voima Oy,24,2026-07-15,not_General
126752,Alajärven Sähkö Oy,24,2026-07-15,not_General
126754,Nurmijärven Sähkö Oy,24,2026-07-15,not_General
126758,Pohjois-Karjalan Sähkö Oy,24,2026-07-15,not_General
126759,Pohjois-Karjalan Sähkö Oy,6,2026-07-15,not_General
126761,Hehku Energia Oy,24,2026-07-15,not_exact_fixed_segment;not_FixedPrice
126763,Paneliankosken Voima Oy,12,2026-07-15,not_exact_fixed_segment;not_FixedPrice
126772,Nordic Green Energy,24,2026-07-15,not_exact_fixed_segment;not_FixedPrice
126775,Nordic Green Energy,12,2026-07-15,not_exact_fixed_segment;not_FixedPrice
126777,Lammaisten Energia Oy,24,2026-07-15,not_General
126778,Pohjois-Karjalan Sähkö Oy,6,2026-07-15,not_General
126796,Paneliankosken Voima Oy,24,2026-07-15,not_exact_fixed_segment;not_FixedPrice
126808,Porvoon Energia Oy,12,2026-07-15,not_General
126810,Vaasan Sähkö Myynti Oy,12,2026-07-15,not_General
126812,Lumme Energia,24,2026-07-15,not_exact_fixed_segment;not_FixedPrice
126815,Vaasan Sähkö Myynti Oy,6,2026-07-15,not_exact_fixed_segment;not_FixedPrice
126817,Alajärven Sähkö Oy,12,2026-07-15,not_General
126826,Äänekosken Energia Oy,6,2026-07-15,not_General
126829,Oomi Oy,24,2026-07-15,not_exact_fixed_segment;not_FixedPrice
126834,Äänekosken Energia Oy,24,2026-07-15,not_General
126838,Paneliankosken Voima Oy,24,2026-07-15,not_exact_fixed_segment;not_FixedPrice;not_General
126840,Lammaisten Energia Oy,24,2026-07-15,not_exact_fixed_segment;not_FixedPrice
126841,Imatran Seudun Sähkö Oy,6,2026-07-15,not_exact_fixed_segment;not_FixedPrice
126857,Köyliön-Säkylän Sähkö Oy,24,2026-07-15,not_General
126858,Fortum Markets Oy,24,2026-07-15,not_exact_fixed_segment;not_FixedPrice
126860,Koillis-Satakunnan Sähkö Oy,12,2026-07-15,not_General
126861,Omavoima Oy,24,2026-07-15,not_exact_fixed_segment;not_FixedPrice
126862,Vaasan Sähkö Myynti Oy,24,2026-07-15,not_General
126864,Koillis-Satakunnan Sähkö Oy,24,2026-07-15,not_General
126865,Omavoima Oy,24,2026-07-15,not_General
126869,Koillis-Satakunnan Sähkö Oy,24,2026-07-15,not_exact_fixed_segment;not_FixedPrice
126871,Kokkolan Energia Oy,12,2026-07-15,not_exact_fixed_segment;not_FixedPrice
126872,Köyliön-Säkylän Sähkö Oy,24,2026-07-15,not_General
126875,Turku Energia Oy,12,2026-07-15,not_exact_fixed_segment;not_FixedPrice
126876,Vaasan Sähkö Myynti Oy,24,2026-07-15,not_exact_fixed_segment;not_FixedPrice
126878,Pohjois-Karjalan Sähkö Oy,6,2026-07-15,not_General
126885,Koillis-Satakunnan Sähkö Oy,12,2026-07-15,not_exact_fixed_segment;not_FixedPrice
126891,Korpelan Energia Oy,12,2026-07-15,not_exact_fixed_segment;not_FixedPrice
126893,Koillis-Satakunnan Sähkö Oy,12,2026-07-15,not_General
126901,Nordic Green Energy,12,2026-07-15,not_exact_fixed_segment;not_FixedPrice
126902,Imatran Seudun Sähkö Oy,24,2026-07-15,not_exact_fixed_segment;not_FixedPrice
126906,Kokkolan Energia Oy,24,2026-07-15,not_exact_fixed_segment;not_FixedPrice
126912,Koillis-Satakunnan Sähkö Oy,12,2026-07-15,not_General
126918,Porvoon Energia Oy,24,2026-07-15,not_General
126920,Keravan Energia Oy,24,2026-07-15,not_exact_fixed_segment;not_FixedPrice
126925,Lammaisten Energia Oy,12,2026-07-15,not_exact_fixed_segment;not_FixedPrice;not_General
126927,Lammaisten Energia Oy,12,2026-07-15,not_General
126932,Korpelan Energia Oy,24,2026-07-15,not_exact_fixed_segment;not_FixedPrice
126935,Keravan Energia Oy,12,2026-07-15,not_exact_fixed_segment;not_FixedPrice
126940,Lammaisten Energia Oy,12,2026-07-15,not_General
126941,Keravan Energia Oy,12,2026-07-15,not_exact_fixed_segment;not_FixedPrice
126948,Köyliön-Säkylän Sähkö Oy,12,2026-07-15,not_General
126951,Nurmijärven Sähkö Oy,24,2026-07-15,not_General
126952,Vaasan Sähkö Myynti Oy,6,2026-07-15,not_General
126955,Lammaisten Energia Oy,12,2026-07-15,not_exact_fixed_segment;not_FixedPrice
126958,Pohjois-Karjalan Sähkö Oy,6,2026-07-15,not_General
126961,Köyliön-Säkylän Sähkö Oy,12,2026-07-15,not_General
126963,Porvoon Energia Oy,12,2026-07-15,not_General
126964,Imatran Seudun Sähkö Oy,12,2026-07-15,not_exact_fixed_segment;not_FixedPrice
126965,Helen Oy,24,2026-07-15,not_exact_fixed_segment;not_FixedPrice
126968,Koillis-Satakunnan Sähkö Oy,24,2026-07-15,not_General
126969,Helen Oy,12,2026-07-15,not_exact_fixed_segment;not_FixedPrice
126974,Pohjois-Karjalan Sähkö Oy,24,2026-07-15,not_General
126975,Porvoon Energia Oy,24,2026-07-15,not_General
126978,Lammaisten Energia Oy,24,2026-07-15,not_exact_fixed_segment;not_FixedPrice;not_General
126980,Nordic Green Energy,24,2026-07-15,not_exact_fixed_segment;not_FixedPrice
126981,Äänekosken Energia Oy,12,2026-07-15,not_General
126985,Lammaisten Energia Oy,24,2026-07-15,not_exact_fixed_segment;not_FixedPrice;not_General
126987,Äänekosken Energia Oy,12,2026-07-15,not_General
126988,Nurmijärven Sähkö Oy,12,2026-07-15,not_General
126999,Omavoima Oy,12,2026-07-15,not_General
127005,Lammaisten Energia Oy,12,2026-07-15,not_exact_fixed_segment;not_FixedPrice;not_General
127007,Paneliankosken Voima Oy,12,2026-07-15,not_General
127008,Porvoon Energia Oy,24,2026-07-15,not_General
127009,Hehku Energia Oy,12,2026-07-15,not_exact_fixed_segment;not_FixedPrice
127019,Paneliankosken Voima Oy,12,2026-07-15,not_exact_fixed_segment;not_FixedPrice;not_General
127022,Omavoima Oy,24,2026-07-15,not_General
127023,Lumme Energia,12,2026-07-15,not_exact_fixed_segment;not_FixedPrice
127025,Pohjois-Karjalan Sähkö Oy,12,2026-07-15,not_General
127029,Omavoima Oy,12,2026-07-15,not_General
127040,Äänekosken Energia Oy,24,2026-07-16,not_General
127041,Äänekosken Energia Oy,6,2026-07-16,not_General
127043,Pohjois-Karjalan Sähkö Oy,12,2026-07-16,not_General
127046,Fortum Markets Oy,12,2026-07-16,not_exact_fixed_segment;not_FixedPrice
127047,Vaasan Sähkö Myynti Oy,12,2026-07-16,not_General
127048,Keravan Energia Oy,24,2026-07-16,not_exact_fixed_segment;not_FixedPrice
127058,Nurmijärven Sähkö Oy,12,2026-07-16,not_General
127061,Lammaisten Energia Oy,24,2026-07-16,not_General
127062,Oomi Oy,12,2026-07-16,not_exact_fixed_segment;not_FixedPrice
127068,Paneliankosken Voima Oy,24,2026-07-16,not_General
127070,Alajärven Sähkö Oy,24,2026-07-16,not_General
127072,Nurmijärven Sähkö Oy,24,2026-07-16,not_General
127076,Pohjois-Karjalan Sähkö Oy,24,2026-07-16,not_General
127077,Pohjois-Karjalan Sähkö Oy,6,2026-07-16,not_General
127079,Hehku Energia Oy,24,2026-07-16,not_exact_fixed_segment;not_FixedPrice
127081,Paneliankosken Voima Oy,12,2026-07-16,not_exact_fixed_segment;not_FixedPrice
127090,Nordic Green Energy,24,2026-07-16,not_exact_fixed_segment;not_FixedPrice
127093,Vaasan Sähkö Myynti Oy,24,2026-07-16,not_General
127094,Nordic Green Energy,12,2026-07-16,not_exact_fixed_segment;not_FixedPrice
127096,Lammaisten Energia Oy,24,2026-07-16,not_General
127097,Pohjois-Karjalan Sähkö Oy,6,2026-07-16,not_General
127115,Paneliankosken Voima Oy,24,2026-07-16,not_exact_fixed_segment;not_FixedPrice
127127,Porvoon Energia Oy,12,2026-07-16,not_General
127130,Lumme Energia,24,2026-07-16,not_exact_fixed_segment;not_FixedPrice
127133,Alajärven Sähkö Oy,12,2026-07-16,not_General
127139,Vaasan Sähkö Myynti Oy,6,2026-07-16,not_exact_fixed_segment;not_FixedPrice
127143,Äänekosken Energia Oy,6,2026-07-16,not_General
127146,Oomi Oy,24,2026-07-16,not_exact_fixed_segment;not_FixedPrice
127151,Äänekosken Energia Oy,24,2026-07-16,not_General
127156,Paneliankosken Voima Oy,24,2026-07-16,not_exact_fixed_segment;not_FixedPrice;not_General
127158,Lammaisten Energia Oy,24,2026-07-16,not_exact_fixed_segment;not_FixedPrice
127159,Imatran Seudun Sähkö Oy,6,2026-07-16,not_exact_fixed_segment;not_FixedPrice
127175,Köyliön-Säkylän Sähkö Oy,24,2026-07-16,not_General
127176,Fortum Markets Oy,24,2026-07-16,not_exact_fixed_segment;not_FixedPrice
127178,Koillis-Satakunnan Sähkö Oy,12,2026-07-16,not_General
127179,Omavoima Oy,24,2026-07-16,not_exact_fixed_segment;not_FixedPrice
127181,Koillis-Satakunnan Sähkö Oy,24,2026-07-16,not_General
127182,Omavoima Oy,24,2026-07-16,not_General
127186,Koillis-Satakunnan Sähkö Oy,24,2026-07-16,not_exact_fixed_segment;not_FixedPrice
127188,Kokkolan Energia Oy,12,2026-07-16,not_exact_fixed_segment;not_FixedPrice
127189,Köyliön-Säkylän Sähkö Oy,24,2026-07-16,not_General
127192,Turku Energia Oy,12,2026-07-16,not_exact_fixed_segment;not_FixedPrice
127194,Pohjois-Karjalan Sähkö Oy,6,2026-07-16,not_General
127201,Koillis-Satakunnan Sähkö Oy,12,2026-07-16,not_exact_fixed_segment;not_FixedPrice
127207,Korpelan Energia Oy,12,2026-07-16,not_exact_fixed_segment;not_FixedPrice
127209,Koillis-Satakunnan Sähkö Oy,12,2026-07-16,not_General
127216,Nordic Green Energy,12,2026-07-16,not_exact_fixed_segment;not_FixedPrice
127217,Imatran Seudun Sähkö Oy,24,2026-07-16,not_exact_fixed_segment;not_FixedPrice
127221,Kokkolan Energia Oy,24,2026-07-16,not_exact_fixed_segment;not_FixedPrice
127222,Vaasan Sähkö Myynti Oy,12,2026-07-16,not_exact_fixed_segment;not_FixedPrice
127228,Koillis-Satakunnan Sähkö Oy,12,2026-07-16,not_General
127229,Vaasan Sähkö Myynti Oy,24,2026-07-16,not_exact_fixed_segment;not_FixedPrice
127235,Porvoon Energia Oy,24,2026-07-16,not_General
127237,Keravan Energia Oy,24,2026-07-16,not_exact_fixed_segment;not_FixedPrice
127242,Lammaisten Energia Oy,12,2026-07-16,not_exact_fixed_segment;not_FixedPrice;not_General
127244,Lammaisten Energia Oy,12,2026-07-16,not_General
127250,Korpelan Energia Oy,24,2026-07-16,not_exact_fixed_segment;not_FixedPrice
127253,Keravan Energia Oy,12,2026-07-16,not_exact_fixed_segment;not_FixedPrice
127258,Lammaisten Energia Oy,12,2026-07-16,not_General
127259,Keravan Energia Oy,12,2026-07-16,not_exact_fixed_segment;not_FixedPrice
127267,Köyliön-Säkylän Sähkö Oy,12,2026-07-16,not_General
127270,Nurmijärven Sähkö Oy,24,2026-07-16,not_General
127273,Lammaisten Energia Oy,12,2026-07-16,not_exact_fixed_segment;not_FixedPrice
127276,Pohjois-Karjalan Sähkö Oy,6,2026-07-16,not_General
127278,Vaasan Sähkö Myynti Oy,6,2026-07-16,not_General
127279,Köyliön-Säkylän Sähkö Oy,12,2026-07-16,not_General
127281,Porvoon Energia Oy,12,2026-07-16,not_General
127282,Imatran Seudun Sähkö Oy,12,2026-07-16,not_exact_fixed_segment;not_FixedPrice
127283,Helen Oy,24,2026-07-16,not_exact_fixed_segment;not_FixedPrice
127286,Koillis-Satakunnan Sähkö Oy,24,2026-07-16,not_General
127287,Helen Oy,12,2026-07-16,not_exact_fixed_segment;not_FixedPrice
127292,Pohjois-Karjalan Sähkö Oy,24,2026-07-16,not_General
127293,Porvoon Energia Oy,24,2026-07-16,not_General
127296,Lammaisten Energia Oy,24,2026-07-16,not_exact_fixed_segment;not_FixedPrice;not_General
127298,Nordic Green Energy,24,2026-07-16,not_exact_fixed_segment;not_FixedPrice
127299,Äänekosken Energia Oy,12,2026-07-16,not_General
127303,Lammaisten Energia Oy,24,2026-07-16,not_exact_fixed_segment;not_FixedPrice;not_General
127305,Äänekosken Energia Oy,12,2026-07-16,not_General
127306,Nurmijärven Sähkö Oy,12,2026-07-16,not_General
127315,Omavoima Oy,12,2026-07-16,not_General
127321,Lammaisten Energia Oy,12,2026-07-16,not_exact_fixed_segment;not_FixedPrice;not_General
127323,Paneliankosken Voima Oy,12,2026-07-16,not_General
127324,Porvoon Energia Oy,24,2026-07-16,not_General
127325,Hehku Energia Oy,12,2026-07-16,not_exact_fixed_segment;not_FixedPrice
127335,Paneliankosken Voima Oy,12,2026-07-16,not_exact_fixed_segment;not_FixedPrice;not_General
127338,Omavoima Oy,24,2026-07-16,not_General
127339,Lumme Energia,12,2026-07-16,not_exact_fixed_segment;not_FixedPrice
127341,Pohjois-Karjalan Sähkö Oy,12,2026-07-16,not_General
127345,Omavoima Oy,12,2026-07-16,not_General
127357,Äänekosken Energia Oy,24,2026-07-17,not_General
127358,Äänekosken Energia Oy,6,2026-07-17,not_General
127360,Pohjois-Karjalan Sähkö Oy,12,2026-07-17,not_General
127362,Fortum Markets Oy,12,2026-07-17,not_exact_fixed_segment;not_FixedPrice
127363,Vaasan Sähkö Myynti Oy,12,2026-07-17,not_General
127373,Nurmijärven Sähkö Oy,12,2026-07-17,not_General
127376,Lammaisten Energia Oy,24,2026-07-17,not_General
127382,Paneliankosken Voima Oy,24,2026-07-17,not_General
127384,Alajärven Sähkö Oy,24,2026-07-17,not_General
127386,Nurmijärven Sähkö Oy,24,2026-07-17,not_General
127390,Pohjois-Karjalan Sähkö Oy,24,2026-07-17,not_General
127391,Pohjois-Karjalan Sähkö Oy,6,2026-07-17,not_General
127393,Hehku Energia Oy,24,2026-07-17,not_exact_fixed_segment;not_FixedPrice
127395,Paneliankosken Voima Oy,12,2026-07-17,not_exact_fixed_segment;not_FixedPrice
127402,Imatran Seudun Sähkö Oy,6,2026-07-17,not_exact_fixed_segment;not_FixedPrice
127403,Imatran Seudun Sähkö Oy,12,2026-07-17,not_exact_fixed_segment;not_FixedPrice
127407,Nordic Green Energy,24,2026-07-17,not_exact_fixed_segment;not_FixedPrice
127410,Vaasan Sähkö Myynti Oy,24,2026-07-17,not_General
127411,Nordic Green Energy,12,2026-07-17,not_exact_fixed_segment;not_FixedPrice
127413,Lammaisten Energia Oy,24,2026-07-17,not_General
127414,Pohjois-Karjalan Sähkö Oy,6,2026-07-17,not_General
127424,Oomi Oy,24,2026-07-17,not_exact_fixed_segment;not_FixedPrice
127425,Keravan Energia Oy,24,2026-07-17,not_exact_fixed_segment;not_FixedPrice
127433,Paneliankosken Voima Oy,24,2026-07-17,not_exact_fixed_segment;not_FixedPrice
127444,Oomi Oy,12,2026-07-17,not_exact_fixed_segment;not_FixedPrice
127446,Porvoon Energia Oy,12,2026-07-17,not_General
127449,Lumme Energia,24,2026-07-17,not_exact_fixed_segment;not_FixedPrice
127452,Alajärven Sähkö Oy,12,2026-07-17,not_General
127453,Imatran Seudun Sähkö Oy,24,2026-07-17,not_exact_fixed_segment;not_FixedPrice
127460,Vaasan Sähkö Myynti Oy,6,2026-07-17,not_exact_fixed_segment;not_FixedPrice
127464,Äänekosken Energia Oy,6,2026-07-17,not_General
127471,Äänekosken Energia Oy,24,2026-07-17,not_General
127477,Paneliankosken Voima Oy,24,2026-07-17,not_exact_fixed_segment;not_FixedPrice;not_General
127479,Lammaisten Energia Oy,24,2026-07-17,not_exact_fixed_segment;not_FixedPrice
127494,Köyliön-Säkylän Sähkö Oy,24,2026-07-17,not_General
127495,Fortum Markets Oy,24,2026-07-17,not_exact_fixed_segment;not_FixedPrice
127497,Koillis-Satakunnan Sähkö Oy,12,2026-07-17,not_General
127498,Omavoima Oy,24,2026-07-17,not_exact_fixed_segment;not_FixedPrice
127500,Koillis-Satakunnan Sähkö Oy,24,2026-07-17,not_General
127501,Omavoima Oy,24,2026-07-17,not_General
127505,Koillis-Satakunnan Sähkö Oy,24,2026-07-17,not_exact_fixed_segment;not_FixedPrice
127507,Kokkolan Energia Oy,12,2026-07-17,not_exact_fixed_segment;not_FixedPrice
127508,Köyliön-Säkylän Sähkö Oy,24,2026-07-17,not_General
127512,Pohjois-Karjalan Sähkö Oy,6,2026-07-17,not_General
127518,Koillis-Satakunnan Sähkö Oy,12,2026-07-17,not_exact_fixed_segment;not_FixedPrice
127524,Korpelan Energia Oy,12,2026-07-17,not_exact_fixed_segment;not_FixedPrice
127526,Koillis-Satakunnan Sähkö Oy,12,2026-07-17,not_General
127533,Nordic Green Energy,12,2026-07-17,not_exact_fixed_segment;not_FixedPrice
127534,Keravan Energia Oy,12,2026-07-17,not_exact_fixed_segment;not_FixedPrice
127538,Kokkolan Energia Oy,24,2026-07-17,not_exact_fixed_segment;not_FixedPrice
127539,Vaasan Sähkö Myynti Oy,12,2026-07-17,not_exact_fixed_segment;not_FixedPrice
127545,Koillis-Satakunnan Sähkö Oy,12,2026-07-17,not_General
127546,Vaasan Sähkö Myynti Oy,24,2026-07-17,not_exact_fixed_segment;not_FixedPrice
127549,Keravan Energia Oy,24,2026-07-17,not_exact_fixed_segment;not_FixedPrice
127552,Porvoon Energia Oy,24,2026-07-17,not_General
127559,Lammaisten Energia Oy,12,2026-07-17,not_exact_fixed_segment;not_FixedPrice;not_General
127561,Lammaisten Energia Oy,12,2026-07-17,not_General
127567,Korpelan Energia Oy,24,2026-07-17,not_exact_fixed_segment;not_FixedPrice
127574,Lammaisten Energia Oy,12,2026-07-17,not_General
127582,Köyliön-Säkylän Sähkö Oy,12,2026-07-17,not_General
127585,Nurmijärven Sähkö Oy,24,2026-07-17,not_General
127588,Lammaisten Energia Oy,12,2026-07-17,not_exact_fixed_segment;not_FixedPrice
127590,Pohjois-Karjalan Sähkö Oy,6,2026-07-17,not_General
127592,Vaasan Sähkö Myynti Oy,6,2026-07-17,not_General
127593,Köyliön-Säkylän Sähkö Oy,12,2026-07-17,not_General
127597,Keravan Energia Oy,12,2026-07-17,not_exact_fixed_segment;not_FixedPrice
127598,Porvoon Energia Oy,12,2026-07-17,not_General
127599,Helen Oy,24,2026-07-17,not_exact_fixed_segment;not_FixedPrice
127602,Koillis-Satakunnan Sähkö Oy,24,2026-07-17,not_General
127603,Helen Oy,12,2026-07-17,not_exact_fixed_segment;not_FixedPrice
127608,Pohjois-Karjalan Sähkö Oy,24,2026-07-17,not_General
127609,Porvoon Energia Oy,24,2026-07-17,not_General
127612,Lammaisten Energia Oy,24,2026-07-17,not_exact_fixed_segment;not_FixedPrice;not_General
127614,Nordic Green Energy,24,2026-07-17,not_exact_fixed_segment;not_FixedPrice
127615,Äänekosken Energia Oy,12,2026-07-17,not_General
127619,Lammaisten Energia Oy,24,2026-07-17,not_exact_fixed_segment;not_FixedPrice;not_General
127621,Äänekosken Energia Oy,12,2026-07-17,not_General
127622,Nurmijärven Sähkö Oy,12,2026-07-17,not_General
127632,Omavoima Oy,12,2026-07-17,not_General
127636,Lammaisten Energia Oy,12,2026-07-17,not_exact_fixed_segment;not_FixedPrice;not_General
127638,Paneliankosken Voima Oy,12,2026-07-17,not_General
127639,Porvoon Energia Oy,24,2026-07-17,not_General
127640,Hehku Energia Oy,12,2026-07-17,not_exact_fixed_segment;not_FixedPrice
127650,Paneliankosken Voima Oy,12,2026-07-17,not_exact_fixed_segment;not_FixedPrice;not_General
127653,Omavoima Oy,24,2026-07-17,not_General
127654,Lumme Energia,12,2026-07-17,not_exact_fixed_segment;not_FixedPrice
127656,Pohjois-Karjalan Sähkö Oy,12,2026-07-17,not_General
127660,Omavoima Oy,12,2026-07-17,not_General
127672,Äänekosken Energia Oy,24,2026-07-18,not_General
127673,Äänekosken Energia Oy,6,2026-07-18,not_General
127675,Pohjois-Karjalan Sähkö Oy,12,2026-07-18,not_General
127677,Fortum Markets Oy,12,2026-07-18,not_exact_fixed_segment;not_FixedPrice
127678,Vaasan Sähkö Myynti Oy,12,2026-07-18,not_General
127688,Nurmijärven Sähkö Oy,12,2026-07-18,not_General
127691,Lammaisten Energia Oy,24,2026-07-18,not_General
127697,Paneliankosken Voima Oy,24,2026-07-18,not_General
127699,Alajärven Sähkö Oy,24,2026-07-18,not_General
127701,Nurmijärven Sähkö Oy,24,2026-07-18,not_General
127705,Pohjois-Karjalan Sähkö Oy,24,2026-07-18,not_General
127706,Pohjois-Karjalan Sähkö Oy,6,2026-07-18,not_General
127708,Hehku Energia Oy,24,2026-07-18,not_exact_fixed_segment;not_FixedPrice
127710,Paneliankosken Voima Oy,12,2026-07-18,not_exact_fixed_segment;not_FixedPrice
127717,Imatran Seudun Sähkö Oy,6,2026-07-18,not_exact_fixed_segment;not_FixedPrice
127718,Imatran Seudun Sähkö Oy,12,2026-07-18,not_exact_fixed_segment;not_FixedPrice
127722,Nordic Green Energy,24,2026-07-18,not_exact_fixed_segment;not_FixedPrice
127725,Vaasan Sähkö Myynti Oy,24,2026-07-18,not_General
127726,Nordic Green Energy,12,2026-07-18,not_exact_fixed_segment;not_FixedPrice
127728,Lammaisten Energia Oy,24,2026-07-18,not_General
127729,Pohjois-Karjalan Sähkö Oy,6,2026-07-18,not_General
127739,Oomi Oy,24,2026-07-18,not_exact_fixed_segment;not_FixedPrice
127740,Keravan Energia Oy,24,2026-07-18,not_exact_fixed_segment;not_FixedPrice
127748,Paneliankosken Voima Oy,24,2026-07-18,not_exact_fixed_segment;not_FixedPrice
127757,Lumme Energia,24,2026-07-18,not_exact_fixed_segment;not_FixedPrice
127760,Oomi Oy,12,2026-07-18,not_exact_fixed_segment;not_FixedPrice
127762,Porvoon Energia Oy,12,2026-07-18,not_General
127768,Alajärven Sähkö Oy,12,2026-07-18,not_General
127769,Imatran Seudun Sähkö Oy,24,2026-07-18,not_exact_fixed_segment;not_FixedPrice
127771,Köyliön-Säkylän Sähkö Oy,12,2026-07-18,not_General
127777,Vaasan Sähkö Myynti Oy,6,2026-07-18,not_exact_fixed_segment;not_FixedPrice
127781,Äänekosken Energia Oy,6,2026-07-18,not_General
127788,Äänekosken Energia Oy,24,2026-07-18,not_General
127794,Paneliankosken Voima Oy,24,2026-07-18,not_exact_fixed_segment;not_FixedPrice;not_General
127796,Lammaisten Energia Oy,24,2026-07-18,not_exact_fixed_segment;not_FixedPrice
127810,Fortum Markets Oy,24,2026-07-18,not_exact_fixed_segment;not_FixedPrice
127812,Koillis-Satakunnan Sähkö Oy,12,2026-07-18,not_General
127813,Omavoima Oy,24,2026-07-18,not_exact_fixed_segment;not_FixedPrice
127815,Koillis-Satakunnan Sähkö Oy,24,2026-07-18,not_General
127816,Omavoima Oy,24,2026-07-18,not_General
127820,Koillis-Satakunnan Sähkö Oy,24,2026-07-18,not_exact_fixed_segment;not_FixedPrice
127822,Kokkolan Energia Oy,12,2026-07-18,not_exact_fixed_segment;not_FixedPrice
127826,Pohjois-Karjalan Sähkö Oy,6,2026-07-18,not_General
127832,Koillis-Satakunnan Sähkö Oy,12,2026-07-18,not_exact_fixed_segment;not_FixedPrice
127838,Korpelan Energia Oy,12,2026-07-18,not_exact_fixed_segment;not_FixedPrice
127840,Koillis-Satakunnan Sähkö Oy,12,2026-07-18,not_General
127842,Lumme Energia,12,2026-07-18,not_exact_fixed_segment;not_FixedPrice
127848,Nordic Green Energy,12,2026-07-18,not_exact_fixed_segment;not_FixedPrice
127849,Keravan Energia Oy,12,2026-07-18,not_exact_fixed_segment;not_FixedPrice
127853,Kokkolan Energia Oy,24,2026-07-18,not_exact_fixed_segment;not_FixedPrice
127854,Vaasan Sähkö Myynti Oy,12,2026-07-18,not_exact_fixed_segment;not_FixedPrice
127860,Koillis-Satakunnan Sähkö Oy,12,2026-07-18,not_General
127861,Vaasan Sähkö Myynti Oy,24,2026-07-18,not_exact_fixed_segment;not_FixedPrice
127864,Keravan Energia Oy,24,2026-07-18,not_exact_fixed_segment;not_FixedPrice
127867,Porvoon Energia Oy,24,2026-07-18,not_General
127874,Lammaisten Energia Oy,12,2026-07-18,not_exact_fixed_segment;not_FixedPrice;not_General
127876,Lammaisten Energia Oy,12,2026-07-18,not_General
127882,Korpelan Energia Oy,24,2026-07-18,not_exact_fixed_segment;not_FixedPrice
127889,Lammaisten Energia Oy,12,2026-07-18,not_General
127896,Köyliön-Säkylän Sähkö Oy,12,2026-07-18,not_General
127900,Nurmijärven Sähkö Oy,24,2026-07-18,not_General
127903,Lammaisten Energia Oy,12,2026-07-18,not_exact_fixed_segment;not_FixedPrice
127905,Pohjois-Karjalan Sähkö Oy,6,2026-07-18,not_General
127907,Vaasan Sähkö Myynti Oy,6,2026-07-18,not_General
127911,Keravan Energia Oy,12,2026-07-18,not_exact_fixed_segment;not_FixedPrice
127912,Porvoon Energia Oy,12,2026-07-18,not_General
127913,Helen Oy,24,2026-07-18,not_exact_fixed_segment;not_FixedPrice
127916,Köyliön-Säkylän Sähkö Oy,24,2026-07-18,not_General
127917,Koillis-Satakunnan Sähkö Oy,24,2026-07-18,not_General
127918,Helen Oy,12,2026-07-18,not_exact_fixed_segment;not_FixedPrice
127923,Pohjois-Karjalan Sähkö Oy,24,2026-07-18,not_General
127924,Porvoon Energia Oy,24,2026-07-18,not_General
127927,Lammaisten Energia Oy,24,2026-07-18,not_exact_fixed_segment;not_FixedPrice;not_General
127929,Nordic Green Energy,24,2026-07-18,not_exact_fixed_segment;not_FixedPrice
127930,Äänekosken Energia Oy,12,2026-07-18,not_General
127934,Lammaisten Energia Oy,24,2026-07-18,not_exact_fixed_segment;not_FixedPrice;not_General
127936,Äänekosken Energia Oy,12,2026-07-18,not_General
127937,Nurmijärven Sähkö Oy,12,2026-07-18,not_General
127946,Omavoima Oy,12,2026-07-18,not_General
127950,Lammaisten Energia Oy,12,2026-07-18,not_exact_fixed_segment;not_FixedPrice;not_General
127952,Paneliankosken Voima Oy,12,2026-07-18,not_General
127954,Porvoon Energia Oy,24,2026-07-18,not_General
127955,Hehku Energia Oy,12,2026-07-18,not_exact_fixed_segment;not_FixedPrice
127960,Köyliön-Säkylän Sähkö Oy,24,2026-07-18,not_General
127966,Paneliankosken Voima Oy,12,2026-07-18,not_exact_fixed_segment;not_FixedPrice;not_General
127969,Omavoima Oy,24,2026-07-18,not_General
127971,Pohjois-Karjalan Sähkö Oy,12,2026-07-18,not_General
127975,Omavoima Oy,12,2026-07-18,not_General
127987,Äänekosken Energia Oy,24,2026-07-19,not_General
127988,Äänekosken Energia Oy,6,2026-07-19,not_General
127990,Pohjois-Karjalan Sähkö Oy,12,2026-07-19,not_General
127992,Fortum Markets Oy,12,2026-07-19,not_exact_fixed_segment;not_FixedPrice
127993,Vaasan Sähkö Myynti Oy,12,2026-07-19,not_General
128003,Nurmijärven Sähkö Oy,12,2026-07-19,not_General
128006,Lammaisten Energia Oy,24,2026-07-19,not_General
128012,Paneliankosken Voima Oy,24,2026-07-19,not_General
128014,Alajärven Sähkö Oy,24,2026-07-19,not_General
128016,Nurmijärven Sähkö Oy,24,2026-07-19,not_General
128020,Pohjois-Karjalan Sähkö Oy,24,2026-07-19,not_General
128021,Pohjois-Karjalan Sähkö Oy,6,2026-07-19,not_General
128023,Hehku Energia Oy,24,2026-07-19,not_exact_fixed_segment;not_FixedPrice
128025,Paneliankosken Voima Oy,12,2026-07-19,not_exact_fixed_segment;not_FixedPrice
128032,Imatran Seudun Sähkö Oy,6,2026-07-19,not_exact_fixed_segment;not_FixedPrice
128033,Imatran Seudun Sähkö Oy,12,2026-07-19,not_exact_fixed_segment;not_FixedPrice
128037,Nordic Green Energy,24,2026-07-19,not_exact_fixed_segment;not_FixedPrice
128040,Vaasan Sähkö Myynti Oy,24,2026-07-19,not_General
128041,Nordic Green Energy,12,2026-07-19,not_exact_fixed_segment;not_FixedPrice
128043,Lammaisten Energia Oy,24,2026-07-19,not_General
128044,Pohjois-Karjalan Sähkö Oy,6,2026-07-19,not_General
128054,Oomi Oy,24,2026-07-19,not_exact_fixed_segment;not_FixedPrice
128055,Keravan Energia Oy,24,2026-07-19,not_exact_fixed_segment;not_FixedPrice
128063,Paneliankosken Voima Oy,24,2026-07-19,not_exact_fixed_segment;not_FixedPrice
128072,Lumme Energia,24,2026-07-19,not_exact_fixed_segment;not_FixedPrice
128075,Oomi Oy,12,2026-07-19,not_exact_fixed_segment;not_FixedPrice
128077,Porvoon Energia Oy,12,2026-07-19,not_General
128083,Alajärven Sähkö Oy,12,2026-07-19,not_General
128084,Imatran Seudun Sähkö Oy,24,2026-07-19,not_exact_fixed_segment;not_FixedPrice
128086,Köyliön-Säkylän Sähkö Oy,12,2026-07-19,not_General
128092,Vaasan Sähkö Myynti Oy,6,2026-07-19,not_exact_fixed_segment;not_FixedPrice
128096,Äänekosken Energia Oy,6,2026-07-19,not_General
128103,Äänekosken Energia Oy,24,2026-07-19,not_General
128109,Paneliankosken Voima Oy,24,2026-07-19,not_exact_fixed_segment;not_FixedPrice;not_General
128111,Lammaisten Energia Oy,24,2026-07-19,not_exact_fixed_segment;not_FixedPrice
128125,Fortum Markets Oy,24,2026-07-19,not_exact_fixed_segment;not_FixedPrice
128127,Koillis-Satakunnan Sähkö Oy,12,2026-07-19,not_General
128128,Omavoima Oy,24,2026-07-19,not_exact_fixed_segment;not_FixedPrice
128130,Koillis-Satakunnan Sähkö Oy,24,2026-07-19,not_General
128131,Omavoima Oy,24,2026-07-19,not_General
128135,Koillis-Satakunnan Sähkö Oy,24,2026-07-19,not_exact_fixed_segment;not_FixedPrice
128137,Kokkolan Energia Oy,12,2026-07-19,not_exact_fixed_segment;not_FixedPrice
128141,Pohjois-Karjalan Sähkö Oy,6,2026-07-19,not_General
128147,Koillis-Satakunnan Sähkö Oy,12,2026-07-19,not_exact_fixed_segment;not_FixedPrice
128153,Korpelan Energia Oy,12,2026-07-19,not_exact_fixed_segment;not_FixedPrice
128155,Koillis-Satakunnan Sähkö Oy,12,2026-07-19,not_General
128157,Lumme Energia,12,2026-07-19,not_exact_fixed_segment;not_FixedPrice
128163,Nordic Green Energy,12,2026-07-19,not_exact_fixed_segment;not_FixedPrice
128164,Keravan Energia Oy,12,2026-07-19,not_exact_fixed_segment;not_FixedPrice
128168,Kokkolan Energia Oy,24,2026-07-19,not_exact_fixed_segment;not_FixedPrice
128169,Vaasan Sähkö Myynti Oy,12,2026-07-19,not_exact_fixed_segment;not_FixedPrice
128175,Koillis-Satakunnan Sähkö Oy,12,2026-07-19,not_General
128176,Vaasan Sähkö Myynti Oy,24,2026-07-19,not_exact_fixed_segment;not_FixedPrice
128179,Keravan Energia Oy,24,2026-07-19,not_exact_fixed_segment;not_FixedPrice
128182,Porvoon Energia Oy,24,2026-07-19,not_General
128189,Lammaisten Energia Oy,12,2026-07-19,not_exact_fixed_segment;not_FixedPrice;not_General
128191,Lammaisten Energia Oy,12,2026-07-19,not_General
128197,Korpelan Energia Oy,24,2026-07-19,not_exact_fixed_segment;not_FixedPrice
128204,Lammaisten Energia Oy,12,2026-07-19,not_General
128211,Köyliön-Säkylän Sähkö Oy,12,2026-07-19,not_General
128215,Nurmijärven Sähkö Oy,24,2026-07-19,not_General
128218,Lammaisten Energia Oy,12,2026-07-19,not_exact_fixed_segment;not_FixedPrice
128220,Pohjois-Karjalan Sähkö Oy,6,2026-07-19,not_General
128222,Vaasan Sähkö Myynti Oy,6,2026-07-19,not_General
128226,Keravan Energia Oy,12,2026-07-19,not_exact_fixed_segment;not_FixedPrice
128227,Porvoon Energia Oy,12,2026-07-19,not_General
128228,Helen Oy,24,2026-07-19,not_exact_fixed_segment;not_FixedPrice
128231,Köyliön-Säkylän Sähkö Oy,24,2026-07-19,not_General
128232,Koillis-Satakunnan Sähkö Oy,24,2026-07-19,not_General
128233,Helen Oy,12,2026-07-19,not_exact_fixed_segment;not_FixedPrice
128238,Pohjois-Karjalan Sähkö Oy,24,2026-07-19,not_General
128239,Porvoon Energia Oy,24,2026-07-19,not_General
128242,Lammaisten Energia Oy,24,2026-07-19,not_exact_fixed_segment;not_FixedPrice;not_General
128244,Nordic Green Energy,24,2026-07-19,not_exact_fixed_segment;not_FixedPrice
128245,Äänekosken Energia Oy,12,2026-07-19,not_General
128249,Lammaisten Energia Oy,24,2026-07-19,not_exact_fixed_segment;not_FixedPrice;not_General
128251,Äänekosken Energia Oy,12,2026-07-19,not_General
128252,Nurmijärven Sähkö Oy,12,2026-07-19,not_General
128261,Omavoima Oy,12,2026-07-19,not_General
128265,Lammaisten Energia Oy,12,2026-07-19,not_exact_fixed_segment;not_FixedPrice;not_General
128267,Paneliankosken Voima Oy,12,2026-07-19,not_General
128269,Porvoon Energia Oy,24,2026-07-19,not_General
128270,Hehku Energia Oy,12,2026-07-19,not_exact_fixed_segment;not_FixedPrice
128275,Köyliön-Säkylän Sähkö Oy,24,2026-07-19,not_General
128281,Paneliankosken Voima Oy,12,2026-07-19,not_exact_fixed_segment;not_FixedPrice;not_General
128284,Omavoima Oy,24,2026-07-19,not_General
128286,Pohjois-Karjalan Sähkö Oy,12,2026-07-19,not_General
128290,Omavoima Oy,12,2026-07-19,not_General
128294,Äänekosken Energia Oy,12,2026-07-20,not_General
128302,Äänekosken Energia Oy,24,2026-07-20,not_General
128303,Fortum Markets Oy,12,2026-07-20,not_exact_fixed_segment;not_FixedPrice
128305,Äänekosken Energia Oy,6,2026-07-20,not_General
128306,Pohjois-Karjalan Sähkö Oy,12,2026-07-20,not_General
128308,Vaasan Sähkö Myynti Oy,12,2026-07-20,not_General
128318,Nurmijärven Sähkö Oy,12,2026-07-20,not_General
128321,Lammaisten Energia Oy,24,2026-07-20,not_General
128327,Paneliankosken Voima Oy,24,2026-07-20,not_General
128329,Alajärven Sähkö Oy,24,2026-07-20,not_General
128331,Nurmijärven Sähkö Oy,24,2026-07-20,not_General
128332,Äänekosken Energia Oy,6,2026-07-20,not_General
128336,Pohjois-Karjalan Sähkö Oy,24,2026-07-20,not_General
128337,Pohjois-Karjalan Sähkö Oy,6,2026-07-20,not_General
128339,Hehku Energia Oy,24,2026-07-20,not_exact_fixed_segment;not_FixedPrice
128341,Paneliankosken Voima Oy,12,2026-07-20,not_exact_fixed_segment;not_FixedPrice
128346,Imatran Seudun Sähkö Oy,6,2026-07-20,not_exact_fixed_segment;not_FixedPrice
128347,Imatran Seudun Sähkö Oy,12,2026-07-20,not_exact_fixed_segment;not_FixedPrice
128351,Nordic Green Energy,24,2026-07-20,not_exact_fixed_segment;not_FixedPrice
128354,Vaasan Sähkö Myynti Oy,24,2026-07-20,not_General
128355,Nordic Green Energy,12,2026-07-20,not_exact_fixed_segment;not_FixedPrice
128357,Lammaisten Energia Oy,24,2026-07-20,not_General
128358,Pohjois-Karjalan Sähkö Oy,6,2026-07-20,not_General
128369,Oomi Oy,24,2026-07-20,not_exact_fixed_segment;not_FixedPrice
128370,Keravan Energia Oy,24,2026-07-20,not_exact_fixed_segment;not_FixedPrice
128378,Paneliankosken Voima Oy,24,2026-07-20,not_exact_fixed_segment;not_FixedPrice
128387,Lumme Energia,24,2026-07-20,not_exact_fixed_segment;not_FixedPrice
128390,Oomi Oy,12,2026-07-20,not_exact_fixed_segment;not_FixedPrice
128392,Porvoon Energia Oy,12,2026-07-20,not_General
128398,Alajärven Sähkö Oy,12,2026-07-20,not_General
128399,Imatran Seudun Sähkö Oy,24,2026-07-20,not_exact_fixed_segment;not_FixedPrice
128401,Köyliön-Säkylän Sähkö Oy,12,2026-07-20,not_General
128407,Vaasan Sähkö Myynti Oy,6,2026-07-20,not_exact_fixed_segment;not_FixedPrice
128417,Äänekosken Energia Oy,24,2026-07-20,not_General
128423,Paneliankosken Voima Oy,24,2026-07-20,not_exact_fixed_segment;not_FixedPrice;not_General
128425,Lammaisten Energia Oy,24,2026-07-20,not_exact_fixed_segment;not_FixedPrice
128440,Koillis-Satakunnan Sähkö Oy,12,2026-07-20,not_General
128441,Omavoima Oy,24,2026-07-20,not_exact_fixed_segment;not_FixedPrice
128443,Koillis-Satakunnan Sähkö Oy,24,2026-07-20,not_General
128444,Omavoima Oy,24,2026-07-20,not_General
128448,Koillis-Satakunnan Sähkö Oy,24,2026-07-20,not_exact_fixed_segment;not_FixedPrice
128450,Kokkolan Energia Oy,12,2026-07-20,not_exact_fixed_segment;not_FixedPrice
128454,Pohjois-Karjalan Sähkö Oy,6,2026-07-20,not_General
128460,Koillis-Satakunnan Sähkö Oy,12,2026-07-20,not_exact_fixed_segment;not_FixedPrice
128466,Korpelan Energia Oy,12,2026-07-20,not_exact_fixed_segment;not_FixedPrice
128468,Koillis-Satakunnan Sähkö Oy,12,2026-07-20,not_General
128470,Lumme Energia,12,2026-07-20,not_exact_fixed_segment;not_FixedPrice
128476,Nordic Green Energy,12,2026-07-20,not_exact_fixed_segment;not_FixedPrice
128477,Keravan Energia Oy,12,2026-07-20,not_exact_fixed_segment;not_FixedPrice
128481,Kokkolan Energia Oy,24,2026-07-20,not_exact_fixed_segment;not_FixedPrice
128482,Vaasan Sähkö Myynti Oy,12,2026-07-20,not_exact_fixed_segment;not_FixedPrice
128488,Koillis-Satakunnan Sähkö Oy,12,2026-07-20,not_General
128489,Vaasan Sähkö Myynti Oy,24,2026-07-20,not_exact_fixed_segment;not_FixedPrice
128492,Keravan Energia Oy,24,2026-07-20,not_exact_fixed_segment;not_FixedPrice
128495,Porvoon Energia Oy,24,2026-07-20,not_General
128502,Lammaisten Energia Oy,12,2026-07-20,not_exact_fixed_segment;not_FixedPrice;not_General
128504,Lammaisten Energia Oy,12,2026-07-20,not_General
128510,Korpelan Energia Oy,24,2026-07-20,not_exact_fixed_segment;not_FixedPrice
128517,Lammaisten Energia Oy,12,2026-07-20,not_General
128524,Köyliön-Säkylän Sähkö Oy,12,2026-07-20,not_General
128528,Nurmijärven Sähkö Oy,24,2026-07-20,not_General
128531,Lammaisten Energia Oy,12,2026-07-20,not_exact_fixed_segment;not_FixedPrice
128533,Pohjois-Karjalan Sähkö Oy,6,2026-07-20,not_General
128535,Vaasan Sähkö Myynti Oy,6,2026-07-20,not_General
128538,Äänekosken Energia Oy,12,2026-07-20,not_General
128541,Keravan Energia Oy,12,2026-07-20,not_exact_fixed_segment;not_FixedPrice
128542,Porvoon Energia Oy,12,2026-07-20,not_General
128543,Helen Oy,24,2026-07-20,not_exact_fixed_segment;not_FixedPrice
128546,Köyliön-Säkylän Sähkö Oy,24,2026-07-20,not_General
128547,Koillis-Satakunnan Sähkö Oy,24,2026-07-20,not_General
128548,Helen Oy,12,2026-07-20,not_exact_fixed_segment;not_FixedPrice
128551,Fortum Markets Oy,24,2026-07-20,not_exact_fixed_segment;not_FixedPrice
128554,Pohjois-Karjalan Sähkö Oy,24,2026-07-20,not_General
128555,Porvoon Energia Oy,24,2026-07-20,not_General
128558,Lammaisten Energia Oy,24,2026-07-20,not_exact_fixed_segment;not_FixedPrice;not_General
128560,Nordic Green Energy,24,2026-07-20,not_exact_fixed_segment;not_FixedPrice
128564,Lammaisten Energia Oy,24,2026-07-20,not_exact_fixed_segment;not_FixedPrice;not_General
128566,Nurmijärven Sähkö Oy,12,2026-07-20,not_General
128575,Omavoima Oy,12,2026-07-20,not_General
128579,Lammaisten Energia Oy,12,2026-07-20,not_exact_fixed_segment;not_FixedPrice;not_General
128581,Paneliankosken Voima Oy,12,2026-07-20,not_General
128583,Porvoon Energia Oy,24,2026-07-20,not_General
128584,Hehku Energia Oy,12,2026-07-20,not_exact_fixed_segment;not_FixedPrice
128589,Köyliön-Säkylän Sähkö Oy,24,2026-07-20,not_General
128595,Paneliankosken Voima Oy,12,2026-07-20,not_exact_fixed_segment;not_FixedPrice;not_General
128598,Omavoima Oy,24,2026-07-20,not_General
128600,Pohjois-Karjalan Sähkö Oy,12,2026-07-20,not_General
128604,Omavoima Oy,12,2026-07-20,not_General
128609,Äänekosken Energia Oy,12,2026-07-21,not_General
128617,Äänekosken Energia Oy,24,2026-07-21,not_General
128618,Fortum Markets Oy,12,2026-07-21,not_exact_fixed_segment;not_FixedPrice
128620,Äänekosken Energia Oy,6,2026-07-21,not_General
128621,Pohjois-Karjalan Sähkö Oy,12,2026-07-21,not_General
128623,Paneliankosken Voima Oy,12,2026-07-21,not_exact_fixed_segment;not_FixedPrice
128624,Vaasan Sähkö Myynti Oy,12,2026-07-21,not_General
128632,Nurmijärven Sähkö Oy,12,2026-07-21,not_General
128634,Paneliankosken Voima Oy,24,2026-07-21,not_exact_fixed_segment;not_FixedPrice;not_General
128637,Lammaisten Energia Oy,24,2026-07-21,not_General
128645,Korpelan Energia Oy,24,2026-07-21,not_exact_fixed_segment;not_FixedPrice
128646,Alajärven Sähkö Oy,24,2026-07-21,not_General
128648,Nurmijärven Sähkö Oy,24,2026-07-21,not_General
128649,Äänekosken Energia Oy,6,2026-07-21,not_General
128652,Pohjois-Karjalan Sähkö Oy,24,2026-07-21,not_General
128653,Pohjois-Karjalan Sähkö Oy,6,2026-07-21,not_General
128661,Imatran Seudun Sähkö Oy,6,2026-07-21,not_exact_fixed_segment;not_FixedPrice
128662,Imatran Seudun Sähkö Oy,12,2026-07-21,not_exact_fixed_segment;not_FixedPrice
128665,Nordic Green Energy,24,2026-07-21,not_exact_fixed_segment;not_FixedPrice
128668,Vaasan Sähkö Myynti Oy,24,2026-07-21,not_General
128669,Nordic Green Energy,12,2026-07-21,not_exact_fixed_segment;not_FixedPrice
128671,Lammaisten Energia Oy,24,2026-07-21,not_General
128672,Pohjois-Karjalan Sähkö Oy,6,2026-07-21,not_General
128681,Oomi Oy,24,2026-07-21,not_exact_fixed_segment;not_FixedPrice
128683,Keravan Energia Oy,24,2026-07-21,not_exact_fixed_segment;not_FixedPrice
128698,Lumme Energia,24,2026-07-21,not_exact_fixed_segment;not_FixedPrice
128701,Oomi Oy,12,2026-07-21,not_exact_fixed_segment;not_FixedPrice
128703,Porvoon Energia Oy,12,2026-07-21,not_General
128710,Alajärven Sähkö Oy,12,2026-07-21,not_General
128711,Paneliankosken Voima Oy,12,2026-07-21,not_exact_fixed_segment;not_FixedPrice;not_General
128712,Imatran Seudun Sähkö Oy,24,2026-07-21,not_exact_fixed_segment;not_FixedPrice
128714,Köyliön-Säkylän Sähkö Oy,12,2026-07-21,not_General
128719,Vaasan Sähkö Myynti Oy,6,2026-07-21,not_exact_fixed_segment;not_FixedPrice
128726,Korpelan Energia Oy,12,2026-07-21,not_exact_fixed_segment;not_FixedPrice
128728,Paneliankosken Voima Oy,24,2026-07-21,not_exact_fixed_segment;not_FixedPrice
128732,Äänekosken Energia Oy,24,2026-07-21,not_General
128739,Kokkolan Energia Oy,12,2026-07-21,not_exact_fixed_segment;not_FixedPrice
128741,Lammaisten Energia Oy,24,2026-07-21,not_exact_fixed_segment;not_FixedPrice
128751,Paneliankosken Voima Oy,12,2026-07-21,not_General
128756,Koillis-Satakunnan Sähkö Oy,12,2026-07-21,not_General
128757,Omavoima Oy,24,2026-07-21,not_exact_fixed_segment;not_FixedPrice
128759,Koillis-Satakunnan Sähkö Oy,24,2026-07-21,not_General
128760,Omavoima Oy,24,2026-07-21,not_General
128764,Koillis-Satakunnan Sähkö Oy,24,2026-07-21,not_exact_fixed_segment;not_FixedPrice
128771,Pohjois-Karjalan Sähkö Oy,6,2026-07-21,not_General
128777,Koillis-Satakunnan Sähkö Oy,12,2026-07-21,not_exact_fixed_segment;not_FixedPrice
128784,Koillis-Satakunnan Sähkö Oy,12,2026-07-21,not_General
128786,Lumme Energia,12,2026-07-21,not_exact_fixed_segment;not_FixedPrice
128792,Nordic Green Energy,12,2026-07-21,not_exact_fixed_segment;not_FixedPrice
128793,Keravan Energia Oy,12,2026-07-21,not_exact_fixed_segment;not_FixedPrice
128797,Vaasan Sähkö Myynti Oy,12,2026-07-21,not_exact_fixed_segment;not_FixedPrice
128802,Koillis-Satakunnan Sähkö Oy,12,2026-07-21,not_General
128803,Vaasan Sähkö Myynti Oy,24,2026-07-21,not_exact_fixed_segment;not_FixedPrice
128805,Helen Oy,24,2026-07-21,not_exact_fixed_segment;not_FixedPrice
128807,Keravan Energia Oy,24,2026-07-21,not_exact_fixed_segment;not_FixedPrice
128810,Porvoon Energia Oy,24,2026-07-21,not_General
128816,Lammaisten Energia Oy,12,2026-07-21,not_exact_fixed_segment;not_FixedPrice;not_General
128818,Lammaisten Energia Oy,12,2026-07-21,not_General
128820,Hehku Energia Oy,24,2026-07-21,not_exact_fixed_segment;not_FixedPrice
128829,Lammaisten Energia Oy,12,2026-07-21,not_General
128836,Köyliön-Säkylän Sähkö Oy,12,2026-07-21,not_General
128840,Nurmijärven Sähkö Oy,24,2026-07-21,not_General
128843,Lammaisten Energia Oy,12,2026-07-21,not_exact_fixed_segment;not_FixedPrice
128844,Pohjois-Karjalan Sähkö Oy,6,2026-07-21,not_General
128846,Vaasan Sähkö Myynti Oy,6,2026-07-21,not_General
128849,Äänekosken Energia Oy,12,2026-07-21,not_General
128852,Keravan Energia Oy,12,2026-07-21,not_exact_fixed_segment;not_FixedPrice
128853,Porvoon Energia Oy,12,2026-07-21,not_General
128856,Köyliön-Säkylän Sähkö Oy,24,2026-07-21,not_General
128857,Koillis-Satakunnan Sähkö Oy,24,2026-07-21,not_General
128860,Fortum Markets Oy,24,2026-07-21,not_exact_fixed_segment;not_FixedPrice
128863,Pohjois-Karjalan Sähkö Oy,24,2026-07-21,not_General
128864,Porvoon Energia Oy,24,2026-07-21,not_General
128866,Lammaisten Energia Oy,24,2026-07-21,not_exact_fixed_segment;not_FixedPrice;not_General
128867,Nordic Green Energy,24,2026-07-21,not_exact_fixed_segment;not_FixedPrice
128871,Lammaisten Energia Oy,24,2026-07-21,not_exact_fixed_segment;not_FixedPrice;not_General
128873,Nurmijärven Sähkö Oy,12,2026-07-21,not_General
128878,Paneliankosken Voima Oy,24,2026-07-21,not_General
128884,Omavoima Oy,12,2026-07-21,not_General
128891,Lammaisten Energia Oy,12,2026-07-21,not_exact_fixed_segment;not_FixedPrice;not_General
128894,Porvoon Energia Oy,24,2026-07-21,not_General
128900,Köyliön-Säkylän Sähkö Oy,24,2026-07-21,not_General
128908,Hehku Energia Oy,12,2026-07-21,not_exact_fixed_segment;not_FixedPrice
128909,Omavoima Oy,24,2026-07-21,not_General
128911,Pohjois-Karjalan Sähkö Oy,12,2026-07-21,not_General
128915,Helen Oy,12,2026-07-21,not_exact_fixed_segment;not_FixedPrice
128916,Kokkolan Energia Oy,24,2026-07-21,not_exact_fixed_segment;not_FixedPrice
128917,Omavoima Oy,12,2026-07-21,not_General
128929,Fortum Markets Oy,12,2026-07-22,not_exact_fixed_segment;not_FixedPrice
128931,Pohjois-Karjalan Sähkö Oy,12,2026-07-22,not_General
128933,Paneliankosken Voima Oy,12,2026-07-22,not_exact_fixed_segment;not_FixedPrice
128934,Vaasan Sähkö Myynti Oy,12,2026-07-22,not_General
128942,Nurmijärven Sähkö Oy,12,2026-07-22,not_General
128944,Paneliankosken Voima Oy,24,2026-07-22,not_exact_fixed_segment;not_FixedPrice;not_General
128946,Lammaisten Energia Oy,24,2026-07-22,not_General
128955,Korpelan Energia Oy,24,2026-07-22,not_exact_fixed_segment;not_FixedPrice
128956,Alajärven Sähkö Oy,24,2026-07-22,not_General
128958,Nurmijärven Sähkö Oy,24,2026-07-22,not_General
128961,Pohjois-Karjalan Sähkö Oy,24,2026-07-22,not_General
128962,Pohjois-Karjalan Sähkö Oy,6,2026-07-22,not_General
128970,Imatran Seudun Sähkö Oy,6,2026-07-22,not_exact_fixed_segment;not_FixedPrice
128971,Imatran Seudun Sähkö Oy,12,2026-07-22,not_exact_fixed_segment;not_FixedPrice
128974,Nordic Green Energy,24,2026-07-22,not_exact_fixed_segment;not_FixedPrice
128977,Vaasan Sähkö Myynti Oy,24,2026-07-22,not_General
128978,Nordic Green Energy,12,2026-07-22,not_exact_fixed_segment;not_FixedPrice
128980,Lammaisten Energia Oy,24,2026-07-22,not_General
128981,Pohjois-Karjalan Sähkö Oy,6,2026-07-22,not_General
128989,Oomi Oy,24,2026-07-22,not_exact_fixed_segment;not_FixedPrice
128991,Keravan Energia Oy,24,2026-07-22,not_exact_fixed_segment;not_FixedPrice
129005,Lumme Energia,24,2026-07-22,not_exact_fixed_segment;not_FixedPrice
129009,Oomi Oy,12,2026-07-22,not_exact_fixed_segment;not_FixedPrice
129011,Porvoon Energia Oy,12,2026-07-22,not_General
129018,Alajärven Sähkö Oy,12,2026-07-22,not_General
129019,Paneliankosken Voima Oy,12,2026-07-22,not_exact_fixed_segment;not_FixedPrice;not_General
129020,Imatran Seudun Sähkö Oy,24,2026-07-22,not_exact_fixed_segment;not_FixedPrice
129021,Äänekosken Energia Oy,12,2026-07-22,not_General
129023,Köyliön-Säkylän Sähkö Oy,12,2026-07-22,not_General
129028,Vaasan Sähkö Myynti Oy,6,2026-07-22,not_exact_fixed_segment;not_FixedPrice
129035,Korpelan Energia Oy,12,2026-07-22,not_exact_fixed_segment;not_FixedPrice
129037,Paneliankosken Voima Oy,24,2026-07-22,not_exact_fixed_segment;not_FixedPrice
129047,Kokkolan Energia Oy,12,2026-07-22,not_exact_fixed_segment;not_FixedPrice
129049,Lammaisten Energia Oy,24,2026-07-22,not_exact_fixed_segment;not_FixedPrice
129059,Paneliankosken Voima Oy,12,2026-07-22,not_General
129064,Koillis-Satakunnan Sähkö Oy,12,2026-07-22,not_General
129065,Omavoima Oy,24,2026-07-22,not_exact_fixed_segment;not_FixedPrice
129067,Koillis-Satakunnan Sähkö Oy,24,2026-07-22,not_General
129068,Omavoima Oy,24,2026-07-22,not_General
129069,Äänekosken Energia Oy,24,2026-07-22,not_General
129072,Koillis-Satakunnan Sähkö Oy,24,2026-07-22,not_exact_fixed_segment;not_FixedPrice
129079,Pohjois-Karjalan Sähkö Oy,6,2026-07-22,not_General
129085,Koillis-Satakunnan Sähkö Oy,12,2026-07-22,not_exact_fixed_segment;not_FixedPrice
129091,Koillis-Satakunnan Sähkö Oy,12,2026-07-22,not_General
129092,Äänekosken Energia Oy,6,2026-07-22,not_General
129094,Lumme Energia,12,2026-07-22,not_exact_fixed_segment;not_FixedPrice
129100,Nordic Green Energy,12,2026-07-22,not_exact_fixed_segment;not_FixedPrice
129101,Keravan Energia Oy,12,2026-07-22,not_exact_fixed_segment;not_FixedPrice
129105,Vaasan Sähkö Myynti Oy,12,2026-07-22,not_exact_fixed_segment;not_FixedPrice
129111,Koillis-Satakunnan Sähkö Oy,12,2026-07-22,not_General
129112,Vaasan Sähkö Myynti Oy,24,2026-07-22,not_exact_fixed_segment;not_FixedPrice
129114,Helen Oy,24,2026-07-22,not_exact_fixed_segment;not_FixedPrice
129116,Keravan Energia Oy,24,2026-07-22,not_exact_fixed_segment;not_FixedPrice
129119,Porvoon Energia Oy,24,2026-07-22,not_General
129125,Lammaisten Energia Oy,12,2026-07-22,not_exact_fixed_segment;not_FixedPrice;not_General
129127,Lammaisten Energia Oy,12,2026-07-22,not_General
129129,Hehku Energia Oy,24,2026-07-22,not_exact_fixed_segment;not_FixedPrice
129139,Lammaisten Energia Oy,12,2026-07-22,not_General
129147,Köyliön-Säkylän Sähkö Oy,12,2026-07-22,not_General
129151,Nurmijärven Sähkö Oy,24,2026-07-22,not_General
129154,Lammaisten Energia Oy,12,2026-07-22,not_exact_fixed_segment;not_FixedPrice
129155,Pohjois-Karjalan Sähkö Oy,6,2026-07-22,not_General
129157,Vaasan Sähkö Myynti Oy,6,2026-07-22,not_General
129158,Äänekosken Energia Oy,24,2026-07-22,not_General
129162,Keravan Energia Oy,12,2026-07-22,not_exact_fixed_segment;not_FixedPrice
129163,Porvoon Energia Oy,12,2026-07-22,not_General
129166,Köyliön-Säkylän Sähkö Oy,24,2026-07-22,not_General
129167,Koillis-Satakunnan Sähkö Oy,24,2026-07-22,not_General
129170,Fortum Markets Oy,24,2026-07-22,not_exact_fixed_segment;not_FixedPrice
129173,Pohjois-Karjalan Sähkö Oy,24,2026-07-22,not_General
129174,Porvoon Energia Oy,24,2026-07-22,not_General
129176,Lammaisten Energia Oy,24,2026-07-22,not_exact_fixed_segment;not_FixedPrice;not_General
129177,Nordic Green Energy,24,2026-07-22,not_exact_fixed_segment;not_FixedPrice
129181,Lammaisten Energia Oy,24,2026-07-22,not_exact_fixed_segment;not_FixedPrice;not_General
129183,Nurmijärven Sähkö Oy,12,2026-07-22,not_General
129188,Paneliankosken Voima Oy,24,2026-07-22,not_General
129192,Äänekosken Energia Oy,6,2026-07-22,not_General
129195,Omavoima Oy,12,2026-07-22,not_General
129202,Lammaisten Energia Oy,12,2026-07-22,not_exact_fixed_segment;not_FixedPrice;not_General
129205,Porvoon Energia Oy,24,2026-07-22,not_General
129208,Äänekosken Energia Oy,12,2026-07-22,not_General
129212,Köyliön-Säkylän Sähkö Oy,24,2026-07-22,not_General
129220,Hehku Energia Oy,12,2026-07-22,not_exact_fixed_segment;not_FixedPrice
129221,Omavoima Oy,24,2026-07-22,not_General
129223,Pohjois-Karjalan Sähkö Oy,12,2026-07-22,not_General
129227,Helen Oy,12,2026-07-22,not_exact_fixed_segment;not_FixedPrice
129228,Kokkolan Energia Oy,24,2026-07-22,not_exact_fixed_segment;not_FixedPrice
129229,Omavoima Oy,12,2026-07-22,not_General
129238,Imatran Seudun Sähkö Oy,6,2026-07-23,not_exact_fixed_segment;not_FixedPrice
129239,Alajärven Sähkö Oy,12,2026-07-23,not_General
129244,Fortum Markets Oy,12,2026-07-23,not_exact_fixed_segment;not_FixedPrice
129246,Pohjois-Karjalan Sähkö Oy,12,2026-07-23,not_General
129248,Paneliankosken Voima Oy,12,2026-07-23,not_exact_fixed_segment;not_FixedPrice
129249,Vaasan Sähkö Myynti Oy,12,2026-07-23,not_General
129257,Nurmijärven Sähkö Oy,12,2026-07-23,not_General
129259,Paneliankosken Voima Oy,24,2026-07-23,not_exact_fixed_segment;not_FixedPrice;not_General
129261,Lammaisten Energia Oy,24,2026-07-23,not_General
129270,Korpelan Energia Oy,24,2026-07-23,not_exact_fixed_segment;not_FixedPrice
129272,Nurmijärven Sähkö Oy,24,2026-07-23,not_General
129275,Pohjois-Karjalan Sähkö Oy,24,2026-07-23,not_General
129276,Pohjois-Karjalan Sähkö Oy,6,2026-07-23,not_General
129279,Keravan Energia Oy,12,2026-07-23,not_exact_fixed_segment;not_FixedPrice
129286,Nordic Green Energy,24,2026-07-23,not_exact_fixed_segment;not_FixedPrice
129289,Vaasan Sähkö Myynti Oy,24,2026-07-23,not_General
129290,Nordic Green Energy,12,2026-07-23,not_exact_fixed_segment;not_FixedPrice
129292,Lammaisten Energia Oy,24,2026-07-23,not_General
129293,Pohjois-Karjalan Sähkö Oy,6,2026-07-23,not_General
129300,Oomi Oy,24,2026-07-23,not_exact_fixed_segment;not_FixedPrice
129302,Keravan Energia Oy,24,2026-07-23,not_exact_fixed_segment;not_FixedPrice
129316,Lumme Energia,24,2026-07-23,not_exact_fixed_segment;not_FixedPrice
129320,Oomi Oy,12,2026-07-23,not_exact_fixed_segment;not_FixedPrice
129322,Porvoon Energia Oy,12,2026-07-23,not_General
129329,Paneliankosken Voima Oy,12,2026-07-23,not_exact_fixed_segment;not_FixedPrice;not_General
129330,Äänekosken Energia Oy,12,2026-07-23,not_General
129331,Köyliön-Säkylän Sähkö Oy,12,2026-07-23,not_General
129336,Vaasan Sähkö Myynti Oy,6,2026-07-23,not_exact_fixed_segment;not_FixedPrice
129343,Korpelan Energia Oy,12,2026-07-23,not_exact_fixed_segment;not_FixedPrice
129345,Paneliankosken Voima Oy,24,2026-07-23,not_exact_fixed_segment;not_FixedPrice
129354,Kokkolan Energia Oy,12,2026-07-23,not_exact_fixed_segment;not_FixedPrice
129356,Lammaisten Energia Oy,24,2026-07-23,not_exact_fixed_segment;not_FixedPrice
129360,Alajärven Sähkö Oy,24,2026-07-23,not_General
129367,Paneliankosken Voima Oy,12,2026-07-23,not_General
129372,Koillis-Satakunnan Sähkö Oy,12,2026-07-23,not_General
129373,Omavoima Oy,24,2026-07-23,not_exact_fixed_segment;not_FixedPrice
129375,Koillis-Satakunnan Sähkö Oy,24,2026-07-23,not_General
129376,Omavoima Oy,24,2026-07-23,not_General
129377,Imatran Seudun Sähkö Oy,24,2026-07-23,not_exact_fixed_segment;not_FixedPrice
129378,Äänekosken Energia Oy,24,2026-07-23,not_General
129381,Koillis-Satakunnan Sähkö Oy,24,2026-07-23,not_exact_fixed_segment;not_FixedPrice
129382,Imatran Seudun Sähkö Oy,12,2026-07-23,not_exact_fixed_segment;not_FixedPrice
129389,Pohjois-Karjalan Sähkö Oy,6,2026-07-23,not_General
129395,Koillis-Satakunnan Sähkö Oy,12,2026-07-23,not_exact_fixed_segment;not_FixedPrice
129400,Koillis-Satakunnan Sähkö Oy,12,2026-07-23,not_General
129401,Äänekosken Energia Oy,6,2026-07-23,not_General
129403,Lumme Energia,12,2026-07-23,not_exact_fixed_segment;not_FixedPrice
129409,Nordic Green Energy,12,2026-07-23,not_exact_fixed_segment;not_FixedPrice
129413,Vaasan Sähkö Myynti Oy,12,2026-07-23,not_exact_fixed_segment;not_FixedPrice
129419,Koillis-Satakunnan Sähkö Oy,12,2026-07-23,not_General
129420,Vaasan Sähkö Myynti Oy,24,2026-07-23,not_exact_fixed_segment;not_FixedPrice
129422,Helen Oy,24,2026-07-23,not_exact_fixed_segment;not_FixedPrice
129424,Keravan Energia Oy,24,2026-07-23,not_exact_fixed_segment;not_FixedPrice
129427,Porvoon Energia Oy,24,2026-07-23,not_General
129433,Lammaisten Energia Oy,12,2026-07-23,not_exact_fixed_segment;not_FixedPrice;not_General
129435,Lammaisten Energia Oy,12,2026-07-23,not_General
129437,Hehku Energia Oy,24,2026-07-23,not_exact_fixed_segment;not_FixedPrice
129447,Lammaisten Energia Oy,12,2026-07-23,not_General
129454,Köyliön-Säkylän Sähkö Oy,12,2026-07-23,not_General
129458,Nurmijärven Sähkö Oy,24,2026-07-23,not_General
129461,Lammaisten Energia Oy,12,2026-07-23,not_exact_fixed_segment;not_FixedPrice
129464,Pohjois-Karjalan Sähkö Oy,6,2026-07-23,not_General
129466,Vaasan Sähkö Myynti Oy,6,2026-07-23,not_General
129467,Äänekosken Energia Oy,24,2026-07-23,not_General
129470,Porvoon Energia Oy,12,2026-07-23,not_General
129473,Köyliön-Säkylän Sähkö Oy,24,2026-07-23,not_General
129474,Koillis-Satakunnan Sähkö Oy,24,2026-07-23,not_General
129477,Fortum Markets Oy,24,2026-07-23,not_exact_fixed_segment;not_FixedPrice
129480,Pohjois-Karjalan Sähkö Oy,24,2026-07-23,not_General
129481,Porvoon Energia Oy,24,2026-07-23,not_General
129483,Lammaisten Energia Oy,24,2026-07-23,not_exact_fixed_segment;not_FixedPrice;not_General
129484,Nordic Green Energy,24,2026-07-23,not_exact_fixed_segment;not_FixedPrice
129488,Lammaisten Energia Oy,24,2026-07-23,not_exact_fixed_segment;not_FixedPrice;not_General
129490,Nurmijärven Sähkö Oy,12,2026-07-23,not_General
129496,Paneliankosken Voima Oy,24,2026-07-23,not_General
129500,Äänekosken Energia Oy,6,2026-07-23,not_General
129503,Omavoima Oy,12,2026-07-23,not_General
129512,Lammaisten Energia Oy,12,2026-07-23,not_exact_fixed_segment;not_FixedPrice;not_General
129515,Porvoon Energia Oy,24,2026-07-23,not_General
129518,Äänekosken Energia Oy,12,2026-07-23,not_General
129520,Keravan Energia Oy,12,2026-07-23,not_exact_fixed_segment;not_FixedPrice
129523,Köyliön-Säkylän Sähkö Oy,24,2026-07-23,not_General
129531,Hehku Energia Oy,12,2026-07-23,not_exact_fixed_segment;not_FixedPrice
129532,Omavoima Oy,24,2026-07-23,not_General
129534,Pohjois-Karjalan Sähkö Oy,12,2026-07-23,not_General
129539,Helen Oy,12,2026-07-23,not_exact_fixed_segment;not_FixedPrice
129540,Kokkolan Energia Oy,24,2026-07-23,not_exact_fixed_segment;not_FixedPrice
129541,Omavoima Oy,12,2026-07-23,not_General
129549,Imatran Seudun Sähkö Oy,6,2026-07-24,not_exact_fixed_segment;not_FixedPrice
129550,Alajärven Sähkö Oy,12,2026-07-24,not_General
129555,Fortum Markets Oy,12,2026-07-24,not_exact_fixed_segment;not_FixedPrice
129557,Pohjois-Karjalan Sähkö Oy,12,2026-07-24,not_General
129558,Paneliankosken Voima Oy,12,2026-07-24,not_exact_fixed_segment;not_FixedPrice
129559,Vaasan Sähkö Myynti Oy,12,2026-07-24,not_General
129566,Nurmijärven Sähkö Oy,12,2026-07-24,not_General
129568,Paneliankosken Voima Oy,24,2026-07-24,not_exact_fixed_segment;not_FixedPrice;not_General
129570,Lammaisten Energia Oy,24,2026-07-24,not_General
129578,Korpelan Energia Oy,24,2026-07-24,not_exact_fixed_segment;not_FixedPrice
129580,Nurmijärven Sähkö Oy,24,2026-07-24,not_General
129583,Pohjois-Karjalan Sähkö Oy,24,2026-07-24,not_General
129584,Pohjois-Karjalan Sähkö Oy,6,2026-07-24,not_General
129587,Keravan Energia Oy,12,2026-07-24,not_exact_fixed_segment;not_FixedPrice
129594,Nordic Green Energy,24,2026-07-24,not_exact_fixed_segment;not_FixedPrice
129597,Vaasan Sähkö Myynti Oy,24,2026-07-24,not_General
129598,Nordic Green Energy,12,2026-07-24,not_exact_fixed_segment;not_FixedPrice
129600,Lammaisten Energia Oy,24,2026-07-24,not_General
129601,Pohjois-Karjalan Sähkö Oy,6,2026-07-24,not_General
129609,Keravan Energia Oy,24,2026-07-24,not_exact_fixed_segment;not_FixedPrice
129623,Lumme Energia,24,2026-07-24,not_exact_fixed_segment;not_FixedPrice
129628,Porvoon Energia Oy,12,2026-07-24,not_General
129636,Paneliankosken Voima Oy,12,2026-07-24,not_exact_fixed_segment;not_FixedPrice;not_General
129637,Äänekosken Energia Oy,12,2026-07-24,not_General
129639,Köyliön-Säkylän Sähkö Oy,12,2026-07-24,not_General
129644,Vaasan Sähkö Myynti Oy,6,2026-07-24,not_exact_fixed_segment;not_FixedPrice;producer_price_filter_or_nonfinite
129651,Korpelan Energia Oy,12,2026-07-24,not_exact_fixed_segment;not_FixedPrice
129653,Paneliankosken Voima Oy,24,2026-07-24,not_exact_fixed_segment;not_FixedPrice
129663,Kokkolan Energia Oy,12,2026-07-24,not_exact_fixed_segment;not_FixedPrice
129664,Lammaisten Energia Oy,24,2026-07-24,not_exact_fixed_segment;not_FixedPrice
129668,Alajärven Sähkö Oy,24,2026-07-24,not_General
129674,Paneliankosken Voima Oy,12,2026-07-24,not_General
129679,Koillis-Satakunnan Sähkö Oy,12,2026-07-24,not_General
129680,Omavoima Oy,24,2026-07-24,not_exact_fixed_segment;not_FixedPrice
129682,Koillis-Satakunnan Sähkö Oy,24,2026-07-24,not_General
129683,Omavoima Oy,24,2026-07-24,not_General
129684,Imatran Seudun Sähkö Oy,24,2026-07-24,not_exact_fixed_segment;not_FixedPrice
129685,Äänekosken Energia Oy,24,2026-07-24,not_General
129688,Koillis-Satakunnan Sähkö Oy,24,2026-07-24,not_exact_fixed_segment;not_FixedPrice
129689,Imatran Seudun Sähkö Oy,12,2026-07-24,not_exact_fixed_segment;not_FixedPrice
129696,Pohjois-Karjalan Sähkö Oy,6,2026-07-24,not_General
129702,Koillis-Satakunnan Sähkö Oy,12,2026-07-24,not_exact_fixed_segment;not_FixedPrice
129708,Koillis-Satakunnan Sähkö Oy,12,2026-07-24,not_General
129709,Äänekosken Energia Oy,6,2026-07-24,not_General
129711,Lumme Energia,12,2026-07-24,not_exact_fixed_segment;not_FixedPrice
129718,Nordic Green Energy,12,2026-07-24,not_exact_fixed_segment;not_FixedPrice
129722,Vaasan Sähkö Myynti Oy,12,2026-07-24,not_exact_fixed_segment;not_FixedPrice;producer_price_filter_or_nonfinite
129728,Koillis-Satakunnan Sähkö Oy,12,2026-07-24,not_General
129729,Vaasan Sähkö Myynti Oy,24,2026-07-24,not_exact_fixed_segment;not_FixedPrice;producer_price_filter_or_nonfinite
129731,Helen Oy,24,2026-07-24,not_exact_fixed_segment;not_FixedPrice
129733,Keravan Energia Oy,24,2026-07-24,not_exact_fixed_segment;not_FixedPrice
129736,Porvoon Energia Oy,24,2026-07-24,not_General
129743,Lammaisten Energia Oy,12,2026-07-24,not_exact_fixed_segment;not_FixedPrice;not_General
129745,Lammaisten Energia Oy,12,2026-07-24,not_General
129747,Hehku Energia Oy,24,2026-07-24,not_exact_fixed_segment;not_FixedPrice
129757,Lammaisten Energia Oy,12,2026-07-24,not_General
129764,Köyliön-Säkylän Sähkö Oy,12,2026-07-24,not_General
129766,Nurmijärven Sähkö Oy,24,2026-07-24,not_General
129770,Lammaisten Energia Oy,12,2026-07-24,not_exact_fixed_segment;not_FixedPrice
129773,Pohjois-Karjalan Sähkö Oy,6,2026-07-24,not_General
129775,Vaasan Sähkö Myynti Oy,6,2026-07-24,not_General
129776,Äänekosken Energia Oy,24,2026-07-24,not_General
129779,Porvoon Energia Oy,12,2026-07-24,not_General
129782,Köyliön-Säkylän Sähkö Oy,24,2026-07-24,not_General
129783,Koillis-Satakunnan Sähkö Oy,24,2026-07-24,not_General
129786,Fortum Markets Oy,24,2026-07-24,not_exact_fixed_segment;not_FixedPrice
129789,Pohjois-Karjalan Sähkö Oy,24,2026-07-24,not_General
129790,Porvoon Energia Oy,24,2026-07-24,not_General
129792,Lammaisten Energia Oy,24,2026-07-24,not_exact_fixed_segment;not_FixedPrice;not_General
129793,Nordic Green Energy,24,2026-07-24,not_exact_fixed_segment;not_FixedPrice
129797,Lammaisten Energia Oy,24,2026-07-24,not_exact_fixed_segment;not_FixedPrice;not_General
129799,Nurmijärven Sähkö Oy,12,2026-07-24,not_General
129805,Paneliankosken Voima Oy,24,2026-07-24,not_General
129809,Äänekosken Energia Oy,6,2026-07-24,not_General
129812,Omavoima Oy,12,2026-07-24,not_General
129821,Lammaisten Energia Oy,12,2026-07-24,not_exact_fixed_segment;not_FixedPrice;not_General
129824,Porvoon Energia Oy,24,2026-07-24,not_General
129827,Äänekosken Energia Oy,12,2026-07-24,not_General
129829,Keravan Energia Oy,12,2026-07-24,not_exact_fixed_segment;not_FixedPrice
129832,Köyliön-Säkylän Sähkö Oy,24,2026-07-24,not_General
129839,Hehku Energia Oy,12,2026-07-24,not_exact_fixed_segment;not_FixedPrice
129840,Omavoima Oy,24,2026-07-24,not_General
129842,Pohjois-Karjalan Sähkö Oy,12,2026-07-24,not_General
129847,Helen Oy,12,2026-07-24,not_exact_fixed_segment;not_FixedPrice
129848,Kokkolan Energia Oy,24,2026-07-24,not_exact_fixed_segment;not_FixedPrice
129849,Omavoima Oy,12,2026-07-24,not_General
132223,Imatran Seudun Sähkö Oy,6,2026-07-25,not_exact_fixed_segment;not_FixedPrice
132224,Alajärven Sähkö Oy,12,2026-07-25,not_General
132232,Pohjois-Karjalan Sähkö Oy,12,2026-07-25,not_General
132233,Paneliankosken Voima Oy,12,2026-07-25,not_exact_fixed_segment;not_FixedPrice
132234,Vaasan Sähkö Myynti Oy,12,2026-07-25,not_General
132240,Nurmijärven Sähkö Oy,12,2026-07-25,not_General
132242,Paneliankosken Voima Oy,24,2026-07-25,not_exact_fixed_segment;not_FixedPrice;not_General
132244,Lammaisten Energia Oy,24,2026-07-25,not_General
132252,Porvoon Energia Oy,24,2026-07-25,not_General
132254,Korpelan Energia Oy,24,2026-07-25,not_exact_fixed_segment;not_FixedPrice
132256,Nurmijärven Sähkö Oy,24,2026-07-25,not_General
132259,Pohjois-Karjalan Sähkö Oy,24,2026-07-25,not_General
132260,Pohjois-Karjalan Sähkö Oy,6,2026-07-25,not_General
132262,Kokkolan Energia Oy,6,2026-07-25,not_exact_fixed_segment;not_FixedPrice
132263,Keravan Energia Oy,12,2026-07-25,not_exact_fixed_segment;not_FixedPrice
132271,Porvoon Energia Oy,12,2026-07-25,not_General
132272,Nordic Green Energy,24,2026-07-25,not_exact_fixed_segment;not_FixedPrice
132274,Vaasan Sähkö Myynti Oy,24,2026-07-25,not_General
132275,Nordic Green Energy,12,2026-07-25,not_exact_fixed_segment;not_FixedPrice
132277,Lammaisten Energia Oy,24,2026-07-25,not_General
132278,Pohjois-Karjalan Sähkö Oy,6,2026-07-25,not_General
132288,Keravan Energia Oy,24,2026-07-25,not_exact_fixed_segment;not_FixedPrice
132302,Porvoon Energia Oy,24,2026-07-25,not_General
132314,Paneliankosken Voima Oy,12,2026-07-25,not_exact_fixed_segment;not_FixedPrice;not_General
132315,Pohjois-Karjalan Sähkö Oy,12,2026-07-25,not_General
132316,Äänekosken Energia Oy,12,2026-07-25,not_General
132318,Köyliön-Säkylän Sähkö Oy,12,2026-07-25,not_General
132324,Vaasan Sähkö Myynti Oy,6,2026-07-25,not_exact_fixed_segment;not_FixedPrice
132331,Korpelan Energia Oy,12,2026-07-25,not_exact_fixed_segment;not_FixedPrice
132333,Paneliankosken Voima Oy,24,2026-07-25,not_exact_fixed_segment;not_FixedPrice
132342,Kokkolan Energia Oy,12,2026-07-25,not_exact_fixed_segment;not_FixedPrice
132343,Lammaisten Energia Oy,24,2026-07-25,not_exact_fixed_segment;not_FixedPrice
132347,Alajärven Sähkö Oy,24,2026-07-25,not_General
132352,Paneliankosken Voima Oy,12,2026-07-25,not_General
132356,Koillis-Satakunnan Sähkö Oy,12,2026-07-25,not_General
132357,Omavoima Oy,24,2026-07-25,not_exact_fixed_segment;not_FixedPrice
132359,Koillis-Satakunnan Sähkö Oy,24,2026-07-25,not_General
132360,Omavoima Oy,24,2026-07-25,not_General
132361,Imatran Seudun Sähkö Oy,24,2026-07-25,not_exact_fixed_segment;not_FixedPrice
132363,Äänekosken Energia Oy,24,2026-07-25,not_General
132366,Koillis-Satakunnan Sähkö Oy,24,2026-07-25,not_exact_fixed_segment;not_FixedPrice
132367,Imatran Seudun Sähkö Oy,12,2026-07-25,not_exact_fixed_segment;not_FixedPrice
132374,Pohjois-Karjalan Sähkö Oy,6,2026-07-25,not_General
132375,Porvoon Energia Oy,24,2026-07-25,not_General
132381,Koillis-Satakunnan Sähkö Oy,24,2026-07-25,not_exact_fixed_segment;not_FixedPrice
132384,Hehku Energia Oy,6,2026-07-25,producer_price_filter_or_nonfinite
132386,Koillis-Satakunnan Sähkö Oy,12,2026-07-25,not_General
132387,Äänekosken Energia Oy,6,2026-07-25,not_General
132394,Nordic Green Energy,12,2026-07-25,not_exact_fixed_segment;not_FixedPrice
132398,Fortum Markets Oy,24,2026-07-25,producer_price_filter_or_nonfinite
132399,Vaasan Sähkö Myynti Oy,12,2026-07-25,not_exact_fixed_segment;not_FixedPrice
132406,Koillis-Satakunnan Sähkö Oy,12,2026-07-25,not_General
132407,Vaasan Sähkö Myynti Oy,24,2026-07-25,not_exact_fixed_segment;not_FixedPrice
132410,Keravan Energia Oy,24,2026-07-25,not_exact_fixed_segment;not_FixedPrice
132411,Cheap Energy Finland Oy,6,2026-07-25,producer_price_filter_or_nonfinite
132419,Lammaisten Energia Oy,12,2026-07-25,not_exact_fixed_segment;not_FixedPrice;not_General
132421,Lammaisten Energia Oy,12,2026-07-25,not_General
132423,Hehku Energia Oy,24,2026-07-25,not_exact_fixed_segment;not_FixedPrice
132433,Lammaisten Energia Oy,12,2026-07-25,not_General
132439,Köyliön-Säkylän Sähkö Oy,12,2026-07-25,not_General
132441,Nurmijärven Sähkö Oy,24,2026-07-25,not_General
132446,Lammaisten Energia Oy,12,2026-07-25,not_exact_fixed_segment;not_FixedPrice
132449,Pohjois-Karjalan Sähkö Oy,6,2026-07-25,not_General
132451,Vaasan Sähkö Myynti Oy,6,2026-07-25,not_General
132452,Äänekosken Energia Oy,24,2026-07-25,not_General
132457,Köyliön-Säkylän Sähkö Oy,24,2026-07-25,not_General
132458,Koillis-Satakunnan Sähkö Oy,24,2026-07-25,not_General
132463,Pohjois-Karjalan Sähkö Oy,24,2026-07-25,not_General
132465,Lammaisten Energia Oy,24,2026-07-25,not_exact_fixed_segment;not_FixedPrice;not_General
132466,Nordic Green Energy,24,2026-07-25,not_exact_fixed_segment;not_FixedPrice
132469,Lammaisten Energia Oy,24,2026-07-25,not_exact_fixed_segment;not_FixedPrice;not_General
132470,Nurmijärven Sähkö Oy,12,2026-07-25,not_General
132476,Paneliankosken Voima Oy,24,2026-07-25,not_General
132478,Porvoon Energia Oy,12,2026-07-25,not_General
132481,Äänekosken Energia Oy,6,2026-07-25,not_General
132484,Omavoima Oy,12,2026-07-25,not_General
132491,Pohjois-Karjalan Sähkö Oy,12,2026-07-25,not_General
132493,Lammaisten Energia Oy,12,2026-07-25,not_exact_fixed_segment;not_FixedPrice;not_General
132497,Äänekosken Energia Oy,12,2026-07-25,not_General
132499,Keravan Energia Oy,12,2026-07-25,not_exact_fixed_segment;not_FixedPrice
132501,Köyliön-Säkylän Sähkö Oy,24,2026-07-25,not_General
132508,Hehku Energia Oy,12,2026-07-25,not_exact_fixed_segment;not_FixedPrice
132509,Omavoima Oy,24,2026-07-25,not_General
132512,Pohjois-Karjalan Sähkö Oy,12,2026-07-25,not_General
132516,Kokkolan Energia Oy,24,2026-07-25,not_exact_fixed_segment;not_FixedPrice
132517,Omavoima Oy,12,2026-07-25,not_General
132525,Imatran Seudun Sähkö Oy,6,2026-07-26,not_exact_fixed_segment;not_FixedPrice
132526,Alajärven Sähkö Oy,12,2026-07-26,not_General
132534,Pohjois-Karjalan Sähkö Oy,12,2026-07-26,not_General
132535,Paneliankosken Voima Oy,12,2026-07-26,not_exact_fixed_segment;not_FixedPrice
132536,Vaasan Sähkö Myynti Oy,12,2026-07-26,not_General
132542,Nurmijärven Sähkö Oy,12,2026-07-26,not_General
132544,Paneliankosken Voima Oy,24,2026-07-26,not_exact_fixed_segment;not_FixedPrice;not_General
132546,Lammaisten Energia Oy,24,2026-07-26,not_General
132554,Porvoon Energia Oy,24,2026-07-26,not_General
132556,Korpelan Energia Oy,24,2026-07-26,not_exact_fixed_segment;not_FixedPrice
132558,Nurmijärven Sähkö Oy,24,2026-07-26,not_General
132561,Pohjois-Karjalan Sähkö Oy,24,2026-07-26,not_General
132562,Pohjois-Karjalan Sähkö Oy,6,2026-07-26,not_General
132564,Kokkolan Energia Oy,6,2026-07-26,not_exact_fixed_segment;not_FixedPrice
132565,Keravan Energia Oy,12,2026-07-26,not_exact_fixed_segment;not_FixedPrice
132573,Porvoon Energia Oy,12,2026-07-26,not_General
132574,Nordic Green Energy,24,2026-07-26,not_exact_fixed_segment;not_FixedPrice
132576,Vaasan Sähkö Myynti Oy,24,2026-07-26,not_General
132577,Nordic Green Energy,12,2026-07-26,not_exact_fixed_segment;not_FixedPrice
132579,Lammaisten Energia Oy,24,2026-07-26,not_General
132580,Pohjois-Karjalan Sähkö Oy,6,2026-07-26,not_General
132590,Keravan Energia Oy,24,2026-07-26,not_exact_fixed_segment;not_FixedPrice
132604,Porvoon Energia Oy,24,2026-07-26,not_General
132616,Paneliankosken Voima Oy,12,2026-07-26,not_exact_fixed_segment;not_FixedPrice;not_General
132617,Pohjois-Karjalan Sähkö Oy,12,2026-07-26,not_General
132618,Äänekosken Energia Oy,12,2026-07-26,not_General
132620,Köyliön-Säkylän Sähkö Oy,12,2026-07-26,not_General
132626,Vaasan Sähkö Myynti Oy,6,2026-07-26,not_exact_fixed_segment;not_FixedPrice
132633,Korpelan Energia Oy,12,2026-07-26,not_exact_fixed_segment;not_FixedPrice
132635,Paneliankosken Voima Oy,24,2026-07-26,not_exact_fixed_segment;not_FixedPrice
132644,Kokkolan Energia Oy,12,2026-07-26,not_exact_fixed_segment;not_FixedPrice
132645,Lammaisten Energia Oy,24,2026-07-26,not_exact_fixed_segment;not_FixedPrice
132649,Alajärven Sähkö Oy,24,2026-07-26,not_General
132654,Paneliankosken Voima Oy,12,2026-07-26,not_General
132658,Koillis-Satakunnan Sähkö Oy,12,2026-07-26,not_General
132659,Omavoima Oy,24,2026-07-26,not_exact_fixed_segment;not_FixedPrice
132661,Koillis-Satakunnan Sähkö Oy,24,2026-07-26,not_General
132662,Omavoima Oy,24,2026-07-26,not_General
132663,Imatran Seudun Sähkö Oy,24,2026-07-26,not_exact_fixed_segment;not_FixedPrice
132665,Äänekosken Energia Oy,24,2026-07-26,not_General
132668,Koillis-Satakunnan Sähkö Oy,24,2026-07-26,not_exact_fixed_segment;not_FixedPrice
132669,Imatran Seudun Sähkö Oy,12,2026-07-26,not_exact_fixed_segment;not_FixedPrice
132676,Pohjois-Karjalan Sähkö Oy,6,2026-07-26,not_General
132677,Porvoon Energia Oy,24,2026-07-26,not_General
132683,Koillis-Satakunnan Sähkö Oy,24,2026-07-26,not_exact_fixed_segment;not_FixedPrice
132686,Hehku Energia Oy,6,2026-07-26,producer_price_filter_or_nonfinite
132688,Koillis-Satakunnan Sähkö Oy,12,2026-07-26,not_General
132689,Äänekosken Energia Oy,6,2026-07-26,not_General
132696,Nordic Green Energy,12,2026-07-26,not_exact_fixed_segment;not_FixedPrice
132700,Fortum Markets Oy,24,2026-07-26,producer_price_filter_or_nonfinite
132701,Vaasan Sähkö Myynti Oy,12,2026-07-26,not_exact_fixed_segment;not_FixedPrice
132708,Koillis-Satakunnan Sähkö Oy,12,2026-07-26,not_General
132709,Vaasan Sähkö Myynti Oy,24,2026-07-26,not_exact_fixed_segment;not_FixedPrice
132712,Keravan Energia Oy,24,2026-07-26,not_exact_fixed_segment;not_FixedPrice
132713,Cheap Energy Finland Oy,6,2026-07-26,producer_price_filter_or_nonfinite
132721,Lammaisten Energia Oy,12,2026-07-26,not_exact_fixed_segment;not_FixedPrice;not_General
132723,Lammaisten Energia Oy,12,2026-07-26,not_General
132725,Hehku Energia Oy,24,2026-07-26,not_exact_fixed_segment;not_FixedPrice
132735,Lammaisten Energia Oy,12,2026-07-26,not_General
132741,Köyliön-Säkylän Sähkö Oy,12,2026-07-26,not_General
132743,Nurmijärven Sähkö Oy,24,2026-07-26,not_General
132748,Lammaisten Energia Oy,12,2026-07-26,not_exact_fixed_segment;not_FixedPrice
132751,Pohjois-Karjalan Sähkö Oy,6,2026-07-26,not_General
132753,Vaasan Sähkö Myynti Oy,6,2026-07-26,not_General
132754,Äänekosken Energia Oy,24,2026-07-26,not_General
132759,Köyliön-Säkylän Sähkö Oy,24,2026-07-26,not_General
132760,Koillis-Satakunnan Sähkö Oy,24,2026-07-26,not_General
132765,Pohjois-Karjalan Sähkö Oy,24,2026-07-26,not_General
132767,Lammaisten Energia Oy,24,2026-07-26,not_exact_fixed_segment;not_FixedPrice;not_General
132768,Nordic Green Energy,24,2026-07-26,not_exact_fixed_segment;not_FixedPrice
132771,Lammaisten Energia Oy,24,2026-07-26,not_exact_fixed_segment;not_FixedPrice;not_General
132772,Nurmijärven Sähkö Oy,12,2026-07-26,not_General
132778,Paneliankosken Voima Oy,24,2026-07-26,not_General
132780,Porvoon Energia Oy,12,2026-07-26,not_General
132783,Äänekosken Energia Oy,6,2026-07-26,not_General
132786,Omavoima Oy,12,2026-07-26,not_General
132793,Pohjois-Karjalan Sähkö Oy,12,2026-07-26,not_General
132795,Lammaisten Energia Oy,12,2026-07-26,not_exact_fixed_segment;not_FixedPrice;not_General
132799,Äänekosken Energia Oy,12,2026-07-26,not_General
132801,Keravan Energia Oy,12,2026-07-26,not_exact_fixed_segment;not_FixedPrice
132803,Köyliön-Säkylän Sähkö Oy,24,2026-07-26,not_General
132810,Hehku Energia Oy,12,2026-07-26,not_exact_fixed_segment;not_FixedPrice
132811,Omavoima Oy,24,2026-07-26,not_General
132814,Pohjois-Karjalan Sähkö Oy,12,2026-07-26,not_General
132818,Kokkolan Energia Oy,24,2026-07-26,not_exact_fixed_segment;not_FixedPrice
132819,Omavoima Oy,12,2026-07-26,not_General
133129,Imatran Seudun Sähkö Oy,6,2026-07-27,not_exact_fixed_segment;not_FixedPrice
133130,Alajärven Sähkö Oy,12,2026-07-27,not_General
133138,Pohjois-Karjalan Sähkö Oy,12,2026-07-27,not_General
133139,Paneliankosken Voima Oy,12,2026-07-27,not_exact_fixed_segment;not_FixedPrice
133140,Vaasan Sähkö Myynti Oy,12,2026-07-27,not_General
133145,Nurmijärven Sähkö Oy,12,2026-07-27,not_General
133147,Paneliankosken Voima Oy,24,2026-07-27,not_exact_fixed_segment;not_FixedPrice;not_General
133149,Lammaisten Energia Oy,24,2026-07-27,not_General
133157,Porvoon Energia Oy,24,2026-07-27,not_General
133159,Korpelan Energia Oy,24,2026-07-27,not_exact_fixed_segment;not_FixedPrice
133161,Nurmijärven Sähkö Oy,24,2026-07-27,not_General
133163,Pohjois-Karjalan Sähkö Oy,24,2026-07-27,not_General
133164,Pohjois-Karjalan Sähkö Oy,6,2026-07-27,not_General
133166,Kokkolan Energia Oy,6,2026-07-27,not_exact_fixed_segment;not_FixedPrice
133167,Keravan Energia Oy,12,2026-07-27,not_exact_fixed_segment;not_FixedPrice
133175,Porvoon Energia Oy,12,2026-07-27,not_General
133176,Nordic Green Energy,24,2026-07-27,not_exact_fixed_segment;not_FixedPrice
133178,Vaasan Sähkö Myynti Oy,24,2026-07-27,not_General
133179,Nordic Green Energy,12,2026-07-27,not_exact_fixed_segment;not_FixedPrice
133181,Lammaisten Energia Oy,24,2026-07-27,not_General
133182,Pohjois-Karjalan Sähkö Oy,6,2026-07-27,not_General
133192,Keravan Energia Oy,24,2026-07-27,not_exact_fixed_segment;not_FixedPrice
133205,Porvoon Energia Oy,24,2026-07-27,not_General
133216,Paneliankosken Voima Oy,12,2026-07-27,not_exact_fixed_segment;not_FixedPrice;not_General
133217,Pohjois-Karjalan Sähkö Oy,12,2026-07-27,not_General
133218,Äänekosken Energia Oy,12,2026-07-27,not_General
133220,Köyliön-Säkylän Sähkö Oy,12,2026-07-27,not_General
133226,Vaasan Sähkö Myynti Oy,6,2026-07-27,not_exact_fixed_segment;not_FixedPrice
133233,Korpelan Energia Oy,12,2026-07-27,not_exact_fixed_segment;not_FixedPrice
133235,Paneliankosken Voima Oy,24,2026-07-27,not_exact_fixed_segment;not_FixedPrice
133244,Kokkolan Energia Oy,12,2026-07-27,not_exact_fixed_segment;not_FixedPrice
133245,Lammaisten Energia Oy,24,2026-07-27,not_exact_fixed_segment;not_FixedPrice
133249,Alajärven Sähkö Oy,24,2026-07-27,not_General
133254,Paneliankosken Voima Oy,12,2026-07-27,not_General
133258,Koillis-Satakunnan Sähkö Oy,12,2026-07-27,not_General
133259,Omavoima Oy,24,2026-07-27,not_exact_fixed_segment;not_FixedPrice
133261,Koillis-Satakunnan Sähkö Oy,24,2026-07-27,not_General
133262,Omavoima Oy,24,2026-07-27,not_General
133263,Imatran Seudun Sähkö Oy,24,2026-07-27,not_exact_fixed_segment;not_FixedPrice
133265,Äänekosken Energia Oy,24,2026-07-27,not_General
133268,Koillis-Satakunnan Sähkö Oy,24,2026-07-27,not_exact_fixed_segment;not_FixedPrice
133269,Imatran Seudun Sähkö Oy,12,2026-07-27,not_exact_fixed_segment;not_FixedPrice
133276,Pohjois-Karjalan Sähkö Oy,6,2026-07-27,not_General
133277,Porvoon Energia Oy,24,2026-07-27,not_General
133282,Koillis-Satakunnan Sähkö Oy,24,2026-07-27,not_exact_fixed_segment;not_FixedPrice
133287,Koillis-Satakunnan Sähkö Oy,12,2026-07-27,not_General
133288,Äänekosken Energia Oy,6,2026-07-27,not_General
133295,Nordic Green Energy,12,2026-07-27,not_exact_fixed_segment;not_FixedPrice
133300,Vaasan Sähkö Myynti Oy,12,2026-07-27,not_exact_fixed_segment;not_FixedPrice
133307,Koillis-Satakunnan Sähkö Oy,12,2026-07-27,not_General
133308,Vaasan Sähkö Myynti Oy,24,2026-07-27,not_exact_fixed_segment;not_FixedPrice
133311,Keravan Energia Oy,24,2026-07-27,not_exact_fixed_segment;not_FixedPrice
133320,Lammaisten Energia Oy,12,2026-07-27,not_exact_fixed_segment;not_FixedPrice;not_General
133322,Lammaisten Energia Oy,12,2026-07-27,not_General
133324,Hehku Energia Oy,24,2026-07-27,not_exact_fixed_segment;not_FixedPrice
133334,Lammaisten Energia Oy,12,2026-07-27,not_General
133340,Köyliön-Säkylän Sähkö Oy,12,2026-07-27,not_General
133342,Nurmijärven Sähkö Oy,24,2026-07-27,not_General
133347,Lammaisten Energia Oy,12,2026-07-27,not_exact_fixed_segment;not_FixedPrice
133350,Pohjois-Karjalan Sähkö Oy,6,2026-07-27,not_General
133352,Vaasan Sähkö Myynti Oy,6,2026-07-27,not_General
133353,Äänekosken Energia Oy,24,2026-07-27,not_General
133358,Köyliön-Säkylän Sähkö Oy,24,2026-07-27,not_General
133359,Koillis-Satakunnan Sähkö Oy,24,2026-07-27,not_General
133364,Pohjois-Karjalan Sähkö Oy,24,2026-07-27,not_General
133366,Lammaisten Energia Oy,24,2026-07-27,not_exact_fixed_segment;not_FixedPrice;not_General
133367,Nordic Green Energy,24,2026-07-27,not_exact_fixed_segment;not_FixedPrice
133370,Lammaisten Energia Oy,24,2026-07-27,not_exact_fixed_segment;not_FixedPrice;not_General
133371,Nurmijärven Sähkö Oy,12,2026-07-27,not_General
133377,Paneliankosken Voima Oy,24,2026-07-27,not_General
133379,Porvoon Energia Oy,12,2026-07-27,not_General
133382,Äänekosken Energia Oy,6,2026-07-27,not_General
133385,Omavoima Oy,12,2026-07-27,not_General
133392,Pohjois-Karjalan Sähkö Oy,12,2026-07-27,not_General
133394,Lammaisten Energia Oy,12,2026-07-27,not_exact_fixed_segment;not_FixedPrice;not_General
133398,Äänekosken Energia Oy,12,2026-07-27,not_General
133400,Keravan Energia Oy,12,2026-07-27,not_exact_fixed_segment;not_FixedPrice
133402,Köyliön-Säkylän Sähkö Oy,24,2026-07-27,not_General
133409,Hehku Energia Oy,12,2026-07-27,not_exact_fixed_segment;not_FixedPrice
133410,Omavoima Oy,24,2026-07-27,not_General
133413,Pohjois-Karjalan Sähkö Oy,12,2026-07-27,not_General
133418,Kokkolan Energia Oy,24,2026-07-27,not_exact_fixed_segment;not_FixedPrice
133419,Omavoima Oy,12,2026-07-27,not_General
133425,Imatran Seudun Sähkö Oy,6,2026-07-28,not_exact_fixed_segment;not_FixedPrice
133426,Alajärven Sähkö Oy,12,2026-07-28,not_General
133433,Pohjois-Karjalan Sähkö Oy,12,2026-07-28,not_General
133434,Paneliankosken Voima Oy,12,2026-07-28,not_exact_fixed_segment;not_FixedPrice
133435,Vaasan Sähkö Myynti Oy,12,2026-07-28,not_General
133439,Nurmijärven Sähkö Oy,12,2026-07-28,not_General
133441,Paneliankosken Voima Oy,24,2026-07-28,not_exact_fixed_segment;not_FixedPrice;not_General
133443,Lammaisten Energia Oy,24,2026-07-28,not_General
133449,Oomi Oy,12,2026-07-28,not_exact_fixed_segment;not_FixedPrice
133451,Porvoon Energia Oy,24,2026-07-28,not_General
133453,Korpelan Energia Oy,24,2026-07-28,not_exact_fixed_segment;not_FixedPrice
133455,Nurmijärven Sähkö Oy,24,2026-07-28,not_General
133457,Pohjois-Karjalan Sähkö Oy,24,2026-07-28,not_General
133458,Pohjois-Karjalan Sähkö Oy,6,2026-07-28,not_General
133459,Kokkolan Energia Oy,6,2026-07-28,not_exact_fixed_segment;not_FixedPrice
133460,Keravan Energia Oy,12,2026-07-28,not_exact_fixed_segment;not_FixedPrice
133467,Oomi Oy,24,2026-07-28,not_exact_fixed_segment;not_FixedPrice
133469,Porvoon Energia Oy,12,2026-07-28,not_General
133470,Nordic Green Energy,24,2026-07-28,not_exact_fixed_segment;not_FixedPrice
133472,Vaasan Sähkö Myynti Oy,24,2026-07-28,not_General
133473,Nordic Green Energy,12,2026-07-28,not_exact_fixed_segment;not_FixedPrice
133475,Lammaisten Energia Oy,24,2026-07-28,not_General
133476,Pohjois-Karjalan Sähkö Oy,6,2026-07-28,not_General
133487,Lumme Energia,24,2026-07-28,not_exact_fixed_segment;not_FixedPrice
133498,Porvoon Energia Oy,24,2026-07-28,not_General
133507,Paneliankosken Voima Oy,12,2026-07-28,not_exact_fixed_segment;not_FixedPrice;not_General
133508,Pohjois-Karjalan Sähkö Oy,12,2026-07-28,not_General
133509,Äänekosken Energia Oy,12,2026-07-28,not_General
133511,Köyliön-Säkylän Sähkö Oy,12,2026-07-28,not_General
133517,Vaasan Sähkö Myynti Oy,6,2026-07-28,not_exact_fixed_segment;not_FixedPrice
133524,Korpelan Energia Oy,12,2026-07-28,not_exact_fixed_segment;not_FixedPrice
133526,Paneliankosken Voima Oy,24,2026-07-28,not_exact_fixed_segment;not_FixedPrice
133534,Kokkolan Energia Oy,12,2026-07-28,not_exact_fixed_segment;not_FixedPrice
133535,Lammaisten Energia Oy,24,2026-07-28,not_exact_fixed_segment;not_FixedPrice
133539,Alajärven Sähkö Oy,24,2026-07-28,not_General
133544,Paneliankosken Voima Oy,12,2026-07-28,not_General
133549,Imatran Seudun Sähkö Oy,24,2026-07-28,not_exact_fixed_segment;not_FixedPrice
133551,Äänekosken Energia Oy,24,2026-07-28,not_General
133554,Imatran Seudun Sähkö Oy,12,2026-07-28,not_exact_fixed_segment;not_FixedPrice
133561,Pohjois-Karjalan Sähkö Oy,6,2026-07-28,not_General
133562,Porvoon Energia Oy,24,2026-07-28,not_General
133569,Äänekosken Energia Oy,6,2026-07-28,not_General
133576,Nordic Green Energy,12,2026-07-28,not_exact_fixed_segment;not_FixedPrice
133581,Vaasan Sähkö Myynti Oy,12,2026-07-28,not_exact_fixed_segment;not_FixedPrice
133588,Vaasan Sähkö Myynti Oy,24,2026-07-28,not_exact_fixed_segment;not_FixedPrice
133591,Keravan Energia Oy,24,2026-07-28,not_exact_fixed_segment;not_FixedPrice
133598,Lammaisten Energia Oy,12,2026-07-28,not_exact_fixed_segment;not_FixedPrice;not_General
133600,Lammaisten Energia Oy,12,2026-07-28,not_General
133602,Hehku Energia Oy,24,2026-07-28,not_exact_fixed_segment;not_FixedPrice
133603,Lumme Energia,12,2026-07-28,not_exact_fixed_segment;not_FixedPrice
133613,Lammaisten Energia Oy,12,2026-07-28,not_General
133619,Köyliön-Säkylän Sähkö Oy,12,2026-07-28,not_General
133621,Nurmijärven Sähkö Oy,24,2026-07-28,not_General
133626,Lammaisten Energia Oy,12,2026-07-28,not_exact_fixed_segment;not_FixedPrice
133629,Pohjois-Karjalan Sähkö Oy,6,2026-07-28,not_General
133631,Vaasan Sähkö Myynti Oy,6,2026-07-28,not_General
133632,Äänekosken Energia Oy,24,2026-07-28,not_General
133636,Köyliön-Säkylän Sähkö Oy,24,2026-07-28,not_General
133641,Pohjois-Karjalan Sähkö Oy,24,2026-07-28,not_General
133643,Lammaisten Energia Oy,24,2026-07-28,not_exact_fixed_segment;not_FixedPrice;not_General
133644,Nordic Green Energy,24,2026-07-28,not_exact_fixed_segment;not_FixedPrice
133647,Lammaisten Energia Oy,24,2026-07-28,not_exact_fixed_segment;not_FixedPrice;not_General
133648,Nurmijärven Sähkö Oy,12,2026-07-28,not_General
133653,Paneliankosken Voima Oy,24,2026-07-28,not_General
133654,Porvoon Energia Oy,12,2026-07-28,not_General
133657,Äänekosken Energia Oy,6,2026-07-28,not_General
133660,Fortum Markets Oy,24,2026-07-28,not_exact_fixed_segment;not_FixedPrice
133661,Fortum Markets Oy,12,2026-07-28,not_exact_fixed_segment;not_FixedPrice
133668,Pohjois-Karjalan Sähkö Oy,12,2026-07-28,not_General
133670,Lammaisten Energia Oy,12,2026-07-28,not_exact_fixed_segment;not_FixedPrice;not_General
133674,Äänekosken Energia Oy,12,2026-07-28,not_General
133676,Keravan Energia Oy,12,2026-07-28,not_exact_fixed_segment;not_FixedPrice
133678,Köyliön-Säkylän Sähkö Oy,24,2026-07-28,not_General
133685,Hehku Energia Oy,12,2026-07-28,not_exact_fixed_segment;not_FixedPrice
133688,Pohjois-Karjalan Sähkö Oy,12,2026-07-28,not_General
133693,Kokkolan Energia Oy,24,2026-07-28,not_exact_fixed_segment;not_FixedPrice
133699,Imatran Seudun Sähkö Oy,6,2026-07-29,not_exact_fixed_segment;not_FixedPrice
133700,Alajärven Sähkö Oy,12,2026-07-29,not_General
133708,Pohjois-Karjalan Sähkö Oy,12,2026-07-29,not_General
133709,Vaasan Sähkö Myynti Oy,12,2026-07-29,not_General
133715,Nurmijärven Sähkö Oy,12,2026-07-29,not_General
133717,Paneliankosken Voima Oy,24,2026-07-29,not_exact_fixed_segment;not_FixedPrice;not_General
133719,Lammaisten Energia Oy,24,2026-07-29,not_General
133724,Koillis-Satakunnan Sähkö Oy,24,2026-07-29,not_General
133725,Omavoima Oy,24,2026-07-29,not_exact_fixed_segment;not_FixedPrice
133726,Oomi Oy,12,2026-07-29,not_exact_fixed_segment;not_FixedPrice
133728,Porvoon Energia Oy,24,2026-07-29,not_General
133730,Korpelan Energia Oy,24,2026-07-29,not_exact_fixed_segment;not_FixedPrice
133732,Nurmijärven Sähkö Oy,24,2026-07-29,not_General
133734,Pohjois-Karjalan Sähkö Oy,24,2026-07-29,not_General
133735,Pohjois-Karjalan Sähkö Oy,6,2026-07-29,not_General
133736,Kokkolan Energia Oy,6,2026-07-29,not_exact_fixed_segment;not_FixedPrice
133744,Oomi Oy,24,2026-07-29,not_exact_fixed_segment;not_FixedPrice
133746,Porvoon Energia Oy,12,2026-07-29,not_General
133747,Koillis-Satakunnan Sähkö Oy,24,2026-07-29,not_General
133748,Nordic Green Energy,24,2026-07-29,not_exact_fixed_segment;not_FixedPrice
133750,Vaasan Sähkö Myynti Oy,24,2026-07-29,not_General
133751,Nordic Green Energy,12,2026-07-29,not_exact_fixed_segment;not_FixedPrice
133753,Lammaisten Energia Oy,24,2026-07-29,not_General
133754,Pohjois-Karjalan Sähkö Oy,6,2026-07-29,not_General
133766,Lumme Energia,24,2026-07-29,not_exact_fixed_segment;not_FixedPrice
133777,Porvoon Energia Oy,24,2026-07-29,not_General
133787,Pohjois-Karjalan Sähkö Oy,12,2026-07-29,not_General
133788,Äänekosken Energia Oy,12,2026-07-29,not_General
133790,Köyliön-Säkylän Sähkö Oy,12,2026-07-29,not_General
133796,Vaasan Sähkö Myynti Oy,6,2026-07-29,not_exact_fixed_segment;not_FixedPrice
133804,Korpelan Energia Oy,12,2026-07-29,not_exact_fixed_segment;not_FixedPrice
133806,Paneliankosken Voima Oy,24,2026-07-29,not_exact_fixed_segment;not_FixedPrice
133814,Koillis-Satakunnan Sähkö Oy,12,2026-07-29,not_General
133816,Kokkolan Energia Oy,12,2026-07-29,not_exact_fixed_segment;not_FixedPrice
133817,Lammaisten Energia Oy,24,2026-07-29,not_exact_fixed_segment;not_FixedPrice
133820,Koillis-Satakunnan Sähkö Oy,12,2026-07-29,not_General
133822,Alajärven Sähkö Oy,24,2026-07-29,not_General
133832,Äänekosken Energia Oy,24,2026-07-29,not_General
133836,Imatran Seudun Sähkö Oy,12,2026-07-29,not_exact_fixed_segment;not_FixedPrice
133844,Pohjois-Karjalan Sähkö Oy,6,2026-07-29,not_General
133845,Porvoon Energia Oy,24,2026-07-29,not_General
133853,Helen Oy,24,2026-07-29,not_exact_fixed_segment;not_FixedPrice
133854,Äänekosken Energia Oy,6,2026-07-29,not_General
133861,Nordic Green Energy,12,2026-07-29,not_exact_fixed_segment;not_FixedPrice
133867,Keravan Energia Oy,24,2026-07-29,not_exact_fixed_segment;not_FixedPrice
133868,Vaasan Sähkö Myynti Oy,12,2026-07-29,not_exact_fixed_segment;not_FixedPrice
133876,Vaasan Sähkö Myynti Oy,24,2026-07-29,not_exact_fixed_segment;not_FixedPrice
133879,Keravan Energia Oy,24,2026-07-29,not_exact_fixed_segment;not_FixedPrice
133886,Lammaisten Energia Oy,12,2026-07-29,not_exact_fixed_segment;not_FixedPrice;not_General
133888,Lammaisten Energia Oy,12,2026-07-29,not_General
133890,Hehku Energia Oy,24,2026-07-29,not_exact_fixed_segment;not_FixedPrice
133891,Lumme Energia,12,2026-07-29,not_exact_fixed_segment;not_FixedPrice
133895,Omavoima Oy,12,2026-07-29,not_General
133903,Lammaisten Energia Oy,12,2026-07-29,not_General
133904,Omavoima Oy,24,2026-07-29,not_General
133909,Koillis-Satakunnan Sähkö Oy,24,2026-07-29,not_exact_fixed_segment;not_FixedPrice
133911,Köyliön-Säkylän Sähkö Oy,12,2026-07-29,not_General
133913,Nurmijärven Sähkö Oy,24,2026-07-29,not_General
133917,Omavoima Oy,12,2026-07-29,not_General
133919,Lammaisten Energia Oy,12,2026-07-29,not_exact_fixed_segment;not_FixedPrice
133920,Koillis-Satakunnan Sähkö Oy,24,2026-07-29,not_exact_fixed_segment;not_FixedPrice
133923,Pohjois-Karjalan Sähkö Oy,6,2026-07-29,not_General
133925,Vaasan Sähkö Myynti Oy,6,2026-07-29,not_General
133926,Äänekosken Energia Oy,24,2026-07-29,not_General
133928,Helen Oy,12,2026-07-29,not_exact_fixed_segment;not_FixedPrice
133930,Köyliön-Säkylän Sähkö Oy,24,2026-07-29,not_General
133935,Pohjois-Karjalan Sähkö Oy,24,2026-07-29,not_General
133937,Lammaisten Energia Oy,24,2026-07-29,not_exact_fixed_segment;not_FixedPrice;not_General
133938,Nordic Green Energy,24,2026-07-29,not_exact_fixed_segment;not_FixedPrice
133941,Lammaisten Energia Oy,24,2026-07-29,not_exact_fixed_segment;not_FixedPrice;not_General
133942,Nurmijärven Sähkö Oy,12,2026-07-29,not_General
133947,Paneliankosken Voima Oy,24,2026-07-29,not_General
133948,Porvoon Energia Oy,12,2026-07-29,not_General
133951,Äänekosken Energia Oy,6,2026-07-29,not_General
133954,Fortum Markets Oy,24,2026-07-29,not_exact_fixed_segment;not_FixedPrice
133955,Fortum Markets Oy,12,2026-07-29,not_exact_fixed_segment;not_FixedPrice
133957,Omavoima Oy,24,2026-07-29,not_General
133961,Pohjois-Karjalan Sähkö Oy,12,2026-07-29,not_General
133963,Lammaisten Energia Oy,12,2026-07-29,not_exact_fixed_segment;not_FixedPrice;not_General
133967,Äänekosken Energia Oy,12,2026-07-29,not_General
133969,Keravan Energia Oy,12,2026-07-29,not_exact_fixed_segment;not_FixedPrice
133971,Köyliön-Säkylän Sähkö Oy,24,2026-07-29,not_General
133978,Hehku Energia Oy,12,2026-07-29,not_exact_fixed_segment;not_FixedPrice
133982,Pohjois-Karjalan Sähkö Oy,12,2026-07-29,not_General
133985,Kokkolan Energia Oy,24,2026-07-29,not_exact_fixed_segment;not_FixedPrice
133991,Alajärven Sähkö Oy,12,2026-07-30,not_General
133999,Imatran Seudun Sähkö Oy,24,2026-07-30,not_exact_fixed_segment;not_FixedPrice
134000,Vaasan Sähkö Myynti Oy,12,2026-07-30,not_General
134006,Nurmijärven Sähkö Oy,12,2026-07-30,not_General
134009,Lammaisten Energia Oy,24,2026-07-30,not_General
134014,Koillis-Satakunnan Sähkö Oy,24,2026-07-30,not_General
134015,Omavoima Oy,24,2026-07-30,not_exact_fixed_segment;not_FixedPrice
134016,Oomi Oy,12,2026-07-30,not_exact_fixed_segment;not_FixedPrice
134018,Porvoon Energia Oy,24,2026-07-30,not_General
134020,Korpelan Energia Oy,24,2026-07-30,not_exact_fixed_segment;not_FixedPrice
134022,Nurmijärven Sähkö Oy,24,2026-07-30,not_General
134024,Pohjois-Karjalan Sähkö Oy,24,2026-07-30,not_General
134025,Pohjois-Karjalan Sähkö Oy,6,2026-07-30,not_General
134026,Kokkolan Energia Oy,6,2026-07-30,not_exact_fixed_segment;not_FixedPrice
134034,Oomi Oy,24,2026-07-30,not_exact_fixed_segment;not_FixedPrice
134036,Porvoon Energia Oy,12,2026-07-30,not_General
134037,Koillis-Satakunnan Sähkö Oy,24,2026-07-30,not_General
134038,Nordic Green Energy,24,2026-07-30,not_exact_fixed_segment;not_FixedPrice
134040,Vaasan Sähkö Myynti Oy,24,2026-07-30,not_General
134041,Nordic Green Energy,12,2026-07-30,not_exact_fixed_segment;not_FixedPrice
134043,Lammaisten Energia Oy,24,2026-07-30,not_General
134055,Lumme Energia,24,2026-07-30,not_exact_fixed_segment;not_FixedPrice
134067,Porvoon Energia Oy,24,2026-07-30,not_General
134077,Pohjois-Karjalan Sähkö Oy,12,2026-07-30,not_General
134078,Äänekosken Energia Oy,12,2026-07-30,not_General
134080,Köyliön-Säkylän Sähkö Oy,12,2026-07-30,not_General
134086,Vaasan Sähkö Myynti Oy,6,2026-07-30,not_exact_fixed_segment;not_FixedPrice
134094,Korpelan Energia Oy,12,2026-07-30,not_exact_fixed_segment;not_FixedPrice
134103,Koillis-Satakunnan Sähkö Oy,12,2026-07-30,not_General
134105,Kokkolan Energia Oy,12,2026-07-30,not_exact_fixed_segment;not_FixedPrice
134106,Lammaisten Energia Oy,24,2026-07-30,not_exact_fixed_segment;not_FixedPrice
134109,Koillis-Satakunnan Sähkö Oy,12,2026-07-30,not_General
134111,Alajärven Sähkö Oy,24,2026-07-30,not_General
134122,Äänekosken Energia Oy,24,2026-07-30,not_General
134126,Imatran Seudun Sähkö Oy,12,2026-07-30,not_exact_fixed_segment;not_FixedPrice
134133,Porvoon Energia Oy,24,2026-07-30,not_General
134142,Helen Oy,24,2026-07-30,not_exact_fixed_segment;not_FixedPrice
134143,Äänekosken Energia Oy,6,2026-07-30,not_General
134147,Keravan Energia Oy,12,2026-07-30,not_exact_fixed_segment;not_FixedPrice
134150,Nordic Green Energy,12,2026-07-30,not_exact_fixed_segment;not_FixedPrice
134156,Keravan Energia Oy,24,2026-07-30,not_exact_fixed_segment;not_FixedPrice
134157,Vaasan Sähkö Myynti Oy,12,2026-07-30,not_exact_fixed_segment;not_FixedPrice
134165,Vaasan Sähkö Myynti Oy,24,2026-07-30,not_exact_fixed_segment;not_FixedPrice
134168,Keravan Energia Oy,24,2026-07-30,not_exact_fixed_segment;not_FixedPrice
134175,Lammaisten Energia Oy,12,2026-07-30,not_exact_fixed_segment;not_FixedPrice;not_General
134177,Lammaisten Energia Oy,12,2026-07-30,not_General
134179,Hehku Energia Oy,24,2026-07-30,not_exact_fixed_segment;not_FixedPrice
134180,Lumme Energia,12,2026-07-30,not_exact_fixed_segment;not_FixedPrice
134184,Omavoima Oy,12,2026-07-30,not_General
134192,Lammaisten Energia Oy,12,2026-07-30,not_General
134193,Omavoima Oy,24,2026-07-30,not_General
134198,Koillis-Satakunnan Sähkö Oy,24,2026-07-30,not_exact_fixed_segment;not_FixedPrice
134200,Köyliön-Säkylän Sähkö Oy,12,2026-07-30,not_General
134202,Nurmijärven Sähkö Oy,24,2026-07-30,not_General
134206,Omavoima Oy,12,2026-07-30,not_General
134208,Lammaisten Energia Oy,12,2026-07-30,not_exact_fixed_segment;not_FixedPrice
134209,Koillis-Satakunnan Sähkö Oy,24,2026-07-30,not_exact_fixed_segment;not_FixedPrice
134212,Pohjois-Karjalan Sähkö Oy,6,2026-07-30,not_General
134214,Vaasan Sähkö Myynti Oy,6,2026-07-30,not_General
134215,Äänekosken Energia Oy,24,2026-07-30,not_General
134217,Helen Oy,12,2026-07-30,not_exact_fixed_segment;not_FixedPrice
134219,Köyliön-Säkylän Sähkö Oy,24,2026-07-30,not_General
134225,Pohjois-Karjalan Sähkö Oy,24,2026-07-30,not_General
134227,Lammaisten Energia Oy,24,2026-07-30,not_exact_fixed_segment;not_FixedPrice;not_General
134228,Nordic Green Energy,24,2026-07-30,not_exact_fixed_segment;not_FixedPrice
134231,Lammaisten Energia Oy,24,2026-07-30,not_exact_fixed_segment;not_FixedPrice;not_General
134232,Nurmijärven Sähkö Oy,12,2026-07-30,not_General
134237,Porvoon Energia Oy,12,2026-07-30,not_General
134239,Äänekosken Energia Oy,6,2026-07-30,not_General
134242,Fortum Markets Oy,24,2026-07-30,not_exact_fixed_segment;not_FixedPrice
134243,Fortum Markets Oy,12,2026-07-30,not_exact_fixed_segment;not_FixedPrice
134245,Omavoima Oy,24,2026-07-30,not_General
134248,Pohjois-Karjalan Sähkö Oy,12,2026-07-30,not_General
134250,Lammaisten Energia Oy,12,2026-07-30,not_exact_fixed_segment;not_FixedPrice;not_General
134254,Äänekosken Energia Oy,12,2026-07-30,not_General
134256,Keravan Energia Oy,12,2026-07-30,not_exact_fixed_segment;not_FixedPrice
134258,Köyliön-Säkylän Sähkö Oy,24,2026-07-30,not_General
134265,Hehku Energia Oy,12,2026-07-30,not_exact_fixed_segment;not_FixedPrice
134271,Kokkolan Energia Oy,24,2026-07-30,not_exact_fixed_segment;not_FixedPrice
134277,Alajärven Sähkö Oy,12,2026-07-31,not_General
134286,Imatran Seudun Sähkö Oy,24,2026-07-31,not_exact_fixed_segment;not_FixedPrice
134287,Vaasan Sähkö Myynti Oy,12,2026-07-31,not_General
134293,Nurmijärven Sähkö Oy,12,2026-07-31,not_General
134301,Koillis-Satakunnan Sähkö Oy,24,2026-07-31,not_General
134302,Omavoima Oy,24,2026-07-31,not_exact_fixed_segment;not_FixedPrice
134303,Oomi Oy,12,2026-07-31,not_exact_fixed_segment;not_FixedPrice
134306,Porvoon Energia Oy,24,2026-07-31,not_General
134307,Korpelan Energia Oy,24,2026-07-31,not_exact_fixed_segment;not_FixedPrice
134310,Nurmijärven Sähkö Oy,24,2026-07-31,not_General
134312,Pohjois-Karjalan Sähkö Oy,24,2026-07-31,not_General
134313,Pohjois-Karjalan Sähkö Oy,6,2026-07-31,not_General
134314,Kokkolan Energia Oy,6,2026-07-31,not_exact_fixed_segment;not_FixedPrice
134316,Hehku Energia Oy,24,2026-07-31,not_exact_fixed_segment;not_FixedPrice
134323,Porvoon Energia Oy,12,2026-07-31,not_General
134324,Koillis-Satakunnan Sähkö Oy,24,2026-07-31,not_General
134325,Nordic Green Energy,24,2026-07-31,not_exact_fixed_segment;not_FixedPrice
134327,Vaasan Sähkö Myynti Oy,24,2026-07-31,not_General
134328,Nordic Green Energy,12,2026-07-31,not_exact_fixed_segment;not_FixedPrice
134351,Porvoon Energia Oy,24,2026-07-31,not_General
134358,Paneliankosken Voima Oy,12,2026-07-31,not_General
134361,Pohjois-Karjalan Sähkö Oy,12,2026-07-31,not_General
134363,Köyliön-Säkylän Sähkö Oy,12,2026-07-31,not_General
134369,Vaasan Sähkö Myynti Oy,6,2026-07-31,not_exact_fixed_segment;not_FixedPrice
134375,Paneliankosken Voima Oy,12,2026-07-31,not_exact_fixed_segment;not_FixedPrice
134378,Korpelan Energia Oy,12,2026-07-31,not_exact_fixed_segment;not_FixedPrice
134386,Koillis-Satakunnan Sähkö Oy,12,2026-07-31,not_General
134388,Kokkolan Energia Oy,12,2026-07-31,not_exact_fixed_segment;not_FixedPrice
134391,Koillis-Satakunnan Sähkö Oy,12,2026-07-31,not_General
134393,Alajärven Sähkö Oy,24,2026-07-31,not_General
134407,Imatran Seudun Sähkö Oy,12,2026-07-31,not_exact_fixed_segment;not_FixedPrice
134414,Porvoon Energia Oy,24,2026-07-31,not_General
134423,Helen Oy,24,2026-07-31,not_exact_fixed_segment;not_FixedPrice
134427,Keravan Energia Oy,12,2026-07-31,not_exact_fixed_segment;not_FixedPrice
134430,Nordic Green Energy,12,2026-07-31,not_exact_fixed_segment;not_FixedPrice
134436,Keravan Energia Oy,24,2026-07-31,not_exact_fixed_segment;not_FixedPrice
134437,Vaasan Sähkö Myynti Oy,12,2026-07-31,not_exact_fixed_segment;not_FixedPrice
134444,Lammaisten Energia Oy,24,2026-07-31,not_General
134445,Paneliankosken Voima Oy,24,2026-07-31,not_General
134446,Vaasan Sähkö Myynti Oy,24,2026-07-31,not_exact_fixed_segment;not_FixedPrice
134449,Keravan Energia Oy,24,2026-07-31,not_exact_fixed_segment;not_FixedPrice
134453,Imatran Seudun Sähkö Oy,6,2026-07-31,not_exact_fixed_segment;not_FixedPrice
134458,Lumme Energia,12,2026-07-31,not_exact_fixed_segment;not_FixedPrice
134461,Omavoima Oy,12,2026-07-31,not_General
134468,Omavoima Oy,24,2026-07-31,not_General
134473,Koillis-Satakunnan Sähkö Oy,24,2026-07-31,not_exact_fixed_segment;not_FixedPrice
134474,Köyliön-Säkylän Sähkö Oy,12,2026-07-31,not_General
134476,Nurmijärven Sähkö Oy,24,2026-07-31,not_General
134479,Omavoima Oy,12,2026-07-31,not_General
134481,Koillis-Satakunnan Sähkö Oy,24,2026-07-31,not_exact_fixed_segment;not_FixedPrice
134484,Pohjois-Karjalan Sähkö Oy,6,2026-07-31,not_General
134486,Vaasan Sähkö Myynti Oy,6,2026-07-31,not_General
134488,Helen Oy,12,2026-07-31,not_exact_fixed_segment;not_FixedPrice
134490,Köyliön-Säkylän Sähkö Oy,24,2026-07-31,not_General
134496,Pohjois-Karjalan Sähkö Oy,24,2026-07-31,not_General
134498,Nordic Green Energy,24,2026-07-31,not_exact_fixed_segment;not_FixedPrice
134501,Nurmijärven Sähkö Oy,12,2026-07-31,not_General
134506,Porvoon Energia Oy,12,2026-07-31,not_General
134510,Fortum Markets Oy,24,2026-07-31,not_exact_fixed_segment;not_FixedPrice
134511,Fortum Markets Oy,12,2026-07-31,not_exact_fixed_segment;not_FixedPrice
134513,Omavoima Oy,24,2026-07-31,not_General
134516,Pohjois-Karjalan Sähkö Oy,12,2026-07-31,not_General
134522,Keravan Energia Oy,12,2026-07-31,not_exact_fixed_segment;not_FixedPrice
134524,Köyliön-Säkylän Sähkö Oy,24,2026-07-31,not_General
134536,Kokkolan Energia Oy,24,2026-07-31,not_exact_fixed_segment;not_FixedPrice
134541,Alajärven Sähkö Oy,12,2026-08-01,not_General
134550,Imatran Seudun Sähkö Oy,24,2026-08-01,not_exact_fixed_segment;not_FixedPrice
134551,Vaasan Sähkö Myynti Oy,12,2026-08-01,not_General
134559,Nurmijärven Sähkö Oy,12,2026-08-01,not_General
134568,Koillis-Satakunnan Sähkö Oy,24,2026-08-01,not_General
134569,Omavoima Oy,24,2026-08-01,not_exact_fixed_segment;not_FixedPrice
134570,Oomi Oy,12,2026-08-01,not_exact_fixed_segment;not_FixedPrice
134574,Porvoon Energia Oy,24,2026-08-01,not_General
134575,Korpelan Energia Oy,24,2026-08-01,not_exact_fixed_segment;not_FixedPrice
134577,Nurmijärven Sähkö Oy,24,2026-08-01,not_General
134579,Pohjois-Karjalan Sähkö Oy,24,2026-08-01,not_General
134580,Pohjois-Karjalan Sähkö Oy,6,2026-08-01,not_General
134582,Kokkolan Energia Oy,6,2026-08-01,not_exact_fixed_segment;not_FixedPrice
134584,Lammaisten Energia Oy,12,2026-08-01,not_exact_fixed_segment;not_FixedPrice;not_General
134585,Hehku Energia Oy,24,2026-08-01,not_exact_fixed_segment;not_FixedPrice
134593,Porvoon Energia Oy,12,2026-08-01,not_General
134594,Koillis-Satakunnan Sähkö Oy,24,2026-08-01,not_General
134595,Nordic Green Energy,24,2026-08-01,not_exact_fixed_segment;not_FixedPrice
134597,Vaasan Sähkö Myynti Oy,24,2026-08-01,not_General
134598,Nordic Green Energy,12,2026-08-01,not_exact_fixed_segment;not_FixedPrice
134602,Lammaisten Energia Oy,24,2026-08-01,not_exact_fixed_segment;not_FixedPrice;not_General
134607,Lammaisten Energia Oy,24,2026-08-01,not_exact_fixed_segment;not_FixedPrice;not_General
134608,Äänekosken Energia Oy,6,2026-08-01,not_General
134611,Äänekosken Energia Oy,24,2026-08-01,not_General
134623,Porvoon Energia Oy,24,2026-08-01,not_General
134625,Lammaisten Energia Oy,12,2026-08-01,not_exact_fixed_segment;not_FixedPrice;not_General
134631,Paneliankosken Voima Oy,12,2026-08-01,not_General
134632,Äänekosken Energia Oy,6,2026-08-01,not_General
134635,Pohjois-Karjalan Sähkö Oy,12,2026-08-01,not_General
134636,Äänekosken Energia Oy,12,2026-08-01,not_General
134638,Köyliön-Säkylän Sähkö Oy,12,2026-08-01,not_General
134644,Vaasan Sähkö Myynti Oy,6,2026-08-01,not_exact_fixed_segment;not_FixedPrice
134648,Lammaisten Energia Oy,12,2026-08-01,not_General
134652,Paneliankosken Voima Oy,12,2026-08-01,not_exact_fixed_segment;not_FixedPrice
134655,Korpelan Energia Oy,12,2026-08-01,not_exact_fixed_segment;not_FixedPrice
134663,Koillis-Satakunnan Sähkö Oy,12,2026-08-01,not_General
134665,Kokkolan Energia Oy,12,2026-08-01,not_exact_fixed_segment;not_FixedPrice
134668,Koillis-Satakunnan Sähkö Oy,12,2026-08-01,not_General
134670,Alajärven Sähkö Oy,24,2026-08-01,not_General
134682,Imatran Seudun Sähkö Oy,12,2026-08-01,not_exact_fixed_segment;not_FixedPrice
134689,Porvoon Energia Oy,24,2026-08-01,not_General
134692,Lammaisten Energia Oy,24,2026-08-01,not_exact_fixed_segment;not_FixedPrice
134696,Oomi Oy,24,2026-08-01,not_exact_fixed_segment;not_FixedPrice
134700,Helen Oy,24,2026-08-01,not_exact_fixed_segment;not_FixedPrice
134703,Lumme Energia,24,2026-08-01,not_exact_fixed_segment;not_FixedPrice
134705,Keravan Energia Oy,12,2026-08-01,not_exact_fixed_segment;not_FixedPrice
134708,Nordic Green Energy,12,2026-08-01,not_exact_fixed_segment;not_FixedPrice
134711,Lammaisten Energia Oy,12,2026-08-01,not_General
134715,Vaasan Sähkö Myynti Oy,12,2026-08-01,not_exact_fixed_segment;not_FixedPrice
134719,Äänekosken Energia Oy,12,2026-08-01,not_General
134723,Lammaisten Energia Oy,24,2026-08-01,not_General
134724,Paneliankosken Voima Oy,24,2026-08-01,not_General
134725,Vaasan Sähkö Myynti Oy,24,2026-08-01,not_exact_fixed_segment;not_FixedPrice
134731,Imatran Seudun Sähkö Oy,6,2026-08-01,not_exact_fixed_segment;not_FixedPrice
134737,Lumme Energia,12,2026-08-01,not_exact_fixed_segment;not_FixedPrice
134738,Lammaisten Energia Oy,12,2026-08-01,not_exact_fixed_segment;not_FixedPrice
134741,Omavoima Oy,12,2026-08-01,not_General
134748,Omavoima Oy,24,2026-08-01,not_General
134753,Koillis-Satakunnan Sähkö Oy,24,2026-08-01,not_exact_fixed_segment;not_FixedPrice
134754,Köyliön-Säkylän Sähkö Oy,12,2026-08-01,not_General
134756,Nurmijärven Sähkö Oy,24,2026-08-01,not_General
134759,Omavoima Oy,12,2026-08-01,not_General
134761,Koillis-Satakunnan Sähkö Oy,24,2026-08-01,not_exact_fixed_segment;not_FixedPrice
134764,Pohjois-Karjalan Sähkö Oy,6,2026-08-01,not_General
134766,Vaasan Sähkö Myynti Oy,6,2026-08-01,not_General
134769,Helen Oy,12,2026-08-01,not_exact_fixed_segment;not_FixedPrice
134771,Köyliön-Säkylän Sähkö Oy,24,2026-08-01,not_General
134775,Hehku Energia Oy,12,2026-08-01,not_exact_fixed_segment;not_FixedPrice
134778,Pohjois-Karjalan Sähkö Oy,24,2026-08-01,not_General
134780,Nordic Green Energy,24,2026-08-01,not_exact_fixed_segment;not_FixedPrice
134783,Nurmijärven Sähkö Oy,12,2026-08-01,not_General
134784,Lammaisten Energia Oy,24,2026-08-01,not_General
134789,Porvoon Energia Oy,12,2026-08-01,not_General
134793,Fortum Markets Oy,24,2026-08-01,not_exact_fixed_segment;not_FixedPrice
134794,Fortum Markets Oy,12,2026-08-01,not_exact_fixed_segment;not_FixedPrice
134796,Omavoima Oy,24,2026-08-01,not_General
134799,Pohjois-Karjalan Sähkö Oy,12,2026-08-01,not_General
134805,Keravan Energia Oy,12,2026-08-01,not_exact_fixed_segment;not_FixedPrice
134807,Köyliön-Säkylän Sähkö Oy,24,2026-08-01,not_General
134816,Äänekosken Energia Oy,24,2026-08-01,not_General
134821,Kokkolan Energia Oy,24,2026-08-01,not_exact_fixed_segment;not_FixedPrice
134826,Alajärven Sähkö Oy,12,2026-08-02,not_General
134835,Imatran Seudun Sähkö Oy,24,2026-08-02,not_exact_fixed_segment;not_FixedPrice
134836,Vaasan Sähkö Myynti Oy,12,2026-08-02,not_General
134844,Nurmijärven Sähkö Oy,12,2026-08-02,not_General
134853,Koillis-Satakunnan Sähkö Oy,24,2026-08-02,not_General
134854,Omavoima Oy,24,2026-08-02,not_exact_fixed_segment;not_FixedPrice
134855,Oomi Oy,12,2026-08-02,not_exact_fixed_segment;not_FixedPrice
134860,Porvoon Energia Oy,24,2026-08-02,not_General
134861,Korpelan Energia Oy,24,2026-08-02,not_exact_fixed_segment;not_FixedPrice
134863,Nurmijärven Sähkö Oy,24,2026-08-02,not_General
134865,Pohjois-Karjalan Sähkö Oy,24,2026-08-02,not_General
134866,Pohjois-Karjalan Sähkö Oy,6,2026-08-02,not_General
134868,Kokkolan Energia Oy,6,2026-08-02,not_exact_fixed_segment;not_FixedPrice
134870,Lammaisten Energia Oy,12,2026-08-02,not_exact_fixed_segment;not_FixedPrice;not_General
134871,Hehku Energia Oy,24,2026-08-02,not_exact_fixed_segment;not_FixedPrice
134879,Porvoon Energia Oy,12,2026-08-02,not_General
134880,Koillis-Satakunnan Sähkö Oy,24,2026-08-02,not_General
134881,Nordic Green Energy,24,2026-08-02,not_exact_fixed_segment;not_FixedPrice
134884,Vaasan Sähkö Myynti Oy,24,2026-08-02,not_General
134885,Nordic Green Energy,12,2026-08-02,not_exact_fixed_segment;not_FixedPrice
134889,Lammaisten Energia Oy,24,2026-08-02,not_exact_fixed_segment;not_FixedPrice;not_General
134894,Lammaisten Energia Oy,24,2026-08-02,not_exact_fixed_segment;not_FixedPrice;not_General
134895,Äänekosken Energia Oy,6,2026-08-02,not_General
134898,Äänekosken Energia Oy,24,2026-08-02,not_General
134910,Porvoon Energia Oy,24,2026-08-02,not_General
134912,Lammaisten Energia Oy,12,2026-08-02,not_exact_fixed_segment;not_FixedPrice;not_General
134918,Paneliankosken Voima Oy,12,2026-08-02,not_General
134919,Äänekosken Energia Oy,6,2026-08-02,not_General
134922,Pohjois-Karjalan Sähkö Oy,12,2026-08-02,not_General
134923,Äänekosken Energia Oy,12,2026-08-02,not_General
134926,Köyliön-Säkylän Sähkö Oy,12,2026-08-02,not_General
134932,Vaasan Sähkö Myynti Oy,6,2026-08-02,not_exact_fixed_segment;not_FixedPrice
134936,Lammaisten Energia Oy,12,2026-08-02,not_General
134940,Paneliankosken Voima Oy,12,2026-08-02,not_exact_fixed_segment;not_FixedPrice
134943,Korpelan Energia Oy,12,2026-08-02,not_exact_fixed_segment;not_FixedPrice
134951,Koillis-Satakunnan Sähkö Oy,12,2026-08-02,not_General
134953,Kokkolan Energia Oy,12,2026-08-02,not_exact_fixed_segment;not_FixedPrice
134956,Koillis-Satakunnan Sähkö Oy,12,2026-08-02,not_General
134958,Alajärven Sähkö Oy,24,2026-08-02,not_General
134970,Imatran Seudun Sähkö Oy,12,2026-08-02,not_exact_fixed_segment;not_FixedPrice
134978,Porvoon Energia Oy,24,2026-08-02,not_General
134981,Lammaisten Energia Oy,24,2026-08-02,not_exact_fixed_segment;not_FixedPrice
134985,Oomi Oy,24,2026-08-02,not_exact_fixed_segment;not_FixedPrice
134986,Keravan Energia Oy,24,2026-08-02,not_exact_fixed_segment;not_FixedPrice
134990,Helen Oy,24,2026-08-02,not_exact_fixed_segment;not_FixedPrice
134993,Lumme Energia,24,2026-08-02,not_exact_fixed_segment;not_FixedPrice
134995,Keravan Energia Oy,12,2026-08-02,not_exact_fixed_segment;not_FixedPrice
134998,Nordic Green Energy,12,2026-08-02,not_exact_fixed_segment;not_FixedPrice
135001,Lammaisten Energia Oy,12,2026-08-02,not_General
135005,Vaasan Sähkö Myynti Oy,12,2026-08-02,not_exact_fixed_segment;not_FixedPrice
135009,Äänekosken Energia Oy,12,2026-08-02,not_General
135013,Lammaisten Energia Oy,24,2026-08-02,not_General
135014,Paneliankosken Voima Oy,24,2026-08-02,not_General
135015,Vaasan Sähkö Myynti Oy,24,2026-08-02,not_exact_fixed_segment;not_FixedPrice
135021,Imatran Seudun Sähkö Oy,6,2026-08-02,not_exact_fixed_segment;not_FixedPrice
135027,Lumme Energia,12,2026-08-02,not_exact_fixed_segment;not_FixedPrice
135028,Lammaisten Energia Oy,12,2026-08-02,not_exact_fixed_segment;not_FixedPrice
135031,Omavoima Oy,12,2026-08-02,not_General
135038,Omavoima Oy,24,2026-08-02,not_General
135043,Koillis-Satakunnan Sähkö Oy,24,2026-08-02,not_exact_fixed_segment;not_FixedPrice
135044,Köyliön-Säkylän Sähkö Oy,12,2026-08-02,not_General
135046,Nurmijärven Sähkö Oy,24,2026-08-02,not_General
135049,Omavoima Oy,12,2026-08-02,not_General
135051,Koillis-Satakunnan Sähkö Oy,24,2026-08-02,not_exact_fixed_segment;not_FixedPrice
135054,Pohjois-Karjalan Sähkö Oy,6,2026-08-02,not_General
135056,Vaasan Sähkö Myynti Oy,6,2026-08-02,not_General
135059,Helen Oy,12,2026-08-02,not_exact_fixed_segment;not_FixedPrice
135061,Köyliön-Säkylän Sähkö Oy,24,2026-08-02,not_General
135065,Hehku Energia Oy,12,2026-08-02,not_exact_fixed_segment;not_FixedPrice
135068,Pohjois-Karjalan Sähkö Oy,24,2026-08-02,not_General
135071,Nordic Green Energy,24,2026-08-02,not_exact_fixed_segment;not_FixedPrice
135074,Nurmijärven Sähkö Oy,12,2026-08-02,not_General
135075,Lammaisten Energia Oy,24,2026-08-02,not_General
135080,Porvoon Energia Oy,12,2026-08-02,not_General
135084,Fortum Markets Oy,24,2026-08-02,not_exact_fixed_segment;not_FixedPrice
135085,Fortum Markets Oy,12,2026-08-02,not_exact_fixed_segment;not_FixedPrice
135087,Omavoima Oy,24,2026-08-02,not_General
135090,Pohjois-Karjalan Sähkö Oy,12,2026-08-02,not_General
135096,Keravan Energia Oy,12,2026-08-02,not_exact_fixed_segment;not_FixedPrice
135098,Köyliön-Säkylän Sähkö Oy,24,2026-08-02,not_General
135106,Keravan Energia Oy,24,2026-08-02,not_exact_fixed_segment;not_FixedPrice
135108,Äänekosken Energia Oy,24,2026-08-02,not_General
135113,Kokkolan Energia Oy,24,2026-08-02,not_exact_fixed_segment;not_FixedPrice
135118,Alajärven Sähkö Oy,12,2026-08-03,not_General
135127,Imatran Seudun Sähkö Oy,24,2026-08-03,not_exact_fixed_segment;not_FixedPrice
135134,Nurmijärven Sähkö Oy,12,2026-08-03,not_General
135141,Koillis-Satakunnan Sähkö Oy,24,2026-08-03,not_General
135142,Omavoima Oy,24,2026-08-03,not_exact_fixed_segment;not_FixedPrice
135143,Oomi Oy,12,2026-08-03,not_exact_fixed_segment;not_FixedPrice
135148,Porvoon Energia Oy,24,2026-08-03,not_General
135149,Korpelan Energia Oy,24,2026-08-03,not_exact_fixed_segment;not_FixedPrice
135151,Nurmijärven Sähkö Oy,24,2026-08-03,not_General
135153,Pohjois-Karjalan Sähkö Oy,24,2026-08-03,not_General
135154,Pohjois-Karjalan Sähkö Oy,6,2026-08-03,not_General
135156,Kokkolan Energia Oy,6,2026-08-03,not_exact_fixed_segment;not_FixedPrice
135158,Lammaisten Energia Oy,12,2026-08-03,not_exact_fixed_segment;not_FixedPrice;not_General
135165,Porvoon Energia Oy,12,2026-08-03,not_General
135166,Koillis-Satakunnan Sähkö Oy,24,2026-08-03,not_General
135167,Nordic Green Energy,24,2026-08-03,not_exact_fixed_segment;not_FixedPrice
135170,Nordic Green Energy,12,2026-08-03,not_exact_fixed_segment;not_FixedPrice
135174,Lammaisten Energia Oy,24,2026-08-03,not_exact_fixed_segment;not_FixedPrice;not_General
135179,Lammaisten Energia Oy,24,2026-08-03,not_exact_fixed_segment;not_FixedPrice;not_General
135180,Äänekosken Energia Oy,6,2026-08-03,not_General
135183,Äänekosken Energia Oy,24,2026-08-03,not_General
135195,Porvoon Energia Oy,24,2026-08-03,not_General
135197,Lammaisten Energia Oy,12,2026-08-03,not_exact_fixed_segment;not_FixedPrice;not_General
135203,Paneliankosken Voima Oy,12,2026-08-03,not_General
135204,Äänekosken Energia Oy,6,2026-08-03,not_General
135207,Pohjois-Karjalan Sähkö Oy,12,2026-08-03,not_General
135208,Äänekosken Energia Oy,12,2026-08-03,not_General
135211,Köyliön-Säkylän Sähkö Oy,12,2026-08-03,not_General
135217,Vaasan Sähkö Myynti Oy,6,2026-08-03,not_exact_fixed_segment;not_FixedPrice
135221,Lammaisten Energia Oy,12,2026-08-03,not_General
135225,Paneliankosken Voima Oy,12,2026-08-03,not_exact_fixed_segment;not_FixedPrice
135228,Korpelan Energia Oy,12,2026-08-03,not_exact_fixed_segment;not_FixedPrice
135236,Koillis-Satakunnan Sähkö Oy,12,2026-08-03,not_General
135238,Kokkolan Energia Oy,12,2026-08-03,not_exact_fixed_segment;not_FixedPrice
135241,Koillis-Satakunnan Sähkö Oy,12,2026-08-03,not_General
135243,Alajärven Sähkö Oy,24,2026-08-03,not_General
135255,Imatran Seudun Sähkö Oy,12,2026-08-03,not_exact_fixed_segment;not_FixedPrice
135263,Porvoon Energia Oy,24,2026-08-03,not_General
135266,Lammaisten Energia Oy,24,2026-08-03,not_exact_fixed_segment;not_FixedPrice
135270,Oomi Oy,24,2026-08-03,not_exact_fixed_segment;not_FixedPrice
135271,Keravan Energia Oy,24,2026-08-03,not_exact_fixed_segment;not_FixedPrice
135275,Helen Oy,24,2026-08-03,not_exact_fixed_segment;not_FixedPrice
135278,Lumme Energia,24,2026-08-03,not_exact_fixed_segment;not_FixedPrice
135280,Keravan Energia Oy,12,2026-08-03,not_exact_fixed_segment;not_FixedPrice
135283,Nordic Green Energy,12,2026-08-03,not_exact_fixed_segment;not_FixedPrice
135286,Lammaisten Energia Oy,12,2026-08-03,not_General
135293,Äänekosken Energia Oy,12,2026-08-03,not_General
135297,Lammaisten Energia Oy,24,2026-08-03,not_General
135298,Paneliankosken Voima Oy,24,2026-08-03,not_General
135304,Imatran Seudun Sähkö Oy,6,2026-08-03,not_exact_fixed_segment;not_FixedPrice
135310,Lumme Energia,12,2026-08-03,not_exact_fixed_segment;not_FixedPrice
135311,Lammaisten Energia Oy,12,2026-08-03,not_exact_fixed_segment;not_FixedPrice
135313,Omavoima Oy,12,2026-08-03,not_General
135320,Omavoima Oy,24,2026-08-03,not_General
135325,Koillis-Satakunnan Sähkö Oy,24,2026-08-03,not_exact_fixed_segment;not_FixedPrice
135326,Köyliön-Säkylän Sähkö Oy,12,2026-08-03,not_General
135328,Nurmijärven Sähkö Oy,24,2026-08-03,not_General
135331,Omavoima Oy,12,2026-08-03,not_General
135333,Koillis-Satakunnan Sähkö Oy,24,2026-08-03,not_exact_fixed_segment;not_FixedPrice
135336,Pohjois-Karjalan Sähkö Oy,6,2026-08-03,not_General
135338,Vaasan Sähkö Myynti Oy,6,2026-08-03,not_General
135341,Helen Oy,12,2026-08-03,not_exact_fixed_segment;not_FixedPrice
135343,Köyliön-Säkylän Sähkö Oy,24,2026-08-03,not_General
135349,Pohjois-Karjalan Sähkö Oy,24,2026-08-03,not_General
135352,Nordic Green Energy,24,2026-08-03,not_exact_fixed_segment;not_FixedPrice
135355,Nurmijärven Sähkö Oy,12,2026-08-03,not_General
135356,Lammaisten Energia Oy,24,2026-08-03,not_General
135361,Porvoon Energia Oy,12,2026-08-03,not_General
135364,Fortum Markets Oy,24,2026-08-03,not_exact_fixed_segment;not_FixedPrice
135365,Fortum Markets Oy,12,2026-08-03,not_exact_fixed_segment;not_FixedPrice
135367,Omavoima Oy,24,2026-08-03,not_General
135368,Pohjois-Karjalan Sähkö Oy,12,2026-08-03,not_General
135374,Keravan Energia Oy,12,2026-08-03,not_exact_fixed_segment;not_FixedPrice
135376,Köyliön-Säkylän Sähkö Oy,24,2026-08-03,not_General
135382,Keravan Energia Oy,24,2026-08-03,not_exact_fixed_segment;not_FixedPrice
135384,Äänekosken Energia Oy,24,2026-08-03,not_General
135389,Kokkolan Energia Oy,24,2026-08-03,not_exact_fixed_segment;not_FixedPrice
135394,Alajärven Sähkö Oy,12,2026-08-04,not_General
135402,Imatran Seudun Sähkö Oy,24,2026-08-04,not_exact_fixed_segment;not_FixedPrice
135409,Nurmijärven Sähkö Oy,12,2026-08-04,not_General
135411,Vaasan Sähkö Myynti Oy,24,2026-08-04,not_exact_fixed_segment;not_FixedPrice
135416,Koillis-Satakunnan Sähkö Oy,24,2026-08-04,not_General
135417,Omavoima Oy,24,2026-08-04,not_exact_fixed_segment;not_FixedPrice
135418,Oomi Oy,12,2026-08-04,not_exact_fixed_segment;not_FixedPrice
135423,Porvoon Energia Oy,24,2026-08-04,not_General
135425,Nurmijärven Sähkö Oy,24,2026-08-04,not_General
135427,Pohjois-Karjalan Sähkö Oy,24,2026-08-04,not_General
135428,Pohjois-Karjalan Sähkö Oy,6,2026-08-04,not_General
135430,Kokkolan Energia Oy,6,2026-08-04,not_exact_fixed_segment;not_FixedPrice
135432,Lammaisten Energia Oy,12,2026-08-04,not_exact_fixed_segment;not_FixedPrice;not_General
135439,Porvoon Energia Oy,12,2026-08-04,not_General
135440,Koillis-Satakunnan Sähkö Oy,24,2026-08-04,not_General
135441,Nordic Green Energy,24,2026-08-04,not_exact_fixed_segment;not_FixedPrice
135444,Nordic Green Energy,12,2026-08-04,not_exact_fixed_segment;not_FixedPrice
135448,Lammaisten Energia Oy,24,2026-08-04,not_exact_fixed_segment;not_FixedPrice;not_General
135453,Lammaisten Energia Oy,24,2026-08-04,not_exact_fixed_segment;not_FixedPrice;not_General
135454,Äänekosken Energia Oy,6,2026-08-04,not_General
135457,Äänekosken Energia Oy,24,2026-08-04,not_General
135467,Vaasan Sähkö Myynti Oy,12,2026-08-04,not_exact_fixed_segment;not_FixedPrice
135471,Porvoon Energia Oy,24,2026-08-04,not_General
135473,Lammaisten Energia Oy,12,2026-08-04,not_exact_fixed_segment;not_FixedPrice;not_General
135478,Paneliankosken Voima Oy,12,2026-08-04,not_General
135479,Äänekosken Energia Oy,6,2026-08-04,not_General
135484,Pohjois-Karjalan Sähkö Oy,12,2026-08-04,not_General
135485,Äänekosken Energia Oy,12,2026-08-04,not_General
135487,Köyliön-Säkylän Sähkö Oy,12,2026-08-04,not_General
135494,Vaasan Sähkö Myynti Oy,6,2026-08-04,not_exact_fixed_segment;not_FixedPrice
135498,Lammaisten Energia Oy,12,2026-08-04,not_General
135502,Paneliankosken Voima Oy,12,2026-08-04,not_exact_fixed_segment;not_FixedPrice
135506,Vaasan Sähkö Myynti Oy,12,2026-08-04,not_General
135513,Koillis-Satakunnan Sähkö Oy,12,2026-08-04,not_General
135515,Kokkolan Energia Oy,12,2026-08-04,not_exact_fixed_segment;not_FixedPrice
135518,Koillis-Satakunnan Sähkö Oy,12,2026-08-04,not_General
135520,Alajärven Sähkö Oy,24,2026-08-04,not_General
135526,Hehku Energia Oy,12,2026-08-04,not_exact_fixed_segment;not_FixedPrice
135533,Imatran Seudun Sähkö Oy,12,2026-08-04,not_exact_fixed_segment;not_FixedPrice
135542,Porvoon Energia Oy,24,2026-08-04,not_General
135545,Lammaisten Energia Oy,24,2026-08-04,not_exact_fixed_segment;not_FixedPrice
135549,Oomi Oy,24,2026-08-04,not_exact_fixed_segment;not_FixedPrice
135550,Keravan Energia Oy,24,2026-08-04,not_exact_fixed_segment;not_FixedPrice
135556,Lumme Energia,24,2026-08-04,not_exact_fixed_segment;not_FixedPrice
135558,Keravan Energia Oy,12,2026-08-04,not_exact_fixed_segment;not_FixedPrice
135559,Hehku Energia Oy,24,2026-08-04,not_exact_fixed_segment;not_FixedPrice
135561,Nordic Green Energy,12,2026-08-04,not_exact_fixed_segment;not_FixedPrice
135563,Lammaisten Energia Oy,12,2026-08-04,not_General
135571,Äänekosken Energia Oy,12,2026-08-04,not_General
135575,Lammaisten Energia Oy,24,2026-08-04,not_General
135576,Paneliankosken Voima Oy,24,2026-08-04,not_General
135582,Imatran Seudun Sähkö Oy,6,2026-08-04,not_exact_fixed_segment;not_FixedPrice
135588,Lumme Energia,12,2026-08-04,not_exact_fixed_segment;not_FixedPrice
135589,Lammaisten Energia Oy,12,2026-08-04,not_exact_fixed_segment;not_FixedPrice
135591,Omavoima Oy,12,2026-08-04,not_General
135597,Omavoima Oy,24,2026-08-04,not_General
135601,Koillis-Satakunnan Sähkö Oy,24,2026-08-04,not_exact_fixed_segment;not_FixedPrice
135602,Köyliön-Säkylän Sähkö Oy,12,2026-08-04,not_General
135604,Nurmijärven Sähkö Oy,24,2026-08-04,not_General
135607,Omavoima Oy,12,2026-08-04,not_General
135609,Koillis-Satakunnan Sähkö Oy,24,2026-08-04,not_exact_fixed_segment;not_FixedPrice
135611,Vaasan Sähkö Myynti Oy,24,2026-08-04,not_General
135613,Pohjois-Karjalan Sähkö Oy,6,2026-08-04,not_General
135618,Köyliön-Säkylän Sähkö Oy,24,2026-08-04,not_General
135624,Pohjois-Karjalan Sähkö Oy,24,2026-08-04,not_General
135627,Nordic Green Energy,24,2026-08-04,not_exact_fixed_segment;not_FixedPrice
135630,Nurmijärven Sähkö Oy,12,2026-08-04,not_General
135631,Lammaisten Energia Oy,24,2026-08-04,not_General
135637,Porvoon Energia Oy,12,2026-08-04,not_General
135640,Fortum Markets Oy,24,2026-08-04,not_exact_fixed_segment;not_FixedPrice
135641,Fortum Markets Oy,12,2026-08-04,not_exact_fixed_segment;not_FixedPrice
135643,Omavoima Oy,24,2026-08-04,not_General
135644,Pohjois-Karjalan Sähkö Oy,12,2026-08-04,not_General
135650,Keravan Energia Oy,12,2026-08-04,not_exact_fixed_segment;not_FixedPrice
135652,Köyliön-Säkylän Sähkö Oy,24,2026-08-04,not_General
135659,Keravan Energia Oy,24,2026-08-04,not_exact_fixed_segment;not_FixedPrice
135660,Äänekosken Energia Oy,24,2026-08-04,not_General
135665,Kokkolan Energia Oy,24,2026-08-04,not_exact_fixed_segment;not_FixedPrice
135940,Alajärven Sähkö Oy,12,2026-08-05,not_General
135948,Imatran Seudun Sähkö Oy,24,2026-08-05,not_exact_fixed_segment;not_FixedPrice
135954,Nurmijärven Sähkö Oy,12,2026-08-05,not_General
135956,Vaasan Sähkö Myynti Oy,24,2026-08-05,not_exact_fixed_segment;not_FixedPrice
135961,Kokkolan Energia Oy,24,2026-08-05,not_exact_fixed_segment;not_FixedPrice
135963,Koillis-Satakunnan Sähkö Oy,24,2026-08-05,not_General
135964,Omavoima Oy,24,2026-08-05,not_exact_fixed_segment;not_FixedPrice
135965,Oomi Oy,12,2026-08-05,not_exact_fixed_segment;not_FixedPrice
135969,Porvoon Energia Oy,24,2026-08-05,not_General
135971,Nurmijärven Sähkö Oy,24,2026-08-05,not_General
135973,Pohjois-Karjalan Sähkö Oy,24,2026-08-05,not_General
135974,Pohjois-Karjalan Sähkö Oy,6,2026-08-05,not_General
135977,Lammaisten Energia Oy,12,2026-08-05,not_exact_fixed_segment;not_FixedPrice;not_General
135984,Korpelan Energia Oy,24,2026-08-05,not_exact_fixed_segment;not_FixedPrice
135985,Koillis-Satakunnan Sähkö Oy,24,2026-08-05,not_General
135986,Nordic Green Energy,24,2026-08-05,not_exact_fixed_segment;not_FixedPrice
135989,Nordic Green Energy,12,2026-08-05,not_exact_fixed_segment;not_FixedPrice
135993,Vaasan Sähkö Myynti Oy,6,2026-08-05,not_General
135994,Lammaisten Energia Oy,24,2026-08-05,not_exact_fixed_segment;not_FixedPrice;not_General
135997,Kokkolan Energia Oy,6,2026-08-05,not_exact_fixed_segment;not_FixedPrice
136000,Lammaisten Energia Oy,24,2026-08-05,not_exact_fixed_segment;not_FixedPrice;not_General
136001,Äänekosken Energia Oy,6,2026-08-05,not_General
136005,Äänekosken Energia Oy,24,2026-08-05,not_General
136015,Vaasan Sähkö Myynti Oy,12,2026-08-05,not_exact_fixed_segment;not_FixedPrice
136020,Porvoon Energia Oy,24,2026-08-05,not_General
136022,Lammaisten Energia Oy,12,2026-08-05,not_exact_fixed_segment;not_FixedPrice;not_General
136026,Paneliankosken Voima Oy,12,2026-08-05,not_General
136027,Äänekosken Energia Oy,6,2026-08-05,not_General
136031,Imatran Seudun Sähkö Oy,12,2026-08-05,not_exact_fixed_segment;not_FixedPrice
136032,Porvoon Energia Oy,12,2026-08-05,not_General
136034,Pohjois-Karjalan Sähkö Oy,12,2026-08-05,not_General
136035,Äänekosken Energia Oy,12,2026-08-05,not_General
136037,Helen Oy,12,2026-08-05,not_exact_fixed_segment;not_FixedPrice
136038,Köyliön-Säkylän Sähkö Oy,12,2026-08-05,not_General
136045,Vaasan Sähkö Myynti Oy,6,2026-08-05,not_exact_fixed_segment;not_FixedPrice
136049,Lammaisten Energia Oy,12,2026-08-05,not_General
136053,Paneliankosken Voima Oy,12,2026-08-05,not_exact_fixed_segment;not_FixedPrice
136057,Vaasan Sähkö Myynti Oy,12,2026-08-05,not_General
136058,Porvoon Energia Oy,12,2026-08-05,not_General
136065,Koillis-Satakunnan Sähkö Oy,12,2026-08-05,not_General
136068,Kokkolan Energia Oy,12,2026-08-05,not_exact_fixed_segment;not_FixedPrice
136071,Koillis-Satakunnan Sähkö Oy,12,2026-08-05,not_General
136073,Alajärven Sähkö Oy,24,2026-08-05,not_General
136079,Hehku Energia Oy,12,2026-08-05,not_exact_fixed_segment;not_FixedPrice
136089,Korpelan Energia Oy,12,2026-08-05,not_exact_fixed_segment;not_FixedPrice
136095,Porvoon Energia Oy,24,2026-08-05,not_General
136098,Lammaisten Energia Oy,24,2026-08-05,not_exact_fixed_segment;not_FixedPrice
136102,Oomi Oy,24,2026-08-05,not_exact_fixed_segment;not_FixedPrice
136103,Keravan Energia Oy,24,2026-08-05,not_exact_fixed_segment;not_FixedPrice
136111,Lumme Energia,24,2026-08-05,not_exact_fixed_segment;not_FixedPrice
136113,Hehku Energia Oy,24,2026-08-05,not_exact_fixed_segment;not_FixedPrice
136115,Nordic Green Energy,12,2026-08-05,not_exact_fixed_segment;not_FixedPrice
136117,Lammaisten Energia Oy,12,2026-08-05,not_General
136124,Äänekosken Energia Oy,12,2026-08-05,not_General
136129,Lammaisten Energia Oy,24,2026-08-05,not_General
136130,Paneliankosken Voima Oy,24,2026-08-05,not_General
136141,Lumme Energia,12,2026-08-05,not_exact_fixed_segment;not_FixedPrice
136142,Lammaisten Energia Oy,12,2026-08-05,not_exact_fixed_segment;not_FixedPrice
136144,Omavoima Oy,12,2026-08-05,not_General
136150,Keravan Energia Oy,12,2026-08-05,not_exact_fixed_segment;not_FixedPrice
136153,Omavoima Oy,24,2026-08-05,not_General
136157,Koillis-Satakunnan Sähkö Oy,24,2026-08-05,not_exact_fixed_segment;not_FixedPrice
136159,Köyliön-Säkylän Sähkö Oy,12,2026-08-05,not_General
136161,Nurmijärven Sähkö Oy,24,2026-08-05,not_General
136164,Omavoima Oy,12,2026-08-05,not_General
136167,Koillis-Satakunnan Sähkö Oy,24,2026-08-05,not_exact_fixed_segment;not_FixedPrice
136168,Vaasan Sähkö Myynti Oy,24,2026-08-05,not_General
136170,Pohjois-Karjalan Sähkö Oy,6,2026-08-05,not_General
136175,Köyliön-Säkylän Sähkö Oy,24,2026-08-05,not_General
136180,Helen Oy,24,2026-08-05,not_exact_fixed_segment;not_FixedPrice
136182,Pohjois-Karjalan Sähkö Oy,24,2026-08-05,not_General
136185,Nordic Green Energy,24,2026-08-05,not_exact_fixed_segment;not_FixedPrice
136188,Nurmijärven Sähkö Oy,12,2026-08-05,not_General
136189,Lammaisten Energia Oy,24,2026-08-05,not_General
136198,Fortum Markets Oy,24,2026-08-05,not_exact_fixed_segment;not_FixedPrice
136199,Fortum Markets Oy,12,2026-08-05,not_exact_fixed_segment;not_FixedPrice
136201,Omavoima Oy,24,2026-08-05,not_General
136202,Pohjois-Karjalan Sähkö Oy,12,2026-08-05,not_General
136204,Imatran Seudun Sähkö Oy,6,2026-08-05,not_exact_fixed_segment;not_FixedPrice
136209,Keravan Energia Oy,12,2026-08-05,not_exact_fixed_segment;not_FixedPrice
136210,Köyliön-Säkylän Sähkö Oy,24,2026-08-05,not_General
136219,Keravan Energia Oy,12,2026-08-05,not_exact_fixed_segment;not_FixedPrice
136220,Keravan Energia Oy,24,2026-08-05,not_exact_fixed_segment;not_FixedPrice
136221,Äänekosken Energia Oy,24,2026-08-05,not_General
136517,Alajärven Sähkö Oy,12,2026-08-06,not_General
136523,Nurmijärven Sähkö Oy,24,2026-08-06,not_General
136526,Imatran Seudun Sähkö Oy,24,2026-08-06,not_exact_fixed_segment;not_FixedPrice
136533,Vaasan Sähkö Myynti Oy,24,2026-08-06,not_exact_fixed_segment;not_FixedPrice
136538,Kokkolan Energia Oy,24,2026-08-06,not_exact_fixed_segment;not_FixedPrice
136540,Koillis-Satakunnan Sähkö Oy,24,2026-08-06,not_General
136541,Omavoima Oy,24,2026-08-06,not_exact_fixed_segment;not_FixedPrice
136542,Oomi Oy,12,2026-08-06,not_exact_fixed_segment;not_FixedPrice
136546,Porvoon Energia Oy,24,2026-08-06,not_General
136547,Nurmijärven Sähkö Oy,12,2026-08-06,not_General
136550,Pohjois-Karjalan Sähkö Oy,24,2026-08-06,not_General
136551,Pohjois-Karjalan Sähkö Oy,6,2026-08-06,not_General
136554,Lammaisten Energia Oy,12,2026-08-06,not_exact_fixed_segment;not_FixedPrice;not_General
136560,Korpelan Energia Oy,24,2026-08-06,not_exact_fixed_segment;not_FixedPrice
136561,Koillis-Satakunnan Sähkö Oy,24,2026-08-06,not_General
136562,Nordic Green Energy,24,2026-08-06,not_exact_fixed_segment;not_FixedPrice
136566,Nordic Green Energy,12,2026-08-06,not_exact_fixed_segment;not_FixedPrice
136570,Vaasan Sähkö Myynti Oy,6,2026-08-06,not_General
136571,Lammaisten Energia Oy,24,2026-08-06,not_exact_fixed_segment;not_FixedPrice;not_General
136573,Kokkolan Energia Oy,6,2026-08-06,not_exact_fixed_segment;not_FixedPrice
136576,Lammaisten Energia Oy,24,2026-08-06,not_exact_fixed_segment;not_FixedPrice;not_General
136577,Äänekosken Energia Oy,6,2026-08-06,not_General
136581,Äänekosken Energia Oy,24,2026-08-06,not_General
136590,Vaasan Sähkö Myynti Oy,12,2026-08-06,not_exact_fixed_segment;not_FixedPrice
136595,Porvoon Energia Oy,24,2026-08-06,not_General
136597,Lammaisten Energia Oy,12,2026-08-06,not_exact_fixed_segment;not_FixedPrice;not_General
136601,Paneliankosken Voima Oy,12,2026-08-06,not_General
136602,Äänekosken Energia Oy,6,2026-08-06,not_General
136607,Imatran Seudun Sähkö Oy,12,2026-08-06,not_exact_fixed_segment;not_FixedPrice
136608,Porvoon Energia Oy,12,2026-08-06,not_General
136610,Pohjois-Karjalan Sähkö Oy,12,2026-08-06,not_General
136611,Äänekosken Energia Oy,12,2026-08-06,not_General
136613,Helen Oy,12,2026-08-06,not_exact_fixed_segment;not_FixedPrice
136614,Köyliön-Säkylän Sähkö Oy,12,2026-08-06,not_General
136621,Vaasan Sähkö Myynti Oy,6,2026-08-06,not_exact_fixed_segment;not_FixedPrice
136625,Lammaisten Energia Oy,12,2026-08-06,not_General
136629,Paneliankosken Voima Oy,12,2026-08-06,not_exact_fixed_segment;not_FixedPrice
136633,Vaasan Sähkö Myynti Oy,12,2026-08-06,not_General
136634,Porvoon Energia Oy,12,2026-08-06,not_General
136641,Koillis-Satakunnan Sähkö Oy,12,2026-08-06,not_General
136644,Kokkolan Energia Oy,12,2026-08-06,not_exact_fixed_segment;not_FixedPrice
136647,Koillis-Satakunnan Sähkö Oy,12,2026-08-06,not_General
136649,Nurmijärven Sähkö Oy,12,2026-08-06,not_General
136650,Alajärven Sähkö Oy,24,2026-08-06,not_General
136656,Hehku Energia Oy,12,2026-08-06,not_exact_fixed_segment;not_FixedPrice
136666,Korpelan Energia Oy,12,2026-08-06,not_exact_fixed_segment;not_FixedPrice
136672,Porvoon Energia Oy,24,2026-08-06,not_General
136675,Lammaisten Energia Oy,24,2026-08-06,not_exact_fixed_segment;not_FixedPrice
136679,Oomi Oy,24,2026-08-06,not_exact_fixed_segment;not_FixedPrice
136680,Keravan Energia Oy,24,2026-08-06,not_exact_fixed_segment;not_FixedPrice
136688,Lumme Energia,24,2026-08-06,not_exact_fixed_segment;not_FixedPrice
136690,Hehku Energia Oy,24,2026-08-06,not_exact_fixed_segment;not_FixedPrice
136692,Nordic Green Energy,12,2026-08-06,not_exact_fixed_segment;not_FixedPrice
136694,Lammaisten Energia Oy,12,2026-08-06,not_General
136701,Äänekosken Energia Oy,12,2026-08-06,not_General
136706,Lammaisten Energia Oy,24,2026-08-06,not_General
136707,Paneliankosken Voima Oy,24,2026-08-06,not_General
136713,Nurmijärven Sähkö Oy,24,2026-08-06,not_General
136719,Lumme Energia,12,2026-08-06,not_exact_fixed_segment;not_FixedPrice
136720,Lammaisten Energia Oy,12,2026-08-06,not_exact_fixed_segment;not_FixedPrice
136722,Omavoima Oy,12,2026-08-06,not_General
136728,Keravan Energia Oy,12,2026-08-06,not_exact_fixed_segment;not_FixedPrice
136731,Omavoima Oy,24,2026-08-06,not_General
136735,Koillis-Satakunnan Sähkö Oy,24,2026-08-06,not_exact_fixed_segment;not_FixedPrice
136737,Köyliön-Säkylän Sähkö Oy,12,2026-08-06,not_General
136741,Omavoima Oy,12,2026-08-06,not_General
136744,Koillis-Satakunnan Sähkö Oy,24,2026-08-06,not_exact_fixed_segment;not_FixedPrice
136745,Vaasan Sähkö Myynti Oy,24,2026-08-06,not_General
136747,Pohjois-Karjalan Sähkö Oy,6,2026-08-06,not_General
136752,Köyliön-Säkylän Sähkö Oy,24,2026-08-06,not_General
136757,Helen Oy,24,2026-08-06,not_exact_fixed_segment;not_FixedPrice
136759,Pohjois-Karjalan Sähkö Oy,24,2026-08-06,not_General
136762,Nordic Green Energy,24,2026-08-06,not_exact_fixed_segment;not_FixedPrice
136765,Lammaisten Energia Oy,24,2026-08-06,not_General
136774,Fortum Markets Oy,24,2026-08-06,not_exact_fixed_segment;not_FixedPrice
136775,Fortum Markets Oy,12,2026-08-06,not_exact_fixed_segment;not_FixedPrice
136777,Omavoima Oy,24,2026-08-06,not_General
136778,Pohjois-Karjalan Sähkö Oy,12,2026-08-06,not_General
136780,Imatran Seudun Sähkö Oy,6,2026-08-06,not_exact_fixed_segment;not_FixedPrice
136785,Keravan Energia Oy,12,2026-08-06,not_exact_fixed_segment;not_FixedPrice
136786,Köyliön-Säkylän Sähkö Oy,24,2026-08-06,not_General
136795,Keravan Energia Oy,12,2026-08-06,not_exact_fixed_segment;not_FixedPrice
136796,Keravan Energia Oy,24,2026-08-06,not_exact_fixed_segment;not_FixedPrice
136797,Äänekosken Energia Oy,24,2026-08-06,not_General
137078,Nurmijärven Sähkö Oy,24,2026-08-07,not_General
137080,Oomi Oy,24,2026-08-07,not_exact_fixed_segment;not_FixedPrice
137081,Imatran Seudun Sähkö Oy,24,2026-08-07,not_exact_fixed_segment;not_FixedPrice
137088,Vaasan Sähkö Myynti Oy,24,2026-08-07,not_exact_fixed_segment;not_FixedPrice
137093,Kokkolan Energia Oy,24,2026-08-07,not_exact_fixed_segment;not_FixedPrice
137095,Koillis-Satakunnan Sähkö Oy,24,2026-08-07,not_General
137096,Omavoima Oy,12,2026-08-07,not_General
137101,Porvoon Energia Oy,24,2026-08-07,not_General
137102,Nurmijärven Sähkö Oy,12,2026-08-07,not_General
137105,Pohjois-Karjalan Sähkö Oy,24,2026-08-07,not_General
137106,Pohjois-Karjalan Sähkö Oy,6,2026-08-07,not_General
137109,Lammaisten Energia Oy,12,2026-08-07,not_exact_fixed_segment;not_FixedPrice;not_General
137115,Korpelan Energia Oy,24,2026-08-07,not_exact_fixed_segment;not_FixedPrice
137116,Koillis-Satakunnan Sähkö Oy,24,2026-08-07,not_General
137117,Nordic Green Energy,24,2026-08-07,not_exact_fixed_segment;not_FixedPrice
137121,Nordic Green Energy,12,2026-08-07,not_exact_fixed_segment;not_FixedPrice
137125,Vaasan Sähkö Myynti Oy,6,2026-08-07,not_General
137126,Lammaisten Energia Oy,24,2026-08-07,not_exact_fixed_segment;not_FixedPrice;not_General
137128,Kokkolan Energia Oy,6,2026-08-07,not_exact_fixed_segment;not_FixedPrice
137131,Lammaisten Energia Oy,24,2026-08-07,not_exact_fixed_segment;not_FixedPrice;not_General
137132,Äänekosken Energia Oy,6,2026-08-07,not_General
137136,Äänekosken Energia Oy,24,2026-08-07,not_General
137145,Vaasan Sähkö Myynti Oy,12,2026-08-07,not_exact_fixed_segment;not_FixedPrice
137150,Porvoon Energia Oy,24,2026-08-07,not_General
137152,Lammaisten Energia Oy,12,2026-08-07,not_exact_fixed_segment;not_FixedPrice;not_General
137156,Paneliankosken Voima Oy,12,2026-08-07,not_General
137157,Äänekosken Energia Oy,6,2026-08-07,not_General
137162,Imatran Seudun Sähkö Oy,12,2026-08-07,not_exact_fixed_segment;not_FixedPrice
137163,Porvoon Energia Oy,12,2026-08-07,not_General
137165,Pohjois-Karjalan Sähkö Oy,12,2026-08-07,not_General
137166,Äänekosken Energia Oy,12,2026-08-07,not_General
137168,Helen Oy,12,2026-08-07,not_exact_fixed_segment;not_FixedPrice
137169,Köyliön-Säkylän Sähkö Oy,12,2026-08-07,not_General
137177,Vaasan Sähkö Myynti Oy,6,2026-08-07,not_exact_fixed_segment;not_FixedPrice
137181,Lammaisten Energia Oy,12,2026-08-07,not_General
137185,Paneliankosken Voima Oy,12,2026-08-07,not_exact_fixed_segment;not_FixedPrice
137188,Vaasan Sähkö Myynti Oy,12,2026-08-07,not_General
137190,Porvoon Energia Oy,12,2026-08-07,not_General
137197,Koillis-Satakunnan Sähkö Oy,12,2026-08-07,not_General
137200,Kokkolan Energia Oy,12,2026-08-07,not_exact_fixed_segment;not_FixedPrice
137203,Koillis-Satakunnan Sähkö Oy,12,2026-08-07,not_General
137205,Nurmijärven Sähkö Oy,12,2026-08-07,not_General
137212,Hehku Energia Oy,12,2026-08-07,not_exact_fixed_segment;not_FixedPrice
137215,Oomi Oy,12,2026-08-07,not_exact_fixed_segment;not_FixedPrice
137221,Korpelan Energia Oy,12,2026-08-07,not_exact_fixed_segment;not_FixedPrice
137226,Porvoon Energia Oy,24,2026-08-07,not_General
137229,Lammaisten Energia Oy,24,2026-08-07,not_exact_fixed_segment;not_FixedPrice
137233,Alajärven Sähkö Oy,12,2026-08-07,not_General
137235,Keravan Energia Oy,24,2026-08-07,not_exact_fixed_segment;not_FixedPrice
137242,Lumme Energia,24,2026-08-07,not_exact_fixed_segment;not_FixedPrice
137244,Hehku Energia Oy,24,2026-08-07,not_exact_fixed_segment;not_FixedPrice
137246,Nordic Green Energy,12,2026-08-07,not_exact_fixed_segment;not_FixedPrice
137248,Lammaisten Energia Oy,12,2026-08-07,not_General
137253,Äänekosken Energia Oy,12,2026-08-07,not_General
137258,Lammaisten Energia Oy,24,2026-08-07,not_General
137259,Paneliankosken Voima Oy,24,2026-08-07,not_General
137265,Nurmijärven Sähkö Oy,24,2026-08-07,not_General
137269,Lumme Energia,12,2026-08-07,not_exact_fixed_segment;not_FixedPrice
137270,Lammaisten Energia Oy,12,2026-08-07,not_exact_fixed_segment;not_FixedPrice
137277,Keravan Energia Oy,12,2026-08-07,not_exact_fixed_segment;not_FixedPrice
137281,Omavoima Oy,24,2026-08-07,not_General
137285,Koillis-Satakunnan Sähkö Oy,24,2026-08-07,not_exact_fixed_segment;not_FixedPrice
137287,Omavoima Oy,24,2026-08-07,not_exact_fixed_segment;not_FixedPrice
137288,Köyliön-Säkylän Sähkö Oy,12,2026-08-07,not_General
137293,Koillis-Satakunnan Sähkö Oy,24,2026-08-07,not_exact_fixed_segment;not_FixedPrice
137294,Vaasan Sähkö Myynti Oy,24,2026-08-07,not_General
137295,Pohjois-Karjalan Sähkö Oy,6,2026-08-07,not_General
137301,Köyliön-Säkylän Sähkö Oy,24,2026-08-07,not_General
137306,Helen Oy,24,2026-08-07,not_exact_fixed_segment;not_FixedPrice
137307,Pohjois-Karjalan Sähkö Oy,24,2026-08-07,not_General
137310,Nordic Green Energy,24,2026-08-07,not_exact_fixed_segment;not_FixedPrice
137313,Lammaisten Energia Oy,24,2026-08-07,not_General
137321,Fortum Markets Oy,24,2026-08-07,not_exact_fixed_segment;not_FixedPrice
137322,Fortum Markets Oy,12,2026-08-07,not_exact_fixed_segment;not_FixedPrice
137324,Omavoima Oy,24,2026-08-07,not_General
137325,Pohjois-Karjalan Sähkö Oy,12,2026-08-07,not_General
137327,Imatran Seudun Sähkö Oy,6,2026-08-07,not_exact_fixed_segment;not_FixedPrice
137332,Omavoima Oy,12,2026-08-07,not_General
137333,Keravan Energia Oy,12,2026-08-07,not_exact_fixed_segment;not_FixedPrice
137334,Alajärven Sähkö Oy,24,2026-08-07,not_General
137335,Köyliön-Säkylän Sähkö Oy,24,2026-08-07,not_General
137342,Keravan Energia Oy,12,2026-08-07,not_exact_fixed_segment;not_FixedPrice
137343,Keravan Energia Oy,24,2026-08-07,not_exact_fixed_segment;not_FixedPrice
137344,Äänekosken Energia Oy,24,2026-08-07,not_General
137625,Kokkolan Energia Oy,6,2026-08-08,not_exact_fixed_segment;not_FixedPrice
137631,Nurmijärven Sähkö Oy,24,2026-08-08,not_General
137633,Oomi Oy,24,2026-08-08,not_exact_fixed_segment;not_FixedPrice
137634,Imatran Seudun Sähkö Oy,24,2026-08-08,not_exact_fixed_segment;not_FixedPrice
137638,Pohjois-Karjalan Sähkö Oy,6,2026-08-08,not_General
137642,Vaasan Sähkö Myynti Oy,24,2026-08-08,not_exact_fixed_segment;not_FixedPrice
137647,Kokkolan Energia Oy,24,2026-08-08,not_exact_fixed_segment;not_FixedPrice
137648,Lumme Energia,12,2026-08-08,not_exact_fixed_segment;not_FixedPrice
137650,Koillis-Satakunnan Sähkö Oy,24,2026-08-08,not_General
137651,Omavoima Oy,12,2026-08-08,not_General
137656,Porvoon Energia Oy,24,2026-08-08,not_General
137657,Nurmijärven Sähkö Oy,12,2026-08-08,not_General
137660,Pohjois-Karjalan Sähkö Oy,24,2026-08-08,not_General
137663,Lammaisten Energia Oy,12,2026-08-08,not_exact_fixed_segment;not_FixedPrice;not_General
137669,Korpelan Energia Oy,24,2026-08-08,not_exact_fixed_segment;not_FixedPrice
137670,Koillis-Satakunnan Sähkö Oy,24,2026-08-08,not_General
137671,Nordic Green Energy,24,2026-08-08,not_exact_fixed_segment;not_FixedPrice
137676,Nordic Green Energy,12,2026-08-08,not_exact_fixed_segment;not_FixedPrice
137680,Vaasan Sähkö Myynti Oy,6,2026-08-08,not_General
137681,Lammaisten Energia Oy,24,2026-08-08,not_exact_fixed_segment;not_FixedPrice;not_General
137685,Lammaisten Energia Oy,24,2026-08-08,not_exact_fixed_segment;not_FixedPrice;not_General
137686,Äänekosken Energia Oy,6,2026-08-08,not_General
137690,Äänekosken Energia Oy,24,2026-08-08,not_General
137699,Vaasan Sähkö Myynti Oy,12,2026-08-08,not_exact_fixed_segment;not_FixedPrice
137704,Porvoon Energia Oy,24,2026-08-08,not_General
137706,Lammaisten Energia Oy,12,2026-08-08,not_exact_fixed_segment;not_FixedPrice;not_General
137710,Paneliankosken Voima Oy,12,2026-08-08,not_General
137711,Äänekosken Energia Oy,6,2026-08-08,not_General
137715,Imatran Seudun Sähkö Oy,12,2026-08-08,not_exact_fixed_segment;not_FixedPrice
137716,Porvoon Energia Oy,12,2026-08-08,not_General
137718,Pohjois-Karjalan Sähkö Oy,12,2026-08-08,not_General
137719,Äänekosken Energia Oy,12,2026-08-08,not_General
137721,Helen Oy,12,2026-08-08,not_exact_fixed_segment;not_FixedPrice
137729,Vaasan Sähkö Myynti Oy,6,2026-08-08,not_exact_fixed_segment;not_FixedPrice
137733,Lammaisten Energia Oy,12,2026-08-08,not_General
137737,Paneliankosken Voima Oy,12,2026-08-08,not_exact_fixed_segment;not_FixedPrice
137740,Vaasan Sähkö Myynti Oy,12,2026-08-08,not_General
137742,Porvoon Energia Oy,12,2026-08-08,not_General
137743,Köyliön-Säkylän Sähkö Oy,24,2026-08-08,not_General
137751,Koillis-Satakunnan Sähkö Oy,12,2026-08-08,not_General
137754,Kokkolan Energia Oy,12,2026-08-08,not_exact_fixed_segment;not_FixedPrice
137756,Koillis-Satakunnan Sähkö Oy,12,2026-08-08,not_General
137758,Nurmijärven Sähkö Oy,12,2026-08-08,not_General
137765,Hehku Energia Oy,12,2026-08-08,not_exact_fixed_segment;not_FixedPrice
137766,Pohjois-Karjalan Sähkö Oy,6,2026-08-08,not_General
137768,Oomi Oy,12,2026-08-08,not_exact_fixed_segment;not_FixedPrice
137774,Korpelan Energia Oy,12,2026-08-08,not_exact_fixed_segment;not_FixedPrice
137779,Porvoon Energia Oy,24,2026-08-08,not_General
137782,Lammaisten Energia Oy,24,2026-08-08,not_exact_fixed_segment;not_FixedPrice
137786,Alajärven Sähkö Oy,12,2026-08-08,not_General
137788,Keravan Energia Oy,24,2026-08-08,not_exact_fixed_segment;not_FixedPrice
137796,Hehku Energia Oy,24,2026-08-08,not_exact_fixed_segment;not_FixedPrice
137798,Nordic Green Energy,12,2026-08-08,not_exact_fixed_segment;not_FixedPrice
137801,Lammaisten Energia Oy,12,2026-08-08,not_General
137806,Äänekosken Energia Oy,12,2026-08-08,not_General
137811,Lammaisten Energia Oy,24,2026-08-08,not_General
137812,Paneliankosken Voima Oy,24,2026-08-08,not_General
137818,Nurmijärven Sähkö Oy,24,2026-08-08,not_General
137819,Köyliön-Säkylän Sähkö Oy,24,2026-08-08,not_General
137822,Lammaisten Energia Oy,12,2026-08-08,not_exact_fixed_segment;not_FixedPrice
137829,Keravan Energia Oy,12,2026-08-08,not_exact_fixed_segment;not_FixedPrice
137833,Omavoima Oy,24,2026-08-08,not_General
137835,Köyliön-Säkylän Sähkö Oy,12,2026-08-08,not_General
137838,Koillis-Satakunnan Sähkö Oy,24,2026-08-08,not_exact_fixed_segment;not_FixedPrice
137840,Omavoima Oy,24,2026-08-08,not_exact_fixed_segment;not_FixedPrice
137846,Koillis-Satakunnan Sähkö Oy,24,2026-08-08,not_exact_fixed_segment;not_FixedPrice
137847,Vaasan Sähkö Myynti Oy,24,2026-08-08,not_General
137853,Lumme Energia,24,2026-08-08,not_exact_fixed_segment;not_FixedPrice
137858,Helen Oy,24,2026-08-08,not_exact_fixed_segment;not_FixedPrice
137859,Pohjois-Karjalan Sähkö Oy,24,2026-08-08,not_General
137862,Nordic Green Energy,24,2026-08-08,not_exact_fixed_segment;not_FixedPrice
137866,Lammaisten Energia Oy,24,2026-08-08,not_General
137874,Fortum Markets Oy,24,2026-08-08,not_exact_fixed_segment;not_FixedPrice
137875,Fortum Markets Oy,12,2026-08-08,not_exact_fixed_segment;not_FixedPrice
137877,Omavoima Oy,24,2026-08-08,not_General
137878,Pohjois-Karjalan Sähkö Oy,12,2026-08-08,not_General
137880,Imatran Seudun Sähkö Oy,6,2026-08-08,not_exact_fixed_segment;not_FixedPrice
137884,Omavoima Oy,12,2026-08-08,not_General
137885,Keravan Energia Oy,12,2026-08-08,not_exact_fixed_segment;not_FixedPrice
137886,Alajärven Sähkö Oy,24,2026-08-08,not_General
137887,Köyliön-Säkylän Sähkö Oy,12,2026-08-08,not_General
137894,Keravan Energia Oy,12,2026-08-08,not_exact_fixed_segment;not_FixedPrice
137895,Keravan Energia Oy,24,2026-08-08,not_exact_fixed_segment;not_FixedPrice
137896,Äänekosken Energia Oy,24,2026-08-08,not_General
138477,Kokkolan Energia Oy,6,2026-08-09,not_exact_fixed_segment;not_FixedPrice
138483,Nurmijärven Sähkö Oy,24,2026-08-09,not_General
138485,Oomi Oy,24,2026-08-09,not_exact_fixed_segment;not_FixedPrice
138486,Imatran Seudun Sähkö Oy,24,2026-08-09,not_exact_fixed_segment;not_FixedPrice
138490,Pohjois-Karjalan Sähkö Oy,6,2026-08-09,not_General
138494,Vaasan Sähkö Myynti Oy,24,2026-08-09,not_exact_fixed_segment;not_FixedPrice
138499,Kokkolan Energia Oy,24,2026-08-09,not_exact_fixed_segment;not_FixedPrice
138500,Lumme Energia,12,2026-08-09,not_exact_fixed_segment;not_FixedPrice
138502,Koillis-Satakunnan Sähkö Oy,24,2026-08-09,not_General
138503,Omavoima Oy,12,2026-08-09,not_General
138508,Porvoon Energia Oy,24,2026-08-09,not_General
138509,Nurmijärven Sähkö Oy,12,2026-08-09,not_General
138512,Pohjois-Karjalan Sähkö Oy,24,2026-08-09,not_General
138515,Lammaisten Energia Oy,12,2026-08-09,not_exact_fixed_segment;not_FixedPrice;not_General
138521,Korpelan Energia Oy,24,2026-08-09,not_exact_fixed_segment;not_FixedPrice
138522,Koillis-Satakunnan Sähkö Oy,24,2026-08-09,not_General
138523,Nordic Green Energy,24,2026-08-09,not_exact_fixed_segment;not_FixedPrice
138528,Nordic Green Energy,12,2026-08-09,not_exact_fixed_segment;not_FixedPrice
138532,Vaasan Sähkö Myynti Oy,6,2026-08-09,not_General
138533,Lammaisten Energia Oy,24,2026-08-09,not_exact_fixed_segment;not_FixedPrice;not_General
138537,Lammaisten Energia Oy,24,2026-08-09,not_exact_fixed_segment;not_FixedPrice;not_General
138538,Äänekosken Energia Oy,6,2026-08-09,not_General
138542,Äänekosken Energia Oy,24,2026-08-09,not_General
138551,Vaasan Sähkö Myynti Oy,12,2026-08-09,not_exact_fixed_segment;not_FixedPrice
138556,Porvoon Energia Oy,24,2026-08-09,not_General
138558,Lammaisten Energia Oy,12,2026-08-09,not_exact_fixed_segment;not_FixedPrice;not_General
138562,Paneliankosken Voima Oy,12,2026-08-09,not_General
138563,Äänekosken Energia Oy,6,2026-08-09,not_General
138567,Imatran Seudun Sähkö Oy,12,2026-08-09,not_exact_fixed_segment;not_FixedPrice
138568,Porvoon Energia Oy,12,2026-08-09,not_General
138570,Pohjois-Karjalan Sähkö Oy,12,2026-08-09,not_General
138571,Äänekosken Energia Oy,12,2026-08-09,not_General
138573,Helen Oy,12,2026-08-09,not_exact_fixed_segment;not_FixedPrice
138581,Vaasan Sähkö Myynti Oy,6,2026-08-09,not_exact_fixed_segment;not_FixedPrice
138585,Lammaisten Energia Oy,12,2026-08-09,not_General
138589,Paneliankosken Voima Oy,12,2026-08-09,not_exact_fixed_segment;not_FixedPrice
138592,Vaasan Sähkö Myynti Oy,12,2026-08-09,not_General
138594,Porvoon Energia Oy,12,2026-08-09,not_General
138595,Köyliön-Säkylän Sähkö Oy,24,2026-08-09,not_General
138603,Koillis-Satakunnan Sähkö Oy,12,2026-08-09,not_General
138606,Kokkolan Energia Oy,12,2026-08-09,not_exact_fixed_segment;not_FixedPrice
138608,Koillis-Satakunnan Sähkö Oy,12,2026-08-09,not_General
138610,Nurmijärven Sähkö Oy,12,2026-08-09,not_General
138617,Hehku Energia Oy,12,2026-08-09,not_exact_fixed_segment;not_FixedPrice
138618,Pohjois-Karjalan Sähkö Oy,6,2026-08-09,not_General
138620,Oomi Oy,12,2026-08-09,not_exact_fixed_segment;not_FixedPrice
138626,Korpelan Energia Oy,12,2026-08-09,not_exact_fixed_segment;not_FixedPrice
138631,Porvoon Energia Oy,24,2026-08-09,not_General
138634,Lammaisten Energia Oy,24,2026-08-09,not_exact_fixed_segment;not_FixedPrice
138638,Alajärven Sähkö Oy,12,2026-08-09,not_General
138640,Keravan Energia Oy,24,2026-08-09,not_exact_fixed_segment;not_FixedPrice
138648,Hehku Energia Oy,24,2026-08-09,not_exact_fixed_segment;not_FixedPrice
138650,Nordic Green Energy,12,2026-08-09,not_exact_fixed_segment;not_FixedPrice
138653,Lammaisten Energia Oy,12,2026-08-09,not_General
138658,Äänekosken Energia Oy,12,2026-08-09,not_General
138663,Lammaisten Energia Oy,24,2026-08-09,not_General
138664,Paneliankosken Voima Oy,24,2026-08-09,not_General
138670,Nurmijärven Sähkö Oy,24,2026-08-09,not_General
138671,Köyliön-Säkylän Sähkö Oy,24,2026-08-09,not_General
138674,Lammaisten Energia Oy,12,2026-08-09,not_exact_fixed_segment;not_FixedPrice
138681,Keravan Energia Oy,12,2026-08-09,not_exact_fixed_segment;not_FixedPrice
138685,Omavoima Oy,24,2026-08-09,not_General
138687,Köyliön-Säkylän Sähkö Oy,12,2026-08-09,not_General
138690,Koillis-Satakunnan Sähkö Oy,24,2026-08-09,not_exact_fixed_segment;not_FixedPrice
138692,Omavoima Oy,24,2026-08-09,not_exact_fixed_segment;not_FixedPrice
138698,Koillis-Satakunnan Sähkö Oy,24,2026-08-09,not_exact_fixed_segment;not_FixedPrice
138699,Vaasan Sähkö Myynti Oy,24,2026-08-09,not_General
138705,Lumme Energia,24,2026-08-09,not_exact_fixed_segment;not_FixedPrice
138710,Helen Oy,24,2026-08-09,not_exact_fixed_segment;not_FixedPrice
138711,Pohjois-Karjalan Sähkö Oy,24,2026-08-09,not_General
138714,Nordic Green Energy,24,2026-08-09,not_exact_fixed_segment;not_FixedPrice
138718,Lammaisten Energia Oy,24,2026-08-09,not_General
138726,Fortum Markets Oy,24,2026-08-09,not_exact_fixed_segment;not_FixedPrice
138727,Fortum Markets Oy,12,2026-08-09,not_exact_fixed_segment;not_FixedPrice
138729,Omavoima Oy,24,2026-08-09,not_General
138730,Pohjois-Karjalan Sähkö Oy,12,2026-08-09,not_General
138732,Imatran Seudun Sähkö Oy,6,2026-08-09,not_exact_fixed_segment;not_FixedPrice
138736,Omavoima Oy,12,2026-08-09,not_General
138737,Keravan Energia Oy,12,2026-08-09,not_exact_fixed_segment;not_FixedPrice
138738,Alajärven Sähkö Oy,24,2026-08-09,not_General
138739,Köyliön-Säkylän Sähkö Oy,12,2026-08-09,not_General
138746,Keravan Energia Oy,12,2026-08-09,not_exact_fixed_segment;not_FixedPrice
138747,Keravan Energia Oy,24,2026-08-09,not_exact_fixed_segment;not_FixedPrice
138748,Äänekosken Energia Oy,24,2026-08-09,not_General
139044,Kokkolan Energia Oy,6,2026-08-10,not_exact_fixed_segment;not_FixedPrice
139050,Nurmijärven Sähkö Oy,24,2026-08-10,not_General
139052,Oomi Oy,24,2026-08-10,not_exact_fixed_segment;not_FixedPrice
139053,Imatran Seudun Sähkö Oy,24,2026-08-10,not_exact_fixed_segment;not_FixedPrice
139057,Pohjois-Karjalan Sähkö Oy,6,2026-08-10,not_General
139061,Vaasan Sähkö Myynti Oy,24,2026-08-10,not_exact_fixed_segment;not_FixedPrice
139066,Kokkolan Energia Oy,24,2026-08-10,not_exact_fixed_segment;not_FixedPrice
139067,Lumme Energia,12,2026-08-10,not_exact_fixed_segment;not_FixedPrice
139069,Koillis-Satakunnan Sähkö Oy,24,2026-08-10,not_General
139070,Omavoima Oy,12,2026-08-10,not_General
139075,Porvoon Energia Oy,24,2026-08-10,not_General
139076,Nurmijärven Sähkö Oy,12,2026-08-10,not_General
139079,Pohjois-Karjalan Sähkö Oy,24,2026-08-10,not_General
139081,Fortum Markets Oy,24,2026-08-10,not_exact_fixed_segment;not_FixedPrice
139083,Lammaisten Energia Oy,12,2026-08-10,not_exact_fixed_segment;not_FixedPrice;not_General
139089,Korpelan Energia Oy,24,2026-08-10,not_exact_fixed_segment;not_FixedPrice
139090,Koillis-Satakunnan Sähkö Oy,24,2026-08-10,not_General
139091,Nordic Green Energy,24,2026-08-10,not_exact_fixed_segment;not_FixedPrice
139096,Nordic Green Energy,12,2026-08-10,not_exact_fixed_segment;not_FixedPrice
139100,Vaasan Sähkö Myynti Oy,6,2026-08-10,not_General
139101,Lammaisten Energia Oy,24,2026-08-10,not_exact_fixed_segment;not_FixedPrice;not_General
139105,Lammaisten Energia Oy,24,2026-08-10,not_exact_fixed_segment;not_FixedPrice;not_General
139106,Äänekosken Energia Oy,6,2026-08-10,not_General
139110,Äänekosken Energia Oy,24,2026-08-10,not_General
139119,Vaasan Sähkö Myynti Oy,12,2026-08-10,not_exact_fixed_segment;not_FixedPrice
139124,Porvoon Energia Oy,24,2026-08-10,not_General
139126,Lammaisten Energia Oy,12,2026-08-10,not_exact_fixed_segment;not_FixedPrice;not_General
139130,Paneliankosken Voima Oy,12,2026-08-10,not_General
139131,Äänekosken Energia Oy,6,2026-08-10,not_General
139135,Imatran Seudun Sähkö Oy,12,2026-08-10,not_exact_fixed_segment;not_FixedPrice
139136,Porvoon Energia Oy,12,2026-08-10,not_General
139138,Pohjois-Karjalan Sähkö Oy,12,2026-08-10,not_General
139139,Äänekosken Energia Oy,12,2026-08-10,not_General
139141,Helen Oy,12,2026-08-10,not_exact_fixed_segment;not_FixedPrice
139149,Vaasan Sähkö Myynti Oy,6,2026-08-10,not_exact_fixed_segment;not_FixedPrice
139153,Lammaisten Energia Oy,12,2026-08-10,not_General
139157,Paneliankosken Voima Oy,12,2026-08-10,not_exact_fixed_segment;not_FixedPrice
139160,Vaasan Sähkö Myynti Oy,12,2026-08-10,not_General
139162,Porvoon Energia Oy,12,2026-08-10,not_General
139163,Köyliön-Säkylän Sähkö Oy,24,2026-08-10,not_General
139171,Koillis-Satakunnan Sähkö Oy,12,2026-08-10,not_General
139174,Kokkolan Energia Oy,12,2026-08-10,not_exact_fixed_segment;not_FixedPrice
139176,Koillis-Satakunnan Sähkö Oy,12,2026-08-10,not_General
139178,Nurmijärven Sähkö Oy,12,2026-08-10,not_General
139185,Hehku Energia Oy,12,2026-08-10,not_exact_fixed_segment;not_FixedPrice
139186,Pohjois-Karjalan Sähkö Oy,6,2026-08-10,not_General
139188,Oomi Oy,12,2026-08-10,not_exact_fixed_segment;not_FixedPrice
139194,Korpelan Energia Oy,12,2026-08-10,not_exact_fixed_segment;not_FixedPrice
139199,Porvoon Energia Oy,24,2026-08-10,not_General
139202,Lammaisten Energia Oy,24,2026-08-10,not_exact_fixed_segment;not_FixedPrice
139206,Alajärven Sähkö Oy,12,2026-08-10,not_General
139208,Keravan Energia Oy,24,2026-08-10,not_exact_fixed_segment;not_FixedPrice
139216,Hehku Energia Oy,24,2026-08-10,not_exact_fixed_segment;not_FixedPrice
139218,Nordic Green Energy,12,2026-08-10,not_exact_fixed_segment;not_FixedPrice
139221,Lammaisten Energia Oy,12,2026-08-10,not_General
139226,Äänekosken Energia Oy,12,2026-08-10,not_General
139231,Lammaisten Energia Oy,24,2026-08-10,not_General
139232,Paneliankosken Voima Oy,24,2026-08-10,not_General
139238,Nurmijärven Sähkö Oy,24,2026-08-10,not_General
139239,Köyliön-Säkylän Sähkö Oy,24,2026-08-10,not_General
139242,Lammaisten Energia Oy,12,2026-08-10,not_exact_fixed_segment;not_FixedPrice
139249,Keravan Energia Oy,12,2026-08-10,not_exact_fixed_segment;not_FixedPrice
139253,Omavoima Oy,24,2026-08-10,not_General
139255,Köyliön-Säkylän Sähkö Oy,12,2026-08-10,not_General
139258,Koillis-Satakunnan Sähkö Oy,24,2026-08-10,not_exact_fixed_segment;not_FixedPrice
139260,Omavoima Oy,24,2026-08-10,not_exact_fixed_segment;not_FixedPrice
139266,Koillis-Satakunnan Sähkö Oy,24,2026-08-10,not_exact_fixed_segment;not_FixedPrice
139267,Vaasan Sähkö Myynti Oy,24,2026-08-10,not_General
139273,Lumme Energia,24,2026-08-10,not_exact_fixed_segment;not_FixedPrice
139278,Helen Oy,24,2026-08-10,not_exact_fixed_segment;not_FixedPrice
139279,Pohjois-Karjalan Sähkö Oy,24,2026-08-10,not_General
139282,Nordic Green Energy,24,2026-08-10,not_exact_fixed_segment;not_FixedPrice
139286,Lammaisten Energia Oy,24,2026-08-10,not_General
139294,Fortum Markets Oy,12,2026-08-10,not_exact_fixed_segment;not_FixedPrice
139296,Omavoima Oy,24,2026-08-10,not_General
139297,Pohjois-Karjalan Sähkö Oy,12,2026-08-10,not_General
139299,Imatran Seudun Sähkö Oy,6,2026-08-10,not_exact_fixed_segment;not_FixedPrice
139303,Omavoima Oy,12,2026-08-10,not_General
139304,Keravan Energia Oy,12,2026-08-10,not_exact_fixed_segment;not_FixedPrice
139305,Alajärven Sähkö Oy,24,2026-08-10,not_General
139306,Köyliön-Säkylän Sähkö Oy,12,2026-08-10,not_General
139313,Keravan Energia Oy,12,2026-08-10,not_exact_fixed_segment;not_FixedPrice
139314,Keravan Energia Oy,24,2026-08-10,not_exact_fixed_segment;not_FixedPrice
139315,Äänekosken Energia Oy,24,2026-08-10,not_General
139594,Äänekosken Energia Oy,6,2026-08-11,not_General
139600,Nurmijärven Sähkö Oy,24,2026-08-11,not_General
139602,Oomi Oy,24,2026-08-11,not_exact_fixed_segment;not_FixedPrice
139603,Imatran Seudun Sähkö Oy,24,2026-08-11,not_exact_fixed_segment;not_FixedPrice
139608,Pohjois-Karjalan Sähkö Oy,6,2026-08-11,not_General
139611,Vaasan Sähkö Myynti Oy,24,2026-08-11,not_exact_fixed_segment;not_FixedPrice
139615,Kokkolan Energia Oy,24,2026-08-11,not_exact_fixed_segment;not_FixedPrice
139616,Lumme Energia,12,2026-08-11,not_exact_fixed_segment;not_FixedPrice
139617,Äänekosken Energia Oy,6,2026-08-11,not_General
139619,Koillis-Satakunnan Sähkö Oy,24,2026-08-11,not_General
139620,Omavoima Oy,12,2026-08-11,not_General
139625,Porvoon Energia Oy,24,2026-08-11,not_General
139626,Nurmijärven Sähkö Oy,12,2026-08-11,not_General
139628,Helen Oy,12,2026-08-11,not_exact_fixed_segment;not_FixedPrice
139630,Pohjois-Karjalan Sähkö Oy,24,2026-08-11,not_General
139632,Kokkolan Energia Oy,6,2026-08-11,not_exact_fixed_segment;not_FixedPrice
139633,Fortum Markets Oy,24,2026-08-11,not_exact_fixed_segment;not_FixedPrice
139634,Äänekosken Energia Oy,24,2026-08-11,not_General
139636,Lammaisten Energia Oy,12,2026-08-11,not_exact_fixed_segment;not_FixedPrice;not_General
139642,Korpelan Energia Oy,24,2026-08-11,not_exact_fixed_segment;not_FixedPrice
139643,Koillis-Satakunnan Sähkö Oy,24,2026-08-11,not_General
139644,Nordic Green Energy,24,2026-08-11,not_exact_fixed_segment;not_FixedPrice
139650,Nordic Green Energy,12,2026-08-11,not_exact_fixed_segment;not_FixedPrice
139654,Vaasan Sähkö Myynti Oy,6,2026-08-11,not_General
139655,Lammaisten Energia Oy,24,2026-08-11,not_exact_fixed_segment;not_FixedPrice;not_General
139659,Lammaisten Energia Oy,24,2026-08-11,not_exact_fixed_segment;not_FixedPrice;not_General
139670,Vaasan Sähkö Myynti Oy,12,2026-08-11,not_exact_fixed_segment;not_FixedPrice
139675,Porvoon Energia Oy,24,2026-08-11,not_General
139677,Lammaisten Energia Oy,12,2026-08-11,not_exact_fixed_segment;not_FixedPrice;not_General
139681,Paneliankosken Voima Oy,12,2026-08-11,not_General
139685,Imatran Seudun Sähkö Oy,12,2026-08-11,not_exact_fixed_segment;not_FixedPrice
139686,Porvoon Energia Oy,12,2026-08-11,not_General
139688,Pohjois-Karjalan Sähkö Oy,12,2026-08-11,not_General
139689,Äänekosken Energia Oy,12,2026-08-11,not_General
139698,Vaasan Sähkö Myynti Oy,6,2026-08-11,not_exact_fixed_segment;not_FixedPrice
139702,Lammaisten Energia Oy,12,2026-08-11,not_General
139706,Paneliankosken Voima Oy,12,2026-08-11,not_exact_fixed_segment;not_FixedPrice
139709,Vaasan Sähkö Myynti Oy,12,2026-08-11,not_General
139711,Porvoon Energia Oy,12,2026-08-11,not_General
139712,Köyliön-Säkylän Sähkö Oy,24,2026-08-11,not_General
139720,Koillis-Satakunnan Sähkö Oy,12,2026-08-11,not_General
139724,Koillis-Satakunnan Sähkö Oy,12,2026-08-11,not_General
139726,Nurmijärven Sähkö Oy,12,2026-08-11,not_General
139733,Hehku Energia Oy,12,2026-08-11,not_exact_fixed_segment;not_FixedPrice
139734,Pohjois-Karjalan Sähkö Oy,6,2026-08-11,not_General
139736,Oomi Oy,12,2026-08-11,not_exact_fixed_segment;not_FixedPrice
139742,Korpelan Energia Oy,12,2026-08-11,not_exact_fixed_segment;not_FixedPrice
139746,Porvoon Energia Oy,24,2026-08-11,not_General
139749,Lammaisten Energia Oy,24,2026-08-11,not_exact_fixed_segment;not_FixedPrice
139753,Alajärven Sähkö Oy,12,2026-08-11,not_General
139755,Keravan Energia Oy,24,2026-08-11,not_exact_fixed_segment;not_FixedPrice
139763,Hehku Energia Oy,24,2026-08-11,not_exact_fixed_segment;not_FixedPrice
139765,Nordic Green Energy,12,2026-08-11,not_exact_fixed_segment;not_FixedPrice
139769,Lammaisten Energia Oy,12,2026-08-11,not_General
139772,Äänekosken Energia Oy,24,2026-08-11,not_General
139775,Äänekosken Energia Oy,12,2026-08-11,not_General
139780,Lammaisten Energia Oy,24,2026-08-11,not_General
139781,Paneliankosken Voima Oy,24,2026-08-11,not_General
139788,Nurmijärven Sähkö Oy,24,2026-08-11,not_General
139789,Köyliön-Säkylän Sähkö Oy,24,2026-08-11,not_General
139792,Lammaisten Energia Oy,12,2026-08-11,not_exact_fixed_segment;not_FixedPrice
139798,Keravan Energia Oy,12,2026-08-11,not_exact_fixed_segment;not_FixedPrice
139802,Omavoima Oy,24,2026-08-11,not_General
139804,Köyliön-Säkylän Sähkö Oy,12,2026-08-11,not_General
139807,Koillis-Satakunnan Sähkö Oy,24,2026-08-11,not_exact_fixed_segment;not_FixedPrice
139809,Omavoima Oy,24,2026-08-11,not_exact_fixed_segment;not_FixedPrice
139815,Koillis-Satakunnan Sähkö Oy,24,2026-08-11,not_exact_fixed_segment;not_FixedPrice
139816,Vaasan Sähkö Myynti Oy,24,2026-08-11,not_General
139822,Lumme Energia,24,2026-08-11,not_exact_fixed_segment;not_FixedPrice
139823,Helen Oy,24,2026-08-11,not_exact_fixed_segment;not_FixedPrice
139829,Pohjois-Karjalan Sähkö Oy,24,2026-08-11,not_General
139831,Kokkolan Energia Oy,12,2026-08-11,not_exact_fixed_segment;not_FixedPrice
139833,Nordic Green Energy,24,2026-08-11,not_exact_fixed_segment;not_FixedPrice
139837,Lammaisten Energia Oy,24,2026-08-11,not_General
139844,Fortum Markets Oy,12,2026-08-11,not_exact_fixed_segment;not_FixedPrice
139846,Omavoima Oy,24,2026-08-11,not_General
139847,Pohjois-Karjalan Sähkö Oy,12,2026-08-11,not_General
139849,Imatran Seudun Sähkö Oy,6,2026-08-11,not_exact_fixed_segment;not_FixedPrice
139853,Omavoima Oy,12,2026-08-11,not_General
139854,Keravan Energia Oy,12,2026-08-11,not_exact_fixed_segment;not_FixedPrice
139855,Alajärven Sähkö Oy,24,2026-08-11,not_General
139856,Köyliön-Säkylän Sähkö Oy,12,2026-08-11,not_General
139863,Keravan Energia Oy,12,2026-08-11,not_exact_fixed_segment;not_FixedPrice
139865,Keravan Energia Oy,24,2026-08-11,not_exact_fixed_segment;not_FixedPrice
140145,Äänekosken Energia Oy,6,2026-08-12,not_General
140151,Nurmijärven Sähkö Oy,24,2026-08-12,not_General
140153,Oomi Oy,24,2026-08-12,not_exact_fixed_segment;not_FixedPrice
140159,Pohjois-Karjalan Sähkö Oy,6,2026-08-12,not_General
140162,Vaasan Sähkö Myynti Oy,24,2026-08-12,not_exact_fixed_segment;not_FixedPrice
140166,Kokkolan Energia Oy,24,2026-08-12,not_exact_fixed_segment;not_FixedPrice
140167,Lumme Energia,12,2026-08-12,not_exact_fixed_segment;not_FixedPrice
140168,Äänekosken Energia Oy,6,2026-08-12,not_General
140170,Koillis-Satakunnan Sähkö Oy,24,2026-08-12,not_General
140171,Omavoima Oy,12,2026-08-12,not_General
140176,Porvoon Energia Oy,24,2026-08-12,not_General
140177,Nurmijärven Sähkö Oy,12,2026-08-12,not_General
140179,Helen Oy,12,2026-08-12,not_exact_fixed_segment;not_FixedPrice
140181,Pohjois-Karjalan Sähkö Oy,24,2026-08-12,not_General
140183,Imatran Seudun Sähkö Oy,6,2026-08-12,not_exact_fixed_segment;not_FixedPrice
140184,Kokkolan Energia Oy,6,2026-08-12,not_exact_fixed_segment;not_FixedPrice
140186,Fortum Markets Oy,24,2026-08-12,not_exact_fixed_segment;not_FixedPrice
140187,Äänekosken Energia Oy,24,2026-08-12,not_General
140189,Lammaisten Energia Oy,12,2026-08-12,not_exact_fixed_segment;not_FixedPrice;not_General
140196,Koillis-Satakunnan Sähkö Oy,24,2026-08-12,not_General
140197,Nordic Green Energy,24,2026-08-12,not_exact_fixed_segment;not_FixedPrice
140204,Nordic Green Energy,12,2026-08-12,not_exact_fixed_segment;not_FixedPrice
140208,Vaasan Sähkö Myynti Oy,6,2026-08-12,not_General
140209,Lammaisten Energia Oy,24,2026-08-12,not_exact_fixed_segment;not_FixedPrice;not_General
140213,Lammaisten Energia Oy,24,2026-08-12,not_exact_fixed_segment;not_FixedPrice;not_General
140223,Vaasan Sähkö Myynti Oy,12,2026-08-12,not_exact_fixed_segment;not_FixedPrice
140228,Porvoon Energia Oy,24,2026-08-12,not_General
140230,Lammaisten Energia Oy,12,2026-08-12,not_exact_fixed_segment;not_FixedPrice;not_General
140234,Paneliankosken Voima Oy,12,2026-08-12,not_General
140237,Imatran Seudun Sähkö Oy,12,2026-08-12,not_exact_fixed_segment;not_FixedPrice
140238,Porvoon Energia Oy,12,2026-08-12,not_General
140240,Pohjois-Karjalan Sähkö Oy,12,2026-08-12,not_General
140241,Äänekosken Energia Oy,12,2026-08-12,not_General
140249,Vaasan Sähkö Myynti Oy,6,2026-08-12,not_exact_fixed_segment;not_FixedPrice
140253,Lammaisten Energia Oy,12,2026-08-12,not_General
140257,Paneliankosken Voima Oy,12,2026-08-12,not_exact_fixed_segment;not_FixedPrice
140260,Vaasan Sähkö Myynti Oy,12,2026-08-12,not_General
140262,Porvoon Energia Oy,12,2026-08-12,not_General
140263,Köyliön-Säkylän Sähkö Oy,24,2026-08-12,not_General
140272,Koillis-Satakunnan Sähkö Oy,12,2026-08-12,not_General
140276,Koillis-Satakunnan Sähkö Oy,12,2026-08-12,not_General
140278,Nurmijärven Sähkö Oy,12,2026-08-12,not_General
140284,Hehku Energia Oy,12,2026-08-12,not_exact_fixed_segment;not_FixedPrice
140285,Pohjois-Karjalan Sähkö Oy,6,2026-08-12,not_General
140287,Oomi Oy,12,2026-08-12,not_exact_fixed_segment;not_FixedPrice
140296,Porvoon Energia Oy,24,2026-08-12,not_General
140299,Lammaisten Energia Oy,24,2026-08-12,not_exact_fixed_segment;not_FixedPrice
140303,Alajärven Sähkö Oy,12,2026-08-12,not_General
140305,Keravan Energia Oy,24,2026-08-12,not_exact_fixed_segment;not_FixedPrice
140313,Hehku Energia Oy,24,2026-08-12,not_exact_fixed_segment;not_FixedPrice
140315,Nordic Green Energy,12,2026-08-12,not_exact_fixed_segment;not_FixedPrice
140319,Lammaisten Energia Oy,12,2026-08-12,not_General
140322,Äänekosken Energia Oy,24,2026-08-12,not_General
140325,Äänekosken Energia Oy,12,2026-08-12,not_General
140330,Lammaisten Energia Oy,24,2026-08-12,not_General
140331,Paneliankosken Voima Oy,24,2026-08-12,not_General
140338,Nurmijärven Sähkö Oy,24,2026-08-12,not_General
140339,Köyliön-Säkylän Sähkö Oy,24,2026-08-12,not_General
140343,Lammaisten Energia Oy,12,2026-08-12,not_exact_fixed_segment;not_FixedPrice
140349,Keravan Energia Oy,12,2026-08-12,not_exact_fixed_segment;not_FixedPrice
140352,Omavoima Oy,24,2026-08-12,not_General
140354,Köyliön-Säkylän Sähkö Oy,12,2026-08-12,not_General
140357,Koillis-Satakunnan Sähkö Oy,24,2026-08-12,not_exact_fixed_segment;not_FixedPrice
140359,Omavoima Oy,24,2026-08-12,not_exact_fixed_segment;not_FixedPrice
140365,Koillis-Satakunnan Sähkö Oy,24,2026-08-12,not_exact_fixed_segment;not_FixedPrice
140366,Vaasan Sähkö Myynti Oy,24,2026-08-12,not_General
140367,Imatran Seudun Sähkö Oy,24,2026-08-12,not_exact_fixed_segment;not_FixedPrice
140372,Lumme Energia,24,2026-08-12,not_exact_fixed_segment;not_FixedPrice
140373,Helen Oy,24,2026-08-12,not_exact_fixed_segment;not_FixedPrice
140378,Pohjois-Karjalan Sähkö Oy,24,2026-08-12,not_General
140380,Kokkolan Energia Oy,12,2026-08-12,not_exact_fixed_segment;not_FixedPrice
140382,Nordic Green Energy,24,2026-08-12,not_exact_fixed_segment;not_FixedPrice
140386,Lammaisten Energia Oy,24,2026-08-12,not_General
140388,Korpelan Energia Oy,12,2026-08-12,not_exact_fixed_segment;not_FixedPrice
140390,Korpelan Energia Oy,24,2026-08-12,not_exact_fixed_segment;not_FixedPrice
140395,Fortum Markets Oy,12,2026-08-12,not_exact_fixed_segment;not_FixedPrice
140397,Omavoima Oy,24,2026-08-12,not_General
140398,Pohjois-Karjalan Sähkö Oy,12,2026-08-12,not_General
140403,Omavoima Oy,12,2026-08-12,not_General
140404,Keravan Energia Oy,12,2026-08-12,not_exact_fixed_segment;not_FixedPrice
140405,Alajärven Sähkö Oy,24,2026-08-12,not_General
140406,Köyliön-Säkylän Sähkö Oy,12,2026-08-12,not_General
140413,Keravan Energia Oy,12,2026-08-12,not_exact_fixed_segment;not_FixedPrice
140415,Keravan Energia Oy,24,2026-08-12,not_exact_fixed_segment;not_FixedPrice
140700,Äänekosken Energia Oy,6,2026-08-13,not_General
140706,Nurmijärven Sähkö Oy,24,2026-08-13,not_General
140708,Oomi Oy,24,2026-08-13,not_exact_fixed_segment;not_FixedPrice
140714,Pohjois-Karjalan Sähkö Oy,6,2026-08-13,not_General
140717,Vaasan Sähkö Myynti Oy,24,2026-08-13,not_exact_fixed_segment;not_FixedPrice
140721,Kokkolan Energia Oy,24,2026-08-13,not_exact_fixed_segment;not_FixedPrice
140722,Lumme Energia,12,2026-08-13,not_exact_fixed_segment;not_FixedPrice
140723,Äänekosken Energia Oy,6,2026-08-13,not_General
140725,Koillis-Satakunnan Sähkö Oy,24,2026-08-13,not_General
140726,Omavoima Oy,12,2026-08-13,not_General
140730,Porvoon Energia Oy,24,2026-08-13,not_General
140731,Nurmijärven Sähkö Oy,12,2026-08-13,not_General
140733,Helen Oy,12,2026-08-13,not_exact_fixed_segment;not_FixedPrice
140736,Imatran Seudun Sähkö Oy,6,2026-08-13,not_exact_fixed_segment;not_FixedPrice
140737,Kokkolan Energia Oy,6,2026-08-13,not_exact_fixed_segment;not_FixedPrice
140739,Fortum Markets Oy,24,2026-08-13,not_exact_fixed_segment;not_FixedPrice
140740,Äänekosken Energia Oy,24,2026-08-13,not_General
140742,Lammaisten Energia Oy,12,2026-08-13,not_exact_fixed_segment;not_FixedPrice;not_General
140750,Koillis-Satakunnan Sähkö Oy,24,2026-08-13,not_General
140751,Nordic Green Energy,24,2026-08-13,not_exact_fixed_segment;not_FixedPrice
140758,Nordic Green Energy,12,2026-08-13,not_exact_fixed_segment;not_FixedPrice
140762,Vaasan Sähkö Myynti Oy,6,2026-08-13,not_General
140763,Pohjois-Karjalan Sähkö Oy,12,2026-08-13,not_General
140764,Lammaisten Energia Oy,24,2026-08-13,not_exact_fixed_segment;not_FixedPrice;not_General
140768,Lammaisten Energia Oy,24,2026-08-13,not_exact_fixed_segment;not_FixedPrice;not_General
140778,Vaasan Sähkö Myynti Oy,12,2026-08-13,not_exact_fixed_segment;not_FixedPrice
140783,Porvoon Energia Oy,24,2026-08-13,not_General
140785,Lammaisten Energia Oy,12,2026-08-13,not_exact_fixed_segment;not_FixedPrice;not_General
140789,Paneliankosken Voima Oy,12,2026-08-13,not_General
140792,Imatran Seudun Sähkö Oy,12,2026-08-13,not_exact_fixed_segment;not_FixedPrice
140793,Porvoon Energia Oy,12,2026-08-13,not_General
140795,Äänekosken Energia Oy,12,2026-08-13,not_General
140803,Vaasan Sähkö Myynti Oy,6,2026-08-13,not_exact_fixed_segment;not_FixedPrice
140807,Lammaisten Energia Oy,12,2026-08-13,not_General
140810,Paneliankosken Voima Oy,12,2026-08-13,not_exact_fixed_segment;not_FixedPrice
140813,Vaasan Sähkö Myynti Oy,12,2026-08-13,not_General
140815,Porvoon Energia Oy,12,2026-08-13,not_General
140816,Köyliön-Säkylän Sähkö Oy,24,2026-08-13,not_General
140822,Pohjois-Karjalan Sähkö Oy,24,2026-08-13,not_General
140826,Koillis-Satakunnan Sähkö Oy,12,2026-08-13,not_General
140830,Koillis-Satakunnan Sähkö Oy,12,2026-08-13,not_General
140832,Nurmijärven Sähkö Oy,12,2026-08-13,not_General
140837,Hehku Energia Oy,12,2026-08-13,not_exact_fixed_segment;not_FixedPrice
140838,Pohjois-Karjalan Sähkö Oy,6,2026-08-13,not_General
140840,Pohjois-Karjalan Sähkö Oy,12,2026-08-13,not_General
140841,Oomi Oy,12,2026-08-13,not_exact_fixed_segment;not_FixedPrice
140851,Porvoon Energia Oy,24,2026-08-13,not_General
140854,Lammaisten Energia Oy,24,2026-08-13,not_exact_fixed_segment;not_FixedPrice
140858,Alajärven Sähkö Oy,12,2026-08-13,not_General
140860,Keravan Energia Oy,24,2026-08-13,not_exact_fixed_segment;not_FixedPrice
140870,Hehku Energia Oy,24,2026-08-13,not_exact_fixed_segment;not_FixedPrice
140872,Nordic Green Energy,12,2026-08-13,not_exact_fixed_segment;not_FixedPrice
140876,Lammaisten Energia Oy,12,2026-08-13,not_General
140879,Äänekosken Energia Oy,24,2026-08-13,not_General
140882,Äänekosken Energia Oy,12,2026-08-13,not_General
140887,Lammaisten Energia Oy,24,2026-08-13,not_General
140888,Paneliankosken Voima Oy,24,2026-08-13,not_General
140895,Nurmijärven Sähkö Oy,24,2026-08-13,not_General
140896,Köyliön-Säkylän Sähkö Oy,24,2026-08-13,not_General
140900,Lammaisten Energia Oy,12,2026-08-13,not_exact_fixed_segment;not_FixedPrice
140906,Keravan Energia Oy,12,2026-08-13,not_exact_fixed_segment;not_FixedPrice
140909,Omavoima Oy,24,2026-08-13,not_General
140911,Köyliön-Säkylän Sähkö Oy,12,2026-08-13,not_General
140914,Koillis-Satakunnan Sähkö Oy,24,2026-08-13,not_exact_fixed_segment;not_FixedPrice
140916,Omavoima Oy,24,2026-08-13,not_exact_fixed_segment;not_FixedPrice
140921,Koillis-Satakunnan Sähkö Oy,24,2026-08-13,not_exact_fixed_segment;not_FixedPrice
140922,Vaasan Sähkö Myynti Oy,24,2026-08-13,not_General
140923,Imatran Seudun Sähkö Oy,24,2026-08-13,not_exact_fixed_segment;not_FixedPrice
140928,Lumme Energia,24,2026-08-13,not_exact_fixed_segment;not_FixedPrice
140929,Helen Oy,24,2026-08-13,not_exact_fixed_segment;not_FixedPrice
140936,Kokkolan Energia Oy,12,2026-08-13,not_exact_fixed_segment;not_FixedPrice
140938,Nordic Green Energy,24,2026-08-13,not_exact_fixed_segment;not_FixedPrice
140942,Lammaisten Energia Oy,24,2026-08-13,not_General
140944,Korpelan Energia Oy,12,2026-08-13,not_exact_fixed_segment;not_FixedPrice
140946,Korpelan Energia Oy,24,2026-08-13,not_exact_fixed_segment;not_FixedPrice
140951,Fortum Markets Oy,12,2026-08-13,not_exact_fixed_segment;not_FixedPrice
140953,Omavoima Oy,24,2026-08-13,not_General
140955,Pohjois-Karjalan Sähkö Oy,24,2026-08-13,not_General
140959,Omavoima Oy,12,2026-08-13,not_General
140960,Keravan Energia Oy,12,2026-08-13,not_exact_fixed_segment;not_FixedPrice
140961,Alajärven Sähkö Oy,24,2026-08-13,not_General
140962,Köyliön-Säkylän Sähkö Oy,12,2026-08-13,not_General
140968,Keravan Energia Oy,12,2026-08-13,not_exact_fixed_segment;not_FixedPrice
140970,Keravan Energia Oy,24,2026-08-13,not_exact_fixed_segment;not_FixedPrice
141262,Äänekosken Energia Oy,6,2026-08-14,not_General
141267,Nurmijärven Sähkö Oy,24,2026-08-14,not_General
141274,Pohjois-Karjalan Sähkö Oy,6,2026-08-14,not_General
141277,Vaasan Sähkö Myynti Oy,24,2026-08-14,not_exact_fixed_segment;not_FixedPrice
141278,Oomi Oy,24,2026-08-14,not_exact_fixed_segment;not_FixedPrice
141282,Kokkolan Energia Oy,24,2026-08-14,not_exact_fixed_segment;not_FixedPrice
141283,Lumme Energia,12,2026-08-14,not_exact_fixed_segment;not_FixedPrice
141284,Äänekosken Energia Oy,6,2026-08-14,not_General
141286,Koillis-Satakunnan Sähkö Oy,24,2026-08-14,not_General
141287,Omavoima Oy,12,2026-08-14,not_General
141291,Porvoon Energia Oy,24,2026-08-14,not_General
141292,Nurmijärven Sähkö Oy,12,2026-08-14,not_General
141294,Helen Oy,12,2026-08-14,not_exact_fixed_segment;not_FixedPrice
141297,Imatran Seudun Sähkö Oy,6,2026-08-14,not_exact_fixed_segment;not_FixedPrice
141298,Kokkolan Energia Oy,6,2026-08-14,not_exact_fixed_segment;not_FixedPrice
141300,Fortum Markets Oy,24,2026-08-14,not_exact_fixed_segment;not_FixedPrice
141301,Äänekosken Energia Oy,24,2026-08-14,not_General
141303,Lammaisten Energia Oy,12,2026-08-14,not_exact_fixed_segment;not_FixedPrice;not_General
141311,Koillis-Satakunnan Sähkö Oy,24,2026-08-14,not_General
141312,Nordic Green Energy,24,2026-08-14,not_exact_fixed_segment;not_FixedPrice
141319,Nordic Green Energy,12,2026-08-14,not_exact_fixed_segment;not_FixedPrice
141323,Vaasan Sähkö Myynti Oy,6,2026-08-14,not_General
141324,Pohjois-Karjalan Sähkö Oy,12,2026-08-14,not_General
141325,Lammaisten Energia Oy,24,2026-08-14,not_exact_fixed_segment;not_FixedPrice;not_General
141330,Lammaisten Energia Oy,24,2026-08-14,not_exact_fixed_segment;not_FixedPrice;not_General
141340,Vaasan Sähkö Myynti Oy,12,2026-08-14,not_exact_fixed_segment;not_FixedPrice
141345,Porvoon Energia Oy,24,2026-08-14,not_General
141347,Lammaisten Energia Oy,12,2026-08-14,not_exact_fixed_segment;not_FixedPrice;not_General
141351,Paneliankosken Voima Oy,12,2026-08-14,not_General
141354,Imatran Seudun Sähkö Oy,12,2026-08-14,not_exact_fixed_segment;not_FixedPrice
141355,Porvoon Energia Oy,12,2026-08-14,not_General
141357,Äänekosken Energia Oy,12,2026-08-14,not_General
141365,Vaasan Sähkö Myynti Oy,6,2026-08-14,not_exact_fixed_segment;not_FixedPrice
141369,Lammaisten Energia Oy,12,2026-08-14,not_General
141372,Paneliankosken Voima Oy,12,2026-08-14,not_exact_fixed_segment;not_FixedPrice
141375,Vaasan Sähkö Myynti Oy,12,2026-08-14,not_General
141377,Porvoon Energia Oy,12,2026-08-14,not_General
141378,Köyliön-Säkylän Sähkö Oy,24,2026-08-14,not_General
141384,Pohjois-Karjalan Sähkö Oy,24,2026-08-14,not_General
141388,Koillis-Satakunnan Sähkö Oy,12,2026-08-14,not_General
141392,Koillis-Satakunnan Sähkö Oy,12,2026-08-14,not_General
141394,Nurmijärven Sähkö Oy,12,2026-08-14,not_General
141399,Hehku Energia Oy,12,2026-08-14,not_exact_fixed_segment;not_FixedPrice
141400,Pohjois-Karjalan Sähkö Oy,6,2026-08-14,not_General
141402,Pohjois-Karjalan Sähkö Oy,12,2026-08-14,not_General
141403,Oomi Oy,12,2026-08-14,not_exact_fixed_segment;not_FixedPrice
141413,Porvoon Energia Oy,24,2026-08-14,not_General
141416,Lammaisten Energia Oy,24,2026-08-14,not_exact_fixed_segment;not_FixedPrice
141420,Alajärven Sähkö Oy,12,2026-08-14,not_General
141422,Keravan Energia Oy,24,2026-08-14,not_exact_fixed_segment;not_FixedPrice
141432,Hehku Energia Oy,24,2026-08-14,not_exact_fixed_segment;not_FixedPrice
141434,Nordic Green Energy,12,2026-08-14,not_exact_fixed_segment;not_FixedPrice
141438,Lammaisten Energia Oy,12,2026-08-14,not_General
141441,Äänekosken Energia Oy,24,2026-08-14,not_General
141444,Äänekosken Energia Oy,12,2026-08-14,not_General
141449,Lammaisten Energia Oy,24,2026-08-14,not_General
141450,Paneliankosken Voima Oy,24,2026-08-14,not_General
141457,Nurmijärven Sähkö Oy,24,2026-08-14,not_General
141458,Köyliön-Säkylän Sähkö Oy,24,2026-08-14,not_General
141462,Lammaisten Energia Oy,12,2026-08-14,not_exact_fixed_segment;not_FixedPrice
141468,Keravan Energia Oy,12,2026-08-14,not_exact_fixed_segment;not_FixedPrice
141471,Omavoima Oy,24,2026-08-14,not_General
141473,Köyliön-Säkylän Sähkö Oy,12,2026-08-14,not_General
141476,Koillis-Satakunnan Sähkö Oy,24,2026-08-14,not_exact_fixed_segment;not_FixedPrice
141478,Omavoima Oy,24,2026-08-14,not_exact_fixed_segment;not_FixedPrice
141483,Koillis-Satakunnan Sähkö Oy,24,2026-08-14,not_exact_fixed_segment;not_FixedPrice
141484,Vaasan Sähkö Myynti Oy,24,2026-08-14,not_General
141485,Imatran Seudun Sähkö Oy,24,2026-08-14,not_exact_fixed_segment;not_FixedPrice
141490,Lumme Energia,24,2026-08-14,not_exact_fixed_segment;not_FixedPrice
141491,Helen Oy,24,2026-08-14,not_exact_fixed_segment;not_FixedPrice
141498,Kokkolan Energia Oy,12,2026-08-14,not_exact_fixed_segment;not_FixedPrice
141500,Nordic Green Energy,24,2026-08-14,not_exact_fixed_segment;not_FixedPrice
141504,Lammaisten Energia Oy,24,2026-08-14,not_General
141506,Korpelan Energia Oy,12,2026-08-14,not_exact_fixed_segment;not_FixedPrice
141508,Korpelan Energia Oy,24,2026-08-14,not_exact_fixed_segment;not_FixedPrice
141513,Fortum Markets Oy,12,2026-08-14,not_exact_fixed_segment;not_FixedPrice
141515,Omavoima Oy,24,2026-08-14,not_General
141517,Pohjois-Karjalan Sähkö Oy,24,2026-08-14,not_General
141521,Omavoima Oy,12,2026-08-14,not_General
141522,Keravan Energia Oy,12,2026-08-14,not_exact_fixed_segment;not_FixedPrice
141523,Alajärven Sähkö Oy,24,2026-08-14,not_General
141524,Köyliön-Säkylän Sähkö Oy,12,2026-08-14,not_General
141530,Keravan Energia Oy,12,2026-08-14,not_exact_fixed_segment;not_FixedPrice
141532,Keravan Energia Oy,24,2026-08-14,not_exact_fixed_segment;not_FixedPrice
141824,Äänekosken Energia Oy,6,2026-08-15,not_General
141829,Nurmijärven Sähkö Oy,24,2026-08-15,not_General
141836,Pohjois-Karjalan Sähkö Oy,6,2026-08-15,not_General
141839,Vaasan Sähkö Myynti Oy,24,2026-08-15,not_exact_fixed_segment;not_FixedPrice
141840,Oomi Oy,24,2026-08-15,not_exact_fixed_segment;not_FixedPrice
141844,Kokkolan Energia Oy,24,2026-08-15,not_exact_fixed_segment;not_FixedPrice
141845,Lumme Energia,12,2026-08-15,not_exact_fixed_segment;not_FixedPrice
141846,Äänekosken Energia Oy,6,2026-08-15,not_General
141848,Koillis-Satakunnan Sähkö Oy,24,2026-08-15,not_General
141849,Omavoima Oy,12,2026-08-15,not_General
141853,Porvoon Energia Oy,24,2026-08-15,not_General
141854,Nurmijärven Sähkö Oy,12,2026-08-15,not_General
141856,Helen Oy,12,2026-08-15,not_exact_fixed_segment;not_FixedPrice
141859,Imatran Seudun Sähkö Oy,6,2026-08-15,not_exact_fixed_segment;not_FixedPrice
141860,Kokkolan Energia Oy,6,2026-08-15,not_exact_fixed_segment;not_FixedPrice
141862,Fortum Markets Oy,24,2026-08-15,not_exact_fixed_segment;not_FixedPrice
141863,Äänekosken Energia Oy,24,2026-08-15,not_General
141865,Lammaisten Energia Oy,12,2026-08-15,not_exact_fixed_segment;not_FixedPrice;not_General
141873,Koillis-Satakunnan Sähkö Oy,24,2026-08-15,not_General
141874,Nordic Green Energy,24,2026-08-15,not_exact_fixed_segment;not_FixedPrice
141881,Nordic Green Energy,12,2026-08-15,not_exact_fixed_segment;not_FixedPrice
141885,Vaasan Sähkö Myynti Oy,6,2026-08-15,not_General
141886,Pohjois-Karjalan Sähkö Oy,12,2026-08-15,not_General
141887,Lammaisten Energia Oy,24,2026-08-15,not_exact_fixed_segment;not_FixedPrice;not_General
141892,Lammaisten Energia Oy,24,2026-08-15,not_exact_fixed_segment;not_FixedPrice;not_General
141902,Vaasan Sähkö Myynti Oy,12,2026-08-15,not_exact_fixed_segment;not_FixedPrice
141907,Porvoon Energia Oy,24,2026-08-15,not_General
141909,Lammaisten Energia Oy,12,2026-08-15,not_exact_fixed_segment;not_FixedPrice;not_General
141913,Paneliankosken Voima Oy,12,2026-08-15,not_General
141916,Imatran Seudun Sähkö Oy,12,2026-08-15,not_exact_fixed_segment;not_FixedPrice
141917,Porvoon Energia Oy,12,2026-08-15,not_General
141919,Lumme Energia,24,2026-08-15,not_exact_fixed_segment;not_FixedPrice
141920,Äänekosken Energia Oy,12,2026-08-15,not_General
141928,Vaasan Sähkö Myynti Oy,6,2026-08-15,not_exact_fixed_segment;not_FixedPrice
141932,Lammaisten Energia Oy,12,2026-08-15,not_General
141935,Paneliankosken Voima Oy,12,2026-08-15,not_exact_fixed_segment;not_FixedPrice
141938,Vaasan Sähkö Myynti Oy,12,2026-08-15,not_General
141940,Porvoon Energia Oy,12,2026-08-15,not_General
141941,Köyliön-Säkylän Sähkö Oy,24,2026-08-15,not_General
141947,Pohjois-Karjalan Sähkö Oy,24,2026-08-15,not_General
141951,Koillis-Satakunnan Sähkö Oy,12,2026-08-15,not_General
141955,Koillis-Satakunnan Sähkö Oy,12,2026-08-15,not_General
141957,Nurmijärven Sähkö Oy,12,2026-08-15,not_General
141962,Hehku Energia Oy,12,2026-08-15,not_exact_fixed_segment;not_FixedPrice
141963,Pohjois-Karjalan Sähkö Oy,6,2026-08-15,not_General
141966,Pohjois-Karjalan Sähkö Oy,12,2026-08-15,not_General
141967,Oomi Oy,12,2026-08-15,not_exact_fixed_segment;not_FixedPrice
141977,Porvoon Energia Oy,24,2026-08-15,not_General
141980,Lammaisten Energia Oy,24,2026-08-15,not_exact_fixed_segment;not_FixedPrice
141984,Alajärven Sähkö Oy,12,2026-08-15,not_General
141986,Keravan Energia Oy,24,2026-08-15,not_exact_fixed_segment;not_FixedPrice
141996,Hehku Energia Oy,24,2026-08-15,not_exact_fixed_segment;not_FixedPrice
141998,Nordic Green Energy,12,2026-08-15,not_exact_fixed_segment;not_FixedPrice
142001,Lammaisten Energia Oy,12,2026-08-15,not_General
142004,Äänekosken Energia Oy,24,2026-08-15,not_General
142007,Äänekosken Energia Oy,12,2026-08-15,not_General
142012,Lammaisten Energia Oy,24,2026-08-15,not_General
142013,Paneliankosken Voima Oy,24,2026-08-15,not_General
142020,Nurmijärven Sähkö Oy,24,2026-08-15,not_General
142021,Köyliön-Säkylän Sähkö Oy,24,2026-08-15,not_General
142025,Lammaisten Energia Oy,12,2026-08-15,not_exact_fixed_segment;not_FixedPrice
142031,Keravan Energia Oy,12,2026-08-15,not_exact_fixed_segment;not_FixedPrice
142034,Omavoima Oy,24,2026-08-15,not_General
142036,Köyliön-Säkylän Sähkö Oy,12,2026-08-15,not_General
142039,Koillis-Satakunnan Sähkö Oy,24,2026-08-15,not_exact_fixed_segment;not_FixedPrice
142041,Omavoima Oy,24,2026-08-15,not_exact_fixed_segment;not_FixedPrice
142045,Koillis-Satakunnan Sähkö Oy,24,2026-08-15,not_exact_fixed_segment;not_FixedPrice
142046,Vaasan Sähkö Myynti Oy,24,2026-08-15,not_General
142047,Imatran Seudun Sähkö Oy,24,2026-08-15,not_exact_fixed_segment;not_FixedPrice
142052,Lumme Energia,24,2026-08-15,not_exact_fixed_segment;not_FixedPrice
142053,Helen Oy,24,2026-08-15,not_exact_fixed_segment;not_FixedPrice
142060,Kokkolan Energia Oy,12,2026-08-15,not_exact_fixed_segment;not_FixedPrice
142062,Nordic Green Energy,24,2026-08-15,not_exact_fixed_segment;not_FixedPrice
142066,Lammaisten Energia Oy,24,2026-08-15,not_General
142068,Korpelan Energia Oy,12,2026-08-15,not_exact_fixed_segment;not_FixedPrice
142069,Korpelan Energia Oy,24,2026-08-15,not_exact_fixed_segment;not_FixedPrice
142075,Fortum Markets Oy,12,2026-08-15,not_exact_fixed_segment;not_FixedPrice
142077,Omavoima Oy,24,2026-08-15,not_General
142079,Pohjois-Karjalan Sähkö Oy,24,2026-08-15,not_General
142083,Omavoima Oy,12,2026-08-15,not_General
142084,Keravan Energia Oy,12,2026-08-15,not_exact_fixed_segment;not_FixedPrice
142085,Alajärven Sähkö Oy,24,2026-08-15,not_General
142086,Köyliön-Säkylän Sähkö Oy,12,2026-08-15,not_General
142092,Keravan Energia Oy,12,2026-08-15,not_exact_fixed_segment;not_FixedPrice
142094,Keravan Energia Oy,24,2026-08-15,not_exact_fixed_segment;not_FixedPrice
142390,Äänekosken Energia Oy,6,2026-08-16,not_General
142395,Nurmijärven Sähkö Oy,24,2026-08-16,not_General
142402,Pohjois-Karjalan Sähkö Oy,6,2026-08-16,not_General
142405,Vaasan Sähkö Myynti Oy,24,2026-08-16,not_exact_fixed_segment;not_FixedPrice
142406,Oomi Oy,24,2026-08-16,not_exact_fixed_segment;not_FixedPrice
142410,Kokkolan Energia Oy,24,2026-08-16,not_exact_fixed_segment;not_FixedPrice
142411,Lumme Energia,12,2026-08-16,not_exact_fixed_segment;not_FixedPrice
142412,Äänekosken Energia Oy,6,2026-08-16,not_General
142414,Koillis-Satakunnan Sähkö Oy,24,2026-08-16,not_General
142415,Omavoima Oy,12,2026-08-16,not_General
142419,Porvoon Energia Oy,24,2026-08-16,not_General
142420,Nurmijärven Sähkö Oy,12,2026-08-16,not_General
142422,Helen Oy,12,2026-08-16,not_exact_fixed_segment;not_FixedPrice
142425,Imatran Seudun Sähkö Oy,6,2026-08-16,not_exact_fixed_segment;not_FixedPrice
142426,Kokkolan Energia Oy,6,2026-08-16,not_exact_fixed_segment;not_FixedPrice
142428,Fortum Markets Oy,24,2026-08-16,not_exact_fixed_segment;not_FixedPrice
142429,Äänekosken Energia Oy,24,2026-08-16,not_General
142431,Lammaisten Energia Oy,12,2026-08-16,not_exact_fixed_segment;not_FixedPrice;not_General
142439,Koillis-Satakunnan Sähkö Oy,24,2026-08-16,not_General
142440,Nordic Green Energy,24,2026-08-16,not_exact_fixed_segment;not_FixedPrice
142447,Nordic Green Energy,12,2026-08-16,not_exact_fixed_segment;not_FixedPrice
142451,Vaasan Sähkö Myynti Oy,6,2026-08-16,not_General
142452,Pohjois-Karjalan Sähkö Oy,12,2026-08-16,not_General
142453,Lammaisten Energia Oy,24,2026-08-16,not_exact_fixed_segment;not_FixedPrice;not_General
142458,Lammaisten Energia Oy,24,2026-08-16,not_exact_fixed_segment;not_FixedPrice;not_General
142468,Vaasan Sähkö Myynti Oy,12,2026-08-16,not_exact_fixed_segment;not_FixedPrice
142473,Porvoon Energia Oy,24,2026-08-16,not_General
142475,Lammaisten Energia Oy,12,2026-08-16,not_exact_fixed_segment;not_FixedPrice;not_General
142479,Paneliankosken Voima Oy,12,2026-08-16,not_General
142482,Imatran Seudun Sähkö Oy,12,2026-08-16,not_exact_fixed_segment;not_FixedPrice
142483,Porvoon Energia Oy,12,2026-08-16,not_General
142485,Lumme Energia,24,2026-08-16,not_exact_fixed_segment;not_FixedPrice
142486,Äänekosken Energia Oy,12,2026-08-16,not_General
142494,Vaasan Sähkö Myynti Oy,6,2026-08-16,not_exact_fixed_segment;not_FixedPrice
142498,Lammaisten Energia Oy,12,2026-08-16,not_General
142501,Paneliankosken Voima Oy,12,2026-08-16,not_exact_fixed_segment;not_FixedPrice
142504,Vaasan Sähkö Myynti Oy,12,2026-08-16,not_General
142506,Porvoon Energia Oy,12,2026-08-16,not_General
142507,Köyliön-Säkylän Sähkö Oy,24,2026-08-16,not_General
142513,Pohjois-Karjalan Sähkö Oy,24,2026-08-16,not_General
142517,Koillis-Satakunnan Sähkö Oy,12,2026-08-16,not_General
142521,Koillis-Satakunnan Sähkö Oy,12,2026-08-16,not_General
142523,Nurmijärven Sähkö Oy,12,2026-08-16,not_General
142528,Hehku Energia Oy,12,2026-08-16,not_exact_fixed_segment;not_FixedPrice
142529,Pohjois-Karjalan Sähkö Oy,6,2026-08-16,not_General
142532,Pohjois-Karjalan Sähkö Oy,12,2026-08-16,not_General
142533,Oomi Oy,12,2026-08-16,not_exact_fixed_segment;not_FixedPrice
142543,Porvoon Energia Oy,24,2026-08-16,not_General
142546,Lammaisten Energia Oy,24,2026-08-16,not_exact_fixed_segment;not_FixedPrice
142550,Alajärven Sähkö Oy,12,2026-08-16,not_General
142552,Keravan Energia Oy,24,2026-08-16,not_exact_fixed_segment;not_FixedPrice
142562,Hehku Energia Oy,24,2026-08-16,not_exact_fixed_segment;not_FixedPrice
142564,Nordic Green Energy,12,2026-08-16,not_exact_fixed_segment;not_FixedPrice
142567,Lammaisten Energia Oy,12,2026-08-16,not_General
142570,Äänekosken Energia Oy,24,2026-08-16,not_General
142573,Äänekosken Energia Oy,12,2026-08-16,not_General
142578,Lammaisten Energia Oy,24,2026-08-16,not_General
142579,Paneliankosken Voima Oy,24,2026-08-16,not_General
142586,Nurmijärven Sähkö Oy,24,2026-08-16,not_General
142587,Köyliön-Säkylän Sähkö Oy,24,2026-08-16,not_General
142591,Lammaisten Energia Oy,12,2026-08-16,not_exact_fixed_segment;not_FixedPrice
142597,Keravan Energia Oy,12,2026-08-16,not_exact_fixed_segment;not_FixedPrice
142600,Omavoima Oy,24,2026-08-16,not_General
142602,Köyliön-Säkylän Sähkö Oy,12,2026-08-16,not_General
142605,Koillis-Satakunnan Sähkö Oy,24,2026-08-16,not_exact_fixed_segment;not_FixedPrice
142607,Omavoima Oy,24,2026-08-16,not_exact_fixed_segment;not_FixedPrice
142611,Koillis-Satakunnan Sähkö Oy,24,2026-08-16,not_exact_fixed_segment;not_FixedPrice
142612,Vaasan Sähkö Myynti Oy,24,2026-08-16,not_General
142613,Imatran Seudun Sähkö Oy,24,2026-08-16,not_exact_fixed_segment;not_FixedPrice
142618,Lumme Energia,24,2026-08-16,not_exact_fixed_segment;not_FixedPrice
142619,Helen Oy,24,2026-08-16,not_exact_fixed_segment;not_FixedPrice
142626,Kokkolan Energia Oy,12,2026-08-16,not_exact_fixed_segment;not_FixedPrice
142628,Nordic Green Energy,24,2026-08-16,not_exact_fixed_segment;not_FixedPrice
142632,Lammaisten Energia Oy,24,2026-08-16,not_General
142634,Korpelan Energia Oy,12,2026-08-16,not_exact_fixed_segment;not_FixedPrice
142635,Korpelan Energia Oy,24,2026-08-16,not_exact_fixed_segment;not_FixedPrice
142641,Fortum Markets Oy,12,2026-08-16,not_exact_fixed_segment;not_FixedPrice
142643,Omavoima Oy,24,2026-08-16,not_General
142645,Pohjois-Karjalan Sähkö Oy,24,2026-08-16,not_General
142649,Omavoima Oy,12,2026-08-16,not_General
142650,Keravan Energia Oy,12,2026-08-16,not_exact_fixed_segment;not_FixedPrice
142651,Alajärven Sähkö Oy,24,2026-08-16,not_General
142652,Köyliön-Säkylän Sähkö Oy,12,2026-08-16,not_General
142658,Keravan Energia Oy,12,2026-08-16,not_exact_fixed_segment;not_FixedPrice
142660,Keravan Energia Oy,24,2026-08-16,not_exact_fixed_segment;not_FixedPrice
142956,Äänekosken Energia Oy,6,2026-08-17,not_General
142961,Nurmijärven Sähkö Oy,24,2026-08-17,not_General
142968,Pohjois-Karjalan Sähkö Oy,6,2026-08-17,not_General
142971,Vaasan Sähkö Myynti Oy,24,2026-08-17,not_exact_fixed_segment;not_FixedPrice
142972,Oomi Oy,24,2026-08-17,not_exact_fixed_segment;not_FixedPrice
142976,Kokkolan Energia Oy,24,2026-08-17,not_exact_fixed_segment;not_FixedPrice
142977,Lumme Energia,12,2026-08-17,not_exact_fixed_segment;not_FixedPrice
142978,Äänekosken Energia Oy,6,2026-08-17,not_General
142980,Koillis-Satakunnan Sähkö Oy,24,2026-08-17,not_General
142981,Omavoima Oy,12,2026-08-17,not_General
142985,Porvoon Energia Oy,24,2026-08-17,not_General
142986,Nurmijärven Sähkö Oy,12,2026-08-17,not_General
142988,Helen Oy,12,2026-08-17,not_exact_fixed_segment;not_FixedPrice
142991,Imatran Seudun Sähkö Oy,6,2026-08-17,not_exact_fixed_segment;not_FixedPrice
142992,Kokkolan Energia Oy,6,2026-08-17,not_exact_fixed_segment;not_FixedPrice
142994,Fortum Markets Oy,24,2026-08-17,not_exact_fixed_segment;not_FixedPrice
142995,Äänekosken Energia Oy,24,2026-08-17,not_General
142997,Lammaisten Energia Oy,12,2026-08-17,not_exact_fixed_segment;not_FixedPrice;not_General
143005,Koillis-Satakunnan Sähkö Oy,24,2026-08-17,not_General
143006,Nordic Green Energy,24,2026-08-17,not_exact_fixed_segment;not_FixedPrice
143013,Nordic Green Energy,12,2026-08-17,not_exact_fixed_segment;not_FixedPrice
143017,Vaasan Sähkö Myynti Oy,6,2026-08-17,not_General
143018,Pohjois-Karjalan Sähkö Oy,12,2026-08-17,not_General
143019,Lammaisten Energia Oy,24,2026-08-17,not_exact_fixed_segment;not_FixedPrice;not_General
143024,Lammaisten Energia Oy,24,2026-08-17,not_exact_fixed_segment;not_FixedPrice;not_General
143034,Vaasan Sähkö Myynti Oy,12,2026-08-17,not_exact_fixed_segment;not_FixedPrice
143039,Porvoon Energia Oy,24,2026-08-17,not_General
143041,Lammaisten Energia Oy,12,2026-08-17,not_exact_fixed_segment;not_FixedPrice;not_General
143045,Paneliankosken Voima Oy,12,2026-08-17,not_General
143048,Imatran Seudun Sähkö Oy,12,2026-08-17,not_exact_fixed_segment;not_FixedPrice
143049,Porvoon Energia Oy,12,2026-08-17,not_General
143051,Lumme Energia,24,2026-08-17,not_exact_fixed_segment;not_FixedPrice
143052,Äänekosken Energia Oy,12,2026-08-17,not_General
143060,Vaasan Sähkö Myynti Oy,6,2026-08-17,not_exact_fixed_segment;not_FixedPrice
143064,Lammaisten Energia Oy,12,2026-08-17,not_General
143067,Paneliankosken Voima Oy,12,2026-08-17,not_exact_fixed_segment;not_FixedPrice
143070,Vaasan Sähkö Myynti Oy,12,2026-08-17,not_General
143072,Porvoon Energia Oy,12,2026-08-17,not_General
143073,Köyliön-Säkylän Sähkö Oy,24,2026-08-17,not_General
143079,Pohjois-Karjalan Sähkö Oy,24,2026-08-17,not_General
143083,Koillis-Satakunnan Sähkö Oy,12,2026-08-17,not_General
143087,Koillis-Satakunnan Sähkö Oy,12,2026-08-17,not_General
143089,Nurmijärven Sähkö Oy,12,2026-08-17,not_General
143094,Hehku Energia Oy,12,2026-08-17,not_exact_fixed_segment;not_FixedPrice
143095,Pohjois-Karjalan Sähkö Oy,6,2026-08-17,not_General
143098,Pohjois-Karjalan Sähkö Oy,12,2026-08-17,not_General
143099,Oomi Oy,12,2026-08-17,not_exact_fixed_segment;not_FixedPrice
143109,Porvoon Energia Oy,24,2026-08-17,not_General
143112,Lammaisten Energia Oy,24,2026-08-17,not_exact_fixed_segment;not_FixedPrice
143116,Alajärven Sähkö Oy,12,2026-08-17,not_General
143118,Keravan Energia Oy,24,2026-08-17,not_exact_fixed_segment;not_FixedPrice
143128,Hehku Energia Oy,24,2026-08-17,not_exact_fixed_segment;not_FixedPrice
143130,Nordic Green Energy,12,2026-08-17,not_exact_fixed_segment;not_FixedPrice
143133,Lammaisten Energia Oy,12,2026-08-17,not_General
143136,Äänekosken Energia Oy,24,2026-08-17,not_General
143139,Äänekosken Energia Oy,12,2026-08-17,not_General
143144,Lammaisten Energia Oy,24,2026-08-17,not_General
143145,Paneliankosken Voima Oy,24,2026-08-17,not_General
143152,Nurmijärven Sähkö Oy,24,2026-08-17,not_General
143153,Köyliön-Säkylän Sähkö Oy,24,2026-08-17,not_General
143157,Lammaisten Energia Oy,12,2026-08-17,not_exact_fixed_segment;not_FixedPrice
143163,Keravan Energia Oy,12,2026-08-17,not_exact_fixed_segment;not_FixedPrice
143166,Omavoima Oy,24,2026-08-17,not_General
143168,Köyliön-Säkylän Sähkö Oy,12,2026-08-17,not_General
143171,Koillis-Satakunnan Sähkö Oy,24,2026-08-17,not_exact_fixed_segment;not_FixedPrice
143173,Omavoima Oy,24,2026-08-17,not_exact_fixed_segment;not_FixedPrice
143177,Koillis-Satakunnan Sähkö Oy,24,2026-08-17,not_exact_fixed_segment;not_FixedPrice
143178,Vaasan Sähkö Myynti Oy,24,2026-08-17,not_General
143179,Imatran Seudun Sähkö Oy,24,2026-08-17,not_exact_fixed_segment;not_FixedPrice
143184,Lumme Energia,24,2026-08-17,not_exact_fixed_segment;not_FixedPrice
143185,Helen Oy,24,2026-08-17,not_exact_fixed_segment;not_FixedPrice
143192,Kokkolan Energia Oy,12,2026-08-17,not_exact_fixed_segment;not_FixedPrice
143194,Nordic Green Energy,24,2026-08-17,not_exact_fixed_segment;not_FixedPrice
143198,Lammaisten Energia Oy,24,2026-08-17,not_General
143200,Korpelan Energia Oy,12,2026-08-17,not_exact_fixed_segment;not_FixedPrice
143201,Korpelan Energia Oy,24,2026-08-17,not_exact_fixed_segment;not_FixedPrice
143207,Fortum Markets Oy,12,2026-08-17,not_exact_fixed_segment;not_FixedPrice
143209,Omavoima Oy,24,2026-08-17,not_General
143211,Pohjois-Karjalan Sähkö Oy,24,2026-08-17,not_General
143215,Omavoima Oy,12,2026-08-17,not_General
143216,Keravan Energia Oy,12,2026-08-17,not_exact_fixed_segment;not_FixedPrice
143217,Alajärven Sähkö Oy,24,2026-08-17,not_General
143218,Köyliön-Säkylän Sähkö Oy,12,2026-08-17,not_General
143224,Keravan Energia Oy,12,2026-08-17,not_exact_fixed_segment;not_FixedPrice
143226,Keravan Energia Oy,24,2026-08-17,not_exact_fixed_segment;not_FixedPrice
143505,Äänekosken Energia Oy,6,2026-08-18,not_General
143510,Nurmijärven Sähkö Oy,24,2026-08-18,not_General
143517,Pohjois-Karjalan Sähkö Oy,6,2026-08-18,not_General
143520,Vaasan Sähkö Myynti Oy,24,2026-08-18,not_exact_fixed_segment;not_FixedPrice
143521,Helen Oy,24,2026-08-18,not_exact_fixed_segment;not_FixedPrice
143522,Oomi Oy,24,2026-08-18,not_exact_fixed_segment;not_FixedPrice
143525,Kokkolan Energia Oy,24,2026-08-18,not_exact_fixed_segment;not_FixedPrice
143526,Äänekosken Energia Oy,6,2026-08-18,not_General
143528,Koillis-Satakunnan Sähkö Oy,24,2026-08-18,not_General
143530,Omavoima Oy,12,2026-08-18,not_General
143534,Porvoon Energia Oy,24,2026-08-18,not_General
143535,Nurmijärven Sähkö Oy,12,2026-08-18,not_General
143539,Kokkolan Energia Oy,6,2026-08-18,not_exact_fixed_segment;not_FixedPrice
143541,Fortum Markets Oy,24,2026-08-18,not_exact_fixed_segment;not_FixedPrice
143542,Äänekosken Energia Oy,24,2026-08-18,not_General
143544,Lammaisten Energia Oy,12,2026-08-18,not_exact_fixed_segment;not_FixedPrice;not_General
143554,Koillis-Satakunnan Sähkö Oy,24,2026-08-18,not_General
143555,Nordic Green Energy,24,2026-08-18,not_exact_fixed_segment;not_FixedPrice
143562,Nordic Green Energy,12,2026-08-18,not_exact_fixed_segment;not_FixedPrice
143566,Vaasan Sähkö Myynti Oy,6,2026-08-18,not_General
143567,Pohjois-Karjalan Sähkö Oy,12,2026-08-18,not_General
143568,Lammaisten Energia Oy,24,2026-08-18,not_exact_fixed_segment;not_FixedPrice;not_General
143573,Lammaisten Energia Oy,24,2026-08-18,not_exact_fixed_segment;not_FixedPrice;not_General
143584,Vaasan Sähkö Myynti Oy,12,2026-08-18,not_exact_fixed_segment;not_FixedPrice
143589,Porvoon Energia Oy,24,2026-08-18,not_General
143591,Lammaisten Energia Oy,12,2026-08-18,not_exact_fixed_segment;not_FixedPrice;not_General
143595,Paneliankosken Voima Oy,12,2026-08-18,not_General
143598,Porvoon Energia Oy,12,2026-08-18,not_General
143600,Äänekosken Energia Oy,12,2026-08-18,not_General
143608,Vaasan Sähkö Myynti Oy,6,2026-08-18,not_exact_fixed_segment;not_FixedPrice
143612,Lammaisten Energia Oy,12,2026-08-18,not_General
143615,Paneliankosken Voima Oy,12,2026-08-18,not_exact_fixed_segment;not_FixedPrice
143618,Vaasan Sähkö Myynti Oy,12,2026-08-18,not_General
143620,Porvoon Energia Oy,12,2026-08-18,not_General
143621,Köyliön-Säkylän Sähkö Oy,24,2026-08-18,not_General
143627,Pohjois-Karjalan Sähkö Oy,24,2026-08-18,not_General
143631,Koillis-Satakunnan Sähkö Oy,12,2026-08-18,not_General
143635,Koillis-Satakunnan Sähkö Oy,12,2026-08-18,not_General
143637,Nurmijärven Sähkö Oy,12,2026-08-18,not_General
143642,Hehku Energia Oy,12,2026-08-18,not_exact_fixed_segment;not_FixedPrice
143643,Pohjois-Karjalan Sähkö Oy,6,2026-08-18,not_General
143645,Pohjois-Karjalan Sähkö Oy,12,2026-08-18,not_General
143646,Oomi Oy,12,2026-08-18,not_exact_fixed_segment;not_FixedPrice
143655,Porvoon Energia Oy,24,2026-08-18,not_General
143658,Lammaisten Energia Oy,24,2026-08-18,not_exact_fixed_segment;not_FixedPrice
143662,Alajärven Sähkö Oy,12,2026-08-18,not_General
143664,Keravan Energia Oy,24,2026-08-18,not_exact_fixed_segment;not_FixedPrice
143673,Hehku Energia Oy,24,2026-08-18,not_exact_fixed_segment;not_FixedPrice
143675,Nordic Green Energy,12,2026-08-18,not_exact_fixed_segment;not_FixedPrice
143678,Lammaisten Energia Oy,12,2026-08-18,not_General
143681,Äänekosken Energia Oy,24,2026-08-18,not_General
143682,Imatran Seudun Sähkö Oy,24,2026-08-18,not_exact_fixed_segment;not_FixedPrice
143685,Äänekosken Energia Oy,12,2026-08-18,not_General
143690,Lammaisten Energia Oy,24,2026-08-18,not_General
143691,Paneliankosken Voima Oy,24,2026-08-18,not_General
143698,Nurmijärven Sähkö Oy,24,2026-08-18,not_General
143699,Köyliön-Säkylän Sähkö Oy,24,2026-08-18,not_General
143702,Lammaisten Energia Oy,12,2026-08-18,not_exact_fixed_segment;not_FixedPrice
143708,Keravan Energia Oy,12,2026-08-18,not_exact_fixed_segment;not_FixedPrice
143711,Imatran Seudun Sähkö Oy,12,2026-08-18,not_exact_fixed_segment;not_FixedPrice
143712,Omavoima Oy,24,2026-08-18,not_General
143714,Köyliön-Säkylän Sähkö Oy,12,2026-08-18,not_General
143717,Koillis-Satakunnan Sähkö Oy,24,2026-08-18,not_exact_fixed_segment;not_FixedPrice
143719,Imatran Seudun Sähkö Oy,6,2026-08-18,not_exact_fixed_segment;not_FixedPrice
143720,Omavoima Oy,24,2026-08-18,not_exact_fixed_segment;not_FixedPrice
143723,Koillis-Satakunnan Sähkö Oy,24,2026-08-18,not_exact_fixed_segment;not_FixedPrice
143724,Vaasan Sähkö Myynti Oy,24,2026-08-18,not_General
143735,Kokkolan Energia Oy,12,2026-08-18,not_exact_fixed_segment;not_FixedPrice
143737,Nordic Green Energy,24,2026-08-18,not_exact_fixed_segment;not_FixedPrice
143741,Lammaisten Energia Oy,24,2026-08-18,not_General
143743,Korpelan Energia Oy,12,2026-08-18,not_exact_fixed_segment;not_FixedPrice
143744,Korpelan Energia Oy,24,2026-08-18,not_exact_fixed_segment;not_FixedPrice
143750,Fortum Markets Oy,12,2026-08-18,not_exact_fixed_segment;not_FixedPrice
143752,Omavoima Oy,24,2026-08-18,not_General
143754,Pohjois-Karjalan Sähkö Oy,24,2026-08-18,not_General
143758,Omavoima Oy,12,2026-08-18,not_General
143759,Keravan Energia Oy,12,2026-08-18,not_exact_fixed_segment;not_FixedPrice
143760,Alajärven Sähkö Oy,24,2026-08-18,not_General
143761,Köyliön-Säkylän Sähkö Oy,12,2026-08-18,not_General
143763,Helen Oy,12,2026-08-18,not_exact_fixed_segment;not_FixedPrice
143767,Keravan Energia Oy,12,2026-08-18,not_exact_fixed_segment;not_FixedPrice
143769,Keravan Energia Oy,24,2026-08-18,not_exact_fixed_segment;not_FixedPrice
144038,Äänekosken Energia Oy,6,2026-08-19,not_General
144041,Pohjois-Karjalan Sähkö Oy,6,2026-08-19,not_General
144044,Nurmijärven Sähkö Oy,24,2026-08-19,not_General
144053,Helen Oy,24,2026-08-19,not_exact_fixed_segment;not_FixedPrice
144054,Oomi Oy,24,2026-08-19,not_exact_fixed_segment;not_FixedPrice
144057,Kokkolan Energia Oy,24,2026-08-19,not_exact_fixed_segment;not_FixedPrice
144058,Äänekosken Energia Oy,6,2026-08-19,not_General
144060,Koillis-Satakunnan Sähkö Oy,24,2026-08-19,not_General
144062,Omavoima Oy,12,2026-08-19,not_General
144066,Porvoon Energia Oy,24,2026-08-19,not_General
144067,Nurmijärven Sähkö Oy,12,2026-08-19,not_General
144071,Kokkolan Energia Oy,6,2026-08-19,not_exact_fixed_segment;not_FixedPrice
144073,Fortum Markets Oy,24,2026-08-19,not_exact_fixed_segment;not_FixedPrice
144074,Äänekosken Energia Oy,24,2026-08-19,not_General
144076,Lammaisten Energia Oy,12,2026-08-19,not_exact_fixed_segment;not_FixedPrice;not_General
144085,Koillis-Satakunnan Sähkö Oy,24,2026-08-19,not_General
144086,Nordic Green Energy,24,2026-08-19,not_exact_fixed_segment;not_FixedPrice
144093,Nordic Green Energy,12,2026-08-19,not_exact_fixed_segment;not_FixedPrice
144098,Pohjois-Karjalan Sähkö Oy,12,2026-08-19,not_General
144099,Lammaisten Energia Oy,24,2026-08-19,not_exact_fixed_segment;not_FixedPrice;not_General
144100,Vaasan Sähkö Myynti Oy,24,2026-08-19,not_exact_fixed_segment;not_FixedPrice
144105,Lammaisten Energia Oy,24,2026-08-19,not_exact_fixed_segment;not_FixedPrice;not_General
144120,Porvoon Energia Oy,24,2026-08-19,not_General
144122,Lammaisten Energia Oy,12,2026-08-19,not_exact_fixed_segment;not_FixedPrice;not_General
144126,Paneliankosken Voima Oy,12,2026-08-19,not_General
144129,Porvoon Energia Oy,12,2026-08-19,not_General
144131,Äänekosken Energia Oy,12,2026-08-19,not_General
144132,Vaasan Sähkö Myynti Oy,12,2026-08-19,not_General
144133,Vaasan Sähkö Myynti Oy,6,2026-08-19,not_exact_fixed_segment;not_FixedPrice
144143,Lammaisten Energia Oy,12,2026-08-19,not_General
144146,Paneliankosken Voima Oy,12,2026-08-19,not_exact_fixed_segment;not_FixedPrice
144150,Porvoon Energia Oy,12,2026-08-19,not_General
144151,Köyliön-Säkylän Sähkö Oy,24,2026-08-19,not_General
144157,Pohjois-Karjalan Sähkö Oy,24,2026-08-19,not_General
144161,Koillis-Satakunnan Sähkö Oy,12,2026-08-19,not_General
144164,Pohjois-Karjalan Sähkö Oy,6,2026-08-19,not_General
144167,Koillis-Satakunnan Sähkö Oy,12,2026-08-19,not_General
144169,Nurmijärven Sähkö Oy,12,2026-08-19,not_General
144175,Hehku Energia Oy,12,2026-08-19,not_exact_fixed_segment;not_FixedPrice
144177,Pohjois-Karjalan Sähkö Oy,12,2026-08-19,not_General
144178,Oomi Oy,12,2026-08-19,not_exact_fixed_segment;not_FixedPrice
144185,Porvoon Energia Oy,24,2026-08-19,not_General
144188,Lammaisten Energia Oy,24,2026-08-19,not_exact_fixed_segment;not_FixedPrice
144192,Alajärven Sähkö Oy,12,2026-08-19,not_General
144194,Keravan Energia Oy,24,2026-08-19,not_exact_fixed_segment;not_FixedPrice
144195,Vaasan Sähkö Myynti Oy,6,2026-08-19,not_General
144204,Hehku Energia Oy,24,2026-08-19,not_exact_fixed_segment;not_FixedPrice
144206,Imatran Seudun Sähkö Oy,12,2026-08-19,not_exact_fixed_segment;not_FixedPrice
144207,Nordic Green Energy,12,2026-08-19,not_exact_fixed_segment;not_FixedPrice
144210,Lammaisten Energia Oy,12,2026-08-19,not_General
144213,Äänekosken Energia Oy,24,2026-08-19,not_General
144216,Äänekosken Energia Oy,12,2026-08-19,not_General
144219,Vaasan Sähkö Myynti Oy,12,2026-08-19,not_exact_fixed_segment;not_FixedPrice
144222,Imatran Seudun Sähkö Oy,6,2026-08-19,not_exact_fixed_segment;not_FixedPrice
144223,Lammaisten Energia Oy,24,2026-08-19,not_General
144224,Paneliankosken Voima Oy,24,2026-08-19,not_General
144231,Nurmijärven Sähkö Oy,24,2026-08-19,not_General
144232,Köyliön-Säkylän Sähkö Oy,24,2026-08-19,not_General
144235,Lammaisten Energia Oy,12,2026-08-19,not_exact_fixed_segment;not_FixedPrice
144241,Keravan Energia Oy,12,2026-08-19,not_exact_fixed_segment;not_FixedPrice
144245,Omavoima Oy,24,2026-08-19,not_General
144247,Köyliön-Säkylän Sähkö Oy,12,2026-08-19,not_General
144250,Koillis-Satakunnan Sähkö Oy,24,2026-08-19,not_exact_fixed_segment;not_FixedPrice
144251,Vaasan Sähkö Myynti Oy,24,2026-08-19,not_General
144252,Omavoima Oy,24,2026-08-19,not_exact_fixed_segment;not_FixedPrice
144255,Koillis-Satakunnan Sähkö Oy,24,2026-08-19,not_exact_fixed_segment;not_FixedPrice
144264,Imatran Seudun Sähkö Oy,24,2026-08-19,not_exact_fixed_segment;not_FixedPrice
144267,Kokkolan Energia Oy,12,2026-08-19,not_exact_fixed_segment;not_FixedPrice
144269,Nordic Green Energy,24,2026-08-19,not_exact_fixed_segment;not_FixedPrice
144274,Lammaisten Energia Oy,24,2026-08-19,not_General
144276,Korpelan Energia Oy,12,2026-08-19,not_exact_fixed_segment;not_FixedPrice
144277,Korpelan Energia Oy,24,2026-08-19,not_exact_fixed_segment;not_FixedPrice
144284,Fortum Markets Oy,12,2026-08-19,not_exact_fixed_segment;not_FixedPrice
144286,Omavoima Oy,24,2026-08-19,not_General
144288,Pohjois-Karjalan Sähkö Oy,24,2026-08-19,not_General
144292,Omavoima Oy,12,2026-08-19,not_General
144293,Keravan Energia Oy,12,2026-08-19,not_exact_fixed_segment;not_FixedPrice
144294,Alajärven Sähkö Oy,24,2026-08-19,not_General
144295,Köyliön-Säkylän Sähkö Oy,12,2026-08-19,not_General
144297,Helen Oy,12,2026-08-19,not_exact_fixed_segment;not_FixedPrice
144300,Keravan Energia Oy,12,2026-08-19,not_exact_fixed_segment;not_FixedPrice
144302,Keravan Energia Oy,24,2026-08-19,not_exact_fixed_segment;not_FixedPrice
144579,Äänekosken Energia Oy,6,2026-08-20,not_General
144582,Pohjois-Karjalan Sähkö Oy,6,2026-08-20,not_General
144584,Nurmijärven Sähkö Oy,24,2026-08-20,not_General
144593,Helen Oy,24,2026-08-20,not_exact_fixed_segment;not_FixedPrice
144594,Oomi Oy,24,2026-08-20,not_exact_fixed_segment;not_FixedPrice
144597,Kokkolan Energia Oy,24,2026-08-20,not_exact_fixed_segment;not_FixedPrice
144598,Äänekosken Energia Oy,6,2026-08-20,not_General
144600,Koillis-Satakunnan Sähkö Oy,24,2026-08-20,not_General
144602,Omavoima Oy,12,2026-08-20,not_General
144606,Porvoon Energia Oy,24,2026-08-20,not_General
144607,Nurmijärven Sähkö Oy,12,2026-08-20,not_General
144611,Fortum Markets Oy,24,2026-08-20,not_exact_fixed_segment;not_FixedPrice
144612,Äänekosken Energia Oy,24,2026-08-20,not_General
144614,Lammaisten Energia Oy,12,2026-08-20,not_exact_fixed_segment;not_FixedPrice;not_General
144623,Koillis-Satakunnan Sähkö Oy,24,2026-08-20,not_General
144624,Nordic Green Energy,24,2026-08-20,not_exact_fixed_segment;not_FixedPrice
144631,Nordic Green Energy,12,2026-08-20,not_exact_fixed_segment;not_FixedPrice
144636,Pohjois-Karjalan Sähkö Oy,12,2026-08-20,not_General
144637,Lammaisten Energia Oy,24,2026-08-20,not_exact_fixed_segment;not_FixedPrice;not_General
144638,Vaasan Sähkö Myynti Oy,24,2026-08-20,not_exact_fixed_segment;not_FixedPrice
144643,Lammaisten Energia Oy,24,2026-08-20,not_exact_fixed_segment;not_FixedPrice;not_General
144657,Porvoon Energia Oy,24,2026-08-20,not_General
144659,Lammaisten Energia Oy,12,2026-08-20,not_exact_fixed_segment;not_FixedPrice;not_General
144665,Porvoon Energia Oy,12,2026-08-20,not_General
144667,Äänekosken Energia Oy,12,2026-08-20,not_General
144668,Vaasan Sähkö Myynti Oy,12,2026-08-20,not_General
144669,Vaasan Sähkö Myynti Oy,6,2026-08-20,not_exact_fixed_segment;not_FixedPrice
144674,Kokkolan Energia Oy,6,2026-08-20,not_exact_fixed_segment;not_FixedPrice
144680,Lammaisten Energia Oy,12,2026-08-20,not_General
144687,Porvoon Energia Oy,12,2026-08-20,not_General
144688,Köyliön-Säkylän Sähkö Oy,24,2026-08-20,not_General
144694,Pohjois-Karjalan Sähkö Oy,24,2026-08-20,not_General
144698,Koillis-Satakunnan Sähkö Oy,12,2026-08-20,not_General
144701,Pohjois-Karjalan Sähkö Oy,6,2026-08-20,not_General
144704,Koillis-Satakunnan Sähkö Oy,12,2026-08-20,not_General
144706,Nurmijärven Sähkö Oy,12,2026-08-20,not_General
144712,Hehku Energia Oy,12,2026-08-20,not_exact_fixed_segment;not_FixedPrice
144714,Pohjois-Karjalan Sähkö Oy,12,2026-08-20,not_General
144715,Oomi Oy,12,2026-08-20,not_exact_fixed_segment;not_FixedPrice
144722,Porvoon Energia Oy,24,2026-08-20,not_General
144725,Lammaisten Energia Oy,24,2026-08-20,not_exact_fixed_segment;not_FixedPrice
144728,Alajärven Sähkö Oy,12,2026-08-20,not_General
144730,Keravan Energia Oy,24,2026-08-20,not_exact_fixed_segment;not_FixedPrice
144731,Vaasan Sähkö Myynti Oy,6,2026-08-20,not_General
144740,Hehku Energia Oy,24,2026-08-20,not_exact_fixed_segment;not_FixedPrice
144742,Imatran Seudun Sähkö Oy,12,2026-08-20,not_exact_fixed_segment;not_FixedPrice
144743,Nordic Green Energy,12,2026-08-20,not_exact_fixed_segment;not_FixedPrice
144746,Lammaisten Energia Oy,12,2026-08-20,not_General
144750,Äänekosken Energia Oy,24,2026-08-20,not_General
144753,Äänekosken Energia Oy,12,2026-08-20,not_General
144756,Vaasan Sähkö Myynti Oy,12,2026-08-20,not_exact_fixed_segment;not_FixedPrice
144759,Imatran Seudun Sähkö Oy,6,2026-08-20,not_exact_fixed_segment;not_FixedPrice
144760,Lammaisten Energia Oy,24,2026-08-20,not_General
144767,Nurmijärven Sähkö Oy,24,2026-08-20,not_General
144768,Köyliön-Säkylän Sähkö Oy,24,2026-08-20,not_General
144771,Lammaisten Energia Oy,12,2026-08-20,not_exact_fixed_segment;not_FixedPrice
144777,Keravan Energia Oy,12,2026-08-20,not_exact_fixed_segment;not_FixedPrice
144781,Omavoima Oy,24,2026-08-20,not_General
144783,Köyliön-Säkylän Sähkö Oy,12,2026-08-20,not_General
144786,Koillis-Satakunnan Sähkö Oy,24,2026-08-20,not_exact_fixed_segment;not_FixedPrice
144787,Vaasan Sähkö Myynti Oy,24,2026-08-20,not_General
144788,Omavoima Oy,24,2026-08-20,not_exact_fixed_segment;not_FixedPrice
144790,Koillis-Satakunnan Sähkö Oy,24,2026-08-20,not_exact_fixed_segment;not_FixedPrice
144798,Imatran Seudun Sähkö Oy,24,2026-08-20,not_exact_fixed_segment;not_FixedPrice
144801,Kokkolan Energia Oy,12,2026-08-20,not_exact_fixed_segment;not_FixedPrice
144803,Nordic Green Energy,24,2026-08-20,not_exact_fixed_segment;not_FixedPrice
144808,Lammaisten Energia Oy,24,2026-08-20,not_General
144810,Korpelan Energia Oy,12,2026-08-20,not_exact_fixed_segment;not_FixedPrice
144811,Korpelan Energia Oy,24,2026-08-20,not_exact_fixed_segment;not_FixedPrice
144818,Fortum Markets Oy,12,2026-08-20,not_exact_fixed_segment;not_FixedPrice
144820,Omavoima Oy,24,2026-08-20,not_General
144823,Pohjois-Karjalan Sähkö Oy,24,2026-08-20,not_General
144827,Omavoima Oy,12,2026-08-20,not_General
144828,Keravan Energia Oy,12,2026-08-20,not_exact_fixed_segment;not_FixedPrice
144829,Alajärven Sähkö Oy,24,2026-08-20,not_General
144830,Köyliön-Säkylän Sähkö Oy,12,2026-08-20,not_General
144832,Helen Oy,12,2026-08-20,not_exact_fixed_segment;not_FixedPrice
144835,Keravan Energia Oy,12,2026-08-20,not_exact_fixed_segment;not_FixedPrice
144837,Keravan Energia Oy,24,2026-08-20,not_exact_fixed_segment;not_FixedPrice
145108,Äänekosken Energia Oy,6,2026-08-21,not_General
145111,Pohjois-Karjalan Sähkö Oy,6,2026-08-21,not_General
145113,Nurmijärven Sähkö Oy,24,2026-08-21,not_General
145116,Paneliankosken Voima Oy,24,2026-08-21,not_exact_fixed_segment;not_FixedPrice;not_General
145123,Helen Oy,24,2026-08-21,not_exact_fixed_segment;not_FixedPrice
145124,Oomi Oy,24,2026-08-21,not_exact_fixed_segment;not_FixedPrice
145127,Kokkolan Energia Oy,24,2026-08-21,not_exact_fixed_segment;not_FixedPrice
145128,Äänekosken Energia Oy,6,2026-08-21,not_General
145130,Koillis-Satakunnan Sähkö Oy,24,2026-08-21,not_General
145132,Omavoima Oy,12,2026-08-21,not_General
145135,Porvoon Energia Oy,24,2026-08-21,not_General
145137,Nurmijärven Sähkö Oy,12,2026-08-21,not_General
145140,Fortum Markets Oy,24,2026-08-21,not_exact_fixed_segment;not_FixedPrice
145141,Äänekosken Energia Oy,24,2026-08-21,not_General
145143,Lammaisten Energia Oy,12,2026-08-21,not_exact_fixed_segment;not_FixedPrice;not_General
145151,Koillis-Satakunnan Sähkö Oy,24,2026-08-21,not_General
145152,Nordic Green Energy,24,2026-08-21,not_exact_fixed_segment;not_FixedPrice
145159,Nordic Green Energy,12,2026-08-21,not_exact_fixed_segment;not_FixedPrice
145164,Pohjois-Karjalan Sähkö Oy,12,2026-08-21,not_General
145165,Lammaisten Energia Oy,24,2026-08-21,not_exact_fixed_segment;not_FixedPrice;not_General
145166,Vaasan Sähkö Myynti Oy,24,2026-08-21,not_exact_fixed_segment;not_FixedPrice
145171,Lammaisten Energia Oy,24,2026-08-21,not_exact_fixed_segment;not_FixedPrice;not_General
145183,Porvoon Energia Oy,24,2026-08-21,not_General
145185,Lammaisten Energia Oy,12,2026-08-21,not_exact_fixed_segment;not_FixedPrice;not_General
145190,Paneliankosken Voima Oy,24,2026-08-21,not_exact_fixed_segment;not_FixedPrice
145192,Porvoon Energia Oy,12,2026-08-21,not_General
145194,Äänekosken Energia Oy,12,2026-08-21,not_General
145195,Vaasan Sähkö Myynti Oy,12,2026-08-21,not_General
145196,Vaasan Sähkö Myynti Oy,6,2026-08-21,not_exact_fixed_segment;not_FixedPrice
145201,Kokkolan Energia Oy,6,2026-08-21,not_exact_fixed_segment;not_FixedPrice
145207,Lammaisten Energia Oy,12,2026-08-21,not_General
145214,Porvoon Energia Oy,12,2026-08-21,not_General
145215,Köyliön-Säkylän Sähkö Oy,24,2026-08-21,not_General
145221,Pohjois-Karjalan Sähkö Oy,24,2026-08-21,not_General
145225,Koillis-Satakunnan Sähkö Oy,12,2026-08-21,not_General
145229,Pohjois-Karjalan Sähkö Oy,6,2026-08-21,not_General
145232,Koillis-Satakunnan Sähkö Oy,12,2026-08-21,not_General
145234,Nurmijärven Sähkö Oy,12,2026-08-21,not_General
145244,Pohjois-Karjalan Sähkö Oy,12,2026-08-21,not_General
145245,Oomi Oy,12,2026-08-21,not_exact_fixed_segment;not_FixedPrice
145252,Porvoon Energia Oy,24,2026-08-21,not_General
145255,Lammaisten Energia Oy,24,2026-08-21,not_exact_fixed_segment;not_FixedPrice
145258,Alajärven Sähkö Oy,12,2026-08-21,not_General
145261,Keravan Energia Oy,24,2026-08-21,not_exact_fixed_segment;not_FixedPrice
145262,Vaasan Sähkö Myynti Oy,6,2026-08-21,not_General
145269,Paneliankosken Voima Oy,24,2026-08-21,not_General
145271,Hehku Energia Oy,24,2026-08-21,not_exact_fixed_segment;not_FixedPrice
145273,Imatran Seudun Sähkö Oy,12,2026-08-21,not_exact_fixed_segment;not_FixedPrice
145274,Nordic Green Energy,12,2026-08-21,not_exact_fixed_segment;not_FixedPrice
145277,Lammaisten Energia Oy,12,2026-08-21,not_General
145282,Äänekosken Energia Oy,24,2026-08-21,not_General
145285,Äänekosken Energia Oy,12,2026-08-21,not_General
145288,Vaasan Sähkö Myynti Oy,12,2026-08-21,not_exact_fixed_segment;not_FixedPrice
145290,Imatran Seudun Sähkö Oy,6,2026-08-21,not_exact_fixed_segment;not_FixedPrice
145291,Lammaisten Energia Oy,24,2026-08-21,not_General
145298,Nurmijärven Sähkö Oy,24,2026-08-21,not_General
145299,Köyliön-Säkylän Sähkö Oy,24,2026-08-21,not_General
145302,Lammaisten Energia Oy,12,2026-08-21,not_exact_fixed_segment;not_FixedPrice
145308,Keravan Energia Oy,12,2026-08-21,not_exact_fixed_segment;not_FixedPrice
145311,Hehku Energia Oy,12,2026-08-21,not_exact_fixed_segment;not_FixedPrice
145313,Omavoima Oy,24,2026-08-21,not_General
145314,Paneliankosken Voima Oy,12,2026-08-21,not_exact_fixed_segment;not_FixedPrice
145316,Köyliön-Säkylän Sähkö Oy,12,2026-08-21,not_General
145319,Koillis-Satakunnan Sähkö Oy,24,2026-08-21,not_exact_fixed_segment;not_FixedPrice
145320,Vaasan Sähkö Myynti Oy,24,2026-08-21,not_General
145321,Omavoima Oy,24,2026-08-21,not_exact_fixed_segment;not_FixedPrice
145323,Koillis-Satakunnan Sähkö Oy,24,2026-08-21,not_exact_fixed_segment;not_FixedPrice
145332,Imatran Seudun Sähkö Oy,24,2026-08-21,not_exact_fixed_segment;not_FixedPrice
145335,Kokkolan Energia Oy,12,2026-08-21,not_exact_fixed_segment;not_FixedPrice
145337,Nordic Green Energy,24,2026-08-21,not_exact_fixed_segment;not_FixedPrice
145343,Lammaisten Energia Oy,24,2026-08-21,not_General
145345,Korpelan Energia Oy,12,2026-08-21,not_exact_fixed_segment;not_FixedPrice
145346,Korpelan Energia Oy,24,2026-08-21,not_exact_fixed_segment;not_FixedPrice
145348,Paneliankosken Voima Oy,12,2026-08-21,not_General
145353,Fortum Markets Oy,12,2026-08-21,not_exact_fixed_segment;not_FixedPrice
145355,Omavoima Oy,24,2026-08-21,not_General
145358,Pohjois-Karjalan Sähkö Oy,24,2026-08-21,not_General
145362,Omavoima Oy,12,2026-08-21,not_General
145364,Keravan Energia Oy,12,2026-08-21,not_exact_fixed_segment;not_FixedPrice
145365,Alajärven Sähkö Oy,24,2026-08-21,not_General
145366,Köyliön-Säkylän Sähkö Oy,12,2026-08-21,not_General
145368,Helen Oy,12,2026-08-21,not_exact_fixed_segment;not_FixedPrice
145372,Keravan Energia Oy,12,2026-08-21,not_exact_fixed_segment;not_FixedPrice
145374,Keravan Energia Oy,24,2026-08-21,not_exact_fixed_segment;not_FixedPrice
145386,Äänekosken Energia Oy,6,2026-08-22,not_General
145389,Pohjois-Karjalan Sähkö Oy,6,2026-08-22,not_General
145391,Nurmijärven Sähkö Oy,24,2026-08-22,not_General
145394,Paneliankosken Voima Oy,24,2026-08-22,not_exact_fixed_segment;not_FixedPrice;not_General
145401,Helen Oy,24,2026-08-22,not_exact_fixed_segment;not_FixedPrice
145402,Oomi Oy,24,2026-08-22,not_exact_fixed_segment;not_FixedPrice
145405,Kokkolan Energia Oy,24,2026-08-22,not_exact_fixed_segment;not_FixedPrice
145406,Äänekosken Energia Oy,6,2026-08-22,not_General
145408,Koillis-Satakunnan Sähkö Oy,24,2026-08-22,not_General
145410,Omavoima Oy,12,2026-08-22,not_General
145413,Porvoon Energia Oy,24,2026-08-22,not_General
145415,Nurmijärven Sähkö Oy,12,2026-08-22,not_General
145418,Fortum Markets Oy,24,2026-08-22,not_exact_fixed_segment;not_FixedPrice
145419,Äänekosken Energia Oy,24,2026-08-22,not_General
145421,Lammaisten Energia Oy,12,2026-08-22,not_exact_fixed_segment;not_FixedPrice;not_General
145429,Koillis-Satakunnan Sähkö Oy,24,2026-08-22,not_General
145430,Nordic Green Energy,24,2026-08-22,not_exact_fixed_segment;not_FixedPrice
145437,Nordic Green Energy,12,2026-08-22,not_exact_fixed_segment;not_FixedPrice
145442,Pohjois-Karjalan Sähkö Oy,12,2026-08-22,not_General
145443,Lammaisten Energia Oy,24,2026-08-22,not_exact_fixed_segment;not_FixedPrice;not_General
145444,Vaasan Sähkö Myynti Oy,24,2026-08-22,not_exact_fixed_segment;not_FixedPrice
145449,Lammaisten Energia Oy,24,2026-08-22,not_exact_fixed_segment;not_FixedPrice;not_General
145461,Porvoon Energia Oy,24,2026-08-22,not_General
145463,Lammaisten Energia Oy,12,2026-08-22,not_exact_fixed_segment;not_FixedPrice;not_General
145468,Paneliankosken Voima Oy,24,2026-08-22,not_exact_fixed_segment;not_FixedPrice
145470,Porvoon Energia Oy,12,2026-08-22,not_General
145472,Äänekosken Energia Oy,12,2026-08-22,not_General
145473,Vaasan Sähkö Myynti Oy,12,2026-08-22,not_General
145474,Vaasan Sähkö Myynti Oy,6,2026-08-22,not_exact_fixed_segment;not_FixedPrice
145479,Kokkolan Energia Oy,6,2026-08-22,not_exact_fixed_segment;not_FixedPrice
145485,Lammaisten Energia Oy,12,2026-08-22,not_General
145492,Porvoon Energia Oy,12,2026-08-22,not_General
145493,Köyliön-Säkylän Sähkö Oy,24,2026-08-22,not_General
145499,Pohjois-Karjalan Sähkö Oy,24,2026-08-22,not_General
145503,Koillis-Satakunnan Sähkö Oy,12,2026-08-22,not_General
145507,Pohjois-Karjalan Sähkö Oy,6,2026-08-22,not_General
145510,Koillis-Satakunnan Sähkö Oy,12,2026-08-22,not_General
145512,Nurmijärven Sähkö Oy,12,2026-08-22,not_General
145522,Pohjois-Karjalan Sähkö Oy,12,2026-08-22,not_General
145523,Oomi Oy,12,2026-08-22,not_exact_fixed_segment;not_FixedPrice
145530,Porvoon Energia Oy,24,2026-08-22,not_General
145533,Lammaisten Energia Oy,24,2026-08-22,not_exact_fixed_segment;not_FixedPrice
145536,Alajärven Sähkö Oy,12,2026-08-22,not_General
145539,Keravan Energia Oy,24,2026-08-22,not_exact_fixed_segment;not_FixedPrice
145540,Vaasan Sähkö Myynti Oy,6,2026-08-22,not_General
145547,Paneliankosken Voima Oy,24,2026-08-22,not_General
145549,Hehku Energia Oy,24,2026-08-22,not_exact_fixed_segment;not_FixedPrice
145551,Imatran Seudun Sähkö Oy,12,2026-08-22,not_exact_fixed_segment;not_FixedPrice
145552,Nordic Green Energy,12,2026-08-22,not_exact_fixed_segment;not_FixedPrice
145555,Lammaisten Energia Oy,12,2026-08-22,not_General
145560,Äänekosken Energia Oy,24,2026-08-22,not_General
145563,Äänekosken Energia Oy,12,2026-08-22,not_General
145566,Vaasan Sähkö Myynti Oy,12,2026-08-22,not_exact_fixed_segment;not_FixedPrice
145568,Imatran Seudun Sähkö Oy,6,2026-08-22,not_exact_fixed_segment;not_FixedPrice
145569,Lammaisten Energia Oy,24,2026-08-22,not_General
145576,Nurmijärven Sähkö Oy,24,2026-08-22,not_General
145577,Köyliön-Säkylän Sähkö Oy,24,2026-08-22,not_General
145580,Lammaisten Energia Oy,12,2026-08-22,not_exact_fixed_segment;not_FixedPrice
145586,Keravan Energia Oy,12,2026-08-22,not_exact_fixed_segment;not_FixedPrice
145589,Hehku Energia Oy,12,2026-08-22,not_exact_fixed_segment;not_FixedPrice
145591,Omavoima Oy,24,2026-08-22,not_General
145592,Paneliankosken Voima Oy,12,2026-08-22,not_exact_fixed_segment;not_FixedPrice
145594,Köyliön-Säkylän Sähkö Oy,12,2026-08-22,not_General
145597,Koillis-Satakunnan Sähkö Oy,24,2026-08-22,not_exact_fixed_segment;not_FixedPrice
145598,Vaasan Sähkö Myynti Oy,24,2026-08-22,not_General
145599,Omavoima Oy,24,2026-08-22,not_exact_fixed_segment;not_FixedPrice
145601,Koillis-Satakunnan Sähkö Oy,24,2026-08-22,not_exact_fixed_segment;not_FixedPrice
145610,Imatran Seudun Sähkö Oy,24,2026-08-22,not_exact_fixed_segment;not_FixedPrice
145613,Kokkolan Energia Oy,12,2026-08-22,not_exact_fixed_segment;not_FixedPrice
145615,Nordic Green Energy,24,2026-08-22,not_exact_fixed_segment;not_FixedPrice
145621,Lammaisten Energia Oy,24,2026-08-22,not_General
145623,Korpelan Energia Oy,12,2026-08-22,not_exact_fixed_segment;not_FixedPrice
145624,Korpelan Energia Oy,24,2026-08-22,not_exact_fixed_segment;not_FixedPrice
145626,Paneliankosken Voima Oy,12,2026-08-22,not_General
145631,Fortum Markets Oy,12,2026-08-22,not_exact_fixed_segment;not_FixedPrice
145633,Omavoima Oy,24,2026-08-22,not_General
145636,Pohjois-Karjalan Sähkö Oy,24,2026-08-22,not_General
145640,Omavoima Oy,12,2026-08-22,not_General
145642,Keravan Energia Oy,12,2026-08-22,not_exact_fixed_segment;not_FixedPrice
145643,Alajärven Sähkö Oy,24,2026-08-22,not_General
145644,Köyliön-Säkylän Sähkö Oy,12,2026-08-22,not_General
145646,Helen Oy,12,2026-08-22,not_exact_fixed_segment;not_FixedPrice
145650,Keravan Energia Oy,12,2026-08-22,not_exact_fixed_segment;not_FixedPrice
145652,Keravan Energia Oy,24,2026-08-22,not_exact_fixed_segment;not_FixedPrice
145942,Äänekosken Energia Oy,6,2026-08-23,not_General
145945,Pohjois-Karjalan Sähkö Oy,6,2026-08-23,not_General
145947,Nurmijärven Sähkö Oy,24,2026-08-23,not_General
145950,Paneliankosken Voima Oy,24,2026-08-23,not_exact_fixed_segment;not_FixedPrice;not_General
145957,Helen Oy,24,2026-08-23,not_exact_fixed_segment;not_FixedPrice
145958,Oomi Oy,24,2026-08-23,not_exact_fixed_segment;not_FixedPrice
145961,Kokkolan Energia Oy,24,2026-08-23,not_exact_fixed_segment;not_FixedPrice
145962,Äänekosken Energia Oy,6,2026-08-23,not_General
145964,Koillis-Satakunnan Sähkö Oy,24,2026-08-23,not_General
145966,Omavoima Oy,12,2026-08-23,not_General
145969,Porvoon Energia Oy,24,2026-08-23,not_General
145971,Nurmijärven Sähkö Oy,12,2026-08-23,not_General
145974,Fortum Markets Oy,24,2026-08-23,not_exact_fixed_segment;not_FixedPrice
145975,Äänekosken Energia Oy,24,2026-08-23,not_General
145977,Lammaisten Energia Oy,12,2026-08-23,not_exact_fixed_segment;not_FixedPrice;not_General
145985,Koillis-Satakunnan Sähkö Oy,24,2026-08-23,not_General
145986,Nordic Green Energy,24,2026-08-23,not_exact_fixed_segment;not_FixedPrice
145993,Nordic Green Energy,12,2026-08-23,not_exact_fixed_segment;not_FixedPrice
145998,Pohjois-Karjalan Sähkö Oy,12,2026-08-23,not_General
145999,Lammaisten Energia Oy,24,2026-08-23,not_exact_fixed_segment;not_FixedPrice;not_General
146000,Vaasan Sähkö Myynti Oy,24,2026-08-23,not_exact_fixed_segment;not_FixedPrice
146005,Lammaisten Energia Oy,24,2026-08-23,not_exact_fixed_segment;not_FixedPrice;not_General
146017,Porvoon Energia Oy,24,2026-08-23,not_General
146019,Lammaisten Energia Oy,12,2026-08-23,not_exact_fixed_segment;not_FixedPrice;not_General
146024,Paneliankosken Voima Oy,24,2026-08-23,not_exact_fixed_segment;not_FixedPrice
146026,Porvoon Energia Oy,12,2026-08-23,not_General
146028,Äänekosken Energia Oy,12,2026-08-23,not_General
146029,Vaasan Sähkö Myynti Oy,12,2026-08-23,not_General
146030,Vaasan Sähkö Myynti Oy,6,2026-08-23,not_exact_fixed_segment;not_FixedPrice
146035,Kokkolan Energia Oy,6,2026-08-23,not_exact_fixed_segment;not_FixedPrice
146041,Lammaisten Energia Oy,12,2026-08-23,not_General
146048,Porvoon Energia Oy,12,2026-08-23,not_General
146049,Köyliön-Säkylän Sähkö Oy,24,2026-08-23,not_General
146055,Pohjois-Karjalan Sähkö Oy,24,2026-08-23,not_General
146059,Koillis-Satakunnan Sähkö Oy,12,2026-08-23,not_General
146063,Pohjois-Karjalan Sähkö Oy,6,2026-08-23,not_General
146066,Koillis-Satakunnan Sähkö Oy,12,2026-08-23,not_General
146068,Nurmijärven Sähkö Oy,12,2026-08-23,not_General
146078,Pohjois-Karjalan Sähkö Oy,12,2026-08-23,not_General
146079,Oomi Oy,12,2026-08-23,not_exact_fixed_segment;not_FixedPrice
146086,Porvoon Energia Oy,24,2026-08-23,not_General
146089,Lammaisten Energia Oy,24,2026-08-23,not_exact_fixed_segment;not_FixedPrice
146092,Alajärven Sähkö Oy,12,2026-08-23,not_General
146095,Keravan Energia Oy,24,2026-08-23,not_exact_fixed_segment;not_FixedPrice
146096,Vaasan Sähkö Myynti Oy,6,2026-08-23,not_General
146103,Paneliankosken Voima Oy,24,2026-08-23,not_General
146105,Hehku Energia Oy,24,2026-08-23,not_exact_fixed_segment;not_FixedPrice
146107,Imatran Seudun Sähkö Oy,12,2026-08-23,not_exact_fixed_segment;not_FixedPrice
146108,Nordic Green Energy,12,2026-08-23,not_exact_fixed_segment;not_FixedPrice
146111,Lammaisten Energia Oy,12,2026-08-23,not_General
146116,Äänekosken Energia Oy,24,2026-08-23,not_General
146119,Äänekosken Energia Oy,12,2026-08-23,not_General
146122,Vaasan Sähkö Myynti Oy,12,2026-08-23,not_exact_fixed_segment;not_FixedPrice
146124,Imatran Seudun Sähkö Oy,6,2026-08-23,not_exact_fixed_segment;not_FixedPrice
146125,Lammaisten Energia Oy,24,2026-08-23,not_General
146132,Nurmijärven Sähkö Oy,24,2026-08-23,not_General
146133,Köyliön-Säkylän Sähkö Oy,24,2026-08-23,not_General
146136,Lammaisten Energia Oy,12,2026-08-23,not_exact_fixed_segment;not_FixedPrice
146142,Keravan Energia Oy,12,2026-08-23,not_exact_fixed_segment;not_FixedPrice
146145,Hehku Energia Oy,12,2026-08-23,not_exact_fixed_segment;not_FixedPrice
146147,Omavoima Oy,24,2026-08-23,not_General
146148,Paneliankosken Voima Oy,12,2026-08-23,not_exact_fixed_segment;not_FixedPrice
146150,Köyliön-Säkylän Sähkö Oy,12,2026-08-23,not_General
146153,Koillis-Satakunnan Sähkö Oy,24,2026-08-23,not_exact_fixed_segment;not_FixedPrice
146154,Vaasan Sähkö Myynti Oy,24,2026-08-23,not_General
146155,Omavoima Oy,24,2026-08-23,not_exact_fixed_segment;not_FixedPrice
146157,Koillis-Satakunnan Sähkö Oy,24,2026-08-23,not_exact_fixed_segment;not_FixedPrice
146166,Imatran Seudun Sähkö Oy,24,2026-08-23,not_exact_fixed_segment;not_FixedPrice
146169,Kokkolan Energia Oy,12,2026-08-23,not_exact_fixed_segment;not_FixedPrice
146171,Nordic Green Energy,24,2026-08-23,not_exact_fixed_segment;not_FixedPrice
146177,Lammaisten Energia Oy,24,2026-08-23,not_General
146179,Korpelan Energia Oy,12,2026-08-23,not_exact_fixed_segment;not_FixedPrice
146180,Korpelan Energia Oy,24,2026-08-23,not_exact_fixed_segment;not_FixedPrice
146182,Paneliankosken Voima Oy,12,2026-08-23,not_General
146187,Fortum Markets Oy,12,2026-08-23,not_exact_fixed_segment;not_FixedPrice
146189,Omavoima Oy,24,2026-08-23,not_General
146192,Pohjois-Karjalan Sähkö Oy,24,2026-08-23,not_General
146196,Omavoima Oy,12,2026-08-23,not_General
146198,Keravan Energia Oy,12,2026-08-23,not_exact_fixed_segment;not_FixedPrice
146199,Alajärven Sähkö Oy,24,2026-08-23,not_General
146200,Köyliön-Säkylän Sähkö Oy,12,2026-08-23,not_General
146202,Helen Oy,12,2026-08-23,not_exact_fixed_segment;not_FixedPrice
146206,Keravan Energia Oy,12,2026-08-23,not_exact_fixed_segment;not_FixedPrice
146208,Keravan Energia Oy,24,2026-08-23,not_exact_fixed_segment;not_FixedPrice
146497,Äänekosken Energia Oy,6,2026-08-24,not_General
146500,Pohjois-Karjalan Sähkö Oy,6,2026-08-24,not_General
146502,Nurmijärven Sähkö Oy,24,2026-08-24,not_General
146505,Paneliankosken Voima Oy,24,2026-08-24,not_exact_fixed_segment;not_FixedPrice;not_General
146512,Helen Oy,24,2026-08-24,not_exact_fixed_segment;not_FixedPrice
146513,Oomi Oy,24,2026-08-24,not_exact_fixed_segment;not_FixedPrice
146516,Kokkolan Energia Oy,24,2026-08-24,not_exact_fixed_segment;not_FixedPrice
146517,Äänekosken Energia Oy,6,2026-08-24,not_General
146519,Koillis-Satakunnan Sähkö Oy,24,2026-08-24,not_General
146521,Omavoima Oy,12,2026-08-24,not_General
146524,Porvoon Energia Oy,24,2026-08-24,not_General
146526,Nurmijärven Sähkö Oy,12,2026-08-24,not_General
146529,Äänekosken Energia Oy,24,2026-08-24,not_General
146531,Lammaisten Energia Oy,12,2026-08-24,not_exact_fixed_segment;not_FixedPrice;not_General
146539,Koillis-Satakunnan Sähkö Oy,24,2026-08-24,not_General
146540,Nordic Green Energy,24,2026-08-24,not_exact_fixed_segment;not_FixedPrice
146547,Nordic Green Energy,12,2026-08-24,not_exact_fixed_segment;not_FixedPrice
146552,Pohjois-Karjalan Sähkö Oy,12,2026-08-24,not_General
146553,Lammaisten Energia Oy,24,2026-08-24,not_exact_fixed_segment;not_FixedPrice;not_General
146554,Vaasan Sähkö Myynti Oy,24,2026-08-24,not_exact_fixed_segment;not_FixedPrice
146559,Lammaisten Energia Oy,24,2026-08-24,not_exact_fixed_segment;not_FixedPrice;not_General
146571,Porvoon Energia Oy,24,2026-08-24,not_General
146573,Lammaisten Energia Oy,12,2026-08-24,not_exact_fixed_segment;not_FixedPrice;not_General
146578,Paneliankosken Voima Oy,24,2026-08-24,not_exact_fixed_segment;not_FixedPrice
146580,Porvoon Energia Oy,12,2026-08-24,not_General
146582,Äänekosken Energia Oy,12,2026-08-24,not_General
146583,Vaasan Sähkö Myynti Oy,12,2026-08-24,not_General
146584,Vaasan Sähkö Myynti Oy,6,2026-08-24,not_exact_fixed_segment;not_FixedPrice
146589,Kokkolan Energia Oy,6,2026-08-24,not_exact_fixed_segment;not_FixedPrice
146595,Lammaisten Energia Oy,12,2026-08-24,not_General
146602,Porvoon Energia Oy,12,2026-08-24,not_General
146603,Köyliön-Säkylän Sähkö Oy,24,2026-08-24,not_General
146609,Pohjois-Karjalan Sähkö Oy,24,2026-08-24,not_General
146613,Koillis-Satakunnan Sähkö Oy,12,2026-08-24,not_General
146617,Pohjois-Karjalan Sähkö Oy,6,2026-08-24,not_General
146620,Koillis-Satakunnan Sähkö Oy,12,2026-08-24,not_General
146622,Nurmijärven Sähkö Oy,12,2026-08-24,not_General
146632,Pohjois-Karjalan Sähkö Oy,12,2026-08-24,not_General
146633,Oomi Oy,12,2026-08-24,not_exact_fixed_segment;not_FixedPrice
146640,Porvoon Energia Oy,24,2026-08-24,not_General
146643,Lammaisten Energia Oy,24,2026-08-24,not_exact_fixed_segment;not_FixedPrice
146646,Alajärven Sähkö Oy,12,2026-08-24,not_General
146649,Keravan Energia Oy,24,2026-08-24,not_exact_fixed_segment;not_FixedPrice
146650,Vaasan Sähkö Myynti Oy,6,2026-08-24,not_General
146657,Paneliankosken Voima Oy,24,2026-08-24,not_General
146659,Hehku Energia Oy,24,2026-08-24,not_exact_fixed_segment;not_FixedPrice
146661,Imatran Seudun Sähkö Oy,12,2026-08-24,not_exact_fixed_segment;not_FixedPrice
146662,Nordic Green Energy,12,2026-08-24,not_exact_fixed_segment;not_FixedPrice
146665,Lammaisten Energia Oy,12,2026-08-24,not_General
146670,Äänekosken Energia Oy,24,2026-08-24,not_General
146673,Äänekosken Energia Oy,12,2026-08-24,not_General
146676,Vaasan Sähkö Myynti Oy,12,2026-08-24,not_exact_fixed_segment;not_FixedPrice
146678,Imatran Seudun Sähkö Oy,6,2026-08-24,not_exact_fixed_segment;not_FixedPrice
146679,Lammaisten Energia Oy,24,2026-08-24,not_General
146686,Nurmijärven Sähkö Oy,24,2026-08-24,not_General
146687,Köyliön-Säkylän Sähkö Oy,24,2026-08-24,not_General
146690,Lammaisten Energia Oy,12,2026-08-24,not_exact_fixed_segment;not_FixedPrice
146696,Keravan Energia Oy,12,2026-08-24,not_exact_fixed_segment;not_FixedPrice
146699,Hehku Energia Oy,12,2026-08-24,not_exact_fixed_segment;not_FixedPrice
146701,Omavoima Oy,24,2026-08-24,not_General
146702,Paneliankosken Voima Oy,12,2026-08-24,not_exact_fixed_segment;not_FixedPrice
146704,Köyliön-Säkylän Sähkö Oy,12,2026-08-24,not_General
146707,Koillis-Satakunnan Sähkö Oy,24,2026-08-24,not_exact_fixed_segment;not_FixedPrice
146708,Vaasan Sähkö Myynti Oy,24,2026-08-24,not_General
146709,Omavoima Oy,24,2026-08-24,not_exact_fixed_segment;not_FixedPrice
146711,Koillis-Satakunnan Sähkö Oy,24,2026-08-24,not_exact_fixed_segment;not_FixedPrice
146718,Fortum Markets Oy,24,2026-08-24,not_exact_fixed_segment;not_FixedPrice
146721,Imatran Seudun Sähkö Oy,24,2026-08-24,not_exact_fixed_segment;not_FixedPrice
146724,Kokkolan Energia Oy,12,2026-08-24,not_exact_fixed_segment;not_FixedPrice
146726,Nordic Green Energy,24,2026-08-24,not_exact_fixed_segment;not_FixedPrice
146732,Lammaisten Energia Oy,24,2026-08-24,not_General
146734,Korpelan Energia Oy,12,2026-08-24,not_exact_fixed_segment;not_FixedPrice
146735,Korpelan Energia Oy,24,2026-08-24,not_exact_fixed_segment;not_FixedPrice
146737,Paneliankosken Voima Oy,12,2026-08-24,not_General
146742,Fortum Markets Oy,12,2026-08-24,not_exact_fixed_segment;not_FixedPrice
146744,Omavoima Oy,24,2026-08-24,not_General
146747,Pohjois-Karjalan Sähkö Oy,24,2026-08-24,not_General
146751,Omavoima Oy,12,2026-08-24,not_General
146753,Keravan Energia Oy,12,2026-08-24,not_exact_fixed_segment;not_FixedPrice
146754,Alajärven Sähkö Oy,24,2026-08-24,not_General
146755,Köyliön-Säkylän Sähkö Oy,12,2026-08-24,not_General
146757,Helen Oy,12,2026-08-24,not_exact_fixed_segment;not_FixedPrice
146761,Keravan Energia Oy,12,2026-08-24,not_exact_fixed_segment;not_FixedPrice
146763,Keravan Energia Oy,24,2026-08-24,not_exact_fixed_segment;not_FixedPrice
147043,Äänekosken Energia Oy,6,2026-08-25,not_General
147046,Pohjois-Karjalan Sähkö Oy,6,2026-08-25,not_General
147048,Nurmijärven Sähkö Oy,24,2026-08-25,not_General
147051,Paneliankosken Voima Oy,24,2026-08-25,not_exact_fixed_segment;not_FixedPrice;not_General
147058,Oomi Oy,24,2026-08-25,not_exact_fixed_segment;not_FixedPrice
147061,Kokkolan Energia Oy,24,2026-08-25,not_exact_fixed_segment;not_FixedPrice
147062,Äänekosken Energia Oy,6,2026-08-25,not_General
147064,Koillis-Satakunnan Sähkö Oy,24,2026-08-25,not_General
147065,Omavoima Oy,12,2026-08-25,not_General
147068,Porvoon Energia Oy,24,2026-08-25,not_General
147070,Nurmijärven Sähkö Oy,12,2026-08-25,not_General
147073,Äänekosken Energia Oy,24,2026-08-25,not_General
147075,Lammaisten Energia Oy,12,2026-08-25,not_exact_fixed_segment;not_FixedPrice;not_General
147083,Koillis-Satakunnan Sähkö Oy,24,2026-08-25,not_General
147084,Nordic Green Energy,24,2026-08-25,not_exact_fixed_segment;not_FixedPrice
147091,Nordic Green Energy,12,2026-08-25,not_exact_fixed_segment;not_FixedPrice
147096,Pohjois-Karjalan Sähkö Oy,12,2026-08-25,not_General
147097,Vaasan Sähkö Myynti Oy,24,2026-08-25,not_exact_fixed_segment;not_FixedPrice
147113,Porvoon Energia Oy,24,2026-08-25,not_General
147115,Lammaisten Energia Oy,12,2026-08-25,not_exact_fixed_segment;not_FixedPrice;not_General
147117,Lammaisten Energia Oy,24,2026-08-25,not_exact_fixed_segment;not_FixedPrice;not_General
147121,Paneliankosken Voima Oy,24,2026-08-25,not_exact_fixed_segment;not_FixedPrice
147123,Kokkolan Energia Oy,6,2026-08-25,not_exact_fixed_segment;not_FixedPrice
147124,Porvoon Energia Oy,12,2026-08-25,not_General
147126,Äänekosken Energia Oy,12,2026-08-25,not_General
147127,Vaasan Sähkö Myynti Oy,12,2026-08-25,not_General
147128,Vaasan Sähkö Myynti Oy,6,2026-08-25,not_exact_fixed_segment;not_FixedPrice
147138,Lammaisten Energia Oy,12,2026-08-25,not_General
147144,Porvoon Energia Oy,12,2026-08-25,not_General
147146,Köyliön-Säkylän Sähkö Oy,24,2026-08-25,not_General
147152,Pohjois-Karjalan Sähkö Oy,24,2026-08-25,not_General
147154,Helen Oy,12,2026-08-25,not_exact_fixed_segment;not_FixedPrice
147157,Koillis-Satakunnan Sähkö Oy,12,2026-08-25,not_General
147161,Pohjois-Karjalan Sähkö Oy,6,2026-08-25,not_General
147164,Koillis-Satakunnan Sähkö Oy,12,2026-08-25,not_General
147166,Nurmijärven Sähkö Oy,12,2026-08-25,not_General
147176,Pohjois-Karjalan Sähkö Oy,12,2026-08-25,not_General
147177,Oomi Oy,12,2026-08-25,not_exact_fixed_segment;not_FixedPrice
147184,Porvoon Energia Oy,24,2026-08-25,not_General
147189,Alajärven Sähkö Oy,12,2026-08-25,not_General
147192,Keravan Energia Oy,24,2026-08-25,not_exact_fixed_segment;not_FixedPrice
147193,Vaasan Sähkö Myynti Oy,6,2026-08-25,not_General
147200,Paneliankosken Voima Oy,24,2026-08-25,not_General
147202,Hehku Energia Oy,24,2026-08-25,not_exact_fixed_segment;not_FixedPrice
147204,Imatran Seudun Sähkö Oy,12,2026-08-25,not_exact_fixed_segment;not_FixedPrice
147205,Nordic Green Energy,12,2026-08-25,not_exact_fixed_segment;not_FixedPrice
147209,Lammaisten Energia Oy,12,2026-08-25,not_General
147214,Äänekosken Energia Oy,24,2026-08-25,not_General
147217,Äänekosken Energia Oy,12,2026-08-25,not_General
147220,Vaasan Sähkö Myynti Oy,12,2026-08-25,not_exact_fixed_segment;not_FixedPrice
147222,Imatran Seudun Sähkö Oy,6,2026-08-25,not_exact_fixed_segment;not_FixedPrice
147223,Lammaisten Energia Oy,24,2026-08-25,not_General
147226,Lammaisten Energia Oy,24,2026-08-25,not_exact_fixed_segment;not_FixedPrice
147231,Nurmijärven Sähkö Oy,24,2026-08-25,not_General
147232,Köyliön-Säkylän Sähkö Oy,24,2026-08-25,not_General
147233,Lammaisten Energia Oy,24,2026-08-25,not_exact_fixed_segment;not_FixedPrice;not_General
147236,Lammaisten Energia Oy,12,2026-08-25,not_exact_fixed_segment;not_FixedPrice
147242,Keravan Energia Oy,12,2026-08-25,not_exact_fixed_segment;not_FixedPrice
147245,Hehku Energia Oy,12,2026-08-25,not_exact_fixed_segment;not_FixedPrice
147247,Omavoima Oy,24,2026-08-25,not_General
147248,Paneliankosken Voima Oy,12,2026-08-25,not_exact_fixed_segment;not_FixedPrice
147250,Köyliön-Säkylän Sähkö Oy,12,2026-08-25,not_General
147253,Koillis-Satakunnan Sähkö Oy,24,2026-08-25,not_exact_fixed_segment;not_FixedPrice
147254,Vaasan Sähkö Myynti Oy,24,2026-08-25,not_General
147255,Omavoima Oy,24,2026-08-25,not_exact_fixed_segment;not_FixedPrice
147256,Helen Oy,24,2026-08-25,not_exact_fixed_segment;not_FixedPrice
147259,Koillis-Satakunnan Sähkö Oy,24,2026-08-25,not_exact_fixed_segment;not_FixedPrice
147266,Fortum Markets Oy,24,2026-08-25,not_exact_fixed_segment;not_FixedPrice
147269,Imatran Seudun Sähkö Oy,24,2026-08-25,not_exact_fixed_segment;not_FixedPrice
147272,Kokkolan Energia Oy,12,2026-08-25,not_exact_fixed_segment;not_FixedPrice
147274,Nordic Green Energy,24,2026-08-25,not_exact_fixed_segment;not_FixedPrice
147280,Lammaisten Energia Oy,24,2026-08-25,not_General
147282,Korpelan Energia Oy,12,2026-08-25,not_exact_fixed_segment;not_FixedPrice
147283,Korpelan Energia Oy,24,2026-08-25,not_exact_fixed_segment;not_FixedPrice
147285,Paneliankosken Voima Oy,12,2026-08-25,not_General
147290,Fortum Markets Oy,12,2026-08-25,not_exact_fixed_segment;not_FixedPrice
147292,Omavoima Oy,24,2026-08-25,not_General
147295,Pohjois-Karjalan Sähkö Oy,24,2026-08-25,not_General
147299,Omavoima Oy,12,2026-08-25,not_General
147301,Keravan Energia Oy,12,2026-08-25,not_exact_fixed_segment;not_FixedPrice
147302,Alajärven Sähkö Oy,24,2026-08-25,not_General
147303,Köyliön-Säkylän Sähkö Oy,12,2026-08-25,not_General
147308,Keravan Energia Oy,12,2026-08-25,not_exact_fixed_segment;not_FixedPrice
147309,Keravan Energia Oy,24,2026-08-25,not_exact_fixed_segment;not_FixedPrice
147591,Koillis-Satakunnan Sähkö Oy,12,2026-08-26,not_General
147592,Äänekosken Energia Oy,6,2026-08-26,not_General
147595,Pohjois-Karjalan Sähkö Oy,6,2026-08-26,not_General
147597,Nurmijärven Sähkö Oy,24,2026-08-26,not_General
147601,Paneliankosken Voima Oy,24,2026-08-26,not_exact_fixed_segment;not_FixedPrice;not_General
147608,Oomi Oy,24,2026-08-26,not_exact_fixed_segment;not_FixedPrice
147611,Kokkolan Energia Oy,24,2026-08-26,not_exact_fixed_segment;not_FixedPrice
147612,Äänekosken Energia Oy,6,2026-08-26,not_General
147615,Omavoima Oy,12,2026-08-26,not_General
147618,Porvoon Energia Oy,24,2026-08-26,not_General
147620,Nurmijärven Sähkö Oy,12,2026-08-26,not_General
147623,Äänekosken Energia Oy,24,2026-08-26,not_General
147626,Lammaisten Energia Oy,12,2026-08-26,not_exact_fixed_segment;not_FixedPrice;not_General
147633,Nordic Green Energy,24,2026-08-26,not_exact_fixed_segment;not_FixedPrice
147640,Nordic Green Energy,12,2026-08-26,not_exact_fixed_segment;not_FixedPrice
147645,Pohjois-Karjalan Sähkö Oy,12,2026-08-26,not_General
147646,Vaasan Sähkö Myynti Oy,24,2026-08-26,not_exact_fixed_segment;not_FixedPrice
147661,Porvoon Energia Oy,24,2026-08-26,not_General
147663,Lammaisten Energia Oy,12,2026-08-26,not_exact_fixed_segment;not_FixedPrice;not_General
147665,Lammaisten Energia Oy,24,2026-08-26,not_exact_fixed_segment;not_FixedPrice;not_General
147669,Paneliankosken Voima Oy,24,2026-08-26,not_exact_fixed_segment;not_FixedPrice
147671,Kokkolan Energia Oy,6,2026-08-26,not_exact_fixed_segment;not_FixedPrice
147672,Porvoon Energia Oy,12,2026-08-26,not_General
147674,Äänekosken Energia Oy,12,2026-08-26,not_General
147675,Vaasan Sähkö Myynti Oy,12,2026-08-26,not_General
147676,Vaasan Sähkö Myynti Oy,6,2026-08-26,not_exact_fixed_segment;not_FixedPrice
147686,Lammaisten Energia Oy,12,2026-08-26,not_General
147692,Porvoon Energia Oy,12,2026-08-26,not_General
147694,Köyliön-Säkylän Sähkö Oy,24,2026-08-26,not_General
147700,Pohjois-Karjalan Sähkö Oy,24,2026-08-26,not_General
147702,Helen Oy,12,2026-08-26,not_exact_fixed_segment;not_FixedPrice
147708,Pohjois-Karjalan Sähkö Oy,6,2026-08-26,not_General
147712,Nurmijärven Sähkö Oy,12,2026-08-26,not_General
147722,Pohjois-Karjalan Sähkö Oy,12,2026-08-26,not_General
147723,Oomi Oy,12,2026-08-26,not_exact_fixed_segment;not_FixedPrice
147730,Porvoon Energia Oy,24,2026-08-26,not_General
147735,Alajärven Sähkö Oy,12,2026-08-26,not_General
147738,Keravan Energia Oy,24,2026-08-26,not_exact_fixed_segment;not_FixedPrice
147739,Vaasan Sähkö Myynti Oy,6,2026-08-26,not_General
147746,Paneliankosken Voima Oy,24,2026-08-26,not_General
147748,Hehku Energia Oy,24,2026-08-26,not_exact_fixed_segment;not_FixedPrice
147750,Imatran Seudun Sähkö Oy,12,2026-08-26,not_exact_fixed_segment;not_FixedPrice
147751,Nordic Green Energy,12,2026-08-26,not_exact_fixed_segment;not_FixedPrice
147755,Lammaisten Energia Oy,12,2026-08-26,not_General
147760,Äänekosken Energia Oy,24,2026-08-26,not_General
147763,Äänekosken Energia Oy,12,2026-08-26,not_General
147765,Vaasan Sähkö Myynti Oy,12,2026-08-26,not_exact_fixed_segment;not_FixedPrice
147767,Imatran Seudun Sähkö Oy,6,2026-08-26,not_exact_fixed_segment;not_FixedPrice
147768,Lammaisten Energia Oy,24,2026-08-26,not_General
147771,Lammaisten Energia Oy,24,2026-08-26,not_exact_fixed_segment;not_FixedPrice
147776,Nurmijärven Sähkö Oy,24,2026-08-26,not_General
147777,Köyliön-Säkylän Sähkö Oy,24,2026-08-26,not_General
147778,Lammaisten Energia Oy,24,2026-08-26,not_exact_fixed_segment;not_FixedPrice;not_General
147781,Lammaisten Energia Oy,12,2026-08-26,not_exact_fixed_segment;not_FixedPrice
147787,Keravan Energia Oy,12,2026-08-26,not_exact_fixed_segment;not_FixedPrice
147790,Hehku Energia Oy,12,2026-08-26,not_exact_fixed_segment;not_FixedPrice
147792,Omavoima Oy,24,2026-08-26,not_General
147793,Paneliankosken Voima Oy,12,2026-08-26,not_exact_fixed_segment;not_FixedPrice
147795,Köyliön-Säkylän Sähkö Oy,12,2026-08-26,not_General
147798,Koillis-Satakunnan Sähkö Oy,24,2026-08-26,not_exact_fixed_segment;not_FixedPrice
147799,Koillis-Satakunnan Sähkö Oy,24,2026-08-26,not_General
147800,Vaasan Sähkö Myynti Oy,24,2026-08-26,not_General
147801,Omavoima Oy,24,2026-08-26,not_exact_fixed_segment;not_FixedPrice
147802,Helen Oy,24,2026-08-26,not_exact_fixed_segment;not_FixedPrice
147805,Koillis-Satakunnan Sähkö Oy,24,2026-08-26,not_exact_fixed_segment;not_FixedPrice
147812,Fortum Markets Oy,24,2026-08-26,not_exact_fixed_segment;not_FixedPrice
147815,Imatran Seudun Sähkö Oy,24,2026-08-26,not_exact_fixed_segment;not_FixedPrice
147818,Kokkolan Energia Oy,12,2026-08-26,not_exact_fixed_segment;not_FixedPrice
147825,Koillis-Satakunnan Sähkö Oy,24,2026-08-26,not_General
147826,Lammaisten Energia Oy,24,2026-08-26,not_General
147828,Korpelan Energia Oy,12,2026-08-26,not_exact_fixed_segment;not_FixedPrice
147829,Korpelan Energia Oy,24,2026-08-26,not_exact_fixed_segment;not_FixedPrice
147831,Paneliankosken Voima Oy,12,2026-08-26,not_General
147836,Koillis-Satakunnan Sähkö Oy,12,2026-08-26,not_General
147837,Fortum Markets Oy,12,2026-08-26,not_exact_fixed_segment;not_FixedPrice
147839,Omavoima Oy,24,2026-08-26,not_General
147842,Pohjois-Karjalan Sähkö Oy,24,2026-08-26,not_General
147846,Omavoima Oy,12,2026-08-26,not_General
147848,Keravan Energia Oy,12,2026-08-26,not_exact_fixed_segment;not_FixedPrice
147849,Alajärven Sähkö Oy,24,2026-08-26,not_General
147850,Köyliön-Säkylän Sähkö Oy,12,2026-08-26,not_General
147851,Nordic Green Energy,24,2026-08-26,not_exact_fixed_segment;not_FixedPrice
147856,Keravan Energia Oy,12,2026-08-26,not_exact_fixed_segment;not_FixedPrice
147857,Keravan Energia Oy,24,2026-08-26,not_exact_fixed_segment;not_FixedPrice
148141,Koillis-Satakunnan Sähkö Oy,12,2026-08-27,not_General
148142,Äänekosken Energia Oy,6,2026-08-27,not_General
148145,Pohjois-Karjalan Sähkö Oy,6,2026-08-27,not_General
148147,Nurmijärven Sähkö Oy,24,2026-08-27,not_General
148151,Paneliankosken Voima Oy,24,2026-08-27,not_exact_fixed_segment;not_FixedPrice;not_General
148158,Oomi Oy,24,2026-08-27,not_exact_fixed_segment;not_FixedPrice
148161,Kokkolan Energia Oy,24,2026-08-27,not_exact_fixed_segment;not_FixedPrice
148162,Äänekosken Energia Oy,6,2026-08-27,not_General
148165,Omavoima Oy,12,2026-08-27,not_General
148168,Porvoon Energia Oy,24,2026-08-27,not_General
148170,Nurmijärven Sähkö Oy,12,2026-08-27,not_General
148173,Äänekosken Energia Oy,24,2026-08-27,not_General
148176,Lammaisten Energia Oy,12,2026-08-27,not_exact_fixed_segment;not_FixedPrice;not_General
148183,Nordic Green Energy,24,2026-08-27,not_exact_fixed_segment;not_FixedPrice
148190,Nordic Green Energy,12,2026-08-27,not_exact_fixed_segment;not_FixedPrice
148195,Pohjois-Karjalan Sähkö Oy,12,2026-08-27,not_General
148196,Vaasan Sähkö Myynti Oy,24,2026-08-27,not_exact_fixed_segment;not_FixedPrice
148211,Porvoon Energia Oy,24,2026-08-27,not_General
148213,Lammaisten Energia Oy,12,2026-08-27,not_exact_fixed_segment;not_FixedPrice;not_General
148215,Lammaisten Energia Oy,24,2026-08-27,not_exact_fixed_segment;not_FixedPrice;not_General
148219,Paneliankosken Voima Oy,24,2026-08-27,not_exact_fixed_segment;not_FixedPrice
148221,Kokkolan Energia Oy,6,2026-08-27,not_exact_fixed_segment;not_FixedPrice
148222,Porvoon Energia Oy,12,2026-08-27,not_General
148224,Äänekosken Energia Oy,12,2026-08-27,not_General
148226,Vaasan Sähkö Myynti Oy,12,2026-08-27,not_General
148227,Imatran Seudun Sähkö Oy,24,2026-08-27,not_exact_fixed_segment;not_FixedPrice
148228,Vaasan Sähkö Myynti Oy,6,2026-08-27,not_exact_fixed_segment;not_FixedPrice
148238,Lammaisten Energia Oy,12,2026-08-27,not_General
148244,Porvoon Energia Oy,12,2026-08-27,not_General
148246,Köyliön-Säkylän Sähkö Oy,24,2026-08-27,not_General
148252,Pohjois-Karjalan Sähkö Oy,24,2026-08-27,not_General
148254,Helen Oy,12,2026-08-27,not_exact_fixed_segment;not_FixedPrice
148260,Pohjois-Karjalan Sähkö Oy,6,2026-08-27,not_General
148263,Nurmijärven Sähkö Oy,12,2026-08-27,not_General
148273,Pohjois-Karjalan Sähkö Oy,12,2026-08-27,not_General
148274,Oomi Oy,12,2026-08-27,not_exact_fixed_segment;not_FixedPrice
148281,Porvoon Energia Oy,24,2026-08-27,not_General
148284,Imatran Seudun Sähkö Oy,6,2026-08-27,not_exact_fixed_segment;not_FixedPrice
148287,Alajärven Sähkö Oy,12,2026-08-27,not_General
148290,Keravan Energia Oy,24,2026-08-27,not_exact_fixed_segment;not_FixedPrice
148291,Vaasan Sähkö Myynti Oy,6,2026-08-27,not_General
148299,Paneliankosken Voima Oy,24,2026-08-27,not_General
148301,Hehku Energia Oy,24,2026-08-27,not_exact_fixed_segment;not_FixedPrice
148303,Nordic Green Energy,12,2026-08-27,not_exact_fixed_segment;not_FixedPrice
148307,Lammaisten Energia Oy,12,2026-08-27,not_General
148312,Äänekosken Energia Oy,24,2026-08-27,not_General
148315,Äänekosken Energia Oy,12,2026-08-27,not_General
148317,Vaasan Sähkö Myynti Oy,12,2026-08-27,not_exact_fixed_segment;not_FixedPrice
148319,Lammaisten Energia Oy,24,2026-08-27,not_General
148322,Lammaisten Energia Oy,24,2026-08-27,not_exact_fixed_segment;not_FixedPrice
148327,Nurmijärven Sähkö Oy,24,2026-08-27,not_General
148328,Köyliön-Säkylän Sähkö Oy,24,2026-08-27,not_General
148329,Lammaisten Energia Oy,24,2026-08-27,not_exact_fixed_segment;not_FixedPrice;not_General
148332,Lammaisten Energia Oy,12,2026-08-27,not_exact_fixed_segment;not_FixedPrice
148336,Imatran Seudun Sähkö Oy,12,2026-08-27,not_exact_fixed_segment;not_FixedPrice
148339,Keravan Energia Oy,12,2026-08-27,not_exact_fixed_segment;not_FixedPrice
148342,Hehku Energia Oy,12,2026-08-27,not_exact_fixed_segment;not_FixedPrice
148344,Omavoima Oy,24,2026-08-27,not_General
148345,Paneliankosken Voima Oy,12,2026-08-27,not_exact_fixed_segment;not_FixedPrice
148347,Köyliön-Säkylän Sähkö Oy,12,2026-08-27,not_General
148350,Koillis-Satakunnan Sähkö Oy,24,2026-08-27,not_exact_fixed_segment;not_FixedPrice
148351,Koillis-Satakunnan Sähkö Oy,24,2026-08-27,not_General
148352,Vaasan Sähkö Myynti Oy,24,2026-08-27,not_General
148353,Omavoima Oy,24,2026-08-27,not_exact_fixed_segment;not_FixedPrice
148354,Helen Oy,24,2026-08-27,not_exact_fixed_segment;not_FixedPrice
148358,Koillis-Satakunnan Sähkö Oy,24,2026-08-27,not_exact_fixed_segment;not_FixedPrice
148364,Fortum Markets Oy,24,2026-08-27,not_exact_fixed_segment;not_FixedPrice
148369,Kokkolan Energia Oy,12,2026-08-27,not_exact_fixed_segment;not_FixedPrice
148375,Koillis-Satakunnan Sähkö Oy,24,2026-08-27,not_General
148376,Lammaisten Energia Oy,24,2026-08-27,not_General
148378,Korpelan Energia Oy,12,2026-08-27,not_exact_fixed_segment;not_FixedPrice
148379,Korpelan Energia Oy,24,2026-08-27,not_exact_fixed_segment;not_FixedPrice
148381,Paneliankosken Voima Oy,12,2026-08-27,not_General
148386,Koillis-Satakunnan Sähkö Oy,12,2026-08-27,not_General
148387,Fortum Markets Oy,12,2026-08-27,not_exact_fixed_segment;not_FixedPrice
148389,Omavoima Oy,24,2026-08-27,not_General
148392,Pohjois-Karjalan Sähkö Oy,24,2026-08-27,not_General
148396,Omavoima Oy,12,2026-08-27,not_General
148398,Keravan Energia Oy,12,2026-08-27,not_exact_fixed_segment;not_FixedPrice
148399,Alajärven Sähkö Oy,24,2026-08-27,not_General
148400,Köyliön-Säkylän Sähkö Oy,12,2026-08-27,not_General
148401,Nordic Green Energy,24,2026-08-27,not_exact_fixed_segment;not_FixedPrice
148406,Keravan Energia Oy,12,2026-08-27,not_exact_fixed_segment;not_FixedPrice
148407,Keravan Energia Oy,24,2026-08-27,not_exact_fixed_segment;not_FixedPrice
148691,Koillis-Satakunnan Sähkö Oy,12,2026-08-28,not_General
148692,Äänekosken Energia Oy,6,2026-08-28,not_General
148695,Pohjois-Karjalan Sähkö Oy,6,2026-08-28,not_General
148697,Nurmijärven Sähkö Oy,24,2026-08-28,not_General
148701,Paneliankosken Voima Oy,24,2026-08-28,not_exact_fixed_segment;not_FixedPrice;not_General
148708,Oomi Oy,24,2026-08-28,not_exact_fixed_segment;not_FixedPrice
148711,Kokkolan Energia Oy,24,2026-08-28,not_exact_fixed_segment;not_FixedPrice
148712,Äänekosken Energia Oy,6,2026-08-28,not_General
148715,Omavoima Oy,12,2026-08-28,not_General
148718,Porvoon Energia Oy,24,2026-08-28,not_General
148720,Nurmijärven Sähkö Oy,12,2026-08-28,not_General
148724,Äänekosken Energia Oy,24,2026-08-28,not_General
148727,Lammaisten Energia Oy,12,2026-08-28,not_exact_fixed_segment;not_FixedPrice;not_General
148734,Nordic Green Energy,24,2026-08-28,not_exact_fixed_segment;not_FixedPrice
148741,Nordic Green Energy,12,2026-08-28,not_exact_fixed_segment;not_FixedPrice
148746,Pohjois-Karjalan Sähkö Oy,12,2026-08-28,not_General
148747,Vaasan Sähkö Myynti Oy,24,2026-08-28,not_exact_fixed_segment;not_FixedPrice
148762,Porvoon Energia Oy,24,2026-08-28,not_General
148764,Lammaisten Energia Oy,12,2026-08-28,not_exact_fixed_segment;not_FixedPrice;not_General
148767,Lammaisten Energia Oy,24,2026-08-28,not_exact_fixed_segment;not_FixedPrice;not_General
148768,Oomi Oy,12,2026-08-28,not_exact_fixed_segment;not_FixedPrice
148772,Paneliankosken Voima Oy,24,2026-08-28,not_exact_fixed_segment;not_FixedPrice
148774,Kokkolan Energia Oy,6,2026-08-28,not_exact_fixed_segment;not_FixedPrice
148775,Porvoon Energia Oy,12,2026-08-28,not_General
148777,Äänekosken Energia Oy,12,2026-08-28,not_General
148779,Vaasan Sähkö Myynti Oy,12,2026-08-28,not_General
148780,Imatran Seudun Sähkö Oy,24,2026-08-28,not_exact_fixed_segment;not_FixedPrice
148781,Vaasan Sähkö Myynti Oy,6,2026-08-28,not_exact_fixed_segment;not_FixedPrice
148791,Lammaisten Energia Oy,12,2026-08-28,not_General
148796,Porvoon Energia Oy,12,2026-08-28,not_General
148798,Köyliön-Säkylän Sähkö Oy,24,2026-08-28,not_General
148804,Pohjois-Karjalan Sähkö Oy,24,2026-08-28,not_General
148806,Helen Oy,12,2026-08-28,not_exact_fixed_segment;not_FixedPrice
148812,Pohjois-Karjalan Sähkö Oy,6,2026-08-28,not_General
148815,Nurmijärven Sähkö Oy,12,2026-08-28,not_General
148825,Pohjois-Karjalan Sähkö Oy,12,2026-08-28,not_General
148833,Porvoon Energia Oy,24,2026-08-28,not_General
148836,Imatran Seudun Sähkö Oy,6,2026-08-28,not_exact_fixed_segment;not_FixedPrice
148839,Alajärven Sähkö Oy,12,2026-08-28,not_General
148842,Keravan Energia Oy,24,2026-08-28,not_exact_fixed_segment;not_FixedPrice
148843,Vaasan Sähkö Myynti Oy,6,2026-08-28,not_General
148851,Paneliankosken Voima Oy,24,2026-08-28,not_General
148853,Hehku Energia Oy,24,2026-08-28,not_exact_fixed_segment;not_FixedPrice
148855,Nordic Green Energy,12,2026-08-28,not_exact_fixed_segment;not_FixedPrice
148859,Lammaisten Energia Oy,12,2026-08-28,not_General
148864,Äänekosken Energia Oy,24,2026-08-28,not_General
148867,Äänekosken Energia Oy,12,2026-08-28,not_General
148869,Vaasan Sähkö Myynti Oy,12,2026-08-28,not_exact_fixed_segment;not_FixedPrice
148871,Lammaisten Energia Oy,24,2026-08-28,not_General
148874,Lammaisten Energia Oy,24,2026-08-28,not_exact_fixed_segment;not_FixedPrice
148879,Nurmijärven Sähkö Oy,24,2026-08-28,not_General
148880,Köyliön-Säkylän Sähkö Oy,24,2026-08-28,not_General
148881,Lammaisten Energia Oy,24,2026-08-28,not_exact_fixed_segment;not_FixedPrice;not_General
148884,Lammaisten Energia Oy,12,2026-08-28,not_exact_fixed_segment;not_FixedPrice
148888,Imatran Seudun Sähkö Oy,12,2026-08-28,not_exact_fixed_segment;not_FixedPrice
148891,Keravan Energia Oy,12,2026-08-28,not_exact_fixed_segment;not_FixedPrice
148894,Hehku Energia Oy,12,2026-08-28,not_exact_fixed_segment;not_FixedPrice
148896,Omavoima Oy,24,2026-08-28,not_General
148897,Paneliankosken Voima Oy,12,2026-08-28,not_exact_fixed_segment;not_FixedPrice
148899,Köyliön-Säkylän Sähkö Oy,12,2026-08-28,not_General
148902,Koillis-Satakunnan Sähkö Oy,24,2026-08-28,not_exact_fixed_segment;not_FixedPrice
148903,Koillis-Satakunnan Sähkö Oy,24,2026-08-28,not_General
148904,Vaasan Sähkö Myynti Oy,24,2026-08-28,not_General
148905,Omavoima Oy,24,2026-08-28,not_exact_fixed_segment;not_FixedPrice
148906,Helen Oy,24,2026-08-28,not_exact_fixed_segment;not_FixedPrice
148910,Koillis-Satakunnan Sähkö Oy,24,2026-08-28,not_exact_fixed_segment;not_FixedPrice
148916,Fortum Markets Oy,24,2026-08-28,not_exact_fixed_segment;not_FixedPrice
148921,Kokkolan Energia Oy,12,2026-08-28,not_exact_fixed_segment;not_FixedPrice
148927,Koillis-Satakunnan Sähkö Oy,24,2026-08-28,not_General
148928,Lammaisten Energia Oy,24,2026-08-28,not_General
148930,Korpelan Energia Oy,12,2026-08-28,not_exact_fixed_segment;not_FixedPrice
148931,Korpelan Energia Oy,24,2026-08-28,not_exact_fixed_segment;not_FixedPrice
148933,Paneliankosken Voima Oy,12,2026-08-28,not_General
148937,Koillis-Satakunnan Sähkö Oy,12,2026-08-28,not_General
148938,Fortum Markets Oy,12,2026-08-28,not_exact_fixed_segment;not_FixedPrice
148940,Omavoima Oy,24,2026-08-28,not_General
148942,Pohjois-Karjalan Sähkö Oy,24,2026-08-28,not_General
148946,Omavoima Oy,12,2026-08-28,not_General
148948,Keravan Energia Oy,12,2026-08-28,not_exact_fixed_segment;not_FixedPrice
148949,Alajärven Sähkö Oy,24,2026-08-28,not_General
148950,Köyliön-Säkylän Sähkö Oy,12,2026-08-28,not_General
148951,Nordic Green Energy,24,2026-08-28,not_exact_fixed_segment;not_FixedPrice
148956,Keravan Energia Oy,12,2026-08-28,not_exact_fixed_segment;not_FixedPrice
148957,Keravan Energia Oy,24,2026-08-28,not_exact_fixed_segment;not_FixedPrice
149244,Koillis-Satakunnan Sähkö Oy,12,2026-08-29,not_General
149247,Pohjois-Karjalan Sähkö Oy,6,2026-08-29,not_General
149249,Nurmijärven Sähkö Oy,24,2026-08-29,not_General
149253,Paneliankosken Voima Oy,24,2026-08-29,not_exact_fixed_segment;not_FixedPrice;not_General
149259,Oomi Oy,24,2026-08-29,not_exact_fixed_segment;not_FixedPrice
149262,Kokkolan Energia Oy,24,2026-08-29,not_exact_fixed_segment;not_FixedPrice
149265,Omavoima Oy,12,2026-08-29,not_General
149268,Porvoon Energia Oy,24,2026-08-29,not_General
149270,Nurmijärven Sähkö Oy,12,2026-08-29,not_General
149274,Äänekosken Energia Oy,24,2026-08-29,not_General
149277,Lammaisten Energia Oy,12,2026-08-29,not_exact_fixed_segment;not_FixedPrice;not_General
149284,Nordic Green Energy,24,2026-08-29,not_exact_fixed_segment;not_FixedPrice
149291,Nordic Green Energy,12,2026-08-29,not_exact_fixed_segment;not_FixedPrice
149296,Pohjois-Karjalan Sähkö Oy,12,2026-08-29,not_General
149297,Vaasan Sähkö Myynti Oy,24,2026-08-29,not_exact_fixed_segment;not_FixedPrice
149312,Porvoon Energia Oy,24,2026-08-29,not_General
149314,Lammaisten Energia Oy,12,2026-08-29,not_exact_fixed_segment;not_FixedPrice;not_General
149317,Lammaisten Energia Oy,24,2026-08-29,not_exact_fixed_segment;not_FixedPrice;not_General
149318,Oomi Oy,12,2026-08-29,not_exact_fixed_segment;not_FixedPrice
149322,Paneliankosken Voima Oy,24,2026-08-29,not_exact_fixed_segment;not_FixedPrice
149324,Kokkolan Energia Oy,6,2026-08-29,not_exact_fixed_segment;not_FixedPrice
149325,Porvoon Energia Oy,12,2026-08-29,not_General
149327,Äänekosken Energia Oy,12,2026-08-29,not_General
149329,Vaasan Sähkö Myynti Oy,12,2026-08-29,not_General
149330,Imatran Seudun Sähkö Oy,24,2026-08-29,not_exact_fixed_segment;not_FixedPrice
149331,Vaasan Sähkö Myynti Oy,6,2026-08-29,not_exact_fixed_segment;not_FixedPrice
149341,Lammaisten Energia Oy,12,2026-08-29,not_General
149346,Porvoon Energia Oy,12,2026-08-29,not_General
149348,Köyliön-Säkylän Sähkö Oy,24,2026-08-29,not_General
149354,Pohjois-Karjalan Sähkö Oy,24,2026-08-29,not_General
149356,Helen Oy,12,2026-08-29,not_exact_fixed_segment;not_FixedPrice
149362,Pohjois-Karjalan Sähkö Oy,6,2026-08-29,not_General
149365,Nurmijärven Sähkö Oy,12,2026-08-29,not_General
149375,Pohjois-Karjalan Sähkö Oy,12,2026-08-29,not_General
149383,Porvoon Energia Oy,24,2026-08-29,not_General
149386,Imatran Seudun Sähkö Oy,6,2026-08-29,not_exact_fixed_segment;not_FixedPrice
149389,Alajärven Sähkö Oy,12,2026-08-29,not_General
149392,Keravan Energia Oy,24,2026-08-29,not_exact_fixed_segment;not_FixedPrice
149393,Vaasan Sähkö Myynti Oy,6,2026-08-29,not_General
149401,Paneliankosken Voima Oy,24,2026-08-29,not_General
149403,Hehku Energia Oy,24,2026-08-29,not_exact_fixed_segment;not_FixedPrice
149405,Nordic Green Energy,12,2026-08-29,not_exact_fixed_segment;not_FixedPrice
149409,Lammaisten Energia Oy,12,2026-08-29,not_General
149414,Äänekosken Energia Oy,24,2026-08-29,not_General
149417,Äänekosken Energia Oy,12,2026-08-29,not_General
149419,Vaasan Sähkö Myynti Oy,12,2026-08-29,not_exact_fixed_segment;not_FixedPrice
149421,Lammaisten Energia Oy,24,2026-08-29,not_General
149424,Lammaisten Energia Oy,24,2026-08-29,not_exact_fixed_segment;not_FixedPrice
149429,Nurmijärven Sähkö Oy,24,2026-08-29,not_General
149430,Köyliön-Säkylän Sähkö Oy,24,2026-08-29,not_General
149431,Lammaisten Energia Oy,24,2026-08-29,not_exact_fixed_segment;not_FixedPrice;not_General
149434,Lammaisten Energia Oy,12,2026-08-29,not_exact_fixed_segment;not_FixedPrice
149438,Imatran Seudun Sähkö Oy,12,2026-08-29,not_exact_fixed_segment;not_FixedPrice
149441,Keravan Energia Oy,12,2026-08-29,not_exact_fixed_segment;not_FixedPrice
149444,Hehku Energia Oy,12,2026-08-29,not_exact_fixed_segment;not_FixedPrice
149446,Omavoima Oy,24,2026-08-29,not_General
149447,Paneliankosken Voima Oy,12,2026-08-29,not_exact_fixed_segment;not_FixedPrice
149449,Köyliön-Säkylän Sähkö Oy,12,2026-08-29,not_General
149452,Koillis-Satakunnan Sähkö Oy,24,2026-08-29,not_exact_fixed_segment;not_FixedPrice
149453,Koillis-Satakunnan Sähkö Oy,24,2026-08-29,not_General
149454,Vaasan Sähkö Myynti Oy,24,2026-08-29,not_General
149455,Omavoima Oy,24,2026-08-29,not_exact_fixed_segment;not_FixedPrice
149456,Helen Oy,24,2026-08-29,not_exact_fixed_segment;not_FixedPrice
149460,Koillis-Satakunnan Sähkö Oy,24,2026-08-29,not_exact_fixed_segment;not_FixedPrice
149466,Fortum Markets Oy,24,2026-08-29,not_exact_fixed_segment;not_FixedPrice
149471,Kokkolan Energia Oy,12,2026-08-29,not_exact_fixed_segment;not_FixedPrice
149477,Koillis-Satakunnan Sähkö Oy,24,2026-08-29,not_General
149478,Lammaisten Energia Oy,24,2026-08-29,not_General
149480,Korpelan Energia Oy,12,2026-08-29,not_exact_fixed_segment;not_FixedPrice
149481,Korpelan Energia Oy,24,2026-08-29,not_exact_fixed_segment;not_FixedPrice
149483,Paneliankosken Voima Oy,12,2026-08-29,not_General
149487,Koillis-Satakunnan Sähkö Oy,12,2026-08-29,not_General
149488,Fortum Markets Oy,12,2026-08-29,not_exact_fixed_segment;not_FixedPrice
149490,Omavoima Oy,24,2026-08-29,not_General
149492,Pohjois-Karjalan Sähkö Oy,24,2026-08-29,not_General
149496,Omavoima Oy,12,2026-08-29,not_General
149498,Keravan Energia Oy,12,2026-08-29,not_exact_fixed_segment;not_FixedPrice
149499,Alajärven Sähkö Oy,24,2026-08-29,not_General
149500,Köyliön-Säkylän Sähkö Oy,12,2026-08-29,not_General
149501,Nordic Green Energy,24,2026-08-29,not_exact_fixed_segment;not_FixedPrice
149506,Keravan Energia Oy,12,2026-08-29,not_exact_fixed_segment;not_FixedPrice
149507,Keravan Energia Oy,24,2026-08-29,not_exact_fixed_segment;not_FixedPrice
149794,Koillis-Satakunnan Sähkö Oy,12,2026-08-30,not_General
149797,Pohjois-Karjalan Sähkö Oy,6,2026-08-30,not_General
149799,Nurmijärven Sähkö Oy,24,2026-08-30,not_General
149803,Paneliankosken Voima Oy,24,2026-08-30,not_exact_fixed_segment;not_FixedPrice;not_General
149809,Oomi Oy,24,2026-08-30,not_exact_fixed_segment;not_FixedPrice
149812,Kokkolan Energia Oy,24,2026-08-30,not_exact_fixed_segment;not_FixedPrice
149815,Omavoima Oy,12,2026-08-30,not_General
149818,Porvoon Energia Oy,24,2026-08-30,not_General
149820,Nurmijärven Sähkö Oy,12,2026-08-30,not_General
149824,Äänekosken Energia Oy,24,2026-08-30,not_General
149827,Lammaisten Energia Oy,12,2026-08-30,not_exact_fixed_segment;not_FixedPrice;not_General
149834,Nordic Green Energy,24,2026-08-30,not_exact_fixed_segment;not_FixedPrice
149841,Nordic Green Energy,12,2026-08-30,not_exact_fixed_segment;not_FixedPrice
149846,Pohjois-Karjalan Sähkö Oy,12,2026-08-30,not_General
149847,Vaasan Sähkö Myynti Oy,24,2026-08-30,not_exact_fixed_segment;not_FixedPrice
149862,Porvoon Energia Oy,24,2026-08-30,not_General
149864,Lammaisten Energia Oy,12,2026-08-30,not_exact_fixed_segment;not_FixedPrice;not_General
149867,Lammaisten Energia Oy,24,2026-08-30,not_exact_fixed_segment;not_FixedPrice;not_General
149868,Oomi Oy,12,2026-08-30,not_exact_fixed_segment;not_FixedPrice
149872,Paneliankosken Voima Oy,24,2026-08-30,not_exact_fixed_segment;not_FixedPrice
149874,Kokkolan Energia Oy,6,2026-08-30,not_exact_fixed_segment;not_FixedPrice
149875,Porvoon Energia Oy,12,2026-08-30,not_General
149877,Äänekosken Energia Oy,12,2026-08-30,not_General
149879,Vaasan Sähkö Myynti Oy,12,2026-08-30,not_General
149880,Imatran Seudun Sähkö Oy,24,2026-08-30,not_exact_fixed_segment;not_FixedPrice
149881,Vaasan Sähkö Myynti Oy,6,2026-08-30,not_exact_fixed_segment;not_FixedPrice
149891,Lammaisten Energia Oy,12,2026-08-30,not_General
149896,Porvoon Energia Oy,12,2026-08-30,not_General
149898,Köyliön-Säkylän Sähkö Oy,24,2026-08-30,not_General
149904,Pohjois-Karjalan Sähkö Oy,24,2026-08-30,not_General
149906,Helen Oy,12,2026-08-30,not_exact_fixed_segment;not_FixedPrice
149912,Pohjois-Karjalan Sähkö Oy,6,2026-08-30,not_General
149915,Nurmijärven Sähkö Oy,12,2026-08-30,not_General
149925,Pohjois-Karjalan Sähkö Oy,12,2026-08-30,not_General
149933,Porvoon Energia Oy,24,2026-08-30,not_General
149936,Imatran Seudun Sähkö Oy,6,2026-08-30,not_exact_fixed_segment;not_FixedPrice
149939,Alajärven Sähkö Oy,12,2026-08-30,not_General
149942,Keravan Energia Oy,24,2026-08-30,not_exact_fixed_segment;not_FixedPrice
149943,Vaasan Sähkö Myynti Oy,6,2026-08-30,not_General
149951,Paneliankosken Voima Oy,24,2026-08-30,not_General
149953,Hehku Energia Oy,24,2026-08-30,not_exact_fixed_segment;not_FixedPrice
149955,Nordic Green Energy,12,2026-08-30,not_exact_fixed_segment;not_FixedPrice
149959,Lammaisten Energia Oy,12,2026-08-30,not_General
149964,Äänekosken Energia Oy,24,2026-08-30,not_General
149967,Äänekosken Energia Oy,12,2026-08-30,not_General
149969,Vaasan Sähkö Myynti Oy,12,2026-08-30,not_exact_fixed_segment;not_FixedPrice
149971,Lammaisten Energia Oy,24,2026-08-30,not_General
149974,Lammaisten Energia Oy,24,2026-08-30,not_exact_fixed_segment;not_FixedPrice
149979,Nurmijärven Sähkö Oy,24,2026-08-30,not_General
149980,Köyliön-Säkylän Sähkö Oy,24,2026-08-30,not_General
149981,Lammaisten Energia Oy,24,2026-08-30,not_exact_fixed_segment;not_FixedPrice;not_General
149984,Lammaisten Energia Oy,12,2026-08-30,not_exact_fixed_segment;not_FixedPrice
149988,Imatran Seudun Sähkö Oy,12,2026-08-30,not_exact_fixed_segment;not_FixedPrice
149991,Keravan Energia Oy,12,2026-08-30,not_exact_fixed_segment;not_FixedPrice
149994,Hehku Energia Oy,12,2026-08-30,not_exact_fixed_segment;not_FixedPrice
149996,Omavoima Oy,24,2026-08-30,not_General
149997,Paneliankosken Voima Oy,12,2026-08-30,not_exact_fixed_segment;not_FixedPrice
149999,Köyliön-Säkylän Sähkö Oy,12,2026-08-30,not_General
150002,Koillis-Satakunnan Sähkö Oy,24,2026-08-30,not_exact_fixed_segment;not_FixedPrice
150003,Koillis-Satakunnan Sähkö Oy,24,2026-08-30,not_General
150004,Vaasan Sähkö Myynti Oy,24,2026-08-30,not_General
150005,Omavoima Oy,24,2026-08-30,not_exact_fixed_segment;not_FixedPrice
150006,Helen Oy,24,2026-08-30,not_exact_fixed_segment;not_FixedPrice
150010,Koillis-Satakunnan Sähkö Oy,24,2026-08-30,not_exact_fixed_segment;not_FixedPrice
150016,Fortum Markets Oy,24,2026-08-30,not_exact_fixed_segment;not_FixedPrice
150021,Kokkolan Energia Oy,12,2026-08-30,not_exact_fixed_segment;not_FixedPrice
150027,Koillis-Satakunnan Sähkö Oy,24,2026-08-30,not_General
150028,Lammaisten Energia Oy,24,2026-08-30,not_General
150030,Korpelan Energia Oy,12,2026-08-30,not_exact_fixed_segment;not_FixedPrice
150031,Korpelan Energia Oy,24,2026-08-30,not_exact_fixed_segment;not_FixedPrice
150033,Paneliankosken Voima Oy,12,2026-08-30,not_General
150037,Koillis-Satakunnan Sähkö Oy,12,2026-08-30,not_General
150038,Fortum Markets Oy,12,2026-08-30,not_exact_fixed_segment;not_FixedPrice
150040,Omavoima Oy,24,2026-08-30,not_General
150042,Pohjois-Karjalan Sähkö Oy,24,2026-08-30,not_General
150046,Omavoima Oy,12,2026-08-30,not_General
150048,Keravan Energia Oy,12,2026-08-30,not_exact_fixed_segment;not_FixedPrice
150049,Alajärven Sähkö Oy,24,2026-08-30,not_General
150050,Köyliön-Säkylän Sähkö Oy,12,2026-08-30,not_General
150051,Nordic Green Energy,24,2026-08-30,not_exact_fixed_segment;not_FixedPrice
150056,Keravan Energia Oy,12,2026-08-30,not_exact_fixed_segment;not_FixedPrice
150057,Keravan Energia Oy,24,2026-08-30,not_exact_fixed_segment;not_FixedPrice
150339,Koillis-Satakunnan Sähkö Oy,12,2026-08-31,not_General
150342,Pohjois-Karjalan Sähkö Oy,6,2026-08-31,not_General
150344,Nurmijärven Sähkö Oy,24,2026-08-31,not_General
150348,Paneliankosken Voima Oy,24,2026-08-31,not_exact_fixed_segment;not_FixedPrice;not_General
150354,Oomi Oy,24,2026-08-31,not_exact_fixed_segment;not_FixedPrice
150357,Kokkolan Energia Oy,24,2026-08-31,not_exact_fixed_segment;not_FixedPrice
150360,Omavoima Oy,12,2026-08-31,not_General
150363,Porvoon Energia Oy,24,2026-08-31,not_General
150365,Nurmijärven Sähkö Oy,12,2026-08-31,not_General
150369,Äänekosken Energia Oy,24,2026-08-31,not_General
150372,Lammaisten Energia Oy,12,2026-08-31,not_exact_fixed_segment;not_FixedPrice;not_General
150379,Nordic Green Energy,24,2026-08-31,not_exact_fixed_segment;not_FixedPrice
150387,Nordic Green Energy,12,2026-08-31,not_exact_fixed_segment;not_FixedPrice
150392,Pohjois-Karjalan Sähkö Oy,12,2026-08-31,not_General
150393,Vaasan Sähkö Myynti Oy,24,2026-08-31,not_exact_fixed_segment;not_FixedPrice
150408,Porvoon Energia Oy,24,2026-08-31,not_General
150410,Lammaisten Energia Oy,12,2026-08-31,not_exact_fixed_segment;not_FixedPrice;not_General
150413,Lammaisten Energia Oy,24,2026-08-31,not_exact_fixed_segment;not_FixedPrice;not_General
150414,Oomi Oy,12,2026-08-31,not_exact_fixed_segment;not_FixedPrice
150418,Paneliankosken Voima Oy,24,2026-08-31,not_exact_fixed_segment;not_FixedPrice
150420,Kokkolan Energia Oy,6,2026-08-31,not_exact_fixed_segment;not_FixedPrice
150421,Porvoon Energia Oy,12,2026-08-31,not_General
150423,Imatran Seudun Sähkö Oy,24,2026-08-31,not_exact_fixed_segment;not_FixedPrice
150424,Äänekosken Energia Oy,12,2026-08-31,not_General
150426,Vaasan Sähkö Myynti Oy,12,2026-08-31,not_General
150427,Vaasan Sähkö Myynti Oy,6,2026-08-31,not_exact_fixed_segment;not_FixedPrice
150437,Lammaisten Energia Oy,12,2026-08-31,not_General
150442,Porvoon Energia Oy,12,2026-08-31,not_General
150444,Köyliön-Säkylän Sähkö Oy,24,2026-08-31,not_General
150450,Pohjois-Karjalan Sähkö Oy,24,2026-08-31,not_General
150452,Helen Oy,12,2026-08-31,not_exact_fixed_segment;not_FixedPrice
150458,Pohjois-Karjalan Sähkö Oy,6,2026-08-31,not_General
150461,Nurmijärven Sähkö Oy,12,2026-08-31,not_General
150468,Fortum Markets Oy,24,2026-08-31,not_exact_fixed_segment;not_FixedPrice
150472,Pohjois-Karjalan Sähkö Oy,12,2026-08-31,not_General
150480,Porvoon Energia Oy,24,2026-08-31,not_General
150485,Alajärven Sähkö Oy,12,2026-08-31,not_General
150488,Keravan Energia Oy,24,2026-08-31,not_exact_fixed_segment;not_FixedPrice
150489,Vaasan Sähkö Myynti Oy,6,2026-08-31,not_General
150496,Paneliankosken Voima Oy,24,2026-08-31,not_General
150498,Hehku Energia Oy,24,2026-08-31,not_exact_fixed_segment;not_FixedPrice
150500,Nordic Green Energy,12,2026-08-31,not_exact_fixed_segment;not_FixedPrice
150504,Lammaisten Energia Oy,12,2026-08-31,not_General
150509,Äänekosken Energia Oy,24,2026-08-31,not_General
150512,Äänekosken Energia Oy,12,2026-08-31,not_General
150514,Vaasan Sähkö Myynti Oy,12,2026-08-31,not_exact_fixed_segment;not_FixedPrice
150516,Lammaisten Energia Oy,24,2026-08-31,not_General
150519,Lammaisten Energia Oy,24,2026-08-31,not_exact_fixed_segment;not_FixedPrice
150524,Nurmijärven Sähkö Oy,24,2026-08-31,not_General
150525,Köyliön-Säkylän Sähkö Oy,24,2026-08-31,not_General
150526,Lammaisten Energia Oy,24,2026-08-31,not_exact_fixed_segment;not_FixedPrice;not_General
150529,Lammaisten Energia Oy,12,2026-08-31,not_exact_fixed_segment;not_FixedPrice
150533,Imatran Seudun Sähkö Oy,12,2026-08-31,not_exact_fixed_segment;not_FixedPrice
150536,Keravan Energia Oy,12,2026-08-31,not_exact_fixed_segment;not_FixedPrice
150539,Hehku Energia Oy,12,2026-08-31,not_exact_fixed_segment;not_FixedPrice
150541,Omavoima Oy,24,2026-08-31,not_General
150542,Paneliankosken Voima Oy,12,2026-08-31,not_exact_fixed_segment;not_FixedPrice
150544,Köyliön-Säkylän Sähkö Oy,12,2026-08-31,not_General
150547,Koillis-Satakunnan Sähkö Oy,24,2026-08-31,not_exact_fixed_segment;not_FixedPrice
150548,Koillis-Satakunnan Sähkö Oy,24,2026-08-31,not_General
150549,Vaasan Sähkö Myynti Oy,24,2026-08-31,not_General
150550,Omavoima Oy,24,2026-08-31,not_exact_fixed_segment;not_FixedPrice
150551,Helen Oy,24,2026-08-31,not_exact_fixed_segment;not_FixedPrice
150554,Koillis-Satakunnan Sähkö Oy,24,2026-08-31,not_exact_fixed_segment;not_FixedPrice
150564,Kokkolan Energia Oy,12,2026-08-31,not_exact_fixed_segment;not_FixedPrice
150570,Koillis-Satakunnan Sähkö Oy,24,2026-08-31,not_General
150571,Lammaisten Energia Oy,24,2026-08-31,not_General
150573,Korpelan Energia Oy,12,2026-08-31,not_exact_fixed_segment;not_FixedPrice
150574,Korpelan Energia Oy,24,2026-08-31,not_exact_fixed_segment;not_FixedPrice
150576,Paneliankosken Voima Oy,12,2026-08-31,not_General
150581,Imatran Seudun Sähkö Oy,6,2026-08-31,not_exact_fixed_segment;not_FixedPrice
150582,Koillis-Satakunnan Sähkö Oy,12,2026-08-31,not_General
150583,Fortum Markets Oy,12,2026-08-31,not_exact_fixed_segment;not_FixedPrice
150585,Omavoima Oy,24,2026-08-31,not_General
150587,Pohjois-Karjalan Sähkö Oy,24,2026-08-31,not_General
150591,Omavoima Oy,12,2026-08-31,not_General
150593,Keravan Energia Oy,12,2026-08-31,not_exact_fixed_segment;not_FixedPrice
150594,Alajärven Sähkö Oy,24,2026-08-31,not_General
150595,Köyliön-Säkylän Sähkö Oy,12,2026-08-31,not_General
150596,Nordic Green Energy,24,2026-08-31,not_exact_fixed_segment;not_FixedPrice
150601,Keravan Energia Oy,12,2026-08-31,not_exact_fixed_segment;not_FixedPrice
150602,Keravan Energia Oy,24,2026-08-31,not_exact_fixed_segment;not_FixedPrice
150857,Koillis-Satakunnan Sähkö Oy,12,2026-09-01,not_General
150860,Pohjois-Karjalan Sähkö Oy,6,2026-09-01,not_General
150862,Nurmijärven Sähkö Oy,24,2026-09-01,not_General
150866,Paneliankosken Voima Oy,24,2026-09-01,not_exact_fixed_segment;not_FixedPrice;not_General
150873,Oomi Oy,24,2026-09-01,not_exact_fixed_segment;not_FixedPrice
150878,Kokkolan Energia Oy,6,2026-09-01,not_exact_fixed_segment;not_FixedPrice
150879,Omavoima Oy,12,2026-09-01,not_General
150881,Porvoon Energia Oy,24,2026-09-01,not_General
150882,Nurmijärven Sähkö Oy,12,2026-09-01,not_General
150886,Äänekosken Energia Oy,24,2026-09-01,not_General
150889,Lammaisten Energia Oy,12,2026-09-01,not_exact_fixed_segment;not_FixedPrice;not_General
150895,Nordic Green Energy,24,2026-09-01,not_exact_fixed_segment;not_FixedPrice
150900,Nordic Green Energy,12,2026-09-01,not_exact_fixed_segment;not_FixedPrice
150905,Pohjois-Karjalan Sähkö Oy,12,2026-09-01,not_General
150906,Vaasan Sähkö Myynti Oy,24,2026-09-01,not_exact_fixed_segment;not_FixedPrice
150912,Helen Oy,24,2026-09-01,not_exact_fixed_segment;not_FixedPrice
150921,Porvoon Energia Oy,24,2026-09-01,not_General
150923,Lammaisten Energia Oy,12,2026-09-01,not_exact_fixed_segment;not_FixedPrice;not_General
150926,Lammaisten Energia Oy,24,2026-09-01,not_exact_fixed_segment;not_FixedPrice;not_General
150927,Oomi Oy,12,2026-09-01,not_exact_fixed_segment;not_FixedPrice
150931,Paneliankosken Voima Oy,24,2026-09-01,not_exact_fixed_segment;not_FixedPrice
150933,Porvoon Energia Oy,12,2026-09-01,not_General
150936,Äänekosken Energia Oy,12,2026-09-01,not_General
150938,Vaasan Sähkö Myynti Oy,12,2026-09-01,not_General
150939,Vaasan Sähkö Myynti Oy,6,2026-09-01,not_exact_fixed_segment;not_FixedPrice
150951,Lammaisten Energia Oy,12,2026-09-01,not_General
150956,Porvoon Energia Oy,12,2026-09-01,not_General
150957,Köyliön-Säkylän Sähkö Oy,24,2026-09-01,not_General
150963,Pohjois-Karjalan Sähkö Oy,24,2026-09-01,not_General
150965,Kokkolan Energia Oy,24,2026-09-01,not_exact_fixed_segment;not_FixedPrice
150970,Pohjois-Karjalan Sähkö Oy,6,2026-09-01,not_General
150973,Nurmijärven Sähkö Oy,12,2026-09-01,not_General
150980,Fortum Markets Oy,24,2026-09-01,not_exact_fixed_segment;not_FixedPrice
150984,Pohjois-Karjalan Sähkö Oy,12,2026-09-01,not_General
150993,Porvoon Energia Oy,24,2026-09-01,not_General
150998,Alajärven Sähkö Oy,12,2026-09-01,not_General
151000,Kokkolan Energia Oy,12,2026-09-01,not_exact_fixed_segment;not_FixedPrice
151002,Helen Oy,12,2026-09-01,not_exact_fixed_segment;not_FixedPrice
151003,Keravan Energia Oy,24,2026-09-01,not_exact_fixed_segment;not_FixedPrice
151004,Vaasan Sähkö Myynti Oy,6,2026-09-01,not_General
151010,Paneliankosken Voima Oy,24,2026-09-01,not_General
151012,Hehku Energia Oy,24,2026-09-01,not_exact_fixed_segment;not_FixedPrice
151014,Nordic Green Energy,12,2026-09-01,not_exact_fixed_segment;not_FixedPrice
151016,Lammaisten Energia Oy,12,2026-09-01,not_General
151020,Äänekosken Energia Oy,24,2026-09-01,not_General
151024,Äänekosken Energia Oy,12,2026-09-01,not_General
151025,Vaasan Sähkö Myynti Oy,12,2026-09-01,not_exact_fixed_segment;not_FixedPrice
151027,Lammaisten Energia Oy,24,2026-09-01,not_General
151030,Lammaisten Energia Oy,24,2026-09-01,not_exact_fixed_segment;not_FixedPrice
151035,Nurmijärven Sähkö Oy,24,2026-09-01,not_General
151036,Köyliön-Säkylän Sähkö Oy,24,2026-09-01,not_General
151037,Lammaisten Energia Oy,24,2026-09-01,not_exact_fixed_segment;not_FixedPrice;not_General
151040,Lammaisten Energia Oy,12,2026-09-01,not_exact_fixed_segment;not_FixedPrice
151044,Imatran Seudun Sähkö Oy,12,2026-09-01,not_exact_fixed_segment;not_FixedPrice
151047,Keravan Energia Oy,12,2026-09-01,not_exact_fixed_segment;not_FixedPrice
151053,Hehku Energia Oy,12,2026-09-01,not_exact_fixed_segment;not_FixedPrice
151055,Omavoima Oy,24,2026-09-01,not_General
151056,Paneliankosken Voima Oy,12,2026-09-01,not_exact_fixed_segment;not_FixedPrice
151060,Köyliön-Säkylän Sähkö Oy,12,2026-09-01,not_General
151063,Koillis-Satakunnan Sähkö Oy,24,2026-09-01,not_exact_fixed_segment;not_FixedPrice
151064,Koillis-Satakunnan Sähkö Oy,24,2026-09-01,not_General
151066,Vaasan Sähkö Myynti Oy,24,2026-09-01,not_General
151067,Omavoima Oy,24,2026-09-01,not_exact_fixed_segment;not_FixedPrice
151071,Koillis-Satakunnan Sähkö Oy,24,2026-09-01,not_exact_fixed_segment;not_FixedPrice
151087,Koillis-Satakunnan Sähkö Oy,24,2026-09-01,not_General
151088,Lammaisten Energia Oy,24,2026-09-01,not_General
151090,Korpelan Energia Oy,12,2026-09-01,not_exact_fixed_segment;not_FixedPrice
151092,Korpelan Energia Oy,24,2026-09-01,not_exact_fixed_segment;not_FixedPrice
151094,Paneliankosken Voima Oy,12,2026-09-01,not_General
151099,Imatran Seudun Sähkö Oy,6,2026-09-01,not_exact_fixed_segment;not_FixedPrice
151100,Koillis-Satakunnan Sähkö Oy,12,2026-09-01,not_General
151101,Fortum Markets Oy,12,2026-09-01,not_exact_fixed_segment;not_FixedPrice
151103,Omavoima Oy,24,2026-09-01,not_General
151104,Imatran Seudun Sähkö Oy,24,2026-09-01,not_exact_fixed_segment;not_FixedPrice
151106,Pohjois-Karjalan Sähkö Oy,24,2026-09-01,not_General
151110,Omavoima Oy,12,2026-09-01,not_General
151112,Keravan Energia Oy,12,2026-09-01,not_exact_fixed_segment;not_FixedPrice
151113,Alajärven Sähkö Oy,24,2026-09-01,not_General
151116,Köyliön-Säkylän Sähkö Oy,12,2026-09-01,not_General
151117,Nordic Green Energy,24,2026-09-01,not_exact_fixed_segment;not_FixedPrice
151121,Keravan Energia Oy,12,2026-09-01,not_exact_fixed_segment;not_FixedPrice
151122,Keravan Energia Oy,24,2026-09-01,not_exact_fixed_segment;not_FixedPrice
151399,Keravan Energia Oy,24,2026-09-02,not_exact_fixed_segment;not_FixedPrice
151401,Koillis-Satakunnan Sähkö Oy,12,2026-09-02,not_General
151404,Pohjois-Karjalan Sähkö Oy,6,2026-09-02,not_General
151406,Nurmijärven Sähkö Oy,24,2026-09-02,not_General
151410,Paneliankosken Voima Oy,24,2026-09-02,not_exact_fixed_segment;not_FixedPrice;not_General
151417,Oomi Oy,24,2026-09-02,not_exact_fixed_segment;not_FixedPrice
151422,Kokkolan Energia Oy,6,2026-09-02,not_exact_fixed_segment;not_FixedPrice
151423,Omavoima Oy,12,2026-09-02,not_General
151425,Porvoon Energia Oy,24,2026-09-02,not_General
151426,Nurmijärven Sähkö Oy,12,2026-09-02,not_General
151431,Äänekosken Energia Oy,24,2026-09-02,not_General
151434,Lammaisten Energia Oy,12,2026-09-02,not_exact_fixed_segment;not_FixedPrice;not_General
151440,Nordic Green Energy,24,2026-09-02,not_exact_fixed_segment;not_FixedPrice
151445,Nordic Green Energy,12,2026-09-02,not_exact_fixed_segment;not_FixedPrice
151450,Pohjois-Karjalan Sähkö Oy,12,2026-09-02,not_General
151451,Keravan Energia Oy,12,2026-09-02,not_exact_fixed_segment;not_FixedPrice
151452,Vaasan Sähkö Myynti Oy,24,2026-09-02,not_exact_fixed_segment;not_FixedPrice
151457,Helen Oy,24,2026-09-02,not_exact_fixed_segment;not_FixedPrice
151466,Porvoon Energia Oy,24,2026-09-02,not_General
151468,Lammaisten Energia Oy,12,2026-09-02,not_exact_fixed_segment;not_FixedPrice;not_General
151471,Lammaisten Energia Oy,24,2026-09-02,not_exact_fixed_segment;not_FixedPrice;not_General
151472,Oomi Oy,12,2026-09-02,not_exact_fixed_segment;not_FixedPrice
151476,Paneliankosken Voima Oy,24,2026-09-02,not_exact_fixed_segment;not_FixedPrice
151478,Porvoon Energia Oy,12,2026-09-02,not_General
151481,Äänekosken Energia Oy,12,2026-09-02,not_General
151483,Vaasan Sähkö Myynti Oy,12,2026-09-02,not_General
151484,Vaasan Sähkö Myynti Oy,6,2026-09-02,not_exact_fixed_segment;not_FixedPrice
151496,Lammaisten Energia Oy,12,2026-09-02,not_General
151501,Porvoon Energia Oy,12,2026-09-02,not_General
151502,Köyliön-Säkylän Sähkö Oy,24,2026-09-02,not_General
151508,Pohjois-Karjalan Sähkö Oy,24,2026-09-02,not_General
151510,Kokkolan Energia Oy,24,2026-09-02,not_exact_fixed_segment;not_FixedPrice
151515,Pohjois-Karjalan Sähkö Oy,6,2026-09-02,not_General
151518,Nurmijärven Sähkö Oy,12,2026-09-02,not_General
151525,Fortum Markets Oy,24,2026-09-02,not_exact_fixed_segment;not_FixedPrice
151529,Pohjois-Karjalan Sähkö Oy,12,2026-09-02,not_General
151538,Porvoon Energia Oy,24,2026-09-02,not_General
151543,Alajärven Sähkö Oy,12,2026-09-02,not_General
151545,Kokkolan Energia Oy,12,2026-09-02,not_exact_fixed_segment;not_FixedPrice
151547,Helen Oy,12,2026-09-02,not_exact_fixed_segment;not_FixedPrice
151548,Vaasan Sähkö Myynti Oy,6,2026-09-02,not_General
151554,Paneliankosken Voima Oy,24,2026-09-02,not_General
151556,Hehku Energia Oy,24,2026-09-02,not_exact_fixed_segment;not_FixedPrice
151558,Nordic Green Energy,12,2026-09-02,not_exact_fixed_segment;not_FixedPrice
151560,Lammaisten Energia Oy,12,2026-09-02,not_General
151563,Äänekosken Energia Oy,24,2026-09-02,not_General
151567,Äänekosken Energia Oy,12,2026-09-02,not_General
151568,Vaasan Sähkö Myynti Oy,12,2026-09-02,not_exact_fixed_segment;not_FixedPrice
151570,Lammaisten Energia Oy,24,2026-09-02,not_General
151573,Lammaisten Energia Oy,24,2026-09-02,not_exact_fixed_segment;not_FixedPrice
151578,Nurmijärven Sähkö Oy,24,2026-09-02,not_General
151579,Köyliön-Säkylän Sähkö Oy,24,2026-09-02,not_General
151580,Lammaisten Energia Oy,24,2026-09-02,not_exact_fixed_segment;not_FixedPrice;not_General
151583,Lammaisten Energia Oy,12,2026-09-02,not_exact_fixed_segment;not_FixedPrice
151587,Imatran Seudun Sähkö Oy,12,2026-09-02,not_exact_fixed_segment;not_FixedPrice
151595,Hehku Energia Oy,12,2026-09-02,not_exact_fixed_segment;not_FixedPrice
151597,Omavoima Oy,24,2026-09-02,not_General
151598,Paneliankosken Voima Oy,12,2026-09-02,not_exact_fixed_segment;not_FixedPrice
151602,Köyliön-Säkylän Sähkö Oy,12,2026-09-02,not_General
151605,Koillis-Satakunnan Sähkö Oy,24,2026-09-02,not_exact_fixed_segment;not_FixedPrice
151606,Koillis-Satakunnan Sähkö Oy,24,2026-09-02,not_General
151608,Vaasan Sähkö Myynti Oy,24,2026-09-02,not_General
151609,Omavoima Oy,24,2026-09-02,not_exact_fixed_segment;not_FixedPrice
151614,Koillis-Satakunnan Sähkö Oy,24,2026-09-02,not_exact_fixed_segment;not_FixedPrice
151629,Koillis-Satakunnan Sähkö Oy,24,2026-09-02,not_General
151630,Lammaisten Energia Oy,24,2026-09-02,not_General
151632,Korpelan Energia Oy,12,2026-09-02,not_exact_fixed_segment;not_FixedPrice
151634,Korpelan Energia Oy,24,2026-09-02,not_exact_fixed_segment;not_FixedPrice
151636,Paneliankosken Voima Oy,12,2026-09-02,not_General
151641,Imatran Seudun Sähkö Oy,6,2026-09-02,not_exact_fixed_segment;not_FixedPrice
151642,Koillis-Satakunnan Sähkö Oy,12,2026-09-02,not_General
151643,Fortum Markets Oy,12,2026-09-02,not_exact_fixed_segment;not_FixedPrice
151645,Keravan Energia Oy,24,2026-09-02,not_exact_fixed_segment;not_FixedPrice
151646,Omavoima Oy,24,2026-09-02,not_General
151647,Imatran Seudun Sähkö Oy,24,2026-09-02,not_exact_fixed_segment;not_FixedPrice
151649,Pohjois-Karjalan Sähkö Oy,24,2026-09-02,not_General
151653,Omavoima Oy,12,2026-09-02,not_General
151655,Keravan Energia Oy,12,2026-09-02,not_exact_fixed_segment;not_FixedPrice
151656,Alajärven Sähkö Oy,24,2026-09-02,not_General
151659,Köyliön-Säkylän Sähkö Oy,12,2026-09-02,not_General
151660,Nordic Green Energy,24,2026-09-02,not_exact_fixed_segment;not_FixedPrice
151664,Keravan Energia Oy,12,2026-09-02,not_exact_fixed_segment;not_FixedPrice
151934,Koillis-Satakunnan Sähkö Oy,12,2026-09-03,not_General
151937,Pohjois-Karjalan Sähkö Oy,6,2026-09-03,not_General
151939,Nurmijärven Sähkö Oy,24,2026-09-03,not_General
151943,Paneliankosken Voima Oy,24,2026-09-03,not_exact_fixed_segment;not_FixedPrice;not_General
151947,Kokkolan Energia Oy,12,2026-09-03,not_exact_fixed_segment;not_FixedPrice
151951,Oomi Oy,24,2026-09-03,not_exact_fixed_segment;not_FixedPrice
151956,Keravan Energia Oy,12,2026-09-03,not_exact_fixed_segment;not_FixedPrice
151957,Omavoima Oy,12,2026-09-03,not_General
151959,Porvoon Energia Oy,24,2026-09-03,not_General
151960,Nurmijärven Sähkö Oy,12,2026-09-03,not_General
151965,Äänekosken Energia Oy,24,2026-09-03,not_General
151968,Lammaisten Energia Oy,12,2026-09-03,not_exact_fixed_segment;not_FixedPrice;not_General
151974,Nordic Green Energy,24,2026-09-03,not_exact_fixed_segment;not_FixedPrice
151979,Nordic Green Energy,12,2026-09-03,not_exact_fixed_segment;not_FixedPrice
151984,Pohjois-Karjalan Sähkö Oy,12,2026-09-03,not_General
151985,Vaasan Sähkö Myynti Oy,24,2026-09-03,not_exact_fixed_segment;not_FixedPrice
151991,Helen Oy,24,2026-09-03,not_exact_fixed_segment;not_FixedPrice
152000,Porvoon Energia Oy,24,2026-09-03,not_General
152002,Lammaisten Energia Oy,12,2026-09-03,not_exact_fixed_segment;not_FixedPrice;not_General
152003,Kokkolan Energia Oy,24,2026-09-03,not_exact_fixed_segment;not_FixedPrice
152006,Lammaisten Energia Oy,24,2026-09-03,not_exact_fixed_segment;not_FixedPrice;not_General
152007,Oomi Oy,12,2026-09-03,not_exact_fixed_segment;not_FixedPrice
152011,Paneliankosken Voima Oy,24,2026-09-03,not_exact_fixed_segment;not_FixedPrice
152013,Porvoon Energia Oy,12,2026-09-03,not_General
152016,Äänekosken Energia Oy,12,2026-09-03,not_General
152018,Vaasan Sähkö Myynti Oy,12,2026-09-03,not_General
152019,Vaasan Sähkö Myynti Oy,6,2026-09-03,not_exact_fixed_segment;not_FixedPrice
152031,Lammaisten Energia Oy,12,2026-09-03,not_General
152036,Porvoon Energia Oy,12,2026-09-03,not_General
152037,Köyliön-Säkylän Sähkö Oy,24,2026-09-03,not_General
152038,Keravan Energia Oy,24,2026-09-03,not_exact_fixed_segment;not_FixedPrice
152045,Pohjois-Karjalan Sähkö Oy,24,2026-09-03,not_General
152050,Pohjois-Karjalan Sähkö Oy,6,2026-09-03,not_General
152053,Nurmijärven Sähkö Oy,12,2026-09-03,not_General
152057,Keravan Energia Oy,24,2026-09-03,not_exact_fixed_segment;not_FixedPrice
152061,Fortum Markets Oy,24,2026-09-03,not_exact_fixed_segment;not_FixedPrice
152065,Pohjois-Karjalan Sähkö Oy,12,2026-09-03,not_General
152075,Porvoon Energia Oy,24,2026-09-03,not_General
152080,Alajärven Sähkö Oy,12,2026-09-03,not_General
152083,Helen Oy,12,2026-09-03,not_exact_fixed_segment;not_FixedPrice
152084,Vaasan Sähkö Myynti Oy,6,2026-09-03,not_General
152090,Paneliankosken Voima Oy,24,2026-09-03,not_General
152092,Hehku Energia Oy,24,2026-09-03,not_exact_fixed_segment;not_FixedPrice
152094,Nordic Green Energy,12,2026-09-03,not_exact_fixed_segment;not_FixedPrice
152096,Lammaisten Energia Oy,12,2026-09-03,not_General
152099,Äänekosken Energia Oy,24,2026-09-03,not_General
152103,Äänekosken Energia Oy,12,2026-09-03,not_General
152104,Vaasan Sähkö Myynti Oy,12,2026-09-03,not_exact_fixed_segment;not_FixedPrice
152106,Lammaisten Energia Oy,24,2026-09-03,not_General
152109,Lammaisten Energia Oy,24,2026-09-03,not_exact_fixed_segment;not_FixedPrice
152114,Nurmijärven Sähkö Oy,24,2026-09-03,not_General
152115,Köyliön-Säkylän Sähkö Oy,24,2026-09-03,not_General
152116,Lammaisten Energia Oy,24,2026-09-03,not_exact_fixed_segment;not_FixedPrice;not_General
152119,Lammaisten Energia Oy,12,2026-09-03,not_exact_fixed_segment;not_FixedPrice
152123,Imatran Seudun Sähkö Oy,12,2026-09-03,not_exact_fixed_segment;not_FixedPrice
152129,Hehku Energia Oy,12,2026-09-03,not_exact_fixed_segment;not_FixedPrice
152131,Omavoima Oy,24,2026-09-03,not_General
152132,Paneliankosken Voima Oy,12,2026-09-03,not_exact_fixed_segment;not_FixedPrice
152136,Köyliön-Säkylän Sähkö Oy,12,2026-09-03,not_General
152139,Koillis-Satakunnan Sähkö Oy,24,2026-09-03,not_exact_fixed_segment;not_FixedPrice
152140,Koillis-Satakunnan Sähkö Oy,24,2026-09-03,not_General
152142,Vaasan Sähkö Myynti Oy,24,2026-09-03,not_General
152143,Omavoima Oy,24,2026-09-03,not_exact_fixed_segment;not_FixedPrice
152148,Koillis-Satakunnan Sähkö Oy,24,2026-09-03,not_exact_fixed_segment;not_FixedPrice
152154,Keravan Energia Oy,12,2026-09-03,not_exact_fixed_segment;not_FixedPrice
152160,Kokkolan Energia Oy,6,2026-09-03,not_exact_fixed_segment;not_FixedPrice
152166,Koillis-Satakunnan Sähkö Oy,24,2026-09-03,not_General
152167,Lammaisten Energia Oy,24,2026-09-03,not_General
152169,Korpelan Energia Oy,12,2026-09-03,not_exact_fixed_segment;not_FixedPrice
152172,Korpelan Energia Oy,24,2026-09-03,not_exact_fixed_segment;not_FixedPrice
152174,Paneliankosken Voima Oy,12,2026-09-03,not_General
152180,Imatran Seudun Sähkö Oy,6,2026-09-03,not_exact_fixed_segment;not_FixedPrice
152181,Koillis-Satakunnan Sähkö Oy,12,2026-09-03,not_General
152182,Fortum Markets Oy,12,2026-09-03,not_exact_fixed_segment;not_FixedPrice
152184,Omavoima Oy,24,2026-09-03,not_General
152185,Imatran Seudun Sähkö Oy,24,2026-09-03,not_exact_fixed_segment;not_FixedPrice
152188,Pohjois-Karjalan Sähkö Oy,24,2026-09-03,not_General
152192,Omavoima Oy,12,2026-09-03,not_General
152194,Alajärven Sähkö Oy,24,2026-09-03,not_General
152196,Köyliön-Säkylän Sähkö Oy,12,2026-09-03,not_General
152197,Nordic Green Energy,24,2026-09-03,not_exact_fixed_segment;not_FixedPrice
152462,Koillis-Satakunnan Sähkö Oy,12,2026-09-04,not_General
152465,Pohjois-Karjalan Sähkö Oy,6,2026-09-04,not_General
152467,Nurmijärven Sähkö Oy,24,2026-09-04,not_General
152469,Oomi Oy,12,2026-09-04,not_exact_fixed_segment;not_FixedPrice
152473,Paneliankosken Voima Oy,24,2026-09-04,not_exact_fixed_segment;not_FixedPrice;not_General
152478,Kokkolan Energia Oy,12,2026-09-04,not_exact_fixed_segment;not_FixedPrice
152485,Keravan Energia Oy,12,2026-09-04,not_exact_fixed_segment;not_FixedPrice
152487,Nurmijärven Sähkö Oy,12,2026-09-04,not_General
152491,Äänekosken Energia Oy,24,2026-09-04,not_General
152494,Lammaisten Energia Oy,12,2026-09-04,not_exact_fixed_segment;not_FixedPrice;not_General
152500,Nordic Green Energy,24,2026-09-04,not_exact_fixed_segment;not_FixedPrice
152505,Nordic Green Energy,12,2026-09-04,not_exact_fixed_segment;not_FixedPrice
152510,Pohjois-Karjalan Sähkö Oy,12,2026-09-04,not_General
152511,Vaasan Sähkö Myynti Oy,24,2026-09-04,not_exact_fixed_segment;not_FixedPrice
152516,Helen Oy,24,2026-09-04,not_exact_fixed_segment;not_FixedPrice
152525,Lammaisten Energia Oy,12,2026-09-04,not_exact_fixed_segment;not_FixedPrice;not_General
152526,Kokkolan Energia Oy,24,2026-09-04,not_exact_fixed_segment;not_FixedPrice
152529,Lammaisten Energia Oy,24,2026-09-04,not_exact_fixed_segment;not_FixedPrice;not_General
152533,Paneliankosken Voima Oy,24,2026-09-04,not_exact_fixed_segment;not_FixedPrice
152535,Oomi Oy,24,2026-09-04,not_exact_fixed_segment;not_FixedPrice
152536,Porvoon Energia Oy,12,2026-09-04,not_General
152538,Omavoima Oy,12,2026-09-04,not_General
152540,Äänekosken Energia Oy,12,2026-09-04,not_General
152541,Vaasan Sähkö Myynti Oy,12,2026-09-04,not_General
152542,Vaasan Sähkö Myynti Oy,6,2026-09-04,not_exact_fixed_segment;not_FixedPrice
152553,Lammaisten Energia Oy,12,2026-09-04,not_General
152556,Omavoima Oy,24,2026-09-04,not_exact_fixed_segment;not_FixedPrice
152559,Porvoon Energia Oy,24,2026-09-04,not_General
152560,Porvoon Energia Oy,12,2026-09-04,not_General
152561,Köyliön-Säkylän Sähkö Oy,24,2026-09-04,not_General
152562,Keravan Energia Oy,24,2026-09-04,not_exact_fixed_segment;not_FixedPrice
152569,Pohjois-Karjalan Sähkö Oy,24,2026-09-04,not_General
152574,Pohjois-Karjalan Sähkö Oy,6,2026-09-04,not_General
152575,Imatran Seudun Sähkö Oy,24,2026-09-04,not_exact_fixed_segment;not_FixedPrice
152578,Nurmijärven Sähkö Oy,12,2026-09-04,not_General
152581,Keravan Energia Oy,24,2026-09-04,not_exact_fixed_segment;not_FixedPrice
152585,Fortum Markets Oy,24,2026-09-04,not_exact_fixed_segment;not_FixedPrice
152589,Pohjois-Karjalan Sähkö Oy,12,2026-09-04,not_General
152602,Alajärven Sähkö Oy,12,2026-09-04,not_General
152606,Helen Oy,12,2026-09-04,not_exact_fixed_segment;not_FixedPrice
152607,Porvoon Energia Oy,24,2026-09-04,not_General
152608,Vaasan Sähkö Myynti Oy,6,2026-09-04,not_General
152609,Omavoima Oy,24,2026-09-04,not_General
152615,Paneliankosken Voima Oy,24,2026-09-04,not_General
152617,Hehku Energia Oy,24,2026-09-04,not_exact_fixed_segment;not_FixedPrice
152619,Nordic Green Energy,12,2026-09-04,not_exact_fixed_segment;not_FixedPrice
152621,Lammaisten Energia Oy,12,2026-09-04,not_General
152624,Äänekosken Energia Oy,24,2026-09-04,not_General
152628,Äänekosken Energia Oy,12,2026-09-04,not_General
152629,Vaasan Sähkö Myynti Oy,12,2026-09-04,not_exact_fixed_segment;not_FixedPrice
152631,Omavoima Oy,24,2026-09-04,not_General
152632,Lammaisten Energia Oy,24,2026-09-04,not_General
152635,Lammaisten Energia Oy,24,2026-09-04,not_exact_fixed_segment;not_FixedPrice
152637,Imatran Seudun Sähkö Oy,12,2026-09-04,not_exact_fixed_segment;not_FixedPrice
152640,Nurmijärven Sähkö Oy,24,2026-09-04,not_General
152641,Köyliön-Säkylän Sähkö Oy,24,2026-09-04,not_General
152642,Lammaisten Energia Oy,24,2026-09-04,not_exact_fixed_segment;not_FixedPrice;not_General
152645,Lammaisten Energia Oy,12,2026-09-04,not_exact_fixed_segment;not_FixedPrice
152649,Imatran Seudun Sähkö Oy,12,2026-09-04,not_exact_fixed_segment;not_FixedPrice
152656,Hehku Energia Oy,12,2026-09-04,not_exact_fixed_segment;not_FixedPrice
152658,Paneliankosken Voima Oy,12,2026-09-04,not_exact_fixed_segment;not_FixedPrice
152662,Köyliön-Säkylän Sähkö Oy,12,2026-09-04,not_General
152665,Koillis-Satakunnan Sähkö Oy,24,2026-09-04,not_exact_fixed_segment;not_FixedPrice
152666,Koillis-Satakunnan Sähkö Oy,24,2026-09-04,not_General
152668,Vaasan Sähkö Myynti Oy,24,2026-09-04,not_General
152674,Koillis-Satakunnan Sähkö Oy,24,2026-09-04,not_exact_fixed_segment;not_FixedPrice
152679,Omavoima Oy,12,2026-09-04,not_General
152683,Keravan Energia Oy,12,2026-09-04,not_exact_fixed_segment;not_FixedPrice
152689,Kokkolan Energia Oy,6,2026-09-04,not_exact_fixed_segment;not_FixedPrice
152690,Imatran Seudun Sähkö Oy,6,2026-09-04,not_exact_fixed_segment;not_FixedPrice
152697,Koillis-Satakunnan Sähkö Oy,24,2026-09-04,not_General
152698,Lammaisten Energia Oy,24,2026-09-04,not_General
152700,Korpelan Energia Oy,12,2026-09-04,not_exact_fixed_segment;not_FixedPrice
152703,Korpelan Energia Oy,24,2026-09-04,not_exact_fixed_segment;not_FixedPrice
152705,Paneliankosken Voima Oy,12,2026-09-04,not_General
152710,Koillis-Satakunnan Sähkö Oy,12,2026-09-04,not_General
152711,Fortum Markets Oy,12,2026-09-04,not_exact_fixed_segment;not_FixedPrice
152716,Pohjois-Karjalan Sähkö Oy,24,2026-09-04,not_General
152721,Alajärven Sähkö Oy,24,2026-09-04,not_General
152722,Köyliön-Säkylän Sähkö Oy,12,2026-09-04,not_General
152723,Nordic Green Energy,24,2026-09-04,not_exact_fixed_segment;not_FixedPrice
153011,Koillis-Satakunnan Sähkö Oy,12,2026-09-05,not_General
153014,Pohjois-Karjalan Sähkö Oy,6,2026-09-05,not_General
153016,Nurmijärven Sähkö Oy,24,2026-09-05,not_General
153018,Oomi Oy,12,2026-09-05,not_exact_fixed_segment;not_FixedPrice
153022,Paneliankosken Voima Oy,24,2026-09-05,not_exact_fixed_segment;not_FixedPrice;not_General
153027,Kokkolan Energia Oy,12,2026-09-05,not_exact_fixed_segment;not_FixedPrice
153034,Keravan Energia Oy,12,2026-09-05,not_exact_fixed_segment;not_FixedPrice
153036,Nurmijärven Sähkö Oy,12,2026-09-05,not_General
153040,Äänekosken Energia Oy,24,2026-09-05,not_General
153043,Lammaisten Energia Oy,12,2026-09-05,not_exact_fixed_segment;not_FixedPrice;not_General
153049,Nordic Green Energy,24,2026-09-05,not_exact_fixed_segment;not_FixedPrice
153054,Nordic Green Energy,12,2026-09-05,not_exact_fixed_segment;not_FixedPrice
153059,Pohjois-Karjalan Sähkö Oy,12,2026-09-05,not_General
153060,Vaasan Sähkö Myynti Oy,24,2026-09-05,not_exact_fixed_segment;not_FixedPrice
153065,Helen Oy,24,2026-09-05,not_exact_fixed_segment;not_FixedPrice
153075,Lammaisten Energia Oy,12,2026-09-05,not_exact_fixed_segment;not_FixedPrice;not_General
153076,Kokkolan Energia Oy,24,2026-09-05,not_exact_fixed_segment;not_FixedPrice
153079,Lammaisten Energia Oy,24,2026-09-05,not_exact_fixed_segment;not_FixedPrice;not_General
153083,Paneliankosken Voima Oy,24,2026-09-05,not_exact_fixed_segment;not_FixedPrice
153085,Oomi Oy,24,2026-09-05,not_exact_fixed_segment;not_FixedPrice
153086,Porvoon Energia Oy,12,2026-09-05,not_General
153088,Omavoima Oy,12,2026-09-05,not_General
153090,Äänekosken Energia Oy,12,2026-09-05,not_General
153091,Vaasan Sähkö Myynti Oy,12,2026-09-05,not_General
153092,Vaasan Sähkö Myynti Oy,6,2026-09-05,not_exact_fixed_segment;not_FixedPrice
153103,Lammaisten Energia Oy,12,2026-09-05,not_General
153106,Omavoima Oy,24,2026-09-05,not_exact_fixed_segment;not_FixedPrice
153109,Porvoon Energia Oy,24,2026-09-05,not_General
153110,Porvoon Energia Oy,12,2026-09-05,not_General
153111,Köyliön-Säkylän Sähkö Oy,24,2026-09-05,not_General
153112,Keravan Energia Oy,24,2026-09-05,not_exact_fixed_segment;not_FixedPrice
153119,Pohjois-Karjalan Sähkö Oy,24,2026-09-05,not_General
153124,Pohjois-Karjalan Sähkö Oy,6,2026-09-05,not_General
153125,Imatran Seudun Sähkö Oy,24,2026-09-05,not_exact_fixed_segment;not_FixedPrice
153128,Nurmijärven Sähkö Oy,12,2026-09-05,not_General
153131,Keravan Energia Oy,24,2026-09-05,not_exact_fixed_segment;not_FixedPrice
153135,Fortum Markets Oy,24,2026-09-05,not_exact_fixed_segment;not_FixedPrice
153139,Pohjois-Karjalan Sähkö Oy,12,2026-09-05,not_General
153152,Alajärven Sähkö Oy,12,2026-09-05,not_General
153156,Helen Oy,12,2026-09-05,not_exact_fixed_segment;not_FixedPrice
153157,Porvoon Energia Oy,24,2026-09-05,not_General
153158,Vaasan Sähkö Myynti Oy,6,2026-09-05,not_General
153159,Omavoima Oy,24,2026-09-05,not_General
153165,Paneliankosken Voima Oy,24,2026-09-05,not_General
153167,Hehku Energia Oy,24,2026-09-05,not_exact_fixed_segment;not_FixedPrice
153169,Nordic Green Energy,12,2026-09-05,not_exact_fixed_segment;not_FixedPrice
153171,Lammaisten Energia Oy,12,2026-09-05,not_General
153174,Äänekosken Energia Oy,24,2026-09-05,not_General
153178,Äänekosken Energia Oy,12,2026-09-05,not_General
153179,Vaasan Sähkö Myynti Oy,12,2026-09-05,not_exact_fixed_segment;not_FixedPrice
153181,Omavoima Oy,24,2026-09-05,not_General
153182,Lammaisten Energia Oy,24,2026-09-05,not_General
153185,Lammaisten Energia Oy,24,2026-09-05,not_exact_fixed_segment;not_FixedPrice
153187,Imatran Seudun Sähkö Oy,12,2026-09-05,not_exact_fixed_segment;not_FixedPrice
153190,Nurmijärven Sähkö Oy,24,2026-09-05,not_General
153191,Köyliön-Säkylän Sähkö Oy,24,2026-09-05,not_General
153192,Lammaisten Energia Oy,24,2026-09-05,not_exact_fixed_segment;not_FixedPrice;not_General
153195,Lammaisten Energia Oy,12,2026-09-05,not_exact_fixed_segment;not_FixedPrice
153199,Imatran Seudun Sähkö Oy,12,2026-09-05,not_exact_fixed_segment;not_FixedPrice
153206,Hehku Energia Oy,12,2026-09-05,not_exact_fixed_segment;not_FixedPrice
153208,Paneliankosken Voima Oy,12,2026-09-05,not_exact_fixed_segment;not_FixedPrice
153212,Köyliön-Säkylän Sähkö Oy,12,2026-09-05,not_General
153215,Koillis-Satakunnan Sähkö Oy,24,2026-09-05,not_exact_fixed_segment;not_FixedPrice
153216,Koillis-Satakunnan Sähkö Oy,24,2026-09-05,not_General
153218,Vaasan Sähkö Myynti Oy,24,2026-09-05,not_General
153224,Koillis-Satakunnan Sähkö Oy,24,2026-09-05,not_exact_fixed_segment;not_FixedPrice
153230,Omavoima Oy,12,2026-09-05,not_General
153234,Keravan Energia Oy,12,2026-09-05,not_exact_fixed_segment;not_FixedPrice
153240,Kokkolan Energia Oy,6,2026-09-05,not_exact_fixed_segment;not_FixedPrice
153241,Imatran Seudun Sähkö Oy,6,2026-09-05,not_exact_fixed_segment;not_FixedPrice
153248,Koillis-Satakunnan Sähkö Oy,24,2026-09-05,not_General
153249,Lammaisten Energia Oy,24,2026-09-05,not_General
153251,Korpelan Energia Oy,12,2026-09-05,not_exact_fixed_segment;not_FixedPrice
153254,Korpelan Energia Oy,24,2026-09-05,not_exact_fixed_segment;not_FixedPrice
153256,Paneliankosken Voima Oy,12,2026-09-05,not_General
153261,Koillis-Satakunnan Sähkö Oy,12,2026-09-05,not_General
153262,Fortum Markets Oy,12,2026-09-05,not_exact_fixed_segment;not_FixedPrice
153266,Pohjois-Karjalan Sähkö Oy,24,2026-09-05,not_General
153271,Alajärven Sähkö Oy,24,2026-09-05,not_General
153272,Köyliön-Säkylän Sähkö Oy,12,2026-09-05,not_General
153273,Nordic Green Energy,24,2026-09-05,not_exact_fixed_segment;not_FixedPrice
153563,Koillis-Satakunnan Sähkö Oy,12,2026-09-06,not_General
153566,Pohjois-Karjalan Sähkö Oy,6,2026-09-06,not_General
153568,Nurmijärven Sähkö Oy,24,2026-09-06,not_General
153570,Oomi Oy,12,2026-09-06,not_exact_fixed_segment;not_FixedPrice
153574,Paneliankosken Voima Oy,24,2026-09-06,not_exact_fixed_segment;not_FixedPrice;not_General
153579,Kokkolan Energia Oy,12,2026-09-06,not_exact_fixed_segment;not_FixedPrice
153586,Keravan Energia Oy,12,2026-09-06,not_exact_fixed_segment;not_FixedPrice
153588,Nurmijärven Sähkö Oy,12,2026-09-06,not_General
153592,Äänekosken Energia Oy,24,2026-09-06,not_General
153595,Lammaisten Energia Oy,12,2026-09-06,not_exact_fixed_segment;not_FixedPrice;not_General
153601,Nordic Green Energy,24,2026-09-06,not_exact_fixed_segment;not_FixedPrice
153606,Nordic Green Energy,12,2026-09-06,not_exact_fixed_segment;not_FixedPrice
153611,Pohjois-Karjalan Sähkö Oy,12,2026-09-06,not_General
153612,Vaasan Sähkö Myynti Oy,24,2026-09-06,not_exact_fixed_segment;not_FixedPrice
153617,Helen Oy,24,2026-09-06,not_exact_fixed_segment;not_FixedPrice
153627,Lammaisten Energia Oy,12,2026-09-06,not_exact_fixed_segment;not_FixedPrice;not_General
153628,Kokkolan Energia Oy,24,2026-09-06,not_exact_fixed_segment;not_FixedPrice
153631,Lammaisten Energia Oy,24,2026-09-06,not_exact_fixed_segment;not_FixedPrice;not_General
153635,Paneliankosken Voima Oy,24,2026-09-06,not_exact_fixed_segment;not_FixedPrice
153637,Oomi Oy,24,2026-09-06,not_exact_fixed_segment;not_FixedPrice
153638,Porvoon Energia Oy,12,2026-09-06,not_General
153640,Omavoima Oy,12,2026-09-06,not_General
153642,Äänekosken Energia Oy,12,2026-09-06,not_General
153643,Vaasan Sähkö Myynti Oy,12,2026-09-06,not_General
153644,Vaasan Sähkö Myynti Oy,6,2026-09-06,not_exact_fixed_segment;not_FixedPrice
153655,Lammaisten Energia Oy,12,2026-09-06,not_General
153658,Omavoima Oy,24,2026-09-06,not_exact_fixed_segment;not_FixedPrice
153661,Porvoon Energia Oy,24,2026-09-06,not_General
153662,Porvoon Energia Oy,12,2026-09-06,not_General
153663,Köyliön-Säkylän Sähkö Oy,24,2026-09-06,not_General
153664,Keravan Energia Oy,24,2026-09-06,not_exact_fixed_segment;not_FixedPrice
153671,Pohjois-Karjalan Sähkö Oy,24,2026-09-06,not_General
153676,Pohjois-Karjalan Sähkö Oy,6,2026-09-06,not_General
153677,Imatran Seudun Sähkö Oy,24,2026-09-06,not_exact_fixed_segment;not_FixedPrice
153680,Nurmijärven Sähkö Oy,12,2026-09-06,not_General
153683,Keravan Energia Oy,24,2026-09-06,not_exact_fixed_segment;not_FixedPrice
153687,Fortum Markets Oy,24,2026-09-06,not_exact_fixed_segment;not_FixedPrice
153691,Pohjois-Karjalan Sähkö Oy,12,2026-09-06,not_General
153704,Alajärven Sähkö Oy,12,2026-09-06,not_General
153708,Helen Oy,12,2026-09-06,not_exact_fixed_segment;not_FixedPrice
153709,Porvoon Energia Oy,24,2026-09-06,not_General
153710,Vaasan Sähkö Myynti Oy,6,2026-09-06,not_General
153711,Omavoima Oy,24,2026-09-06,not_General
153717,Paneliankosken Voima Oy,24,2026-09-06,not_General
153719,Hehku Energia Oy,24,2026-09-06,not_exact_fixed_segment;not_FixedPrice
153721,Nordic Green Energy,12,2026-09-06,not_exact_fixed_segment;not_FixedPrice
153723,Lammaisten Energia Oy,12,2026-09-06,not_General
153726,Äänekosken Energia Oy,24,2026-09-06,not_General
153730,Äänekosken Energia Oy,12,2026-09-06,not_General
153731,Vaasan Sähkö Myynti Oy,12,2026-09-06,not_exact_fixed_segment;not_FixedPrice
153733,Omavoima Oy,24,2026-09-06,not_General
153734,Lammaisten Energia Oy,24,2026-09-06,not_General
153737,Lammaisten Energia Oy,24,2026-09-06,not_exact_fixed_segment;not_FixedPrice
153739,Imatran Seudun Sähkö Oy,12,2026-09-06,not_exact_fixed_segment;not_FixedPrice
153742,Nurmijärven Sähkö Oy,24,2026-09-06,not_General
153743,Köyliön-Säkylän Sähkö Oy,24,2026-09-06,not_General
153744,Lammaisten Energia Oy,24,2026-09-06,not_exact_fixed_segment;not_FixedPrice;not_General
153747,Lammaisten Energia Oy,12,2026-09-06,not_exact_fixed_segment;not_FixedPrice
153751,Imatran Seudun Sähkö Oy,12,2026-09-06,not_exact_fixed_segment;not_FixedPrice
153758,Hehku Energia Oy,12,2026-09-06,not_exact_fixed_segment;not_FixedPrice
153760,Paneliankosken Voima Oy,12,2026-09-06,not_exact_fixed_segment;not_FixedPrice
153764,Köyliön-Säkylän Sähkö Oy,12,2026-09-06,not_General
153767,Koillis-Satakunnan Sähkö Oy,24,2026-09-06,not_exact_fixed_segment;not_FixedPrice
153768,Koillis-Satakunnan Sähkö Oy,24,2026-09-06,not_General
153770,Vaasan Sähkö Myynti Oy,24,2026-09-06,not_General
153776,Koillis-Satakunnan Sähkö Oy,24,2026-09-06,not_exact_fixed_segment;not_FixedPrice
153782,Omavoima Oy,12,2026-09-06,not_General
153786,Keravan Energia Oy,12,2026-09-06,not_exact_fixed_segment;not_FixedPrice
153792,Kokkolan Energia Oy,6,2026-09-06,not_exact_fixed_segment;not_FixedPrice
153793,Imatran Seudun Sähkö Oy,6,2026-09-06,not_exact_fixed_segment;not_FixedPrice
153800,Koillis-Satakunnan Sähkö Oy,24,2026-09-06,not_General
153801,Lammaisten Energia Oy,24,2026-09-06,not_General
153803,Korpelan Energia Oy,12,2026-09-06,not_exact_fixed_segment;not_FixedPrice
153806,Korpelan Energia Oy,24,2026-09-06,not_exact_fixed_segment;not_FixedPrice
153808,Paneliankosken Voima Oy,12,2026-09-06,not_General
153813,Koillis-Satakunnan Sähkö Oy,12,2026-09-06,not_General
153814,Fortum Markets Oy,12,2026-09-06,not_exact_fixed_segment;not_FixedPrice
153818,Pohjois-Karjalan Sähkö Oy,24,2026-09-06,not_General
153823,Alajärven Sähkö Oy,24,2026-09-06,not_General
153824,Köyliön-Säkylän Sähkö Oy,12,2026-09-06,not_General
153825,Nordic Green Energy,24,2026-09-06,not_exact_fixed_segment;not_FixedPrice
154114,Koillis-Satakunnan Sähkö Oy,12,2026-09-07,not_General
154117,Pohjois-Karjalan Sähkö Oy,6,2026-09-07,not_General
154119,Nurmijärven Sähkö Oy,24,2026-09-07,not_General
154121,Oomi Oy,12,2026-09-07,not_exact_fixed_segment;not_FixedPrice
154125,Paneliankosken Voima Oy,24,2026-09-07,not_exact_fixed_segment;not_FixedPrice;not_General
154130,Kokkolan Energia Oy,12,2026-09-07,not_exact_fixed_segment;not_FixedPrice
154137,Keravan Energia Oy,12,2026-09-07,not_exact_fixed_segment;not_FixedPrice
154139,Nurmijärven Sähkö Oy,12,2026-09-07,not_General
154143,Äänekosken Energia Oy,24,2026-09-07,not_General
154146,Lammaisten Energia Oy,12,2026-09-07,not_exact_fixed_segment;not_FixedPrice;not_General
154152,Nordic Green Energy,24,2026-09-07,not_exact_fixed_segment;not_FixedPrice
154157,Nordic Green Energy,12,2026-09-07,not_exact_fixed_segment;not_FixedPrice
154162,Pohjois-Karjalan Sähkö Oy,12,2026-09-07,not_General
154163,Vaasan Sähkö Myynti Oy,24,2026-09-07,not_exact_fixed_segment;not_FixedPrice
154168,Helen Oy,24,2026-09-07,not_exact_fixed_segment;not_FixedPrice
154178,Lammaisten Energia Oy,12,2026-09-07,not_exact_fixed_segment;not_FixedPrice;not_General
154179,Kokkolan Energia Oy,24,2026-09-07,not_exact_fixed_segment;not_FixedPrice
154182,Lammaisten Energia Oy,24,2026-09-07,not_exact_fixed_segment;not_FixedPrice;not_General
154186,Paneliankosken Voima Oy,24,2026-09-07,not_exact_fixed_segment;not_FixedPrice
154188,Oomi Oy,24,2026-09-07,not_exact_fixed_segment;not_FixedPrice
154189,Porvoon Energia Oy,12,2026-09-07,not_General
154191,Omavoima Oy,12,2026-09-07,not_General
154193,Äänekosken Energia Oy,12,2026-09-07,not_General
154194,Vaasan Sähkö Myynti Oy,12,2026-09-07,not_General
154195,Vaasan Sähkö Myynti Oy,6,2026-09-07,not_exact_fixed_segment;not_FixedPrice
154206,Lammaisten Energia Oy,12,2026-09-07,not_General
154209,Omavoima Oy,24,2026-09-07,not_exact_fixed_segment;not_FixedPrice
154212,Porvoon Energia Oy,24,2026-09-07,not_General
154213,Porvoon Energia Oy,12,2026-09-07,not_General
154214,Köyliön-Säkylän Sähkö Oy,24,2026-09-07,not_General
154215,Keravan Energia Oy,24,2026-09-07,not_exact_fixed_segment;not_FixedPrice
154222,Pohjois-Karjalan Sähkö Oy,24,2026-09-07,not_General
154227,Pohjois-Karjalan Sähkö Oy,6,2026-09-07,not_General
154228,Imatran Seudun Sähkö Oy,24,2026-09-07,not_exact_fixed_segment;not_FixedPrice
154231,Nurmijärven Sähkö Oy,12,2026-09-07,not_General
154234,Keravan Energia Oy,24,2026-09-07,not_exact_fixed_segment;not_FixedPrice
154238,Fortum Markets Oy,24,2026-09-07,not_exact_fixed_segment;not_FixedPrice
154242,Pohjois-Karjalan Sähkö Oy,12,2026-09-07,not_General
154255,Alajärven Sähkö Oy,12,2026-09-07,not_General
154259,Helen Oy,12,2026-09-07,not_exact_fixed_segment;not_FixedPrice
154260,Porvoon Energia Oy,24,2026-09-07,not_General
154261,Vaasan Sähkö Myynti Oy,6,2026-09-07,not_General
154262,Omavoima Oy,24,2026-09-07,not_General
154268,Paneliankosken Voima Oy,24,2026-09-07,not_General
154270,Hehku Energia Oy,24,2026-09-07,not_exact_fixed_segment;not_FixedPrice
154272,Nordic Green Energy,12,2026-09-07,not_exact_fixed_segment;not_FixedPrice
154274,Lammaisten Energia Oy,12,2026-09-07,not_General
154277,Äänekosken Energia Oy,24,2026-09-07,not_General
154281,Äänekosken Energia Oy,12,2026-09-07,not_General
154282,Vaasan Sähkö Myynti Oy,12,2026-09-07,not_exact_fixed_segment;not_FixedPrice
154284,Omavoima Oy,24,2026-09-07,not_General
154285,Lammaisten Energia Oy,24,2026-09-07,not_General
154288,Lammaisten Energia Oy,24,2026-09-07,not_exact_fixed_segment;not_FixedPrice
154290,Imatran Seudun Sähkö Oy,12,2026-09-07,not_exact_fixed_segment;not_FixedPrice
154293,Nurmijärven Sähkö Oy,24,2026-09-07,not_General
154294,Köyliön-Säkylän Sähkö Oy,24,2026-09-07,not_General
154295,Lammaisten Energia Oy,24,2026-09-07,not_exact_fixed_segment;not_FixedPrice;not_General
154298,Lammaisten Energia Oy,12,2026-09-07,not_exact_fixed_segment;not_FixedPrice
154302,Imatran Seudun Sähkö Oy,12,2026-09-07,not_exact_fixed_segment;not_FixedPrice
154309,Hehku Energia Oy,12,2026-09-07,not_exact_fixed_segment;not_FixedPrice
154311,Paneliankosken Voima Oy,12,2026-09-07,not_exact_fixed_segment;not_FixedPrice
154315,Köyliön-Säkylän Sähkö Oy,12,2026-09-07,not_General
154318,Koillis-Satakunnan Sähkö Oy,24,2026-09-07,not_exact_fixed_segment;not_FixedPrice
154319,Koillis-Satakunnan Sähkö Oy,24,2026-09-07,not_General
154321,Vaasan Sähkö Myynti Oy,24,2026-09-07,not_General
154327,Koillis-Satakunnan Sähkö Oy,24,2026-09-07,not_exact_fixed_segment;not_FixedPrice
154333,Omavoima Oy,12,2026-09-07,not_General
154337,Keravan Energia Oy,12,2026-09-07,not_exact_fixed_segment;not_FixedPrice
154343,Kokkolan Energia Oy,6,2026-09-07,not_exact_fixed_segment;not_FixedPrice
154344,Imatran Seudun Sähkö Oy,6,2026-09-07,not_exact_fixed_segment;not_FixedPrice
154351,Koillis-Satakunnan Sähkö Oy,24,2026-09-07,not_General
154352,Lammaisten Energia Oy,24,2026-09-07,not_General
154354,Korpelan Energia Oy,12,2026-09-07,not_exact_fixed_segment;not_FixedPrice
154357,Korpelan Energia Oy,24,2026-09-07,not_exact_fixed_segment;not_FixedPrice
154359,Paneliankosken Voima Oy,12,2026-09-07,not_General
154363,Koillis-Satakunnan Sähkö Oy,12,2026-09-07,not_General
154364,Fortum Markets Oy,12,2026-09-07,not_exact_fixed_segment;not_FixedPrice
154368,Pohjois-Karjalan Sähkö Oy,24,2026-09-07,not_General
154373,Alajärven Sähkö Oy,24,2026-09-07,not_General
154374,Köyliön-Säkylän Sähkö Oy,12,2026-09-07,not_General
154375,Nordic Green Energy,24,2026-09-07,not_exact_fixed_segment;not_FixedPrice
154648,Koillis-Satakunnan Sähkö Oy,12,2026-09-08,not_General
154651,Pohjois-Karjalan Sähkö Oy,6,2026-09-08,not_General
154653,Nurmijärven Sähkö Oy,24,2026-09-08,not_General
154655,Oomi Oy,12,2026-09-08,not_exact_fixed_segment;not_FixedPrice
154659,Paneliankosken Voima Oy,24,2026-09-08,not_exact_fixed_segment;not_FixedPrice;not_General
154664,Kokkolan Energia Oy,12,2026-09-08,not_exact_fixed_segment;not_FixedPrice
154666,Vaasan Sähkö Myynti Oy,12,2026-09-08,not_exact_fixed_segment;not_FixedPrice
154672,Keravan Energia Oy,12,2026-09-08,not_exact_fixed_segment;not_FixedPrice
154675,Nurmijärven Sähkö Oy,12,2026-09-08,not_General
154679,Äänekosken Energia Oy,24,2026-09-08,not_General
154682,Lammaisten Energia Oy,12,2026-09-08,not_exact_fixed_segment;not_FixedPrice;not_General
154688,Nordic Green Energy,24,2026-09-08,not_exact_fixed_segment;not_FixedPrice
154693,Nordic Green Energy,12,2026-09-08,not_exact_fixed_segment;not_FixedPrice
154697,Pohjois-Karjalan Sähkö Oy,12,2026-09-08,not_General
154710,Lammaisten Energia Oy,12,2026-09-08,not_exact_fixed_segment;not_FixedPrice;not_General
154711,Kokkolan Energia Oy,24,2026-09-08,not_exact_fixed_segment;not_FixedPrice
154714,Lammaisten Energia Oy,24,2026-09-08,not_exact_fixed_segment;not_FixedPrice;not_General
154718,Paneliankosken Voima Oy,24,2026-09-08,not_exact_fixed_segment;not_FixedPrice
154720,Oomi Oy,24,2026-09-08,not_exact_fixed_segment;not_FixedPrice
154721,Porvoon Energia Oy,12,2026-09-08,not_General
154723,Omavoima Oy,12,2026-09-08,not_General
154725,Äänekosken Energia Oy,12,2026-09-08,not_General
154734,Lammaisten Energia Oy,12,2026-09-08,not_General
154737,Omavoima Oy,24,2026-09-08,not_exact_fixed_segment;not_FixedPrice
154740,Porvoon Energia Oy,24,2026-09-08,not_General
154741,Porvoon Energia Oy,12,2026-09-08,not_General
154742,Köyliön-Säkylän Sähkö Oy,24,2026-09-08,not_General
154743,Keravan Energia Oy,24,2026-09-08,not_exact_fixed_segment;not_FixedPrice
154750,Pohjois-Karjalan Sähkö Oy,24,2026-09-08,not_General
154755,Pohjois-Karjalan Sähkö Oy,6,2026-09-08,not_General
154756,Imatran Seudun Sähkö Oy,24,2026-09-08,not_exact_fixed_segment;not_FixedPrice
154760,Nurmijärven Sähkö Oy,12,2026-09-08,not_General
154763,Keravan Energia Oy,24,2026-09-08,not_exact_fixed_segment;not_FixedPrice
154767,Fortum Markets Oy,24,2026-09-08,not_exact_fixed_segment;not_FixedPrice
154771,Pohjois-Karjalan Sähkö Oy,12,2026-09-08,not_General
154779,Vaasan Sähkö Myynti Oy,6,2026-09-08,not_exact_fixed_segment;not_FixedPrice
154786,Helen Oy,12,2026-09-08,not_exact_fixed_segment;not_FixedPrice
154787,Alajärven Sähkö Oy,12,2026-09-08,not_General
154791,Porvoon Energia Oy,24,2026-09-08,not_General
154792,Omavoima Oy,24,2026-09-08,not_General
154798,Paneliankosken Voima Oy,24,2026-09-08,not_General
154801,Hehku Energia Oy,24,2026-09-08,not_exact_fixed_segment;not_FixedPrice
154803,Nordic Green Energy,12,2026-09-08,not_exact_fixed_segment;not_FixedPrice
154805,Lammaisten Energia Oy,12,2026-09-08,not_General
154808,Vaasan Sähkö Myynti Oy,24,2026-09-08,not_General
154809,Äänekosken Energia Oy,24,2026-09-08,not_General
154814,Äänekosken Energia Oy,12,2026-09-08,not_General
154816,Omavoima Oy,24,2026-09-08,not_General
154817,Lammaisten Energia Oy,24,2026-09-08,not_General
154820,Lammaisten Energia Oy,24,2026-09-08,not_exact_fixed_segment;not_FixedPrice
154822,Imatran Seudun Sähkö Oy,12,2026-09-08,not_exact_fixed_segment;not_FixedPrice
154825,Nurmijärven Sähkö Oy,24,2026-09-08,not_General
154826,Helen Oy,24,2026-09-08,not_exact_fixed_segment;not_FixedPrice
154827,Köyliön-Säkylän Sähkö Oy,24,2026-09-08,not_General
154828,Lammaisten Energia Oy,24,2026-09-08,not_exact_fixed_segment;not_FixedPrice;not_General
154831,Lammaisten Energia Oy,12,2026-09-08,not_exact_fixed_segment;not_FixedPrice
154835,Imatran Seudun Sähkö Oy,12,2026-09-08,not_exact_fixed_segment;not_FixedPrice
154842,Hehku Energia Oy,12,2026-09-08,not_exact_fixed_segment;not_FixedPrice
154844,Paneliankosken Voima Oy,12,2026-09-08,not_exact_fixed_segment;not_FixedPrice
154848,Köyliön-Säkylän Sähkö Oy,12,2026-09-08,not_General
154850,Koillis-Satakunnan Sähkö Oy,24,2026-09-08,not_exact_fixed_segment;not_FixedPrice
154852,Koillis-Satakunnan Sähkö Oy,24,2026-09-08,not_General
154859,Koillis-Satakunnan Sähkö Oy,24,2026-09-08,not_exact_fixed_segment;not_FixedPrice
154861,Vaasan Sähkö Myynti Oy,12,2026-09-08,not_General
154866,Omavoima Oy,12,2026-09-08,not_General
154869,Keravan Energia Oy,12,2026-09-08,not_exact_fixed_segment;not_FixedPrice
154874,Kokkolan Energia Oy,6,2026-09-08,not_exact_fixed_segment;not_FixedPrice
154875,Imatran Seudun Sähkö Oy,6,2026-09-08,not_exact_fixed_segment;not_FixedPrice
154882,Koillis-Satakunnan Sähkö Oy,24,2026-09-08,not_General
154883,Lammaisten Energia Oy,24,2026-09-08,not_General
154885,Korpelan Energia Oy,12,2026-09-08,not_exact_fixed_segment;not_FixedPrice
154888,Korpelan Energia Oy,24,2026-09-08,not_exact_fixed_segment;not_FixedPrice
154890,Paneliankosken Voima Oy,12,2026-09-08,not_General
154894,Koillis-Satakunnan Sähkö Oy,12,2026-09-08,not_General
154895,Fortum Markets Oy,12,2026-09-08,not_exact_fixed_segment;not_FixedPrice
154899,Pohjois-Karjalan Sähkö Oy,24,2026-09-08,not_General
154904,Alajärven Sähkö Oy,24,2026-09-08,not_General
154905,Köyliön-Säkylän Sähkö Oy,12,2026-09-08,not_General
154906,Nordic Green Energy,24,2026-09-08,not_exact_fixed_segment;not_FixedPrice
154913,Vaasan Sähkö Myynti Oy,6,2026-09-08,not_General
154915,Vaasan Sähkö Myynti Oy,24,2026-09-08,not_exact_fixed_segment;not_FixedPrice
155167,Koillis-Satakunnan Sähkö Oy,12,2026-09-09,not_General
155169,Pohjois-Karjalan Sähkö Oy,6,2026-09-09,not_General
155171,Nurmijärven Sähkö Oy,24,2026-09-09,not_General
155173,Oomi Oy,12,2026-09-09,not_exact_fixed_segment;not_FixedPrice
155177,Paneliankosken Voima Oy,24,2026-09-09,not_exact_fixed_segment;not_FixedPrice;not_General
155183,Vaasan Sähkö Myynti Oy,12,2026-09-09,not_exact_fixed_segment;not_FixedPrice
155191,Nurmijärven Sähkö Oy,12,2026-09-09,not_General
155194,Keravan Energia Oy,24,2026-09-09,not_exact_fixed_segment;not_FixedPrice
155196,Äänekosken Energia Oy,24,2026-09-09,not_General
155199,Lammaisten Energia Oy,12,2026-09-09,not_exact_fixed_segment;not_FixedPrice;not_General
155200,Kokkolan Energia Oy,24,2026-09-09,not_exact_fixed_segment;not_FixedPrice
155205,Porvoon Energia Oy,12,2026-09-09,not_General
155206,Nordic Green Energy,24,2026-09-09,not_exact_fixed_segment;not_FixedPrice
155212,Nordic Green Energy,12,2026-09-09,not_exact_fixed_segment;not_FixedPrice
155216,Pohjois-Karjalan Sähkö Oy,12,2026-09-09,not_General
155219,Kokkolan Energia Oy,6,2026-09-09,not_exact_fixed_segment;not_FixedPrice
155229,Lammaisten Energia Oy,12,2026-09-09,not_exact_fixed_segment;not_FixedPrice;not_General
155232,Lammaisten Energia Oy,24,2026-09-09,not_exact_fixed_segment;not_FixedPrice;not_General
155237,Keravan Energia Oy,24,2026-09-09,not_exact_fixed_segment;not_FixedPrice
155238,Paneliankosken Voima Oy,24,2026-09-09,not_exact_fixed_segment;not_FixedPrice
155240,Oomi Oy,24,2026-09-09,not_exact_fixed_segment;not_FixedPrice
155242,Omavoima Oy,12,2026-09-09,not_General
155244,Äänekosken Energia Oy,12,2026-09-09,not_General
155253,Lammaisten Energia Oy,12,2026-09-09,not_General
155256,Omavoima Oy,24,2026-09-09,not_exact_fixed_segment;not_FixedPrice
155259,Köyliön-Säkylän Sähkö Oy,24,2026-09-09,not_General
155265,Pohjois-Karjalan Sähkö Oy,24,2026-09-09,not_General
155269,Pohjois-Karjalan Sähkö Oy,6,2026-09-09,not_General
155270,Imatran Seudun Sähkö Oy,24,2026-09-09,not_exact_fixed_segment;not_FixedPrice
155274,Nurmijärven Sähkö Oy,12,2026-09-09,not_General
155279,Fortum Markets Oy,24,2026-09-09,not_exact_fixed_segment;not_FixedPrice
155284,Pohjois-Karjalan Sähkö Oy,12,2026-09-09,not_General
155292,Vaasan Sähkö Myynti Oy,6,2026-09-09,not_exact_fixed_segment;not_FixedPrice
155299,Helen Oy,12,2026-09-09,not_exact_fixed_segment;not_FixedPrice
155300,Alajärven Sähkö Oy,12,2026-09-09,not_General
155304,Omavoima Oy,24,2026-09-09,not_General
155310,Paneliankosken Voima Oy,24,2026-09-09,not_General
155311,Porvoon Energia Oy,24,2026-09-09,not_General
155314,Hehku Energia Oy,24,2026-09-09,not_exact_fixed_segment;not_FixedPrice
155316,Nordic Green Energy,12,2026-09-09,not_exact_fixed_segment;not_FixedPrice
155318,Lammaisten Energia Oy,12,2026-09-09,not_General
155321,Vaasan Sähkö Myynti Oy,24,2026-09-09,not_General
155322,Äänekosken Energia Oy,24,2026-09-09,not_General
155327,Äänekosken Energia Oy,12,2026-09-09,not_General
155329,Omavoima Oy,24,2026-09-09,not_General
155330,Lammaisten Energia Oy,24,2026-09-09,not_General
155333,Lammaisten Energia Oy,24,2026-09-09,not_exact_fixed_segment;not_FixedPrice
155334,Porvoon Energia Oy,24,2026-09-09,not_General
155336,Imatran Seudun Sähkö Oy,12,2026-09-09,not_exact_fixed_segment;not_FixedPrice
155340,Porvoon Energia Oy,12,2026-09-09,not_General
155341,Nurmijärven Sähkö Oy,24,2026-09-09,not_General
155342,Kokkolan Energia Oy,12,2026-09-09,not_exact_fixed_segment;not_FixedPrice
155343,Helen Oy,24,2026-09-09,not_exact_fixed_segment;not_FixedPrice
155344,Köyliön-Säkylän Sähkö Oy,24,2026-09-09,not_General
155345,Lammaisten Energia Oy,24,2026-09-09,not_exact_fixed_segment;not_FixedPrice;not_General
155348,Lammaisten Energia Oy,12,2026-09-09,not_exact_fixed_segment;not_FixedPrice
155352,Imatran Seudun Sähkö Oy,12,2026-09-09,not_exact_fixed_segment;not_FixedPrice
155360,Hehku Energia Oy,12,2026-09-09,not_exact_fixed_segment;not_FixedPrice
155362,Paneliankosken Voima Oy,12,2026-09-09,not_exact_fixed_segment;not_FixedPrice
155366,Köyliön-Säkylän Sähkö Oy,12,2026-09-09,not_General
155368,Koillis-Satakunnan Sähkö Oy,24,2026-09-09,not_exact_fixed_segment;not_FixedPrice
155371,Koillis-Satakunnan Sähkö Oy,24,2026-09-09,not_General
155372,Keravan Energia Oy,12,2026-09-09,not_exact_fixed_segment;not_FixedPrice
155380,Koillis-Satakunnan Sähkö Oy,24,2026-09-09,not_exact_fixed_segment;not_FixedPrice
155382,Vaasan Sähkö Myynti Oy,12,2026-09-09,not_General
155386,Keravan Energia Oy,12,2026-09-09,not_exact_fixed_segment;not_FixedPrice
155387,Omavoima Oy,12,2026-09-09,not_General
155396,Imatran Seudun Sähkö Oy,6,2026-09-09,not_exact_fixed_segment;not_FixedPrice
155405,Koillis-Satakunnan Sähkö Oy,24,2026-09-09,not_General
155406,Lammaisten Energia Oy,24,2026-09-09,not_General
155409,Korpelan Energia Oy,12,2026-09-09,not_exact_fixed_segment;not_FixedPrice
155410,Keravan Energia Oy,24,2026-09-09,not_exact_fixed_segment;not_FixedPrice
155412,Korpelan Energia Oy,24,2026-09-09,not_exact_fixed_segment;not_FixedPrice
155413,Paneliankosken Voima Oy,12,2026-09-09,not_General
155416,Koillis-Satakunnan Sähkö Oy,12,2026-09-09,not_General
155417,Fortum Markets Oy,12,2026-09-09,not_exact_fixed_segment;not_FixedPrice
155422,Pohjois-Karjalan Sähkö Oy,24,2026-09-09,not_General
155427,Alajärven Sähkö Oy,24,2026-09-09,not_General
155428,Köyliön-Säkylän Sähkö Oy,12,2026-09-09,not_General
155429,Nordic Green Energy,24,2026-09-09,not_exact_fixed_segment;not_FixedPrice
155434,Vaasan Sähkö Myynti Oy,6,2026-09-09,not_General
155436,Vaasan Sähkö Myynti Oy,24,2026-09-09,not_exact_fixed_segment;not_FixedPrice
155444,Pohjois-Karjalan Sähkö Oy,6,2026-09-10,not_General
155446,Nurmijärven Sähkö Oy,24,2026-09-10,not_General
155447,Oomi Oy,12,2026-09-10,not_exact_fixed_segment;not_FixedPrice
155450,Paneliankosken Voima Oy,24,2026-09-10,not_exact_fixed_segment;not_FixedPrice;not_General
155456,Vaasan Sähkö Myynti Oy,12,2026-09-10,not_exact_fixed_segment;not_FixedPrice
155463,Nurmijärven Sähkö Oy,12,2026-09-10,not_General
155466,Keravan Energia Oy,24,2026-09-10,not_exact_fixed_segment;not_FixedPrice
155467,Äänekosken Energia Oy,24,2026-09-10,not_General
155469,Lammaisten Energia Oy,12,2026-09-10,not_exact_fixed_segment;not_FixedPrice;not_General
155470,Kokkolan Energia Oy,24,2026-09-10,not_exact_fixed_segment;not_FixedPrice
155475,Porvoon Energia Oy,12,2026-09-10,not_General
155476,Nordic Green Energy,24,2026-09-10,not_exact_fixed_segment;not_FixedPrice
155482,Nordic Green Energy,12,2026-09-10,not_exact_fixed_segment;not_FixedPrice
155486,Pohjois-Karjalan Sähkö Oy,12,2026-09-10,not_General
155489,Kokkolan Energia Oy,6,2026-09-10,not_exact_fixed_segment;not_FixedPrice
155499,Lammaisten Energia Oy,12,2026-09-10,not_exact_fixed_segment;not_FixedPrice;not_General
155502,Lammaisten Energia Oy,24,2026-09-10,not_exact_fixed_segment;not_FixedPrice;not_General
155507,Keravan Energia Oy,24,2026-09-10,not_exact_fixed_segment;not_FixedPrice
155508,Paneliankosken Voima Oy,24,2026-09-10,not_exact_fixed_segment;not_FixedPrice
155510,Oomi Oy,24,2026-09-10,not_exact_fixed_segment;not_FixedPrice
155511,Omavoima Oy,12,2026-09-10,not_General
155520,Lammaisten Energia Oy,12,2026-09-10,not_General
155522,Omavoima Oy,24,2026-09-10,not_exact_fixed_segment;not_FixedPrice
155525,Köyliön-Säkylän Sähkö Oy,24,2026-09-10,not_General
155530,Pohjois-Karjalan Sähkö Oy,24,2026-09-10,not_General
155534,Pohjois-Karjalan Sähkö Oy,6,2026-09-10,not_General
155538,Nurmijärven Sähkö Oy,12,2026-09-10,not_General
155543,Fortum Markets Oy,24,2026-09-10,not_exact_fixed_segment;not_FixedPrice
155548,Pohjois-Karjalan Sähkö Oy,12,2026-09-10,not_General
155554,Vaasan Sähkö Myynti Oy,6,2026-09-10,not_exact_fixed_segment;not_FixedPrice
155561,Helen Oy,12,2026-09-10,not_exact_fixed_segment;not_FixedPrice
155562,Alajärven Sähkö Oy,12,2026-09-10,not_General
155566,Omavoima Oy,24,2026-09-10,not_General
155572,Paneliankosken Voima Oy,24,2026-09-10,not_General
155573,Porvoon Energia Oy,24,2026-09-10,not_General
155576,Hehku Energia Oy,24,2026-09-10,not_exact_fixed_segment;not_FixedPrice
155578,Nordic Green Energy,12,2026-09-10,not_exact_fixed_segment;not_FixedPrice
155580,Lammaisten Energia Oy,12,2026-09-10,not_General
155583,Vaasan Sähkö Myynti Oy,24,2026-09-10,not_General
155584,Äänekosken Energia Oy,24,2026-09-10,not_General
155590,Omavoima Oy,24,2026-09-10,not_General
155591,Lammaisten Energia Oy,24,2026-09-10,not_General
155594,Lammaisten Energia Oy,24,2026-09-10,not_exact_fixed_segment;not_FixedPrice
155595,Porvoon Energia Oy,24,2026-09-10,not_General
155600,Porvoon Energia Oy,12,2026-09-10,not_General
155601,Nurmijärven Sähkö Oy,24,2026-09-10,not_General
155602,Kokkolan Energia Oy,12,2026-09-10,not_exact_fixed_segment;not_FixedPrice
155603,Helen Oy,24,2026-09-10,not_exact_fixed_segment;not_FixedPrice
155604,Köyliön-Säkylän Sähkö Oy,24,2026-09-10,not_General
155605,Lammaisten Energia Oy,24,2026-09-10,not_exact_fixed_segment;not_FixedPrice;not_General
155608,Lammaisten Energia Oy,12,2026-09-10,not_exact_fixed_segment;not_FixedPrice
155612,Imatran Seudun Sähkö Oy,12,2026-09-10,not_exact_fixed_segment;not_FixedPrice
155620,Hehku Energia Oy,12,2026-09-10,not_exact_fixed_segment;not_FixedPrice
155622,Paneliankosken Voima Oy,12,2026-09-10,not_exact_fixed_segment;not_FixedPrice
155626,Köyliön-Säkylän Sähkö Oy,12,2026-09-10,not_General
155630,Keravan Energia Oy,12,2026-09-10,not_exact_fixed_segment;not_FixedPrice
155638,Vaasan Sähkö Myynti Oy,12,2026-09-10,not_General
155642,Keravan Energia Oy,12,2026-09-10,not_exact_fixed_segment;not_FixedPrice
155643,Omavoima Oy,12,2026-09-10,not_General
155659,Lammaisten Energia Oy,24,2026-09-10,not_General
155662,Keravan Energia Oy,24,2026-09-10,not_exact_fixed_segment;not_FixedPrice
155663,Paneliankosken Voima Oy,12,2026-09-10,not_General
155666,Fortum Markets Oy,12,2026-09-10,not_exact_fixed_segment;not_FixedPrice
155670,Pohjois-Karjalan Sähkö Oy,24,2026-09-10,not_General
155675,Alajärven Sähkö Oy,24,2026-09-10,not_General
155676,Köyliön-Säkylän Sähkö Oy,12,2026-09-10,not_General
155677,Nordic Green Energy,24,2026-09-10,not_exact_fixed_segment;not_FixedPrice
155682,Vaasan Sähkö Myynti Oy,6,2026-09-10,not_General
155684,Vaasan Sähkö Myynti Oy,24,2026-09-10,not_exact_fixed_segment;not_FixedPrice
155950,Pohjois-Karjalan Sähkö Oy,6,2026-09-11,not_General
155952,Koillis-Satakunnan Sähkö Oy,24,2026-09-11,not_General
155953,Nurmijärven Sähkö Oy,24,2026-09-11,not_General
155955,Imatran Seudun Sähkö Oy,24,2026-09-11,not_exact_fixed_segment;not_FixedPrice
155958,Paneliankosken Voima Oy,24,2026-09-11,not_exact_fixed_segment;not_FixedPrice;not_General
155964,Vaasan Sähkö Myynti Oy,12,2026-09-11,not_exact_fixed_segment;not_FixedPrice
155969,Porvoon Energia Oy,24,2026-09-11,not_General
155971,Helen Oy,24,2026-09-11,not_exact_fixed_segment;not_FixedPrice
155973,Nurmijärven Sähkö Oy,12,2026-09-11,not_General
155976,Keravan Energia Oy,24,2026-09-11,not_exact_fixed_segment;not_FixedPrice
155977,Äänekosken Energia Oy,24,2026-09-11,not_General
155979,Lammaisten Energia Oy,12,2026-09-11,not_exact_fixed_segment;not_FixedPrice;not_General
155980,Kokkolan Energia Oy,24,2026-09-11,not_exact_fixed_segment;not_FixedPrice
155986,Nordic Green Energy,24,2026-09-11,not_exact_fixed_segment;not_FixedPrice
155990,Äänekosken Energia Oy,12,2026-09-11,not_General
155994,Nordic Green Energy,12,2026-09-11,not_exact_fixed_segment;not_FixedPrice
155998,Pohjois-Karjalan Sähkö Oy,12,2026-09-11,not_General
156002,Kokkolan Energia Oy,6,2026-09-11,not_exact_fixed_segment;not_FixedPrice
156013,Lammaisten Energia Oy,12,2026-09-11,not_exact_fixed_segment;not_FixedPrice;not_General
156016,Lammaisten Energia Oy,24,2026-09-11,not_exact_fixed_segment;not_FixedPrice;not_General
156021,Keravan Energia Oy,24,2026-09-11,not_exact_fixed_segment;not_FixedPrice
156022,Paneliankosken Voima Oy,24,2026-09-11,not_exact_fixed_segment;not_FixedPrice
156025,Omavoima Oy,12,2026-09-11,not_General
156035,Koillis-Satakunnan Sähkö Oy,24,2026-09-11,not_exact_fixed_segment;not_FixedPrice
156036,Lammaisten Energia Oy,12,2026-09-11,not_General
156039,Omavoima Oy,24,2026-09-11,not_exact_fixed_segment;not_FixedPrice
156042,Köyliön-Säkylän Sähkö Oy,24,2026-09-11,not_General
156049,Pohjois-Karjalan Sähkö Oy,24,2026-09-11,not_General
156054,Pohjois-Karjalan Sähkö Oy,6,2026-09-11,not_General
156058,Nurmijärven Sähkö Oy,12,2026-09-11,not_General
156060,Äänekosken Energia Oy,12,2026-09-11,not_General
156065,Fortum Markets Oy,24,2026-09-11,not_exact_fixed_segment;not_FixedPrice
156069,Pohjois-Karjalan Sähkö Oy,12,2026-09-11,not_General
156075,Vaasan Sähkö Myynti Oy,6,2026-09-11,not_exact_fixed_segment;not_FixedPrice
156081,Koillis-Satakunnan Sähkö Oy,12,2026-09-11,not_General
156082,Porvoon Energia Oy,24,2026-09-11,not_General
156084,Alajärven Sähkö Oy,12,2026-09-11,not_General
156088,Omavoima Oy,24,2026-09-11,not_General
156094,Paneliankosken Voima Oy,24,2026-09-11,not_General
156097,Hehku Energia Oy,24,2026-09-11,not_exact_fixed_segment;not_FixedPrice
156099,Nordic Green Energy,12,2026-09-11,not_exact_fixed_segment;not_FixedPrice
156101,Lammaisten Energia Oy,12,2026-09-11,not_General
156104,Vaasan Sähkö Myynti Oy,24,2026-09-11,not_General
156105,Äänekosken Energia Oy,24,2026-09-11,not_General
156111,Omavoima Oy,24,2026-09-11,not_General
156112,Korpelan Energia Oy,24,2026-09-11,not_exact_fixed_segment;not_FixedPrice
156113,Lammaisten Energia Oy,24,2026-09-11,not_General
156116,Lammaisten Energia Oy,24,2026-09-11,not_exact_fixed_segment;not_FixedPrice
156117,Koillis-Satakunnan Sähkö Oy,12,2026-09-11,not_General
156122,Nurmijärven Sähkö Oy,24,2026-09-11,not_General
156123,Kokkolan Energia Oy,12,2026-09-11,not_exact_fixed_segment;not_FixedPrice
156124,Köyliön-Säkylän Sähkö Oy,24,2026-09-11,not_General
156125,Lammaisten Energia Oy,24,2026-09-11,not_exact_fixed_segment;not_FixedPrice;not_General
156128,Lammaisten Energia Oy,12,2026-09-11,not_exact_fixed_segment;not_FixedPrice
156132,Imatran Seudun Sähkö Oy,12,2026-09-11,not_exact_fixed_segment;not_FixedPrice
156138,Helen Oy,12,2026-09-11,not_exact_fixed_segment;not_FixedPrice
156140,Hehku Energia Oy,12,2026-09-11,not_exact_fixed_segment;not_FixedPrice
156142,Paneliankosken Voima Oy,12,2026-09-11,not_exact_fixed_segment;not_FixedPrice
156146,Köyliön-Säkylän Sähkö Oy,12,2026-09-11,not_General
156149,Keravan Energia Oy,12,2026-09-11,not_exact_fixed_segment;not_FixedPrice
156157,Vaasan Sähkö Myynti Oy,12,2026-09-11,not_General
156160,Imatran Seudun Sähkö Oy,6,2026-09-11,not_exact_fixed_segment;not_FixedPrice
156162,Keravan Energia Oy,12,2026-09-11,not_exact_fixed_segment;not_FixedPrice
156164,Oomi Oy,24,2026-09-11,not_exact_fixed_segment;not_FixedPrice
156165,Omavoima Oy,12,2026-09-11,not_General
156179,Imatran Seudun Sähkö Oy,12,2026-09-11,not_exact_fixed_segment;not_FixedPrice
156180,Lammaisten Energia Oy,24,2026-09-11,not_General
156183,Keravan Energia Oy,24,2026-09-11,not_exact_fixed_segment;not_FixedPrice
156185,Paneliankosken Voima Oy,12,2026-09-11,not_General
156186,Koillis-Satakunnan Sähkö Oy,24,2026-09-11,not_General
156190,Koillis-Satakunnan Sähkö Oy,24,2026-09-11,not_exact_fixed_segment;not_FixedPrice
156192,Porvoon Energia Oy,12,2026-09-11,not_General
156193,Fortum Markets Oy,12,2026-09-11,not_exact_fixed_segment;not_FixedPrice
156196,Korpelan Energia Oy,12,2026-09-11,not_exact_fixed_segment;not_FixedPrice
156198,Oomi Oy,12,2026-09-11,not_exact_fixed_segment;not_FixedPrice
156199,Pohjois-Karjalan Sähkö Oy,24,2026-09-11,not_General
156204,Alajärven Sähkö Oy,24,2026-09-11,not_General
156205,Köyliön-Säkylän Sähkö Oy,12,2026-09-11,not_General
156206,Nordic Green Energy,24,2026-09-11,not_exact_fixed_segment;not_FixedPrice
156212,Vaasan Sähkö Myynti Oy,6,2026-09-11,not_General
156214,Vaasan Sähkö Myynti Oy,24,2026-09-11,not_exact_fixed_segment;not_FixedPrice
156468,Pohjois-Karjalan Sähkö Oy,6,2026-09-12,not_General
156469,Lammaisten Energia Oy,24,2026-09-12,not_exact_fixed_segment;not_FixedPrice
156470,Koillis-Satakunnan Sähkö Oy,24,2026-09-12,not_General
156471,Keravan Energia Oy,24,2026-09-12,not_exact_fixed_segment;not_FixedPrice
156472,Nurmijärven Sähkö Oy,24,2026-09-12,not_General
156475,Imatran Seudun Sähkö Oy,24,2026-09-12,not_exact_fixed_segment;not_FixedPrice
156478,Paneliankosken Voima Oy,24,2026-09-12,not_exact_fixed_segment;not_FixedPrice;not_General
156482,Köyliön-Säkylän Sähkö Oy,24,2026-09-12,not_General
156486,Vaasan Sähkö Myynti Oy,12,2026-09-12,not_exact_fixed_segment;not_FixedPrice
156492,Porvoon Energia Oy,24,2026-09-12,not_General
156494,Helen Oy,24,2026-09-12,not_exact_fixed_segment;not_FixedPrice
156497,Nurmijärven Sähkö Oy,12,2026-09-12,not_General
156500,Äänekosken Energia Oy,24,2026-09-12,not_General
156502,Kokkolan Energia Oy,24,2026-09-12,not_exact_fixed_segment;not_FixedPrice
156508,Nordic Green Energy,24,2026-09-12,not_exact_fixed_segment;not_FixedPrice
156509,Lammaisten Energia Oy,12,2026-09-12,not_exact_fixed_segment;not_FixedPrice;not_General
156513,Lammaisten Energia Oy,12,2026-09-12,not_exact_fixed_segment;not_FixedPrice;not_General
156514,Äänekosken Energia Oy,12,2026-09-12,not_General
156518,Nordic Green Energy,12,2026-09-12,not_exact_fixed_segment;not_FixedPrice
156523,Pohjois-Karjalan Sähkö Oy,12,2026-09-12,not_General
156524,Lammaisten Energia Oy,12,2026-09-12,not_General
156527,Kokkolan Energia Oy,6,2026-09-12,not_exact_fixed_segment;not_FixedPrice
156528,Lammaisten Energia Oy,12,2026-09-12,not_exact_fixed_segment;not_FixedPrice
156545,Keravan Energia Oy,12,2026-09-12,not_exact_fixed_segment;not_FixedPrice
156546,Paneliankosken Voima Oy,24,2026-09-12,not_exact_fixed_segment;not_FixedPrice
156549,Omavoima Oy,12,2026-09-12,not_General
156558,Köyliön-Säkylän Sähkö Oy,12,2026-09-12,not_General
156559,Koillis-Satakunnan Sähkö Oy,24,2026-09-12,not_exact_fixed_segment;not_FixedPrice
156562,Omavoima Oy,24,2026-09-12,not_exact_fixed_segment;not_FixedPrice
156571,Pohjois-Karjalan Sähkö Oy,24,2026-09-12,not_General
156576,Pohjois-Karjalan Sähkö Oy,6,2026-09-12,not_General
156580,Lammaisten Energia Oy,24,2026-09-12,not_General
156582,Nurmijärven Sähkö Oy,12,2026-09-12,not_General
156583,Keravan Energia Oy,24,2026-09-12,not_exact_fixed_segment;not_FixedPrice
156585,Äänekosken Energia Oy,12,2026-09-12,not_General
156590,Fortum Markets Oy,24,2026-09-12,not_exact_fixed_segment;not_FixedPrice
156593,Pohjois-Karjalan Sähkö Oy,12,2026-09-12,not_General
156598,Vaasan Sähkö Myynti Oy,6,2026-09-12,not_exact_fixed_segment;not_FixedPrice
156601,Lammaisten Energia Oy,24,2026-09-12,not_exact_fixed_segment;not_FixedPrice;not_General
156605,Koillis-Satakunnan Sähkö Oy,12,2026-09-12,not_General
156606,Porvoon Energia Oy,24,2026-09-12,not_General
156608,Alajärven Sähkö Oy,12,2026-09-12,not_General
156612,Omavoima Oy,24,2026-09-12,not_General
156617,Paneliankosken Voima Oy,24,2026-09-12,not_General
156620,Hehku Energia Oy,24,2026-09-12,not_exact_fixed_segment;not_FixedPrice
156622,Nordic Green Energy,12,2026-09-12,not_exact_fixed_segment;not_FixedPrice
156626,Vaasan Sähkö Myynti Oy,24,2026-09-12,not_General
156627,Äänekosken Energia Oy,24,2026-09-12,not_General
156631,Lammaisten Energia Oy,24,2026-09-12,not_exact_fixed_segment;not_FixedPrice;not_General
156634,Omavoima Oy,24,2026-09-12,not_General
156635,Korpelan Energia Oy,24,2026-09-12,not_exact_fixed_segment;not_FixedPrice
156638,Koillis-Satakunnan Sähkö Oy,12,2026-09-12,not_General
156642,Nurmijärven Sähkö Oy,24,2026-09-12,not_General
156643,Kokkolan Energia Oy,12,2026-09-12,not_exact_fixed_segment;not_FixedPrice
156644,Lammaisten Energia Oy,12,2026-09-12,not_General
156649,Köyliön-Säkylän Sähkö Oy,12,2026-09-12,not_General
156651,Imatran Seudun Sähkö Oy,12,2026-09-12,not_exact_fixed_segment;not_FixedPrice
156657,Helen Oy,12,2026-09-12,not_exact_fixed_segment;not_FixedPrice
156659,Hehku Energia Oy,12,2026-09-12,not_exact_fixed_segment;not_FixedPrice
156661,Paneliankosken Voima Oy,12,2026-09-12,not_exact_fixed_segment;not_FixedPrice
156673,Vaasan Sähkö Myynti Oy,12,2026-09-12,not_General
156676,Imatran Seudun Sähkö Oy,6,2026-09-12,not_exact_fixed_segment;not_FixedPrice
156679,Oomi Oy,24,2026-09-12,not_exact_fixed_segment;not_FixedPrice
156681,Omavoima Oy,12,2026-09-12,not_General
156696,Imatran Seudun Sähkö Oy,12,2026-09-12,not_exact_fixed_segment;not_FixedPrice
156698,Keravan Energia Oy,12,2026-09-12,not_exact_fixed_segment;not_FixedPrice
156700,Paneliankosken Voima Oy,12,2026-09-12,not_General
156701,Koillis-Satakunnan Sähkö Oy,24,2026-09-12,not_General
156706,Koillis-Satakunnan Sähkö Oy,24,2026-09-12,not_exact_fixed_segment;not_FixedPrice
156708,Porvoon Energia Oy,12,2026-09-12,not_General
156709,Fortum Markets Oy,12,2026-09-12,not_exact_fixed_segment;not_FixedPrice
156712,Korpelan Energia Oy,12,2026-09-12,not_exact_fixed_segment;not_FixedPrice
156714,Oomi Oy,12,2026-09-12,not_exact_fixed_segment;not_FixedPrice
156715,Pohjois-Karjalan Sähkö Oy,24,2026-09-12,not_General
156720,Alajärven Sähkö Oy,24,2026-09-12,not_General
156721,Nordic Green Energy,24,2026-09-12,not_exact_fixed_segment;not_FixedPrice
156727,Lammaisten Energia Oy,24,2026-09-12,not_General
156728,Vaasan Sähkö Myynti Oy,6,2026-09-12,not_General
156730,Vaasan Sähkö Myynti Oy,24,2026-09-12,not_exact_fixed_segment;not_FixedPrice
157012,Pohjois-Karjalan Sähkö Oy,6,2026-09-13,not_General
157013,Lammaisten Energia Oy,24,2026-09-13,not_exact_fixed_segment;not_FixedPrice
157014,Koillis-Satakunnan Sähkö Oy,24,2026-09-13,not_General
157015,Keravan Energia Oy,24,2026-09-13,not_exact_fixed_segment;not_FixedPrice
157016,Nurmijärven Sähkö Oy,24,2026-09-13,not_General
157019,Imatran Seudun Sähkö Oy,24,2026-09-13,not_exact_fixed_segment;not_FixedPrice
157022,Paneliankosken Voima Oy,24,2026-09-13,not_exact_fixed_segment;not_FixedPrice;not_General
157026,Köyliön-Säkylän Sähkö Oy,24,2026-09-13,not_General
157030,Vaasan Sähkö Myynti Oy,12,2026-09-13,not_exact_fixed_segment;not_FixedPrice
157036,Porvoon Energia Oy,24,2026-09-13,not_General
157038,Helen Oy,24,2026-09-13,not_exact_fixed_segment;not_FixedPrice
157041,Nurmijärven Sähkö Oy,12,2026-09-13,not_General
157044,Äänekosken Energia Oy,24,2026-09-13,not_General
157046,Kokkolan Energia Oy,24,2026-09-13,not_exact_fixed_segment;not_FixedPrice
157052,Nordic Green Energy,24,2026-09-13,not_exact_fixed_segment;not_FixedPrice
157053,Lammaisten Energia Oy,12,2026-09-13,not_exact_fixed_segment;not_FixedPrice;not_General
157057,Lammaisten Energia Oy,12,2026-09-13,not_exact_fixed_segment;not_FixedPrice;not_General
157058,Äänekosken Energia Oy,12,2026-09-13,not_General
157062,Nordic Green Energy,12,2026-09-13,not_exact_fixed_segment;not_FixedPrice
157067,Pohjois-Karjalan Sähkö Oy,12,2026-09-13,not_General
157068,Lammaisten Energia Oy,12,2026-09-13,not_General
157071,Kokkolan Energia Oy,6,2026-09-13,not_exact_fixed_segment;not_FixedPrice
157072,Lammaisten Energia Oy,12,2026-09-13,not_exact_fixed_segment;not_FixedPrice
157089,Keravan Energia Oy,12,2026-09-13,not_exact_fixed_segment;not_FixedPrice
157090,Paneliankosken Voima Oy,24,2026-09-13,not_exact_fixed_segment;not_FixedPrice
157093,Omavoima Oy,12,2026-09-13,not_General
157102,Köyliön-Säkylän Sähkö Oy,12,2026-09-13,not_General
157103,Koillis-Satakunnan Sähkö Oy,24,2026-09-13,not_exact_fixed_segment;not_FixedPrice
157106,Omavoima Oy,24,2026-09-13,not_exact_fixed_segment;not_FixedPrice
157115,Pohjois-Karjalan Sähkö Oy,24,2026-09-13,not_General
157120,Pohjois-Karjalan Sähkö Oy,6,2026-09-13,not_General
157124,Lammaisten Energia Oy,24,2026-09-13,not_General
157126,Nurmijärven Sähkö Oy,12,2026-09-13,not_General
157127,Keravan Energia Oy,24,2026-09-13,not_exact_fixed_segment;not_FixedPrice
157129,Äänekosken Energia Oy,12,2026-09-13,not_General
157134,Fortum Markets Oy,24,2026-09-13,not_exact_fixed_segment;not_FixedPrice
157137,Pohjois-Karjalan Sähkö Oy,12,2026-09-13,not_General
157142,Vaasan Sähkö Myynti Oy,6,2026-09-13,not_exact_fixed_segment;not_FixedPrice
157145,Lammaisten Energia Oy,24,2026-09-13,not_exact_fixed_segment;not_FixedPrice;not_General
157149,Koillis-Satakunnan Sähkö Oy,12,2026-09-13,not_General
157150,Porvoon Energia Oy,24,2026-09-13,not_General
157152,Alajärven Sähkö Oy,12,2026-09-13,not_General
157156,Omavoima Oy,24,2026-09-13,not_General
157161,Paneliankosken Voima Oy,24,2026-09-13,not_General
157164,Hehku Energia Oy,24,2026-09-13,not_exact_fixed_segment;not_FixedPrice
157166,Nordic Green Energy,12,2026-09-13,not_exact_fixed_segment;not_FixedPrice
157170,Vaasan Sähkö Myynti Oy,24,2026-09-13,not_General
157171,Äänekosken Energia Oy,24,2026-09-13,not_General
157175,Lammaisten Energia Oy,24,2026-09-13,not_exact_fixed_segment;not_FixedPrice;not_General
157178,Omavoima Oy,24,2026-09-13,not_General
157179,Korpelan Energia Oy,24,2026-09-13,not_exact_fixed_segment;not_FixedPrice
157182,Koillis-Satakunnan Sähkö Oy,12,2026-09-13,not_General
157186,Nurmijärven Sähkö Oy,24,2026-09-13,not_General
157187,Kokkolan Energia Oy,12,2026-09-13,not_exact_fixed_segment;not_FixedPrice
157188,Lammaisten Energia Oy,12,2026-09-13,not_General
157193,Köyliön-Säkylän Sähkö Oy,12,2026-09-13,not_General
157195,Imatran Seudun Sähkö Oy,12,2026-09-13,not_exact_fixed_segment;not_FixedPrice
157201,Helen Oy,12,2026-09-13,not_exact_fixed_segment;not_FixedPrice
157203,Hehku Energia Oy,12,2026-09-13,not_exact_fixed_segment;not_FixedPrice
157205,Paneliankosken Voima Oy,12,2026-09-13,not_exact_fixed_segment;not_FixedPrice
157217,Vaasan Sähkö Myynti Oy,12,2026-09-13,not_General
157220,Imatran Seudun Sähkö Oy,6,2026-09-13,not_exact_fixed_segment;not_FixedPrice
157223,Oomi Oy,24,2026-09-13,not_exact_fixed_segment;not_FixedPrice
157225,Omavoima Oy,12,2026-09-13,not_General
157240,Imatran Seudun Sähkö Oy,12,2026-09-13,not_exact_fixed_segment;not_FixedPrice
157242,Keravan Energia Oy,12,2026-09-13,not_exact_fixed_segment;not_FixedPrice
157244,Paneliankosken Voima Oy,12,2026-09-13,not_General
157245,Koillis-Satakunnan Sähkö Oy,24,2026-09-13,not_General
157250,Koillis-Satakunnan Sähkö Oy,24,2026-09-13,not_exact_fixed_segment;not_FixedPrice
157252,Porvoon Energia Oy,12,2026-09-13,not_General
157253,Fortum Markets Oy,12,2026-09-13,not_exact_fixed_segment;not_FixedPrice
157256,Korpelan Energia Oy,12,2026-09-13,not_exact_fixed_segment;not_FixedPrice
157258,Oomi Oy,12,2026-09-13,not_exact_fixed_segment;not_FixedPrice
157259,Pohjois-Karjalan Sähkö Oy,24,2026-09-13,not_General
157264,Alajärven Sähkö Oy,24,2026-09-13,not_General
157265,Nordic Green Energy,24,2026-09-13,not_exact_fixed_segment;not_FixedPrice
157271,Lammaisten Energia Oy,24,2026-09-13,not_General
157272,Vaasan Sähkö Myynti Oy,6,2026-09-13,not_General
157274,Vaasan Sähkö Myynti Oy,24,2026-09-13,not_exact_fixed_segment;not_FixedPrice
