date,contract,segment,source,observations,interpretation,completed,retrospective,binding,rejected,flags
2026-07-22,0haoj3-nurmijarven-sahko-oy-porssisahko-plus,spot,,[],,,,,[],canonical_omitted_no_covering_source_observation|retrospective_historical_interpretation|historical_evidence_grade_exact_components_first_immutable_text_backcast|historical_episode_id_3291|historical_interpretation_id_3291|historical_interpretation_completed_at_2026-08-07T09:28:03+00:00|historical_household_statistics_scope_assumed|spot_assumptions_source_spot_price_hours|spot_assumptions_partial_above_threshold|spot_assumptions_raw_hourly_reconstruction|spot_assumptions_coverage_ratio_0.993836|spot_assumptions_expected_hours_8760|spot_assumptions_actual_hours_8706|spot_estimate_confidence_higher|spot_forward_curve_with_rolling_365_intraday_shape|partial_shape_coverage|forward_month_from_quarter_contract
2026-07-22,0hu0nj-alajarven-sahko-oy-porssisahko-yrityksille,unclassified,,[],,,,,[],missing_historical_snapshot_identity|spot_assumptions_source_spot_price_hours|spot_assumptions_partial_above_threshold|spot_assumptions_raw_hourly_reconstruction|spot_assumptions_coverage_ratio_0.993836|spot_assumptions_expected_hours_8760|spot_assumptions_actual_hours_8706|observed_relational_uniform_monthly_consumption
2026-07-22,0lpjxi-parikkalan-valo-oy-spot-valo,spot,,[],,,,,[],canonical_omitted_no_covering_source_observation|retrospective_historical_interpretation|historical_evidence_grade_exact_components_first_immutable_text_backcast|historical_episode_id_3293|historical_interpretation_id_3293|historical_interpretation_completed_at_2026-08-07T09:28:40+00:00|historical_household_statistics_scope_assumed|spot_assumptions_source_spot_price_hours|spot_assumptions_partial_above_threshold|spot_assumptions_raw_hourly_reconstruction|spot_assumptions_coverage_ratio_0.993836|spot_assumptions_expected_hours_8760|spot_assumptions_actual_hours_8706|spot_estimate_confidence_higher|spot_forward_curve_with_rolling_365_intraday_shape|partial_shape_coverage|forward_month_from_quarter_contract
2026-07-22,0lt7rg-oomi-oy-oomi-kiintea-24-kk,fixed_term_24,,[],,,,,[],canonical_omitted_no_covering_source_observation|retrospective_historical_interpretation|historical_evidence_grade_exact_components_first_immutable_text_backcast|historical_episode_id_3294|historical_interpretation_id_3294|historical_interpretation_completed_at_2026-08-07T09:29:02+00:00|historical_household_statistics_scope_assumed|spot_assumptions_source_spot_price_hours|spot_assumptions_partial_above_threshold|spot_assumptions_raw_hourly_reconstruction|spot_assumptions_coverage_ratio_0.993836|spot_assumptions_expected_hours_8760|spot_assumptions_actual_hours_8706
2026-07-22,0uohci-vihrea-alyenergia-oy-opiskelijan-verraton-porssisahko,spot,,[],,,,,[],canonical_omitted_no_covering_source_observation|retrospective_historical_interpretation|historical_evidence_grade_exact_components_first_immutable_text_backcast|historical_episode_id_3306|historical_interpretation_id_3306|historical_interpretation_completed_at_2026-08-07T09:34:13+00:00|historical_household_statistics_scope_assumed|spot_assumptions_source_spot_price_hours|spot_assumptions_partial_above_threshold|spot_assumptions_raw_hourly_reconstruction|spot_assumptions_coverage_ratio_0.993836|spot_assumptions_expected_hours_8760|spot_assumptions_actual_hours_8706|spot_estimate_confidence_higher|spot_forward_curve_with_rolling_365_intraday_shape|partial_shape_coverage|forward_month_from_quarter_contract
2026-07-22,0uxkvt-hehku-energia-oy-hehku-kiintea-24-kk,unclassified,,[],,,,,[],missing_historical_snapshot_identity|spot_assumptions_source_spot_price_hours|spot_assumptions_partial_above_threshold|spot_assumptions_raw_hourly_reconstruction|spot_assumptions_coverage_ratio_0.993836|spot_assumptions_expected_hours_8760|spot_assumptions_actual_hours_8706|observed_relational_uniform_monthly_consumption
2026-07-22,1eh6re-vaasan-sahko-myynti-oy-perussahko-yleissahko,quarterly,,[],,,,,[],canonical_omitted_no_covering_source_observation|retrospective_historical_interpretation|historical_evidence_grade_exact_components_first_immutable_text_backcast|historical_episode_id_3323|historical_interpretation_id_3323|historical_interpretation_completed_at_2026-08-07T09:41:22+00:00|historical_household_statistics_scope_assumed|spot_assumptions_source_spot_price_hours|spot_assumptions_partial_above_threshold|spot_assumptions_raw_hourly_reconstruction|spot_assumptions_coverage_ratio_0.993836|spot_assumptions_expected_hours_8760|spot_assumptions_actual_hours_8706|reset_tail_shifted_on_forward_curve|forward_month_from_quarter_contract
2026-07-22,1ucmby-cheap-energy-finland-oy-cheap-kvartaalisahko,quarterly,,[],,,,,[],canonical_omitted_no_covering_source_observation|retrospective_historical_interpretation|historical_evidence_grade_exact_components_first_immutable_text_backcast|historical_episode_id_3350|historical_interpretation_id_3350|historical_interpretation_completed_at_2026-08-07T09:55:12+00:00|historical_household_statistics_scope_assumed|spot_assumptions_source_spot_price_hours|spot_assumptions_partial_above_threshold|spot_assumptions_raw_hourly_reconstruction|spot_assumptions_coverage_ratio_0.993836|spot_assumptions_expected_hours_8760|spot_assumptions_actual_hours_8706|reset_tail_shifted_on_forward_curve|forward_month_from_quarter_contract
2026-07-22,1vqefg-alajarven-sahko-oy-yleissahko-yrityksille,unclassified,,[],,,,,[],missing_historical_snapshot_identity|spot_assumptions_source_spot_price_hours|spot_assumptions_partial_above_threshold|spot_assumptions_raw_hourly_reconstruction|spot_assumptions_coverage_ratio_0.993836|spot_assumptions_expected_hours_8760|spot_assumptions_actual_hours_8706|observed_relational_uniform_monthly_consumption
2026-07-22,1xpsyz-paneliankosken-voima-oy-kosken-markkinawoima,spot,,[],,,,,[],canonical_omitted_no_covering_source_observation|retrospective_historical_interpretation|historical_evidence_grade_exact_components_first_immutable_text_backcast|historical_episode_id_3364|historical_interpretation_id_3364|historical_interpretation_completed_at_2026-08-07T09:59:26+00:00|historical_household_statistics_scope_assumed|spot_assumptions_source_spot_price_hours|spot_assumptions_partial_above_threshold|spot_assumptions_raw_hourly_reconstruction|spot_assumptions_coverage_ratio_0.993836|spot_assumptions_expected_hours_8760|spot_assumptions_actual_hours_8706|spot_estimate_confidence_higher|spot_forward_curve_with_rolling_365_intraday_shape|partial_shape_coverage|forward_month_from_quarter_contract
2026-07-22,2dyexb-fortum-markets-oy-fortum-duo-12-kk,hybrid,,[],,,,,[],canonical_omitted_no_covering_source_observation|retrospective_historical_interpretation|historical_evidence_grade_exact_components_first_immutable_text_backcast|historical_episode_id_3388|historical_interpretation_id_3388|historical_interpretation_completed_at_2026-08-07T10:10:56+00:00|historical_household_statistics_scope_assumed|spot_assumptions_source_spot_price_hours|spot_assumptions_partial_above_threshold|spot_assumptions_raw_hourly_reconstruction|spot_assumptions_coverage_ratio_0.993836|spot_assumptions_expected_hours_8760|spot_assumptions_actual_hours_8706|excludes_consumption_effect
2026-07-22,2wzfba-oomi-oy-oomi-vakaa,open_ended,,[],,,,,[],canonical_omitted_no_covering_source_observation|retrospective_historical_interpretation|historical_evidence_grade_exact_components_first_immutable_text_backcast|historical_episode_id_3422|historical_interpretation_id_3422|historical_interpretation_completed_at_2026-08-07T10:25:11+00:00|historical_household_statistics_scope_assumed|spot_assumptions_source_spot_price_hours|spot_assumptions_partial_above_threshold|spot_assumptions_raw_hourly_reconstruction|spot_assumptions_coverage_ratio_0.993836|spot_assumptions_expected_hours_8760|spot_assumptions_actual_hours_8706|supplier_adjusted_tail_uses_comparable_forward_premium|supplier_adjusted_monthly_fee_held_flat|price_episode_observed_proxy|price_episode_left_censored|historical_exact_contract_only|price_episode_uses_dedicated_historical_interpretation|missing_own_reference_using_comparable_premium|lower_confidence_energy_episode_proxy
2026-07-22,31vqfj-pohjois-karjalan-sahko-oy-optimi-takuu-12-kuukautta,fixed_term_12,,[],,,,,[],canonical_omitted_no_covering_source_observation|retrospective_historical_interpretation|historical_evidence_grade_exact_components_first_immutable_text_backcast|historical_episode_id_3429|historical_interpretation_id_3429|historical_interpretation_completed_at_2026-08-07T10:27:36+00:00|historical_household_statistics_scope_assumed|spot_assumptions_source_spot_price_hours|spot_assumptions_partial_above_threshold|spot_assumptions_raw_hourly_reconstruction|spot_assumptions_coverage_ratio_0.993836|spot_assumptions_expected_hours_8760|spot_assumptions_actual_hours_8706|held_current_price_forward|unknown_periods_use_latest_applicable_price_or_disclosed_normal
2026-07-22,35idqf-vattenfall-oy-taysvesi-24-kk,fixed_term_24,,[],,,,,[],canonical_omitted_no_covering_source_observation|retrospective_historical_interpretation|historical_evidence_grade_exact_components_first_immutable_text_backcast|historical_episode_id_3436|historical_interpretation_id_3436|historical_interpretation_completed_at_2026-08-07T10:29:50+00:00|historical_household_statistics_scope_assumed|spot_assumptions_source_spot_price_hours|spot_assumptions_partial_above_threshold|spot_assumptions_raw_hourly_reconstruction|spot_assumptions_coverage_ratio_0.993836|spot_assumptions_expected_hours_8760|spot_assumptions_actual_hours_8706
2026-07-22,36hotu-alajarven-sahko-oy-aikasahko-12-kk-yrityksille,unclassified,,[],,,,,[],missing_historical_snapshot_identity|spot_assumptions_source_spot_price_hours|spot_assumptions_partial_above_threshold|spot_assumptions_raw_hourly_reconstruction|spot_assumptions_coverage_ratio_0.993836|spot_assumptions_expected_hours_8760|spot_assumptions_actual_hours_8706|observed_relational_uniform_monthly_consumption
2026-07-22,3a9te1-korpelan-energia-oy-korpela-kesto-12-kk,unclassified,,[],,,,,[],missing_historical_snapshot_identity|spot_assumptions_source_spot_price_hours|spot_assumptions_partial_above_threshold|spot_assumptions_raw_hourly_reconstruction|spot_assumptions_coverage_ratio_0.993836|spot_assumptions_expected_hours_8760|spot_assumptions_actual_hours_8706|observed_relational_uniform_monthly_consumption
2026-07-22,3bdzoe-paneliankosken-voima-oy-kosken-kayttowoima-12-kk-kulutusjousto,hybrid,,[],,,,,[],canonical_omitted_no_covering_source_observation|retrospective_historical_interpretation|historical_evidence_grade_exact_components_first_immutable_text_backcast|historical_episode_id_3442|historical_interpretation_id_3442|historical_interpretation_completed_at_2026-08-07T10:32:51+00:00|historical_household_statistics_scope_assumed|spot_assumptions_source_spot_price_hours|spot_assumptions_partial_above_threshold|spot_assumptions_raw_hourly_reconstruction|spot_assumptions_coverage_ratio_0.993836|spot_assumptions_expected_hours_8760|spot_assumptions_actual_hours_8706
2026-07-22,3d2htj-vaasan-sahko-myynti-oy-kiintea-6-kk-yosahko-yrityksille,unclassified,,[],,,,,[],missing_historical_snapshot_identity|spot_assumptions_source_spot_price_hours|spot_assumptions_partial_above_threshold|spot_assumptions_raw_hourly_reconstruction|spot_assumptions_coverage_ratio_0.993836|spot_assumptions_expected_hours_8760|spot_assumptions_actual_hours_8706|observed_relational_uniform_monthly_consumption
2026-07-22,3dwf5t-hehku-energia-oy-hehku-yritysjousto-12-kk,unclassified,,[],,,,,[],missing_historical_snapshot_identity|spot_assumptions_source_spot_price_hours|spot_assumptions_partial_above_threshold|spot_assumptions_raw_hourly_reconstruction|spot_assumptions_coverage_ratio_0.993836|spot_assumptions_expected_hours_8760|spot_assumptions_actual_hours_8706|observed_relational_uniform_monthly_consumption
2026-07-22,3gqxn1-vaasan-sahko-myynti-oy-kiintea-12-kk-yosahko,fixed_term_12,,[],,,,,[],canonical_omitted_no_covering_source_observation|retrospective_historical_interpretation|historical_evidence_grade_exact_components_first_immutable_text_backcast|historical_episode_id_3450|historical_interpretation_id_3450|historical_interpretation_completed_at_2026-08-07T10:36:51+00:00|historical_household_statistics_scope_assumed|spot_assumptions_source_spot_price_hours|spot_assumptions_partial_above_threshold|spot_assumptions_raw_hourly_reconstruction|spot_assumptions_coverage_ratio_0.993836|spot_assumptions_expected_hours_8760|spot_assumptions_actual_hours_8706
2026-07-22,3sivst-helen-oy-helpposahko-s,open_ended,,[],,,,,[],canonical_omitted_no_covering_source_observation|retrospective_historical_interpretation|historical_evidence_grade_exact_components_first_immutable_text_backcast|historical_episode_id_3472|historical_interpretation_id_3472|historical_interpretation_completed_at_2026-08-07T10:47:53+00:00|historical_household_statistics_scope_assumed|spot_assumptions_source_spot_price_hours|spot_assumptions_partial_above_threshold|spot_assumptions_raw_hourly_reconstruction|spot_assumptions_coverage_ratio_0.993836|spot_assumptions_expected_hours_8760|spot_assumptions_actual_hours_8706
2026-07-22,408nd7-imatran-seudun-sahko-oy-ajantasa-kampanja-4-ensimmaista-kk-ilman-perusmaksua,spot,,[],,,,,[],canonical_omitted_no_covering_source_observation|retrospective_historical_interpretation|historical_evidence_grade_exact_components_first_immutable_text_backcast|historical_episode_id_3488|historical_interpretation_id_3488|historical_interpretation_completed_at_2026-08-07T10:56:11+00:00|historical_household_statistics_scope_assumed|spot_assumptions_source_spot_price_hours|spot_assumptions_partial_above_threshold|spot_assumptions_raw_hourly_reconstruction|spot_assumptions_coverage_ratio_0.993836|spot_assumptions_expected_hours_8760|spot_assumptions_actual_hours_8706|spot_estimate_confidence_higher|spot_forward_curve_with_rolling_365_intraday_shape|partial_shape_coverage|forward_month_from_quarter_contract
2026-07-22,42tuen-oomi-oy-oomi-kiintea-12-kk-yrityksille,unclassified,,[],,,,,[],missing_historical_snapshot_identity|spot_assumptions_source_spot_price_hours|spot_assumptions_partial_above_threshold|spot_assumptions_raw_hourly_reconstruction|spot_assumptions_coverage_ratio_0.993836|spot_assumptions_expected_hours_8760|spot_assumptions_actual_hours_8706|observed_relational_uniform_monthly_consumption
2026-07-22,4jxjsu-vihrea-alyenergia-oy-vakaa-valinta,open_ended,,[],,,,,[],canonical_omitted_no_covering_source_observation|retrospective_historical_interpretation|historical_evidence_grade_exact_components_last_observed_text_backcast|historical_episode_id_3506|historical_interpretation_id_3506|historical_interpretation_completed_at_2026-08-07T11:04:02+00:00|historical_household_statistics_scope_assumed|spot_assumptions_source_spot_price_hours|spot_assumptions_partial_above_threshold|spot_assumptions_raw_hourly_reconstruction|spot_assumptions_coverage_ratio_0.993836|spot_assumptions_expected_hours_8760|spot_assumptions_actual_hours_8706|supplier_adjusted_tail_shifted_on_forward_curve|supplier_adjusted_monthly_fee_held_flat|price_episode_observed_proxy|price_episode_left_censored|historical_exact_contract_only|price_episode_uses_dedicated_historical_interpretation|forward_month_from_quarter_contract
2026-07-22,4m1y0z-vaasan-sahko-myynti-oy-kiintea-24-kk-yleissahko-yrityksille,unclassified,,[],,,,,[],missing_historical_snapshot_identity|spot_assumptions_source_spot_price_hours|spot_assumptions_partial_above_threshold|spot_assumptions_raw_hourly_reconstruction|spot_assumptions_coverage_ratio_0.993836|spot_assumptions_expected_hours_8760|spot_assumptions_actual_hours_8706|observed_relational_uniform_monthly_consumption
2026-07-22,4rzdsm-lammaisten-energia-oy-toimitusvelvollinen-yleissahko,open_ended,,[],,,,,[],canonical_omitted_no_covering_source_observation|retrospective_historical_interpretation|historical_evidence_grade_exact_components_first_immutable_text_backcast|historical_episode_id_3525|historical_interpretation_id_3525|historical_interpretation_completed_at_2026-08-07T11:12:52+00:00|historical_household_statistics_scope_assumed|spot_assumptions_source_spot_price_hours|spot_assumptions_partial_above_threshold|spot_assumptions_raw_hourly_reconstruction|spot_assumptions_coverage_ratio_0.993836|spot_assumptions_expected_hours_8760|spot_assumptions_actual_hours_8706|supplier_adjusted_tail_uses_comparable_forward_premium|supplier_adjusted_monthly_fee_held_flat|price_episode_observed_proxy|price_episode_left_censored|historical_exact_contract_only|price_episode_uses_dedicated_historical_interpretation|calendar_gap_within_observed_price_episode|missing_own_reference_using_comparable_premium|lower_confidence_energy_episode_proxy
2026-07-22,4w4snx-omavoima-oy-oma-12kk-yleis,fixed_term_12,,[],,,,,[],canonical_omitted_no_covering_source_observation|retrospective_historical_interpretation|historical_evidence_grade_exact_components_first_immutable_text_backcast|historical_episode_id_3532|historical_interpretation_id_3532|historical_interpretation_completed_at_2026-08-07T11:17:14+00:00|historical_household_statistics_scope_assumed|spot_assumptions_source_spot_price_hours|spot_assumptions_partial_above_threshold|spot_assumptions_raw_hourly_reconstruction|spot_assumptions_coverage_ratio_0.993836|spot_assumptions_expected_hours_8760|spot_assumptions_actual_hours_8706
2026-07-22,4yalza-lumme-energia-vuosisahko-12-kk-hinta-joka-ei-heilu,fixed_term_12,,[],,,,,[],canonical_omitted_no_covering_source_observation|retrospective_historical_interpretation|historical_evidence_grade_exact_components_first_immutable_text_backcast|historical_episode_id_3537|historical_interpretation_id_3537|historical_interpretation_completed_at_2026-08-07T11:21:09+00:00|historical_household_statistics_scope_assumed|spot_assumptions_source_spot_price_hours|spot_assumptions_partial_above_threshold|spot_assumptions_raw_hourly_reconstruction|spot_assumptions_coverage_ratio_0.993836|spot_assumptions_expected_hours_8760|spot_assumptions_actual_hours_8706
2026-07-22,58qblq-porvoon-energia-oy-ilmastoviisas-24-kk-co2-paastottomasti-tuotettu-yrityksille,unclassified,,[],,,,,[],missing_historical_snapshot_identity|spot_assumptions_source_spot_price_hours|spot_assumptions_partial_above_threshold|spot_assumptions_raw_hourly_reconstruction|spot_assumptions_coverage_ratio_0.993836|spot_assumptions_expected_hours_8760|spot_assumptions_actual_hours_8706|observed_relational_uniform_monthly_consumption
2026-07-22,5avbab-hehku-energia-oy-hehku-kiintea-24-kk-0-kuukausimaksu-ensimmaiset-3-kk,fixed_term_24,,[],,,,,[],canonical_omitted_no_covering_source_observation|retrospective_historical_interpretation|historical_evidence_grade_exact_components_first_immutable_text_backcast|historical_episode_id_3545|historical_interpretation_id_3545|historical_interpretation_completed_at_2026-08-07T11:24:45+00:00|historical_household_statistics_scope_assumed|spot_assumptions_source_spot_price_hours|spot_assumptions_partial_above_threshold|spot_assumptions_raw_hourly_reconstruction|spot_assumptions_coverage_ratio_0.993836|spot_assumptions_expected_hours_8760|spot_assumptions_actual_hours_8706
2026-07-22,5chenx-nurmijarven-sahko-oy-kausisahko-1-vuotta,fixed_term_12,,[],,,,,[],canonical_omitted_no_covering_source_observation|retrospective_historical_interpretation|historical_evidence_grade_exact_components_first_immutable_text_backcast|historical_episode_id_3550|historical_interpretation_id_3550|historical_interpretation_completed_at_2026-08-07T11:26:54+00:00|historical_household_statistics_scope_assumed|spot_assumptions_source_spot_price_hours|spot_assumptions_partial_above_threshold|spot_assumptions_raw_hourly_reconstruction|spot_assumptions_coverage_ratio_0.993836|spot_assumptions_expected_hours_8760|spot_assumptions_actual_hours_8706|held_current_price_forward|unknown_periods_use_latest_applicable_price_or_disclosed_normal
2026-07-22,5fkl0x-vaasan-sahko-myynti-oy-porssisahko-tuuli,spot,,[],,,,,[],canonical_omitted_no_covering_source_observation|retrospective_historical_interpretation|historical_evidence_grade_exact_components_first_immutable_text_backcast|historical_episode_id_3563|historical_interpretation_id_3563|historical_interpretation_completed_at_2026-08-07T11:31:07+00:00|historical_household_statistics_scope_assumed|spot_assumptions_source_spot_price_hours|spot_assumptions_partial_above_threshold|spot_assumptions_raw_hourly_reconstruction|spot_assumptions_coverage_ratio_0.993836|spot_assumptions_expected_hours_8760|spot_assumptions_actual_hours_8706|spot_estimate_confidence_higher|spot_forward_curve_with_rolling_365_intraday_shape|partial_shape_coverage|forward_month_from_quarter_contract
2026-07-22,5me61f-paneliankosken-voima-oy-kosken-kayttowoima-24-kk-kulutusjousto,hybrid,,[],,,,,[],canonical_omitted_no_covering_source_observation|retrospective_historical_interpretation|historical_evidence_grade_exact_components_first_immutable_text_backcast|historical_episode_id_3577|historical_interpretation_id_3577|historical_interpretation_completed_at_2026-08-07T11:38:41+00:00|historical_household_statistics_scope_assumed|spot_assumptions_source_spot_price_hours|spot_assumptions_partial_above_threshold|spot_assumptions_raw_hourly_reconstruction|spot_assumptions_coverage_ratio_0.993836|spot_assumptions_expected_hours_8760|spot_assumptions_actual_hours_8706
2026-07-22,5s5r2e-hehku-energia-oy-hehku-hiilivapaa-12-kk-0-kuukausimaksu-ensimmaiset-3-kk,fixed_term_12,,[],,,,,[],canonical_omitted_no_covering_source_observation|retrospective_historical_interpretation|historical_evidence_grade_exact_components_first_immutable_text_backcast|historical_episode_id_3588|historical_interpretation_id_3588|historical_interpretation_completed_at_2026-08-07T11:44:07+00:00|historical_household_statistics_scope_assumed|spot_assumptions_source_spot_price_hours|spot_assumptions_partial_above_threshold|spot_assumptions_raw_hourly_reconstruction|spot_assumptions_coverage_ratio_0.993836|spot_assumptions_expected_hours_8760|spot_assumptions_actual_hours_8706
2026-07-22,5tgtrl-lammaisten-energia-oy-iisi-helpposahko-aikasahko-24-kk,fixed_term_24,,[],,,,,[],canonical_omitted_no_covering_source_observation|retrospective_historical_interpretation|historical_evidence_grade_exact_components_first_immutable_text_backcast|historical_episode_id_3590|historical_interpretation_id_3590|historical_interpretation_completed_at_2026-08-07T11:44:52+00:00|historical_household_statistics_scope_assumed|spot_assumptions_source_spot_price_hours|spot_assumptions_partial_above_threshold|spot_assumptions_raw_hourly_reconstruction|spot_assumptions_coverage_ratio_0.993836|spot_assumptions_expected_hours_8760|spot_assumptions_actual_hours_8706|held_current_price_forward|unknown_periods_use_latest_applicable_price_or_disclosed_normal
2026-07-22,5vfds6-vattenfall-oy-yrityksen-ilmasto-mix-24-kk-perusmaksut-0-ensimmaiset-6-kk,unclassified,,[],,,,,[],missing_historical_snapshot_identity|spot_assumptions_source_spot_price_hours|spot_assumptions_partial_above_threshold|spot_assumptions_raw_hourly_reconstruction|spot_assumptions_coverage_ratio_0.993836|spot_assumptions_expected_hours_8760|spot_assumptions_actual_hours_8706|observed_relational_uniform_monthly_consumption
2026-07-22,5x48mf-fortum-markets-oy-fortum-tarkka,spot,,[],,,,,[],canonical_omitted_no_covering_source_observation|retrospective_historical_interpretation|historical_evidence_grade_exact_components_first_immutable_text_backcast|historical_episode_id_3602|historical_interpretation_id_3602|historical_interpretation_completed_at_2026-08-07T11:48:38+00:00|historical_household_statistics_scope_assumed|spot_assumptions_source_spot_price_hours|spot_assumptions_partial_above_threshold|spot_assumptions_raw_hourly_reconstruction|spot_assumptions_coverage_ratio_0.993836|spot_assumptions_expected_hours_8760|spot_assumptions_actual_hours_8706|spot_estimate_confidence_higher|spot_forward_curve_with_rolling_365_intraday_shape|partial_shape_coverage|forward_month_from_quarter_contract
2026-07-22,64ge8w-lumme-energia-perussahko,open_ended,,[],,,,,[],canonical_omitted_no_covering_source_observation|retrospective_historical_interpretation|historical_evidence_grade_exact_components_first_immutable_text_backcast|historical_episode_id_3608|historical_interpretation_id_3608|historical_interpretation_completed_at_2026-08-07T11:51:39+00:00|historical_household_statistics_scope_assumed|spot_assumptions_source_spot_price_hours|spot_assumptions_partial_above_threshold|spot_assumptions_raw_hourly_reconstruction|spot_assumptions_coverage_ratio_0.993836|spot_assumptions_expected_hours_8760|spot_assumptions_actual_hours_8706|reset_tail_shifted_on_forward_curve|forward_month_from_quarter_contract
2026-07-22,68g91h-keuruun-sahko-oy-yosahko,open_ended,,[],,,,,[],canonical_omitted_no_covering_source_observation|retrospective_historical_interpretation|historical_evidence_grade_exact_components_first_immutable_text_backcast|historical_episode_id_3616|historical_interpretation_id_3616|historical_interpretation_completed_at_2026-08-07T11:53:52+00:00|historical_household_statistics_scope_assumed|spot_assumptions_source_spot_price_hours|spot_assumptions_partial_above_threshold|spot_assumptions_raw_hourly_reconstruction|spot_assumptions_coverage_ratio_0.993836|spot_assumptions_expected_hours_8760|spot_assumptions_actual_hours_8706|supplier_adjusted_tail_uses_comparable_forward_premium|supplier_adjusted_monthly_fee_held_flat|price_episode_observed_proxy|price_episode_left_censored|historical_exact_contract_only|price_episode_uses_dedicated_historical_interpretation|calendar_gap_within_observed_price_episode|missing_own_reference_using_comparable_premium|lower_confidence_energy_episode_proxy
2026-07-22,6bkvu5-korpelan-energia-oy-korpela-kesto-kiintea-12-kk,fixed_term_12,,[],,,,,[],canonical_omitted_no_covering_source_observation|retrospective_historical_interpretation|historical_evidence_grade_exact_components_first_immutable_text_backcast|historical_episode_id_3618|historical_interpretation_id_3618|historical_interpretation_completed_at_2026-08-07T11:54:37+00:00|historical_household_statistics_scope_assumed|spot_assumptions_source_spot_price_hours|spot_assumptions_partial_above_threshold|spot_assumptions_raw_hourly_reconstruction|spot_assumptions_coverage_ratio_0.993836|spot_assumptions_expected_hours_8760|spot_assumptions_actual_hours_8706
2026-07-22,6cefqo-lankosken-sahko-oy-porssisahko,unclassified,,[],,,,,[],missing_historical_snapshot_identity|spot_assumptions_source_spot_price_hours|spot_assumptions_partial_above_threshold|spot_assumptions_raw_hourly_reconstruction|spot_assumptions_coverage_ratio_0.993836|spot_assumptions_expected_hours_8760|spot_assumptions_actual_hours_8706|observed_relational_uniform_monthly_consumption
2026-07-22,6e4ly6-kokkolan-energia-oy-tyyni,open_ended,,[],,,,,[],canonical_omitted_no_covering_source_observation|retrospective_historical_interpretation|historical_evidence_grade_exact_components_first_immutable_text_backcast|historical_episode_id_3622|historical_interpretation_id_3622|historical_interpretation_completed_at_2026-08-07T11:56:03+00:00|historical_household_statistics_scope_assumed|spot_assumptions_source_spot_price_hours|spot_assumptions_partial_above_threshold|spot_assumptions_raw_hourly_reconstruction|spot_assumptions_coverage_ratio_0.993836|spot_assumptions_expected_hours_8760|spot_assumptions_actual_hours_8706|reset_tail_shifted_on_forward_curve|unknown_periods_use_latest_applicable_price_or_disclosed_normal|forward_month_from_quarter_contract
2026-07-22,6jrged-vaasan-sahko-myynti-oy-kiintea-12-kk-yleissahko,fixed_term_12,,[],,,,,[],canonical_omitted_no_covering_source_observation|historical_canonical_omitted_interpretation_status_failed|spot_assumptions_source_spot_price_hours|spot_assumptions_partial_above_threshold|spot_assumptions_raw_hourly_reconstruction|spot_assumptions_coverage_ratio_0.993836|spot_assumptions_expected_hours_8760|spot_assumptions_actual_hours_8706|observed_relational_uniform_monthly_consumption
2026-07-22,7gifco-aanekosken-energia-oy-aikasahko-6-kk,unclassified,,[],,,,,[],missing_historical_snapshot_identity|spot_assumptions_source_spot_price_hours|spot_assumptions_partial_above_threshold|spot_assumptions_raw_hourly_reconstruction|spot_assumptions_coverage_ratio_0.993836|spot_assumptions_expected_hours_8760|spot_assumptions_actual_hours_8706|observed_relational_uniform_monthly_consumption
2026-07-22,7hnemk-fortum-markets-oy-fortum-yritys-spot-portfolio,unclassified,,[],,,,,[],missing_historical_snapshot_identity|spot_assumptions_source_spot_price_hours|spot_assumptions_partial_above_threshold|spot_assumptions_raw_hourly_reconstruction|spot_assumptions_coverage_ratio_0.993836|spot_assumptions_expected_hours_8760|spot_assumptions_actual_hours_8706|observed_relational_uniform_monthly_consumption
2026-07-22,7tzr90-vihrea-alyenergia-oy-vankka-kiintea-12kk-fossiilivapaa,fixed_term_12,,[],,,,,[],canonical_omitted_no_covering_source_observation|retrospective_historical_interpretation|historical_evidence_grade_exact_components_last_observed_text_backcast|historical_episode_id_3698|historical_interpretation_id_3698|historical_interpretation_completed_at_2026-08-07T12:33:57+00:00|historical_household_statistics_scope_assumed|spot_assumptions_source_spot_price_hours|spot_assumptions_partial_above_threshold|spot_assumptions_raw_hourly_reconstruction|spot_assumptions_coverage_ratio_0.993836|spot_assumptions_expected_hours_8760|spot_assumptions_actual_hours_8706|held_current_price_forward|unknown_periods_use_latest_applicable_price_or_disclosed_normal
2026-07-22,7uiigw-vattenfall-oy-ilmasto-mix-12-kk-perusmaksut-0-ensimmaiset-3-kk,fixed_term_12,,[],,,,,[],canonical_omitted_no_covering_source_observation|historical_canonical_omitted_interpretation_status_failed|spot_assumptions_source_spot_price_hours|spot_assumptions_partial_above_threshold|spot_assumptions_raw_hourly_reconstruction|spot_assumptions_coverage_ratio_0.993836|spot_assumptions_expected_hours_8760|spot_assumptions_actual_hours_8706|observed_relational_uniform_monthly_consumption
2026-07-22,7wccxi-korpelan-energia-oy-korpela-kesto-24-kk,hybrid,,[],,,,,[],canonical_omitted_no_covering_source_observation|retrospective_historical_interpretation|historical_evidence_grade_exact_components_first_immutable_text_backcast|historical_episode_id_3701|historical_interpretation_id_3701|historical_interpretation_completed_at_2026-08-07T12:35:41+00:00|historical_household_statistics_scope_assumed|spot_assumptions_source_spot_price_hours|spot_assumptions_partial_above_threshold|spot_assumptions_raw_hourly_reconstruction|spot_assumptions_coverage_ratio_0.993836|spot_assumptions_expected_hours_8760|spot_assumptions_actual_hours_8706|excludes_consumption_effect
2026-07-22,802wrz-alajarven-sahko-oy-aikasahko-24-kk,fixed_term_24,,[],,,,,[],canonical_omitted_no_covering_source_observation|retrospective_historical_interpretation|historical_evidence_grade_exact_components_last_observed_text_backcast|historical_episode_id_3706|historical_interpretation_id_3706|historical_interpretation_completed_at_2026-08-07T12:37:34+00:00|historical_household_statistics_scope_assumed|spot_assumptions_source_spot_price_hours|spot_assumptions_partial_above_threshold|spot_assumptions_raw_hourly_reconstruction|spot_assumptions_coverage_ratio_0.993836|spot_assumptions_expected_hours_8760|spot_assumptions_actual_hours_8706
2026-07-22,83lja0-turku-energia-oy-louna-vakio,unclassified,,[],,,,,[],missing_historical_snapshot_identity|spot_assumptions_source_spot_price_hours|spot_assumptions_partial_above_threshold|spot_assumptions_raw_hourly_reconstruction|spot_assumptions_coverage_ratio_0.993836|spot_assumptions_expected_hours_8760|spot_assumptions_actual_hours_8706|observed_relational_uniform_monthly_consumption
2026-07-22,83t7i7-pohjois-karjalan-sahko-oy-optimi-kuukausi,open_ended,,[],,,,,[],canonical_omitted_no_covering_source_observation|retrospective_historical_interpretation|historical_evidence_grade_exact_components_first_immutable_text_backcast|historical_episode_id_3710|historical_interpretation_id_3710|historical_interpretation_completed_at_2026-08-07T12:39:14+00:00|historical_household_statistics_scope_assumed|spot_assumptions_source_spot_price_hours|spot_assumptions_partial_above_threshold|spot_assumptions_raw_hourly_reconstruction|spot_assumptions_coverage_ratio_0.993836|spot_assumptions_expected_hours_8760|spot_assumptions_actual_hours_8706|reset_tail_shifted_on_forward_curve|forward_month_from_quarter_contract
2026-07-22,8gd02q-nurmijarven-sahko-oy-aikasahko-2-vuotta,fixed_term_24,,[],,,,,[],canonical_omitted_no_covering_source_observation|retrospective_historical_interpretation|historical_evidence_grade_exact_components_first_immutable_text_backcast|historical_episode_id_3735|historical_interpretation_id_3735|historical_interpretation_completed_at_2026-08-07T12:50:15+00:00|historical_household_statistics_scope_assumed|spot_assumptions_source_spot_price_hours|spot_assumptions_partial_above_threshold|spot_assumptions_raw_hourly_reconstruction|spot_assumptions_coverage_ratio_0.993836|spot_assumptions_expected_hours_8760|spot_assumptions_actual_hours_8706
2026-07-22,8lw2cg-turku-energia-oy-louna-helppo-l,open_ended,,[],,,,,[],canonical_omitted_no_covering_source_observation|historical_canonical_omitted_interpretation_status_failed|spot_assumptions_source_spot_price_hours|spot_assumptions_partial_above_threshold|spot_assumptions_raw_hourly_reconstruction|spot_assumptions_coverage_ratio_0.993836|spot_assumptions_expected_hours_8760|spot_assumptions_actual_hours_8706|observed_relational_uniform_monthly_consumption|relational_open_ended_no_proven_historical_adjustment_mechanism
2026-07-22,8pktwg-kuoreveden-sahko-oy-porssisahko-100-uusiutuva,spot,,[],,,,,[],canonical_omitted_no_covering_source_observation|retrospective_historical_interpretation|historical_evidence_grade_exact_components_first_immutable_text_backcast|historical_episode_id_3758|historical_interpretation_id_3758|historical_interpretation_completed_at_2026-08-07T13:01:01+00:00|historical_household_statistics_scope_assumed|spot_assumptions_source_spot_price_hours|spot_assumptions_partial_above_threshold|spot_assumptions_raw_hourly_reconstruction|spot_assumptions_coverage_ratio_0.993836|spot_assumptions_expected_hours_8760|spot_assumptions_actual_hours_8706|spot_estimate_confidence_higher|spot_forward_curve_with_rolling_365_intraday_shape|partial_shape_coverage|forward_month_from_quarter_contract
2026-07-22,8prsel-pohjois-karjalan-sahko-oy-optimi-takuu-24-kuukautta,fixed_term_24,,[],,,,,[],canonical_omitted_no_covering_source_observation|retrospective_historical_interpretation|historical_evidence_grade_exact_components_first_immutable_text_backcast|historical_episode_id_3759|historical_interpretation_id_3759|historical_interpretation_completed_at_2026-08-07T13:01:24+00:00|historical_household_statistics_scope_assumed|spot_assumptions_source_spot_price_hours|spot_assumptions_partial_above_threshold|spot_assumptions_raw_hourly_reconstruction|spot_assumptions_coverage_ratio_0.993836|spot_assumptions_expected_hours_8760|spot_assumptions_actual_hours_8706
2026-07-22,8sabq6-pohjois-karjalan-sahko-oy-optimi-takuu-6-kuukautta,fixed_term_6,,[],,,,,[],canonical_omitted_no_covering_source_observation|retrospective_historical_interpretation|historical_evidence_grade_exact_components_first_immutable_text_backcast|historical_episode_id_3762|historical_interpretation_id_3762|historical_interpretation_completed_at_2026-08-07T13:03:37+00:00|historical_household_statistics_scope_assumed|spot_assumptions_source_spot_price_hours|spot_assumptions_partial_above_threshold|spot_assumptions_raw_hourly_reconstruction|spot_assumptions_coverage_ratio_0.993836|spot_assumptions_expected_hours_8760|spot_assumptions_actual_hours_8706|term_price_annualized
2026-07-22,8v2zuo-turku-energia-oy-louna-lahi-6kk,fixed_term_6,,[],,,,,[],canonical_omitted_no_covering_source_observation|retrospective_historical_interpretation|historical_evidence_grade_exact_components_first_immutable_text_backcast|historical_episode_id_3766|historical_interpretation_id_3766|historical_interpretation_completed_at_2026-08-07T13:05:22+00:00|historical_household_statistics_scope_assumed|spot_assumptions_source_spot_price_hours|spot_assumptions_partial_above_threshold|spot_assumptions_raw_hourly_reconstruction|spot_assumptions_coverage_ratio_0.993836|spot_assumptions_expected_hours_8760|spot_assumptions_actual_hours_8706|term_price_annualized
2026-07-22,8wsbp6-kokkolan-energia-oy-aalto-6-kk,fixed_term_6,,[],,,,,[],canonical_omitted_no_covering_source_observation|retrospective_historical_interpretation|historical_evidence_grade_exact_components_first_immutable_text_backcast|historical_episode_id_3768|historical_interpretation_id_3768|historical_interpretation_completed_at_2026-08-07T13:06:19+00:00|historical_household_statistics_scope_assumed|spot_assumptions_source_spot_price_hours|spot_assumptions_partial_above_threshold|spot_assumptions_raw_hourly_reconstruction|spot_assumptions_coverage_ratio_0.993836|spot_assumptions_expected_hours_8760|spot_assumptions_actual_hours_8706|held_current_price_forward|unknown_periods_use_latest_applicable_price_or_disclosed_normal|excludes_consumption_effect
2026-07-22,95viqt-aanekosken-energia-oy-yleissahko-12-kk,unclassified,,[],,,,,[],missing_historical_snapshot_identity|spot_assumptions_source_spot_price_hours|spot_assumptions_partial_above_threshold|spot_assumptions_raw_hourly_reconstruction|spot_assumptions_coverage_ratio_0.993836|spot_assumptions_expected_hours_8760|spot_assumptions_actual_hours_8706|observed_relational_uniform_monthly_consumption
2026-07-22,9a16oh-hehku-energia-oy-hehku-spot,open_ended,,[],,,,,[],canonical_omitted_no_covering_source_observation|retrospective_historical_interpretation|historical_evidence_grade_exact_components_first_immutable_text_backcast|historical_episode_id_3781|historical_interpretation_id_3781|historical_interpretation_completed_at_2026-08-07T13:12:10+00:00|historical_household_statistics_scope_assumed|spot_assumptions_source_spot_price_hours|spot_assumptions_partial_above_threshold|spot_assumptions_raw_hourly_reconstruction|spot_assumptions_coverage_ratio_0.993836|spot_assumptions_expected_hours_8760|spot_assumptions_actual_hours_8706|spot_estimate_confidence_higher|spot_forward_curve_with_rolling_365_intraday_shape|partial_shape_coverage|forward_month_from_quarter_contract
2026-07-22,9nspx1-cheap-energy-finland-oy-cheap-markkinahintasahko-perusmaksu-0-ensimmaisen-kuukauden-ajan,spot,,[],,,,,[],canonical_omitted_no_covering_source_observation|historical_canonical_omitted_interpretation_status_failed|spot_assumptions_source_spot_price_hours|spot_assumptions_partial_above_threshold|spot_assumptions_raw_hourly_reconstruction|spot_assumptions_coverage_ratio_0.993836|spot_assumptions_expected_hours_8760|spot_assumptions_actual_hours_8706|observed_relational_uniform_monthly_consumption|spot_estimate_confidence_higher|partial_shape_coverage|forward_month_from_quarter_contract
2026-07-22,9rfo6y-nurmijarven-sahko-oy-yleissahko-1-vuotta,fixed_term_12,,[],,,,,[],canonical_omitted_no_covering_source_observation|retrospective_historical_interpretation|historical_evidence_grade_exact_components_first_immutable_text_backcast|historical_episode_id_3819|historical_interpretation_id_3819|historical_interpretation_completed_at_2026-08-07T13:36:35+00:00|historical_household_statistics_scope_assumed|spot_assumptions_source_spot_price_hours|spot_assumptions_partial_above_threshold|spot_assumptions_raw_hourly_reconstruction|spot_assumptions_coverage_ratio_0.993836|spot_assumptions_expected_hours_8760|spot_assumptions_actual_hours_8706
2026-07-22,9rgh30-aalto-energia-oyj-huoleton,quarterly,,[],,,,,[],canonical_omitted_no_covering_source_observation|retrospective_historical_interpretation|historical_evidence_grade_exact_components_first_immutable_text_backcast|historical_episode_id_3820|historical_interpretation_id_3820|historical_interpretation_completed_at_2026-08-07T13:37:03+00:00|historical_household_statistics_scope_assumed|spot_assumptions_source_spot_price_hours|spot_assumptions_partial_above_threshold|spot_assumptions_raw_hourly_reconstruction|spot_assumptions_coverage_ratio_0.993836|spot_assumptions_expected_hours_8760|spot_assumptions_actual_hours_8706|reset_tail_shifted_on_forward_curve|forward_month_from_quarter_contract
2026-07-22,9ubuhn-aanekosken-energia-oy-porssisahko-tunti,unclassified,,[],,,,,[],missing_historical_snapshot_identity|spot_assumptions_source_spot_price_hours|spot_assumptions_partial_above_threshold|spot_assumptions_raw_hourly_reconstruction|spot_assumptions_coverage_ratio_0.993836|spot_assumptions_expected_hours_8760|spot_assumptions_actual_hours_8706|observed_relational_uniform_monthly_consumption
2026-07-22,9uczf8-nurmijarven-sahko-oy-porssisahko-tuuli,spot,,[],,,,,[],canonical_omitted_no_covering_source_observation|retrospective_historical_interpretation|historical_evidence_grade_exact_components_first_immutable_text_backcast|historical_episode_id_3833|historical_interpretation_id_3833|historical_interpretation_completed_at_2026-08-07T13:41:26+00:00|historical_household_statistics_scope_assumed|spot_assumptions_source_spot_price_hours|spot_assumptions_partial_above_threshold|spot_assumptions_raw_hourly_reconstruction|spot_assumptions_coverage_ratio_0.993836|spot_assumptions_expected_hours_8760|spot_assumptions_actual_hours_8706|spot_estimate_confidence_higher|spot_forward_curve_with_rolling_365_intraday_shape|partial_shape_coverage|forward_month_from_quarter_contract
2026-07-22,abmjtg-vattenfall-oy-yrityksen-ilmasto-mix-6-kk,unclassified,,[],,,,,[],missing_historical_snapshot_identity|spot_assumptions_source_spot_price_hours|spot_assumptions_partial_above_threshold|spot_assumptions_raw_hourly_reconstruction|spot_assumptions_coverage_ratio_0.993836|spot_assumptions_expected_hours_8760|spot_assumptions_actual_hours_8706|observed_relational_uniform_monthly_consumption
2026-07-22,agmt6u-aanekosken-energia-oy-aikasahko-24-kk,unclassified,,[],,,,,[],missing_historical_snapshot_identity|spot_assumptions_source_spot_price_hours|spot_assumptions_partial_above_threshold|spot_assumptions_raw_hourly_reconstruction|spot_assumptions_coverage_ratio_0.993836|spot_assumptions_expected_hours_8760|spot_assumptions_actual_hours_8706|observed_relational_uniform_monthly_consumption
2026-07-22,ahfryb-imatran-seudun-sahko-oy-voima-joustava-6-kk,hybrid,,[],,,,,[],canonical_omitted_no_covering_source_observation|retrospective_historical_interpretation|historical_evidence_grade_exact_components_last_observed_text_backcast|historical_episode_id_3870|historical_interpretation_id_3870|historical_interpretation_completed_at_2026-08-07T14:07:30+00:00|historical_household_statistics_scope_assumed|spot_assumptions_source_spot_price_hours|spot_assumptions_partial_above_threshold|spot_assumptions_raw_hourly_reconstruction|spot_assumptions_coverage_ratio_0.993836|spot_assumptions_expected_hours_8760|spot_assumptions_actual_hours_8706|term_price_annualized|excludes_consumption_effect
2026-07-22,aieoz0-imatran-seudun-sahko-oy-voima-joustava-12-kk,hybrid,,[],,,,,[],canonical_omitted_no_covering_source_observation|retrospective_historical_interpretation|historical_evidence_grade_exact_components_last_observed_text_backcast|historical_episode_id_3873|historical_interpretation_id_3873|historical_interpretation_completed_at_2026-08-07T14:09:12+00:00|historical_household_statistics_scope_assumed|spot_assumptions_source_spot_price_hours|spot_assumptions_partial_above_threshold|spot_assumptions_raw_hourly_reconstruction|spot_assumptions_coverage_ratio_0.993836|spot_assumptions_expected_hours_8760|spot_assumptions_actual_hours_8706|excludes_consumption_effect
2026-07-22,akhbwv-parikkalan-valo-oy-q-valo,open_ended,,[],,,,,[],canonical_omitted_no_covering_source_observation|retrospective_historical_interpretation|historical_evidence_grade_exact_components_first_immutable_text_backcast|historical_episode_id_3884|historical_interpretation_id_3884|historical_interpretation_completed_at_2026-08-07T14:15:35+00:00|historical_household_statistics_scope_assumed|spot_assumptions_source_spot_price_hours|spot_assumptions_partial_above_threshold|spot_assumptions_raw_hourly_reconstruction|spot_assumptions_coverage_ratio_0.993836|spot_assumptions_expected_hours_8760|spot_assumptions_actual_hours_8706|supplier_adjusted_tail_shifted_on_forward_curve|supplier_adjusted_monthly_fee_held_flat|price_episode_observed_proxy|price_episode_left_censored|historical_exact_contract_only|price_episode_uses_dedicated_historical_interpretation|forward_month_from_quarter_contract
2026-07-22,akvy3r-imatran-seudun-sahko-oy-voima-12-kk,fixed_term_12,,[],,,,,[],canonical_omitted_no_covering_source_observation|retrospective_historical_interpretation|historical_evidence_grade_exact_components_last_observed_text_backcast|historical_episode_id_3885|historical_interpretation_id_3885|historical_interpretation_completed_at_2026-08-07T14:15:59+00:00|historical_household_statistics_scope_assumed|spot_assumptions_source_spot_price_hours|spot_assumptions_partial_above_threshold|spot_assumptions_raw_hourly_reconstruction|spot_assumptions_coverage_ratio_0.993836|spot_assumptions_expected_hours_8760|spot_assumptions_actual_hours_8706|held_current_price_forward|unknown_periods_use_latest_applicable_price_or_disclosed_normal
2026-07-22,aoihlu-hehku-energia-oy-hehku-kiintea-6kk,unclassified,,[],,,,,[],missing_historical_snapshot_identity|spot_assumptions_source_spot_price_hours|spot_assumptions_partial_above_threshold|spot_assumptions_raw_hourly_reconstruction|spot_assumptions_coverage_ratio_0.993836|spot_assumptions_expected_hours_8760|spot_assumptions_actual_hours_8706|observed_relational_uniform_monthly_consumption
2026-07-22,atagtz-nordic-green-energy-uusiutuva-hybridi-24kk,hybrid,,[],,,,,[],canonical_omitted_no_covering_source_observation|retrospective_historical_interpretation|historical_evidence_grade_exact_components_first_immutable_text_backcast|historical_episode_id_3909|historical_interpretation_id_3909|historical_interpretation_completed_at_2026-08-07T14:27:12+00:00|historical_household_statistics_scope_assumed|spot_assumptions_source_spot_price_hours|spot_assumptions_partial_above_threshold|spot_assumptions_raw_hourly_reconstruction|spot_assumptions_coverage_ratio_0.993836|spot_assumptions_expected_hours_8760|spot_assumptions_actual_hours_8706|excludes_consumption_effect
2026-07-22,avncdg-turku-energia-oy-louna-kuukausi,unclassified,,[],,,,,[],missing_historical_snapshot_identity|spot_assumptions_source_spot_price_hours|spot_assumptions_partial_above_threshold|spot_assumptions_raw_hourly_reconstruction|spot_assumptions_coverage_ratio_0.993836|spot_assumptions_expected_hours_8760|spot_assumptions_actual_hours_8706|observed_relational_uniform_monthly_consumption
2026-07-22,axillh-nordic-green-energy-ilmasto-porssisahko,spot,,[],,,,,[],canonical_omitted_no_covering_source_observation|retrospective_historical_interpretation|historical_evidence_grade_exact_components_first_immutable_text_backcast|historical_episode_id_3920|historical_interpretation_id_3920|historical_interpretation_completed_at_2026-08-07T14:32:02+00:00|historical_household_statistics_scope_assumed|spot_assumptions_source_spot_price_hours|spot_assumptions_partial_above_threshold|spot_assumptions_raw_hourly_reconstruction|spot_assumptions_coverage_ratio_0.993836|spot_assumptions_expected_hours_8760|spot_assumptions_actual_hours_8706|spot_estimate_confidence_higher|spot_forward_curve_with_rolling_365_intraday_shape|partial_shape_coverage|forward_month_from_quarter_contract
2026-07-22,ay26mi-porvoon-energia-oy-wind-12-kk-kotimainen-tuulisahko,fixed_term_12,,[],,,,,[],canonical_omitted_no_covering_source_observation|retrospective_historical_interpretation|historical_evidence_grade_exact_components_first_immutable_text_backcast|historical_episode_id_3923|historical_interpretation_id_3923|historical_interpretation_completed_at_2026-08-07T14:33:40+00:00|historical_household_statistics_scope_assumed|spot_assumptions_source_spot_price_hours|spot_assumptions_partial_above_threshold|spot_assumptions_raw_hourly_reconstruction|spot_assumptions_coverage_ratio_0.993836|spot_assumptions_expected_hours_8760|spot_assumptions_actual_hours_8706|held_current_price_forward|unknown_periods_use_latest_applicable_price_or_disclosed_normal
2026-07-22,b5qvdo-vaasan-sahko-myynti-oy-kiintea-24-kk-yosahko,fixed_term_24,,[],,,,,[],canonical_omitted_no_covering_source_observation|retrospective_historical_interpretation|historical_evidence_grade_exact_components_first_immutable_text_backcast|historical_episode_id_3941|historical_interpretation_id_3941|historical_interpretation_completed_at_2026-08-08T07:51:45+00:00|historical_household_statistics_scope_assumed|spot_assumptions_source_spot_price_hours|spot_assumptions_partial_above_threshold|spot_assumptions_raw_hourly_reconstruction|spot_assumptions_coverage_ratio_0.993836|spot_assumptions_expected_hours_8760|spot_assumptions_actual_hours_8706
2026-07-22,b6dnte-fortum-markets-oy-yritys-varma-12kk-yleissahko,unclassified,,[],,,,,[],missing_historical_snapshot_identity|spot_assumptions_source_spot_price_hours|spot_assumptions_partial_above_threshold|spot_assumptions_raw_hourly_reconstruction|spot_assumptions_coverage_ratio_0.993836|spot_assumptions_expected_hours_8760|spot_assumptions_actual_hours_8706|observed_relational_uniform_monthly_consumption
2026-07-22,bfcizc-nordic-green-energy-ilmasto-hybridi-12kk,hybrid,,[],,,,,[],canonical_omitted_no_covering_source_observation|retrospective_historical_interpretation|historical_evidence_grade_exact_components_first_immutable_text_backcast|historical_episode_id_3961|historical_interpretation_id_3961|historical_interpretation_completed_at_2026-08-07T14:54:13+00:00|historical_household_statistics_scope_assumed|spot_assumptions_source_spot_price_hours|spot_assumptions_partial_above_threshold|spot_assumptions_raw_hourly_reconstruction|spot_assumptions_coverage_ratio_0.993836|spot_assumptions_expected_hours_8760|spot_assumptions_actual_hours_8706|excludes_consumption_effect
2026-07-22,bgbqwj-imatran-seudun-sahko-oy-huoleton,open_ended,,[],,,,,[],canonical_omitted_no_covering_source_observation|retrospective_historical_interpretation|historical_evidence_grade_exact_components_first_immutable_text_backcast|historical_episode_id_3965|historical_interpretation_id_3965|historical_interpretation_completed_at_2026-08-07T14:56:42+00:00|historical_household_statistics_scope_assumed|spot_assumptions_source_spot_price_hours|spot_assumptions_partial_above_threshold|spot_assumptions_raw_hourly_reconstruction|spot_assumptions_coverage_ratio_0.993836|spot_assumptions_expected_hours_8760|spot_assumptions_actual_hours_8706|reset_tail_shifted_on_forward_curve|forward_month_from_quarter_contract
2026-07-22,bigx3s-lammaisten-energia-oy-iisi-helpposahko-kausisahko-24-kk,fixed_term_24,,[],,,,,[],canonical_omitted_no_covering_source_observation|retrospective_historical_interpretation|historical_evidence_grade_exact_components_first_immutable_text_backcast|historical_episode_id_3976|historical_interpretation_id_3976|historical_interpretation_completed_at_2026-08-07T15:03:33+00:00|historical_household_statistics_scope_assumed|spot_assumptions_source_spot_price_hours|spot_assumptions_partial_above_threshold|spot_assumptions_raw_hourly_reconstruction|spot_assumptions_coverage_ratio_0.993836|spot_assumptions_expected_hours_8760|spot_assumptions_actual_hours_8706
2026-07-22,bihtmf-omavoima-oy-priimaplus,unclassified,,[],,,,,[],missing_historical_snapshot_identity|spot_assumptions_source_spot_price_hours|spot_assumptions_partial_above_threshold|spot_assumptions_raw_hourly_reconstruction|spot_assumptions_coverage_ratio_0.993836|spot_assumptions_expected_hours_8760|spot_assumptions_actual_hours_8706|observed_relational_uniform_monthly_consumption
2026-07-22,bk8wnd-pohjois-karjalan-sahko-oy-optimi-takuu-6-kuukautta,fixed_term_6,,[],,,,,[],canonical_omitted_no_covering_source_observation|retrospective_historical_interpretation|historical_evidence_grade_exact_components_first_immutable_text_backcast|historical_episode_id_3984|historical_interpretation_id_3984|historical_interpretation_completed_at_2026-08-07T15:07:31+00:00|historical_household_statistics_scope_assumed|spot_assumptions_source_spot_price_hours|spot_assumptions_partial_above_threshold|spot_assumptions_raw_hourly_reconstruction|spot_assumptions_coverage_ratio_0.993836|spot_assumptions_expected_hours_8760|spot_assumptions_actual_hours_8706|held_current_price_forward|unknown_periods_use_latest_applicable_price_or_disclosed_normal
2026-07-22,bkzokt-keravan-energia-oy-biokvartaalisahko,quarterly,,[],,,,,[],canonical_omitted_no_covering_source_observation|retrospective_historical_interpretation|historical_evidence_grade_exact_components_first_immutable_text_backcast|historical_episode_id_3986|historical_interpretation_id_3986|historical_interpretation_completed_at_2026-08-07T15:08:24+00:00|historical_household_statistics_scope_assumed|spot_assumptions_source_spot_price_hours|spot_assumptions_partial_above_threshold|spot_assumptions_raw_hourly_reconstruction|spot_assumptions_coverage_ratio_0.993836|spot_assumptions_expected_hours_8760|spot_assumptions_actual_hours_8706|reset_tail_shifted_on_forward_curve|forward_month_from_quarter_contract
2026-07-22,bl8nmw-vaasan-sahko-myynti-oy-kuukausipaketti-m,open_ended,,[],,,,,[],canonical_omitted_no_covering_source_observation|retrospective_historical_interpretation|historical_evidence_grade_exact_components_first_immutable_text_backcast|historical_episode_id_3989|historical_interpretation_id_3989|historical_interpretation_completed_at_2026-08-07T15:09:15+00:00|historical_household_statistics_scope_assumed|spot_assumptions_source_spot_price_hours|spot_assumptions_partial_above_threshold|spot_assumptions_raw_hourly_reconstruction|spot_assumptions_coverage_ratio_0.993836|spot_assumptions_expected_hours_8760|spot_assumptions_actual_hours_8706
2026-07-22,bp5plr-alajarven-sahko-oy-yleissahko-12-kk,fixed_term_12,,[],,,,,[],canonical_omitted_no_covering_source_observation|retrospective_historical_interpretation|historical_evidence_grade_exact_components_last_observed_text_backcast|historical_episode_id_4002|historical_interpretation_id_4002|historical_interpretation_completed_at_2026-08-07T15:14:37+00:00|historical_household_statistics_scope_assumed|spot_assumptions_source_spot_price_hours|spot_assumptions_partial_above_threshold|spot_assumptions_raw_hourly_reconstruction|spot_assumptions_coverage_ratio_0.993836|spot_assumptions_expected_hours_8760|spot_assumptions_actual_hours_8706|held_current_price_forward|unknown_periods_use_latest_applicable_price_or_disclosed_normal
2026-07-22,brxibd-aalto-energia-oyj-tyyni-vakiohinta,open_ended,,[],,,,,[],canonical_omitted_no_covering_source_observation|retrospective_historical_interpretation|historical_evidence_grade_exact_components_first_immutable_text_backcast|historical_episode_id_4014|historical_interpretation_id_4014|historical_interpretation_completed_at_2026-08-07T15:21:23+00:00|historical_household_statistics_scope_assumed|spot_assumptions_source_spot_price_hours|spot_assumptions_partial_above_threshold|spot_assumptions_raw_hourly_reconstruction|spot_assumptions_coverage_ratio_0.993836|spot_assumptions_expected_hours_8760|spot_assumptions_actual_hours_8706|supplier_adjusted_tail_shifted_on_forward_curve|supplier_adjusted_monthly_fee_held_flat|price_episode_observed_proxy|price_episode_left_censored|historical_exact_contract_only|price_episode_uses_dedicated_historical_interpretation|forward_month_from_quarter_contract
2026-07-22,bsexv2-vihrea-alyenergia-oy-verraton-yrityksille-3kk-ilman-perusmaksua,unclassified,,[],,,,,[],missing_historical_snapshot_identity|spot_assumptions_source_spot_price_hours|spot_assumptions_partial_above_threshold|spot_assumptions_raw_hourly_reconstruction|spot_assumptions_coverage_ratio_0.993836|spot_assumptions_expected_hours_8760|spot_assumptions_actual_hours_8706|observed_relational_uniform_monthly_consumption
2026-07-22,bskkkf-vaasan-sahko-myynti-oy-toimitusvelvollinen-perussahko,quarterly,,[],,,,,[],canonical_omitted_no_covering_source_observation|retrospective_historical_interpretation|historical_evidence_grade_exact_components_first_immutable_text_backcast|historical_episode_id_4020|historical_interpretation_id_4020|historical_interpretation_completed_at_2026-08-07T15:23:20+00:00|historical_household_statistics_scope_assumed|spot_assumptions_source_spot_price_hours|spot_assumptions_partial_above_threshold|spot_assumptions_raw_hourly_reconstruction|spot_assumptions_coverage_ratio_0.993836|spot_assumptions_expected_hours_8760|spot_assumptions_actual_hours_8706|reset_tail_shifted_on_forward_curve|forward_month_from_quarter_contract
2026-07-22,bxs18u-nurmijarven-sahko-oy-yleissahko-2-vuotta,fixed_term_24,,[],,,,,[],canonical_omitted_no_covering_source_observation|retrospective_historical_interpretation|historical_evidence_grade_exact_components_first_immutable_text_backcast|historical_episode_id_4033|historical_interpretation_id_4033|historical_interpretation_completed_at_2026-08-07T15:31:59+00:00|historical_household_statistics_scope_assumed|spot_assumptions_source_spot_price_hours|spot_assumptions_partial_above_threshold|spot_assumptions_raw_hourly_reconstruction|spot_assumptions_coverage_ratio_0.993836|spot_assumptions_expected_hours_8760|spot_assumptions_actual_hours_8706
2026-07-22,ccs6hf-keuruun-sahko-oy-yleissahko,open_ended,,[],,,,,[],canonical_omitted_no_covering_source_observation|retrospective_historical_interpretation|historical_evidence_grade_exact_components_first_immutable_text_backcast|historical_episode_id_4064|historical_interpretation_id_4064|historical_interpretation_completed_at_2026-08-07T15:47:53+00:00|historical_household_statistics_scope_assumed|spot_assumptions_source_spot_price_hours|spot_assumptions_partial_above_threshold|spot_assumptions_raw_hourly_reconstruction|spot_assumptions_coverage_ratio_0.993836|spot_assumptions_expected_hours_8760|spot_assumptions_actual_hours_8706|supplier_adjusted_tail_uses_comparable_forward_premium|supplier_adjusted_monthly_fee_held_flat|price_episode_observed_proxy|price_episode_left_censored|historical_exact_contract_only|price_episode_uses_dedicated_historical_interpretation|calendar_gap_within_observed_price_episode|missing_own_reference_using_comparable_premium|lower_confidence_energy_episode_proxy
2026-07-22,ce93q5-vaasan-sahko-myynti-oy-tuulisahko-yosahko-yrityksille,unclassified,,[],,,,,[],missing_historical_snapshot_identity|spot_assumptions_source_spot_price_hours|spot_assumptions_partial_above_threshold|spot_assumptions_raw_hourly_reconstruction|spot_assumptions_coverage_ratio_0.993836|spot_assumptions_expected_hours_8760|spot_assumptions_actual_hours_8706|observed_relational_uniform_monthly_consumption
2026-07-22,cejarn-oomi-oy-oomi-jousto-24-kk,hybrid,,[],,,,,[],canonical_omitted_no_covering_source_observation|retrospective_historical_interpretation|historical_evidence_grade_exact_components_first_immutable_text_backcast|historical_episode_id_4069|historical_interpretation_id_4069|historical_interpretation_completed_at_2026-08-07T15:50:29+00:00|historical_household_statistics_scope_assumed|spot_assumptions_source_spot_price_hours|spot_assumptions_partial_above_threshold|spot_assumptions_raw_hourly_reconstruction|spot_assumptions_coverage_ratio_0.993836|spot_assumptions_expected_hours_8760|spot_assumptions_actual_hours_8706|excludes_consumption_effect
2026-07-22,cjnnmf-cheap-energy-finland-oy-cheap-maaraaikainen-24-kk-0-kuukausimaksu-ensimmaiset-4-kk,fixed_term_24,,[],,,,,[],canonical_omitted_no_covering_source_observation|retrospective_historical_interpretation|historical_evidence_grade_exact_components_first_immutable_text_backcast|historical_episode_id_4081|historical_interpretation_id_4081|historical_interpretation_completed_at_2026-08-07T15:57:09+00:00|historical_household_statistics_scope_assumed|spot_assumptions_source_spot_price_hours|spot_assumptions_partial_above_threshold|spot_assumptions_raw_hourly_reconstruction|spot_assumptions_coverage_ratio_0.993836|spot_assumptions_expected_hours_8760|spot_assumptions_actual_hours_8706
2026-07-22,clzibi-keravan-energia-oy-joustosahko-luonnonvoima-24-kk,hybrid,,[],,,,,[],canonical_omitted_no_covering_source_observation|retrospective_historical_interpretation|historical_evidence_grade_exact_components_first_immutable_text_backcast|historical_episode_id_4088|historical_interpretation_id_4088|historical_interpretation_completed_at_2026-08-07T16:00:00+00:00|historical_household_statistics_scope_assumed|spot_assumptions_source_spot_price_hours|spot_assumptions_partial_above_threshold|spot_assumptions_raw_hourly_reconstruction|spot_assumptions_coverage_ratio_0.993836|spot_assumptions_expected_hours_8760|spot_assumptions_actual_hours_8706|excludes_consumption_effect
2026-07-22,cnukun-lammaisten-energia-oy-iisi-helpposahko-yleissahko-24-kk,fixed_term_24,,[],,,,,[],canonical_omitted_no_covering_source_observation|retrospective_historical_interpretation|historical_evidence_grade_exact_components_first_immutable_text_backcast|historical_episode_id_4090|historical_interpretation_id_4090|historical_interpretation_completed_at_2026-08-07T16:01:19+00:00|historical_household_statistics_scope_assumed|spot_assumptions_source_spot_price_hours|spot_assumptions_partial_above_threshold|spot_assumptions_raw_hourly_reconstruction|spot_assumptions_coverage_ratio_0.993836|spot_assumptions_expected_hours_8760|spot_assumptions_actual_hours_8706|held_current_price_forward|unknown_periods_use_latest_applicable_price_or_disclosed_normal
2026-07-22,crzhcm-vattenfall-oy-yrityksen-taysvesi-12-kk,unclassified,,[],,,,,[],missing_historical_snapshot_identity|spot_assumptions_source_spot_price_hours|spot_assumptions_partial_above_threshold|spot_assumptions_raw_hourly_reconstruction|spot_assumptions_coverage_ratio_0.993836|spot_assumptions_expected_hours_8760|spot_assumptions_actual_hours_8706|observed_relational_uniform_monthly_consumption
2026-07-22,cusb9y-omavoima-oy-priima,spot,,[],,,,,[],canonical_omitted_no_covering_source_observation|retrospective_historical_interpretation|historical_evidence_grade_exact_components_first_immutable_text_backcast|historical_episode_id_4124|historical_interpretation_id_4124|historical_interpretation_completed_at_2026-08-07T16:19:28+00:00|historical_household_statistics_scope_assumed|spot_assumptions_source_spot_price_hours|spot_assumptions_partial_above_threshold|spot_assumptions_raw_hourly_reconstruction|spot_assumptions_coverage_ratio_0.993836|spot_assumptions_expected_hours_8760|spot_assumptions_actual_hours_8706|spot_estimate_confidence_higher|spot_forward_curve_with_rolling_365_intraday_shape|partial_shape_coverage|forward_month_from_quarter_contract
2026-07-22,cxdwul-kokkolan-energia-oy-surffari-kesakampanja,spot,,[],,,,,[],canonical_omitted_no_covering_source_observation|retrospective_historical_interpretation|historical_evidence_grade_exact_components_first_immutable_text_backcast|historical_episode_id_4134|historical_interpretation_id_4134|historical_interpretation_completed_at_2026-08-07T16:27:33+00:00|historical_household_statistics_scope_assumed|spot_assumptions_source_spot_price_hours|spot_assumptions_partial_above_threshold|spot_assumptions_raw_hourly_reconstruction|spot_assumptions_coverage_ratio_0.993836|spot_assumptions_expected_hours_8760|spot_assumptions_actual_hours_8706|spot_estimate_confidence_higher|spot_forward_curve_with_rolling_365_intraday_shape|partial_shape_coverage|forward_month_from_quarter_contract
2026-07-22,cxvuwg-vattenfall-oy-optimi-porssisahko-tuuli,spot,,[],,,,,[],canonical_omitted_no_covering_source_observation|retrospective_historical_interpretation|historical_evidence_grade_exact_components_first_immutable_text_backcast|historical_episode_id_4142|historical_interpretation_id_4142|historical_interpretation_completed_at_2026-08-07T16:29:38+00:00|historical_household_statistics_scope_assumed|spot_assumptions_source_spot_price_hours|spot_assumptions_partial_above_threshold|spot_assumptions_raw_hourly_reconstruction|spot_assumptions_coverage_ratio_0.993836|spot_assumptions_expected_hours_8760|spot_assumptions_actual_hours_8706|spot_estimate_confidence_higher|spot_forward_curve_with_rolling_365_intraday_shape|partial_shape_coverage|forward_month_from_quarter_contract
2026-07-22,cy3svg-fortum-markets-oy-fortum-takuu-24-kk,fixed_term_24,,[],,,,,[],canonical_omitted_no_covering_source_observation|retrospective_historical_interpretation|historical_evidence_grade_exact_components_last_observed_text_backcast|historical_episode_id_4145|historical_interpretation_id_4145|historical_interpretation_completed_at_2026-08-07T16:31:28+00:00|historical_household_statistics_scope_assumed|spot_assumptions_source_spot_price_hours|spot_assumptions_partial_above_threshold|spot_assumptions_raw_hourly_reconstruction|spot_assumptions_coverage_ratio_0.993836|spot_assumptions_expected_hours_8760|spot_assumptions_actual_hours_8706
2026-07-22,d01at1-helen-oy-spot-sahko,unclassified,,[],,,,,[],missing_historical_snapshot_identity|spot_assumptions_source_spot_price_hours|spot_assumptions_partial_above_threshold|spot_assumptions_raw_hourly_reconstruction|spot_assumptions_coverage_ratio_0.993836|spot_assumptions_expected_hours_8760|spot_assumptions_actual_hours_8706|observed_relational_uniform_monthly_consumption
2026-07-22,d5h1uq-keravan-energia-oy-fiksusahko,spot,,[],,,,,[],canonical_omitted_no_covering_source_observation|retrospective_historical_interpretation|historical_evidence_grade_exact_components_first_immutable_text_backcast|historical_episode_id_4161|historical_interpretation_id_4161|historical_interpretation_completed_at_2026-08-07T16:40:10+00:00|historical_household_statistics_scope_assumed|spot_assumptions_source_spot_price_hours|spot_assumptions_partial_above_threshold|spot_assumptions_raw_hourly_reconstruction|spot_assumptions_coverage_ratio_0.993836|spot_assumptions_expected_hours_8760|spot_assumptions_actual_hours_8706|spot_estimate_confidence_higher|spot_forward_curve_with_rolling_365_intraday_shape|partial_shape_coverage|forward_month_from_quarter_contract
2026-07-22,d6kml6-herrfors-oy-ab-spot-sahko-100-uusiutuva-sahko,spot,,[],,,,,[],canonical_omitted_no_covering_source_observation|retrospective_historical_interpretation|historical_evidence_grade_exact_components_first_immutable_text_backcast|historical_episode_id_4163|historical_interpretation_id_4163|historical_interpretation_completed_at_2026-08-07T16:40:46+00:00|historical_household_statistics_scope_assumed|spot_assumptions_source_spot_price_hours|spot_assumptions_partial_above_threshold|spot_assumptions_raw_hourly_reconstruction|spot_assumptions_coverage_ratio_0.993836|spot_assumptions_expected_hours_8760|spot_assumptions_actual_hours_8706|spot_estimate_confidence_higher|spot_forward_curve_with_rolling_365_intraday_shape|partial_shape_coverage|forward_month_from_quarter_contract
2026-07-22,dbbnct-imatran-seudun-sahko-oy-yritys-spot,unclassified,,[],,,,,[],missing_historical_snapshot_identity|spot_assumptions_source_spot_price_hours|spot_assumptions_partial_above_threshold|spot_assumptions_raw_hourly_reconstruction|spot_assumptions_coverage_ratio_0.993836|spot_assumptions_expected_hours_8760|spot_assumptions_actual_hours_8706|observed_relational_uniform_monthly_consumption
2026-07-22,dcesdg-vattenfall-oy-yrityksen-taystuuli-24-kk,unclassified,,[],,,,,[],missing_historical_snapshot_identity|spot_assumptions_source_spot_price_hours|spot_assumptions_partial_above_threshold|spot_assumptions_raw_hourly_reconstruction|spot_assumptions_coverage_ratio_0.993836|spot_assumptions_expected_hours_8760|spot_assumptions_actual_hours_8706|observed_relational_uniform_monthly_consumption
2026-07-22,depdmn-pohjois-karjalan-sahko-oy-priima,spot,,[],,,,,[],canonical_omitted_no_covering_source_observation|retrospective_historical_interpretation|historical_evidence_grade_exact_components_first_immutable_text_backcast|historical_episode_id_4190|historical_interpretation_id_4190|historical_interpretation_completed_at_2026-08-07T16:51:21+00:00|historical_household_statistics_scope_assumed|spot_assumptions_source_spot_price_hours|spot_assumptions_partial_above_threshold|spot_assumptions_raw_hourly_reconstruction|spot_assumptions_coverage_ratio_0.993836|spot_assumptions_expected_hours_8760|spot_assumptions_actual_hours_8706|spot_estimate_confidence_higher|spot_forward_curve_with_rolling_365_intraday_shape|partial_shape_coverage|forward_month_from_quarter_contract
2026-07-22,dgh71e-turku-energia-oy-louna-helppo-m,open_ended,,[],,,,,[],canonical_omitted_no_covering_source_observation|historical_canonical_omitted_interpretation_status_failed|spot_assumptions_source_spot_price_hours|spot_assumptions_partial_above_threshold|spot_assumptions_raw_hourly_reconstruction|spot_assumptions_coverage_ratio_0.993836|spot_assumptions_expected_hours_8760|spot_assumptions_actual_hours_8706|observed_relational_uniform_monthly_consumption|relational_open_ended_no_proven_historical_adjustment_mechanism
2026-07-22,difwxj-vattenfall-oy-yrityksen-optimi-porssisahko-perusmaksut-50-ensimmaiset-12-kuukautta,unclassified,,[],,,,,[],missing_historical_snapshot_identity|spot_assumptions_source_spot_price_hours|spot_assumptions_partial_above_threshold|spot_assumptions_raw_hourly_reconstruction|spot_assumptions_coverage_ratio_0.993836|spot_assumptions_expected_hours_8760|spot_assumptions_actual_hours_8706|observed_relational_uniform_monthly_consumption
2026-07-22,djobdk-vihrea-alyenergia-oy-vire-tuuli-opiskelija,spot,,[],,,,,[],canonical_omitted_no_covering_source_observation|retrospective_historical_interpretation|historical_evidence_grade_exact_components_first_immutable_text_backcast|historical_episode_id_4209|historical_interpretation_id_4209|historical_interpretation_completed_at_2026-08-07T16:59:10+00:00|historical_household_statistics_scope_assumed|spot_assumptions_source_spot_price_hours|spot_assumptions_partial_above_threshold|spot_assumptions_raw_hourly_reconstruction|spot_assumptions_coverage_ratio_0.993836|spot_assumptions_expected_hours_8760|spot_assumptions_actual_hours_8706|spot_estimate_confidence_higher|spot_forward_curve_with_rolling_365_intraday_shape|partial_shape_coverage|forward_month_from_quarter_contract
2026-07-22,dkeces-vaasan-sahko-myynti-oy-perussahko-yosahko,quarterly,,[],,,,,[],canonical_omitted_no_covering_source_observation|retrospective_historical_interpretation|historical_evidence_grade_exact_components_first_immutable_text_backcast|historical_episode_id_4212|historical_interpretation_id_4212|historical_interpretation_completed_at_2026-08-07T17:00:20+00:00|historical_household_statistics_scope_assumed|spot_assumptions_source_spot_price_hours|spot_assumptions_partial_above_threshold|spot_assumptions_raw_hourly_reconstruction|spot_assumptions_coverage_ratio_0.993836|spot_assumptions_expected_hours_8760|spot_assumptions_actual_hours_8706|reset_tail_shifted_on_forward_curve|forward_month_from_quarter_contract
2026-07-22,dki9kg-helen-oy-valkkysahko-yritys,unclassified,,[],,,,,[],missing_historical_snapshot_identity|spot_assumptions_source_spot_price_hours|spot_assumptions_partial_above_threshold|spot_assumptions_raw_hourly_reconstruction|spot_assumptions_coverage_ratio_0.993836|spot_assumptions_expected_hours_8760|spot_assumptions_actual_hours_8706|observed_relational_uniform_monthly_consumption
2026-07-22,dkzws6-koillis-satakunnan-sahko-oy-ikiwirta-12-kk,fixed_term_12,,[],,,,,[],canonical_omitted_no_covering_source_observation|retrospective_historical_interpretation|historical_evidence_grade_exact_components_first_immutable_text_backcast|historical_episode_id_4217|historical_interpretation_id_4217|historical_interpretation_completed_at_2026-08-07T17:02:36+00:00|historical_household_statistics_scope_assumed|spot_assumptions_source_spot_price_hours|spot_assumptions_partial_above_threshold|spot_assumptions_raw_hourly_reconstruction|spot_assumptions_coverage_ratio_0.993836|spot_assumptions_expected_hours_8760|spot_assumptions_actual_hours_8706
2026-07-22,dnxerq-fortum-markets-oy-fortum-kesto-kausisahko,open_ended,,[],,,,,[],canonical_omitted_no_covering_source_observation|retrospective_historical_interpretation|historical_evidence_grade_exact_components_first_immutable_text_backcast|historical_episode_id_4227|historical_interpretation_id_4227|historical_interpretation_completed_at_2026-08-07T17:06:57+00:00|historical_household_statistics_scope_assumed|spot_assumptions_source_spot_price_hours|spot_assumptions_partial_above_threshold|spot_assumptions_raw_hourly_reconstruction|spot_assumptions_coverage_ratio_0.993836|spot_assumptions_expected_hours_8760|spot_assumptions_actual_hours_8706|reset_tail_shifted_on_forward_curve|forward_month_from_quarter_contract
2026-07-22,dohczy-lumme-energia-joustosahko-24-kk-vaikuta-itse-sahkosi-hintaan,hybrid,,[],,,,,[],canonical_omitted_no_covering_source_observation|retrospective_historical_interpretation|historical_evidence_grade_exact_components_first_immutable_text_backcast|historical_episode_id_4228|historical_interpretation_id_4228|historical_interpretation_completed_at_2026-08-07T17:07:54+00:00|historical_household_statistics_scope_assumed|spot_assumptions_source_spot_price_hours|spot_assumptions_partial_above_threshold|spot_assumptions_raw_hourly_reconstruction|spot_assumptions_coverage_ratio_0.993836|spot_assumptions_expected_hours_8760|spot_assumptions_actual_hours_8706|excludes_consumption_effect
2026-07-22,du8tnu-vattenfall-oy-yrityksen-optimi-porssisahko-vesi,unclassified,,[],,,,,[],missing_historical_snapshot_identity|spot_assumptions_source_spot_price_hours|spot_assumptions_partial_above_threshold|spot_assumptions_raw_hourly_reconstruction|spot_assumptions_coverage_ratio_0.993836|spot_assumptions_expected_hours_8760|spot_assumptions_actual_hours_8706|observed_relational_uniform_monthly_consumption
2026-07-22,dwoas0-turku-energia-oy-louna-lahi-24kk,fixed_term_24,,[],,,,,[],canonical_omitted_no_covering_source_observation|retrospective_historical_interpretation|historical_evidence_grade_exact_components_first_immutable_text_backcast|historical_episode_id_4245|historical_interpretation_id_4245|historical_interpretation_completed_at_2026-08-07T17:17:28+00:00|historical_household_statistics_scope_assumed|spot_assumptions_source_spot_price_hours|spot_assumptions_partial_above_threshold|spot_assumptions_raw_hourly_reconstruction|spot_assumptions_coverage_ratio_0.993836|spot_assumptions_expected_hours_8760|spot_assumptions_actual_hours_8706|held_current_price_forward|unknown_periods_use_latest_applicable_price_or_disclosed_normal
2026-07-22,dyxylq-vattenfall-oy-taystuuli-12-kk,fixed_term_12,,[],,,,,[],canonical_omitted_no_covering_source_observation|retrospective_historical_interpretation|historical_evidence_grade_exact_components_first_immutable_text_backcast|historical_episode_id_4258|historical_interpretation_id_4258|historical_interpretation_completed_at_2026-08-07T17:25:29+00:00|historical_household_statistics_scope_assumed|spot_assumptions_source_spot_price_hours|spot_assumptions_partial_above_threshold|spot_assumptions_raw_hourly_reconstruction|spot_assumptions_coverage_ratio_0.993836|spot_assumptions_expected_hours_8760|spot_assumptions_actual_hours_8706|held_current_price_forward|unknown_periods_use_latest_applicable_price_or_disclosed_normal
2026-07-22,dyykyx-helen-oy-helpposahko-xs,open_ended,,[],,,,,[],canonical_omitted_no_covering_source_observation|retrospective_historical_interpretation|historical_evidence_grade_exact_components_first_immutable_text_backcast|historical_episode_id_4259|historical_interpretation_id_4259|historical_interpretation_completed_at_2026-08-07T17:25:53+00:00|historical_household_statistics_scope_assumed|spot_assumptions_source_spot_price_hours|spot_assumptions_partial_above_threshold|spot_assumptions_raw_hourly_reconstruction|spot_assumptions_coverage_ratio_0.993836|spot_assumptions_expected_hours_8760|spot_assumptions_actual_hours_8706|historical_consumption_eligibility_unknown_null_mask
2026-07-22,dzs9fd-oomi-oy-oomi-jousto-12-kk,hybrid,,[],,,,,[],canonical_omitted_no_covering_source_observation|retrospective_historical_interpretation|historical_evidence_grade_exact_components_first_immutable_text_backcast|historical_episode_id_4261|historical_interpretation_id_4261|historical_interpretation_completed_at_2026-08-07T17:26:33+00:00|historical_household_statistics_scope_assumed|spot_assumptions_source_spot_price_hours|spot_assumptions_partial_above_threshold|spot_assumptions_raw_hourly_reconstruction|spot_assumptions_coverage_ratio_0.993836|spot_assumptions_expected_hours_8760|spot_assumptions_actual_hours_8706|excludes_consumption_effect
2026-07-22,e4ohro-vattenfall-oy-optimi-porssisahko-vesi,spot,,[],,,,,[],canonical_omitted_no_covering_source_observation|retrospective_historical_interpretation|historical_evidence_grade_exact_components_first_immutable_text_backcast|historical_episode_id_4274|historical_interpretation_id_4274|historical_interpretation_completed_at_2026-08-07T17:30:43+00:00|historical_household_statistics_scope_assumed|spot_assumptions_source_spot_price_hours|spot_assumptions_partial_above_threshold|spot_assumptions_raw_hourly_reconstruction|spot_assumptions_coverage_ratio_0.993836|spot_assumptions_expected_hours_8760|spot_assumptions_actual_hours_8706|spot_estimate_confidence_higher|spot_forward_curve_with_rolling_365_intraday_shape|partial_shape_coverage|forward_month_from_quarter_contract
2026-07-22,e5oskc-porvoon-energia-oy-ilmastoviisas-12-kk-co2-paastottomasti-tuotettu,fixed_term_12,,[],,,,,[],canonical_omitted_no_covering_source_observation|retrospective_historical_interpretation|historical_evidence_grade_exact_components_first_immutable_text_backcast|historical_episode_id_4275|historical_interpretation_id_4275|historical_interpretation_completed_at_2026-08-07T17:31:05+00:00|historical_household_statistics_scope_assumed|spot_assumptions_source_spot_price_hours|spot_assumptions_partial_above_threshold|spot_assumptions_raw_hourly_reconstruction|spot_assumptions_coverage_ratio_0.993836|spot_assumptions_expected_hours_8760|spot_assumptions_actual_hours_8706|held_current_price_forward|unknown_periods_use_latest_applicable_price_or_disclosed_normal
2026-07-22,ecjsml-vimpelin-voima-oy-spot-energia,spot,,[],,,,,[],canonical_omitted_no_covering_source_observation|retrospective_historical_interpretation|historical_evidence_grade_exact_components_first_immutable_text_backcast|historical_episode_id_4289|historical_interpretation_id_4289|historical_interpretation_completed_at_2026-08-07T17:36:20+00:00|historical_household_statistics_scope_assumed|spot_assumptions_source_spot_price_hours|spot_assumptions_partial_above_threshold|spot_assumptions_raw_hourly_reconstruction|spot_assumptions_coverage_ratio_0.993836|spot_assumptions_expected_hours_8760|spot_assumptions_actual_hours_8706|spot_estimate_confidence_higher|spot_forward_curve_with_rolling_365_intraday_shape|partial_shape_coverage|forward_month_from_quarter_contract
2026-07-22,edr0rh-vattenfall-oy-optimi-porssisahko,spot,,[],,,,,[],canonical_omitted_no_covering_source_observation|retrospective_historical_interpretation|historical_evidence_grade_exact_components_first_immutable_text_backcast|historical_episode_id_4303|historical_interpretation_id_4303|historical_interpretation_completed_at_2026-08-07T17:40:05+00:00|historical_household_statistics_scope_assumed|spot_assumptions_source_spot_price_hours|spot_assumptions_partial_above_threshold|spot_assumptions_raw_hourly_reconstruction|spot_assumptions_coverage_ratio_0.993836|spot_assumptions_expected_hours_8760|spot_assumptions_actual_hours_8706|spot_estimate_confidence_higher|spot_forward_curve_with_rolling_365_intraday_shape|partial_shape_coverage|forward_month_from_quarter_contract
2026-07-22,egue10-koylion-sakylan-sahko-oy-lallin-maaris-1v,fixed_term_12,,[],,,,,[],canonical_omitted_no_covering_source_observation|retrospective_historical_interpretation|historical_evidence_grade_exact_components_first_immutable_text_backcast|historical_episode_id_4321|historical_interpretation_id_4321|historical_interpretation_completed_at_2026-08-07T17:46:59+00:00|historical_household_statistics_scope_assumed|spot_assumptions_source_spot_price_hours|spot_assumptions_partial_above_threshold|spot_assumptions_raw_hourly_reconstruction|spot_assumptions_coverage_ratio_0.993836|spot_assumptions_expected_hours_8760|spot_assumptions_actual_hours_8706
2026-07-22,ehpblq-turku-energia-oy-louna-lahi-12kk,fixed_term_12,,[],,,,,[],canonical_omitted_no_covering_source_observation|retrospective_historical_interpretation|historical_evidence_grade_exact_components_first_immutable_text_backcast|historical_episode_id_4324|historical_interpretation_id_4324|historical_interpretation_completed_at_2026-08-07T17:47:53+00:00|historical_household_statistics_scope_assumed|spot_assumptions_source_spot_price_hours|spot_assumptions_partial_above_threshold|spot_assumptions_raw_hourly_reconstruction|spot_assumptions_coverage_ratio_0.993836|spot_assumptions_expected_hours_8760|spot_assumptions_actual_hours_8706|held_current_price_forward|unknown_periods_use_latest_applicable_price_or_disclosed_normal
2026-07-22,eoksoz-vaasan-sahko-myynti-oy-vaikuttaja,hybrid,,[],,,,,[],canonical_omitted_no_covering_source_observation|retrospective_historical_interpretation|historical_evidence_grade_exact_components_first_immutable_text_backcast|historical_episode_id_4348|historical_interpretation_id_4348|historical_interpretation_completed_at_2026-08-07T17:55:56+00:00|historical_household_statistics_scope_assumed|spot_assumptions_source_spot_price_hours|spot_assumptions_partial_above_threshold|spot_assumptions_raw_hourly_reconstruction|spot_assumptions_coverage_ratio_0.993836|spot_assumptions_expected_hours_8760|spot_assumptions_actual_hours_8706|reset_tail_shifted_on_forward_curve|excludes_consumption_effect|forward_month_from_quarter_contract
2026-07-22,ep4d6j-parikkalan-valo-oy-q-valo-yritys,unclassified,,[],,,,,[],missing_historical_snapshot_identity|spot_assumptions_source_spot_price_hours|spot_assumptions_partial_above_threshold|spot_assumptions_raw_hourly_reconstruction|spot_assumptions_coverage_ratio_0.993836|spot_assumptions_expected_hours_8760|spot_assumptions_actual_hours_8706|observed_relational_uniform_monthly_consumption
2026-07-22,epasaz-hehku-energia-oy-hehku-yritysjousto-24-kk,unclassified,,[],,,,,[],missing_historical_snapshot_identity|spot_assumptions_source_spot_price_hours|spot_assumptions_partial_above_threshold|spot_assumptions_raw_hourly_reconstruction|spot_assumptions_coverage_ratio_0.993836|spot_assumptions_expected_hours_8760|spot_assumptions_actual_hours_8706|observed_relational_uniform_monthly_consumption
2026-07-22,euhscx-helen-oy-maaraaikainen-perussahko-6-kk,fixed_term_6,,[],,,,,[],canonical_omitted_no_covering_source_observation|retrospective_historical_interpretation|historical_evidence_grade_exact_components_first_immutable_text_backcast|historical_episode_id_4359|historical_interpretation_id_4359|historical_interpretation_completed_at_2026-08-07T18:01:07+00:00|historical_household_statistics_scope_assumed|spot_assumptions_source_spot_price_hours|spot_assumptions_partial_above_threshold|spot_assumptions_raw_hourly_reconstruction|spot_assumptions_coverage_ratio_0.993836|spot_assumptions_expected_hours_8760|spot_assumptions_actual_hours_8706|term_price_annualized
2026-07-22,ewutqm-alajarven-sahko-oy-aikasahko-12-kk,fixed_term_12,,[],,,,,[],canonical_omitted_no_covering_source_observation|retrospective_historical_interpretation|historical_evidence_grade_exact_components_last_observed_text_backcast|historical_episode_id_4364|historical_interpretation_id_4364|historical_interpretation_completed_at_2026-08-07T18:02:40+00:00|historical_household_statistics_scope_assumed|spot_assumptions_source_spot_price_hours|spot_assumptions_partial_above_threshold|spot_assumptions_raw_hourly_reconstruction|spot_assumptions_coverage_ratio_0.993836|spot_assumptions_expected_hours_8760|spot_assumptions_actual_hours_8706
2026-07-22,exizi7-paneliankosken-voima-oy-kosken-kayttowoima-12-kk-kulutusjousto,hybrid,,[],,,,,[],canonical_omitted_no_covering_source_observation|retrospective_historical_interpretation|historical_evidence_grade_exact_components_first_immutable_text_backcast|historical_episode_id_4365|historical_interpretation_id_4365|historical_interpretation_completed_at_2026-08-07T18:03:16+00:00|historical_household_statistics_scope_assumed|spot_assumptions_source_spot_price_hours|spot_assumptions_partial_above_threshold|spot_assumptions_raw_hourly_reconstruction|spot_assumptions_coverage_ratio_0.993836|spot_assumptions_expected_hours_8760|spot_assumptions_actual_hours_8706
2026-07-22,ezu6kg-imatran-seudun-sahko-oy-voima-joustava-24-kk,hybrid,,[],,,,,[],canonical_omitted_no_covering_source_observation|retrospective_historical_interpretation|historical_evidence_grade_exact_components_last_observed_text_backcast|historical_episode_id_4374|historical_interpretation_id_4374|historical_interpretation_completed_at_2026-08-07T18:07:24+00:00|historical_household_statistics_scope_assumed|spot_assumptions_source_spot_price_hours|spot_assumptions_partial_above_threshold|spot_assumptions_raw_hourly_reconstruction|spot_assumptions_coverage_ratio_0.993836|spot_assumptions_expected_hours_8760|spot_assumptions_actual_hours_8706|held_current_price_forward|unknown_periods_use_latest_applicable_price_or_disclosed_normal|excludes_consumption_effect
2026-07-22,f4ic2s-aanekosken-energia-oy-maalaisjarkisahko-kausisahko-12-kk-paastoton,fixed_term_12,,[],,,,,[],canonical_omitted_no_covering_source_observation|retrospective_historical_interpretation|historical_evidence_grade_exact_components_first_immutable_text_backcast|historical_episode_id_4379|historical_interpretation_id_4379|historical_interpretation_completed_at_2026-08-07T18:09:19+00:00|historical_household_statistics_scope_assumed|spot_assumptions_source_spot_price_hours|spot_assumptions_partial_above_threshold|spot_assumptions_raw_hourly_reconstruction|spot_assumptions_coverage_ratio_0.993836|spot_assumptions_expected_hours_8760|spot_assumptions_actual_hours_8706|held_current_price_forward|unknown_periods_use_latest_applicable_price_or_disclosed_normal
2026-07-22,fafwjp-fortum-markets-oy-fortum-yritys-spot-portfolio-1v,unclassified,,[],,,,,[],missing_historical_snapshot_identity|spot_assumptions_source_spot_price_hours|spot_assumptions_partial_above_threshold|spot_assumptions_raw_hourly_reconstruction|spot_assumptions_coverage_ratio_0.993836|spot_assumptions_expected_hours_8760|spot_assumptions_actual_hours_8706|observed_relational_uniform_monthly_consumption
2026-07-22,fdmdrt-vaasan-sahko-myynti-oy-kiintea-6-kk-yleissahko-yrityksille,unclassified,,[],,,,,[],missing_historical_snapshot_identity|spot_assumptions_source_spot_price_hours|spot_assumptions_partial_above_threshold|spot_assumptions_raw_hourly_reconstruction|spot_assumptions_coverage_ratio_0.993836|spot_assumptions_expected_hours_8760|spot_assumptions_actual_hours_8706|observed_relational_uniform_monthly_consumption
2026-07-22,fevyw2-keravan-energia-oy-perussahko-yleis-6-kk,fixed_term_6,,[],,,,,[],canonical_omitted_no_covering_source_observation|retrospective_historical_interpretation|historical_evidence_grade_exact_components_last_observed_text_backcast|historical_episode_id_4406|historical_interpretation_id_4406|historical_interpretation_completed_at_2026-08-07T18:22:37+00:00|historical_household_statistics_scope_assumed|spot_assumptions_source_spot_price_hours|spot_assumptions_partial_above_threshold|spot_assumptions_raw_hourly_reconstruction|spot_assumptions_coverage_ratio_0.993836|spot_assumptions_expected_hours_8760|spot_assumptions_actual_hours_8706|held_current_price_forward|unknown_periods_use_latest_applicable_price_or_disclosed_normal
2026-07-22,ffvwcw-koylion-sakylan-sahko-oy-lallin-maaris-1v-kausisahko,fixed_term_12,,[],,,,,[],canonical_omitted_no_covering_source_observation|retrospective_historical_interpretation|historical_evidence_grade_exact_components_first_immutable_text_backcast|historical_episode_id_4410|historical_interpretation_id_4410|historical_interpretation_completed_at_2026-08-07T18:24:34+00:00|historical_household_statistics_scope_assumed|spot_assumptions_source_spot_price_hours|spot_assumptions_partial_above_threshold|spot_assumptions_raw_hourly_reconstruction|spot_assumptions_coverage_ratio_0.993836|spot_assumptions_expected_hours_8760|spot_assumptions_actual_hours_8706
2026-07-22,foheha-korpelan-energia-oy-korpela-spotti,spot,,[],,,,,[],canonical_omitted_no_covering_source_observation|retrospective_historical_interpretation|historical_evidence_grade_exact_components_first_immutable_text_backcast|historical_episode_id_4438|historical_interpretation_id_4438|historical_interpretation_completed_at_2026-08-07T18:34:43+00:00|historical_household_statistics_scope_assumed|spot_assumptions_source_spot_price_hours|spot_assumptions_partial_above_threshold|spot_assumptions_raw_hourly_reconstruction|spot_assumptions_coverage_ratio_0.993836|spot_assumptions_expected_hours_8760|spot_assumptions_actual_hours_8706|spot_estimate_confidence_higher|spot_forward_curve_with_rolling_365_intraday_shape|partial_shape_coverage|forward_month_from_quarter_contract
2026-07-22,frx7ys-lammaisten-energia-oy-toimitusvelvollinen-aikasahko,open_ended,,[],,,,,[],canonical_omitted_no_covering_source_observation|retrospective_historical_interpretation|historical_evidence_grade_exact_components_first_immutable_text_backcast|historical_episode_id_4450|historical_interpretation_id_4450|historical_interpretation_completed_at_2026-08-07T18:38:33+00:00|historical_household_statistics_scope_assumed|spot_assumptions_source_spot_price_hours|spot_assumptions_partial_above_threshold|spot_assumptions_raw_hourly_reconstruction|spot_assumptions_coverage_ratio_0.993836|spot_assumptions_expected_hours_8760|spot_assumptions_actual_hours_8706|supplier_adjusted_tail_uses_comparable_forward_premium|supplier_adjusted_monthly_fee_held_flat|price_episode_observed_proxy|price_episode_left_censored|historical_exact_contract_only|price_episode_uses_dedicated_historical_interpretation|calendar_gap_within_observed_price_episode|missing_own_reference_using_comparable_premium|lower_confidence_energy_episode_proxy
2026-07-22,fscadn-omavoima-oy-oma-yritys-12-kk,unclassified,,[],,,,,[],missing_historical_snapshot_identity|spot_assumptions_source_spot_price_hours|spot_assumptions_partial_above_threshold|spot_assumptions_raw_hourly_reconstruction|spot_assumptions_coverage_ratio_0.993836|spot_assumptions_expected_hours_8760|spot_assumptions_actual_hours_8706|observed_relational_uniform_monthly_consumption
2026-07-22,fu2xdq-vattenfall-oy-kesto,open_ended,,[],,,,,[],canonical_omitted_no_covering_source_observation|retrospective_historical_interpretation|historical_evidence_grade_exact_components_first_immutable_text_backcast|historical_episode_id_4457|historical_interpretation_id_4457|historical_interpretation_completed_at_2026-08-07T18:42:01+00:00|historical_household_statistics_scope_assumed|spot_assumptions_source_spot_price_hours|spot_assumptions_partial_above_threshold|spot_assumptions_raw_hourly_reconstruction|spot_assumptions_coverage_ratio_0.993836|spot_assumptions_expected_hours_8760|spot_assumptions_actual_hours_8706|supplier_adjusted_tail_uses_comparable_forward_premium|supplier_adjusted_monthly_fee_held_flat|price_episode_observed_proxy|price_episode_left_censored|historical_exact_contract_only|price_episode_uses_dedicated_historical_interpretation|calendar_gap_within_observed_price_episode|missing_own_reference_using_comparable_premium|lower_confidence_energy_episode_proxy
2026-07-22,fuabtk-parikkalan-valo-oy-spot-valo,spot,,[],,,,,[],canonical_omitted_no_covering_source_observation|retrospective_historical_interpretation|historical_evidence_grade_exact_components_first_immutable_text_backcast|historical_episode_id_4459|historical_interpretation_id_4459|historical_interpretation_completed_at_2026-08-07T18:42:35+00:00|historical_household_statistics_scope_assumed|spot_assumptions_source_spot_price_hours|spot_assumptions_partial_above_threshold|spot_assumptions_raw_hourly_reconstruction|spot_assumptions_coverage_ratio_0.993836|spot_assumptions_expected_hours_8760|spot_assumptions_actual_hours_8706|spot_estimate_confidence_higher|spot_forward_curve_with_rolling_365_intraday_shape|partial_shape_coverage|forward_month_from_quarter_contract
2026-07-22,fudplf-vaasan-sahko-myynti-oy-kiintea-vaikuttaja-6-kk,hybrid,,[],,,,,[],canonical_omitted_no_covering_source_observation|retrospective_historical_interpretation|historical_evidence_grade_exact_components_first_immutable_text_backcast|historical_episode_id_4460|historical_interpretation_id_4460|historical_interpretation_completed_at_2026-08-07T18:43:24+00:00|historical_household_statistics_scope_assumed|spot_assumptions_source_spot_price_hours|spot_assumptions_partial_above_threshold|spot_assumptions_raw_hourly_reconstruction|spot_assumptions_coverage_ratio_0.993836|spot_assumptions_expected_hours_8760|spot_assumptions_actual_hours_8706|term_price_annualized|excludes_consumption_effect
2026-07-22,fwgtme-fortum-markets-oy-fortum-kesto-yleissahko,open_ended,,[],,,,,[],canonical_omitted_no_covering_source_observation|retrospective_historical_interpretation|historical_evidence_grade_exact_components_first_immutable_text_backcast|historical_episode_id_4467|historical_interpretation_id_4467|historical_interpretation_completed_at_2026-08-07T18:48:06+00:00|historical_household_statistics_scope_assumed|spot_assumptions_source_spot_price_hours|spot_assumptions_partial_above_threshold|spot_assumptions_raw_hourly_reconstruction|spot_assumptions_coverage_ratio_0.993836|spot_assumptions_expected_hours_8760|spot_assumptions_actual_hours_8706|reset_tail_shifted_on_forward_curve|forward_month_from_quarter_contract
2026-07-22,gde7ex-pohjois-karjalan-sahko-oy-oiva-plus,open_ended,,[],,,,,[],canonical_omitted_no_covering_source_observation|retrospective_historical_interpretation|historical_evidence_grade_exact_components_first_immutable_text_backcast|historical_episode_id_4494|historical_interpretation_id_4494|historical_interpretation_completed_at_2026-08-07T18:59:17+00:00|historical_household_statistics_scope_assumed|spot_assumptions_source_spot_price_hours|spot_assumptions_partial_above_threshold|spot_assumptions_raw_hourly_reconstruction|spot_assumptions_coverage_ratio_0.993836|spot_assumptions_expected_hours_8760|spot_assumptions_actual_hours_8706|historical_consumption_eligibility_unknown_null_mask
2026-07-22,gduez1-parikkalan-valo-oy-kesto-valo-kanta-asiakas,open_ended,,[],,,,,[],canonical_omitted_no_covering_source_observation|retrospective_historical_interpretation|historical_evidence_grade_exact_components_first_immutable_text_backcast|historical_episode_id_4500|historical_interpretation_id_4500|historical_interpretation_completed_at_2026-08-07T19:01:12+00:00|historical_household_statistics_scope_assumed|spot_assumptions_source_spot_price_hours|spot_assumptions_partial_above_threshold|spot_assumptions_raw_hourly_reconstruction|spot_assumptions_coverage_ratio_0.993836|spot_assumptions_expected_hours_8760|spot_assumptions_actual_hours_8706|supplier_adjusted_tail_uses_comparable_forward_premium|supplier_adjusted_monthly_fee_held_flat|price_episode_observed_proxy|price_episode_left_censored|historical_exact_contract_only|price_episode_uses_dedicated_historical_interpretation|calendar_gap_within_observed_price_episode|missing_own_reference_using_comparable_premium|lower_confidence_energy_episode_proxy
2026-07-22,geyuyu-helen-oy-maaraaikainen-perussahko-31102027-asti,fixed_term_13_23,,[],,,,,[],canonical_omitted_no_covering_source_observation|retrospective_historical_interpretation|historical_evidence_grade_exact_components_first_immutable_text_backcast|historical_episode_id_4510|historical_interpretation_id_4510|historical_interpretation_completed_at_2026-08-07T19:04:35+00:00|historical_household_statistics_scope_assumed|spot_assumptions_source_spot_price_hours|spot_assumptions_partial_above_threshold|spot_assumptions_raw_hourly_reconstruction|spot_assumptions_coverage_ratio_0.993836|spot_assumptions_expected_hours_8760|spot_assumptions_actual_hours_8706|held_current_price_forward|unknown_periods_use_latest_applicable_price_or_disclosed_normal
2026-07-22,ggpwbi-parikkalan-valo-oy-kesto-valo-kanta-asiakas,open_ended,,[],,,,,[],canonical_omitted_no_covering_source_observation|retrospective_historical_interpretation|historical_evidence_grade_exact_components_first_immutable_text_backcast|historical_episode_id_4515|historical_interpretation_id_4515|historical_interpretation_completed_at_2026-08-07T19:06:09+00:00|historical_household_statistics_scope_assumed|spot_assumptions_source_spot_price_hours|spot_assumptions_partial_above_threshold|spot_assumptions_raw_hourly_reconstruction|spot_assumptions_coverage_ratio_0.993836|spot_assumptions_expected_hours_8760|spot_assumptions_actual_hours_8706|supplier_adjusted_tail_shifted_on_forward_curve|supplier_adjusted_monthly_fee_held_flat|price_episode_observed_proxy|price_episode_left_censored|historical_exact_contract_only|price_episode_uses_dedicated_historical_interpretation|forward_month_from_quarter_contract
2026-07-22,gjhzfc-kokkolan-energia-oy-vuodenaika-uusiutuva,quarterly,,[],,,,,[],canonical_omitted_no_covering_source_observation|retrospective_historical_interpretation|historical_evidence_grade_exact_components_first_immutable_text_backcast|historical_episode_id_4522|historical_interpretation_id_4522|historical_interpretation_completed_at_2026-08-07T19:09:12+00:00|historical_household_statistics_scope_assumed|spot_assumptions_source_spot_price_hours|spot_assumptions_partial_above_threshold|spot_assumptions_raw_hourly_reconstruction|spot_assumptions_coverage_ratio_0.993836|spot_assumptions_expected_hours_8760|spot_assumptions_actual_hours_8706|reset_tail_shifted_on_forward_curve|forward_month_from_quarter_contract
2026-07-22,gmctvj-korpelan-energia-oy-korpela-kesto-12-kk,hybrid,,[],,,,,[],canonical_omitted_no_covering_source_observation|retrospective_historical_interpretation|historical_evidence_grade_exact_components_first_immutable_text_backcast|historical_episode_id_4531|historical_interpretation_id_4531|historical_interpretation_completed_at_2026-08-07T19:13:06+00:00|historical_household_statistics_scope_assumed|spot_assumptions_source_spot_price_hours|spot_assumptions_partial_above_threshold|spot_assumptions_raw_hourly_reconstruction|spot_assumptions_coverage_ratio_0.993836|spot_assumptions_expected_hours_8760|spot_assumptions_actual_hours_8706|held_current_price_forward|unknown_periods_use_latest_applicable_price_or_disclosed_normal|excludes_consumption_effect
2026-07-22,gnj4sc-parikkalan-valo-oy-spot-valo-yritys,unclassified,,[],,,,,[],missing_historical_snapshot_identity|spot_assumptions_source_spot_price_hours|spot_assumptions_partial_above_threshold|spot_assumptions_raw_hourly_reconstruction|spot_assumptions_coverage_ratio_0.993836|spot_assumptions_expected_hours_8760|spot_assumptions_actual_hours_8706|observed_relational_uniform_monthly_consumption
2026-07-22,grl0lx-parikkalan-valo-oy-spot-valo,spot,,[],,,,,[],canonical_omitted_no_covering_source_observation|retrospective_historical_interpretation|historical_evidence_grade_exact_components_first_immutable_text_backcast|historical_episode_id_4547|historical_interpretation_id_4547|historical_interpretation_completed_at_2026-08-07T19:20:13+00:00|historical_household_statistics_scope_assumed|spot_assumptions_source_spot_price_hours|spot_assumptions_partial_above_threshold|spot_assumptions_raw_hourly_reconstruction|spot_assumptions_coverage_ratio_0.993836|spot_assumptions_expected_hours_8760|spot_assumptions_actual_hours_8706|spot_estimate_confidence_higher|spot_forward_curve_with_rolling_365_intraday_shape|partial_shape_coverage|forward_month_from_quarter_contract
2026-07-22,gtjlmh-paneliankosken-voima-oy-kosken-kayttowoima-24-kk-kulutusjousto,hybrid,,[],,,,,[],canonical_omitted_no_covering_source_observation|retrospective_historical_interpretation|historical_evidence_grade_exact_components_first_immutable_text_backcast|historical_episode_id_4552|historical_interpretation_id_4552|historical_interpretation_completed_at_2026-08-07T19:22:22+00:00|historical_household_statistics_scope_assumed|spot_assumptions_source_spot_price_hours|spot_assumptions_partial_above_threshold|spot_assumptions_raw_hourly_reconstruction|spot_assumptions_coverage_ratio_0.993836|spot_assumptions_expected_hours_8760|spot_assumptions_actual_hours_8706|excludes_consumption_effect
2026-07-22,gto5hg-vimpelin-voima-oy-paiva-ja-yotariffi,unclassified,,[],,,,,[],missing_historical_snapshot_identity|spot_assumptions_source_spot_price_hours|spot_assumptions_partial_above_threshold|spot_assumptions_raw_hourly_reconstruction|spot_assumptions_coverage_ratio_0.993836|spot_assumptions_expected_hours_8760|spot_assumptions_actual_hours_8706|observed_relational_uniform_monthly_consumption
2026-07-22,gwappc-kuoreveden-sahko-oy-porssisahko-ydinvoima,spot,,[],,,,,[],canonical_omitted_no_covering_source_observation|retrospective_historical_interpretation|historical_evidence_grade_exact_components_first_immutable_text_backcast|historical_episode_id_4567|historical_interpretation_id_4567|historical_interpretation_completed_at_2026-08-07T19:27:35+00:00|historical_household_statistics_scope_assumed|spot_assumptions_source_spot_price_hours|spot_assumptions_partial_above_threshold|spot_assumptions_raw_hourly_reconstruction|spot_assumptions_coverage_ratio_0.993836|spot_assumptions_expected_hours_8760|spot_assumptions_actual_hours_8706|spot_estimate_confidence_higher|spot_forward_curve_with_rolling_365_intraday_shape|partial_shape_coverage|forward_month_from_quarter_contract
2026-07-22,gxeryx-parikkalan-valo-oy-kesto-valo-kanta-asiakas,open_ended,,[],,,,,[],canonical_omitted_no_covering_source_observation|retrospective_historical_interpretation|historical_evidence_grade_exact_components_first_immutable_text_backcast|historical_episode_id_4568|historical_interpretation_id_4568|historical_interpretation_completed_at_2026-08-07T19:27:42+00:00|historical_household_statistics_scope_assumed|spot_assumptions_source_spot_price_hours|spot_assumptions_partial_above_threshold|spot_assumptions_raw_hourly_reconstruction|spot_assumptions_coverage_ratio_0.993836|spot_assumptions_expected_hours_8760|spot_assumptions_actual_hours_8706|supplier_adjusted_tail_shifted_on_forward_curve|supplier_adjusted_monthly_fee_held_flat|price_episode_observed_proxy|price_episode_left_censored|historical_exact_contract_only|price_episode_uses_dedicated_historical_interpretation|forward_month_from_quarter_contract
2026-07-22,gywy8t-aanekosken-energia-oy-aikasahko,open_ended,,[],,,,,[],canonical_omitted_no_covering_source_observation|retrospective_historical_interpretation|historical_evidence_grade_exact_components_first_immutable_text_backcast|historical_episode_id_4572|historical_interpretation_id_4572|historical_interpretation_completed_at_2026-08-07T19:29:25+00:00|historical_household_statistics_scope_assumed|spot_assumptions_source_spot_price_hours|spot_assumptions_partial_above_threshold|spot_assumptions_raw_hourly_reconstruction|spot_assumptions_coverage_ratio_0.993836|spot_assumptions_expected_hours_8760|spot_assumptions_actual_hours_8706|supplier_adjusted_tail_uses_comparable_forward_premium|supplier_adjusted_monthly_fee_held_flat|price_episode_observed_proxy|price_episode_left_censored|historical_exact_contract_only|price_episode_uses_dedicated_historical_interpretation|calendar_gap_within_observed_price_episode|missing_own_reference_using_comparable_premium|lower_confidence_energy_episode_proxy
2026-07-22,gzo2pb-korpelan-energia-oy-korpela-spotti,unclassified,,[],,,,,[],missing_historical_snapshot_identity|spot_assumptions_source_spot_price_hours|spot_assumptions_partial_above_threshold|spot_assumptions_raw_hourly_reconstruction|spot_assumptions_coverage_ratio_0.993836|spot_assumptions_expected_hours_8760|spot_assumptions_actual_hours_8706|observed_relational_uniform_monthly_consumption
2026-07-22,h8icyg-hehku-energia-oy-hehku-jatkuva,open_ended,,[],,,,,[],canonical_omitted_no_covering_source_observation|retrospective_historical_interpretation|historical_evidence_grade_exact_components_first_immutable_text_backcast|historical_episode_id_4588|historical_interpretation_id_4588|historical_interpretation_completed_at_2026-08-07T19:35:29+00:00|historical_household_statistics_scope_assumed|spot_assumptions_source_spot_price_hours|spot_assumptions_partial_above_threshold|spot_assumptions_raw_hourly_reconstruction|spot_assumptions_coverage_ratio_0.993836|spot_assumptions_expected_hours_8760|spot_assumptions_actual_hours_8706|supplier_adjusted_tail_shifted_on_forward_curve|supplier_adjusted_monthly_fee_disclosed_phases|price_episode_observed_proxy|price_episode_left_censored|historical_exact_contract_only|price_episode_uses_dedicated_historical_interpretation|forward_month_from_quarter_contract
2026-07-22,h8zvo7-kokkolan-energia-oy-ranta-24-kk,fixed_term_24,,[],,,,,[],canonical_omitted_no_covering_source_observation|retrospective_historical_interpretation|historical_evidence_grade_exact_components_first_immutable_text_backcast|historical_episode_id_4589|historical_interpretation_id_4589|historical_interpretation_completed_at_2026-08-07T19:35:56+00:00|historical_household_statistics_scope_assumed|spot_assumptions_source_spot_price_hours|spot_assumptions_partial_above_threshold|spot_assumptions_raw_hourly_reconstruction|spot_assumptions_coverage_ratio_0.993836|spot_assumptions_expected_hours_8760|spot_assumptions_actual_hours_8706
2026-07-22,h925l0-koillis-satakunnan-sahko-oy-vakaawirta-24-kk,fixed_term_24,,[],,,,,[],canonical_omitted_no_covering_source_observation|retrospective_historical_interpretation|historical_evidence_grade_exact_components_first_immutable_text_backcast|historical_episode_id_4590|historical_interpretation_id_4590|historical_interpretation_completed_at_2026-08-07T19:36:35+00:00|historical_household_statistics_scope_assumed|spot_assumptions_source_spot_price_hours|spot_assumptions_partial_above_threshold|spot_assumptions_raw_hourly_reconstruction|spot_assumptions_coverage_ratio_0.993836|spot_assumptions_expected_hours_8760|spot_assumptions_actual_hours_8706
2026-07-22,hcuyzx-aanekosken-energia-oy-yleissahko-6-kk,unclassified,,[],,,,,[],missing_historical_snapshot_identity|spot_assumptions_source_spot_price_hours|spot_assumptions_partial_above_threshold|spot_assumptions_raw_hourly_reconstruction|spot_assumptions_coverage_ratio_0.993836|spot_assumptions_expected_hours_8760|spot_assumptions_actual_hours_8706|observed_relational_uniform_monthly_consumption
2026-07-22,hdjs90-oomi-oy-oomi-jousto-24-kk-yrityksille,unclassified,,[],,,,,[],missing_historical_snapshot_identity|spot_assumptions_source_spot_price_hours|spot_assumptions_partial_above_threshold|spot_assumptions_raw_hourly_reconstruction|spot_assumptions_coverage_ratio_0.993836|spot_assumptions_expected_hours_8760|spot_assumptions_actual_hours_8706|observed_relational_uniform_monthly_consumption
2026-07-22,hdkhuf-imatran-seudun-sahko-oy-voima-6-kk,fixed_term_6,,[],,,,,[],canonical_omitted_no_covering_source_observation|retrospective_historical_interpretation|historical_evidence_grade_exact_components_last_observed_text_backcast|historical_episode_id_4602|historical_interpretation_id_4602|historical_interpretation_completed_at_2026-08-07T19:42:49+00:00|historical_household_statistics_scope_assumed|spot_assumptions_source_spot_price_hours|spot_assumptions_partial_above_threshold|spot_assumptions_raw_hourly_reconstruction|spot_assumptions_coverage_ratio_0.993836|spot_assumptions_expected_hours_8760|spot_assumptions_actual_hours_8706|term_price_annualized
2026-07-22,hg40jg-lumme-energia-vuosisahko-24-kk-hinta-joka-ei-heilu,fixed_term_24,,[],,,,,[],canonical_omitted_no_covering_source_observation|retrospective_historical_interpretation|historical_evidence_grade_exact_components_first_immutable_text_backcast|historical_episode_id_4608|historical_interpretation_id_4608|historical_interpretation_completed_at_2026-08-07T19:45:02+00:00|historical_household_statistics_scope_assumed|spot_assumptions_source_spot_price_hours|spot_assumptions_partial_above_threshold|spot_assumptions_raw_hourly_reconstruction|spot_assumptions_coverage_ratio_0.993836|spot_assumptions_expected_hours_8760|spot_assumptions_actual_hours_8706
2026-07-22,hgown7-keravan-energia-oy-kvartaalisahko,quarterly,,[],,,,,[],canonical_omitted_no_covering_source_observation|retrospective_historical_interpretation|historical_evidence_grade_exact_components_first_immutable_text_backcast|historical_episode_id_4612|historical_interpretation_id_4612|historical_interpretation_completed_at_2026-08-07T19:47:52+00:00|historical_household_statistics_scope_assumed|spot_assumptions_source_spot_price_hours|spot_assumptions_partial_above_threshold|spot_assumptions_raw_hourly_reconstruction|spot_assumptions_coverage_ratio_0.993836|spot_assumptions_expected_hours_8760|spot_assumptions_actual_hours_8706|reset_tail_shifted_on_forward_curve|unknown_periods_use_latest_applicable_price_or_disclosed_normal|forward_month_from_quarter_contract
2026-07-22,hh3kd6-kokkolan-energia-oy-aalto-12-kk,hybrid,,[],,,,,[],canonical_omitted_no_covering_source_observation|retrospective_historical_interpretation|historical_evidence_grade_exact_components_first_immutable_text_backcast|historical_episode_id_4613|historical_interpretation_id_4613|historical_interpretation_completed_at_2026-08-07T19:48:42+00:00|historical_household_statistics_scope_assumed|spot_assumptions_source_spot_price_hours|spot_assumptions_partial_above_threshold|spot_assumptions_raw_hourly_reconstruction|spot_assumptions_coverage_ratio_0.993836|spot_assumptions_expected_hours_8760|spot_assumptions_actual_hours_8706|excludes_consumption_effect
2026-07-22,hhs7o1-porvoon-energia-oy-wind-24-kk-kotimainen-tuulisahko-yrityksille,unclassified,,[],,,,,[],missing_historical_snapshot_identity|spot_assumptions_source_spot_price_hours|spot_assumptions_partial_above_threshold|spot_assumptions_raw_hourly_reconstruction|spot_assumptions_coverage_ratio_0.993836|spot_assumptions_expected_hours_8760|spot_assumptions_actual_hours_8706|observed_relational_uniform_monthly_consumption
2026-07-22,hio83j-helen-oy-perussahko-yritys,unclassified,,[],,,,,[],missing_historical_snapshot_identity|spot_assumptions_source_spot_price_hours|spot_assumptions_partial_above_threshold|spot_assumptions_raw_hourly_reconstruction|spot_assumptions_coverage_ratio_0.993836|spot_assumptions_expected_hours_8760|spot_assumptions_actual_hours_8706|observed_relational_uniform_monthly_consumption
2026-07-22,hmrc8y-vattenfall-oy-taystuuli-24-kk,fixed_term_24,,[],,,,,[],canonical_omitted_no_covering_source_observation|retrospective_historical_interpretation|historical_evidence_grade_exact_components_first_immutable_text_backcast|historical_episode_id_4627|historical_interpretation_id_4627|historical_interpretation_completed_at_2026-08-07T19:55:19+00:00|historical_household_statistics_scope_assumed|spot_assumptions_source_spot_price_hours|spot_assumptions_partial_above_threshold|spot_assumptions_raw_hourly_reconstruction|spot_assumptions_coverage_ratio_0.993836|spot_assumptions_expected_hours_8760|spot_assumptions_actual_hours_8706
2026-07-22,hnapne-lammaisten-energia-oy-iisi-kulutusjousto-yleissahko-24-kk,hybrid,,[],,,,,[],canonical_omitted_no_covering_source_observation|retrospective_historical_interpretation|historical_evidence_grade_exact_components_first_immutable_text_backcast|historical_episode_id_4630|historical_interpretation_id_4630|historical_interpretation_completed_at_2026-08-07T19:55:56+00:00|historical_household_statistics_scope_assumed|spot_assumptions_source_spot_price_hours|spot_assumptions_partial_above_threshold|spot_assumptions_raw_hourly_reconstruction|spot_assumptions_coverage_ratio_0.993836|spot_assumptions_expected_hours_8760|spot_assumptions_actual_hours_8706|excludes_consumption_effect
2026-07-22,hnrvf2-seinajoen-energia-oy-se-oikea-vuodenaikasahko,unclassified,,[],,,,,[],missing_historical_snapshot_identity|spot_assumptions_source_spot_price_hours|spot_assumptions_partial_above_threshold|spot_assumptions_raw_hourly_reconstruction|spot_assumptions_coverage_ratio_0.993836|spot_assumptions_expected_hours_8760|spot_assumptions_actual_hours_8706|observed_relational_uniform_monthly_consumption
2026-07-22,hprucu-pohjois-karjalan-sahko-oy-optimi-takuu-6-kuukautta,fixed_term_6,,[],,,,,[],canonical_omitted_no_covering_source_observation|retrospective_historical_interpretation|historical_evidence_grade_exact_components_first_immutable_text_backcast|historical_episode_id_4634|historical_interpretation_id_4634|historical_interpretation_completed_at_2026-08-07T19:57:39+00:00|historical_household_statistics_scope_assumed|spot_assumptions_source_spot_price_hours|spot_assumptions_partial_above_threshold|spot_assumptions_raw_hourly_reconstruction|spot_assumptions_coverage_ratio_0.993836|spot_assumptions_expected_hours_8760|spot_assumptions_actual_hours_8706|held_current_price_forward|unknown_periods_use_latest_applicable_price_or_disclosed_normal
2026-07-22,huinlz-koylion-sakylan-sahko-oy-lallin-markkinasahko,spot,,[],,,,,[],canonical_omitted_no_covering_source_observation|retrospective_historical_interpretation|historical_evidence_grade_exact_components_first_immutable_text_backcast|historical_episode_id_4654|historical_interpretation_id_4654|historical_interpretation_completed_at_2026-08-07T20:04:09+00:00|historical_household_statistics_scope_assumed|spot_assumptions_source_spot_price_hours|spot_assumptions_partial_above_threshold|spot_assumptions_raw_hourly_reconstruction|spot_assumptions_coverage_ratio_0.993836|spot_assumptions_expected_hours_8760|spot_assumptions_actual_hours_8706|spot_estimate_confidence_higher|spot_forward_curve_with_rolling_365_intraday_shape|partial_shape_coverage|forward_month_from_quarter_contract
2026-07-22,humms8-nordic-green-energy-vesivoima-spot-yrityksille,unclassified,,[],,,,,[],missing_historical_snapshot_identity|spot_assumptions_source_spot_price_hours|spot_assumptions_partial_above_threshold|spot_assumptions_raw_hourly_reconstruction|spot_assumptions_coverage_ratio_0.993836|spot_assumptions_expected_hours_8760|spot_assumptions_actual_hours_8706|observed_relational_uniform_monthly_consumption
2026-07-22,hvu3aw-parikkalan-valo-oy-spot-valo-yritys,unclassified,,[],,,,,[],missing_historical_snapshot_identity|spot_assumptions_source_spot_price_hours|spot_assumptions_partial_above_threshold|spot_assumptions_raw_hourly_reconstruction|spot_assumptions_coverage_ratio_0.993836|spot_assumptions_expected_hours_8760|spot_assumptions_actual_hours_8706|observed_relational_uniform_monthly_consumption
2026-07-22,hwmfco-aalto-energia-oyj-tyyni-jatkuva,open_ended,,[],,,,,[],canonical_omitted_no_covering_source_observation|retrospective_historical_interpretation|historical_evidence_grade_exact_components_first_immutable_text_backcast|historical_episode_id_4662|historical_interpretation_id_4662|historical_interpretation_completed_at_2026-08-07T20:08:03+00:00|historical_household_statistics_scope_assumed|spot_assumptions_source_spot_price_hours|spot_assumptions_partial_above_threshold|spot_assumptions_raw_hourly_reconstruction|spot_assumptions_coverage_ratio_0.993836|spot_assumptions_expected_hours_8760|spot_assumptions_actual_hours_8706|supplier_adjusted_tail_uses_comparable_forward_premium|supplier_adjusted_monthly_fee_disclosed_phases|price_episode_observed_proxy|price_episode_left_censored|historical_exact_contract_only|price_episode_uses_dedicated_historical_interpretation|calendar_gap_within_observed_price_episode|missing_own_reference_using_comparable_premium|lower_confidence_energy_episode_proxy
2026-07-22,hz5m3u-pohjois-karjalan-sahko-oy-optimi-takuu-24-kuukautta,fixed_term_24,,[],,,,,[],canonical_omitted_no_covering_source_observation|retrospective_historical_interpretation|historical_evidence_grade_exact_components_first_immutable_text_backcast|historical_episode_id_4669|historical_interpretation_id_4669|historical_interpretation_completed_at_2026-08-07T20:10:44+00:00|historical_household_statistics_scope_assumed|spot_assumptions_source_spot_price_hours|spot_assumptions_partial_above_threshold|spot_assumptions_raw_hourly_reconstruction|spot_assumptions_coverage_ratio_0.993836|spot_assumptions_expected_hours_8760|spot_assumptions_actual_hours_8706
2026-07-22,i1badk-porvoon-energia-oy-spot-porssisahko-yrityksille,unclassified,,[],,,,,[],missing_historical_snapshot_identity|spot_assumptions_source_spot_price_hours|spot_assumptions_partial_above_threshold|spot_assumptions_raw_hourly_reconstruction|spot_assumptions_coverage_ratio_0.993836|spot_assumptions_expected_hours_8760|spot_assumptions_actual_hours_8706|observed_relational_uniform_monthly_consumption
2026-07-22,i2i3xp-porvoon-energia-oy-eko-12-kk-luonnonsuojeluliiton-sertifioima-ekoenergia,fixed_term_12,,[],,,,,[],canonical_omitted_no_covering_source_observation|retrospective_historical_interpretation|historical_evidence_grade_exact_components_first_immutable_text_backcast|historical_episode_id_4673|historical_interpretation_id_4673|historical_interpretation_completed_at_2026-08-07T20:13:01+00:00|historical_household_statistics_scope_assumed|spot_assumptions_source_spot_price_hours|spot_assumptions_partial_above_threshold|spot_assumptions_raw_hourly_reconstruction|spot_assumptions_coverage_ratio_0.993836|spot_assumptions_expected_hours_8760|spot_assumptions_actual_hours_8706
2026-07-22,i5gaxw-pohjois-karjalan-sahko-oy-optimi-kuukausi,open_ended,,[],,,,,[],canonical_omitted_no_covering_source_observation|retrospective_historical_interpretation|historical_evidence_grade_exact_components_first_immutable_text_backcast|historical_episode_id_4677|historical_interpretation_id_4677|historical_interpretation_completed_at_2026-08-07T20:15:53+00:00|historical_household_statistics_scope_assumed|spot_assumptions_source_spot_price_hours|spot_assumptions_partial_above_threshold|spot_assumptions_raw_hourly_reconstruction|spot_assumptions_coverage_ratio_0.993836|spot_assumptions_expected_hours_8760|spot_assumptions_actual_hours_8706|reset_tail_shifted_on_forward_curve|unknown_periods_use_latest_applicable_price_or_disclosed_normal|forward_month_from_quarter_contract
2026-07-22,i95myh-pohjois-karjalan-sahko-oy-oiva-plus,open_ended,,[],,,,,[],canonical_omitted_no_covering_source_observation|retrospective_historical_interpretation|historical_evidence_grade_exact_components_first_immutable_text_backcast|historical_episode_id_4684|historical_interpretation_id_4684|historical_interpretation_completed_at_2026-08-07T20:19:08+00:00|historical_household_statistics_scope_assumed|spot_assumptions_source_spot_price_hours|spot_assumptions_partial_above_threshold|spot_assumptions_raw_hourly_reconstruction|spot_assumptions_coverage_ratio_0.993836|spot_assumptions_expected_hours_8760|spot_assumptions_actual_hours_8706|historical_consumption_eligibility_unknown_null_mask
2026-07-22,ibjlix-vihrea-alyenergia-oy-vankka-kiintea-24kk-fossiilivapaa,fixed_term_24,,[],,,,,[],canonical_omitted_no_covering_source_observation|retrospective_historical_interpretation|historical_evidence_grade_exact_components_last_observed_text_backcast|historical_episode_id_4689|historical_interpretation_id_4689|historical_interpretation_completed_at_2026-08-07T20:21:59+00:00|historical_household_statistics_scope_assumed|spot_assumptions_source_spot_price_hours|spot_assumptions_partial_above_threshold|spot_assumptions_raw_hourly_reconstruction|spot_assumptions_coverage_ratio_0.993836|spot_assumptions_expected_hours_8760|spot_assumptions_actual_hours_8706
2026-07-22,icbxvy-vimpelin-voima-oy-sulaketariffi,open_ended,,[],,,,,[],canonical_omitted_no_covering_source_observation|retrospective_historical_interpretation|historical_evidence_grade_exact_components_first_immutable_text_backcast|historical_episode_id_4691|historical_interpretation_id_4691|historical_interpretation_completed_at_2026-08-07T20:22:25+00:00|historical_household_statistics_scope_assumed|spot_assumptions_source_spot_price_hours|spot_assumptions_partial_above_threshold|spot_assumptions_raw_hourly_reconstruction|spot_assumptions_coverage_ratio_0.993836|spot_assumptions_expected_hours_8760|spot_assumptions_actual_hours_8706|supplier_adjusted_tail_shifted_on_forward_curve|supplier_adjusted_monthly_fee_held_flat|price_episode_observed_proxy|price_episode_left_censored|historical_exact_contract_only|price_episode_uses_dedicated_historical_interpretation|forward_month_from_quarter_contract
2026-07-22,ifr6mw-paneliankosken-voima-oy-kosken-vuosiwoima-12-kk,fixed_term_12,,[],,,,,[],canonical_omitted_no_covering_source_observation|retrospective_historical_interpretation|historical_evidence_grade_exact_components_first_immutable_text_backcast|historical_episode_id_4706|historical_interpretation_id_4706|historical_interpretation_completed_at_2026-08-07T20:29:00+00:00|historical_household_statistics_scope_assumed|spot_assumptions_source_spot_price_hours|spot_assumptions_partial_above_threshold|spot_assumptions_raw_hourly_reconstruction|spot_assumptions_coverage_ratio_0.993836|spot_assumptions_expected_hours_8760|spot_assumptions_actual_hours_8706|held_current_price_forward|unknown_periods_use_latest_applicable_price_or_disclosed_normal
2026-07-22,iq7fja-vimpelin-voima-oy-vuodenaikatariffi,open_ended,,[],,,,,[],canonical_omitted_no_covering_source_observation|retrospective_historical_interpretation|historical_evidence_grade_exact_components_first_immutable_text_backcast|historical_episode_id_4729|historical_interpretation_id_4729|historical_interpretation_completed_at_2026-08-07T20:39:55+00:00|historical_household_statistics_scope_assumed|spot_assumptions_source_spot_price_hours|spot_assumptions_partial_above_threshold|spot_assumptions_raw_hourly_reconstruction|spot_assumptions_coverage_ratio_0.993836|spot_assumptions_expected_hours_8760|spot_assumptions_actual_hours_8706
2026-07-22,irtim3-oomi-oy-oomi-aktiivinen-yrityksille,unclassified,,[],,,,,[],missing_historical_snapshot_identity|spot_assumptions_source_spot_price_hours|spot_assumptions_partial_above_threshold|spot_assumptions_raw_hourly_reconstruction|spot_assumptions_coverage_ratio_0.993836|spot_assumptions_expected_hours_8760|spot_assumptions_actual_hours_8706|observed_relational_uniform_monthly_consumption
2026-07-22,iuun55-vimpelin-voima-oy-spot-energia,unclassified,,[],,,,,[],missing_historical_snapshot_identity|spot_assumptions_source_spot_price_hours|spot_assumptions_partial_above_threshold|spot_assumptions_raw_hourly_reconstruction|spot_assumptions_coverage_ratio_0.993836|spot_assumptions_expected_hours_8760|spot_assumptions_actual_hours_8706|observed_relational_uniform_monthly_consumption
2026-07-22,iwjgsd-pohjois-karjalan-sahko-oy-tove-perus,open_ended,,[],,,,,[],canonical_omitted_no_covering_source_observation|retrospective_historical_interpretation|historical_evidence_grade_exact_components_first_immutable_text_backcast|historical_episode_id_4749|historical_interpretation_id_4749|historical_interpretation_completed_at_2026-08-07T20:48:55+00:00|historical_household_statistics_scope_assumed|spot_assumptions_source_spot_price_hours|spot_assumptions_partial_above_threshold|spot_assumptions_raw_hourly_reconstruction|spot_assumptions_coverage_ratio_0.993836|spot_assumptions_expected_hours_8760|spot_assumptions_actual_hours_8706|supplier_adjusted_tail_uses_comparable_forward_premium|supplier_adjusted_monthly_fee_held_flat|price_episode_observed_proxy|price_episode_left_censored|historical_exact_contract_only|price_episode_uses_dedicated_historical_interpretation|calendar_gap_within_observed_price_episode|missing_own_reference_using_comparable_premium|lower_confidence_energy_episode_proxy
2026-07-22,iwrxhg-lankosken-sahko-oy-porssisahko,spot,,[],,,,,[],canonical_omitted_no_covering_source_observation|retrospective_historical_interpretation|historical_evidence_grade_exact_components_first_immutable_text_backcast|historical_episode_id_4757|historical_interpretation_id_4757|historical_interpretation_completed_at_2026-08-07T20:51:19+00:00|historical_household_statistics_scope_assumed|spot_assumptions_source_spot_price_hours|spot_assumptions_partial_above_threshold|spot_assumptions_raw_hourly_reconstruction|spot_assumptions_coverage_ratio_0.993836|spot_assumptions_expected_hours_8760|spot_assumptions_actual_hours_8706|spot_estimate_confidence_higher|spot_forward_curve_with_rolling_365_intraday_shape|partial_shape_coverage|forward_month_from_quarter_contract
2026-07-22,jbktvc-seinajoen-energia-oy-se-oikea-vuodenaikasahko,open_ended,,[],,,,,[],canonical_omitted_no_covering_source_observation|retrospective_historical_interpretation|historical_evidence_grade_exact_components_first_immutable_text_backcast|historical_episode_id_4778|historical_interpretation_id_4778|historical_interpretation_completed_at_2026-08-07T21:00:18+00:00|historical_household_statistics_scope_assumed|spot_assumptions_source_spot_price_hours|spot_assumptions_partial_above_threshold|spot_assumptions_raw_hourly_reconstruction|spot_assumptions_coverage_ratio_0.993836|spot_assumptions_expected_hours_8760|spot_assumptions_actual_hours_8706|supplier_adjusted_tail_shifted_on_forward_curve|supplier_adjusted_monthly_fee_held_flat|price_episode_observed_proxy|price_episode_left_censored|historical_exact_contract_only|price_episode_uses_dedicated_historical_interpretation|forward_month_from_quarter_contract
2026-07-22,jcgh2q-koillis-satakunnan-sahko-oy-vakaawirta-12-kk-kausi,fixed_term_12,,[],,,,,[],canonical_omitted_no_covering_source_observation|retrospective_historical_interpretation|historical_evidence_grade_exact_components_first_immutable_text_backcast|historical_episode_id_4780|historical_interpretation_id_4780|historical_interpretation_completed_at_2026-08-07T21:00:48+00:00|historical_household_statistics_scope_assumed|spot_assumptions_source_spot_price_hours|spot_assumptions_partial_above_threshold|spot_assumptions_raw_hourly_reconstruction|spot_assumptions_coverage_ratio_0.993836|spot_assumptions_expected_hours_8760|spot_assumptions_actual_hours_8706
2026-07-22,jdsy6s-helen-oy-maaraaikainen-valkkysahko-yritys-12-kk,unclassified,,[],,,,,[],missing_historical_snapshot_identity|spot_assumptions_source_spot_price_hours|spot_assumptions_partial_above_threshold|spot_assumptions_raw_hourly_reconstruction|spot_assumptions_coverage_ratio_0.993836|spot_assumptions_expected_hours_8760|spot_assumptions_actual_hours_8706|observed_relational_uniform_monthly_consumption
2026-07-22,jf1mar-omavoima-oy-ajoittaja-24-kk,hybrid,,[],,,,,[],canonical_omitted_no_covering_source_observation|retrospective_historical_interpretation|historical_evidence_grade_exact_components_first_immutable_text_backcast|historical_episode_id_4788|historical_interpretation_id_4788|historical_interpretation_completed_at_2026-08-07T21:04:37+00:00|historical_household_statistics_scope_assumed|spot_assumptions_source_spot_price_hours|spot_assumptions_partial_above_threshold|spot_assumptions_raw_hourly_reconstruction|spot_assumptions_coverage_ratio_0.993836|spot_assumptions_expected_hours_8760|spot_assumptions_actual_hours_8706|excludes_consumption_effect
2026-07-22,jhy1qj-vaasan-sahko-myynti-oy-kuukausipaketti-s,open_ended,,[],,,,,[],canonical_omitted_no_covering_source_observation|retrospective_historical_interpretation|historical_evidence_grade_exact_components_first_immutable_text_backcast|historical_episode_id_4799|historical_interpretation_id_4799|historical_interpretation_completed_at_2026-08-07T21:10:11+00:00|historical_household_statistics_scope_assumed|spot_assumptions_source_spot_price_hours|spot_assumptions_partial_above_threshold|spot_assumptions_raw_hourly_reconstruction|spot_assumptions_coverage_ratio_0.993836|spot_assumptions_expected_hours_8760|spot_assumptions_actual_hours_8706
2026-07-22,jjalmb-oomi-oy-oomi-kiintea-24-kk-yrityksille,unclassified,,[],,,,,[],missing_historical_snapshot_identity|spot_assumptions_source_spot_price_hours|spot_assumptions_partial_above_threshold|spot_assumptions_raw_hourly_reconstruction|spot_assumptions_coverage_ratio_0.993836|spot_assumptions_expected_hours_8760|spot_assumptions_actual_hours_8706|observed_relational_uniform_monthly_consumption
2026-07-22,jjfa7j-koillis-satakunnan-sahko-oy-vakaawirta-24-kk-aika,fixed_term_24,,[],,,,,[],canonical_omitted_no_covering_source_observation|retrospective_historical_interpretation|historical_evidence_grade_exact_components_first_immutable_text_backcast|historical_episode_id_4805|historical_interpretation_id_4805|historical_interpretation_completed_at_2026-08-07T21:12:36+00:00|historical_household_statistics_scope_assumed|spot_assumptions_source_spot_price_hours|spot_assumptions_partial_above_threshold|spot_assumptions_raw_hourly_reconstruction|spot_assumptions_coverage_ratio_0.993836|spot_assumptions_expected_hours_8760|spot_assumptions_actual_hours_8706
2026-07-22,jkbkya-omavoima-oy-oma-24kk-kausi,fixed_term_24,,[],,,,,[],canonical_omitted_no_covering_source_observation|retrospective_historical_interpretation|historical_evidence_grade_exact_components_first_immutable_text_backcast|historical_episode_id_4806|historical_interpretation_id_4806|historical_interpretation_completed_at_2026-08-07T21:12:53+00:00|historical_household_statistics_scope_assumed|spot_assumptions_source_spot_price_hours|spot_assumptions_partial_above_threshold|spot_assumptions_raw_hourly_reconstruction|spot_assumptions_coverage_ratio_0.993836|spot_assumptions_expected_hours_8760|spot_assumptions_actual_hours_8706
2026-07-22,jmy7n8-aanekosken-energia-oy-maalaisjarkisahko-aikasahko-24-kk-paastoton,fixed_term_24,,[],,,,,[],canonical_omitted_no_covering_source_observation|retrospective_historical_interpretation|historical_evidence_grade_exact_components_first_immutable_text_backcast|historical_episode_id_4814|historical_interpretation_id_4814|historical_interpretation_completed_at_2026-08-07T21:15:52+00:00|historical_household_statistics_scope_assumed|spot_assumptions_source_spot_price_hours|spot_assumptions_partial_above_threshold|spot_assumptions_raw_hourly_reconstruction|spot_assumptions_coverage_ratio_0.993836|spot_assumptions_expected_hours_8760|spot_assumptions_actual_hours_8706
2026-07-22,jrrlvh-parikkalan-valo-oy-kesto-valo-kanta-asiakas,open_ended,,[],,,,,[],canonical_omitted_no_covering_source_observation|retrospective_historical_interpretation|historical_evidence_grade_exact_components_first_immutable_text_backcast|historical_episode_id_4825|historical_interpretation_id_4825|historical_interpretation_completed_at_2026-08-07T21:21:13+00:00|historical_household_statistics_scope_assumed|spot_assumptions_source_spot_price_hours|spot_assumptions_partial_above_threshold|spot_assumptions_raw_hourly_reconstruction|spot_assumptions_coverage_ratio_0.993836|spot_assumptions_expected_hours_8760|spot_assumptions_actual_hours_8706|supplier_adjusted_tail_shifted_on_forward_curve|supplier_adjusted_monthly_fee_held_flat|price_episode_observed_proxy|price_episode_left_censored|historical_exact_contract_only|price_episode_uses_dedicated_historical_interpretation|forward_month_from_quarter_contract
2026-07-22,jrtvhz-helen-oy-valkkysahko,hybrid,,[],,,,,[],canonical_omitted_no_covering_source_observation|retrospective_historical_interpretation|historical_evidence_grade_exact_components_first_immutable_text_backcast|historical_episode_id_4826|historical_interpretation_id_4826|historical_interpretation_completed_at_2026-08-07T21:21:30+00:00|historical_household_statistics_scope_assumed|spot_assumptions_source_spot_price_hours|spot_assumptions_partial_above_threshold|spot_assumptions_raw_hourly_reconstruction|spot_assumptions_coverage_ratio_0.993836|spot_assumptions_expected_hours_8760|spot_assumptions_actual_hours_8706|reset_tail_shifted_on_forward_curve|excludes_consumption_effect|forward_month_from_quarter_contract
2026-07-22,jt3szr-koillis-satakunnan-sahko-oy-joustowirta-24-kk,hybrid,,[],,,,,[],canonical_omitted_no_covering_source_observation|retrospective_historical_interpretation|historical_evidence_grade_exact_components_first_immutable_text_backcast|historical_episode_id_4829|historical_interpretation_id_4829|historical_interpretation_completed_at_2026-08-07T21:22:30+00:00|historical_household_statistics_scope_assumed|spot_assumptions_source_spot_price_hours|spot_assumptions_partial_above_threshold|spot_assumptions_raw_hourly_reconstruction|spot_assumptions_coverage_ratio_0.993836|spot_assumptions_expected_hours_8760|spot_assumptions_actual_hours_8706|excludes_consumption_effect
2026-07-22,jv1sdq-pohjois-karjalan-sahko-oy-optimi-kuukausi,open_ended,,[],,,,,[],canonical_omitted_no_covering_source_observation|retrospective_historical_interpretation|historical_evidence_grade_exact_components_first_immutable_text_backcast|historical_episode_id_4830|historical_interpretation_id_4830|historical_interpretation_completed_at_2026-08-07T21:22:46+00:00|historical_household_statistics_scope_assumed|spot_assumptions_source_spot_price_hours|spot_assumptions_partial_above_threshold|spot_assumptions_raw_hourly_reconstruction|spot_assumptions_coverage_ratio_0.993836|spot_assumptions_expected_hours_8760|spot_assumptions_actual_hours_8706|reset_tail_shifted_on_forward_curve|forward_month_from_quarter_contract
2026-07-22,jyfo4s-keravan-energia-oy-kvartaalisahko-aika,quarterly,,[],,,,,[],canonical_omitted_no_covering_source_observation|retrospective_historical_interpretation|historical_evidence_grade_exact_components_first_immutable_text_backcast|historical_episode_id_4838|historical_interpretation_id_4838|historical_interpretation_completed_at_2026-08-07T21:25:28+00:00|historical_household_statistics_scope_assumed|spot_assumptions_source_spot_price_hours|spot_assumptions_partial_above_threshold|spot_assumptions_raw_hourly_reconstruction|spot_assumptions_coverage_ratio_0.993836|spot_assumptions_expected_hours_8760|spot_assumptions_actual_hours_8706|reset_tail_shifted_on_forward_curve|unknown_periods_use_latest_applicable_price_or_disclosed_normal|forward_month_from_quarter_contract
2026-07-22,k5jsrm-turku-energia-oy-louna-arki,open_ended,,[],,,,,[],canonical_omitted_no_covering_source_observation|retrospective_historical_interpretation|historical_evidence_grade_exact_components_first_immutable_text_backcast|historical_episode_id_4846|historical_interpretation_id_4846|historical_interpretation_completed_at_2026-08-07T21:28:38+00:00|historical_household_statistics_scope_assumed|spot_assumptions_source_spot_price_hours|spot_assumptions_partial_above_threshold|spot_assumptions_raw_hourly_reconstruction|spot_assumptions_coverage_ratio_0.993836|spot_assumptions_expected_hours_8760|spot_assumptions_actual_hours_8706|supplier_adjusted_tail_shifted_on_forward_curve|supplier_adjusted_monthly_fee_held_flat|price_episode_observed_proxy|price_episode_left_censored|historical_exact_contract_only|price_episode_uses_dedicated_historical_interpretation|forward_month_from_quarter_contract
2026-07-22,k7zjzd-vaasan-sahko-myynti-oy-kiintea-24-kk-yosahko-yrityksille,unclassified,,[],,,,,[],missing_historical_snapshot_identity|spot_assumptions_source_spot_price_hours|spot_assumptions_partial_above_threshold|spot_assumptions_raw_hourly_reconstruction|spot_assumptions_coverage_ratio_0.993836|spot_assumptions_expected_hours_8760|spot_assumptions_actual_hours_8706|observed_relational_uniform_monthly_consumption
2026-07-22,kczwlj-kokkolan-energia-oy-ranta-18-kk,fixed_term_other,,[],,,,,[],canonical_omitted_no_covering_source_observation|retrospective_historical_interpretation|historical_evidence_grade_exact_components_first_immutable_text_backcast|historical_episode_id_4859|historical_interpretation_id_4859|historical_interpretation_completed_at_2026-08-07T21:34:33+00:00|historical_household_statistics_scope_assumed|spot_assumptions_source_spot_price_hours|spot_assumptions_partial_above_threshold|spot_assumptions_raw_hourly_reconstruction|spot_assumptions_coverage_ratio_0.993836|spot_assumptions_expected_hours_8760|spot_assumptions_actual_hours_8706
2026-07-22,kh0hlo-vaasan-sahko-myynti-oy-porssisahko-tuuli-yritys,unclassified,,[],,,,,[],missing_historical_snapshot_identity|spot_assumptions_source_spot_price_hours|spot_assumptions_partial_above_threshold|spot_assumptions_raw_hourly_reconstruction|spot_assumptions_coverage_ratio_0.993836|spot_assumptions_expected_hours_8760|spot_assumptions_actual_hours_8706|observed_relational_uniform_monthly_consumption
2026-07-22,ki6odb-kokkolan-energia-oy-ranta-6-kk,fixed_term_6,,[],,,,,[],canonical_omitted_no_covering_source_observation|retrospective_historical_interpretation|historical_evidence_grade_exact_components_first_immutable_text_backcast|historical_episode_id_4873|historical_interpretation_id_4873|historical_interpretation_completed_at_2026-08-07T21:39:22+00:00|historical_household_statistics_scope_assumed|spot_assumptions_source_spot_price_hours|spot_assumptions_partial_above_threshold|spot_assumptions_raw_hourly_reconstruction|spot_assumptions_coverage_ratio_0.993836|spot_assumptions_expected_hours_8760|spot_assumptions_actual_hours_8706|held_current_price_forward|unknown_periods_use_latest_applicable_price_or_disclosed_normal
2026-07-22,kjngro-pohjois-karjalan-sahko-oy-optimi-takuu-12-kuukautta,fixed_term_12,,[],,,,,[],canonical_omitted_no_covering_source_observation|retrospective_historical_interpretation|historical_evidence_grade_exact_components_first_immutable_text_backcast|historical_episode_id_4878|historical_interpretation_id_4878|historical_interpretation_completed_at_2026-08-07T21:41:24+00:00|historical_household_statistics_scope_assumed|spot_assumptions_source_spot_price_hours|spot_assumptions_partial_above_threshold|spot_assumptions_raw_hourly_reconstruction|spot_assumptions_coverage_ratio_0.993836|spot_assumptions_expected_hours_8760|spot_assumptions_actual_hours_8706
2026-07-22,kjye7s-pohjois-karjalan-sahko-oy-optimi-takuu-6-kuukautta,fixed_term_6,,[],,,,,[],canonical_omitted_no_covering_source_observation|retrospective_historical_interpretation|historical_evidence_grade_exact_components_first_immutable_text_backcast|historical_episode_id_4880|historical_interpretation_id_4880|historical_interpretation_completed_at_2026-08-07T21:41:52+00:00|historical_household_statistics_scope_assumed|spot_assumptions_source_spot_price_hours|spot_assumptions_partial_above_threshold|spot_assumptions_raw_hourly_reconstruction|spot_assumptions_coverage_ratio_0.993836|spot_assumptions_expected_hours_8760|spot_assumptions_actual_hours_8706|term_price_annualized
2026-07-22,kl9bng-seinajoen-energia-oy-porssisahko,spot,,[],,,,,[],canonical_omitted_no_covering_source_observation|retrospective_historical_interpretation|historical_evidence_grade_exact_components_first_immutable_text_backcast|historical_episode_id_4888|historical_interpretation_id_4888|historical_interpretation_completed_at_2026-08-07T21:43:27+00:00|historical_household_statistics_scope_assumed|spot_assumptions_source_spot_price_hours|spot_assumptions_partial_above_threshold|spot_assumptions_raw_hourly_reconstruction|spot_assumptions_coverage_ratio_0.993836|spot_assumptions_expected_hours_8760|spot_assumptions_actual_hours_8706|spot_estimate_confidence_higher|spot_forward_curve_with_rolling_365_intraday_shape|partial_shape_coverage|forward_month_from_quarter_contract
2026-07-22,knaoa5-iin-energia-oy-yleissahko,unclassified,,[],,,,,[],missing_historical_snapshot_identity|spot_assumptions_source_spot_price_hours|spot_assumptions_partial_above_threshold|spot_assumptions_raw_hourly_reconstruction|spot_assumptions_coverage_ratio_0.993836|spot_assumptions_expected_hours_8760|spot_assumptions_actual_hours_8706|observed_relational_uniform_monthly_consumption
2026-07-22,kngjot-keravan-energia-oy-tuulikvartaalisahko,quarterly,,[],,,,,[],canonical_omitted_no_covering_source_observation|retrospective_historical_interpretation|historical_evidence_grade_exact_components_first_immutable_text_backcast|historical_episode_id_4895|historical_interpretation_id_4895|historical_interpretation_completed_at_2026-08-07T21:46:07+00:00|historical_household_statistics_scope_assumed|spot_assumptions_source_spot_price_hours|spot_assumptions_partial_above_threshold|spot_assumptions_raw_hourly_reconstruction|spot_assumptions_coverage_ratio_0.993836|spot_assumptions_expected_hours_8760|spot_assumptions_actual_hours_8706|reset_tail_shifted_on_forward_curve|forward_month_from_quarter_contract
2026-07-22,knldub-vaasan-sahko-myynti-oy-vaikuttaja-yrityksille,unclassified,,[],,,,,[],missing_historical_snapshot_identity|spot_assumptions_source_spot_price_hours|spot_assumptions_partial_above_threshold|spot_assumptions_raw_hourly_reconstruction|spot_assumptions_coverage_ratio_0.993836|spot_assumptions_expected_hours_8760|spot_assumptions_actual_hours_8706|observed_relational_uniform_monthly_consumption
2026-07-22,knuhak-oomi-oy-oomi-vakaa-yrityksille,unclassified,,[],,,,,[],missing_historical_snapshot_identity|spot_assumptions_source_spot_price_hours|spot_assumptions_partial_above_threshold|spot_assumptions_raw_hourly_reconstruction|spot_assumptions_coverage_ratio_0.993836|spot_assumptions_expected_hours_8760|spot_assumptions_actual_hours_8706|observed_relational_uniform_monthly_consumption
2026-07-22,kr7knb-parikkalan-valo-oy-kesto-valo-kanta-asiakas-yritys,unclassified,,[],,,,,[],missing_historical_snapshot_identity|spot_assumptions_source_spot_price_hours|spot_assumptions_partial_above_threshold|spot_assumptions_raw_hourly_reconstruction|spot_assumptions_coverage_ratio_0.993836|spot_assumptions_expected_hours_8760|spot_assumptions_actual_hours_8706|observed_relational_uniform_monthly_consumption
2026-07-22,kugucp-porvoon-energia-oy-ilmastoviisas-36-kk-co2-paastottomasti-tuotettu-yrityksille,unclassified,,[],,,,,[],missing_historical_snapshot_identity|spot_assumptions_source_spot_price_hours|spot_assumptions_partial_above_threshold|spot_assumptions_raw_hourly_reconstruction|spot_assumptions_coverage_ratio_0.993836|spot_assumptions_expected_hours_8760|spot_assumptions_actual_hours_8706|observed_relational_uniform_monthly_consumption
2026-07-22,kvwny9-vihrea-alyenergia-oy-vire-tuuli-porssisahko-tarjous-ensimmaiset-12-kk,spot,,[],,,,,[],canonical_omitted_no_covering_source_observation|retrospective_historical_interpretation|historical_evidence_grade_exact_components_first_immutable_text_backcast|historical_episode_id_4924|historical_interpretation_id_4924|historical_interpretation_completed_at_2026-08-07T21:58:00+00:00|historical_household_statistics_scope_assumed|spot_assumptions_source_spot_price_hours|spot_assumptions_partial_above_threshold|spot_assumptions_raw_hourly_reconstruction|spot_assumptions_coverage_ratio_0.993836|spot_assumptions_expected_hours_8760|spot_assumptions_actual_hours_8706|spot_estimate_confidence_higher|spot_forward_curve_with_rolling_365_intraday_shape|partial_shape_coverage|forward_month_from_quarter_contract
2026-07-22,kw0pi8-turku-energia-oy-louna-helppo-xs,open_ended,,[],,,,,[],canonical_omitted_no_covering_source_observation|retrospective_historical_interpretation|historical_evidence_grade_exact_components_first_immutable_text_backcast|historical_episode_id_4926|historical_interpretation_id_4926|historical_interpretation_completed_at_2026-08-07T21:58:45+00:00|historical_household_statistics_scope_assumed|spot_assumptions_source_spot_price_hours|spot_assumptions_partial_above_threshold|spot_assumptions_raw_hourly_reconstruction|spot_assumptions_coverage_ratio_0.993836|spot_assumptions_expected_hours_8760|spot_assumptions_actual_hours_8706
2026-07-22,kwaswq-koillis-satakunnan-sahko-oy-vakaawirta-12-kk,fixed_term_12,,[],,,,,[],canonical_omitted_no_covering_source_observation|retrospective_historical_interpretation|historical_evidence_grade_exact_components_first_immutable_text_backcast|historical_episode_id_4928|historical_interpretation_id_4928|historical_interpretation_completed_at_2026-08-07T21:59:41+00:00|historical_household_statistics_scope_assumed|spot_assumptions_source_spot_price_hours|spot_assumptions_partial_above_threshold|spot_assumptions_raw_hourly_reconstruction|spot_assumptions_coverage_ratio_0.993836|spot_assumptions_expected_hours_8760|spot_assumptions_actual_hours_8706
2026-07-22,ky5nx5-koillis-satakunnan-sahko-oy-joustowirta-12-kk,hybrid,,[],,,,,[],canonical_omitted_no_covering_source_observation|retrospective_historical_interpretation|historical_evidence_grade_exact_components_first_immutable_text_backcast|historical_episode_id_4936|historical_interpretation_id_4936|historical_interpretation_completed_at_2026-08-07T22:04:06+00:00|historical_household_statistics_scope_assumed|spot_assumptions_source_spot_price_hours|spot_assumptions_partial_above_threshold|spot_assumptions_raw_hourly_reconstruction|spot_assumptions_coverage_ratio_0.993836|spot_assumptions_expected_hours_8760|spot_assumptions_actual_hours_8706|excludes_consumption_effect
2026-07-22,kyl2gv-vattenfall-oy-yrityksen-optimi-porssisahko,unclassified,,[],,,,,[],missing_historical_snapshot_identity|spot_assumptions_source_spot_price_hours|spot_assumptions_partial_above_threshold|spot_assumptions_raw_hourly_reconstruction|spot_assumptions_coverage_ratio_0.993836|spot_assumptions_expected_hours_8760|spot_assumptions_actual_hours_8706|observed_relational_uniform_monthly_consumption
2026-07-22,kz9acg-cheap-energy-finland-oy-cheap-porssisahko-kampanja-perusmaksualennus-6-kk-490-kk-ja-marginaalialennus-6kk-039-sntkwh,spot,,[],,,,,[],canonical_omitted_no_covering_source_observation|retrospective_historical_interpretation|historical_evidence_grade_exact_components_first_immutable_text_backcast|historical_episode_id_4944|historical_interpretation_id_4944|historical_interpretation_completed_at_2026-08-07T22:10:26+00:00|historical_household_statistics_scope_assumed|spot_assumptions_source_spot_price_hours|spot_assumptions_partial_above_threshold|spot_assumptions_raw_hourly_reconstruction|spot_assumptions_coverage_ratio_0.993836|spot_assumptions_expected_hours_8760|spot_assumptions_actual_hours_8706|spot_estimate_confidence_higher|spot_forward_curve_with_rolling_365_intraday_shape|partial_shape_coverage|forward_month_from_quarter_contract
2026-07-22,l3otzv-oomi-oy-toimitusvelvollinen-spot-yrityksille,unclassified,,[],,,,,[],missing_historical_snapshot_identity|spot_assumptions_source_spot_price_hours|spot_assumptions_partial_above_threshold|spot_assumptions_raw_hourly_reconstruction|spot_assumptions_coverage_ratio_0.993836|spot_assumptions_expected_hours_8760|spot_assumptions_actual_hours_8706|observed_relational_uniform_monthly_consumption
2026-07-22,lazesb-keuruun-sahko-oy-kausisahko,open_ended,,[],,,,,[],canonical_omitted_no_covering_source_observation|retrospective_historical_interpretation|historical_evidence_grade_exact_components_first_immutable_text_backcast|historical_episode_id_4972|historical_interpretation_id_4972|historical_interpretation_completed_at_2026-08-07T22:22:18+00:00|historical_household_statistics_scope_assumed|spot_assumptions_source_spot_price_hours|spot_assumptions_partial_above_threshold|spot_assumptions_raw_hourly_reconstruction|spot_assumptions_coverage_ratio_0.993836|spot_assumptions_expected_hours_8760|spot_assumptions_actual_hours_8706|supplier_adjusted_tail_uses_comparable_forward_premium|supplier_adjusted_monthly_fee_held_flat|price_episode_observed_proxy|price_episode_left_censored|historical_exact_contract_only|price_episode_uses_dedicated_historical_interpretation|calendar_gap_within_observed_price_episode|missing_own_reference_using_comparable_premium|lower_confidence_energy_episode_proxy
2026-07-22,lecan2-hehku-energia-oy-hehku-kiintea-6-kk,fixed_term_6,,[],,,,,[],canonical_omitted_no_covering_source_observation|retrospective_historical_interpretation|historical_evidence_grade_exact_components_first_immutable_text_backcast|historical_episode_id_4984|historical_interpretation_id_4984|historical_interpretation_completed_at_2026-08-07T22:29:44+00:00|historical_household_statistics_scope_assumed|spot_assumptions_source_spot_price_hours|spot_assumptions_partial_above_threshold|spot_assumptions_raw_hourly_reconstruction|spot_assumptions_coverage_ratio_0.993836|spot_assumptions_expected_hours_8760|spot_assumptions_actual_hours_8706|term_price_annualized
2026-07-22,lhlgjg-helen-oy-helpposahko-l,open_ended,,[],,,,,[],canonical_omitted_no_covering_source_observation|historical_canonical_omitted_interpretation_status_failed|spot_assumptions_source_spot_price_hours|spot_assumptions_partial_above_threshold|spot_assumptions_raw_hourly_reconstruction|spot_assumptions_coverage_ratio_0.993836|spot_assumptions_expected_hours_8760|spot_assumptions_actual_hours_8706|observed_relational_uniform_monthly_consumption|relational_open_ended_no_proven_historical_adjustment_mechanism
2026-07-22,liesmk-alajarven-sahko-oy-aikasahko-yrityksille,unclassified,,[],,,,,[],missing_historical_snapshot_identity|spot_assumptions_source_spot_price_hours|spot_assumptions_partial_above_threshold|spot_assumptions_raw_hourly_reconstruction|spot_assumptions_coverage_ratio_0.993836|spot_assumptions_expected_hours_8760|spot_assumptions_actual_hours_8706|observed_relational_uniform_monthly_consumption
2026-07-22,llpuxr-alajarven-sahko-oy-yleissahko-24-kk,fixed_term_24,,[],,,,,[],canonical_omitted_no_covering_source_observation|retrospective_historical_interpretation|historical_evidence_grade_exact_components_last_observed_text_backcast|historical_episode_id_5005|historical_interpretation_id_5005|historical_interpretation_completed_at_2026-08-07T22:38:04+00:00|historical_household_statistics_scope_assumed|spot_assumptions_source_spot_price_hours|spot_assumptions_partial_above_threshold|spot_assumptions_raw_hourly_reconstruction|spot_assumptions_coverage_ratio_0.993836|spot_assumptions_expected_hours_8760|spot_assumptions_actual_hours_8706
2026-07-22,lmfnl2-koillis-satakunnan-sahko-oy-ikiwirta-12-kk-aika,fixed_term_12,,[],,,,,[],canonical_omitted_no_covering_source_observation|retrospective_historical_interpretation|historical_evidence_grade_exact_components_first_immutable_text_backcast|historical_episode_id_5008|historical_interpretation_id_5008|historical_interpretation_completed_at_2026-08-07T22:38:47+00:00|historical_household_statistics_scope_assumed|spot_assumptions_source_spot_price_hours|spot_assumptions_partial_above_threshold|spot_assumptions_raw_hourly_reconstruction|spot_assumptions_coverage_ratio_0.993836|spot_assumptions_expected_hours_8760|spot_assumptions_actual_hours_8706|held_current_price_forward|unknown_periods_use_latest_applicable_price_or_disclosed_normal
2026-07-22,lmwa7h-aanekosken-energia-oy-yleissahko-24-kk,unclassified,,[],,,,,[],missing_historical_snapshot_identity|spot_assumptions_source_spot_price_hours|spot_assumptions_partial_above_threshold|spot_assumptions_raw_hourly_reconstruction|spot_assumptions_coverage_ratio_0.993836|spot_assumptions_expected_hours_8760|spot_assumptions_actual_hours_8706|observed_relational_uniform_monthly_consumption
2026-07-22,lnsjt3-aanekosken-energia-oy-aikasahko,unclassified,,[],,,,,[],missing_historical_snapshot_identity|spot_assumptions_source_spot_price_hours|spot_assumptions_partial_above_threshold|spot_assumptions_raw_hourly_reconstruction|spot_assumptions_coverage_ratio_0.993836|spot_assumptions_expected_hours_8760|spot_assumptions_actual_hours_8706|observed_relational_uniform_monthly_consumption
2026-07-22,lx0qtw-aanekosken-energia-oy-maalaisjarkisahko-kausisahko-6-kk-paastoton,fixed_term_6,,[],,,,,[],canonical_omitted_no_covering_source_observation|retrospective_historical_interpretation|historical_evidence_grade_exact_components_first_immutable_text_backcast|historical_episode_id_5031|historical_interpretation_id_5031|historical_interpretation_completed_at_2026-08-07T22:47:49+00:00|historical_household_statistics_scope_assumed|spot_assumptions_source_spot_price_hours|spot_assumptions_partial_above_threshold|spot_assumptions_raw_hourly_reconstruction|spot_assumptions_coverage_ratio_0.993836|spot_assumptions_expected_hours_8760|spot_assumptions_actual_hours_8706|term_price_annualized
2026-07-22,lzexuk-parikkalan-valo-oy-kesto-valo-kanta-asiakas-yritys,unclassified,,[],,,,,[],missing_historical_snapshot_identity|spot_assumptions_source_spot_price_hours|spot_assumptions_partial_above_threshold|spot_assumptions_raw_hourly_reconstruction|spot_assumptions_coverage_ratio_0.993836|spot_assumptions_expected_hours_8760|spot_assumptions_actual_hours_8706|observed_relational_uniform_monthly_consumption
2026-07-22,lzyqzg-turku-energia-oy-louna-porssi,spot,,[],,,,,[],canonical_omitted_no_covering_source_observation|retrospective_historical_interpretation|historical_evidence_grade_exact_components_first_immutable_text_backcast|historical_episode_id_5048|historical_interpretation_id_5048|historical_interpretation_completed_at_2026-08-07T22:53:09+00:00|historical_household_statistics_scope_assumed|spot_assumptions_source_spot_price_hours|spot_assumptions_partial_above_threshold|spot_assumptions_raw_hourly_reconstruction|spot_assumptions_coverage_ratio_0.993836|spot_assumptions_expected_hours_8760|spot_assumptions_actual_hours_8706|spot_estimate_confidence_higher|spot_forward_curve_with_rolling_365_intraday_shape|partial_shape_coverage|forward_month_from_quarter_contract
2026-07-22,m0ool9-seinajoen-energia-oy-se-oikea-yleissahko,unclassified,,[],,,,,[],missing_historical_snapshot_identity|spot_assumptions_source_spot_price_hours|spot_assumptions_partial_above_threshold|spot_assumptions_raw_hourly_reconstruction|spot_assumptions_coverage_ratio_0.993836|spot_assumptions_expected_hours_8760|spot_assumptions_actual_hours_8706|observed_relational_uniform_monthly_consumption
2026-07-22,m7iihr-lumme-energia-joustosahko-12-kk-vaikuta-itse-sahkosi-hintaan,hybrid,,[],,,,,[],canonical_omitted_no_covering_source_observation|retrospective_historical_interpretation|historical_evidence_grade_exact_components_first_immutable_text_backcast|historical_episode_id_5058|historical_interpretation_id_5058|historical_interpretation_completed_at_2026-08-07T22:58:24+00:00|historical_household_statistics_scope_assumed|spot_assumptions_source_spot_price_hours|spot_assumptions_partial_above_threshold|spot_assumptions_raw_hourly_reconstruction|spot_assumptions_coverage_ratio_0.993836|spot_assumptions_expected_hours_8760|spot_assumptions_actual_hours_8706|excludes_consumption_effect
2026-07-22,mchasn-vaasan-sahko-myynti-oy-tuulisahko-yosahko,quarterly,,[],,,,,[],canonical_omitted_no_covering_source_observation|retrospective_historical_interpretation|historical_evidence_grade_exact_components_first_immutable_text_backcast|historical_episode_id_5069|historical_interpretation_id_5069|historical_interpretation_completed_at_2026-08-07T23:03:36+00:00|historical_household_statistics_scope_assumed|spot_assumptions_source_spot_price_hours|spot_assumptions_partial_above_threshold|spot_assumptions_raw_hourly_reconstruction|spot_assumptions_coverage_ratio_0.993836|spot_assumptions_expected_hours_8760|spot_assumptions_actual_hours_8706|reset_tail_shifted_on_forward_curve|forward_month_from_quarter_contract
2026-07-22,mdf8fw-keravan-energia-oy-fiksusahko-luonnonvoima,spot,,[],,,,,[],canonical_omitted_no_covering_source_observation|retrospective_historical_interpretation|historical_evidence_grade_exact_components_first_immutable_text_backcast|historical_episode_id_5075|historical_interpretation_id_5075|historical_interpretation_completed_at_2026-08-07T23:05:29+00:00|historical_household_statistics_scope_assumed|spot_assumptions_source_spot_price_hours|spot_assumptions_partial_above_threshold|spot_assumptions_raw_hourly_reconstruction|spot_assumptions_coverage_ratio_0.993836|spot_assumptions_expected_hours_8760|spot_assumptions_actual_hours_8706|spot_estimate_confidence_higher|spot_forward_curve_with_rolling_365_intraday_shape|partial_shape_coverage|forward_month_from_quarter_contract
2026-07-22,mfxy4n-helen-oy-markkinahintasahko,open_ended,,[],,,,,[],canonical_omitted_no_covering_source_observation|retrospective_historical_interpretation|historical_evidence_grade_exact_components_first_immutable_text_backcast|historical_episode_id_5081|historical_interpretation_id_5081|historical_interpretation_completed_at_2026-08-07T23:07:20+00:00|historical_household_statistics_scope_assumed|spot_assumptions_source_spot_price_hours|spot_assumptions_partial_above_threshold|spot_assumptions_raw_hourly_reconstruction|spot_assumptions_coverage_ratio_0.993836|spot_assumptions_expected_hours_8760|spot_assumptions_actual_hours_8706|reset_tail_shifted_on_forward_curve|forward_month_from_quarter_contract
2026-07-22,mkcxd3-oomi-oy-toimitusvelvollinen-spot,spot,,[],,,,,[],canonical_omitted_no_covering_source_observation|retrospective_historical_interpretation|historical_evidence_grade_exact_components_first_immutable_text_backcast|historical_episode_id_5101|historical_interpretation_id_5101|historical_interpretation_completed_at_2026-08-07T23:13:31+00:00|historical_household_statistics_scope_assumed|spot_assumptions_source_spot_price_hours|spot_assumptions_partial_above_threshold|spot_assumptions_raw_hourly_reconstruction|spot_assumptions_coverage_ratio_0.993836|spot_assumptions_expected_hours_8760|spot_assumptions_actual_hours_8706|spot_estimate_confidence_higher|spot_forward_curve_with_rolling_365_intraday_shape|partial_shape_coverage|forward_month_from_quarter_contract
2026-07-22,mozut8-vattenfall-oy-ilmasto-mix-6-kk,fixed_term_6,,[],,,,,[],canonical_omitted_no_covering_source_observation|retrospective_historical_interpretation|historical_evidence_grade_exact_components_first_immutable_text_backcast|historical_episode_id_5112|historical_interpretation_id_5112|historical_interpretation_completed_at_2026-08-07T23:17:31+00:00|historical_household_statistics_scope_assumed|spot_assumptions_source_spot_price_hours|spot_assumptions_partial_above_threshold|spot_assumptions_raw_hourly_reconstruction|spot_assumptions_coverage_ratio_0.993836|spot_assumptions_expected_hours_8760|spot_assumptions_actual_hours_8706|term_price_annualized
2026-07-22,mp4rls-nordic-green-energy-uusiutuva-hybridi-12k,hybrid,,[],,,,,[],canonical_omitted_no_covering_source_observation|retrospective_historical_interpretation|historical_evidence_grade_exact_components_first_immutable_text_backcast|historical_episode_id_5115|historical_interpretation_id_5115|historical_interpretation_completed_at_2026-08-07T23:18:21+00:00|historical_household_statistics_scope_assumed|spot_assumptions_source_spot_price_hours|spot_assumptions_partial_above_threshold|spot_assumptions_raw_hourly_reconstruction|spot_assumptions_coverage_ratio_0.993836|spot_assumptions_expected_hours_8760|spot_assumptions_actual_hours_8706|excludes_consumption_effect
2026-07-22,mtgofz-keravan-energia-oy-joustosahko-12-kk,hybrid,,[],,,,,[],canonical_omitted_no_covering_source_observation|retrospective_historical_interpretation|historical_evidence_grade_exact_components_last_observed_text_backcast|historical_episode_id_5128|historical_interpretation_id_5128|historical_interpretation_completed_at_2026-08-07T23:24:56+00:00|historical_household_statistics_scope_assumed|spot_assumptions_source_spot_price_hours|spot_assumptions_partial_above_threshold|spot_assumptions_raw_hourly_reconstruction|spot_assumptions_coverage_ratio_0.993836|spot_assumptions_expected_hours_8760|spot_assumptions_actual_hours_8706|excludes_consumption_effect
2026-07-22,mxkabq-vaasan-sahko-myynti-oy-porssisahko,spot,,[],,,,,[],canonical_omitted_no_covering_source_observation|retrospective_historical_interpretation|historical_evidence_grade_exact_components_first_immutable_text_backcast|historical_episode_id_5151|historical_interpretation_id_5151|historical_interpretation_completed_at_2026-08-07T23:32:36+00:00|historical_household_statistics_scope_assumed|spot_assumptions_source_spot_price_hours|spot_assumptions_partial_above_threshold|spot_assumptions_raw_hourly_reconstruction|spot_assumptions_coverage_ratio_0.993836|spot_assumptions_expected_hours_8760|spot_assumptions_actual_hours_8706|spot_estimate_confidence_higher|spot_forward_curve_with_rolling_365_intraday_shape|partial_shape_coverage|forward_month_from_quarter_contract
2026-07-22,n2hxzq-vihrea-alyenergia-oy-verraton-porssisahko-tarjous-ensimmaiset-6-kk,spot,,[],,,,,[],canonical_omitted_no_covering_source_observation|retrospective_historical_interpretation|historical_evidence_grade_exact_components_first_immutable_text_backcast|historical_episode_id_5163|historical_interpretation_id_5163|historical_interpretation_completed_at_2026-08-07T23:36:40+00:00|historical_household_statistics_scope_assumed|spot_assumptions_source_spot_price_hours|spot_assumptions_partial_above_threshold|spot_assumptions_raw_hourly_reconstruction|spot_assumptions_coverage_ratio_0.993836|spot_assumptions_expected_hours_8760|spot_assumptions_actual_hours_8706|spot_estimate_confidence_higher|spot_forward_curve_with_rolling_365_intraday_shape|partial_shape_coverage|forward_month_from_quarter_contract
2026-07-22,n2vo1z-aanekosken-energia-oy-porssisahko-tunti,spot,,[],,,,,[],canonical_omitted_no_covering_source_observation|retrospective_historical_interpretation|historical_evidence_grade_exact_components_first_immutable_text_backcast|historical_episode_id_5171|historical_interpretation_id_5171|historical_interpretation_completed_at_2026-08-07T23:38:00+00:00|historical_household_statistics_scope_assumed|spot_assumptions_source_spot_price_hours|spot_assumptions_partial_above_threshold|spot_assumptions_raw_hourly_reconstruction|spot_assumptions_coverage_ratio_0.993836|spot_assumptions_expected_hours_8760|spot_assumptions_actual_hours_8706|spot_estimate_confidence_higher|spot_forward_curve_with_rolling_365_intraday_shape|partial_shape_coverage|forward_month_from_quarter_contract
2026-07-22,n4vf8t-helen-oy-maaraaikainen-vakaasahko-24-kk,unclassified,,[],,,,,[],missing_historical_snapshot_identity|spot_assumptions_source_spot_price_hours|spot_assumptions_partial_above_threshold|spot_assumptions_raw_hourly_reconstruction|spot_assumptions_coverage_ratio_0.993836|spot_assumptions_expected_hours_8760|spot_assumptions_actual_hours_8706|observed_relational_uniform_monthly_consumption
2026-07-22,n5s8xr-alajarven-sahko-oy-yleissahko-12-kk-yrityksille,unclassified,,[],,,,,[],missing_historical_snapshot_identity|spot_assumptions_source_spot_price_hours|spot_assumptions_partial_above_threshold|spot_assumptions_raw_hourly_reconstruction|spot_assumptions_coverage_ratio_0.993836|spot_assumptions_expected_hours_8760|spot_assumptions_actual_hours_8706|observed_relational_uniform_monthly_consumption
2026-07-22,ndjavi-fortum-markets-oy-yritys-duo-24kk-yleissahko,unclassified,,[],,,,,[],missing_historical_snapshot_identity|spot_assumptions_source_spot_price_hours|spot_assumptions_partial_above_threshold|spot_assumptions_raw_hourly_reconstruction|spot_assumptions_coverage_ratio_0.993836|spot_assumptions_expected_hours_8760|spot_assumptions_actual_hours_8706|observed_relational_uniform_monthly_consumption
2026-07-22,nea9qs-vaasan-sahko-myynti-oy-kiintea-vaikuttaja-12-kk,hybrid,,[],,,,,[],canonical_omitted_no_covering_source_observation|historical_canonical_omitted_interpretation_status_failed|spot_assumptions_source_spot_price_hours|spot_assumptions_partial_above_threshold|spot_assumptions_raw_hourly_reconstruction|spot_assumptions_coverage_ratio_0.993836|spot_assumptions_expected_hours_8760|spot_assumptions_actual_hours_8706|observed_relational_uniform_monthly_consumption
2026-07-22,next4d-aalto-energia-oyj-aalto-kuukausihinta,open_ended,,[],,,,,[],canonical_omitted_no_covering_source_observation|retrospective_historical_interpretation|historical_evidence_grade_exact_components_first_immutable_text_backcast|historical_episode_id_5200|historical_interpretation_id_5200|historical_interpretation_completed_at_2026-08-07T23:49:32+00:00|historical_household_statistics_scope_assumed|spot_assumptions_source_spot_price_hours|spot_assumptions_partial_above_threshold|spot_assumptions_raw_hourly_reconstruction|spot_assumptions_coverage_ratio_0.993836|spot_assumptions_expected_hours_8760|spot_assumptions_actual_hours_8706|reset_tail_shifted_on_forward_curve|forward_month_from_quarter_contract
2026-07-22,nfqumt-turku-energia-oy-louna-varma,open_ended,,[],,,,,[],canonical_omitted_no_covering_source_observation|retrospective_historical_interpretation|historical_evidence_grade_exact_components_first_immutable_text_backcast|historical_episode_id_5201|historical_interpretation_id_5201|historical_interpretation_completed_at_2026-08-07T23:49:44+00:00|historical_household_statistics_scope_assumed|spot_assumptions_source_spot_price_hours|spot_assumptions_partial_above_threshold|spot_assumptions_raw_hourly_reconstruction|spot_assumptions_coverage_ratio_0.993836|spot_assumptions_expected_hours_8760|spot_assumptions_actual_hours_8706|reset_tail_shifted_on_forward_curve|forward_month_from_quarter_contract
2026-07-22,nlac9s-seinajoen-energia-oy-se-oikea-yleissahko,open_ended,,[],,,,,[],canonical_omitted_no_covering_source_observation|retrospective_historical_interpretation|historical_evidence_grade_exact_components_first_immutable_text_backcast|historical_episode_id_5223|historical_interpretation_id_5223|historical_interpretation_completed_at_2026-08-07T23:56:36+00:00|historical_household_statistics_scope_assumed|spot_assumptions_source_spot_price_hours|spot_assumptions_partial_above_threshold|spot_assumptions_raw_hourly_reconstruction|spot_assumptions_coverage_ratio_0.993836|spot_assumptions_expected_hours_8760|spot_assumptions_actual_hours_8706|supplier_adjusted_tail_shifted_on_forward_curve|supplier_adjusted_monthly_fee_held_flat|price_episode_observed_proxy|price_episode_left_censored|historical_exact_contract_only|price_episode_uses_dedicated_historical_interpretation|forward_month_from_quarter_contract
2026-07-22,nmamnd-vattenfall-oy-yrityksen-kesto,unclassified,,[],,,,,[],missing_historical_snapshot_identity|spot_assumptions_source_spot_price_hours|spot_assumptions_partial_above_threshold|spot_assumptions_raw_hourly_reconstruction|spot_assumptions_coverage_ratio_0.993836|spot_assumptions_expected_hours_8760|spot_assumptions_actual_hours_8706|observed_relational_uniform_monthly_consumption
2026-07-22,nvllc4-vattenfall-oy-optimi-porssisahko-6-kk-perusmaksu-0,spot,,[],,,,,[],canonical_omitted_no_covering_source_observation|retrospective_historical_interpretation|historical_evidence_grade_exact_components_first_immutable_text_backcast|historical_episode_id_5264|historical_interpretation_id_5264|historical_interpretation_completed_at_2026-08-08T00:17:53+00:00|historical_household_statistics_scope_assumed|spot_assumptions_source_spot_price_hours|spot_assumptions_partial_above_threshold|spot_assumptions_raw_hourly_reconstruction|spot_assumptions_coverage_ratio_0.993836|spot_assumptions_expected_hours_8760|spot_assumptions_actual_hours_8706|historical_consumption_eligibility_unknown_null_mask
2026-07-22,nwp0pg-aanekosken-energia-oy-maalaisjarkisahko-yleissahko-6-kk-paastoton,fixed_term_6,,[],,,,,[],canonical_omitted_no_covering_source_observation|retrospective_historical_interpretation|historical_evidence_grade_exact_components_first_immutable_text_backcast|historical_episode_id_5266|historical_interpretation_id_5266|historical_interpretation_completed_at_2026-08-08T00:19:13+00:00|historical_household_statistics_scope_assumed|spot_assumptions_source_spot_price_hours|spot_assumptions_partial_above_threshold|spot_assumptions_raw_hourly_reconstruction|spot_assumptions_coverage_ratio_0.993836|spot_assumptions_expected_hours_8760|spot_assumptions_actual_hours_8706|term_price_annualized
2026-07-22,nz8qob-koillis-satakunnan-sahko-oy-vakaawirta-12-kk-aika,fixed_term_12,,[],,,,,[],canonical_omitted_no_covering_source_observation|retrospective_historical_interpretation|historical_evidence_grade_exact_components_first_immutable_text_backcast|historical_episode_id_5271|historical_interpretation_id_5271|historical_interpretation_completed_at_2026-08-08T00:21:07+00:00|historical_household_statistics_scope_assumed|spot_assumptions_source_spot_price_hours|spot_assumptions_partial_above_threshold|spot_assumptions_raw_hourly_reconstruction|spot_assumptions_coverage_ratio_0.993836|spot_assumptions_expected_hours_8760|spot_assumptions_actual_hours_8706
2026-07-22,o4v6dj-vaasan-sahko-myynti-oy-kiintea-vaikuttaja-6-kk-yrityksille,unclassified,,[],,,,,[],missing_historical_snapshot_identity|spot_assumptions_source_spot_price_hours|spot_assumptions_partial_above_threshold|spot_assumptions_raw_hourly_reconstruction|spot_assumptions_coverage_ratio_0.993836|spot_assumptions_expected_hours_8760|spot_assumptions_actual_hours_8706|observed_relational_uniform_monthly_consumption
2026-07-22,o6lt9w-vaasan-sahko-myynti-oy-kiintea-vaikuttaja-24-kk,hybrid,,[],,,,,[],canonical_omitted_no_covering_source_observation|retrospective_historical_interpretation|historical_evidence_grade_exact_components_first_immutable_text_backcast|historical_episode_id_5289|historical_interpretation_id_5289|historical_interpretation_completed_at_2026-08-08T00:29:19+00:00|historical_household_statistics_scope_assumed|spot_assumptions_source_spot_price_hours|spot_assumptions_partial_above_threshold|spot_assumptions_raw_hourly_reconstruction|spot_assumptions_coverage_ratio_0.993836|spot_assumptions_expected_hours_8760|spot_assumptions_actual_hours_8706|excludes_consumption_effect
2026-07-22,o8rhp6-aanekosken-energia-oy-porssisahko,spot,,[],,,,,[],canonical_omitted_no_covering_source_observation|retrospective_historical_interpretation|historical_evidence_grade_exact_components_first_immutable_text_backcast|historical_episode_id_5304|historical_interpretation_id_5304|historical_interpretation_completed_at_2026-08-08T00:33:32+00:00|historical_household_statistics_scope_assumed|spot_assumptions_source_spot_price_hours|spot_assumptions_partial_above_threshold|spot_assumptions_raw_hourly_reconstruction|spot_assumptions_coverage_ratio_0.993836|spot_assumptions_expected_hours_8760|spot_assumptions_actual_hours_8706|spot_estimate_confidence_higher|spot_forward_curve_with_rolling_365_intraday_shape|partial_shape_coverage|forward_month_from_quarter_contract
2026-07-22,o9jk8v-helen-oy-maaraaikainen-valkkysahko-24-kk,hybrid,,[],,,,,[],canonical_omitted_no_covering_source_observation|retrospective_historical_interpretation|historical_evidence_grade_exact_components_first_immutable_text_backcast|historical_episode_id_5305|historical_interpretation_id_5305|historical_interpretation_completed_at_2026-08-08T00:33:48+00:00|historical_household_statistics_scope_assumed|spot_assumptions_source_spot_price_hours|spot_assumptions_partial_above_threshold|spot_assumptions_raw_hourly_reconstruction|spot_assumptions_coverage_ratio_0.993836|spot_assumptions_expected_hours_8760|spot_assumptions_actual_hours_8706|excludes_consumption_effect
2026-07-22,o9njxl-herrfors-oy-ab-spot,spot,,[],,,,,[],canonical_omitted_no_covering_source_observation|retrospective_historical_interpretation|historical_evidence_grade_exact_components_first_immutable_text_backcast|historical_episode_id_5306|historical_interpretation_id_5306|historical_interpretation_completed_at_2026-08-08T00:33:59+00:00|historical_household_statistics_scope_assumed|spot_assumptions_source_spot_price_hours|spot_assumptions_partial_above_threshold|spot_assumptions_raw_hourly_reconstruction|spot_assumptions_coverage_ratio_0.993836|spot_assumptions_expected_hours_8760|spot_assumptions_actual_hours_8706|spot_estimate_confidence_higher|spot_forward_curve_with_rolling_365_intraday_shape|partial_shape_coverage|forward_month_from_quarter_contract
2026-07-22,oglcpd-seinajoen-energia-oy-porssisahko,unclassified,,[],,,,,[],missing_historical_snapshot_identity|spot_assumptions_source_spot_price_hours|spot_assumptions_partial_above_threshold|spot_assumptions_raw_hourly_reconstruction|spot_assumptions_coverage_ratio_0.993836|spot_assumptions_expected_hours_8760|spot_assumptions_actual_hours_8706|observed_relational_uniform_monthly_consumption
2026-07-22,okinid-keravan-energia-oy-joustosahko-24-kk,hybrid,,[],,,,,[],canonical_omitted_no_covering_source_observation|retrospective_historical_interpretation|historical_evidence_grade_exact_components_first_immutable_text_backcast|historical_episode_id_5327|historical_interpretation_id_5327|historical_interpretation_completed_at_2026-08-08T00:43:21+00:00|historical_household_statistics_scope_assumed|spot_assumptions_source_spot_price_hours|spot_assumptions_partial_above_threshold|spot_assumptions_raw_hourly_reconstruction|spot_assumptions_coverage_ratio_0.993836|spot_assumptions_expected_hours_8760|spot_assumptions_actual_hours_8706|excludes_consumption_effect
2026-07-22,okmsyk-cheap-energy-finland-oy-cheap-maaraaikainen-6-kk,fixed_term_6,,[],,,,,[],canonical_omitted_no_covering_source_observation|historical_canonical_omitted_interpretation_status_failed|spot_assumptions_source_spot_price_hours|spot_assumptions_partial_above_threshold|spot_assumptions_raw_hourly_reconstruction|spot_assumptions_coverage_ratio_0.993836|spot_assumptions_expected_hours_8760|spot_assumptions_actual_hours_8706|observed_relational_uniform_monthly_consumption
2026-07-22,onnuwd-nurmijarven-sahko-oy-aikasahko,open_ended,,[],,,,,[],canonical_omitted_no_covering_source_observation|retrospective_historical_interpretation|historical_evidence_grade_exact_components_first_immutable_text_backcast|historical_episode_id_5343|historical_interpretation_id_5343|historical_interpretation_completed_at_2026-08-08T00:50:18+00:00|historical_household_statistics_scope_assumed|spot_assumptions_source_spot_price_hours|spot_assumptions_partial_above_threshold|spot_assumptions_raw_hourly_reconstruction|spot_assumptions_coverage_ratio_0.993836|spot_assumptions_expected_hours_8760|spot_assumptions_actual_hours_8706|supplier_adjusted_tail_uses_comparable_forward_premium|supplier_adjusted_monthly_fee_held_flat|price_episode_observed_proxy|price_episode_left_censored|historical_exact_contract_only|price_episode_uses_dedicated_historical_interpretation|calendar_gap_within_observed_price_episode|missing_own_reference_using_comparable_premium|lower_confidence_energy_episode_proxy
2026-07-22,ooqxn6-turku-energia-oy-louna-varma-yritykset,unclassified,,[],,,,,[],missing_historical_snapshot_identity|spot_assumptions_source_spot_price_hours|spot_assumptions_partial_above_threshold|spot_assumptions_raw_hourly_reconstruction|spot_assumptions_coverage_ratio_0.993836|spot_assumptions_expected_hours_8760|spot_assumptions_actual_hours_8706|observed_relational_uniform_monthly_consumption
2026-07-22,oriuhg-porvoon-energia-oy-wind-24-kk-kotimainen-tuulisahko,fixed_term_24,,[],,,,,[],canonical_omitted_no_covering_source_observation|retrospective_historical_interpretation|historical_evidence_grade_exact_components_first_immutable_text_backcast|historical_episode_id_5352|historical_interpretation_id_5352|historical_interpretation_completed_at_2026-08-08T00:53:29+00:00|historical_household_statistics_scope_assumed|spot_assumptions_source_spot_price_hours|spot_assumptions_partial_above_threshold|spot_assumptions_raw_hourly_reconstruction|spot_assumptions_coverage_ratio_0.993836|spot_assumptions_expected_hours_8760|spot_assumptions_actual_hours_8706
2026-07-22,osszso-aalto-energia-oyj-luotsi-porssisahko-tarjous-perusmaksu-099-ensimmaiset-12kk,spot,,[],,,,,[],canonical_omitted_no_covering_source_observation|retrospective_historical_interpretation|historical_evidence_grade_exact_components_first_immutable_text_backcast|historical_episode_id_5357|historical_interpretation_id_5357|historical_interpretation_completed_at_2026-08-08T00:55:07+00:00|historical_household_statistics_scope_assumed|spot_assumptions_source_spot_price_hours|spot_assumptions_partial_above_threshold|spot_assumptions_raw_hourly_reconstruction|spot_assumptions_coverage_ratio_0.993836|spot_assumptions_expected_hours_8760|spot_assumptions_actual_hours_8706|spot_estimate_confidence_higher|spot_forward_curve_with_rolling_365_intraday_shape|partial_shape_coverage|forward_month_from_quarter_contract
2026-07-22,ozjhpb-helen-oy-kayttosahko,open_ended,,[],,,,,[],canonical_omitted_no_covering_source_observation|retrospective_historical_interpretation|historical_evidence_grade_exact_components_first_immutable_text_backcast|historical_episode_id_5376|historical_interpretation_id_5376|historical_interpretation_completed_at_2026-08-08T01:03:39+00:00|historical_household_statistics_scope_assumed|spot_assumptions_source_spot_price_hours|spot_assumptions_partial_above_threshold|spot_assumptions_raw_hourly_reconstruction|spot_assumptions_coverage_ratio_0.993836|spot_assumptions_expected_hours_8760|spot_assumptions_actual_hours_8706|supplier_adjusted_tail_uses_comparable_forward_premium|supplier_adjusted_monthly_fee_held_flat|price_episode_observed_proxy|price_episode_left_censored|historical_exact_contract_only|price_episode_uses_dedicated_historical_interpretation|calendar_gap_within_observed_price_episode|missing_own_reference_using_comparable_premium|lower_confidence_energy_episode_proxy
2026-07-22,p1oviu-aanekosken-energia-oy-porssisahko,unclassified,,[],,,,,[],missing_historical_snapshot_identity|spot_assumptions_source_spot_price_hours|spot_assumptions_partial_above_threshold|spot_assumptions_raw_hourly_reconstruction|spot_assumptions_coverage_ratio_0.993836|spot_assumptions_expected_hours_8760|spot_assumptions_actual_hours_8706|observed_relational_uniform_monthly_consumption
2026-07-22,p8k8ke-kokkolan-energia-oy-surffari-kesakampanja,unclassified,,[],,,,,[],missing_historical_snapshot_identity|spot_assumptions_source_spot_price_hours|spot_assumptions_partial_above_threshold|spot_assumptions_raw_hourly_reconstruction|spot_assumptions_coverage_ratio_0.993836|spot_assumptions_expected_hours_8760|spot_assumptions_actual_hours_8706|observed_relational_uniform_monthly_consumption
2026-07-22,pat0nm-keravan-energia-oy-perussahko-luonnonvoima-12-kk,fixed_term_12,,[],,,,,[],canonical_omitted_no_covering_source_observation|retrospective_historical_interpretation|historical_evidence_grade_exact_components_last_observed_text_backcast|historical_episode_id_5406|historical_interpretation_id_5406|historical_interpretation_completed_at_2026-08-08T01:15:09+00:00|historical_household_statistics_scope_assumed|spot_assumptions_source_spot_price_hours|spot_assumptions_partial_above_threshold|spot_assumptions_raw_hourly_reconstruction|spot_assumptions_coverage_ratio_0.993836|spot_assumptions_expected_hours_8760|spot_assumptions_actual_hours_8706
2026-07-22,pgbqqk-oomi-oy-oomi-aktiivinen,spot,,[],,,,,[],canonical_omitted_no_covering_source_observation|retrospective_historical_interpretation|historical_evidence_grade_exact_components_first_immutable_text_backcast|historical_episode_id_5424|historical_interpretation_id_5424|historical_interpretation_completed_at_2026-08-08T01:21:51+00:00|historical_household_statistics_scope_assumed|spot_assumptions_source_spot_price_hours|spot_assumptions_partial_above_threshold|spot_assumptions_raw_hourly_reconstruction|spot_assumptions_coverage_ratio_0.993836|spot_assumptions_expected_hours_8760|spot_assumptions_actual_hours_8706|spot_estimate_confidence_higher|spot_forward_curve_with_rolling_365_intraday_shape|partial_shape_coverage|forward_month_from_quarter_contract
2026-07-22,plbcxh-kokkolan-energia-oy-vuodenaika,quarterly,,[],,,,,[],canonical_omitted_no_covering_source_observation|retrospective_historical_interpretation|historical_evidence_grade_exact_components_first_immutable_text_backcast|historical_episode_id_5435|historical_interpretation_id_5435|historical_interpretation_completed_at_2026-08-08T01:26:41+00:00|historical_household_statistics_scope_assumed|spot_assumptions_source_spot_price_hours|spot_assumptions_partial_above_threshold|spot_assumptions_raw_hourly_reconstruction|spot_assumptions_coverage_ratio_0.993836|spot_assumptions_expected_hours_8760|spot_assumptions_actual_hours_8706|reset_tail_shifted_on_forward_curve|forward_month_from_quarter_contract
2026-07-22,poj0gf-lammaisten-energia-oy-iisi-kulutusjousto-aikasahko-12-kk,hybrid,,[],,,,,[],canonical_omitted_no_covering_source_observation|retrospective_historical_interpretation|historical_evidence_grade_exact_components_first_immutable_text_backcast|historical_episode_id_5445|historical_interpretation_id_5445|historical_interpretation_completed_at_2026-08-08T01:30:07+00:00|historical_household_statistics_scope_assumed|spot_assumptions_source_spot_price_hours|spot_assumptions_partial_above_threshold|spot_assumptions_raw_hourly_reconstruction|spot_assumptions_coverage_ratio_0.993836|spot_assumptions_expected_hours_8760|spot_assumptions_actual_hours_8706|excludes_consumption_effect
2026-07-22,ppiuwo-herrfors-oy-ab-yleissahko,open_ended,,[],,,,,[],canonical_omitted_no_covering_source_observation|historical_canonical_omitted_interpretation_status_failed|spot_assumptions_source_spot_price_hours|spot_assumptions_partial_above_threshold|spot_assumptions_raw_hourly_reconstruction|spot_assumptions_coverage_ratio_0.993836|spot_assumptions_expected_hours_8760|spot_assumptions_actual_hours_8706|observed_relational_uniform_monthly_consumption|relational_open_ended_no_proven_historical_adjustment_mechanism
2026-07-22,ppjoe9-lammaisten-energia-oy-iisi-helpposahko-aikasahko-12-kk,fixed_term_12,,[],,,,,[],canonical_omitted_no_covering_source_observation|retrospective_historical_interpretation|historical_evidence_grade_exact_components_first_immutable_text_backcast|historical_episode_id_5448|historical_interpretation_id_5448|historical_interpretation_completed_at_2026-08-08T01:31:24+00:00|historical_household_statistics_scope_assumed|spot_assumptions_source_spot_price_hours|spot_assumptions_partial_above_threshold|spot_assumptions_raw_hourly_reconstruction|spot_assumptions_coverage_ratio_0.993836|spot_assumptions_expected_hours_8760|spot_assumptions_actual_hours_8706
2026-07-22,ppwyv2-lammaisten-energia-oy-toimitusvelvollinen-kausisahko,open_ended,,[],,,,,[],canonical_omitted_no_covering_source_observation|retrospective_historical_interpretation|historical_evidence_grade_exact_components_first_immutable_text_backcast|historical_episode_id_5450|historical_interpretation_id_5450|historical_interpretation_completed_at_2026-08-08T01:32:03+00:00|historical_household_statistics_scope_assumed|spot_assumptions_source_spot_price_hours|spot_assumptions_partial_above_threshold|spot_assumptions_raw_hourly_reconstruction|spot_assumptions_coverage_ratio_0.993836|spot_assumptions_expected_hours_8760|spot_assumptions_actual_hours_8706|supplier_adjusted_tail_uses_comparable_forward_premium|supplier_adjusted_monthly_fee_held_flat|price_episode_observed_proxy|price_episode_left_censored|historical_exact_contract_only|price_episode_uses_dedicated_historical_interpretation|calendar_gap_within_observed_price_episode|missing_own_reference_using_comparable_premium|lower_confidence_energy_episode_proxy
2026-07-22,pqfn0s-hehku-energia-oy-hehku-jousto-24-kk-ensimmaiset-3-kk-perusmaksu-0,hybrid,,[],,,,,[],canonical_omitted_no_covering_source_observation|retrospective_historical_interpretation|historical_evidence_grade_exact_components_first_immutable_text_backcast|historical_episode_id_5452|historical_interpretation_id_5452|historical_interpretation_completed_at_2026-08-08T01:33:37+00:00|historical_household_statistics_scope_assumed|spot_assumptions_source_spot_price_hours|spot_assumptions_partial_above_threshold|spot_assumptions_raw_hourly_reconstruction|spot_assumptions_coverage_ratio_0.993836|spot_assumptions_expected_hours_8760|spot_assumptions_actual_hours_8706|excludes_consumption_effect
2026-07-22,psutqh-lammaisten-energia-oy-iisi-helpposahko-yleissahko-12-kk,fixed_term_12,,[],,,,,[],canonical_omitted_no_covering_source_observation|retrospective_historical_interpretation|historical_evidence_grade_exact_components_first_immutable_text_backcast|historical_episode_id_5459|historical_interpretation_id_5459|historical_interpretation_completed_at_2026-08-08T01:36:26+00:00|historical_household_statistics_scope_assumed|spot_assumptions_source_spot_price_hours|spot_assumptions_partial_above_threshold|spot_assumptions_raw_hourly_reconstruction|spot_assumptions_coverage_ratio_0.993836|spot_assumptions_expected_hours_8760|spot_assumptions_actual_hours_8706
2026-07-22,pszotq-nurmijarven-sahko-oy-kausisahko,open_ended,,[],,,,,[],canonical_omitted_no_covering_source_observation|retrospective_historical_interpretation|historical_evidence_grade_exact_components_first_immutable_text_backcast|historical_episode_id_5461|historical_interpretation_id_5461|historical_interpretation_completed_at_2026-08-08T01:36:49+00:00|historical_household_statistics_scope_assumed|spot_assumptions_source_spot_price_hours|spot_assumptions_partial_above_threshold|spot_assumptions_raw_hourly_reconstruction|spot_assumptions_coverage_ratio_0.993836|spot_assumptions_expected_hours_8760|spot_assumptions_actual_hours_8706|supplier_adjusted_tail_uses_comparable_forward_premium|supplier_adjusted_monthly_fee_held_flat|price_episode_observed_proxy|price_episode_left_censored|historical_exact_contract_only|price_episode_uses_dedicated_historical_interpretation|calendar_gap_within_observed_price_episode|missing_own_reference_using_comparable_premium|lower_confidence_energy_episode_proxy
2026-07-22,pvhkra-vaasan-sahko-myynti-oy-kiintea-24-kk-yleissahko,fixed_term_24,,[],,,,,[],canonical_omitted_no_covering_source_observation|retrospective_historical_interpretation|historical_evidence_grade_exact_components_first_immutable_text_backcast|historical_episode_id_5464|historical_interpretation_id_5464|historical_interpretation_completed_at_2026-08-08T01:37:57+00:00|historical_household_statistics_scope_assumed|spot_assumptions_source_spot_price_hours|spot_assumptions_partial_above_threshold|spot_assumptions_raw_hourly_reconstruction|spot_assumptions_coverage_ratio_0.993836|spot_assumptions_expected_hours_8760|spot_assumptions_actual_hours_8706
2026-07-22,pyhgkn-vaasan-sahko-myynti-oy-kuukausipaketti-xs,open_ended,,[],,,,,[],canonical_omitted_no_covering_source_observation|retrospective_historical_interpretation|historical_evidence_grade_exact_components_first_immutable_text_backcast|historical_episode_id_5477|historical_interpretation_id_5477|historical_interpretation_completed_at_2026-08-08T01:42:37+00:00|historical_household_statistics_scope_assumed|spot_assumptions_source_spot_price_hours|spot_assumptions_partial_above_threshold|spot_assumptions_raw_hourly_reconstruction|spot_assumptions_coverage_ratio_0.993836|spot_assumptions_expected_hours_8760|spot_assumptions_actual_hours_8706
2026-07-22,q2gfjf-vattenfall-oy-optimi-porssisahko-perusmaksut-50-ensimmaiset-12-kuukautta,spot,,[],,,,,[],canonical_omitted_no_covering_source_observation|retrospective_historical_interpretation|historical_evidence_grade_exact_components_first_immutable_text_backcast|historical_episode_id_5493|historical_interpretation_id_5493|historical_interpretation_completed_at_2026-08-08T01:51:11+00:00|historical_household_statistics_scope_assumed|spot_assumptions_source_spot_price_hours|spot_assumptions_partial_above_threshold|spot_assumptions_raw_hourly_reconstruction|spot_assumptions_coverage_ratio_0.993836|spot_assumptions_expected_hours_8760|spot_assumptions_actual_hours_8706|spot_estimate_confidence_higher|spot_forward_curve_with_rolling_365_intraday_shape|partial_shape_coverage|forward_month_from_quarter_contract
2026-07-22,qezbfw-vattenfall-oy-taysvesi-12-kk,fixed_term_12,,[],,,,,[],canonical_omitted_no_covering_source_observation|retrospective_historical_interpretation|historical_evidence_grade_exact_components_first_immutable_text_backcast|historical_episode_id_5507|historical_interpretation_id_5507|historical_interpretation_completed_at_2026-08-08T01:56:39+00:00|historical_household_statistics_scope_assumed|spot_assumptions_source_spot_price_hours|spot_assumptions_partial_above_threshold|spot_assumptions_raw_hourly_reconstruction|spot_assumptions_coverage_ratio_0.993836|spot_assumptions_expected_hours_8760|spot_assumptions_actual_hours_8706|held_current_price_forward|unknown_periods_use_latest_applicable_price_or_disclosed_normal
2026-07-22,qftxhb-oomi-oy-toimitusvelvollinen-sahko,open_ended,,[],,,,,[],canonical_omitted_no_covering_source_observation|retrospective_historical_interpretation|historical_evidence_grade_exact_components_first_immutable_text_backcast|historical_episode_id_5513|historical_interpretation_id_5513|historical_interpretation_completed_at_2026-08-08T01:58:21+00:00|historical_household_statistics_scope_assumed|spot_assumptions_source_spot_price_hours|spot_assumptions_partial_above_threshold|spot_assumptions_raw_hourly_reconstruction|spot_assumptions_coverage_ratio_0.993836|spot_assumptions_expected_hours_8760|spot_assumptions_actual_hours_8706|supplier_adjusted_tail_uses_comparable_forward_premium|supplier_adjusted_monthly_fee_held_flat|price_episode_observed_proxy|price_episode_left_censored|historical_exact_contract_only|price_episode_uses_dedicated_historical_interpretation|calendar_gap_within_observed_price_episode|missing_own_reference_using_comparable_premium|lower_confidence_energy_episode_proxy
2026-07-22,qgpgvd-herrfors-oy-ab-vakaa,open_ended,,[],,,,,[],canonical_omitted_no_covering_source_observation|retrospective_historical_interpretation|historical_evidence_grade_exact_components_first_immutable_text_backcast|historical_episode_id_5516|historical_interpretation_id_5516|historical_interpretation_completed_at_2026-08-08T01:59:03+00:00|historical_household_statistics_scope_assumed|spot_assumptions_source_spot_price_hours|spot_assumptions_partial_above_threshold|spot_assumptions_raw_hourly_reconstruction|spot_assumptions_coverage_ratio_0.993836|spot_assumptions_expected_hours_8760|spot_assumptions_actual_hours_8706|supplier_adjusted_tail_shifted_on_forward_curve|supplier_adjusted_monthly_fee_held_flat|price_episode_observed_proxy|price_episode_left_censored|historical_exact_contract_only|price_episode_uses_dedicated_historical_interpretation|forward_month_from_quarter_contract
2026-07-22,qhuqso-alajarven-sahko-oy-yleissahko-24-kk-yrityksille,unclassified,,[],,,,,[],missing_historical_snapshot_identity|spot_assumptions_source_spot_price_hours|spot_assumptions_partial_above_threshold|spot_assumptions_raw_hourly_reconstruction|spot_assumptions_coverage_ratio_0.993836|spot_assumptions_expected_hours_8760|spot_assumptions_actual_hours_8706|observed_relational_uniform_monthly_consumption
2026-07-22,qpc4c9-vihrea-alyenergia-oy-hintalukko-porssisahko-kiinnitysmahdollisuus,spot,,[],,,,,[],canonical_omitted_no_covering_source_observation|retrospective_historical_interpretation|historical_evidence_grade_exact_components_first_immutable_text_backcast|historical_episode_id_5543|historical_interpretation_id_5543|historical_interpretation_completed_at_2026-08-08T02:08:45+00:00|historical_household_statistics_scope_assumed|spot_assumptions_source_spot_price_hours|spot_assumptions_partial_above_threshold|spot_assumptions_raw_hourly_reconstruction|spot_assumptions_coverage_ratio_0.993836|spot_assumptions_expected_hours_8760|spot_assumptions_actual_hours_8706|spot_estimate_confidence_higher|spot_forward_curve_with_rolling_365_intraday_shape|partial_shape_coverage|forward_month_from_quarter_contract
2026-07-22,qpebkd-lammaisten-energia-oy-iisi-helpposahko-kausisahko-12-kk,fixed_term_12,,[],,,,,[],canonical_omitted_no_covering_source_observation|retrospective_historical_interpretation|historical_evidence_grade_exact_components_first_immutable_text_backcast|historical_episode_id_5544|historical_interpretation_id_5544|historical_interpretation_completed_at_2026-08-08T02:09:00+00:00|historical_household_statistics_scope_assumed|spot_assumptions_source_spot_price_hours|spot_assumptions_partial_above_threshold|spot_assumptions_raw_hourly_reconstruction|spot_assumptions_coverage_ratio_0.993836|spot_assumptions_expected_hours_8760|spot_assumptions_actual_hours_8706
2026-07-22,qseg85-vaasan-sahko-myynti-oy-kiintea-6-kk-yleissahko,fixed_term_6,,[],,,,,[],canonical_omitted_no_covering_source_observation|retrospective_historical_interpretation|historical_evidence_grade_exact_components_first_immutable_text_backcast|historical_episode_id_5555|historical_interpretation_id_5555|historical_interpretation_completed_at_2026-08-08T02:12:27+00:00|historical_household_statistics_scope_assumed|spot_assumptions_source_spot_price_hours|spot_assumptions_partial_above_threshold|spot_assumptions_raw_hourly_reconstruction|spot_assumptions_coverage_ratio_0.993836|spot_assumptions_expected_hours_8760|spot_assumptions_actual_hours_8706|term_price_annualized
2026-07-22,quvnfq-fortum-markets-oy-fortum-kesto-aikasahko,open_ended,,[],,,,,[],canonical_omitted_no_covering_source_observation|retrospective_historical_interpretation|historical_evidence_grade_exact_components_first_immutable_text_backcast|historical_episode_id_5559|historical_interpretation_id_5559|historical_interpretation_completed_at_2026-08-08T02:13:47+00:00|historical_household_statistics_scope_assumed|spot_assumptions_source_spot_price_hours|spot_assumptions_partial_above_threshold|spot_assumptions_raw_hourly_reconstruction|spot_assumptions_coverage_ratio_0.993836|spot_assumptions_expected_hours_8760|spot_assumptions_actual_hours_8706|reset_tail_shifted_on_forward_curve|forward_month_from_quarter_contract
2026-07-22,qvcwi1-aanekosken-energia-oy-kausisahko-12-kk,unclassified,,[],,,,,[],missing_historical_snapshot_identity|spot_assumptions_source_spot_price_hours|spot_assumptions_partial_above_threshold|spot_assumptions_raw_hourly_reconstruction|spot_assumptions_coverage_ratio_0.993836|spot_assumptions_expected_hours_8760|spot_assumptions_actual_hours_8706|observed_relational_uniform_monthly_consumption
2026-07-22,qvnrc1-aanekosken-energia-oy-yleissahko,open_ended,,[],,,,,[],canonical_omitted_no_covering_source_observation|retrospective_historical_interpretation|historical_evidence_grade_exact_components_first_immutable_text_backcast|historical_episode_id_5562|historical_interpretation_id_5562|historical_interpretation_completed_at_2026-08-08T02:14:33+00:00|historical_household_statistics_scope_assumed|spot_assumptions_source_spot_price_hours|spot_assumptions_partial_above_threshold|spot_assumptions_raw_hourly_reconstruction|spot_assumptions_coverage_ratio_0.993836|spot_assumptions_expected_hours_8760|spot_assumptions_actual_hours_8706|supplier_adjusted_tail_uses_comparable_forward_premium|supplier_adjusted_monthly_fee_held_flat|price_episode_observed_proxy|price_episode_left_censored|historical_exact_contract_only|price_episode_uses_dedicated_historical_interpretation|calendar_gap_within_observed_price_episode|missing_own_reference_using_comparable_premium|lower_confidence_energy_episode_proxy
2026-07-22,qweosn-paneliankosken-voima-oy-kosken-markkinawoima,spot,,[],,,,,[],canonical_omitted_no_covering_source_observation|retrospective_historical_interpretation|historical_evidence_grade_exact_components_first_immutable_text_backcast|historical_episode_id_5575|historical_interpretation_id_5575|historical_interpretation_completed_at_2026-08-08T02:17:44+00:00|historical_household_statistics_scope_assumed|spot_assumptions_source_spot_price_hours|spot_assumptions_partial_above_threshold|spot_assumptions_raw_hourly_reconstruction|spot_assumptions_coverage_ratio_0.993836|spot_assumptions_expected_hours_8760|spot_assumptions_actual_hours_8706|spot_estimate_confidence_higher|spot_forward_curve_with_rolling_365_intraday_shape|partial_shape_coverage|forward_month_from_quarter_contract
2026-07-22,qwmpo0-porvoon-energia-oy-ilmastoviisas-24-kk-co2-paastottomasti-tuotettu,fixed_term_24,,[],,,,,[],canonical_omitted_no_covering_source_observation|retrospective_historical_interpretation|historical_evidence_grade_exact_components_first_immutable_text_backcast|historical_episode_id_5576|historical_interpretation_id_5576|historical_interpretation_completed_at_2026-08-08T02:19:05+00:00|historical_household_statistics_scope_assumed|spot_assumptions_source_spot_price_hours|spot_assumptions_partial_above_threshold|spot_assumptions_raw_hourly_reconstruction|spot_assumptions_coverage_ratio_0.993836|spot_assumptions_expected_hours_8760|spot_assumptions_actual_hours_8706
2026-07-22,rc3xem-aanekosken-energia-oy-maalaisjarkisahko-yleissahko-12-kk-paastoton,fixed_term_12,,[],,,,,[],canonical_omitted_no_covering_source_observation|retrospective_historical_interpretation|historical_evidence_grade_exact_components_first_immutable_text_backcast|historical_episode_id_5602|historical_interpretation_id_5602|historical_interpretation_completed_at_2026-08-08T02:27:30+00:00|historical_household_statistics_scope_assumed|spot_assumptions_source_spot_price_hours|spot_assumptions_partial_above_threshold|spot_assumptions_raw_hourly_reconstruction|spot_assumptions_coverage_ratio_0.993836|spot_assumptions_expected_hours_8760|spot_assumptions_actual_hours_8706|held_current_price_forward|unknown_periods_use_latest_applicable_price_or_disclosed_normal
2026-07-22,rcmpqn-keravan-energia-oy-perussahko-yleis-12-kk,fixed_term_12,,[],,,,,[],canonical_omitted_no_covering_source_observation|retrospective_historical_interpretation|historical_evidence_grade_exact_components_last_observed_text_backcast|historical_episode_id_5605|historical_interpretation_id_5605|historical_interpretation_completed_at_2026-08-08T02:28:35+00:00|historical_household_statistics_scope_assumed|spot_assumptions_source_spot_price_hours|spot_assumptions_partial_above_threshold|spot_assumptions_raw_hourly_reconstruction|spot_assumptions_coverage_ratio_0.993836|spot_assumptions_expected_hours_8760|spot_assumptions_actual_hours_8706
2026-07-22,rebdra-vaasan-sahko-myynti-oy-kiintea-12-kk-yleissahko-yrityksille,unclassified,,[],,,,,[],missing_historical_snapshot_identity|spot_assumptions_source_spot_price_hours|spot_assumptions_partial_above_threshold|spot_assumptions_raw_hourly_reconstruction|spot_assumptions_coverage_ratio_0.993836|spot_assumptions_expected_hours_8760|spot_assumptions_actual_hours_8706|observed_relational_uniform_monthly_consumption
2026-07-22,reyxvv-koylion-sakylan-sahko-oy-lallin-maaris-1v-aikasahko,fixed_term_12,,[],,,,,[],canonical_omitted_no_covering_source_observation|retrospective_historical_interpretation|historical_evidence_grade_exact_components_first_immutable_text_backcast|historical_episode_id_5611|historical_interpretation_id_5611|historical_interpretation_completed_at_2026-08-08T02:30:55+00:00|historical_household_statistics_scope_assumed|spot_assumptions_source_spot_price_hours|spot_assumptions_partial_above_threshold|spot_assumptions_raw_hourly_reconstruction|spot_assumptions_coverage_ratio_0.993836|spot_assumptions_expected_hours_8760|spot_assumptions_actual_hours_8706
2026-07-22,rf4co6-helen-oy-maaraaikainen-vakaasahko-12-kk,unclassified,,[],,,,,[],missing_historical_snapshot_identity|spot_assumptions_source_spot_price_hours|spot_assumptions_partial_above_threshold|spot_assumptions_raw_hourly_reconstruction|spot_assumptions_coverage_ratio_0.993836|spot_assumptions_expected_hours_8760|spot_assumptions_actual_hours_8706|observed_relational_uniform_monthly_consumption
2026-07-22,rfarmu-vimpelin-voima-oy-vuodenaikatariffi,unclassified,,[],,,,,[],missing_historical_snapshot_identity|spot_assumptions_source_spot_price_hours|spot_assumptions_partial_above_threshold|spot_assumptions_raw_hourly_reconstruction|spot_assumptions_coverage_ratio_0.993836|spot_assumptions_expected_hours_8760|spot_assumptions_actual_hours_8706|observed_relational_uniform_monthly_consumption
2026-07-22,rheghs-vihrea-alyenergia-oy-vire-tuuli-kiintea-24kk,fixed_term_24,,[],,,,,[],canonical_omitted_no_covering_source_observation|retrospective_historical_interpretation|historical_evidence_grade_exact_components_last_observed_text_backcast|historical_episode_id_5618|historical_interpretation_id_5618|historical_interpretation_completed_at_2026-08-08T02:32:46+00:00|historical_household_statistics_scope_assumed|spot_assumptions_source_spot_price_hours|spot_assumptions_partial_above_threshold|spot_assumptions_raw_hourly_reconstruction|spot_assumptions_coverage_ratio_0.993836|spot_assumptions_expected_hours_8760|spot_assumptions_actual_hours_8706|held_current_price_forward|unknown_periods_use_latest_applicable_price_or_disclosed_normal
2026-07-22,rk8dba-oomi-oy-oomi-kiintea-12-kk,fixed_term_12,,[],,,,,[],canonical_omitted_no_covering_source_observation|retrospective_historical_interpretation|historical_evidence_grade_exact_components_first_immutable_text_backcast|historical_episode_id_5637|historical_interpretation_id_5637|historical_interpretation_completed_at_2026-08-08T02:39:30+00:00|historical_household_statistics_scope_assumed|spot_assumptions_source_spot_price_hours|spot_assumptions_partial_above_threshold|spot_assumptions_raw_hourly_reconstruction|spot_assumptions_coverage_ratio_0.993836|spot_assumptions_expected_hours_8760|spot_assumptions_actual_hours_8706
2026-07-22,rl6kxz-hehku-energia-oy-hehku-porssi-0-kuukausimaksu-ensimmaiset-3-kk,spot,,[],,,,,[],canonical_omitted_no_covering_source_observation|historical_canonical_omitted_interpretation_status_failed|spot_assumptions_source_spot_price_hours|spot_assumptions_partial_above_threshold|spot_assumptions_raw_hourly_reconstruction|spot_assumptions_coverage_ratio_0.993836|spot_assumptions_expected_hours_8760|spot_assumptions_actual_hours_8706|observed_relational_uniform_monthly_consumption|spot_estimate_confidence_higher|partial_shape_coverage|forward_month_from_quarter_contract
2026-07-22,rlnhww-nurmijarven-sahko-oy-kausisahko-2-vuotta,fixed_term_24,,[],,,,,[],canonical_omitted_no_covering_source_observation|retrospective_historical_interpretation|historical_evidence_grade_exact_components_first_immutable_text_backcast|historical_episode_id_5644|historical_interpretation_id_5644|historical_interpretation_completed_at_2026-08-08T02:42:10+00:00|historical_household_statistics_scope_assumed|spot_assumptions_source_spot_price_hours|spot_assumptions_partial_above_threshold|spot_assumptions_raw_hourly_reconstruction|spot_assumptions_coverage_ratio_0.993836|spot_assumptions_expected_hours_8760|spot_assumptions_actual_hours_8706
2026-07-22,rwzpqh-vattenfall-oy-helppo-porssisahko,spot,,[],,,,,[],canonical_omitted_no_covering_source_observation|retrospective_historical_interpretation|historical_evidence_grade_exact_components_first_immutable_text_backcast|historical_episode_id_5684|historical_interpretation_id_5684|historical_interpretation_completed_at_2026-08-08T03:12:38+00:00|historical_household_statistics_scope_assumed|spot_assumptions_source_spot_price_hours|spot_assumptions_partial_above_threshold|spot_assumptions_raw_hourly_reconstruction|spot_assumptions_coverage_ratio_0.993836|spot_assumptions_expected_hours_8760|spot_assumptions_actual_hours_8706|spot_estimate_confidence_higher|spot_forward_curve_with_rolling_365_intraday_shape|excludes_consumption_effect|partial_shape_coverage|forward_month_from_quarter_contract
2026-07-22,ryficp-pohjois-karjalan-sahko-oy-oiva-plus,open_ended,,[],,,,,[],canonical_omitted_no_covering_source_observation|retrospective_historical_interpretation|historical_evidence_grade_exact_components_first_immutable_text_backcast|historical_episode_id_5689|historical_interpretation_id_5689|historical_interpretation_completed_at_2026-08-08T03:14:15+00:00|historical_household_statistics_scope_assumed|spot_assumptions_source_spot_price_hours|spot_assumptions_partial_above_threshold|spot_assumptions_raw_hourly_reconstruction|spot_assumptions_coverage_ratio_0.993836|spot_assumptions_expected_hours_8760|spot_assumptions_actual_hours_8706|historical_consumption_eligibility_unknown_null_mask
2026-07-22,s0tgg8-lammaisten-energia-oy-iisi-kulutusjousto-yleissahko-12-kk,hybrid,,[],,,,,[],canonical_omitted_no_covering_source_observation|retrospective_historical_interpretation|historical_evidence_grade_exact_components_first_immutable_text_backcast|historical_episode_id_5695|historical_interpretation_id_5695|historical_interpretation_completed_at_2026-08-08T03:15:58+00:00|historical_household_statistics_scope_assumed|spot_assumptions_source_spot_price_hours|spot_assumptions_partial_above_threshold|spot_assumptions_raw_hourly_reconstruction|spot_assumptions_coverage_ratio_0.993836|spot_assumptions_expected_hours_8760|spot_assumptions_actual_hours_8706|excludes_consumption_effect
2026-07-22,sbi80q-porvoon-energia-oy-ilmastoviisas-12-kk-co2-paastottomasti-tuotettu-yrityksille,unclassified,,[],,,,,[],missing_historical_snapshot_identity|spot_assumptions_source_spot_price_hours|spot_assumptions_partial_above_threshold|spot_assumptions_raw_hourly_reconstruction|spot_assumptions_coverage_ratio_0.993836|spot_assumptions_expected_hours_8760|spot_assumptions_actual_hours_8706|observed_relational_uniform_monthly_consumption
2026-07-22,sfes56-pohjois-karjalan-sahko-oy-optimi-takuu-6-kuukautta,fixed_term_6,,[],,,,,[],canonical_omitted_no_covering_source_observation|retrospective_historical_interpretation|historical_evidence_grade_exact_components_first_immutable_text_backcast|historical_episode_id_5743|historical_interpretation_id_5743|historical_interpretation_completed_at_2026-08-08T03:35:59+00:00|historical_household_statistics_scope_assumed|spot_assumptions_source_spot_price_hours|spot_assumptions_partial_above_threshold|spot_assumptions_raw_hourly_reconstruction|spot_assumptions_coverage_ratio_0.993836|spot_assumptions_expected_hours_8760|spot_assumptions_actual_hours_8706|held_current_price_forward|unknown_periods_use_latest_applicable_price_or_disclosed_normal
2026-07-22,shnxdx-helen-oy-porssisahko,spot,,[],,,,,[],canonical_omitted_no_covering_source_observation|retrospective_historical_interpretation|historical_evidence_grade_exact_components_first_immutable_text_backcast|historical_episode_id_5759|historical_interpretation_id_5759|historical_interpretation_completed_at_2026-08-08T03:41:18+00:00|historical_household_statistics_scope_assumed|spot_assumptions_source_spot_price_hours|spot_assumptions_partial_above_threshold|spot_assumptions_raw_hourly_reconstruction|spot_assumptions_coverage_ratio_0.993836|spot_assumptions_expected_hours_8760|spot_assumptions_actual_hours_8706|spot_estimate_confidence_higher|spot_forward_curve_with_rolling_365_intraday_shape|partial_shape_coverage|forward_month_from_quarter_contract
2026-07-22,sjffvt-aanekosken-energia-oy-kausisahko-24-kk,unclassified,,[],,,,,[],missing_historical_snapshot_identity|spot_assumptions_source_spot_price_hours|spot_assumptions_partial_above_threshold|spot_assumptions_raw_hourly_reconstruction|spot_assumptions_coverage_ratio_0.993836|spot_assumptions_expected_hours_8760|spot_assumptions_actual_hours_8706|observed_relational_uniform_monthly_consumption
2026-07-22,skj5fb-vaasan-sahko-myynti-oy-kiintea-6-kk-yosahko,fixed_term_6,,[],,,,,[],canonical_omitted_no_covering_source_observation|retrospective_historical_interpretation|historical_evidence_grade_exact_components_first_immutable_text_backcast|historical_episode_id_5770|historical_interpretation_id_5770|historical_interpretation_completed_at_2026-08-08T03:45:10+00:00|historical_household_statistics_scope_assumed|spot_assumptions_source_spot_price_hours|spot_assumptions_partial_above_threshold|spot_assumptions_raw_hourly_reconstruction|spot_assumptions_coverage_ratio_0.993836|spot_assumptions_expected_hours_8760|spot_assumptions_actual_hours_8706|term_price_annualized
2026-07-22,spl6pm-aanekosken-energia-oy-maalaisjarkisahko-kausisahko-24-kk-paastoton,fixed_term_24,,[],,,,,[],canonical_omitted_no_covering_source_observation|retrospective_historical_interpretation|historical_evidence_grade_exact_components_first_immutable_text_backcast|historical_episode_id_5787|historical_interpretation_id_5787|historical_interpretation_completed_at_2026-08-08T03:51:05+00:00|historical_household_statistics_scope_assumed|spot_assumptions_source_spot_price_hours|spot_assumptions_partial_above_threshold|spot_assumptions_raw_hourly_reconstruction|spot_assumptions_coverage_ratio_0.993836|spot_assumptions_expected_hours_8760|spot_assumptions_actual_hours_8706
2026-07-22,sqbosc-nurmijarven-sahko-oy-porssisahko,spot,,[],,,,,[],canonical_omitted_no_covering_source_observation|retrospective_historical_interpretation|historical_evidence_grade_exact_components_first_immutable_text_backcast|historical_episode_id_5795|historical_interpretation_id_5795|historical_interpretation_completed_at_2026-08-08T03:52:30+00:00|historical_household_statistics_scope_assumed|spot_assumptions_source_spot_price_hours|spot_assumptions_partial_above_threshold|spot_assumptions_raw_hourly_reconstruction|spot_assumptions_coverage_ratio_0.993836|spot_assumptions_expected_hours_8760|spot_assumptions_actual_hours_8706|spot_estimate_confidence_higher|spot_forward_curve_with_rolling_365_intraday_shape|partial_shape_coverage|forward_month_from_quarter_contract
2026-07-22,sqlffg-vaasan-sahko-myynti-oy-perussahko-yosahko-yrityksille,unclassified,,[],,,,,[],missing_historical_snapshot_identity|spot_assumptions_source_spot_price_hours|spot_assumptions_partial_above_threshold|spot_assumptions_raw_hourly_reconstruction|spot_assumptions_coverage_ratio_0.993836|spot_assumptions_expected_hours_8760|spot_assumptions_actual_hours_8706|observed_relational_uniform_monthly_consumption
2026-07-22,sqoo6m-vaasan-sahko-myynti-oy-kiintea-vaikuttaja-12-kk-yrityksille,unclassified,,[],,,,,[],missing_historical_snapshot_identity|spot_assumptions_source_spot_price_hours|spot_assumptions_partial_above_threshold|spot_assumptions_raw_hourly_reconstruction|spot_assumptions_coverage_ratio_0.993836|spot_assumptions_expected_hours_8760|spot_assumptions_actual_hours_8706|observed_relational_uniform_monthly_consumption
2026-07-22,srhu1r-keravan-energia-oy-perussahko-luonnonvoima-24-kk,fixed_term_24,,[],,,,,[],canonical_omitted_no_covering_source_observation|retrospective_historical_interpretation|historical_evidence_grade_exact_components_first_immutable_text_backcast|historical_episode_id_5797|historical_interpretation_id_5797|historical_interpretation_completed_at_2026-08-08T03:53:16+00:00|historical_household_statistics_scope_assumed|spot_assumptions_source_spot_price_hours|spot_assumptions_partial_above_threshold|spot_assumptions_raw_hourly_reconstruction|spot_assumptions_coverage_ratio_0.993836|spot_assumptions_expected_hours_8760|spot_assumptions_actual_hours_8706|held_current_price_forward|unknown_periods_use_latest_applicable_price_or_disclosed_normal
2026-07-22,ssdr1l-hehku-energia-oy-hehku-kiintea-12-kk,unclassified,,[],,,,,[],missing_historical_snapshot_identity|spot_assumptions_source_spot_price_hours|spot_assumptions_partial_above_threshold|spot_assumptions_raw_hourly_reconstruction|spot_assumptions_coverage_ratio_0.993836|spot_assumptions_expected_hours_8760|spot_assumptions_actual_hours_8706|observed_relational_uniform_monthly_consumption
2026-07-22,sxfhwt-imatran-seudun-sahko-oy-voima-24-kk,fixed_term_24,,[],,,,,[],canonical_omitted_no_covering_source_observation|retrospective_historical_interpretation|historical_evidence_grade_exact_components_last_observed_text_backcast|historical_episode_id_5823|historical_interpretation_id_5823|historical_interpretation_completed_at_2026-08-08T04:01:33+00:00|historical_household_statistics_scope_assumed|spot_assumptions_source_spot_price_hours|spot_assumptions_partial_above_threshold|spot_assumptions_raw_hourly_reconstruction|spot_assumptions_coverage_ratio_0.993836|spot_assumptions_expected_hours_8760|spot_assumptions_actual_hours_8706
2026-07-22,t8itox-keravan-energia-oy-joustosahko-luonnonvoima-12-kk,hybrid,,[],,,,,[],canonical_omitted_no_covering_source_observation|retrospective_historical_interpretation|historical_evidence_grade_exact_components_last_observed_text_backcast|historical_episode_id_5836|historical_interpretation_id_5836|historical_interpretation_completed_at_2026-08-08T04:06:50+00:00|historical_household_statistics_scope_assumed|spot_assumptions_source_spot_price_hours|spot_assumptions_partial_above_threshold|spot_assumptions_raw_hourly_reconstruction|spot_assumptions_coverage_ratio_0.993836|spot_assumptions_expected_hours_8760|spot_assumptions_actual_hours_8706|excludes_consumption_effect
2026-07-22,tab5iy-vattenfall-oy-yrityksen-taysvesi-24-kk,unclassified,,[],,,,,[],missing_historical_snapshot_identity|spot_assumptions_source_spot_price_hours|spot_assumptions_partial_above_threshold|spot_assumptions_raw_hourly_reconstruction|spot_assumptions_coverage_ratio_0.993836|spot_assumptions_expected_hours_8760|spot_assumptions_actual_hours_8706|observed_relational_uniform_monthly_consumption
2026-07-22,tbua5f-porvoon-energia-oy-eko-12kk-luonnonsuojeluliiton-sertifioima-ekoenergia,fixed_term_12,,[],,,,,[],canonical_omitted_no_covering_source_observation|retrospective_historical_interpretation|historical_evidence_grade_exact_components_first_immutable_text_backcast|historical_episode_id_5840|historical_interpretation_id_5840|historical_interpretation_completed_at_2026-08-08T04:08:09+00:00|historical_household_statistics_scope_assumed|spot_assumptions_source_spot_price_hours|spot_assumptions_partial_above_threshold|spot_assumptions_raw_hourly_reconstruction|spot_assumptions_coverage_ratio_0.993836|spot_assumptions_expected_hours_8760|spot_assumptions_actual_hours_8706
2026-07-22,tgau0q-oomi-oy-oomi-jousto-12-kk-yrityksille,unclassified,,[],,,,,[],missing_historical_snapshot_identity|spot_assumptions_source_spot_price_hours|spot_assumptions_partial_above_threshold|spot_assumptions_raw_hourly_reconstruction|spot_assumptions_coverage_ratio_0.993836|spot_assumptions_expected_hours_8760|spot_assumptions_actual_hours_8706|observed_relational_uniform_monthly_consumption
2026-07-22,tjuqfo-porvoon-energia-oy-wind-24-kk-kotimainen-tuulisahko,fixed_term_24,,[],,,,,[],canonical_omitted_no_covering_source_observation|retrospective_historical_interpretation|historical_evidence_grade_exact_components_first_immutable_text_backcast|historical_episode_id_5871|historical_interpretation_id_5871|historical_interpretation_completed_at_2026-08-08T04:20:22+00:00|historical_household_statistics_scope_assumed|spot_assumptions_source_spot_price_hours|spot_assumptions_partial_above_threshold|spot_assumptions_raw_hourly_reconstruction|spot_assumptions_coverage_ratio_0.993836|spot_assumptions_expected_hours_8760|spot_assumptions_actual_hours_8706|held_current_price_forward|unknown_periods_use_latest_applicable_price_or_disclosed_normal
2026-07-22,tkqczm-pohjois-karjalan-sahko-oy-optimi-takuu-6-kuukautta,fixed_term_6,,[],,,,,[],canonical_omitted_no_covering_source_observation|retrospective_historical_interpretation|historical_evidence_grade_exact_components_first_immutable_text_backcast|historical_episode_id_5873|historical_interpretation_id_5873|historical_interpretation_completed_at_2026-08-08T04:21:03+00:00|historical_household_statistics_scope_assumed|spot_assumptions_source_spot_price_hours|spot_assumptions_partial_above_threshold|spot_assumptions_raw_hourly_reconstruction|spot_assumptions_coverage_ratio_0.993836|spot_assumptions_expected_hours_8760|spot_assumptions_actual_hours_8706|held_current_price_forward|unknown_periods_use_latest_applicable_price_or_disclosed_normal
2026-07-22,tmou3b-vaasan-sahko-myynti-oy-porssisahko-yritys,unclassified,,[],,,,,[],missing_historical_snapshot_identity|spot_assumptions_source_spot_price_hours|spot_assumptions_partial_above_threshold|spot_assumptions_raw_hourly_reconstruction|spot_assumptions_coverage_ratio_0.993836|spot_assumptions_expected_hours_8760|spot_assumptions_actual_hours_8706|observed_relational_uniform_monthly_consumption
2026-07-22,tniiol-fortum-markets-oy-yritys-varma-36kk-yleissahko,unclassified,,[],,,,,[],missing_historical_snapshot_identity|spot_assumptions_source_spot_price_hours|spot_assumptions_partial_above_threshold|spot_assumptions_raw_hourly_reconstruction|spot_assumptions_coverage_ratio_0.993836|spot_assumptions_expected_hours_8760|spot_assumptions_actual_hours_8706|observed_relational_uniform_monthly_consumption
2026-07-22,tp1vms-koylion-sakylan-sahko-oy-lallin-maaris-2v-kausisahko,fixed_term_24,,[],,,,,[],canonical_omitted_no_covering_source_observation|retrospective_historical_interpretation|historical_evidence_grade_exact_components_first_immutable_text_backcast|historical_episode_id_5889|historical_interpretation_id_5889|historical_interpretation_completed_at_2026-08-08T04:27:40+00:00|historical_household_statistics_scope_assumed|spot_assumptions_source_spot_price_hours|spot_assumptions_partial_above_threshold|spot_assumptions_raw_hourly_reconstruction|spot_assumptions_coverage_ratio_0.993836|spot_assumptions_expected_hours_8760|spot_assumptions_actual_hours_8706|held_current_price_forward|unknown_periods_use_latest_applicable_price_or_disclosed_normal
2026-07-22,ts2ybj-koillis-satakunnan-sahko-oy-vakaawirta-24-kk-kausi,fixed_term_24,,[],,,,,[],canonical_omitted_no_covering_source_observation|retrospective_historical_interpretation|historical_evidence_grade_exact_components_first_immutable_text_backcast|historical_episode_id_5899|historical_interpretation_id_5899|historical_interpretation_completed_at_2026-08-08T04:31:01+00:00|historical_household_statistics_scope_assumed|spot_assumptions_source_spot_price_hours|spot_assumptions_partial_above_threshold|spot_assumptions_raw_hourly_reconstruction|spot_assumptions_coverage_ratio_0.993836|spot_assumptions_expected_hours_8760|spot_assumptions_actual_hours_8706
2026-07-22,ttpvga-vaasan-sahko-myynti-oy-toimitusvelvollinen-porssisahko,spot,,[],,,,,[],canonical_omitted_no_covering_source_observation|retrospective_historical_interpretation|historical_evidence_grade_exact_components_first_immutable_text_backcast|historical_episode_id_5916|historical_interpretation_id_5916|historical_interpretation_completed_at_2026-08-08T04:35:24+00:00|historical_household_statistics_scope_assumed|spot_assumptions_source_spot_price_hours|spot_assumptions_partial_above_threshold|spot_assumptions_raw_hourly_reconstruction|spot_assumptions_coverage_ratio_0.993836|spot_assumptions_expected_hours_8760|spot_assumptions_actual_hours_8706|spot_estimate_confidence_higher|spot_forward_curve_with_rolling_365_intraday_shape|partial_shape_coverage|forward_month_from_quarter_contract
2026-07-22,tzhie3-herrfors-oy-ab-vakaa,hybrid,,[],,,,,[],canonical_omitted_no_covering_source_observation|retrospective_historical_interpretation|historical_evidence_grade_exact_components_first_immutable_text_backcast|historical_episode_id_5926|historical_interpretation_id_5926|historical_interpretation_completed_at_2026-08-08T04:38:38+00:00|historical_household_statistics_scope_assumed|spot_assumptions_source_spot_price_hours|spot_assumptions_partial_above_threshold|spot_assumptions_raw_hourly_reconstruction|spot_assumptions_coverage_ratio_0.993836|spot_assumptions_expected_hours_8760|spot_assumptions_actual_hours_8706|excludes_consumption_effect
2026-07-22,u9cq7l-fortum-markets-oy-yritys-varma-24kk-yleissahko,unclassified,,[],,,,,[],missing_historical_snapshot_identity|spot_assumptions_source_spot_price_hours|spot_assumptions_partial_above_threshold|spot_assumptions_raw_hourly_reconstruction|spot_assumptions_coverage_ratio_0.993836|spot_assumptions_expected_hours_8760|spot_assumptions_actual_hours_8706|observed_relational_uniform_monthly_consumption
2026-07-22,uf9bik-fortum-markets-oy-fortum-duo-24-kk,hybrid,,[],,,,,[],canonical_omitted_no_covering_source_observation|historical_canonical_omitted_interpretation_status_failed|spot_assumptions_source_spot_price_hours|spot_assumptions_partial_above_threshold|spot_assumptions_raw_hourly_reconstruction|spot_assumptions_coverage_ratio_0.993836|spot_assumptions_expected_hours_8760|spot_assumptions_actual_hours_8706|observed_relational_uniform_monthly_consumption
2026-07-22,ufklmo-vaasan-sahko-myynti-oy-perussahko-yleissahko-yrityksille,unclassified,,[],,,,,[],missing_historical_snapshot_identity|spot_assumptions_source_spot_price_hours|spot_assumptions_partial_above_threshold|spot_assumptions_raw_hourly_reconstruction|spot_assumptions_coverage_ratio_0.993836|spot_assumptions_expected_hours_8760|spot_assumptions_actual_hours_8706|observed_relational_uniform_monthly_consumption
2026-07-22,ufstl2-kokkolan-energia-oy-surffari-vihrea,spot,,[],,,,,[],canonical_omitted_no_covering_source_observation|retrospective_historical_interpretation|historical_evidence_grade_exact_components_first_immutable_text_backcast|historical_episode_id_5966|historical_interpretation_id_5966|historical_interpretation_completed_at_2026-08-08T04:52:44+00:00|historical_household_statistics_scope_assumed|spot_assumptions_source_spot_price_hours|spot_assumptions_partial_above_threshold|spot_assumptions_raw_hourly_reconstruction|spot_assumptions_coverage_ratio_0.993836|spot_assumptions_expected_hours_8760|spot_assumptions_actual_hours_8706|spot_estimate_confidence_higher|spot_forward_curve_with_rolling_365_intraday_shape|partial_shape_coverage|forward_month_from_quarter_contract
2026-07-22,uh694r-korpelan-energia-oy-korpela-kesto-kiintea-12-kk,unclassified,,[],,,,,[],missing_historical_snapshot_identity|spot_assumptions_source_spot_price_hours|spot_assumptions_partial_above_threshold|spot_assumptions_raw_hourly_reconstruction|spot_assumptions_coverage_ratio_0.993836|spot_assumptions_expected_hours_8760|spot_assumptions_actual_hours_8706|observed_relational_uniform_monthly_consumption
2026-07-22,uio8ny-iin-energia-oy-ien-spot,spot,,[],,,,,[],canonical_omitted_no_covering_source_observation|retrospective_historical_interpretation|historical_evidence_grade_exact_components_first_immutable_text_backcast|historical_episode_id_5983|historical_interpretation_id_5983|historical_interpretation_completed_at_2026-08-08T04:57:39+00:00|historical_household_statistics_scope_assumed|spot_assumptions_source_spot_price_hours|spot_assumptions_partial_above_threshold|spot_assumptions_raw_hourly_reconstruction|spot_assumptions_coverage_ratio_0.993836|spot_assumptions_expected_hours_8760|spot_assumptions_actual_hours_8706|spot_estimate_confidence_higher|spot_forward_curve_with_rolling_365_intraday_shape|partial_shape_coverage|forward_month_from_quarter_contract
2026-07-22,uobgsl-pohjois-karjalan-sahko-oy-optimi-takuu-24-kuukautta,fixed_term_24,,[],,,,,[],canonical_omitted_no_covering_source_observation|retrospective_historical_interpretation|historical_evidence_grade_exact_components_first_immutable_text_backcast|historical_episode_id_5998|historical_interpretation_id_5998|historical_interpretation_completed_at_2026-08-08T05:03:37+00:00|historical_household_statistics_scope_assumed|spot_assumptions_source_spot_price_hours|spot_assumptions_partial_above_threshold|spot_assumptions_raw_hourly_reconstruction|spot_assumptions_coverage_ratio_0.993836|spot_assumptions_expected_hours_8760|spot_assumptions_actual_hours_8706
2026-07-22,uojuwx-aanekosken-energia-oy-kausisahko-6-kk,unclassified,,[],,,,,[],missing_historical_snapshot_identity|spot_assumptions_source_spot_price_hours|spot_assumptions_partial_above_threshold|spot_assumptions_raw_hourly_reconstruction|spot_assumptions_coverage_ratio_0.993836|spot_assumptions_expected_hours_8760|spot_assumptions_actual_hours_8706|observed_relational_uniform_monthly_consumption
2026-07-22,upeylu-porvoon-energia-oy-ilmastoviisas-24-kk-co2-paastottomasti-tuotettu,fixed_term_24,,[],,,,,[],canonical_omitted_no_covering_source_observation|retrospective_historical_interpretation|historical_evidence_grade_exact_components_first_immutable_text_backcast|historical_episode_id_6001|historical_interpretation_id_6001|historical_interpretation_completed_at_2026-08-08T05:04:42+00:00|historical_household_statistics_scope_assumed|spot_assumptions_source_spot_price_hours|spot_assumptions_partial_above_threshold|spot_assumptions_raw_hourly_reconstruction|spot_assumptions_coverage_ratio_0.993836|spot_assumptions_expected_hours_8760|spot_assumptions_actual_hours_8706|held_current_price_forward|unknown_periods_use_latest_applicable_price_or_disclosed_normal
2026-07-22,urlxpl-koillis-satakunnan-sahko-oy-tuntiwirta,spot,,[],,,,,[],canonical_omitted_no_covering_source_observation|retrospective_historical_interpretation|historical_evidence_grade_exact_components_first_immutable_text_backcast|historical_episode_id_6014|historical_interpretation_id_6014|historical_interpretation_completed_at_2026-08-08T05:07:43+00:00|historical_household_statistics_scope_assumed|spot_assumptions_source_spot_price_hours|spot_assumptions_partial_above_threshold|spot_assumptions_raw_hourly_reconstruction|spot_assumptions_coverage_ratio_0.993836|spot_assumptions_expected_hours_8760|spot_assumptions_actual_hours_8706|spot_estimate_confidence_higher|spot_forward_curve_with_rolling_365_intraday_shape|partial_shape_coverage|forward_month_from_quarter_contract
2026-07-22,urvlbx-fortum-markets-oy-yritys-tarkka-2-v,unclassified,,[],,,,,[],missing_historical_snapshot_identity|spot_assumptions_source_spot_price_hours|spot_assumptions_partial_above_threshold|spot_assumptions_raw_hourly_reconstruction|spot_assumptions_coverage_ratio_0.993836|spot_assumptions_expected_hours_8760|spot_assumptions_actual_hours_8706|observed_relational_uniform_monthly_consumption
2026-07-22,uvaiw9-lammaisten-energia-oy-iisi-kulutusjousto-aikasahko-24-kk,hybrid,,[],,,,,[],canonical_omitted_no_covering_source_observation|retrospective_historical_interpretation|historical_evidence_grade_exact_components_first_immutable_text_backcast|historical_episode_id_6024|historical_interpretation_id_6024|historical_interpretation_completed_at_2026-08-08T05:11:17+00:00|historical_household_statistics_scope_assumed|spot_assumptions_source_spot_price_hours|spot_assumptions_partial_above_threshold|spot_assumptions_raw_hourly_reconstruction|spot_assumptions_coverage_ratio_0.993836|spot_assumptions_expected_hours_8760|spot_assumptions_actual_hours_8706|excludes_consumption_effect
2026-07-22,uvlubb-vaasan-sahko-myynti-oy-tuulisahko-yleissahko-yrityksille,unclassified,,[],,,,,[],missing_historical_snapshot_identity|spot_assumptions_source_spot_price_hours|spot_assumptions_partial_above_threshold|spot_assumptions_raw_hourly_reconstruction|spot_assumptions_coverage_ratio_0.993836|spot_assumptions_expected_hours_8760|spot_assumptions_actual_hours_8706|observed_relational_uniform_monthly_consumption
2026-07-22,uxxof7-nordic-green-energy-ilmasto-hybridi-24kk,hybrid,,[],,,,,[],canonical_omitted_no_covering_source_observation|retrospective_historical_interpretation|historical_evidence_grade_exact_components_first_immutable_text_backcast|historical_episode_id_6030|historical_interpretation_id_6030|historical_interpretation_completed_at_2026-08-08T05:13:22+00:00|historical_household_statistics_scope_assumed|spot_assumptions_source_spot_price_hours|spot_assumptions_partial_above_threshold|spot_assumptions_raw_hourly_reconstruction|spot_assumptions_coverage_ratio_0.993836|spot_assumptions_expected_hours_8760|spot_assumptions_actual_hours_8706|excludes_consumption_effect
2026-07-22,v7juwr-aanekosken-energia-oy-kausisahko,open_ended,,[],,,,,[],canonical_omitted_no_covering_source_observation|retrospective_historical_interpretation|historical_evidence_grade_exact_components_first_immutable_text_backcast|historical_episode_id_6052|historical_interpretation_id_6052|historical_interpretation_completed_at_2026-08-08T05:19:38+00:00|historical_household_statistics_scope_assumed|spot_assumptions_source_spot_price_hours|spot_assumptions_partial_above_threshold|spot_assumptions_raw_hourly_reconstruction|spot_assumptions_coverage_ratio_0.993836|spot_assumptions_expected_hours_8760|spot_assumptions_actual_hours_8706|supplier_adjusted_tail_uses_comparable_forward_premium|supplier_adjusted_monthly_fee_held_flat|price_episode_observed_proxy|price_episode_left_censored|historical_exact_contract_only|price_episode_uses_dedicated_historical_interpretation|calendar_gap_within_observed_price_episode|missing_own_reference_using_comparable_premium|lower_confidence_energy_episode_proxy
2026-07-22,v7syfz-iin-energia-oy-yleissahko,open_ended,,[],,,,,[],canonical_omitted_no_covering_source_observation|retrospective_historical_interpretation|historical_evidence_grade_exact_components_first_immutable_text_backcast|historical_episode_id_6053|historical_interpretation_id_6053|historical_interpretation_completed_at_2026-08-08T05:19:46+00:00|historical_household_statistics_scope_assumed|spot_assumptions_source_spot_price_hours|spot_assumptions_partial_above_threshold|spot_assumptions_raw_hourly_reconstruction|spot_assumptions_coverage_ratio_0.993836|spot_assumptions_expected_hours_8760|spot_assumptions_actual_hours_8706|supplier_adjusted_tail_uses_comparable_forward_premium|supplier_adjusted_monthly_fee_held_flat|price_episode_observed_proxy|price_episode_left_censored|historical_exact_contract_only|price_episode_uses_dedicated_historical_interpretation|missing_own_reference_using_comparable_premium|lower_confidence_energy_episode_proxy
2026-07-22,v7tqpw-porvoon-energia-oy-eko-24-kk-luonnonsuojeluliiton-sertifioima-ekoenergia,fixed_term_24,,[],,,,,[],canonical_omitted_no_covering_source_observation|retrospective_historical_interpretation|historical_evidence_grade_exact_components_first_immutable_text_backcast|historical_episode_id_6054|historical_interpretation_id_6054|historical_interpretation_completed_at_2026-08-08T05:20:01+00:00|historical_household_statistics_scope_assumed|spot_assumptions_source_spot_price_hours|spot_assumptions_partial_above_threshold|spot_assumptions_raw_hourly_reconstruction|spot_assumptions_coverage_ratio_0.993836|spot_assumptions_expected_hours_8760|spot_assumptions_actual_hours_8706|held_current_price_forward|unknown_periods_use_latest_applicable_price_or_disclosed_normal
2026-07-22,v7yxyy-vaasan-sahko-myynti-oy-toimitusvelvollinen-perussahko-yrityksille,unclassified,,[],,,,,[],missing_historical_snapshot_identity|spot_assumptions_source_spot_price_hours|spot_assumptions_partial_above_threshold|spot_assumptions_raw_hourly_reconstruction|spot_assumptions_coverage_ratio_0.993836|spot_assumptions_expected_hours_8760|spot_assumptions_actual_hours_8706|observed_relational_uniform_monthly_consumption
2026-07-22,vdql33-fortum-markets-oy-yritys-tarkka,unclassified,,[],,,,,[],missing_historical_snapshot_identity|spot_assumptions_source_spot_price_hours|spot_assumptions_partial_above_threshold|spot_assumptions_raw_hourly_reconstruction|spot_assumptions_coverage_ratio_0.993836|spot_assumptions_expected_hours_8760|spot_assumptions_actual_hours_8706|observed_relational_uniform_monthly_consumption
2026-07-22,vfbzyt-lammaisten-energia-oy-iisi-kulutusjousto-kausisahko-24-kk,hybrid,,[],,,,,[],canonical_omitted_no_covering_source_observation|retrospective_historical_interpretation|historical_evidence_grade_exact_components_first_immutable_text_backcast|historical_episode_id_6075|historical_interpretation_id_6075|historical_interpretation_completed_at_2026-08-08T05:26:17+00:00|historical_household_statistics_scope_assumed|spot_assumptions_source_spot_price_hours|spot_assumptions_partial_above_threshold|spot_assumptions_raw_hourly_reconstruction|spot_assumptions_coverage_ratio_0.993836|spot_assumptions_expected_hours_8760|spot_assumptions_actual_hours_8706|excludes_consumption_effect
2026-07-22,vgornb-lumme-energia-porssisahko-3-kk-ilman-kk-maksua,spot,,[],,,,,[],canonical_omitted_no_covering_source_observation|retrospective_historical_interpretation|historical_evidence_grade_exact_components_first_immutable_text_backcast|historical_episode_id_6082|historical_interpretation_id_6082|historical_interpretation_completed_at_2026-08-08T05:28:49+00:00|historical_household_statistics_scope_assumed|spot_assumptions_source_spot_price_hours|spot_assumptions_partial_above_threshold|spot_assumptions_raw_hourly_reconstruction|spot_assumptions_coverage_ratio_0.993836|spot_assumptions_expected_hours_8760|spot_assumptions_actual_hours_8706|spot_estimate_confidence_higher|spot_forward_curve_with_rolling_365_intraday_shape|partial_shape_coverage|forward_month_from_quarter_contract
2026-07-22,vizdvz-nurmijarven-sahko-oy-aikasahko-1-vuotta,fixed_term_12,,[],,,,,[],canonical_omitted_no_covering_source_observation|retrospective_historical_interpretation|historical_evidence_grade_exact_components_first_immutable_text_backcast|historical_episode_id_6089|historical_interpretation_id_6089|historical_interpretation_completed_at_2026-08-08T05:30:59+00:00|historical_household_statistics_scope_assumed|spot_assumptions_source_spot_price_hours|spot_assumptions_partial_above_threshold|spot_assumptions_raw_hourly_reconstruction|spot_assumptions_coverage_ratio_0.993836|spot_assumptions_expected_hours_8760|spot_assumptions_actual_hours_8706|held_current_price_forward|unknown_periods_use_latest_applicable_price_or_disclosed_normal
2026-07-22,vmqvel-keravan-energia-oy-perussahko-yleissahko,fixed_term_24,,[],,,,,[],canonical_omitted_no_covering_source_observation|retrospective_historical_interpretation|historical_evidence_grade_exact_components_first_immutable_text_backcast|historical_episode_id_6105|historical_interpretation_id_6105|historical_interpretation_completed_at_2026-08-08T05:35:42+00:00|historical_household_statistics_scope_assumed|spot_assumptions_source_spot_price_hours|spot_assumptions_partial_above_threshold|spot_assumptions_raw_hourly_reconstruction|spot_assumptions_coverage_ratio_0.993836|spot_assumptions_expected_hours_8760|spot_assumptions_actual_hours_8706
2026-07-22,vnbjjz-helen-oy-maaraaikainen-perussahko-12-kk,fixed_term_12,,[],,,,,[],canonical_omitted_no_covering_source_observation|retrospective_historical_interpretation|historical_evidence_grade_exact_components_first_immutable_text_backcast|historical_episode_id_6106|historical_interpretation_id_6106|historical_interpretation_completed_at_2026-08-08T05:35:55+00:00|historical_household_statistics_scope_assumed|spot_assumptions_source_spot_price_hours|spot_assumptions_partial_above_threshold|spot_assumptions_raw_hourly_reconstruction|spot_assumptions_coverage_ratio_0.993836|spot_assumptions_expected_hours_8760|spot_assumptions_actual_hours_8706
2026-07-22,vqgohq-turku-energia-oy-louna-porssi-yritykset,unclassified,,[],,,,,[],missing_historical_snapshot_identity|spot_assumptions_source_spot_price_hours|spot_assumptions_partial_above_threshold|spot_assumptions_raw_hourly_reconstruction|spot_assumptions_coverage_ratio_0.993836|spot_assumptions_expected_hours_8760|spot_assumptions_actual_hours_8706|observed_relational_uniform_monthly_consumption
2026-07-22,vt6gp0-keuruun-sahko-oy-spot-sahko,spot,,[],,,,,[],canonical_omitted_no_covering_source_observation|retrospective_historical_interpretation|historical_evidence_grade_exact_components_first_immutable_text_backcast|historical_episode_id_6135|historical_interpretation_id_6135|historical_interpretation_completed_at_2026-08-08T05:43:54+00:00|historical_household_statistics_scope_assumed|spot_assumptions_source_spot_price_hours|spot_assumptions_partial_above_threshold|spot_assumptions_raw_hourly_reconstruction|spot_assumptions_coverage_ratio_0.993836|spot_assumptions_expected_hours_8760|spot_assumptions_actual_hours_8706|spot_estimate_confidence_higher|spot_forward_curve_with_rolling_365_intraday_shape|partial_shape_coverage|forward_month_from_quarter_contract
2026-07-22,vu1pv5-alajarven-sahko-oy-porssisahko,spot,,[],,,,,[],canonical_omitted_no_covering_source_observation|retrospective_historical_interpretation|historical_evidence_grade_exact_components_first_immutable_text_backcast|historical_episode_id_6147|historical_interpretation_id_6147|historical_interpretation_completed_at_2026-08-08T05:46:26+00:00|historical_household_statistics_scope_assumed|spot_assumptions_source_spot_price_hours|spot_assumptions_partial_above_threshold|spot_assumptions_raw_hourly_reconstruction|spot_assumptions_coverage_ratio_0.993836|spot_assumptions_expected_hours_8760|spot_assumptions_actual_hours_8706|spot_estimate_confidence_higher|spot_forward_curve_with_rolling_365_intraday_shape|partial_shape_coverage|forward_month_from_quarter_contract
2026-07-22,vus6l9-parikkalan-valo-oy-spot-valo-yritys,unclassified,,[],,,,,[],missing_historical_snapshot_identity|spot_assumptions_source_spot_price_hours|spot_assumptions_partial_above_threshold|spot_assumptions_raw_hourly_reconstruction|spot_assumptions_coverage_ratio_0.993836|spot_assumptions_expected_hours_8760|spot_assumptions_actual_hours_8706|observed_relational_uniform_monthly_consumption
2026-07-22,vuxbww-oomi-oy-toimitusvelvollinen-sahko-yrityksille,unclassified,,[],,,,,[],missing_historical_snapshot_identity|spot_assumptions_source_spot_price_hours|spot_assumptions_partial_above_threshold|spot_assumptions_raw_hourly_reconstruction|spot_assumptions_coverage_ratio_0.993836|spot_assumptions_expected_hours_8760|spot_assumptions_actual_hours_8706|observed_relational_uniform_monthly_consumption
2026-07-22,vxmkvv-helen-oy-maaraaikainen-valkkysahko-yritys-24-kk,unclassified,,[],,,,,[],missing_historical_snapshot_identity|spot_assumptions_source_spot_price_hours|spot_assumptions_partial_above_threshold|spot_assumptions_raw_hourly_reconstruction|spot_assumptions_coverage_ratio_0.993836|spot_assumptions_expected_hours_8760|spot_assumptions_actual_hours_8706|observed_relational_uniform_monthly_consumption
2026-07-22,vzbryp-seinajoen-energia-oy-se-oikea-aikasahko,unclassified,,[],,,,,[],missing_historical_snapshot_identity|spot_assumptions_source_spot_price_hours|spot_assumptions_partial_above_threshold|spot_assumptions_raw_hourly_reconstruction|spot_assumptions_coverage_ratio_0.993836|spot_assumptions_expected_hours_8760|spot_assumptions_actual_hours_8706|observed_relational_uniform_monthly_consumption
2026-07-22,waijay-aanekosken-energia-oy-kausisahko,unclassified,,[],,,,,[],missing_historical_snapshot_identity|spot_assumptions_source_spot_price_hours|spot_assumptions_partial_above_threshold|spot_assumptions_raw_hourly_reconstruction|spot_assumptions_coverage_ratio_0.993836|spot_assumptions_expected_hours_8760|spot_assumptions_actual_hours_8706|observed_relational_uniform_monthly_consumption
2026-07-22,wcaya8-vattenfall-oy-yrityksen-taystuuli-12-kk,unclassified,,[],,,,,[],missing_historical_snapshot_identity|spot_assumptions_source_spot_price_hours|spot_assumptions_partial_above_threshold|spot_assumptions_raw_hourly_reconstruction|spot_assumptions_coverage_ratio_0.993836|spot_assumptions_expected_hours_8760|spot_assumptions_actual_hours_8706|observed_relational_uniform_monthly_consumption
2026-07-22,wghlwf-paneliankosken-voima-oy-kosken-vuosiwoima-24-kk,fixed_term_24,,[],,,,,[],canonical_omitted_no_covering_source_observation|retrospective_historical_interpretation|historical_evidence_grade_exact_components_first_immutable_text_backcast|historical_episode_id_6191|historical_interpretation_id_6191|historical_interpretation_completed_at_2026-08-08T06:00:19+00:00|historical_household_statistics_scope_assumed|spot_assumptions_source_spot_price_hours|spot_assumptions_partial_above_threshold|spot_assumptions_raw_hourly_reconstruction|spot_assumptions_coverage_ratio_0.993836|spot_assumptions_expected_hours_8760|spot_assumptions_actual_hours_8706|held_current_price_forward|unknown_periods_use_latest_applicable_price_or_disclosed_normal
2026-07-22,wliup0-omavoima-oy-oma-24kk-yleis,fixed_term_24,,[],,,,,[],canonical_omitted_no_covering_source_observation|retrospective_historical_interpretation|historical_evidence_grade_exact_components_first_immutable_text_backcast|historical_episode_id_6204|historical_interpretation_id_6204|historical_interpretation_completed_at_2026-08-08T06:04:47+00:00|historical_household_statistics_scope_assumed|spot_assumptions_source_spot_price_hours|spot_assumptions_partial_above_threshold|spot_assumptions_raw_hourly_reconstruction|spot_assumptions_coverage_ratio_0.993836|spot_assumptions_expected_hours_8760|spot_assumptions_actual_hours_8706
2026-07-22,wokjrt-hehku-energia-oy-hehku-kiintea-15-kk-0-kuukausimaksu-ensimmaiset-3-kk,fixed_term_13_23,,[],,,,,[],canonical_omitted_no_covering_source_observation|historical_canonical_omitted_interpretation_status_failed|spot_assumptions_source_spot_price_hours|spot_assumptions_partial_above_threshold|spot_assumptions_raw_hourly_reconstruction|spot_assumptions_coverage_ratio_0.993836|spot_assumptions_expected_hours_8760|spot_assumptions_actual_hours_8706|observed_relational_uniform_monthly_consumption
2026-07-22,wqatmw-paneliankosken-voima-oy-kosken-vuosiwoima-24-kk,fixed_term_24,,[],,,,,[],canonical_omitted_no_covering_source_observation|retrospective_historical_interpretation|historical_evidence_grade_exact_components_first_immutable_text_backcast|historical_episode_id_6219|historical_interpretation_id_6219|historical_interpretation_completed_at_2026-08-08T06:10:39+00:00|historical_household_statistics_scope_assumed|spot_assumptions_source_spot_price_hours|spot_assumptions_partial_above_threshold|spot_assumptions_raw_hourly_reconstruction|spot_assumptions_coverage_ratio_0.993836|spot_assumptions_expected_hours_8760|spot_assumptions_actual_hours_8706
2026-07-22,wqyv9k-aanekosken-energia-oy-maalaisjarkisahko-aikasahko-6-kk-paastoton,fixed_term_6,,[],,,,,[],canonical_omitted_no_covering_source_observation|retrospective_historical_interpretation|historical_evidence_grade_exact_components_first_immutable_text_backcast|historical_episode_id_6221|historical_interpretation_id_6221|historical_interpretation_completed_at_2026-08-08T06:11:11+00:00|historical_household_statistics_scope_assumed|spot_assumptions_source_spot_price_hours|spot_assumptions_partial_above_threshold|spot_assumptions_raw_hourly_reconstruction|spot_assumptions_coverage_ratio_0.993836|spot_assumptions_expected_hours_8760|spot_assumptions_actual_hours_8706|term_price_annualized
2026-07-22,ws2dwx-aanekosken-energia-oy-yleissahko,unclassified,,[],,,,,[],missing_historical_snapshot_identity|spot_assumptions_source_spot_price_hours|spot_assumptions_partial_above_threshold|spot_assumptions_raw_hourly_reconstruction|spot_assumptions_coverage_ratio_0.993836|spot_assumptions_expected_hours_8760|spot_assumptions_actual_hours_8706|observed_relational_uniform_monthly_consumption
2026-07-22,wsncrl-kokkolan-energia-oy-ranta-12-kk,fixed_term_12,,[],,,,,[],canonical_omitted_no_covering_source_observation|retrospective_historical_interpretation|historical_evidence_grade_exact_components_first_immutable_text_backcast|historical_episode_id_6226|historical_interpretation_id_6226|historical_interpretation_completed_at_2026-08-08T06:12:38+00:00|historical_household_statistics_scope_assumed|spot_assumptions_source_spot_price_hours|spot_assumptions_partial_above_threshold|spot_assumptions_raw_hourly_reconstruction|spot_assumptions_coverage_ratio_0.993836|spot_assumptions_expected_hours_8760|spot_assumptions_actual_hours_8706|held_current_price_forward|unknown_periods_use_latest_applicable_price_or_disclosed_normal
2026-07-22,wsnmgc-nurmijarven-sahko-oy-yleissahko,open_ended,,[],,,,,[],canonical_omitted_no_covering_source_observation|retrospective_historical_interpretation|historical_evidence_grade_exact_components_first_immutable_text_backcast|historical_episode_id_6228|historical_interpretation_id_6228|historical_interpretation_completed_at_2026-08-08T06:12:52+00:00|historical_household_statistics_scope_assumed|spot_assumptions_source_spot_price_hours|spot_assumptions_partial_above_threshold|spot_assumptions_raw_hourly_reconstruction|spot_assumptions_coverage_ratio_0.993836|spot_assumptions_expected_hours_8760|spot_assumptions_actual_hours_8706|supplier_adjusted_tail_uses_comparable_forward_premium|supplier_adjusted_monthly_fee_held_flat|price_episode_observed_proxy|price_episode_left_censored|historical_exact_contract_only|price_episode_uses_dedicated_historical_interpretation|calendar_gap_within_observed_price_episode|missing_own_reference_using_comparable_premium|lower_confidence_energy_episode_proxy
2026-07-22,wzr22t-omavoima-oy-oma-12kk-yopaiva,fixed_term_12,,[],,,,,[],canonical_omitted_no_covering_source_observation|retrospective_historical_interpretation|historical_evidence_grade_exact_components_first_immutable_text_backcast|historical_episode_id_6242|historical_interpretation_id_6242|historical_interpretation_completed_at_2026-08-08T06:17:41+00:00|historical_household_statistics_scope_assumed|spot_assumptions_source_spot_price_hours|spot_assumptions_partial_above_threshold|spot_assumptions_raw_hourly_reconstruction|spot_assumptions_coverage_ratio_0.993836|spot_assumptions_expected_hours_8760|spot_assumptions_actual_hours_8706|held_current_price_forward|unknown_periods_use_latest_applicable_price_or_disclosed_normal
2026-07-22,x2zvvw-nordic-green-energy-uusiutuva-porssisahko,spot,,[],,,,,[],canonical_omitted_no_covering_source_observation|retrospective_historical_interpretation|historical_evidence_grade_exact_components_first_immutable_text_backcast|historical_episode_id_6253|historical_interpretation_id_6253|historical_interpretation_completed_at_2026-08-08T06:21:42+00:00|historical_household_statistics_scope_assumed|spot_assumptions_source_spot_price_hours|spot_assumptions_partial_above_threshold|spot_assumptions_raw_hourly_reconstruction|spot_assumptions_coverage_ratio_0.993836|spot_assumptions_expected_hours_8760|spot_assumptions_actual_hours_8706|spot_estimate_confidence_higher|spot_forward_curve_with_rolling_365_intraday_shape|partial_shape_coverage|forward_month_from_quarter_contract
2026-07-22,x5t18z-helen-oy-helpposahko-m,open_ended,,[],,,,,[],canonical_omitted_no_covering_source_observation|historical_canonical_omitted_interpretation_status_failed|spot_assumptions_source_spot_price_hours|spot_assumptions_partial_above_threshold|spot_assumptions_raw_hourly_reconstruction|spot_assumptions_coverage_ratio_0.993836|spot_assumptions_expected_hours_8760|spot_assumptions_actual_hours_8706|observed_relational_uniform_monthly_consumption|relational_open_ended_no_proven_historical_adjustment_mechanism
2026-07-22,xcrirm-vattenfall-oy-yrityksen-optimi-porssisahko-tuuli,unclassified,,[],,,,,[],missing_historical_snapshot_identity|spot_assumptions_source_spot_price_hours|spot_assumptions_partial_above_threshold|spot_assumptions_raw_hourly_reconstruction|spot_assumptions_coverage_ratio_0.993836|spot_assumptions_expected_hours_8760|spot_assumptions_actual_hours_8706|observed_relational_uniform_monthly_consumption
2026-07-22,xcvrus-paneliankosken-voima-oy-kosken-vuosiwoima-12-kk,fixed_term_12,,[],,,,,[],canonical_omitted_no_covering_source_observation|retrospective_historical_interpretation|historical_evidence_grade_exact_components_first_immutable_text_backcast|historical_episode_id_6282|historical_interpretation_id_6282|historical_interpretation_completed_at_2026-08-08T06:30:29+00:00|historical_household_statistics_scope_assumed|spot_assumptions_source_spot_price_hours|spot_assumptions_partial_above_threshold|spot_assumptions_raw_hourly_reconstruction|spot_assumptions_coverage_ratio_0.993836|spot_assumptions_expected_hours_8760|spot_assumptions_actual_hours_8706
2026-07-22,xe9b5i-hehku-energia-oy-hehku-kiintea-12-kk-0-kuukausimaksu-ensimmaiset-3-kk,fixed_term_12,,[],,,,,[],canonical_omitted_no_covering_source_observation|retrospective_historical_interpretation|historical_evidence_grade_exact_components_first_immutable_text_backcast|historical_episode_id_6287|historical_interpretation_id_6287|historical_interpretation_completed_at_2026-08-08T06:32:11+00:00|historical_household_statistics_scope_assumed|spot_assumptions_source_spot_price_hours|spot_assumptions_partial_above_threshold|spot_assumptions_raw_hourly_reconstruction|spot_assumptions_coverage_ratio_0.993836|spot_assumptions_expected_hours_8760|spot_assumptions_actual_hours_8706
2026-07-22,xiojoa-hehku-energia-oy-hehku-hiilivapaa-24-kk-0-kuukausimaksu-ensimmaiset-6-kk,fixed_term_24,,[],,,,,[],canonical_omitted_no_covering_source_observation|retrospective_historical_interpretation|historical_evidence_grade_exact_components_first_immutable_text_backcast|historical_episode_id_6295|historical_interpretation_id_6295|historical_interpretation_completed_at_2026-08-08T06:34:28+00:00|historical_household_statistics_scope_assumed|spot_assumptions_source_spot_price_hours|spot_assumptions_partial_above_threshold|spot_assumptions_raw_hourly_reconstruction|spot_assumptions_coverage_ratio_0.993836|spot_assumptions_expected_hours_8760|spot_assumptions_actual_hours_8706
2026-07-22,xlclt2-sahkotytot-oy-porssisahko-tarjous-ilmainen-perusmaksu-ensimmaiset-3kk,spot,,[],,,,,[],canonical_omitted_no_covering_source_observation|retrospective_historical_interpretation|historical_evidence_grade_exact_components_first_immutable_text_backcast|historical_episode_id_6303|historical_interpretation_id_6303|historical_interpretation_completed_at_2026-08-08T06:37:28+00:00|historical_household_statistics_scope_assumed|spot_assumptions_source_spot_price_hours|spot_assumptions_partial_above_threshold|spot_assumptions_raw_hourly_reconstruction|spot_assumptions_coverage_ratio_0.993836|spot_assumptions_expected_hours_8760|spot_assumptions_actual_hours_8706|spot_estimate_confidence_higher|spot_forward_curve_with_rolling_365_intraday_shape|partial_shape_coverage|forward_month_from_quarter_contract
2026-07-22,xlhswe-lammaisten-energia-oy-iisi-kulutusjousto-kausisahko-12-kk,hybrid,,[],,,,,[],canonical_omitted_no_covering_source_observation|retrospective_historical_interpretation|historical_evidence_grade_exact_components_first_immutable_text_backcast|historical_episode_id_6304|historical_interpretation_id_6304|historical_interpretation_completed_at_2026-08-08T06:37:44+00:00|historical_household_statistics_scope_assumed|spot_assumptions_source_spot_price_hours|spot_assumptions_partial_above_threshold|spot_assumptions_raw_hourly_reconstruction|spot_assumptions_coverage_ratio_0.993836|spot_assumptions_expected_hours_8760|spot_assumptions_actual_hours_8706|excludes_consumption_effect
2026-07-22,xmurz0-porvoon-energia-oy-ilmastoviisas-12-kk-co2-paastottomasti-tuotettu,fixed_term_12,,[],,,,,[],canonical_omitted_no_covering_source_observation|retrospective_historical_interpretation|historical_evidence_grade_exact_components_first_immutable_text_backcast|historical_episode_id_6311|historical_interpretation_id_6311|historical_interpretation_completed_at_2026-08-08T06:39:45+00:00|historical_household_statistics_scope_assumed|spot_assumptions_source_spot_price_hours|spot_assumptions_partial_above_threshold|spot_assumptions_raw_hourly_reconstruction|spot_assumptions_coverage_ratio_0.993836|spot_assumptions_expected_hours_8760|spot_assumptions_actual_hours_8706|held_current_price_forward|unknown_periods_use_latest_applicable_price_or_disclosed_normal
2026-07-22,xnbikt-vattenfall-oy-yrityksen-ilmasto-mix-12-kk-perusmaksut-0-ensimmaiset-3-kk,unclassified,,[],,,,,[],missing_historical_snapshot_identity|spot_assumptions_source_spot_price_hours|spot_assumptions_partial_above_threshold|spot_assumptions_raw_hourly_reconstruction|spot_assumptions_coverage_ratio_0.993836|spot_assumptions_expected_hours_8760|spot_assumptions_actual_hours_8706|observed_relational_uniform_monthly_consumption
2026-07-22,xqf8be-vimpelin-voima-oy-sulaketariffi,unclassified,,[],,,,,[],missing_historical_snapshot_identity|spot_assumptions_source_spot_price_hours|spot_assumptions_partial_above_threshold|spot_assumptions_raw_hourly_reconstruction|spot_assumptions_coverage_ratio_0.993836|spot_assumptions_expected_hours_8760|spot_assumptions_actual_hours_8706|observed_relational_uniform_monthly_consumption
2026-07-22,xrufmt-koylion-sakylan-sahko-oy-lallin-maaris-2v,fixed_term_24,,[],,,,,[],canonical_omitted_no_covering_source_observation|retrospective_historical_interpretation|historical_evidence_grade_exact_components_first_immutable_text_backcast|historical_episode_id_6322|historical_interpretation_id_6322|historical_interpretation_completed_at_2026-08-08T06:43:05+00:00|historical_household_statistics_scope_assumed|spot_assumptions_source_spot_price_hours|spot_assumptions_partial_above_threshold|spot_assumptions_raw_hourly_reconstruction|spot_assumptions_coverage_ratio_0.993836|spot_assumptions_expected_hours_8760|spot_assumptions_actual_hours_8706
2026-07-22,xsinka-porvoon-energia-oy-eko-24kk-luonnonsuojeluliiton-sertifioima-ekoenergia,fixed_term_24,,[],,,,,[],canonical_omitted_no_covering_source_observation|retrospective_historical_interpretation|historical_evidence_grade_exact_components_first_immutable_text_backcast|historical_episode_id_6323|historical_interpretation_id_6323|historical_interpretation_completed_at_2026-08-08T06:43:21+00:00|historical_household_statistics_scope_assumed|spot_assumptions_source_spot_price_hours|spot_assumptions_partial_above_threshold|spot_assumptions_raw_hourly_reconstruction|spot_assumptions_coverage_ratio_0.993836|spot_assumptions_expected_hours_8760|spot_assumptions_actual_hours_8706
2026-07-22,xuypiv-alajarven-sahko-oy-aikasahko-24-kk-yrityksille,unclassified,,[],,,,,[],missing_historical_snapshot_identity|spot_assumptions_source_spot_price_hours|spot_assumptions_partial_above_threshold|spot_assumptions_raw_hourly_reconstruction|spot_assumptions_coverage_ratio_0.993836|spot_assumptions_expected_hours_8760|spot_assumptions_actual_hours_8706|observed_relational_uniform_monthly_consumption
2026-07-22,xvnarv-porvoon-energia-oy-spot-porssisahko,spot,,[],,,,,[],canonical_omitted_no_covering_source_observation|retrospective_historical_interpretation|historical_evidence_grade_exact_components_first_immutable_text_backcast|historical_episode_id_6336|historical_interpretation_id_6336|historical_interpretation_completed_at_2026-08-08T06:47:31+00:00|historical_household_statistics_scope_assumed|spot_assumptions_source_spot_price_hours|spot_assumptions_partial_above_threshold|spot_assumptions_raw_hourly_reconstruction|spot_assumptions_coverage_ratio_0.993836|spot_assumptions_expected_hours_8760|spot_assumptions_actual_hours_8706|spot_estimate_confidence_higher|spot_forward_curve_with_rolling_365_intraday_shape|partial_shape_coverage|forward_month_from_quarter_contract
2026-07-22,xwfvrr-hehku-energia-oy-hehku-hiilivapaa-porssi-0-kuukausimaksu-ensimmaiset-6-kk,spot,,[],,,,,[],canonical_omitted_no_covering_source_observation|retrospective_historical_interpretation|historical_evidence_grade_exact_components_first_immutable_text_backcast|historical_episode_id_6341|historical_interpretation_id_6341|historical_interpretation_completed_at_2026-08-08T06:49:17+00:00|historical_household_statistics_scope_assumed|spot_assumptions_source_spot_price_hours|spot_assumptions_partial_above_threshold|spot_assumptions_raw_hourly_reconstruction|spot_assumptions_coverage_ratio_0.993836|spot_assumptions_expected_hours_8760|spot_assumptions_actual_hours_8706|spot_estimate_confidence_higher|spot_forward_curve_with_rolling_365_intraday_shape|partial_shape_coverage|forward_month_from_quarter_contract
2026-07-22,xx2kue-aanekosken-energia-oy-maalaisjarkisahko-aikasahko-12-kk-paastoton,fixed_term_12,,[],,,,,[],canonical_omitted_no_covering_source_observation|retrospective_historical_interpretation|historical_evidence_grade_exact_components_first_immutable_text_backcast|historical_episode_id_6344|historical_interpretation_id_6344|historical_interpretation_completed_at_2026-08-08T06:50:12+00:00|historical_household_statistics_scope_assumed|spot_assumptions_source_spot_price_hours|spot_assumptions_partial_above_threshold|spot_assumptions_raw_hourly_reconstruction|spot_assumptions_coverage_ratio_0.993836|spot_assumptions_expected_hours_8760|spot_assumptions_actual_hours_8706
2026-07-22,xx5uxn-oomi-oy-toimitusvelvollinen-sahko,open_ended,,[],,,,,[],canonical_omitted_no_covering_source_observation|retrospective_historical_interpretation|historical_evidence_grade_exact_components_first_immutable_text_backcast|historical_episode_id_6346|historical_interpretation_id_6346|historical_interpretation_completed_at_2026-08-08T06:50:30+00:00|historical_household_statistics_scope_assumed|spot_assumptions_source_spot_price_hours|spot_assumptions_partial_above_threshold|spot_assumptions_raw_hourly_reconstruction|spot_assumptions_coverage_ratio_0.993836|spot_assumptions_expected_hours_8760|spot_assumptions_actual_hours_8706|supplier_adjusted_tail_uses_comparable_forward_premium|supplier_adjusted_monthly_fee_held_flat|price_episode_observed_proxy|price_episode_left_censored|historical_exact_contract_only|price_episode_uses_dedicated_historical_interpretation|calendar_gap_within_observed_price_episode|missing_own_reference_using_comparable_premium|lower_confidence_energy_episode_proxy
2026-07-22,xzyppx-helen-oy-maaraaikainen-perussahko-24-kk,fixed_term_24,,[],,,,,[],canonical_omitted_no_covering_source_observation|retrospective_historical_interpretation|historical_evidence_grade_exact_components_first_immutable_text_backcast|historical_episode_id_6356|historical_interpretation_id_6356|historical_interpretation_completed_at_2026-08-08T06:53:21+00:00|historical_household_statistics_scope_assumed|spot_assumptions_source_spot_price_hours|spot_assumptions_partial_above_threshold|spot_assumptions_raw_hourly_reconstruction|spot_assumptions_coverage_ratio_0.993836|spot_assumptions_expected_hours_8760|spot_assumptions_actual_hours_8706|held_current_price_forward|unknown_periods_use_latest_applicable_price_or_disclosed_normal
2026-07-22,y32lx5-seinajoen-energia-oy-se-oikea-aikasahko,open_ended,,[],,,,,[],canonical_omitted_no_covering_source_observation|retrospective_historical_interpretation|historical_evidence_grade_exact_components_first_immutable_text_backcast|historical_episode_id_6360|historical_interpretation_id_6360|historical_interpretation_completed_at_2026-08-08T06:54:02+00:00|historical_household_statistics_scope_assumed|spot_assumptions_source_spot_price_hours|spot_assumptions_partial_above_threshold|spot_assumptions_raw_hourly_reconstruction|spot_assumptions_coverage_ratio_0.993836|spot_assumptions_expected_hours_8760|spot_assumptions_actual_hours_8706|supplier_adjusted_tail_shifted_on_forward_curve|supplier_adjusted_monthly_fee_held_flat|price_episode_observed_proxy|price_episode_left_censored|historical_exact_contract_only|price_episode_uses_dedicated_historical_interpretation|forward_month_from_quarter_contract
2026-07-22,y3ljwt-koylion-sakylan-sahko-oy-lallin-maaris-2v-yosahko,fixed_term_24,,[],,,,,[],canonical_omitted_no_covering_source_observation|retrospective_historical_interpretation|historical_evidence_grade_exact_components_first_immutable_text_backcast|historical_episode_id_6363|historical_interpretation_id_6363|historical_interpretation_completed_at_2026-08-08T06:54:59+00:00|historical_household_statistics_scope_assumed|spot_assumptions_source_spot_price_hours|spot_assumptions_partial_above_threshold|spot_assumptions_raw_hourly_reconstruction|spot_assumptions_coverage_ratio_0.993836|spot_assumptions_expected_hours_8760|spot_assumptions_actual_hours_8706
2026-07-22,y6jm1e-korpelan-energia-oy-korpela-kvartaali,unclassified,,[],,,,,[],missing_historical_snapshot_identity|spot_assumptions_source_spot_price_hours|spot_assumptions_partial_above_threshold|spot_assumptions_raw_hourly_reconstruction|spot_assumptions_coverage_ratio_0.993836|spot_assumptions_expected_hours_8760|spot_assumptions_actual_hours_8706|observed_relational_uniform_monthly_consumption
2026-07-22,ya9hke-vihrea-alyenergia-oy-vire-tuuli-kiintea-12kk,fixed_term_12,,[],,,,,[],canonical_omitted_no_covering_source_observation|retrospective_historical_interpretation|historical_evidence_grade_exact_components_last_observed_text_backcast|historical_episode_id_6373|historical_interpretation_id_6373|historical_interpretation_completed_at_2026-08-08T06:57:56+00:00|historical_household_statistics_scope_assumed|spot_assumptions_source_spot_price_hours|spot_assumptions_partial_above_threshold|spot_assumptions_raw_hourly_reconstruction|spot_assumptions_coverage_ratio_0.993836|spot_assumptions_expected_hours_8760|spot_assumptions_actual_hours_8706|held_current_price_forward|unknown_periods_use_latest_applicable_price_or_disclosed_normal
2026-07-22,yblryp-fortum-markets-oy-yritys-duo-36kk-yleissahko,unclassified,,[],,,,,[],missing_historical_snapshot_identity|spot_assumptions_source_spot_price_hours|spot_assumptions_partial_above_threshold|spot_assumptions_raw_hourly_reconstruction|spot_assumptions_coverage_ratio_0.993836|spot_assumptions_expected_hours_8760|spot_assumptions_actual_hours_8706|observed_relational_uniform_monthly_consumption
2026-07-22,yd7lgu-alajarven-sahko-oy-aikasahko,open_ended,,[],,,,,[],canonical_omitted_no_covering_source_observation|retrospective_historical_interpretation|historical_evidence_grade_exact_components_first_immutable_text_backcast|historical_episode_id_6381|historical_interpretation_id_6381|historical_interpretation_completed_at_2026-08-08T07:00:05+00:00|historical_household_statistics_scope_assumed|spot_assumptions_source_spot_price_hours|spot_assumptions_partial_above_threshold|spot_assumptions_raw_hourly_reconstruction|spot_assumptions_coverage_ratio_0.993836|spot_assumptions_expected_hours_8760|spot_assumptions_actual_hours_8706|supplier_adjusted_tail_uses_comparable_forward_premium|supplier_adjusted_monthly_fee_held_flat|price_episode_observed_proxy|price_episode_left_censored|historical_exact_contract_only|price_episode_uses_dedicated_historical_interpretation|missing_own_reference_using_comparable_premium|lower_confidence_energy_episode_proxy
2026-07-22,ydi2at-alajarven-sahko-oy-yleissahko,open_ended,,[],,,,,[],canonical_omitted_no_covering_source_observation|retrospective_historical_interpretation|historical_evidence_grade_exact_components_first_immutable_text_backcast|historical_episode_id_6383|historical_interpretation_id_6383|historical_interpretation_completed_at_2026-08-08T07:00:33+00:00|historical_household_statistics_scope_assumed|spot_assumptions_source_spot_price_hours|spot_assumptions_partial_above_threshold|spot_assumptions_raw_hourly_reconstruction|spot_assumptions_coverage_ratio_0.993836|spot_assumptions_expected_hours_8760|spot_assumptions_actual_hours_8706|supplier_adjusted_tail_uses_comparable_forward_premium|supplier_adjusted_monthly_fee_held_flat|price_episode_observed_proxy|price_episode_left_censored|historical_exact_contract_only|price_episode_uses_dedicated_historical_interpretation|missing_own_reference_using_comparable_premium|lower_confidence_energy_episode_proxy
2026-07-22,ygkgrj-pohjois-karjalan-sahko-oy-oiva,open_ended,,[],,,,,[],canonical_omitted_no_covering_source_observation|retrospective_historical_interpretation|historical_evidence_grade_exact_components_first_immutable_text_backcast|historical_episode_id_6397|historical_interpretation_id_6397|historical_interpretation_completed_at_2026-08-08T07:05:58+00:00|historical_household_statistics_scope_assumed|spot_assumptions_source_spot_price_hours|spot_assumptions_partial_above_threshold|spot_assumptions_raw_hourly_reconstruction|spot_assumptions_coverage_ratio_0.993836|spot_assumptions_expected_hours_8760|spot_assumptions_actual_hours_8706|reset_tail_shifted_on_forward_curve|forward_month_from_quarter_contract
2026-07-22,yifdtz-vihrea-alyenergia-oy-vire-tuuli-yrityksille-suomen-edullisinta-100-tuulivoimaa-3kk-ilman-perusmaksua,unclassified,,[],,,,,[],missing_historical_snapshot_identity|spot_assumptions_source_spot_price_hours|spot_assumptions_partial_above_threshold|spot_assumptions_raw_hourly_reconstruction|spot_assumptions_coverage_ratio_0.993836|spot_assumptions_expected_hours_8760|spot_assumptions_actual_hours_8706|observed_relational_uniform_monthly_consumption
2026-07-22,ymqe7v-helen-oy-perussahko,open_ended,,[],,,,,[],canonical_omitted_no_covering_source_observation|retrospective_historical_interpretation|historical_evidence_grade_exact_components_first_immutable_text_backcast|historical_episode_id_6414|historical_interpretation_id_6414|historical_interpretation_completed_at_2026-08-08T07:11:22+00:00|historical_household_statistics_scope_assumed|spot_assumptions_source_spot_price_hours|spot_assumptions_partial_above_threshold|spot_assumptions_raw_hourly_reconstruction|spot_assumptions_coverage_ratio_0.993836|spot_assumptions_expected_hours_8760|spot_assumptions_actual_hours_8706|supplier_adjusted_tail_uses_comparable_forward_premium|supplier_adjusted_monthly_fee_held_flat|price_episode_observed_proxy|price_episode_left_censored|historical_exact_contract_only|price_episode_uses_dedicated_historical_interpretation|calendar_gap_within_observed_price_episode|missing_own_reference_using_comparable_premium|lower_confidence_energy_episode_proxy
2026-07-22,yobmdq-lammaisten-energia-oy-wiksu-markkinasahko,spot,,[],,,,,[],canonical_omitted_no_covering_source_observation|historical_canonical_omitted_interpretation_status_failed|spot_assumptions_source_spot_price_hours|spot_assumptions_partial_above_threshold|spot_assumptions_raw_hourly_reconstruction|spot_assumptions_coverage_ratio_0.993836|spot_assumptions_expected_hours_8760|spot_assumptions_actual_hours_8706|observed_relational_uniform_monthly_consumption|spot_estimate_confidence_higher|partial_shape_coverage|forward_month_from_quarter_contract
2026-07-22,yr69kf-nordic-green-energy-tuulivoima-porssisahko-yritykselle,unclassified,,[],,,,,[],missing_historical_snapshot_identity|spot_assumptions_source_spot_price_hours|spot_assumptions_partial_above_threshold|spot_assumptions_raw_hourly_reconstruction|spot_assumptions_coverage_ratio_0.993836|spot_assumptions_expected_hours_8760|spot_assumptions_actual_hours_8706|observed_relational_uniform_monthly_consumption
2026-07-22,ytufxf-cheap-energy-finland-oy-cheap-maaraaikainen-36-kk-0-kuukausimaksu-ensimmaiset-3-kk,fixed_term_over24,,[],,,,,[],canonical_omitted_no_covering_source_observation|historical_canonical_omitted_interpretation_status_failed|spot_assumptions_source_spot_price_hours|spot_assumptions_partial_above_threshold|spot_assumptions_raw_hourly_reconstruction|spot_assumptions_coverage_ratio_0.993836|spot_assumptions_expected_hours_8760|spot_assumptions_actual_hours_8706|observed_relational_uniform_monthly_consumption
2026-07-22,yv3sbk-hehku-energia-oy-hehku-jousto-12-kk-ensimmaiset-3-kk-perusmaksu-0,hybrid,,[],,,,,[],canonical_omitted_no_covering_source_observation|retrospective_historical_interpretation|historical_evidence_grade_exact_components_first_immutable_text_backcast|historical_episode_id_6437|historical_interpretation_id_6437|historical_interpretation_completed_at_2026-08-08T07:19:31+00:00|historical_household_statistics_scope_assumed|spot_assumptions_source_spot_price_hours|spot_assumptions_partial_above_threshold|spot_assumptions_raw_hourly_reconstruction|spot_assumptions_coverage_ratio_0.993836|spot_assumptions_expected_hours_8760|spot_assumptions_actual_hours_8706|excludes_consumption_effect
2026-07-22,ywelzd-parikkalan-valo-oy-kesto-valo-kanta-asiakas-yritys,unclassified,,[],,,,,[],missing_historical_snapshot_identity|spot_assumptions_source_spot_price_hours|spot_assumptions_partial_above_threshold|spot_assumptions_raw_hourly_reconstruction|spot_assumptions_coverage_ratio_0.993836|spot_assumptions_expected_hours_8760|spot_assumptions_actual_hours_8706|observed_relational_uniform_monthly_consumption
2026-07-22,yzgfln-omavoima-oy-oma-24kk-yopaiva,fixed_term_24,,[],,,,,[],canonical_omitted_no_covering_source_observation|retrospective_historical_interpretation|historical_evidence_grade_exact_components_first_immutable_text_backcast|historical_episode_id_6448|historical_interpretation_id_6448|historical_interpretation_completed_at_2026-08-08T07:22:04+00:00|historical_household_statistics_scope_assumed|spot_assumptions_source_spot_price_hours|spot_assumptions_partial_above_threshold|spot_assumptions_raw_hourly_reconstruction|spot_assumptions_coverage_ratio_0.993836|spot_assumptions_expected_hours_8760|spot_assumptions_actual_hours_8706
2026-07-22,z5di4h-nordic-green-energy-tuulivoima-spot-yrityksille,unclassified,,[],,,,,[],missing_historical_snapshot_identity|spot_assumptions_source_spot_price_hours|spot_assumptions_partial_above_threshold|spot_assumptions_raw_hourly_reconstruction|spot_assumptions_coverage_ratio_0.993836|spot_assumptions_expected_hours_8760|spot_assumptions_actual_hours_8706|observed_relational_uniform_monthly_consumption
2026-07-22,zcosto-vaasan-sahko-myynti-oy-tuulisahko-yleissahko,quarterly,,[],,,,,[],canonical_omitted_no_covering_source_observation|retrospective_historical_interpretation|historical_evidence_grade_exact_components_first_immutable_text_backcast|historical_episode_id_6464|historical_interpretation_id_6464|historical_interpretation_completed_at_2026-08-08T07:26:52+00:00|historical_household_statistics_scope_assumed|spot_assumptions_source_spot_price_hours|spot_assumptions_partial_above_threshold|spot_assumptions_raw_hourly_reconstruction|spot_assumptions_coverage_ratio_0.993836|spot_assumptions_expected_hours_8760|spot_assumptions_actual_hours_8706|reset_tail_shifted_on_forward_curve|forward_month_from_quarter_contract
2026-07-22,zf1ooz-korpelan-energia-oy-korpela-kesto-24-kk,unclassified,,[],,,,,[],missing_historical_snapshot_identity|spot_assumptions_source_spot_price_hours|spot_assumptions_partial_above_threshold|spot_assumptions_raw_hourly_reconstruction|spot_assumptions_coverage_ratio_0.993836|spot_assumptions_expected_hours_8760|spot_assumptions_actual_hours_8706|observed_relational_uniform_monthly_consumption
2026-07-22,zial89-pohjois-karjalan-sahko-oy-optimi-takuu-12-kuukautta,fixed_term_12,,[],,,,,[],canonical_omitted_no_covering_source_observation|retrospective_historical_interpretation|historical_evidence_grade_exact_components_first_immutable_text_backcast|historical_episode_id_6483|historical_interpretation_id_6483|historical_interpretation_completed_at_2026-08-08T07:33:10+00:00|historical_household_statistics_scope_assumed|spot_assumptions_source_spot_price_hours|spot_assumptions_partial_above_threshold|spot_assumptions_raw_hourly_reconstruction|spot_assumptions_coverage_ratio_0.993836|spot_assumptions_expected_hours_8760|spot_assumptions_actual_hours_8706
2026-07-22,zmbmth-vattenfall-oy-yrityksen-ilmasto-vakio,unclassified,,[],,,,,[],missing_historical_snapshot_identity|spot_assumptions_source_spot_price_hours|spot_assumptions_partial_above_threshold|spot_assumptions_raw_hourly_reconstruction|spot_assumptions_coverage_ratio_0.993836|spot_assumptions_expected_hours_8760|spot_assumptions_actual_hours_8706|observed_relational_uniform_monthly_consumption
2026-07-22,zmtkhl-vaasan-sahko-myynti-oy-kiintea-12-kk-yosahko-yrityksille,unclassified,,[],,,,,[],missing_historical_snapshot_identity|spot_assumptions_source_spot_price_hours|spot_assumptions_partial_above_threshold|spot_assumptions_raw_hourly_reconstruction|spot_assumptions_coverage_ratio_0.993836|spot_assumptions_expected_hours_8760|spot_assumptions_actual_hours_8706|observed_relational_uniform_monthly_consumption
2026-07-22,zojywe-vattenfall-oy-ilmasto-vakio,open_ended,,[],,,,,[],canonical_omitted_no_covering_source_observation|retrospective_historical_interpretation|historical_evidence_grade_exact_components_first_immutable_text_backcast|historical_episode_id_6499|historical_interpretation_id_6499|historical_interpretation_completed_at_2026-08-08T07:38:00+00:00|historical_household_statistics_scope_assumed|spot_assumptions_source_spot_price_hours|spot_assumptions_partial_above_threshold|spot_assumptions_raw_hourly_reconstruction|spot_assumptions_coverage_ratio_0.993836|spot_assumptions_expected_hours_8760|spot_assumptions_actual_hours_8706|historical_consumption_eligibility_unknown_null_mask
2026-07-22,zp2qud-korpelan-energia-oy-korpela-kvartaali,hybrid,,[],,,,,[],canonical_omitted_no_covering_source_observation|retrospective_historical_interpretation|historical_evidence_grade_exact_components_first_immutable_text_backcast|historical_episode_id_6502|historical_interpretation_id_6502|historical_interpretation_completed_at_2026-08-08T07:39:00+00:00|historical_household_statistics_scope_assumed|spot_assumptions_source_spot_price_hours|spot_assumptions_partial_above_threshold|spot_assumptions_raw_hourly_reconstruction|spot_assumptions_coverage_ratio_0.993836|spot_assumptions_expected_hours_8760|spot_assumptions_actual_hours_8706|reset_tail_shifted_on_forward_curve|excludes_consumption_effect|forward_month_from_quarter_contract
2026-07-22,zpjpbn-vaasan-sahko-myynti-oy-kiintea-vaikuttaja-24-kk-yrityksille,unclassified,,[],,,,,[],missing_historical_snapshot_identity|spot_assumptions_source_spot_price_hours|spot_assumptions_partial_above_threshold|spot_assumptions_raw_hourly_reconstruction|spot_assumptions_coverage_ratio_0.993836|spot_assumptions_expected_hours_8760|spot_assumptions_actual_hours_8706|observed_relational_uniform_monthly_consumption
2026-07-22,zqskv0-vaasan-sahko-myynti-oy-kuukausipaketti-l,open_ended,,[],,,,,[],canonical_omitted_no_covering_source_observation|retrospective_historical_interpretation|historical_evidence_grade_exact_components_first_immutable_text_backcast|historical_episode_id_6504|historical_interpretation_id_6504|historical_interpretation_completed_at_2026-08-08T07:39:36+00:00|historical_household_statistics_scope_assumed|spot_assumptions_source_spot_price_hours|spot_assumptions_partial_above_threshold|spot_assumptions_raw_hourly_reconstruction|spot_assumptions_coverage_ratio_0.993836|spot_assumptions_expected_hours_8760|spot_assumptions_actual_hours_8706
2026-07-22,zr9aii-helen-oy-maaraaikainen-valkkysahko-12-kk,hybrid,,[],,,,,[],canonical_omitted_no_covering_source_observation|retrospective_historical_interpretation|historical_evidence_grade_exact_components_first_immutable_text_backcast|historical_episode_id_6505|historical_interpretation_id_6505|historical_interpretation_completed_at_2026-08-08T07:40:03+00:00|historical_household_statistics_scope_assumed|spot_assumptions_source_spot_price_hours|spot_assumptions_partial_above_threshold|spot_assumptions_raw_hourly_reconstruction|spot_assumptions_coverage_ratio_0.993836|spot_assumptions_expected_hours_8760|spot_assumptions_actual_hours_8706|excludes_consumption_effect
2026-07-22,zrpfru-kokkolan-energia-oy-aalto-24-kk,hybrid,,[],,,,,[],canonical_omitted_no_covering_source_observation|retrospective_historical_interpretation|historical_evidence_grade_exact_components_first_immutable_text_backcast|historical_episode_id_6507|historical_interpretation_id_6507|historical_interpretation_completed_at_2026-08-08T07:40:37+00:00|historical_household_statistics_scope_assumed|spot_assumptions_source_spot_price_hours|spot_assumptions_partial_above_threshold|spot_assumptions_raw_hourly_reconstruction|spot_assumptions_coverage_ratio_0.993836|spot_assumptions_expected_hours_8760|spot_assumptions_actual_hours_8706|excludes_consumption_effect
2026-07-22,zry8u9-omavoima-oy-oma-12kk-kausi,fixed_term_12,,[],,,,,[],canonical_omitted_no_covering_source_observation|retrospective_historical_interpretation|historical_evidence_grade_exact_components_first_immutable_text_backcast|historical_episode_id_6509|historical_interpretation_id_6509|historical_interpretation_completed_at_2026-08-08T07:41:06+00:00|historical_household_statistics_scope_assumed|spot_assumptions_source_spot_price_hours|spot_assumptions_partial_above_threshold|spot_assumptions_raw_hourly_reconstruction|spot_assumptions_coverage_ratio_0.993836|spot_assumptions_expected_hours_8760|spot_assumptions_actual_hours_8706
2026-07-22,zsihtg-aalto-energia-oyj-porssisahko,unclassified,,[],,,,,[],missing_historical_snapshot_identity|spot_assumptions_source_spot_price_hours|spot_assumptions_partial_above_threshold|spot_assumptions_raw_hourly_reconstruction|spot_assumptions_coverage_ratio_0.993836|spot_assumptions_expected_hours_8760|spot_assumptions_actual_hours_8706|observed_relational_uniform_monthly_consumption
2026-07-22,zsxqiy-oomi-oy-toimitusvelvollinen-sahko,open_ended,,[],,,,,[],canonical_omitted_no_covering_source_observation|retrospective_historical_interpretation|historical_evidence_grade_exact_components_first_immutable_text_backcast|historical_episode_id_6511|historical_interpretation_id_6511|historical_interpretation_completed_at_2026-08-08T07:41:23+00:00|historical_household_statistics_scope_assumed|spot_assumptions_source_spot_price_hours|spot_assumptions_partial_above_threshold|spot_assumptions_raw_hourly_reconstruction|spot_assumptions_coverage_ratio_0.993836|spot_assumptions_expected_hours_8760|spot_assumptions_actual_hours_8706|supplier_adjusted_tail_uses_comparable_forward_premium|supplier_adjusted_monthly_fee_held_flat|price_episode_observed_proxy|price_episode_left_censored|historical_exact_contract_only|price_episode_uses_dedicated_historical_interpretation|calendar_gap_within_observed_price_episode|missing_own_reference_using_comparable_premium|lower_confidence_energy_episode_proxy
2026-07-22,ztawud-turku-energia-oy-louna-helppo-s,open_ended,,[],,,,,[],canonical_omitted_no_covering_source_observation|retrospective_historical_interpretation|historical_evidence_grade_exact_components_first_immutable_text_backcast|historical_episode_id_6514|historical_interpretation_id_6514|historical_interpretation_completed_at_2026-08-08T07:42:25+00:00|historical_household_statistics_scope_assumed|spot_assumptions_source_spot_price_hours|spot_assumptions_partial_above_threshold|spot_assumptions_raw_hourly_reconstruction|spot_assumptions_coverage_ratio_0.993836|spot_assumptions_expected_hours_8760|spot_assumptions_actual_hours_8706
2026-07-22,zts80w-nordic-green-energy-aurinkovoima-spot-yrityksille,unclassified,,[],,,,,[],missing_historical_snapshot_identity|spot_assumptions_source_spot_price_hours|spot_assumptions_partial_above_threshold|spot_assumptions_raw_hourly_reconstruction|spot_assumptions_coverage_ratio_0.993836|spot_assumptions_expected_hours_8760|spot_assumptions_actual_hours_8706|observed_relational_uniform_monthly_consumption
2026-07-22,zujknd-aanekosken-energia-oy-maalaisjarkisahko-yleissahko-24-kk-paastoton,fixed_term_24,,[],,,,,[],canonical_omitted_no_covering_source_observation|retrospective_historical_interpretation|historical_evidence_grade_exact_components_first_immutable_text_backcast|historical_episode_id_6519|historical_interpretation_id_6519|historical_interpretation_completed_at_2026-08-08T07:43:18+00:00|historical_household_statistics_scope_assumed|spot_assumptions_source_spot_price_hours|spot_assumptions_partial_above_threshold|spot_assumptions_raw_hourly_reconstruction|spot_assumptions_coverage_ratio_0.993836|spot_assumptions_expected_hours_8760|spot_assumptions_actual_hours_8706
2026-07-22,zv9pul-vattenfall-oy-ilmasto-mix-24-kk-perusmaksut-0-ensimmaiset-6-kk,fixed_term_24,,[],,,,,[],canonical_omitted_no_covering_source_observation|historical_canonical_omitted_interpretation_status_failed|spot_assumptions_source_spot_price_hours|spot_assumptions_partial_above_threshold|spot_assumptions_raw_hourly_reconstruction|spot_assumptions_coverage_ratio_0.993836|spot_assumptions_expected_hours_8760|spot_assumptions_actual_hours_8706|observed_relational_uniform_monthly_consumption
2026-07-22,zvtuhk-aanekosken-energia-oy-aikasahko-12-kk,unclassified,,[],,,,,[],missing_historical_snapshot_identity|spot_assumptions_source_spot_price_hours|spot_assumptions_partial_above_threshold|spot_assumptions_raw_hourly_reconstruction|spot_assumptions_coverage_ratio_0.993836|spot_assumptions_expected_hours_8760|spot_assumptions_actual_hours_8706|observed_relational_uniform_monthly_consumption
2026-07-22,zxt8y9-fortum-markets-oy-fortum-takuu-24-kk,fixed_term_24,,[],,,,,[],canonical_omitted_no_covering_source_observation|retrospective_historical_interpretation|historical_evidence_grade_exact_components_first_immutable_text_backcast|historical_episode_id_6530|historical_interpretation_id_6530|historical_interpretation_completed_at_2026-08-08T07:48:30+00:00|historical_household_statistics_scope_assumed|spot_assumptions_source_spot_price_hours|spot_assumptions_partial_above_threshold|spot_assumptions_raw_hourly_reconstruction|spot_assumptions_coverage_ratio_0.993836|spot_assumptions_expected_hours_8760|spot_assumptions_actual_hours_8706
2026-07-23,0haoj3-nurmijarven-sahko-oy-porssisahko-plus,spot,128,[3],1656,2026-07-28T03:22:03.000000Z,True,,[],historical_household_statistics_scope_assumed|retrospective_exact_source_interpretation|exact_source_legacy_null_observation_binding|spot_assumptions_source_spot_price_hours|spot_assumptions_partial_above_threshold|spot_assumptions_raw_hourly_reconstruction|spot_assumptions_coverage_ratio_0.993836|spot_assumptions_expected_hours_8760|spot_assumptions_actual_hours_8706|spot_estimate_confidence_higher|spot_forward_curve_with_rolling_365_intraday_shape|partial_shape_coverage|forward_month_from_quarter_contract
2026-07-23,0hu0nj-alajarven-sahko-oy-porssisahko-yrityksille,unclassified,,[],,,,,[],missing_historical_snapshot_identity|spot_assumptions_source_spot_price_hours|spot_assumptions_partial_above_threshold|spot_assumptions_raw_hourly_reconstruction|spot_assumptions_coverage_ratio_0.993836|spot_assumptions_expected_hours_8760|spot_assumptions_actual_hours_8706|observed_relational_uniform_monthly_consumption
2026-07-23,0lpjxi-parikkalan-valo-oy-spot-valo,spot,334,[5],1799,2026-07-28T03:51:05.000000Z,True,,"[106, 176]",historical_household_statistics_scope_assumed|canonical_interpretation_rejected_by_exact_target_validation|retrospective_exact_source_interpretation|exact_source_legacy_null_observation_binding|spot_assumptions_source_spot_price_hours|spot_assumptions_partial_above_threshold|spot_assumptions_raw_hourly_reconstruction|spot_assumptions_coverage_ratio_0.993836|spot_assumptions_expected_hours_8760|spot_assumptions_actual_hours_8706|spot_estimate_confidence_higher|spot_forward_curve_with_rolling_365_intraday_shape|partial_shape_coverage|forward_month_from_quarter_contract
2026-07-23,0lt7rg-oomi-oy-oomi-kiintea-24-kk,fixed_term_24,371,[6],97,2026-07-23T22:21:32.000000Z,True,,[],historical_household_statistics_scope_assumed|retrospective_exact_source_interpretation|exact_source_legacy_null_observation_binding|spot_assumptions_source_spot_price_hours|spot_assumptions_partial_above_threshold|spot_assumptions_raw_hourly_reconstruction|spot_assumptions_coverage_ratio_0.993836|spot_assumptions_expected_hours_8760|spot_assumptions_actual_hours_8706
2026-07-23,0rnxeb-imatran-seudun-sahko-oy-voima-joustava-6-kk,hybrid,80,[7],1618,2026-07-28T03:14:25.000000Z,True,,[],historical_household_statistics_scope_assumed|retrospective_exact_source_interpretation|exact_source_legacy_null_observation_binding|spot_assumptions_source_spot_price_hours|spot_assumptions_partial_above_threshold|spot_assumptions_raw_hourly_reconstruction|spot_assumptions_coverage_ratio_0.993836|spot_assumptions_expected_hours_8760|spot_assumptions_actual_hours_8706|term_price_annualized|excludes_consumption_effect
2026-07-23,0rrld3-alajarven-sahko-oy-aikasahko-12-kk,fixed_term_12,393,[8],1848,2026-07-28T04:01:35.000000Z,True,,[],historical_household_statistics_scope_assumed|retrospective_exact_source_interpretation|exact_source_legacy_null_observation_binding|spot_assumptions_source_spot_price_hours|spot_assumptions_partial_above_threshold|spot_assumptions_raw_hourly_reconstruction|spot_assumptions_coverage_ratio_0.993836|spot_assumptions_expected_hours_8760|spot_assumptions_actual_hours_8706
2026-07-23,0uohci-vihrea-alyenergia-oy-opiskelijan-verraton-porssisahko,spot,181,[9],,,,,"[115, 179, 597, 1022, 1696]",canonical_interpretation_rejected_by_exact_target_validation|historical_temporal_source_validation_unavailable|canonical_omitted_no_valid_interpretation_as_of_date|spot_assumptions_source_spot_price_hours|spot_assumptions_partial_above_threshold|spot_assumptions_raw_hourly_reconstruction|spot_assumptions_coverage_ratio_0.993836|spot_assumptions_expected_hours_8760|spot_assumptions_actual_hours_8706|observed_relational_uniform_monthly_consumption|spot_estimate_confidence_higher|partial_shape_coverage|forward_month_from_quarter_contract
2026-07-23,0uxkvt-hehku-energia-oy-hehku-kiintea-24-kk,unclassified,,[],,,,,[],missing_historical_snapshot_identity|spot_assumptions_source_spot_price_hours|spot_assumptions_partial_above_threshold|spot_assumptions_raw_hourly_reconstruction|spot_assumptions_coverage_ratio_0.993836|spot_assumptions_expected_hours_8760|spot_assumptions_actual_hours_8706|observed_relational_uniform_monthly_consumption
2026-07-23,1eh6re-vaasan-sahko-myynti-oy-perussahko-yleissahko,quarterly,88,[11],599,2026-07-24T11:49:56.000000Z,True,,"[153, 1024, 1626]",historical_household_statistics_scope_assumed|canonical_interpretation_rejected_by_exact_target_validation|historical_temporal_source_validation_unavailable|retrospective_exact_source_interpretation|exact_source_legacy_null_observation_binding|spot_assumptions_source_spot_price_hours|spot_assumptions_partial_above_threshold|spot_assumptions_raw_hourly_reconstruction|spot_assumptions_coverage_ratio_0.993836|spot_assumptions_expected_hours_8760|spot_assumptions_actual_hours_8706|reset_tail_shifted_on_forward_curve|forward_month_from_quarter_contract
2026-07-23,1ucmby-cheap-energy-finland-oy-cheap-kvartaalisahko,quarterly,280,[16],,,,,"[47, 52, 98, 182, 600, 1025, 1762]",canonical_interpretation_rejected_by_exact_target_validation|historical_temporal_source_validation_unavailable|canonical_omitted_no_valid_interpretation_as_of_date|spot_assumptions_source_spot_price_hours|spot_assumptions_partial_above_threshold|spot_assumptions_raw_hourly_reconstruction|spot_assumptions_coverage_ratio_0.993836|spot_assumptions_expected_hours_8760|spot_assumptions_actual_hours_8706|observed_relational_uniform_monthly_consumption|relational_open_ended_no_proven_historical_adjustment_mechanism
2026-07-23,1vqefg-alajarven-sahko-oy-yleissahko-yrityksille,unclassified,,[],,,,,[],missing_historical_snapshot_identity|spot_assumptions_source_spot_price_hours|spot_assumptions_partial_above_threshold|spot_assumptions_raw_hourly_reconstruction|spot_assumptions_coverage_ratio_0.993836|spot_assumptions_expected_hours_8760|spot_assumptions_actual_hours_8706|observed_relational_uniform_monthly_consumption
2026-07-23,1xpsyz-paneliankosken-voima-oy-kosken-markkinawoima,spot,358,[18],1816,2026-07-28T03:55:29.000000Z,True,,"[105, 184]",historical_household_statistics_scope_assumed|canonical_interpretation_rejected_by_exact_target_validation|retrospective_exact_source_interpretation|exact_source_legacy_null_observation_binding|spot_assumptions_source_spot_price_hours|spot_assumptions_partial_above_threshold|spot_assumptions_raw_hourly_reconstruction|spot_assumptions_coverage_ratio_0.993836|spot_assumptions_expected_hours_8760|spot_assumptions_actual_hours_8706|spot_estimate_confidence_higher|spot_forward_curve_with_rolling_365_intraday_shape|partial_shape_coverage|forward_month_from_quarter_contract
2026-07-23,2dyexb-fortum-markets-oy-fortum-duo-12-kk,hybrid,236,[20],1028,2026-07-24T14:01:13.000000Z,True,,[],historical_household_statistics_scope_assumed|retrospective_exact_source_interpretation|exact_source_legacy_null_observation_binding|spot_assumptions_source_spot_price_hours|spot_assumptions_partial_above_threshold|spot_assumptions_raw_hourly_reconstruction|spot_assumptions_coverage_ratio_0.993836|spot_assumptions_expected_hours_8760|spot_assumptions_actual_hours_8706|excludes_consumption_effect
2026-07-23,2wzfba-oomi-oy-oomi-vakaa,open_ended,352,[23],1812,2026-07-28T03:53:03.000000Z,True,,[1029],historical_household_statistics_scope_assumed|canonical_interpretation_rejected_by_exact_target_validation|historical_temporal_source_validation_unavailable|retrospective_exact_source_interpretation|exact_source_legacy_null_observation_binding|spot_assumptions_source_spot_price_hours|spot_assumptions_partial_above_threshold|spot_assumptions_raw_hourly_reconstruction|spot_assumptions_coverage_ratio_0.993836|spot_assumptions_expected_hours_8760|spot_assumptions_actual_hours_8706|supplier_adjusted_tail_uses_comparable_forward_premium|supplier_adjusted_monthly_fee_held_flat|price_episode_observed_proxy|price_episode_left_censored|historical_exact_contract_only|price_episode_uses_dedicated_historical_interpretation|price_episode_uses_retrospective_exact_source_interpretation|missing_own_reference_using_comparable_premium|lower_confidence_energy_episode_proxy
2026-07-23,31vqfj-pohjois-karjalan-sahko-oy-optimi-takuu-12-kuukautta,fixed_term_12,32,[24],1580,2026-07-28T03:05:26.000000Z,True,,[],historical_household_statistics_scope_assumed|retrospective_exact_source_interpretation|exact_source_legacy_null_observation_binding|spot_assumptions_source_spot_price_hours|spot_assumptions_partial_above_threshold|spot_assumptions_raw_hourly_reconstruction|spot_assumptions_coverage_ratio_0.993836|spot_assumptions_expected_hours_8760|spot_assumptions_actual_hours_8706
2026-07-23,35idqf-vattenfall-oy-taysvesi-24-kk,fixed_term_24,190,[28],152,2026-07-23T23:24:58.000000Z,True,,[142],historical_household_statistics_scope_assumed|canonical_interpretation_rejected_by_exact_target_validation|retrospective_exact_source_interpretation|exact_source_legacy_null_observation_binding|spot_assumptions_source_spot_price_hours|spot_assumptions_partial_above_threshold|spot_assumptions_raw_hourly_reconstruction|spot_assumptions_coverage_ratio_0.993836|spot_assumptions_expected_hours_8760|spot_assumptions_actual_hours_8706
2026-07-23,3a9te1-korpelan-energia-oy-korpela-kesto-12-kk,unclassified,,[],,,,,[],missing_historical_snapshot_identity|spot_assumptions_source_spot_price_hours|spot_assumptions_partial_above_threshold|spot_assumptions_raw_hourly_reconstruction|spot_assumptions_coverage_ratio_0.993836|spot_assumptions_expected_hours_8760|spot_assumptions_actual_hours_8706|observed_relational_uniform_monthly_consumption
2026-07-23,3bdzoe-paneliankosken-voima-oy-kosken-kayttowoima-12-kk-kulutusjousto,hybrid,325,[30],1790,2026-07-28T03:49:31.000000Z,True,,[],historical_household_statistics_scope_assumed|retrospective_exact_source_interpretation|exact_source_legacy_null_observation_binding|spot_assumptions_source_spot_price_hours|spot_assumptions_partial_above_threshold|spot_assumptions_raw_hourly_reconstruction|spot_assumptions_coverage_ratio_0.993836|spot_assumptions_expected_hours_8760|spot_assumptions_actual_hours_8706
2026-07-23,3d2htj-vaasan-sahko-myynti-oy-kiintea-6-kk-yosahko-yrityksille,unclassified,,[],,,,,[],missing_historical_snapshot_identity|spot_assumptions_source_spot_price_hours|spot_assumptions_partial_above_threshold|spot_assumptions_raw_hourly_reconstruction|spot_assumptions_coverage_ratio_0.993836|spot_assumptions_expected_hours_8760|spot_assumptions_actual_hours_8706|observed_relational_uniform_monthly_consumption
2026-07-23,3dwf5t-hehku-energia-oy-hehku-yritysjousto-12-kk,unclassified,,[],,,,,[],missing_historical_snapshot_identity|spot_assumptions_source_spot_price_hours|spot_assumptions_partial_above_threshold|spot_assumptions_raw_hourly_reconstruction|spot_assumptions_coverage_ratio_0.993836|spot_assumptions_expected_hours_8760|spot_assumptions_actual_hours_8706|observed_relational_uniform_monthly_consumption
2026-07-23,3gqxn1-vaasan-sahko-myynti-oy-kiintea-12-kk-yosahko,fixed_term_12,99,[34],1634,2026-07-28T03:17:31.000000Z,True,,[],historical_household_statistics_scope_assumed|retrospective_exact_source_interpretation|exact_source_legacy_null_observation_binding|spot_assumptions_source_spot_price_hours|spot_assumptions_partial_above_threshold|spot_assumptions_raw_hourly_reconstruction|spot_assumptions_coverage_ratio_0.993836|spot_assumptions_expected_hours_8760|spot_assumptions_actual_hours_8706
2026-07-23,3sivst-helen-oy-helpposahko-s,open_ended,124,[37],1653,2026-07-28T03:21:17.000000Z,True,,[108],historical_household_statistics_scope_assumed|canonical_interpretation_rejected_by_exact_target_validation|retrospective_exact_source_interpretation|exact_source_legacy_null_observation_binding|spot_assumptions_source_spot_price_hours|spot_assumptions_partial_above_threshold|spot_assumptions_raw_hourly_reconstruction|spot_assumptions_coverage_ratio_0.993836|spot_assumptions_expected_hours_8760|spot_assumptions_actual_hours_8706
2026-07-23,408nd7-imatran-seudun-sahko-oy-ajantasa-kampanja-4-ensimmaista-kk-ilman-perusmaksua,spot,41,[39],1587,2026-07-28T03:06:55.000000Z,True,,[],historical_household_statistics_scope_assumed|retrospective_exact_source_interpretation|exact_source_legacy_null_observation_binding|spot_assumptions_source_spot_price_hours|spot_assumptions_partial_above_threshold|spot_assumptions_raw_hourly_reconstruction|spot_assumptions_coverage_ratio_0.993836|spot_assumptions_expected_hours_8760|spot_assumptions_actual_hours_8706|spot_estimate_confidence_higher|spot_forward_curve_with_rolling_365_intraday_shape|partial_shape_coverage|forward_month_from_quarter_contract
2026-07-23,42tuen-oomi-oy-oomi-kiintea-12-kk-yrityksille,unclassified,,[],,,,,[],missing_historical_snapshot_identity|spot_assumptions_source_spot_price_hours|spot_assumptions_partial_above_threshold|spot_assumptions_raw_hourly_reconstruction|spot_assumptions_coverage_ratio_0.993836|spot_assumptions_expected_hours_8760|spot_assumptions_actual_hours_8706|observed_relational_uniform_monthly_consumption
2026-07-23,4jxjsu-vihrea-alyenergia-oy-vakaa-valinta,open_ended,,[],,,,,[],canonical_omitted_no_covering_source_observation|historical_canonical_omitted_no_covering_current_builder_episode|spot_assumptions_source_spot_price_hours|spot_assumptions_partial_above_threshold|spot_assumptions_raw_hourly_reconstruction|spot_assumptions_coverage_ratio_0.993836|spot_assumptions_expected_hours_8760|spot_assumptions_actual_hours_8706|observed_relational_uniform_monthly_consumption|relational_open_ended_no_proven_historical_adjustment_mechanism
2026-07-23,4m1y0z-vaasan-sahko-myynti-oy-kiintea-24-kk-yleissahko-yrityksille,unclassified,,[],,,,,[],missing_historical_snapshot_identity|spot_assumptions_source_spot_price_hours|spot_assumptions_partial_above_threshold|spot_assumptions_raw_hourly_reconstruction|spot_assumptions_coverage_ratio_0.993836|spot_assumptions_expected_hours_8760|spot_assumptions_actual_hours_8706|observed_relational_uniform_monthly_consumption
2026-07-23,4rzdsm-lammaisten-energia-oy-toimitusvelvollinen-yleissahko,open_ended,65,[46],,,,,[],canonical_omitted_no_interpretation_as_of_date|spot_assumptions_source_spot_price_hours|spot_assumptions_partial_above_threshold|spot_assumptions_raw_hourly_reconstruction|spot_assumptions_coverage_ratio_0.993836|spot_assumptions_expected_hours_8760|spot_assumptions_actual_hours_8706|observed_relational_uniform_monthly_consumption|relational_open_ended_no_proven_historical_adjustment_mechanism
2026-07-23,4w4snx-omavoima-oy-oma-12kk-yleis,fixed_term_12,290,[58],1041,2026-07-24T14:05:01.000000Z,True,,[],historical_household_statistics_scope_assumed|retrospective_exact_source_interpretation|exact_source_legacy_null_observation_binding|spot_assumptions_source_spot_price_hours|spot_assumptions_partial_above_threshold|spot_assumptions_raw_hourly_reconstruction|spot_assumptions_coverage_ratio_0.993836|spot_assumptions_expected_hours_8760|spot_assumptions_actual_hours_8706
2026-07-23,4yalza-lumme-energia-vuosisahko-12-kk-hinta-joka-ei-heilu,fixed_term_12,337,[59],1042,2026-07-24T14:05:12.000000Z,True,,[],historical_household_statistics_scope_assumed|retrospective_exact_source_interpretation|exact_source_legacy_null_observation_binding|spot_assumptions_source_spot_price_hours|spot_assumptions_partial_above_threshold|spot_assumptions_raw_hourly_reconstruction|spot_assumptions_coverage_ratio_0.993836|spot_assumptions_expected_hours_8760|spot_assumptions_actual_hours_8706
2026-07-23,58qblq-porvoon-energia-oy-ilmastoviisas-24-kk-co2-paastottomasti-tuotettu-yrityksille,unclassified,,[],,,,,[],missing_historical_snapshot_identity|spot_assumptions_source_spot_price_hours|spot_assumptions_partial_above_threshold|spot_assumptions_raw_hourly_reconstruction|spot_assumptions_coverage_ratio_0.993836|spot_assumptions_expected_hours_8760|spot_assumptions_actual_hours_8706|observed_relational_uniform_monthly_consumption
2026-07-23,5avbab-hehku-energia-oy-hehku-kiintea-24-kk-0-kuukausimaksu-ensimmaiset-3-kk,fixed_term_24,153,[62],1678,2026-07-28T03:26:33.000000Z,True,,[],historical_household_statistics_scope_assumed|retrospective_exact_source_interpretation|exact_source_legacy_null_observation_binding|spot_assumptions_source_spot_price_hours|spot_assumptions_partial_above_threshold|spot_assumptions_raw_hourly_reconstruction|spot_assumptions_coverage_ratio_0.993836|spot_assumptions_expected_hours_8760|spot_assumptions_actual_hours_8706
2026-07-23,5chenx-nurmijarven-sahko-oy-kausisahko-1-vuotta,fixed_term_12,173,[64],1692,2026-07-28T03:29:20.000000Z,True,,[],historical_household_statistics_scope_assumed|retrospective_exact_source_interpretation|exact_source_legacy_null_observation_binding|spot_assumptions_source_spot_price_hours|spot_assumptions_partial_above_threshold|spot_assumptions_raw_hourly_reconstruction|spot_assumptions_coverage_ratio_0.993836|spot_assumptions_expected_hours_8760|spot_assumptions_actual_hours_8706
2026-07-23,5fkl0x-vaasan-sahko-myynti-oy-porssisahko-tuuli,spot,238,[67],1736,2026-07-28T03:38:16.000000Z,True,,[],historical_household_statistics_scope_assumed|retrospective_exact_source_interpretation|exact_source_legacy_null_observation_binding|spot_assumptions_source_spot_price_hours|spot_assumptions_partial_above_threshold|spot_assumptions_raw_hourly_reconstruction|spot_assumptions_coverage_ratio_0.993836|spot_assumptions_expected_hours_8760|spot_assumptions_actual_hours_8706|spot_estimate_confidence_higher|spot_forward_curve_with_rolling_365_intraday_shape|partial_shape_coverage|forward_month_from_quarter_contract
2026-07-23,5me61f-paneliankosken-voima-oy-kosken-kayttowoima-24-kk-kulutusjousto,hybrid,283,[68],1765,2026-07-28T03:44:27.000000Z,True,,[],historical_household_statistics_scope_assumed|retrospective_exact_source_interpretation|exact_source_legacy_null_observation_binding|spot_assumptions_source_spot_price_hours|spot_assumptions_partial_above_threshold|spot_assumptions_raw_hourly_reconstruction|spot_assumptions_coverage_ratio_0.993836|spot_assumptions_expected_hours_8760|spot_assumptions_actual_hours_8706|excludes_consumption_effect
2026-07-23,5s5r2e-hehku-energia-oy-hehku-hiilivapaa-12-kk-0-kuukausimaksu-ensimmaiset-3-kk,fixed_term_12,360,[69],1818,2026-07-28T03:55:51.000000Z,True,,[],historical_household_statistics_scope_assumed|retrospective_exact_source_interpretation|exact_source_legacy_null_observation_binding|spot_assumptions_source_spot_price_hours|spot_assumptions_partial_above_threshold|spot_assumptions_raw_hourly_reconstruction|spot_assumptions_coverage_ratio_0.993836|spot_assumptions_expected_hours_8760|spot_assumptions_actual_hours_8706
2026-07-23,5tgtrl-lammaisten-energia-oy-iisi-helpposahko-aikasahko-24-kk,fixed_term_24,10,[71],1561,2026-07-28T03:02:30.000000Z,True,,[],historical_household_statistics_scope_assumed|retrospective_exact_source_interpretation|exact_source_legacy_null_observation_binding|spot_assumptions_source_spot_price_hours|spot_assumptions_partial_above_threshold|spot_assumptions_raw_hourly_reconstruction|spot_assumptions_coverage_ratio_0.993836|spot_assumptions_expected_hours_8760|spot_assumptions_actual_hours_8706
2026-07-23,5vfds6-vattenfall-oy-yrityksen-ilmasto-mix-24-kk-perusmaksut-0-ensimmaiset-6-kk,unclassified,,[],,,,,[],missing_historical_snapshot_identity|spot_assumptions_source_spot_price_hours|spot_assumptions_partial_above_threshold|spot_assumptions_raw_hourly_reconstruction|spot_assumptions_coverage_ratio_0.993836|spot_assumptions_expected_hours_8760|spot_assumptions_actual_hours_8706|observed_relational_uniform_monthly_consumption
2026-07-23,5x48mf-fortum-markets-oy-fortum-tarkka,spot,240,[73],1738,2026-07-28T03:38:43.000000Z,True,,[],historical_household_statistics_scope_assumed|retrospective_exact_source_interpretation|exact_source_legacy_null_observation_binding|spot_assumptions_source_spot_price_hours|spot_assumptions_partial_above_threshold|spot_assumptions_raw_hourly_reconstruction|spot_assumptions_coverage_ratio_0.993836|spot_assumptions_expected_hours_8760|spot_assumptions_actual_hours_8706|spot_estimate_confidence_higher|spot_forward_curve_with_rolling_365_intraday_shape|partial_shape_coverage|forward_month_from_quarter_contract
2026-07-23,64ge8w-lumme-energia-perussahko,open_ended,3,[74],1557,2026-07-28T03:01:24.000000Z,True,,[69],historical_household_statistics_scope_assumed|canonical_interpretation_rejected_by_exact_target_validation|retrospective_exact_source_interpretation|exact_source_legacy_null_observation_binding|spot_assumptions_source_spot_price_hours|spot_assumptions_partial_above_threshold|spot_assumptions_raw_hourly_reconstruction|spot_assumptions_coverage_ratio_0.993836|spot_assumptions_expected_hours_8760|spot_assumptions_actual_hours_8706|reset_tail_shifted_on_forward_curve|unknown_periods_use_latest_applicable_price_or_disclosed_normal|forward_month_from_quarter_contract
2026-07-23,68g91h-keuruun-sahko-oy-yosahko,open_ended,16,[75],1566,2026-07-28T03:03:10.000000Z,True,,[122],historical_household_statistics_scope_assumed|canonical_interpretation_rejected_by_exact_target_validation|retrospective_exact_source_interpretation|exact_source_legacy_null_observation_binding|spot_assumptions_source_spot_price_hours|spot_assumptions_partial_above_threshold|spot_assumptions_raw_hourly_reconstruction|spot_assumptions_coverage_ratio_0.993836|spot_assumptions_expected_hours_8760|spot_assumptions_actual_hours_8706|supplier_adjusted_tail_uses_comparable_forward_premium|supplier_adjusted_monthly_fee_held_flat|price_episode_observed_proxy|price_episode_left_censored|historical_exact_contract_only|price_episode_uses_dedicated_historical_interpretation|calendar_gap_within_observed_price_episode|price_episode_uses_retrospective_exact_source_interpretation|missing_own_reference_using_comparable_premium|lower_confidence_energy_episode_proxy
2026-07-23,6bkvu5-korpelan-energia-oy-korpela-kesto-kiintea-12-kk,fixed_term_12,118,[76],1649,2026-07-28T03:20:25.000000Z,True,,[],historical_household_statistics_scope_assumed|retrospective_exact_source_interpretation|exact_source_legacy_null_observation_binding|spot_assumptions_source_spot_price_hours|spot_assumptions_partial_above_threshold|spot_assumptions_raw_hourly_reconstruction|spot_assumptions_coverage_ratio_0.993836|spot_assumptions_expected_hours_8760|spot_assumptions_actual_hours_8706
2026-07-23,6cefqo-lankosken-sahko-oy-porssisahko,unclassified,,[],,,,,[],missing_historical_snapshot_identity|spot_assumptions_source_spot_price_hours|spot_assumptions_partial_above_threshold|spot_assumptions_raw_hourly_reconstruction|spot_assumptions_coverage_ratio_0.993836|spot_assumptions_expected_hours_8760|spot_assumptions_actual_hours_8706|observed_relational_uniform_monthly_consumption
2026-07-23,6e4ly6-kokkolan-energia-oy-tyyni,open_ended,60,[80],,,,,"[55, 211, 630, 1055, 1605]",canonical_interpretation_rejected_by_exact_target_validation|historical_temporal_source_validation_unavailable|canonical_omitted_no_valid_interpretation_as_of_date|spot_assumptions_source_spot_price_hours|spot_assumptions_partial_above_threshold|spot_assumptions_raw_hourly_reconstruction|spot_assumptions_coverage_ratio_0.993836|spot_assumptions_expected_hours_8760|spot_assumptions_actual_hours_8706|observed_relational_uniform_monthly_consumption|relational_open_ended_no_proven_historical_adjustment_mechanism
2026-07-23,6jrged-vaasan-sahko-myynti-oy-kiintea-12-kk-yleissahko,fixed_term_12,322,[81],1787,2026-07-28T03:48:52.000000Z,True,,[],historical_household_statistics_scope_assumed|retrospective_exact_source_interpretation|exact_source_legacy_null_observation_binding|spot_assumptions_source_spot_price_hours|spot_assumptions_partial_above_threshold|spot_assumptions_raw_hourly_reconstruction|spot_assumptions_coverage_ratio_0.993836|spot_assumptions_expected_hours_8760|spot_assumptions_actual_hours_8706
2026-07-23,7gifco-aanekosken-energia-oy-aikasahko-6-kk,unclassified,,[],,,,,[],missing_historical_snapshot_identity|spot_assumptions_source_spot_price_hours|spot_assumptions_partial_above_threshold|spot_assumptions_raw_hourly_reconstruction|spot_assumptions_coverage_ratio_0.993836|spot_assumptions_expected_hours_8760|spot_assumptions_actual_hours_8706|observed_relational_uniform_monthly_consumption
2026-07-23,7hnemk-fortum-markets-oy-fortum-yritys-spot-portfolio,unclassified,,[],,,,,[],missing_historical_snapshot_identity|spot_assumptions_source_spot_price_hours|spot_assumptions_partial_above_threshold|spot_assumptions_raw_hourly_reconstruction|spot_assumptions_coverage_ratio_0.993836|spot_assumptions_expected_hours_8760|spot_assumptions_actual_hours_8706|observed_relational_uniform_monthly_consumption
2026-07-23,7tzr90-vihrea-alyenergia-oy-vankka-kiintea-12kk-fossiilivapaa,fixed_term_12,,[],,,,,[],canonical_omitted_no_covering_source_observation|historical_canonical_omitted_no_covering_current_builder_episode|spot_assumptions_source_spot_price_hours|spot_assumptions_partial_above_threshold|spot_assumptions_raw_hourly_reconstruction|spot_assumptions_coverage_ratio_0.993836|spot_assumptions_expected_hours_8760|spot_assumptions_actual_hours_8706|observed_relational_uniform_monthly_consumption
2026-07-23,7uiigw-vattenfall-oy-ilmasto-mix-12-kk-perusmaksut-0-ensimmaiset-3-kk,fixed_term_12,132,[98],1660,2026-07-28T03:22:51.000000Z,True,,[],historical_household_statistics_scope_assumed|retrospective_exact_source_interpretation|exact_source_legacy_null_observation_binding|spot_assumptions_source_spot_price_hours|spot_assumptions_partial_above_threshold|spot_assumptions_raw_hourly_reconstruction|spot_assumptions_coverage_ratio_0.993836|spot_assumptions_expected_hours_8760|spot_assumptions_actual_hours_8706
2026-07-23,7wccxi-korpelan-energia-oy-korpela-kesto-24-kk,hybrid,229,[99],1731,2026-07-28T03:37:08.000000Z,True,,[],historical_household_statistics_scope_assumed|retrospective_exact_source_interpretation|exact_source_legacy_null_observation_binding|spot_assumptions_source_spot_price_hours|spot_assumptions_partial_above_threshold|spot_assumptions_raw_hourly_reconstruction|spot_assumptions_coverage_ratio_0.993836|spot_assumptions_expected_hours_8760|spot_assumptions_actual_hours_8706|excludes_consumption_effect
2026-07-23,83lja0-turku-energia-oy-louna-vakio,unclassified,,[],,,,,[],missing_historical_snapshot_identity|spot_assumptions_source_spot_price_hours|spot_assumptions_partial_above_threshold|spot_assumptions_raw_hourly_reconstruction|spot_assumptions_coverage_ratio_0.993836|spot_assumptions_expected_hours_8760|spot_assumptions_actual_hours_8706|observed_relational_uniform_monthly_consumption
2026-07-23,83t7i7-pohjois-karjalan-sahko-oy-optimi-kuukausi,open_ended,157,[103],1681,2026-07-28T03:27:05.000000Z,True,,[],historical_household_statistics_scope_assumed|retrospective_exact_source_interpretation|exact_source_legacy_null_observation_binding|spot_assumptions_source_spot_price_hours|spot_assumptions_partial_above_threshold|spot_assumptions_raw_hourly_reconstruction|spot_assumptions_coverage_ratio_0.993836|spot_assumptions_expected_hours_8760|spot_assumptions_actual_hours_8706|reset_tail_shifted_on_forward_curve|unknown_periods_use_latest_applicable_price_or_disclosed_normal|forward_month_from_quarter_contract
2026-07-23,8gd02q-nurmijarven-sahko-oy-aikasahko-2-vuotta,fixed_term_24,364,[104],1822,2026-07-28T03:56:36.000000Z,True,,[],historical_household_statistics_scope_assumed|retrospective_exact_source_interpretation|exact_source_legacy_null_observation_binding|spot_assumptions_source_spot_price_hours|spot_assumptions_partial_above_threshold|spot_assumptions_raw_hourly_reconstruction|spot_assumptions_coverage_ratio_0.993836|spot_assumptions_expected_hours_8760|spot_assumptions_actual_hours_8706
2026-07-23,8lw2cg-turku-energia-oy-louna-helppo-l,open_ended,52,[106],1597,2026-07-28T03:09:09.000000Z,True,,[221],historical_household_statistics_scope_assumed|canonical_interpretation_rejected_by_exact_target_validation|retrospective_exact_source_interpretation|exact_source_legacy_null_observation_binding|spot_assumptions_source_spot_price_hours|spot_assumptions_partial_above_threshold|spot_assumptions_raw_hourly_reconstruction|spot_assumptions_coverage_ratio_0.993836|spot_assumptions_expected_hours_8760|spot_assumptions_actual_hours_8706
2026-07-23,8pktwg-kuoreveden-sahko-oy-porssisahko-100-uusiutuva,spot,19,[107],1569,2026-07-28T03:03:31.000000Z,True,,[],historical_household_statistics_scope_assumed|retrospective_exact_source_interpretation|exact_source_legacy_null_observation_binding|spot_assumptions_source_spot_price_hours|spot_assumptions_partial_above_threshold|spot_assumptions_raw_hourly_reconstruction|spot_assumptions_coverage_ratio_0.993836|spot_assumptions_expected_hours_8760|spot_assumptions_actual_hours_8706|spot_estimate_confidence_higher|spot_forward_curve_with_rolling_365_intraday_shape|partial_shape_coverage|forward_month_from_quarter_contract
2026-07-23,8prsel-pohjois-karjalan-sahko-oy-optimi-takuu-24-kuukautta,fixed_term_24,83,[108],1621,2026-07-28T03:15:02.000000Z,True,,[],historical_household_statistics_scope_assumed|retrospective_exact_source_interpretation|exact_source_legacy_null_observation_binding|spot_assumptions_source_spot_price_hours|spot_assumptions_partial_above_threshold|spot_assumptions_raw_hourly_reconstruction|spot_assumptions_coverage_ratio_0.993836|spot_assumptions_expected_hours_8760|spot_assumptions_actual_hours_8706
2026-07-23,8sabq6-pohjois-karjalan-sahko-oy-optimi-takuu-6-kuukautta,fixed_term_6,278,[109],1760,2026-07-28T03:43:15.000000Z,True,,[],historical_household_statistics_scope_assumed|retrospective_exact_source_interpretation|exact_source_legacy_null_observation_binding|spot_assumptions_source_spot_price_hours|spot_assumptions_partial_above_threshold|spot_assumptions_raw_hourly_reconstruction|spot_assumptions_coverage_ratio_0.993836|spot_assumptions_expected_hours_8760|spot_assumptions_actual_hours_8706|term_price_annualized
2026-07-23,8v2zuo-turku-energia-oy-louna-lahi-6kk,fixed_term_6,272,[111],1069,2026-07-24T14:13:24.000000Z,True,,[],historical_household_statistics_scope_assumed|retrospective_exact_source_interpretation|exact_source_legacy_null_observation_binding|spot_assumptions_source_spot_price_hours|spot_assumptions_partial_above_threshold|spot_assumptions_raw_hourly_reconstruction|spot_assumptions_coverage_ratio_0.993836|spot_assumptions_expected_hours_8760|spot_assumptions_actual_hours_8706|term_price_annualized
2026-07-23,8wsbp6-kokkolan-energia-oy-aalto-6-kk,fixed_term_6,267,[112],1752,2026-07-28T03:41:44.000000Z,True,,[],historical_household_statistics_scope_assumed|retrospective_exact_source_interpretation|exact_source_legacy_null_observation_binding|spot_assumptions_source_spot_price_hours|spot_assumptions_partial_above_threshold|spot_assumptions_raw_hourly_reconstruction|spot_assumptions_coverage_ratio_0.993836|spot_assumptions_expected_hours_8760|spot_assumptions_actual_hours_8706|term_price_annualized|excludes_consumption_effect
2026-07-23,8z7km7-keravan-energia-oy-joustosahko-luonnonvoima-12-kk,hybrid,315,[113],1782,2026-07-28T03:47:56.000000Z,True,,[],historical_household_statistics_scope_assumed|retrospective_exact_source_interpretation|exact_source_legacy_null_observation_binding|spot_assumptions_source_spot_price_hours|spot_assumptions_partial_above_threshold|spot_assumptions_raw_hourly_reconstruction|spot_assumptions_coverage_ratio_0.993836|spot_assumptions_expected_hours_8760|spot_assumptions_actual_hours_8706|excludes_consumption_effect
2026-07-23,95viqt-aanekosken-energia-oy-yleissahko-12-kk,unclassified,,[],,,,,[],missing_historical_snapshot_identity|spot_assumptions_source_spot_price_hours|spot_assumptions_partial_above_threshold|spot_assumptions_raw_hourly_reconstruction|spot_assumptions_coverage_ratio_0.993836|spot_assumptions_expected_hours_8760|spot_assumptions_actual_hours_8706|observed_relational_uniform_monthly_consumption
2026-07-23,9a16oh-hehku-energia-oy-hehku-spot,open_ended,309,[115],1778,2026-07-28T03:46:48.000000Z,True,,[45],historical_household_statistics_scope_assumed|canonical_interpretation_rejected_by_exact_target_validation|retrospective_exact_source_interpretation|exact_source_legacy_null_observation_binding|spot_assumptions_source_spot_price_hours|spot_assumptions_partial_above_threshold|spot_assumptions_raw_hourly_reconstruction|spot_assumptions_coverage_ratio_0.993836|spot_assumptions_expected_hours_8760|spot_assumptions_actual_hours_8706|spot_estimate_confidence_higher|spot_forward_curve_with_rolling_365_intraday_shape|partial_shape_coverage|forward_month_from_quarter_contract
2026-07-23,9nspx1-cheap-energy-finland-oy-cheap-markkinahintasahko-perusmaksu-0-ensimmaisen-kuukauden-ajan,spot,255,[119],1747,2026-07-28T03:40:31.000000Z,True,,[],historical_household_statistics_scope_assumed|retrospective_exact_source_interpretation|exact_source_legacy_null_observation_binding|spot_assumptions_source_spot_price_hours|spot_assumptions_partial_above_threshold|spot_assumptions_raw_hourly_reconstruction|spot_assumptions_coverage_ratio_0.993836|spot_assumptions_expected_hours_8760|spot_assumptions_actual_hours_8706|spot_estimate_confidence_higher|spot_forward_curve_with_rolling_365_intraday_shape|partial_shape_coverage|forward_month_from_quarter_contract
2026-07-23,9rfo6y-nurmijarven-sahko-oy-yleissahko-1-vuotta,fixed_term_12,230,[122],1732,2026-07-28T03:37:20.000000Z,True,,[],historical_household_statistics_scope_assumed|retrospective_exact_source_interpretation|exact_source_legacy_null_observation_binding|spot_assumptions_source_spot_price_hours|spot_assumptions_partial_above_threshold|spot_assumptions_raw_hourly_reconstruction|spot_assumptions_coverage_ratio_0.993836|spot_assumptions_expected_hours_8760|spot_assumptions_actual_hours_8706
2026-07-23,9rgh30-aalto-energia-oyj-huoleton,quarterly,223,[123],1726,2026-07-28T03:36:13.000000Z,True,,"[81, 1076]",historical_household_statistics_scope_assumed|canonical_interpretation_rejected_by_exact_target_validation|retrospective_exact_source_interpretation|exact_source_legacy_null_observation_binding|spot_assumptions_source_spot_price_hours|spot_assumptions_partial_above_threshold|spot_assumptions_raw_hourly_reconstruction|spot_assumptions_coverage_ratio_0.993836|spot_assumptions_expected_hours_8760|spot_assumptions_actual_hours_8706|reset_tail_shifted_on_forward_curve|forward_month_from_quarter_contract
2026-07-23,9ubuhn-aanekosken-energia-oy-porssisahko-tunti,unclassified,,[],,,,,[],missing_historical_snapshot_identity|spot_assumptions_source_spot_price_hours|spot_assumptions_partial_above_threshold|spot_assumptions_raw_hourly_reconstruction|spot_assumptions_coverage_ratio_0.993836|spot_assumptions_expected_hours_8760|spot_assumptions_actual_hours_8706|observed_relational_uniform_monthly_consumption
2026-07-23,9uczf8-nurmijarven-sahko-oy-porssisahko-tuuli,spot,220,[125],1723,2026-07-28T03:35:35.000000Z,True,,[],historical_household_statistics_scope_assumed|retrospective_exact_source_interpretation|exact_source_legacy_null_observation_binding|spot_assumptions_source_spot_price_hours|spot_assumptions_partial_above_threshold|spot_assumptions_raw_hourly_reconstruction|spot_assumptions_coverage_ratio_0.993836|spot_assumptions_expected_hours_8760|spot_assumptions_actual_hours_8706|spot_estimate_confidence_higher|spot_forward_curve_with_rolling_365_intraday_shape|partial_shape_coverage|forward_month_from_quarter_contract
2026-07-23,abmjtg-vattenfall-oy-yrityksen-ilmasto-mix-6-kk,unclassified,,[],,,,,[],missing_historical_snapshot_identity|spot_assumptions_source_spot_price_hours|spot_assumptions_partial_above_threshold|spot_assumptions_raw_hourly_reconstruction|spot_assumptions_coverage_ratio_0.993836|spot_assumptions_expected_hours_8760|spot_assumptions_actual_hours_8706|observed_relational_uniform_monthly_consumption
2026-07-23,agmt6u-aanekosken-energia-oy-aikasahko-24-kk,unclassified,,[],,,,,[],missing_historical_snapshot_identity|spot_assumptions_source_spot_price_hours|spot_assumptions_partial_above_threshold|spot_assumptions_raw_hourly_reconstruction|spot_assumptions_coverage_ratio_0.993836|spot_assumptions_expected_hours_8760|spot_assumptions_actual_hours_8706|observed_relational_uniform_monthly_consumption
2026-07-23,akhbwv-parikkalan-valo-oy-q-valo,open_ended,103,[130],1638,2026-07-28T03:18:15.000000Z,True,,[],historical_household_statistics_scope_assumed|retrospective_exact_source_interpretation|exact_source_legacy_null_observation_binding|spot_assumptions_source_spot_price_hours|spot_assumptions_partial_above_threshold|spot_assumptions_raw_hourly_reconstruction|spot_assumptions_coverage_ratio_0.993836|spot_assumptions_expected_hours_8760|spot_assumptions_actual_hours_8706|supplier_adjusted_tail_shifted_on_forward_curve|supplier_adjusted_monthly_fee_held_flat|price_episode_observed_proxy|price_episode_left_censored|historical_exact_contract_only|price_episode_uses_dedicated_historical_interpretation|price_episode_uses_retrospective_exact_source_interpretation|forward_month_from_quarter_contract
2026-07-23,aoihlu-hehku-energia-oy-hehku-kiintea-6kk,unclassified,,[],,,,,[],missing_historical_snapshot_identity|spot_assumptions_source_spot_price_hours|spot_assumptions_partial_above_threshold|spot_assumptions_raw_hourly_reconstruction|spot_assumptions_coverage_ratio_0.993836|spot_assumptions_expected_hours_8760|spot_assumptions_actual_hours_8706|observed_relational_uniform_monthly_consumption
2026-07-23,atagtz-nordic-green-energy-uusiutuva-hybridi-24kk,hybrid,77,[136],1615,2026-07-28T03:13:46.000000Z,True,,[],historical_household_statistics_scope_assumed|retrospective_exact_source_interpretation|exact_source_legacy_null_observation_binding|spot_assumptions_source_spot_price_hours|spot_assumptions_partial_above_threshold|spot_assumptions_raw_hourly_reconstruction|spot_assumptions_coverage_ratio_0.993836|spot_assumptions_expected_hours_8760|spot_assumptions_actual_hours_8706|excludes_consumption_effect
2026-07-23,avncdg-turku-energia-oy-louna-kuukausi,unclassified,,[],,,,,[],missing_historical_snapshot_identity|spot_assumptions_source_spot_price_hours|spot_assumptions_partial_above_threshold|spot_assumptions_raw_hourly_reconstruction|spot_assumptions_coverage_ratio_0.993836|spot_assumptions_expected_hours_8760|spot_assumptions_actual_hours_8706|observed_relational_uniform_monthly_consumption
2026-07-23,axillh-nordic-green-energy-ilmasto-porssisahko,spot,33,[138],1581,2026-07-28T03:05:44.000000Z,True,,[],historical_household_statistics_scope_assumed|retrospective_exact_source_interpretation|exact_source_legacy_null_observation_binding|spot_assumptions_source_spot_price_hours|spot_assumptions_partial_above_threshold|spot_assumptions_raw_hourly_reconstruction|spot_assumptions_coverage_ratio_0.993836|spot_assumptions_expected_hours_8760|spot_assumptions_actual_hours_8706|spot_estimate_confidence_higher|spot_forward_curve_with_rolling_365_intraday_shape|partial_shape_coverage|forward_month_from_quarter_contract
2026-07-23,ay26mi-porvoon-energia-oy-wind-12-kk-kotimainen-tuulisahko,fixed_term_12,175,[139],1086,2026-07-24T14:19:05.000000Z,True,,[],historical_household_statistics_scope_assumed|retrospective_exact_source_interpretation|exact_source_legacy_null_observation_binding|spot_assumptions_source_spot_price_hours|spot_assumptions_partial_above_threshold|spot_assumptions_raw_hourly_reconstruction|spot_assumptions_coverage_ratio_0.993836|spot_assumptions_expected_hours_8760|spot_assumptions_actual_hours_8706
2026-07-23,b5qvdo-vaasan-sahko-myynti-oy-kiintea-24-kk-yosahko,fixed_term_24,196,[141],1704,2026-07-28T03:31:43.000000Z,True,,[],historical_household_statistics_scope_assumed|retrospective_exact_source_interpretation|exact_source_legacy_null_observation_binding|spot_assumptions_source_spot_price_hours|spot_assumptions_partial_above_threshold|spot_assumptions_raw_hourly_reconstruction|spot_assumptions_coverage_ratio_0.993836|spot_assumptions_expected_hours_8760|spot_assumptions_actual_hours_8706
2026-07-23,b6dnte-fortum-markets-oy-yritys-varma-12kk-yleissahko,unclassified,,[],,,,,[],missing_historical_snapshot_identity|spot_assumptions_source_spot_price_hours|spot_assumptions_partial_above_threshold|spot_assumptions_raw_hourly_reconstruction|spot_assumptions_coverage_ratio_0.993836|spot_assumptions_expected_hours_8760|spot_assumptions_actual_hours_8706|observed_relational_uniform_monthly_consumption
2026-07-23,bfcizc-nordic-green-energy-ilmasto-hybridi-12kk,hybrid,212,[145],1716,2026-07-28T03:34:01.000000Z,True,,[],historical_household_statistics_scope_assumed|retrospective_exact_source_interpretation|exact_source_legacy_null_observation_binding|spot_assumptions_source_spot_price_hours|spot_assumptions_partial_above_threshold|spot_assumptions_raw_hourly_reconstruction|spot_assumptions_coverage_ratio_0.993836|spot_assumptions_expected_hours_8760|spot_assumptions_actual_hours_8706|excludes_consumption_effect
2026-07-23,bgbqwj-imatran-seudun-sahko-oy-huoleton,open_ended,234,[146],1734,2026-07-28T03:37:48.000000Z,True,,[],historical_household_statistics_scope_assumed|retrospective_exact_source_interpretation|exact_source_legacy_null_observation_binding|spot_assumptions_source_spot_price_hours|spot_assumptions_partial_above_threshold|spot_assumptions_raw_hourly_reconstruction|spot_assumptions_coverage_ratio_0.993836|spot_assumptions_expected_hours_8760|spot_assumptions_actual_hours_8706|supplier_adjusted_tail_shifted_on_forward_curve|supplier_adjusted_monthly_fee_held_flat|price_episode_observed_proxy|price_episode_left_censored|historical_exact_contract_only|prior_energy_evidence_changed_unknown_or_conflicting|price_episode_uses_retrospective_exact_source_interpretation|forward_month_from_quarter_contract
2026-07-23,bigx3s-lammaisten-energia-oy-iisi-helpposahko-kausisahko-24-kk,fixed_term_24,343,[147],1807,2026-07-28T03:52:14.000000Z,True,,[],historical_household_statistics_scope_assumed|retrospective_exact_source_interpretation|exact_source_legacy_null_observation_binding|spot_assumptions_source_spot_price_hours|spot_assumptions_partial_above_threshold|spot_assumptions_raw_hourly_reconstruction|spot_assumptions_coverage_ratio_0.993836|spot_assumptions_expected_hours_8760|spot_assumptions_actual_hours_8706
2026-07-23,bihtmf-omavoima-oy-priimaplus,unclassified,,[],,,,,[],missing_historical_snapshot_identity|spot_assumptions_source_spot_price_hours|spot_assumptions_partial_above_threshold|spot_assumptions_raw_hourly_reconstruction|spot_assumptions_coverage_ratio_0.993836|spot_assumptions_expected_hours_8760|spot_assumptions_actual_hours_8706|observed_relational_uniform_monthly_consumption
2026-07-23,bk8wnd-pohjois-karjalan-sahko-oy-optimi-takuu-6-kuukautta,fixed_term_6,378,[149],1833,2026-07-28T03:58:59.000000Z,True,,[],historical_household_statistics_scope_assumed|retrospective_exact_source_interpretation|exact_source_legacy_null_observation_binding|spot_assumptions_source_spot_price_hours|spot_assumptions_partial_above_threshold|spot_assumptions_raw_hourly_reconstruction|spot_assumptions_coverage_ratio_0.993836|spot_assumptions_expected_hours_8760|spot_assumptions_actual_hours_8706|term_price_annualized
2026-07-23,bkzokt-keravan-energia-oy-biokvartaalisahko,quarterly,156,[150],1680,2026-07-28T03:26:55.000000Z,True,,[],historical_household_statistics_scope_assumed|retrospective_exact_source_interpretation|exact_source_legacy_null_observation_binding|spot_assumptions_source_spot_price_hours|spot_assumptions_partial_above_threshold|spot_assumptions_raw_hourly_reconstruction|spot_assumptions_coverage_ratio_0.993836|spot_assumptions_expected_hours_8760|spot_assumptions_actual_hours_8706|reset_tail_shifted_on_forward_curve|forward_month_from_quarter_contract
2026-07-23,bl8nmw-vaasan-sahko-myynti-oy-kuukausipaketti-m,open_ended,155,[151],1679,2026-07-28T03:26:42.000000Z,True,,[1095],historical_household_statistics_scope_assumed|canonical_interpretation_rejected_by_exact_target_validation|retrospective_exact_source_interpretation|exact_source_legacy_null_observation_binding|spot_assumptions_source_spot_price_hours|spot_assumptions_partial_above_threshold|spot_assumptions_raw_hourly_reconstruction|spot_assumptions_coverage_ratio_0.993836|spot_assumptions_expected_hours_8760|spot_assumptions_actual_hours_8706
2026-07-23,brxibd-aalto-energia-oyj-tyyni-vakiohinta,open_ended,203,[153],1710,2026-07-28T03:32:51.000000Z,True,,[1096],historical_household_statistics_scope_assumed|canonical_interpretation_rejected_by_exact_target_validation|historical_temporal_source_validation_unavailable|retrospective_exact_source_interpretation|exact_source_legacy_null_observation_binding|spot_assumptions_source_spot_price_hours|spot_assumptions_partial_above_threshold|spot_assumptions_raw_hourly_reconstruction|spot_assumptions_coverage_ratio_0.993836|spot_assumptions_expected_hours_8760|spot_assumptions_actual_hours_8706
2026-07-23,bsexv2-vihrea-alyenergia-oy-verraton-yrityksille-3kk-ilman-perusmaksua,unclassified,,[],,,,,[],missing_historical_snapshot_identity|spot_assumptions_source_spot_price_hours|spot_assumptions_partial_above_threshold|spot_assumptions_raw_hourly_reconstruction|spot_assumptions_coverage_ratio_0.993836|spot_assumptions_expected_hours_8760|spot_assumptions_actual_hours_8706|observed_relational_uniform_monthly_consumption
2026-07-23,bskkkf-vaasan-sahko-myynti-oy-toimitusvelvollinen-perussahko,quarterly,432,[155],253,2026-07-24T03:45:14.000000Z,True,,"[673, 1098, 1886]",historical_household_statistics_scope_assumed|canonical_interpretation_rejected_by_exact_target_validation|historical_temporal_source_validation_unavailable|retrospective_exact_source_interpretation|exact_source_legacy_null_observation_binding|spot_assumptions_source_spot_price_hours|spot_assumptions_partial_above_threshold|spot_assumptions_raw_hourly_reconstruction|spot_assumptions_coverage_ratio_0.993836|spot_assumptions_expected_hours_8760|spot_assumptions_actual_hours_8706|reset_tail_shifted_on_forward_curve|forward_month_from_quarter_contract
2026-07-23,bxs18u-nurmijarven-sahko-oy-yleissahko-2-vuotta,fixed_term_24,160,[156],1684,2026-07-28T03:27:32.000000Z,True,,[],historical_household_statistics_scope_assumed|retrospective_exact_source_interpretation|exact_source_legacy_null_observation_binding|spot_assumptions_source_spot_price_hours|spot_assumptions_partial_above_threshold|spot_assumptions_raw_hourly_reconstruction|spot_assumptions_coverage_ratio_0.993836|spot_assumptions_expected_hours_8760|spot_assumptions_actual_hours_8706
2026-07-23,ccs6hf-keuruun-sahko-oy-yleissahko,open_ended,17,[162],1567,2026-07-28T03:03:17.000000Z,True,,[],historical_household_statistics_scope_assumed|retrospective_exact_source_interpretation|exact_source_legacy_null_observation_binding|spot_assumptions_source_spot_price_hours|spot_assumptions_partial_above_threshold|spot_assumptions_raw_hourly_reconstruction|spot_assumptions_coverage_ratio_0.993836|spot_assumptions_expected_hours_8760|spot_assumptions_actual_hours_8706|supplier_adjusted_tail_uses_comparable_forward_premium|supplier_adjusted_monthly_fee_held_flat|price_episode_observed_proxy|price_episode_left_censored|historical_exact_contract_only|price_episode_uses_dedicated_historical_interpretation|calendar_gap_within_observed_price_episode|price_episode_uses_retrospective_exact_source_interpretation|missing_own_reference_using_comparable_premium|lower_confidence_energy_episode_proxy
2026-07-23,ce93q5-vaasan-sahko-myynti-oy-tuulisahko-yosahko-yrityksille,unclassified,,[],,,,,[],missing_historical_snapshot_identity|spot_assumptions_source_spot_price_hours|spot_assumptions_partial_above_threshold|spot_assumptions_raw_hourly_reconstruction|spot_assumptions_coverage_ratio_0.993836|spot_assumptions_expected_hours_8760|spot_assumptions_actual_hours_8706|observed_relational_uniform_monthly_consumption
2026-07-23,cejarn-oomi-oy-oomi-jousto-24-kk,hybrid,297,[165],145,2026-07-23T23:11:45.000000Z,True,,[],historical_household_statistics_scope_assumed|retrospective_exact_source_interpretation|exact_source_legacy_null_observation_binding|spot_assumptions_source_spot_price_hours|spot_assumptions_partial_above_threshold|spot_assumptions_raw_hourly_reconstruction|spot_assumptions_coverage_ratio_0.993836|spot_assumptions_expected_hours_8760|spot_assumptions_actual_hours_8706|excludes_consumption_effect
2026-07-23,cjnnmf-cheap-energy-finland-oy-cheap-maaraaikainen-24-kk-0-kuukausimaksu-ensimmaiset-4-kk,fixed_term_24,347,[166],1810,2026-07-28T03:52:43.000000Z,True,,[],historical_household_statistics_scope_assumed|retrospective_exact_source_interpretation|exact_source_legacy_null_observation_binding|spot_assumptions_source_spot_price_hours|spot_assumptions_partial_above_threshold|spot_assumptions_raw_hourly_reconstruction|spot_assumptions_coverage_ratio_0.993836|spot_assumptions_expected_hours_8760|spot_assumptions_actual_hours_8706
2026-07-23,clzibi-keravan-energia-oy-joustosahko-luonnonvoima-24-kk,hybrid,200,[167],1103,2026-07-24T14:23:46.000000Z,True,,[],historical_household_statistics_scope_assumed|retrospective_exact_source_interpretation|exact_source_legacy_null_observation_binding|spot_assumptions_source_spot_price_hours|spot_assumptions_partial_above_threshold|spot_assumptions_raw_hourly_reconstruction|spot_assumptions_coverage_ratio_0.993836|spot_assumptions_expected_hours_8760|spot_assumptions_actual_hours_8706|excludes_consumption_effect
2026-07-23,cnukun-lammaisten-energia-oy-iisi-helpposahko-yleissahko-24-kk,fixed_term_24,302,[168],1775,2026-07-28T03:46:14.000000Z,True,,[],historical_household_statistics_scope_assumed|retrospective_exact_source_interpretation|exact_source_legacy_null_observation_binding|spot_assumptions_source_spot_price_hours|spot_assumptions_partial_above_threshold|spot_assumptions_raw_hourly_reconstruction|spot_assumptions_coverage_ratio_0.993836|spot_assumptions_expected_hours_8760|spot_assumptions_actual_hours_8706
2026-07-23,crzhcm-vattenfall-oy-yrityksen-taysvesi-12-kk,unclassified,,[],,,,,[],missing_historical_snapshot_identity|spot_assumptions_source_spot_price_hours|spot_assumptions_partial_above_threshold|spot_assumptions_raw_hourly_reconstruction|spot_assumptions_coverage_ratio_0.993836|spot_assumptions_expected_hours_8760|spot_assumptions_actual_hours_8706|observed_relational_uniform_monthly_consumption
2026-07-23,ctngqh-imatran-seudun-sahko-oy-voima-12-kk,fixed_term_12,333,[172],1798,2026-07-28T03:50:54.000000Z,True,,[],historical_household_statistics_scope_assumed|retrospective_exact_source_interpretation|exact_source_legacy_null_observation_binding|spot_assumptions_source_spot_price_hours|spot_assumptions_partial_above_threshold|spot_assumptions_raw_hourly_reconstruction|spot_assumptions_coverage_ratio_0.993836|spot_assumptions_expected_hours_8760|spot_assumptions_actual_hours_8706
2026-07-23,cusb9y-omavoima-oy-priima,spot,87,[173],1625,2026-07-28T03:15:53.000000Z,True,,[],historical_household_statistics_scope_assumed|retrospective_exact_source_interpretation|exact_source_legacy_null_observation_binding|spot_assumptions_source_spot_price_hours|spot_assumptions_partial_above_threshold|spot_assumptions_raw_hourly_reconstruction|spot_assumptions_coverage_ratio_0.993836|spot_assumptions_expected_hours_8760|spot_assumptions_actual_hours_8706|spot_estimate_confidence_higher|spot_forward_curve_with_rolling_365_intraday_shape|partial_shape_coverage|forward_month_from_quarter_contract
2026-07-23,cxdwul-kokkolan-energia-oy-surffari-kesakampanja,spot,162,[174],1686,2026-07-28T03:28:14.000000Z,True,,[163],historical_household_statistics_scope_assumed|canonical_interpretation_rejected_by_exact_target_validation|retrospective_exact_source_interpretation|exact_source_legacy_null_observation_binding|spot_assumptions_source_spot_price_hours|spot_assumptions_partial_above_threshold|spot_assumptions_raw_hourly_reconstruction|spot_assumptions_coverage_ratio_0.993836|spot_assumptions_expected_hours_8760|spot_assumptions_actual_hours_8706|spot_estimate_confidence_higher|spot_forward_curve_with_rolling_365_intraday_shape|partial_shape_coverage|forward_month_from_quarter_contract
2026-07-23,cxvuwg-vattenfall-oy-optimi-porssisahko-tuuli,spot,332,[175],1797,2026-07-28T03:50:45.000000Z,True,,[],historical_household_statistics_scope_assumed|retrospective_exact_source_interpretation|exact_source_legacy_null_observation_binding|spot_assumptions_source_spot_price_hours|spot_assumptions_partial_above_threshold|spot_assumptions_raw_hourly_reconstruction|spot_assumptions_coverage_ratio_0.993836|spot_assumptions_expected_hours_8760|spot_assumptions_actual_hours_8706|spot_estimate_confidence_higher|spot_forward_curve_with_rolling_365_intraday_shape|partial_shape_coverage|forward_month_from_quarter_contract
2026-07-23,d01at1-helen-oy-spot-sahko,unclassified,,[],,,,,[],missing_historical_snapshot_identity|spot_assumptions_source_spot_price_hours|spot_assumptions_partial_above_threshold|spot_assumptions_raw_hourly_reconstruction|spot_assumptions_coverage_ratio_0.993836|spot_assumptions_expected_hours_8760|spot_assumptions_actual_hours_8706|observed_relational_uniform_monthly_consumption
2026-07-23,d5h1uq-keravan-energia-oy-fiksusahko,spot,134,[177],1661,2026-07-28T03:23:03.000000Z,True,,[],historical_household_statistics_scope_assumed|retrospective_exact_source_interpretation|exact_source_legacy_null_observation_binding|spot_assumptions_source_spot_price_hours|spot_assumptions_partial_above_threshold|spot_assumptions_raw_hourly_reconstruction|spot_assumptions_coverage_ratio_0.993836|spot_assumptions_expected_hours_8760|spot_assumptions_actual_hours_8706|spot_estimate_confidence_higher|spot_forward_curve_with_rolling_365_intraday_shape|partial_shape_coverage|forward_month_from_quarter_contract
2026-07-23,d6kml6-herrfors-oy-ab-spot-sahko-100-uusiutuva-sahko,spot,342,[178],1806,2026-07-28T03:52:07.000000Z,True,,[],historical_household_statistics_scope_assumed|retrospective_exact_source_interpretation|exact_source_legacy_null_observation_binding|spot_assumptions_source_spot_price_hours|spot_assumptions_partial_above_threshold|spot_assumptions_raw_hourly_reconstruction|spot_assumptions_coverage_ratio_0.993836|spot_assumptions_expected_hours_8760|spot_assumptions_actual_hours_8706|spot_estimate_confidence_higher|spot_forward_curve_with_rolling_365_intraday_shape|partial_shape_coverage|forward_month_from_quarter_contract
2026-07-23,dbbnct-imatran-seudun-sahko-oy-yritys-spot,unclassified,,[],,,,,[],missing_historical_snapshot_identity|spot_assumptions_source_spot_price_hours|spot_assumptions_partial_above_threshold|spot_assumptions_raw_hourly_reconstruction|spot_assumptions_coverage_ratio_0.993836|spot_assumptions_expected_hours_8760|spot_assumptions_actual_hours_8706|observed_relational_uniform_monthly_consumption
2026-07-23,dcesdg-vattenfall-oy-yrityksen-taystuuli-24-kk,unclassified,,[],,,,,[],missing_historical_snapshot_identity|spot_assumptions_source_spot_price_hours|spot_assumptions_partial_above_threshold|spot_assumptions_raw_hourly_reconstruction|spot_assumptions_coverage_ratio_0.993836|spot_assumptions_expected_hours_8760|spot_assumptions_actual_hours_8706|observed_relational_uniform_monthly_consumption
2026-07-23,depdmn-pohjois-karjalan-sahko-oy-priima,spot,102,[184],1637,2026-07-28T03:18:08.000000Z,True,,[],historical_household_statistics_scope_assumed|retrospective_exact_source_interpretation|exact_source_legacy_null_observation_binding|spot_assumptions_source_spot_price_hours|spot_assumptions_partial_above_threshold|spot_assumptions_raw_hourly_reconstruction|spot_assumptions_coverage_ratio_0.993836|spot_assumptions_expected_hours_8760|spot_assumptions_actual_hours_8706|spot_estimate_confidence_higher|spot_forward_curve_with_rolling_365_intraday_shape|partial_shape_coverage|forward_month_from_quarter_contract
2026-07-23,dgh71e-turku-energia-oy-louna-helppo-m,open_ended,382,[185],1837,2026-07-28T03:59:56.000000Z,True,,[269],historical_household_statistics_scope_assumed|canonical_interpretation_rejected_by_exact_target_validation|retrospective_exact_source_interpretation|exact_source_legacy_null_observation_binding|spot_assumptions_source_spot_price_hours|spot_assumptions_partial_above_threshold|spot_assumptions_raw_hourly_reconstruction|spot_assumptions_coverage_ratio_0.993836|spot_assumptions_expected_hours_8760|spot_assumptions_actual_hours_8706
2026-07-23,difwxj-vattenfall-oy-yrityksen-optimi-porssisahko-perusmaksut-50-ensimmaiset-12-kuukautta,unclassified,,[],,,,,[],missing_historical_snapshot_identity|spot_assumptions_source_spot_price_hours|spot_assumptions_partial_above_threshold|spot_assumptions_raw_hourly_reconstruction|spot_assumptions_coverage_ratio_0.993836|spot_assumptions_expected_hours_8760|spot_assumptions_actual_hours_8706|observed_relational_uniform_monthly_consumption
2026-07-23,djobdk-vihrea-alyenergia-oy-vire-tuuli-opiskelija,spot,336,[187],,,,,"[159, 271, 692, 1117, 1801]",canonical_interpretation_rejected_by_exact_target_validation|historical_temporal_source_validation_unavailable|canonical_omitted_no_valid_interpretation_as_of_date|spot_assumptions_source_spot_price_hours|spot_assumptions_partial_above_threshold|spot_assumptions_raw_hourly_reconstruction|spot_assumptions_coverage_ratio_0.993836|spot_assumptions_expected_hours_8760|spot_assumptions_actual_hours_8706|observed_relational_uniform_monthly_consumption|spot_estimate_confidence_higher|partial_shape_coverage|forward_month_from_quarter_contract
2026-07-23,dkeces-vaasan-sahko-myynti-oy-perussahko-yosahko,quarterly,365,[188],1118,2026-07-24T14:27:26.000000Z,True,,"[693, 1823]",historical_household_statistics_scope_assumed|canonical_interpretation_rejected_by_exact_target_validation|historical_temporal_source_validation_unavailable|retrospective_exact_source_interpretation|exact_source_legacy_null_observation_binding|spot_assumptions_source_spot_price_hours|spot_assumptions_partial_above_threshold|spot_assumptions_raw_hourly_reconstruction|spot_assumptions_coverage_ratio_0.993836|spot_assumptions_expected_hours_8760|spot_assumptions_actual_hours_8706|reset_tail_shifted_on_forward_curve|unknown_periods_use_latest_applicable_price_or_disclosed_normal|forward_month_from_quarter_contract
2026-07-23,dki9kg-helen-oy-valkkysahko-yritys,unclassified,,[],,,,,[],missing_historical_snapshot_identity|spot_assumptions_source_spot_price_hours|spot_assumptions_partial_above_threshold|spot_assumptions_raw_hourly_reconstruction|spot_assumptions_coverage_ratio_0.993836|spot_assumptions_expected_hours_8760|spot_assumptions_actual_hours_8706|observed_relational_uniform_monthly_consumption
2026-07-23,dkzws6-koillis-satakunnan-sahko-oy-ikiwirta-12-kk,fixed_term_12,306,[199],1120,2026-07-24T14:27:51.000000Z,True,,[],historical_household_statistics_scope_assumed|retrospective_exact_source_interpretation|exact_source_legacy_null_observation_binding|spot_assumptions_source_spot_price_hours|spot_assumptions_partial_above_threshold|spot_assumptions_raw_hourly_reconstruction|spot_assumptions_coverage_ratio_0.993836|spot_assumptions_expected_hours_8760|spot_assumptions_actual_hours_8706
2026-07-23,dnxerq-fortum-markets-oy-fortum-kesto-kausisahko,open_ended,138,[200],1665,2026-07-28T03:24:04.000000Z,True,,[77],historical_household_statistics_scope_assumed|canonical_interpretation_rejected_by_exact_target_validation|retrospective_exact_source_interpretation|exact_source_legacy_null_observation_binding|spot_assumptions_source_spot_price_hours|spot_assumptions_partial_above_threshold|spot_assumptions_raw_hourly_reconstruction|spot_assumptions_coverage_ratio_0.993836|spot_assumptions_expected_hours_8760|spot_assumptions_actual_hours_8706|supplier_adjusted_tail_shifted_on_forward_curve|supplier_adjusted_monthly_fee_held_flat|price_episode_observed_proxy|price_episode_left_censored|historical_exact_contract_only|prior_energy_evidence_changed_unknown_or_conflicting|price_episode_uses_retrospective_exact_source_interpretation|forward_month_from_quarter_contract
2026-07-23,dohczy-lumme-energia-joustosahko-24-kk-vaikuta-itse-sahkosi-hintaan,hybrid,182,[201],1122,2026-07-24T14:28:28.000000Z,True,,[],historical_household_statistics_scope_assumed|retrospective_exact_source_interpretation|exact_source_legacy_null_observation_binding|spot_assumptions_source_spot_price_hours|spot_assumptions_partial_above_threshold|spot_assumptions_raw_hourly_reconstruction|spot_assumptions_coverage_ratio_0.993836|spot_assumptions_expected_hours_8760|spot_assumptions_actual_hours_8706|excludes_consumption_effect
2026-07-23,du8tnu-vattenfall-oy-yrityksen-optimi-porssisahko-vesi,unclassified,,[],,,,,[],missing_historical_snapshot_identity|spot_assumptions_source_spot_price_hours|spot_assumptions_partial_above_threshold|spot_assumptions_raw_hourly_reconstruction|spot_assumptions_coverage_ratio_0.993836|spot_assumptions_expected_hours_8760|spot_assumptions_actual_hours_8706|observed_relational_uniform_monthly_consumption
2026-07-23,dwoas0-turku-energia-oy-louna-lahi-24kk,fixed_term_24,243,[204],1124,2026-07-24T14:28:48.000000Z,True,,[],historical_household_statistics_scope_assumed|retrospective_exact_source_interpretation|exact_source_legacy_null_observation_binding|spot_assumptions_source_spot_price_hours|spot_assumptions_partial_above_threshold|spot_assumptions_raw_hourly_reconstruction|spot_assumptions_coverage_ratio_0.993836|spot_assumptions_expected_hours_8760|spot_assumptions_actual_hours_8706
2026-07-23,dyxylq-vattenfall-oy-taystuuli-12-kk,fixed_term_12,101,[205],1636,2026-07-28T03:17:59.000000Z,True,,[],historical_household_statistics_scope_assumed|retrospective_exact_source_interpretation|exact_source_legacy_null_observation_binding|spot_assumptions_source_spot_price_hours|spot_assumptions_partial_above_threshold|spot_assumptions_raw_hourly_reconstruction|spot_assumptions_coverage_ratio_0.993836|spot_assumptions_expected_hours_8760|spot_assumptions_actual_hours_8706
2026-07-23,dyykyx-helen-oy-helpposahko-xs,open_ended,70,[206],1611,2026-07-28T03:12:55.000000Z,True,,[],historical_household_statistics_scope_assumed|retrospective_exact_source_interpretation|exact_source_legacy_null_observation_binding|spot_assumptions_source_spot_price_hours|spot_assumptions_partial_above_threshold|spot_assumptions_raw_hourly_reconstruction|spot_assumptions_coverage_ratio_0.993836|spot_assumptions_expected_hours_8760|spot_assumptions_actual_hours_8706|historical_consumption_out_of_range
2026-07-23,dzs9fd-oomi-oy-oomi-jousto-12-kk,hybrid,120,[207],156,2026-07-23T23:26:14.000000Z,True,,[],historical_household_statistics_scope_assumed|retrospective_exact_source_interpretation|exact_source_legacy_null_observation_binding|spot_assumptions_source_spot_price_hours|spot_assumptions_partial_above_threshold|spot_assumptions_raw_hourly_reconstruction|spot_assumptions_coverage_ratio_0.993836|spot_assumptions_expected_hours_8760|spot_assumptions_actual_hours_8706|excludes_consumption_effect
2026-07-23,e4ohro-vattenfall-oy-optimi-porssisahko-vesi,spot,158,[210],1682,2026-07-28T03:27:16.000000Z,True,,[],historical_household_statistics_scope_assumed|retrospective_exact_source_interpretation|exact_source_legacy_null_observation_binding|spot_assumptions_source_spot_price_hours|spot_assumptions_partial_above_threshold|spot_assumptions_raw_hourly_reconstruction|spot_assumptions_coverage_ratio_0.993836|spot_assumptions_expected_hours_8760|spot_assumptions_actual_hours_8706|spot_estimate_confidence_higher|spot_forward_curve_with_rolling_365_intraday_shape|partial_shape_coverage|forward_month_from_quarter_contract
2026-07-23,e5oskc-porvoon-energia-oy-ilmastoviisas-12-kk-co2-paastottomasti-tuotettu,fixed_term_12,11,[211],1128,2026-07-24T14:29:42.000000Z,True,,[],historical_household_statistics_scope_assumed|retrospective_exact_source_interpretation|exact_source_legacy_null_observation_binding|spot_assumptions_source_spot_price_hours|spot_assumptions_partial_above_threshold|spot_assumptions_raw_hourly_reconstruction|spot_assumptions_coverage_ratio_0.993836|spot_assumptions_expected_hours_8760|spot_assumptions_actual_hours_8706
2026-07-23,ecjsml-vimpelin-voima-oy-spot-energia,spot,115,[213],1647,2026-07-28T03:19:56.000000Z,True,,[],historical_household_statistics_scope_assumed|retrospective_exact_source_interpretation|exact_source_legacy_null_observation_binding|spot_assumptions_source_spot_price_hours|spot_assumptions_partial_above_threshold|spot_assumptions_raw_hourly_reconstruction|spot_assumptions_coverage_ratio_0.993836|spot_assumptions_expected_hours_8760|spot_assumptions_actual_hours_8706|spot_estimate_confidence_higher|spot_forward_curve_with_rolling_365_intraday_shape|partial_shape_coverage|forward_month_from_quarter_contract
2026-07-23,edr0rh-vattenfall-oy-optimi-porssisahko,spot,119,[216],1650,2026-07-28T03:20:38.000000Z,True,,[],historical_household_statistics_scope_assumed|retrospective_exact_source_interpretation|exact_source_legacy_null_observation_binding|spot_assumptions_source_spot_price_hours|spot_assumptions_partial_above_threshold|spot_assumptions_raw_hourly_reconstruction|spot_assumptions_coverage_ratio_0.993836|spot_assumptions_expected_hours_8760|spot_assumptions_actual_hours_8706|spot_estimate_confidence_higher|spot_forward_curve_with_rolling_365_intraday_shape|partial_shape_coverage|forward_month_from_quarter_contract
2026-07-23,egue10-koylion-sakylan-sahko-oy-lallin-maaris-1v,fixed_term_12,218,[219],1721,2026-07-28T03:34:55.000000Z,True,,[],historical_household_statistics_scope_assumed|retrospective_exact_source_interpretation|exact_source_legacy_null_observation_binding|spot_assumptions_source_spot_price_hours|spot_assumptions_partial_above_threshold|spot_assumptions_raw_hourly_reconstruction|spot_assumptions_coverage_ratio_0.993836|spot_assumptions_expected_hours_8760|spot_assumptions_actual_hours_8706
2026-07-23,ehpblq-turku-energia-oy-louna-lahi-12kk,fixed_term_12,76,[220],1133,2026-07-24T14:30:58.000000Z,True,,[],historical_household_statistics_scope_assumed|retrospective_exact_source_interpretation|exact_source_legacy_null_observation_binding|spot_assumptions_source_spot_price_hours|spot_assumptions_partial_above_threshold|spot_assumptions_raw_hourly_reconstruction|spot_assumptions_coverage_ratio_0.993836|spot_assumptions_expected_hours_8760|spot_assumptions_actual_hours_8706
2026-07-23,eoksoz-vaasan-sahko-myynti-oy-vaikuttaja,hybrid,237,[221],168,2026-07-23T23:42:53.000000Z,True,,[],historical_household_statistics_scope_assumed|retrospective_exact_source_interpretation|exact_source_legacy_null_observation_binding|spot_assumptions_source_spot_price_hours|spot_assumptions_partial_above_threshold|spot_assumptions_raw_hourly_reconstruction|spot_assumptions_coverage_ratio_0.993836|spot_assumptions_expected_hours_8760|spot_assumptions_actual_hours_8706|reset_tail_shifted_on_forward_curve|excludes_consumption_effect|forward_month_from_quarter_contract
2026-07-23,ep4d6j-parikkalan-valo-oy-q-valo-yritys,unclassified,,[],,,,,[],missing_historical_snapshot_identity|spot_assumptions_source_spot_price_hours|spot_assumptions_partial_above_threshold|spot_assumptions_raw_hourly_reconstruction|spot_assumptions_coverage_ratio_0.993836|spot_assumptions_expected_hours_8760|spot_assumptions_actual_hours_8706|observed_relational_uniform_monthly_consumption
2026-07-23,epasaz-hehku-energia-oy-hehku-yritysjousto-24-kk,unclassified,,[],,,,,[],missing_historical_snapshot_identity|spot_assumptions_source_spot_price_hours|spot_assumptions_partial_above_threshold|spot_assumptions_raw_hourly_reconstruction|spot_assumptions_coverage_ratio_0.993836|spot_assumptions_expected_hours_8760|spot_assumptions_actual_hours_8706|observed_relational_uniform_monthly_consumption
2026-07-23,euhscx-helen-oy-maaraaikainen-perussahko-6-kk,fixed_term_6,193,[234],1137,2026-07-24T14:32:04.000000Z,True,,[],historical_household_statistics_scope_assumed|retrospective_exact_source_interpretation|exact_source_legacy_null_observation_binding|spot_assumptions_source_spot_price_hours|spot_assumptions_partial_above_threshold|spot_assumptions_raw_hourly_reconstruction|spot_assumptions_coverage_ratio_0.993836|spot_assumptions_expected_hours_8760|spot_assumptions_actual_hours_8706|term_price_annualized
2026-07-23,exizi7-paneliankosken-voima-oy-kosken-kayttowoima-12-kk-kulutusjousto,hybrid,90,[235],1627,2026-07-28T03:16:18.000000Z,True,,[],historical_household_statistics_scope_assumed|retrospective_exact_source_interpretation|exact_source_legacy_null_observation_binding|spot_assumptions_source_spot_price_hours|spot_assumptions_partial_above_threshold|spot_assumptions_raw_hourly_reconstruction|spot_assumptions_coverage_ratio_0.993836|spot_assumptions_expected_hours_8760|spot_assumptions_actual_hours_8706|excludes_consumption_effect
2026-07-23,f4ic2s-aanekosken-energia-oy-maalaisjarkisahko-kausisahko-12-kk-paastoton,fixed_term_12,399,[239],1854,2026-07-28T04:02:24.000000Z,True,,[],historical_household_statistics_scope_assumed|retrospective_exact_source_interpretation|exact_source_legacy_null_observation_binding|spot_assumptions_source_spot_price_hours|spot_assumptions_partial_above_threshold|spot_assumptions_raw_hourly_reconstruction|spot_assumptions_coverage_ratio_0.993836|spot_assumptions_expected_hours_8760|spot_assumptions_actual_hours_8706
2026-07-23,fafwjp-fortum-markets-oy-fortum-yritys-spot-portfolio-1v,unclassified,,[],,,,,[],missing_historical_snapshot_identity|spot_assumptions_source_spot_price_hours|spot_assumptions_partial_above_threshold|spot_assumptions_raw_hourly_reconstruction|spot_assumptions_coverage_ratio_0.993836|spot_assumptions_expected_hours_8760|spot_assumptions_actual_hours_8706|observed_relational_uniform_monthly_consumption
2026-07-23,fdmdrt-vaasan-sahko-myynti-oy-kiintea-6-kk-yleissahko-yrityksille,unclassified,,[],,,,,[],missing_historical_snapshot_identity|spot_assumptions_source_spot_price_hours|spot_assumptions_partial_above_threshold|spot_assumptions_raw_hourly_reconstruction|spot_assumptions_coverage_ratio_0.993836|spot_assumptions_expected_hours_8760|spot_assumptions_actual_hours_8706|observed_relational_uniform_monthly_consumption
2026-07-23,ffvwcw-koylion-sakylan-sahko-oy-lallin-maaris-1v-kausisahko,fixed_term_12,82,[245],1620,2026-07-28T03:14:53.000000Z,True,,[],historical_household_statistics_scope_assumed|retrospective_exact_source_interpretation|exact_source_legacy_null_observation_binding|spot_assumptions_source_spot_price_hours|spot_assumptions_partial_above_threshold|spot_assumptions_raw_hourly_reconstruction|spot_assumptions_coverage_ratio_0.993836|spot_assumptions_expected_hours_8760|spot_assumptions_actual_hours_8706
2026-07-23,foheha-korpelan-energia-oy-korpela-spotti,spot,247,[251],1742,2026-07-28T03:39:32.000000Z,True,,[],historical_household_statistics_scope_assumed|retrospective_exact_source_interpretation|exact_source_legacy_null_observation_binding|spot_assumptions_source_spot_price_hours|spot_assumptions_partial_above_threshold|spot_assumptions_raw_hourly_reconstruction|spot_assumptions_coverage_ratio_0.993836|spot_assumptions_expected_hours_8760|spot_assumptions_actual_hours_8706|spot_estimate_confidence_higher|spot_forward_curve_with_rolling_365_intraday_shape|partial_shape_coverage|forward_month_from_quarter_contract
2026-07-23,frx7ys-lammaisten-energia-oy-toimitusvelvollinen-aikasahko,open_ended,245,[252],,,,,[],canonical_omitted_no_interpretation_as_of_date|spot_assumptions_source_spot_price_hours|spot_assumptions_partial_above_threshold|spot_assumptions_raw_hourly_reconstruction|spot_assumptions_coverage_ratio_0.993836|spot_assumptions_expected_hours_8760|spot_assumptions_actual_hours_8706|observed_relational_uniform_monthly_consumption|relational_open_ended_no_proven_historical_adjustment_mechanism
2026-07-23,fscadn-omavoima-oy-oma-yritys-12-kk,unclassified,,[],,,,,[],missing_historical_snapshot_identity|spot_assumptions_source_spot_price_hours|spot_assumptions_partial_above_threshold|spot_assumptions_raw_hourly_reconstruction|spot_assumptions_coverage_ratio_0.993836|spot_assumptions_expected_hours_8760|spot_assumptions_actual_hours_8706|observed_relational_uniform_monthly_consumption
2026-07-23,fu2xdq-vattenfall-oy-kesto,open_ended,282,[263],1764,2026-07-28T03:43:59.000000Z,True,,[],historical_household_statistics_scope_assumed|retrospective_exact_source_interpretation|exact_source_legacy_null_observation_binding|spot_assumptions_source_spot_price_hours|spot_assumptions_partial_above_threshold|spot_assumptions_raw_hourly_reconstruction|spot_assumptions_coverage_ratio_0.993836|spot_assumptions_expected_hours_8760|spot_assumptions_actual_hours_8706|supplier_adjusted_tail_uses_comparable_forward_premium|supplier_adjusted_monthly_fee_held_flat|price_episode_observed_proxy|price_episode_left_censored|historical_exact_contract_only|price_episode_uses_dedicated_historical_interpretation|calendar_gap_within_observed_price_episode|price_episode_uses_retrospective_exact_source_interpretation|missing_own_reference_using_comparable_premium|lower_confidence_energy_episode_proxy
2026-07-23,fuabtk-parikkalan-valo-oy-spot-valo,spot,114,[264],1646,2026-07-28T03:19:47.000000Z,True,,[],historical_household_statistics_scope_assumed|retrospective_exact_source_interpretation|exact_source_legacy_null_observation_binding|spot_assumptions_source_spot_price_hours|spot_assumptions_partial_above_threshold|spot_assumptions_raw_hourly_reconstruction|spot_assumptions_coverage_ratio_0.993836|spot_assumptions_expected_hours_8760|spot_assumptions_actual_hours_8706|spot_estimate_confidence_higher|spot_forward_curve_with_rolling_365_intraday_shape|partial_shape_coverage|forward_month_from_quarter_contract
2026-07-23,fudplf-vaasan-sahko-myynti-oy-kiintea-vaikuttaja-6-kk,hybrid,180,[265],,,,,[],canonical_omitted_no_interpretation_as_of_date|spot_assumptions_source_spot_price_hours|spot_assumptions_partial_above_threshold|spot_assumptions_raw_hourly_reconstruction|spot_assumptions_coverage_ratio_0.993836|spot_assumptions_expected_hours_8760|spot_assumptions_actual_hours_8706|observed_relational_uniform_monthly_consumption
2026-07-23,fwgtme-fortum-markets-oy-fortum-kesto-yleissahko,open_ended,380,[276],1835,2026-07-28T03:59:27.000000Z,True,,[],historical_household_statistics_scope_assumed|retrospective_exact_source_interpretation|exact_source_legacy_null_observation_binding|spot_assumptions_source_spot_price_hours|spot_assumptions_partial_above_threshold|spot_assumptions_raw_hourly_reconstruction|spot_assumptions_coverage_ratio_0.993836|spot_assumptions_expected_hours_8760|spot_assumptions_actual_hours_8706|reset_tail_shifted_on_forward_curve|forward_month_from_quarter_contract
2026-07-23,gde7ex-pohjois-karjalan-sahko-oy-oiva-plus,open_ended,140,[281],1667,2026-07-28T03:24:22.000000Z,True,,[],historical_household_statistics_scope_assumed|retrospective_exact_source_interpretation|exact_source_legacy_null_observation_binding|spot_assumptions_source_spot_price_hours|spot_assumptions_partial_above_threshold|spot_assumptions_raw_hourly_reconstruction|spot_assumptions_coverage_ratio_0.993836|spot_assumptions_expected_hours_8760|spot_assumptions_actual_hours_8706|historical_consumption_out_of_range
2026-07-23,gduez1-parikkalan-valo-oy-kesto-valo-kanta-asiakas,open_ended,48,[282],1593,2026-07-28T03:08:09.000000Z,True,,[],historical_household_statistics_scope_assumed|retrospective_exact_source_interpretation|exact_source_legacy_null_observation_binding|spot_assumptions_source_spot_price_hours|spot_assumptions_partial_above_threshold|spot_assumptions_raw_hourly_reconstruction|spot_assumptions_coverage_ratio_0.993836|spot_assumptions_expected_hours_8760|spot_assumptions_actual_hours_8706|supplier_adjusted_tail_uses_comparable_forward_premium|supplier_adjusted_monthly_fee_held_flat|price_episode_observed_proxy|price_episode_left_censored|historical_exact_contract_only|price_episode_uses_dedicated_historical_interpretation|calendar_gap_within_observed_price_episode|price_episode_uses_retrospective_exact_source_interpretation|missing_own_reference_using_comparable_premium|lower_confidence_energy_episode_proxy
2026-07-23,geyuyu-helen-oy-maaraaikainen-perussahko-31102027-asti,fixed_term_13_23,372,[283],1152,2026-07-24T14:36:06.000000Z,True,,[],historical_household_statistics_scope_assumed|retrospective_exact_source_interpretation|exact_source_legacy_null_observation_binding|spot_assumptions_source_spot_price_hours|spot_assumptions_partial_above_threshold|spot_assumptions_raw_hourly_reconstruction|spot_assumptions_coverage_ratio_0.993836|spot_assumptions_expected_hours_8760|spot_assumptions_actual_hours_8706
2026-07-23,ggpwbi-parikkalan-valo-oy-kesto-valo-kanta-asiakas,open_ended,307,[284],1777,2026-07-28T03:46:40.000000Z,True,,[],historical_household_statistics_scope_assumed|retrospective_exact_source_interpretation|exact_source_legacy_null_observation_binding|spot_assumptions_source_spot_price_hours|spot_assumptions_partial_above_threshold|spot_assumptions_raw_hourly_reconstruction|spot_assumptions_coverage_ratio_0.993836|spot_assumptions_expected_hours_8760|spot_assumptions_actual_hours_8706|supplier_adjusted_tail_shifted_on_forward_curve|supplier_adjusted_monthly_fee_held_flat|price_episode_observed_proxy|price_episode_left_censored|historical_exact_contract_only|price_episode_uses_dedicated_historical_interpretation|price_episode_uses_retrospective_exact_source_interpretation|forward_month_from_quarter_contract
2026-07-23,gjhzfc-kokkolan-energia-oy-vuodenaika-uusiutuva,quarterly,59,[287],,,,,"[307, 729, 1154, 1604]",canonical_interpretation_rejected_by_exact_target_validation|historical_temporal_source_validation_unavailable|canonical_omitted_no_valid_interpretation_as_of_date|spot_assumptions_source_spot_price_hours|spot_assumptions_partial_above_threshold|spot_assumptions_raw_hourly_reconstruction|spot_assumptions_coverage_ratio_0.993836|spot_assumptions_expected_hours_8760|spot_assumptions_actual_hours_8706|observed_relational_uniform_monthly_consumption|relational_open_ended_no_proven_historical_adjustment_mechanism
2026-07-23,gmctvj-korpelan-energia-oy-korpela-kesto-12-kk,hybrid,224,[289],1727,2026-07-28T03:36:22.000000Z,True,,[],historical_household_statistics_scope_assumed|retrospective_exact_source_interpretation|exact_source_legacy_null_observation_binding|spot_assumptions_source_spot_price_hours|spot_assumptions_partial_above_threshold|spot_assumptions_raw_hourly_reconstruction|spot_assumptions_coverage_ratio_0.993836|spot_assumptions_expected_hours_8760|spot_assumptions_actual_hours_8706|excludes_consumption_effect
2026-07-23,gnj4sc-parikkalan-valo-oy-spot-valo-yritys,unclassified,,[],,,,,[],missing_historical_snapshot_identity|spot_assumptions_source_spot_price_hours|spot_assumptions_partial_above_threshold|spot_assumptions_raw_hourly_reconstruction|spot_assumptions_coverage_ratio_0.993836|spot_assumptions_expected_hours_8760|spot_assumptions_actual_hours_8706|observed_relational_uniform_monthly_consumption
2026-07-23,grl0lx-parikkalan-valo-oy-spot-valo,spot,112,[291],1644,2026-07-28T03:19:27.000000Z,True,,"[116, 310]",historical_household_statistics_scope_assumed|canonical_interpretation_rejected_by_exact_target_validation|retrospective_exact_source_interpretation|exact_source_legacy_null_observation_binding|spot_assumptions_source_spot_price_hours|spot_assumptions_partial_above_threshold|spot_assumptions_raw_hourly_reconstruction|spot_assumptions_coverage_ratio_0.993836|spot_assumptions_expected_hours_8760|spot_assumptions_actual_hours_8706|spot_estimate_confidence_higher|spot_forward_curve_with_rolling_365_intraday_shape|partial_shape_coverage|forward_month_from_quarter_contract
2026-07-23,gtjlmh-paneliankosken-voima-oy-kosken-kayttowoima-24-kk-kulutusjousto,hybrid,201,[292],1708,2026-07-28T03:32:31.000000Z,True,,[],historical_household_statistics_scope_assumed|retrospective_exact_source_interpretation|exact_source_legacy_null_observation_binding|spot_assumptions_source_spot_price_hours|spot_assumptions_partial_above_threshold|spot_assumptions_raw_hourly_reconstruction|spot_assumptions_coverage_ratio_0.993836|spot_assumptions_expected_hours_8760|spot_assumptions_actual_hours_8706|excludes_consumption_effect
2026-07-23,gto5hg-vimpelin-voima-oy-paiva-ja-yotariffi,unclassified,,[],,,,,[],missing_historical_snapshot_identity|spot_assumptions_source_spot_price_hours|spot_assumptions_partial_above_threshold|spot_assumptions_raw_hourly_reconstruction|spot_assumptions_coverage_ratio_0.993836|spot_assumptions_expected_hours_8760|spot_assumptions_actual_hours_8706|observed_relational_uniform_monthly_consumption
2026-07-23,gwappc-kuoreveden-sahko-oy-porssisahko-ydinvoima,spot,20,[294],1570,2026-07-28T03:03:47.000000Z,True,,[],historical_household_statistics_scope_assumed|retrospective_exact_source_interpretation|exact_source_legacy_null_observation_binding|spot_assumptions_source_spot_price_hours|spot_assumptions_partial_above_threshold|spot_assumptions_raw_hourly_reconstruction|spot_assumptions_coverage_ratio_0.993836|spot_assumptions_expected_hours_8760|spot_assumptions_actual_hours_8706|spot_estimate_confidence_higher|spot_forward_curve_with_rolling_365_intraday_shape|partial_shape_coverage|forward_month_from_quarter_contract
2026-07-23,gxeryx-parikkalan-valo-oy-kesto-valo-kanta-asiakas,open_ended,335,[296],1800,2026-07-28T03:51:11.000000Z,True,,[],historical_household_statistics_scope_assumed|retrospective_exact_source_interpretation|exact_source_legacy_null_observation_binding|spot_assumptions_source_spot_price_hours|spot_assumptions_partial_above_threshold|spot_assumptions_raw_hourly_reconstruction|spot_assumptions_coverage_ratio_0.993836|spot_assumptions_expected_hours_8760|spot_assumptions_actual_hours_8706|supplier_adjusted_tail_shifted_on_forward_curve|supplier_adjusted_monthly_fee_held_flat|price_episode_observed_proxy|price_episode_left_censored|historical_exact_contract_only|price_episode_uses_dedicated_historical_interpretation|price_episode_uses_retrospective_exact_source_interpretation|forward_month_from_quarter_contract
2026-07-23,gywy8t-aanekosken-energia-oy-aikasahko,open_ended,187,[297],1700,2026-07-28T03:30:49.000000Z,True,,[],historical_household_statistics_scope_assumed|retrospective_exact_source_interpretation|exact_source_legacy_null_observation_binding|spot_assumptions_source_spot_price_hours|spot_assumptions_partial_above_threshold|spot_assumptions_raw_hourly_reconstruction|spot_assumptions_coverage_ratio_0.993836|spot_assumptions_expected_hours_8760|spot_assumptions_actual_hours_8706|supplier_adjusted_tail_uses_comparable_forward_premium|supplier_adjusted_monthly_fee_held_flat|price_episode_observed_proxy|price_episode_left_censored|historical_exact_contract_only|price_episode_uses_dedicated_historical_interpretation|calendar_gap_within_observed_price_episode|price_episode_uses_retrospective_exact_source_interpretation|missing_own_reference_using_comparable_premium|lower_confidence_energy_episode_proxy
2026-07-23,gzo2pb-korpelan-energia-oy-korpela-spotti,unclassified,,[],,,,,[],missing_historical_snapshot_identity|spot_assumptions_source_spot_price_hours|spot_assumptions_partial_above_threshold|spot_assumptions_raw_hourly_reconstruction|spot_assumptions_coverage_ratio_0.993836|spot_assumptions_expected_hours_8760|spot_assumptions_actual_hours_8706|observed_relational_uniform_monthly_consumption
2026-07-23,h8icyg-hehku-energia-oy-hehku-jatkuva,open_ended,189,[299],1701,2026-07-28T03:31:08.000000Z,True,,[],historical_household_statistics_scope_assumed|retrospective_exact_source_interpretation|exact_source_legacy_null_observation_binding|spot_assumptions_source_spot_price_hours|spot_assumptions_partial_above_threshold|spot_assumptions_raw_hourly_reconstruction|spot_assumptions_coverage_ratio_0.993836|spot_assumptions_expected_hours_8760|spot_assumptions_actual_hours_8706|insufficient_promotion_terms
2026-07-23,h8zvo7-kokkolan-energia-oy-ranta-24-kk,fixed_term_24,121,[300],1651,2026-07-28T03:20:46.000000Z,True,,[],historical_household_statistics_scope_assumed|retrospective_exact_source_interpretation|exact_source_legacy_null_observation_binding|spot_assumptions_source_spot_price_hours|spot_assumptions_partial_above_threshold|spot_assumptions_raw_hourly_reconstruction|spot_assumptions_coverage_ratio_0.993836|spot_assumptions_expected_hours_8760|spot_assumptions_actual_hours_8706
2026-07-23,h925l0-koillis-satakunnan-sahko-oy-vakaawirta-24-kk,fixed_term_24,117,[301],1166,2026-07-24T14:39:18.000000Z,True,,[],historical_household_statistics_scope_assumed|retrospective_exact_source_interpretation|exact_source_legacy_null_observation_binding|spot_assumptions_source_spot_price_hours|spot_assumptions_partial_above_threshold|spot_assumptions_raw_hourly_reconstruction|spot_assumptions_coverage_ratio_0.993836|spot_assumptions_expected_hours_8760|spot_assumptions_actual_hours_8706
2026-07-23,hbdxeg-vihrea-alyenergia-oy-vakaa-valinta,unclassified,,[],,,,,[],missing_historical_snapshot_identity|spot_assumptions_source_spot_price_hours|spot_assumptions_partial_above_threshold|spot_assumptions_raw_hourly_reconstruction|spot_assumptions_coverage_ratio_0.993836|spot_assumptions_expected_hours_8760|spot_assumptions_actual_hours_8706|observed_relational_uniform_monthly_consumption
2026-07-23,hcuyzx-aanekosken-energia-oy-yleissahko-6-kk,unclassified,,[],,,,,[],missing_historical_snapshot_identity|spot_assumptions_source_spot_price_hours|spot_assumptions_partial_above_threshold|spot_assumptions_raw_hourly_reconstruction|spot_assumptions_coverage_ratio_0.993836|spot_assumptions_expected_hours_8760|spot_assumptions_actual_hours_8706|observed_relational_uniform_monthly_consumption
2026-07-23,hdjs90-oomi-oy-oomi-jousto-24-kk-yrityksille,unclassified,,[],,,,,[],missing_historical_snapshot_identity|spot_assumptions_source_spot_price_hours|spot_assumptions_partial_above_threshold|spot_assumptions_raw_hourly_reconstruction|spot_assumptions_coverage_ratio_0.993836|spot_assumptions_expected_hours_8760|spot_assumptions_actual_hours_8706|observed_relational_uniform_monthly_consumption
2026-07-23,hg40jg-lumme-energia-vuosisahko-24-kk-hinta-joka-ei-heilu,fixed_term_24,269,[307],1169,2026-07-24T14:40:06.000000Z,True,,[],historical_household_statistics_scope_assumed|retrospective_exact_source_interpretation|exact_source_legacy_null_observation_binding|spot_assumptions_source_spot_price_hours|spot_assumptions_partial_above_threshold|spot_assumptions_raw_hourly_reconstruction|spot_assumptions_coverage_ratio_0.993836|spot_assumptions_expected_hours_8760|spot_assumptions_actual_hours_8706
2026-07-23,hgown7-keravan-energia-oy-kvartaalisahko,quarterly,291,[308],1770,2026-07-28T03:45:33.000000Z,True,,[],historical_household_statistics_scope_assumed|retrospective_exact_source_interpretation|exact_source_legacy_null_observation_binding|spot_assumptions_source_spot_price_hours|spot_assumptions_partial_above_threshold|spot_assumptions_raw_hourly_reconstruction|spot_assumptions_coverage_ratio_0.993836|spot_assumptions_expected_hours_8760|spot_assumptions_actual_hours_8706|reset_tail_shifted_on_forward_curve|unknown_periods_use_latest_applicable_price_or_disclosed_normal|forward_month_from_quarter_contract
2026-07-23,hh3kd6-kokkolan-energia-oy-aalto-12-kk,hybrid,151,[309],1676,2026-07-28T03:26:14.000000Z,True,,[],historical_household_statistics_scope_assumed|retrospective_exact_source_interpretation|exact_source_legacy_null_observation_binding|spot_assumptions_source_spot_price_hours|spot_assumptions_partial_above_threshold|spot_assumptions_raw_hourly_reconstruction|spot_assumptions_coverage_ratio_0.993836|spot_assumptions_expected_hours_8760|spot_assumptions_actual_hours_8706|excludes_consumption_effect
2026-07-23,hhs7o1-porvoon-energia-oy-wind-24-kk-kotimainen-tuulisahko-yrityksille,unclassified,,[],,,,,[],missing_historical_snapshot_identity|spot_assumptions_source_spot_price_hours|spot_assumptions_partial_above_threshold|spot_assumptions_raw_hourly_reconstruction|spot_assumptions_coverage_ratio_0.993836|spot_assumptions_expected_hours_8760|spot_assumptions_actual_hours_8706|observed_relational_uniform_monthly_consumption
2026-07-23,hio83j-helen-oy-perussahko-yritys,unclassified,,[],,,,,[],missing_historical_snapshot_identity|spot_assumptions_source_spot_price_hours|spot_assumptions_partial_above_threshold|spot_assumptions_raw_hourly_reconstruction|spot_assumptions_coverage_ratio_0.993836|spot_assumptions_expected_hours_8760|spot_assumptions_actual_hours_8706|observed_relational_uniform_monthly_consumption
2026-07-23,hmrc8y-vattenfall-oy-taystuuli-24-kk,fixed_term_24,231,[313],,,,,[],canonical_omitted_no_interpretation_as_of_date|spot_assumptions_source_spot_price_hours|spot_assumptions_partial_above_threshold|spot_assumptions_raw_hourly_reconstruction|spot_assumptions_coverage_ratio_0.993836|spot_assumptions_expected_hours_8760|spot_assumptions_actual_hours_8706|observed_relational_uniform_monthly_consumption
2026-07-23,hnapne-lammaisten-energia-oy-iisi-kulutusjousto-yleissahko-24-kk,hybrid,148,[314],1673,2026-07-28T03:25:37.000000Z,True,,[],historical_household_statistics_scope_assumed|retrospective_exact_source_interpretation|exact_source_legacy_null_observation_binding|spot_assumptions_source_spot_price_hours|spot_assumptions_partial_above_threshold|spot_assumptions_raw_hourly_reconstruction|spot_assumptions_coverage_ratio_0.993836|spot_assumptions_expected_hours_8760|spot_assumptions_actual_hours_8706|excludes_consumption_effect
2026-07-23,hnrvf2-seinajoen-energia-oy-se-oikea-vuodenaikasahko,unclassified,,[],,,,,[],missing_historical_snapshot_identity|spot_assumptions_source_spot_price_hours|spot_assumptions_partial_above_threshold|spot_assumptions_raw_hourly_reconstruction|spot_assumptions_coverage_ratio_0.993836|spot_assumptions_expected_hours_8760|spot_assumptions_actual_hours_8706|observed_relational_uniform_monthly_consumption
2026-07-23,hprucu-pohjois-karjalan-sahko-oy-optimi-takuu-6-kuukautta,fixed_term_6,330,[316],1795,2026-07-28T03:50:23.000000Z,True,,[],historical_household_statistics_scope_assumed|retrospective_exact_source_interpretation|exact_source_legacy_null_observation_binding|spot_assumptions_source_spot_price_hours|spot_assumptions_partial_above_threshold|spot_assumptions_raw_hourly_reconstruction|spot_assumptions_coverage_ratio_0.993836|spot_assumptions_expected_hours_8760|spot_assumptions_actual_hours_8706|term_price_annualized
2026-07-23,huinlz-koylion-sakylan-sahko-oy-lallin-markkinasahko,spot,100,[317],1635,2026-07-28T03:17:48.000000Z,True,,[],historical_household_statistics_scope_assumed|retrospective_exact_source_interpretation|exact_source_legacy_null_observation_binding|spot_assumptions_source_spot_price_hours|spot_assumptions_partial_above_threshold|spot_assumptions_raw_hourly_reconstruction|spot_assumptions_coverage_ratio_0.993836|spot_assumptions_expected_hours_8760|spot_assumptions_actual_hours_8706|spot_estimate_confidence_higher|spot_forward_curve_with_rolling_365_intraday_shape|partial_shape_coverage|forward_month_from_quarter_contract
2026-07-23,humms8-nordic-green-energy-vesivoima-spot-yrityksille,unclassified,,[],,,,,[],missing_historical_snapshot_identity|spot_assumptions_source_spot_price_hours|spot_assumptions_partial_above_threshold|spot_assumptions_raw_hourly_reconstruction|spot_assumptions_coverage_ratio_0.993836|spot_assumptions_expected_hours_8760|spot_assumptions_actual_hours_8706|observed_relational_uniform_monthly_consumption
2026-07-23,hvu3aw-parikkalan-valo-oy-spot-valo-yritys,unclassified,,[],,,,,[],missing_historical_snapshot_identity|spot_assumptions_source_spot_price_hours|spot_assumptions_partial_above_threshold|spot_assumptions_raw_hourly_reconstruction|spot_assumptions_coverage_ratio_0.993836|spot_assumptions_expected_hours_8760|spot_assumptions_actual_hours_8706|observed_relational_uniform_monthly_consumption
2026-07-23,hwmfco-aalto-energia-oyj-tyyni-jatkuva,open_ended,81,[321],1619,2026-07-28T03:14:35.000000Z,True,,[],historical_household_statistics_scope_assumed|retrospective_exact_source_interpretation|exact_source_legacy_null_observation_binding|spot_assumptions_source_spot_price_hours|spot_assumptions_partial_above_threshold|spot_assumptions_raw_hourly_reconstruction|spot_assumptions_coverage_ratio_0.993836|spot_assumptions_expected_hours_8760|spot_assumptions_actual_hours_8706|supplier_adjusted_tail_uses_comparable_forward_premium|supplier_adjusted_monthly_fee_disclosed_phases|price_episode_observed_proxy|price_episode_left_censored|historical_exact_contract_only|price_episode_uses_dedicated_historical_interpretation|calendar_gap_within_observed_price_episode|price_episode_uses_retrospective_exact_source_interpretation|missing_own_reference_using_comparable_premium|lower_confidence_energy_episode_proxy
2026-07-23,hyi7dt-alajarven-sahko-oy-aikasahko-24-kk,fixed_term_24,391,[322],1846,2026-07-28T04:01:15.000000Z,True,,[],historical_household_statistics_scope_assumed|retrospective_exact_source_interpretation|exact_source_legacy_null_observation_binding|spot_assumptions_source_spot_price_hours|spot_assumptions_partial_above_threshold|spot_assumptions_raw_hourly_reconstruction|spot_assumptions_coverage_ratio_0.993836|spot_assumptions_expected_hours_8760|spot_assumptions_actual_hours_8706
2026-07-23,hz5m3u-pohjois-karjalan-sahko-oy-optimi-takuu-24-kuukautta,fixed_term_24,26,[323],1575,2026-07-28T03:04:38.000000Z,True,,[],historical_household_statistics_scope_assumed|retrospective_exact_source_interpretation|exact_source_legacy_null_observation_binding|spot_assumptions_source_spot_price_hours|spot_assumptions_partial_above_threshold|spot_assumptions_raw_hourly_reconstruction|spot_assumptions_coverage_ratio_0.993836|spot_assumptions_expected_hours_8760|spot_assumptions_actual_hours_8706
2026-07-23,i1badk-porvoon-energia-oy-spot-porssisahko-yrityksille,unclassified,,[],,,,,[],missing_historical_snapshot_identity|spot_assumptions_source_spot_price_hours|spot_assumptions_partial_above_threshold|spot_assumptions_raw_hourly_reconstruction|spot_assumptions_coverage_ratio_0.993836|spot_assumptions_expected_hours_8760|spot_assumptions_actual_hours_8706|observed_relational_uniform_monthly_consumption
2026-07-23,i2i3xp-porvoon-energia-oy-eko-12-kk-luonnonsuojeluliiton-sertifioima-ekoenergia,fixed_term_12,42,[325],1184,2026-07-24T14:43:23.000000Z,True,,[],historical_household_statistics_scope_assumed|retrospective_exact_source_interpretation|exact_source_legacy_null_observation_binding|spot_assumptions_source_spot_price_hours|spot_assumptions_partial_above_threshold|spot_assumptions_raw_hourly_reconstruction|spot_assumptions_coverage_ratio_0.993836|spot_assumptions_expected_hours_8760|spot_assumptions_actual_hours_8706
2026-07-23,i5gaxw-pohjois-karjalan-sahko-oy-optimi-kuukausi,open_ended,150,[327],1675,2026-07-28T03:25:57.000000Z,True,,[],historical_household_statistics_scope_assumed|retrospective_exact_source_interpretation|exact_source_legacy_null_observation_binding|spot_assumptions_source_spot_price_hours|spot_assumptions_partial_above_threshold|spot_assumptions_raw_hourly_reconstruction|spot_assumptions_coverage_ratio_0.993836|spot_assumptions_expected_hours_8760|spot_assumptions_actual_hours_8706|reset_tail_shifted_on_forward_curve|unknown_periods_use_latest_applicable_price_or_disclosed_normal|forward_month_from_quarter_contract
2026-07-23,i95myh-pohjois-karjalan-sahko-oy-oiva-plus,open_ended,227,[328],1729,2026-07-28T03:36:42.000000Z,True,,[],historical_household_statistics_scope_assumed|retrospective_exact_source_interpretation|exact_source_legacy_null_observation_binding|spot_assumptions_source_spot_price_hours|spot_assumptions_partial_above_threshold|spot_assumptions_raw_hourly_reconstruction|spot_assumptions_coverage_ratio_0.993836|spot_assumptions_expected_hours_8760|spot_assumptions_actual_hours_8706|historical_consumption_out_of_range
2026-07-23,ibjlix-vihrea-alyenergia-oy-vankka-kiintea-24kk-fossiilivapaa,fixed_term_24,,[],,,,,[],canonical_omitted_no_covering_source_observation|historical_canonical_omitted_no_covering_current_builder_episode|spot_assumptions_source_spot_price_hours|spot_assumptions_partial_above_threshold|spot_assumptions_raw_hourly_reconstruction|spot_assumptions_coverage_ratio_0.993836|spot_assumptions_expected_hours_8760|spot_assumptions_actual_hours_8706|observed_relational_uniform_monthly_consumption
2026-07-23,icbxvy-vimpelin-voima-oy-sulaketariffi,open_ended,244,[329],1740,2026-07-28T03:39:07.000000Z,True,,[],historical_household_statistics_scope_assumed|retrospective_exact_source_interpretation|exact_source_legacy_null_observation_binding|spot_assumptions_source_spot_price_hours|spot_assumptions_partial_above_threshold|spot_assumptions_raw_hourly_reconstruction|spot_assumptions_coverage_ratio_0.993836|spot_assumptions_expected_hours_8760|spot_assumptions_actual_hours_8706|supplier_adjusted_tail_shifted_on_forward_curve|supplier_adjusted_monthly_fee_held_flat|price_episode_observed_proxy|price_episode_left_censored|historical_exact_contract_only|price_episode_uses_dedicated_historical_interpretation|price_episode_uses_retrospective_exact_source_interpretation|forward_month_from_quarter_contract
2026-07-23,ifr6mw-paneliankosken-voima-oy-kosken-vuosiwoima-12-kk,fixed_term_12,165,[332],1687,2026-07-28T03:28:22.000000Z,True,,[],historical_household_statistics_scope_assumed|retrospective_exact_source_interpretation|exact_source_legacy_null_observation_binding|spot_assumptions_source_spot_price_hours|spot_assumptions_partial_above_threshold|spot_assumptions_raw_hourly_reconstruction|spot_assumptions_coverage_ratio_0.993836|spot_assumptions_expected_hours_8760|spot_assumptions_actual_hours_8706
2026-07-23,iq7fja-vimpelin-voima-oy-vuodenaikatariffi,open_ended,126,[336],1655,2026-07-28T03:21:53.000000Z,True,,[],historical_household_statistics_scope_assumed|retrospective_exact_source_interpretation|exact_source_legacy_null_observation_binding|spot_assumptions_source_spot_price_hours|spot_assumptions_partial_above_threshold|spot_assumptions_raw_hourly_reconstruction|spot_assumptions_coverage_ratio_0.993836|spot_assumptions_expected_hours_8760|spot_assumptions_actual_hours_8706|insufficient_promotion_terms
2026-07-23,irtim3-oomi-oy-oomi-aktiivinen-yrityksille,unclassified,,[],,,,,[],missing_historical_snapshot_identity|spot_assumptions_source_spot_price_hours|spot_assumptions_partial_above_threshold|spot_assumptions_raw_hourly_reconstruction|spot_assumptions_coverage_ratio_0.993836|spot_assumptions_expected_hours_8760|spot_assumptions_actual_hours_8706|observed_relational_uniform_monthly_consumption
2026-07-23,iuun55-vimpelin-voima-oy-spot-energia,unclassified,,[],,,,,[],missing_historical_snapshot_identity|spot_assumptions_source_spot_price_hours|spot_assumptions_partial_above_threshold|spot_assumptions_raw_hourly_reconstruction|spot_assumptions_coverage_ratio_0.993836|spot_assumptions_expected_hours_8760|spot_assumptions_actual_hours_8706|observed_relational_uniform_monthly_consumption
2026-07-23,iwjgsd-pohjois-karjalan-sahko-oy-tove-perus,open_ended,398,[339],1853,2026-07-28T04:02:15.000000Z,True,,[],historical_household_statistics_scope_assumed|retrospective_exact_source_interpretation|exact_source_legacy_null_observation_binding|spot_assumptions_source_spot_price_hours|spot_assumptions_partial_above_threshold|spot_assumptions_raw_hourly_reconstruction|spot_assumptions_coverage_ratio_0.993836|spot_assumptions_expected_hours_8760|spot_assumptions_actual_hours_8706|supplier_adjusted_tail_uses_comparable_forward_premium|supplier_adjusted_monthly_fee_held_flat|price_episode_observed_proxy|price_episode_left_censored|historical_exact_contract_only|price_episode_uses_dedicated_historical_interpretation|calendar_gap_within_observed_price_episode|price_episode_uses_retrospective_exact_source_interpretation|missing_own_reference_using_comparable_premium|lower_confidence_energy_episode_proxy
2026-07-23,iwrxhg-lankosken-sahko-oy-porssisahko,spot,139,[340],1666,2026-07-28T03:24:12.000000Z,True,,[],historical_household_statistics_scope_assumed|retrospective_exact_source_interpretation|exact_source_legacy_null_observation_binding|spot_assumptions_source_spot_price_hours|spot_assumptions_partial_above_threshold|spot_assumptions_raw_hourly_reconstruction|spot_assumptions_coverage_ratio_0.993836|spot_assumptions_expected_hours_8760|spot_assumptions_actual_hours_8706|spot_estimate_confidence_higher|spot_forward_curve_with_rolling_365_intraday_shape|partial_shape_coverage|forward_month_from_quarter_contract
2026-07-23,jbktvc-seinajoen-energia-oy-se-oikea-vuodenaikasahko,open_ended,421,[341],1875,2026-07-28T04:05:37.000000Z,True,,[],historical_household_statistics_scope_assumed|retrospective_exact_source_interpretation|exact_source_legacy_null_observation_binding|spot_assumptions_source_spot_price_hours|spot_assumptions_partial_above_threshold|spot_assumptions_raw_hourly_reconstruction|spot_assumptions_coverage_ratio_0.993836|spot_assumptions_expected_hours_8760|spot_assumptions_actual_hours_8706|supplier_adjusted_tail_shifted_on_forward_curve|supplier_adjusted_monthly_fee_held_flat|price_episode_observed_proxy|price_episode_left_censored|historical_exact_contract_only|price_episode_uses_dedicated_historical_interpretation|price_episode_uses_retrospective_exact_source_interpretation|forward_month_from_quarter_contract
2026-07-23,jcgh2q-koillis-satakunnan-sahko-oy-vakaawirta-12-kk-kausi,fixed_term_12,265,[342],1195,2026-07-24T14:45:50.000000Z,True,,[],historical_household_statistics_scope_assumed|retrospective_exact_source_interpretation|exact_source_legacy_null_observation_binding|spot_assumptions_source_spot_price_hours|spot_assumptions_partial_above_threshold|spot_assumptions_raw_hourly_reconstruction|spot_assumptions_coverage_ratio_0.993836|spot_assumptions_expected_hours_8760|spot_assumptions_actual_hours_8706
2026-07-23,jdsy6s-helen-oy-maaraaikainen-valkkysahko-yritys-12-kk,unclassified,,[],,,,,[],missing_historical_snapshot_identity|spot_assumptions_source_spot_price_hours|spot_assumptions_partial_above_threshold|spot_assumptions_raw_hourly_reconstruction|spot_assumptions_coverage_ratio_0.993836|spot_assumptions_expected_hours_8760|spot_assumptions_actual_hours_8706|observed_relational_uniform_monthly_consumption
2026-07-23,jf1mar-omavoima-oy-ajoittaja-24-kk,hybrid,168,[345],1197,2026-07-24T14:46:30.000000Z,True,,[],historical_household_statistics_scope_assumed|retrospective_exact_source_interpretation|exact_source_legacy_null_observation_binding|spot_assumptions_source_spot_price_hours|spot_assumptions_partial_above_threshold|spot_assumptions_raw_hourly_reconstruction|spot_assumptions_coverage_ratio_0.993836|spot_assumptions_expected_hours_8760|spot_assumptions_actual_hours_8706|excludes_consumption_effect
2026-07-23,jhy1qj-vaasan-sahko-myynti-oy-kuukausipaketti-s,open_ended,183,[346],1697,2026-07-28T03:30:21.000000Z,True,,"[351, 1198]",historical_household_statistics_scope_assumed|canonical_interpretation_rejected_by_exact_target_validation|retrospective_exact_source_interpretation|exact_source_legacy_null_observation_binding|spot_assumptions_source_spot_price_hours|spot_assumptions_partial_above_threshold|spot_assumptions_raw_hourly_reconstruction|spot_assumptions_coverage_ratio_0.993836|spot_assumptions_expected_hours_8760|spot_assumptions_actual_hours_8706
2026-07-23,jjalmb-oomi-oy-oomi-kiintea-24-kk-yrityksille,unclassified,,[],,,,,[],missing_historical_snapshot_identity|spot_assumptions_source_spot_price_hours|spot_assumptions_partial_above_threshold|spot_assumptions_raw_hourly_reconstruction|spot_assumptions_coverage_ratio_0.993836|spot_assumptions_expected_hours_8760|spot_assumptions_actual_hours_8706|observed_relational_uniform_monthly_consumption
2026-07-23,jjfa7j-koillis-satakunnan-sahko-oy-vakaawirta-24-kk-aika,fixed_term_24,215,[348],1199,2026-07-24T14:46:53.000000Z,True,,[],historical_household_statistics_scope_assumed|retrospective_exact_source_interpretation|exact_source_legacy_null_observation_binding|spot_assumptions_source_spot_price_hours|spot_assumptions_partial_above_threshold|spot_assumptions_raw_hourly_reconstruction|spot_assumptions_coverage_ratio_0.993836|spot_assumptions_expected_hours_8760|spot_assumptions_actual_hours_8706
2026-07-23,jkbkya-omavoima-oy-oma-24kk-kausi,fixed_term_24,248,[349],1200,2026-07-24T14:47:02.000000Z,True,,[],historical_household_statistics_scope_assumed|retrospective_exact_source_interpretation|exact_source_legacy_null_observation_binding|spot_assumptions_source_spot_price_hours|spot_assumptions_partial_above_threshold|spot_assumptions_raw_hourly_reconstruction|spot_assumptions_coverage_ratio_0.993836|spot_assumptions_expected_hours_8760|spot_assumptions_actual_hours_8706
2026-07-23,jkbot5-imatran-seudun-sahko-oy-voima-joustava-24-kk,hybrid,275,[350],1758,2026-07-28T03:42:53.000000Z,True,,[],historical_household_statistics_scope_assumed|retrospective_exact_source_interpretation|exact_source_legacy_null_observation_binding|spot_assumptions_source_spot_price_hours|spot_assumptions_partial_above_threshold|spot_assumptions_raw_hourly_reconstruction|spot_assumptions_coverage_ratio_0.993836|spot_assumptions_expected_hours_8760|spot_assumptions_actual_hours_8706|excludes_consumption_effect
2026-07-23,jmy7n8-aanekosken-energia-oy-maalaisjarkisahko-aikasahko-24-kk-paastoton,fixed_term_24,409,[352],1864,2026-07-28T04:04:00.000000Z,True,,[],historical_household_statistics_scope_assumed|retrospective_exact_source_interpretation|exact_source_legacy_null_observation_binding|spot_assumptions_source_spot_price_hours|spot_assumptions_partial_above_threshold|spot_assumptions_raw_hourly_reconstruction|spot_assumptions_coverage_ratio_0.993836|spot_assumptions_expected_hours_8760|spot_assumptions_actual_hours_8706
2026-07-23,jrrlvh-parikkalan-valo-oy-kesto-valo-kanta-asiakas,open_ended,55,[353],1600,2026-07-28T03:10:17.000000Z,True,,[],historical_household_statistics_scope_assumed|retrospective_exact_source_interpretation|exact_source_legacy_null_observation_binding|spot_assumptions_source_spot_price_hours|spot_assumptions_partial_above_threshold|spot_assumptions_raw_hourly_reconstruction|spot_assumptions_coverage_ratio_0.993836|spot_assumptions_expected_hours_8760|spot_assumptions_actual_hours_8706|supplier_adjusted_tail_shifted_on_forward_curve|supplier_adjusted_monthly_fee_held_flat|price_episode_observed_proxy|price_episode_left_censored|historical_exact_contract_only|price_episode_uses_dedicated_historical_interpretation|price_episode_uses_retrospective_exact_source_interpretation|forward_month_from_quarter_contract
2026-07-23,jrtvhz-helen-oy-valkkysahko,hybrid,141,[354],95,2026-07-23T22:20:53.000000Z,True,,[89],historical_household_statistics_scope_assumed|canonical_interpretation_rejected_by_exact_target_validation|retrospective_exact_source_interpretation|exact_source_legacy_null_observation_binding|spot_assumptions_source_spot_price_hours|spot_assumptions_partial_above_threshold|spot_assumptions_raw_hourly_reconstruction|spot_assumptions_coverage_ratio_0.993836|spot_assumptions_expected_hours_8760|spot_assumptions_actual_hours_8706|excludes_consumption_effect
2026-07-23,jt3szr-koillis-satakunnan-sahko-oy-joustowirta-24-kk,hybrid,4,[365],1205,2026-07-24T14:48:02.000000Z,True,,[],historical_household_statistics_scope_assumed|retrospective_exact_source_interpretation|exact_source_legacy_null_observation_binding|spot_assumptions_source_spot_price_hours|spot_assumptions_partial_above_threshold|spot_assumptions_raw_hourly_reconstruction|spot_assumptions_coverage_ratio_0.993836|spot_assumptions_expected_hours_8760|spot_assumptions_actual_hours_8706|excludes_consumption_effect
2026-07-23,jt9vxd-imatran-seudun-sahko-oy-voima-joustava-12-kk,hybrid,1,[366],1555,2026-07-28T03:01:05.000000Z,True,,[],historical_household_statistics_scope_assumed|retrospective_exact_source_interpretation|exact_source_legacy_null_observation_binding|spot_assumptions_source_spot_price_hours|spot_assumptions_partial_above_threshold|spot_assumptions_raw_hourly_reconstruction|spot_assumptions_coverage_ratio_0.993836|spot_assumptions_expected_hours_8760|spot_assumptions_actual_hours_8706|excludes_consumption_effect
2026-07-23,jv1sdq-pohjois-karjalan-sahko-oy-optimi-kuukausi,open_ended,367,[367],1824,2026-07-28T03:57:15.000000Z,True,,[],historical_household_statistics_scope_assumed|retrospective_exact_source_interpretation|exact_source_legacy_null_observation_binding|spot_assumptions_source_spot_price_hours|spot_assumptions_partial_above_threshold|spot_assumptions_raw_hourly_reconstruction|spot_assumptions_coverage_ratio_0.993836|spot_assumptions_expected_hours_8760|spot_assumptions_actual_hours_8706|reset_tail_shifted_on_forward_curve|unknown_periods_use_latest_applicable_price_or_disclosed_normal|forward_month_from_quarter_contract
2026-07-23,jyfo4s-keravan-energia-oy-kvartaalisahko-aika,quarterly,169,[368],1689,2026-07-28T03:28:41.000000Z,True,,"[64, 70]",historical_household_statistics_scope_assumed|canonical_interpretation_rejected_by_exact_target_validation|retrospective_exact_source_interpretation|exact_source_legacy_null_observation_binding|spot_assumptions_source_spot_price_hours|spot_assumptions_partial_above_threshold|spot_assumptions_raw_hourly_reconstruction|spot_assumptions_coverage_ratio_0.993836|spot_assumptions_expected_hours_8760|spot_assumptions_actual_hours_8706|reset_tail_shifted_on_forward_curve|unknown_periods_use_latest_applicable_price_or_disclosed_normal|forward_month_from_quarter_contract
2026-07-23,k5jsrm-turku-energia-oy-louna-arki,open_ended,397,[370],1852,2026-07-28T04:02:08.000000Z,True,,[],historical_household_statistics_scope_assumed|retrospective_exact_source_interpretation|exact_source_legacy_null_observation_binding|spot_assumptions_source_spot_price_hours|spot_assumptions_partial_above_threshold|spot_assumptions_raw_hourly_reconstruction|spot_assumptions_coverage_ratio_0.993836|spot_assumptions_expected_hours_8760|spot_assumptions_actual_hours_8706|supplier_adjusted_tail_shifted_on_forward_curve|supplier_adjusted_monthly_fee_held_flat|price_episode_observed_proxy|price_episode_left_censored|historical_exact_contract_only|price_episode_uses_dedicated_historical_interpretation|price_episode_uses_retrospective_exact_source_interpretation|forward_month_from_quarter_contract
2026-07-23,k7zjzd-vaasan-sahko-myynti-oy-kiintea-24-kk-yosahko-yrityksille,unclassified,,[],,,,,[],missing_historical_snapshot_identity|spot_assumptions_source_spot_price_hours|spot_assumptions_partial_above_threshold|spot_assumptions_raw_hourly_reconstruction|spot_assumptions_coverage_ratio_0.993836|spot_assumptions_expected_hours_8760|spot_assumptions_actual_hours_8706|observed_relational_uniform_monthly_consumption
2026-07-23,kczwlj-kokkolan-energia-oy-ranta-18-kk,fixed_term_other,25,[373],,,,,"[364, 786, 1211, 1574]",canonical_interpretation_rejected_by_exact_target_validation|historical_temporal_source_validation_unavailable|canonical_omitted_no_valid_interpretation_as_of_date|spot_assumptions_source_spot_price_hours|spot_assumptions_partial_above_threshold|spot_assumptions_raw_hourly_reconstruction|spot_assumptions_coverage_ratio_0.993836|spot_assumptions_expected_hours_8760|spot_assumptions_actual_hours_8706|observed_relational_uniform_monthly_consumption
2026-07-23,kh0hlo-vaasan-sahko-myynti-oy-porssisahko-tuuli-yritys,unclassified,,[],,,,,[],missing_historical_snapshot_identity|spot_assumptions_source_spot_price_hours|spot_assumptions_partial_above_threshold|spot_assumptions_raw_hourly_reconstruction|spot_assumptions_coverage_ratio_0.993836|spot_assumptions_expected_hours_8760|spot_assumptions_actual_hours_8706|observed_relational_uniform_monthly_consumption
2026-07-23,ki6odb-kokkolan-energia-oy-ranta-6-kk,fixed_term_6,216,[376],1719,2026-07-28T03:34:35.000000Z,True,,[],historical_household_statistics_scope_assumed|retrospective_exact_source_interpretation|exact_source_legacy_null_observation_binding|spot_assumptions_source_spot_price_hours|spot_assumptions_partial_above_threshold|spot_assumptions_raw_hourly_reconstruction|spot_assumptions_coverage_ratio_0.993836|spot_assumptions_expected_hours_8760|spot_assumptions_actual_hours_8706|term_price_annualized
2026-07-23,kjngro-pohjois-karjalan-sahko-oy-optimi-takuu-12-kuukautta,fixed_term_12,324,[378],1789,2026-07-28T03:49:12.000000Z,True,,[],historical_household_statistics_scope_assumed|retrospective_exact_source_interpretation|exact_source_legacy_null_observation_binding|spot_assumptions_source_spot_price_hours|spot_assumptions_partial_above_threshold|spot_assumptions_raw_hourly_reconstruction|spot_assumptions_coverage_ratio_0.993836|spot_assumptions_expected_hours_8760|spot_assumptions_actual_hours_8706
2026-07-23,kjye7s-pohjois-karjalan-sahko-oy-optimi-takuu-6-kuukautta,fixed_term_6,185,[379],1698,2026-07-28T03:30:29.000000Z,True,,[],historical_household_statistics_scope_assumed|retrospective_exact_source_interpretation|exact_source_legacy_null_observation_binding|spot_assumptions_source_spot_price_hours|spot_assumptions_partial_above_threshold|spot_assumptions_raw_hourly_reconstruction|spot_assumptions_coverage_ratio_0.993836|spot_assumptions_expected_hours_8760|spot_assumptions_actual_hours_8706|term_price_annualized
2026-07-23,kl9bng-seinajoen-energia-oy-porssisahko,spot,424,[381],1878,2026-07-28T04:06:01.000000Z,True,,[],historical_household_statistics_scope_assumed|retrospective_exact_source_interpretation|exact_source_legacy_null_observation_binding|spot_assumptions_source_spot_price_hours|spot_assumptions_partial_above_threshold|spot_assumptions_raw_hourly_reconstruction|spot_assumptions_coverage_ratio_0.993836|spot_assumptions_expected_hours_8760|spot_assumptions_actual_hours_8706|spot_estimate_confidence_higher|spot_forward_curve_with_rolling_365_intraday_shape|partial_shape_coverage|forward_month_from_quarter_contract
2026-07-23,knaoa5-iin-energia-oy-yleissahko,unclassified,,[],,,,,[],missing_historical_snapshot_identity|spot_assumptions_source_spot_price_hours|spot_assumptions_partial_above_threshold|spot_assumptions_raw_hourly_reconstruction|spot_assumptions_coverage_ratio_0.993836|spot_assumptions_expected_hours_8760|spot_assumptions_actual_hours_8706|observed_relational_uniform_monthly_consumption
2026-07-23,kngjot-keravan-energia-oy-tuulikvartaalisahko,quarterly,246,[383],1741,2026-07-28T03:39:18.000000Z,True,,[1218],historical_household_statistics_scope_assumed|canonical_interpretation_rejected_by_exact_target_validation|historical_temporal_source_validation_unavailable|retrospective_exact_source_interpretation|exact_source_legacy_null_observation_binding|spot_assumptions_source_spot_price_hours|spot_assumptions_partial_above_threshold|spot_assumptions_raw_hourly_reconstruction|spot_assumptions_coverage_ratio_0.993836|spot_assumptions_expected_hours_8760|spot_assumptions_actual_hours_8706|reset_tail_shifted_on_forward_curve|forward_month_from_quarter_contract
2026-07-23,knldub-vaasan-sahko-myynti-oy-vaikuttaja-yrityksille,unclassified,,[],,,,,[],missing_historical_snapshot_identity|spot_assumptions_source_spot_price_hours|spot_assumptions_partial_above_threshold|spot_assumptions_raw_hourly_reconstruction|spot_assumptions_coverage_ratio_0.993836|spot_assumptions_expected_hours_8760|spot_assumptions_actual_hours_8706|observed_relational_uniform_monthly_consumption
2026-07-23,knuhak-oomi-oy-oomi-vakaa-yrityksille,unclassified,,[],,,,,[],missing_historical_snapshot_identity|spot_assumptions_source_spot_price_hours|spot_assumptions_partial_above_threshold|spot_assumptions_raw_hourly_reconstruction|spot_assumptions_coverage_ratio_0.993836|spot_assumptions_expected_hours_8760|spot_assumptions_actual_hours_8706|observed_relational_uniform_monthly_consumption
2026-07-23,kr7knb-parikkalan-valo-oy-kesto-valo-kanta-asiakas-yritys,unclassified,,[],,,,,[],missing_historical_snapshot_identity|spot_assumptions_source_spot_price_hours|spot_assumptions_partial_above_threshold|spot_assumptions_raw_hourly_reconstruction|spot_assumptions_coverage_ratio_0.993836|spot_assumptions_expected_hours_8760|spot_assumptions_actual_hours_8706|observed_relational_uniform_monthly_consumption
2026-07-23,kugucp-porvoon-energia-oy-ilmastoviisas-36-kk-co2-paastottomasti-tuotettu-yrityksille,unclassified,,[],,,,,[],missing_historical_snapshot_identity|spot_assumptions_source_spot_price_hours|spot_assumptions_partial_above_threshold|spot_assumptions_raw_hourly_reconstruction|spot_assumptions_coverage_ratio_0.993836|spot_assumptions_expected_hours_8760|spot_assumptions_actual_hours_8706|observed_relational_uniform_monthly_consumption
2026-07-23,kvwny9-vihrea-alyenergia-oy-vire-tuuli-porssisahko-tarjous-ensimmaiset-12-kk,spot,211,[399],,,,,[],canonical_omitted_no_interpretation_as_of_date|spot_assumptions_source_spot_price_hours|spot_assumptions_partial_above_threshold|spot_assumptions_raw_hourly_reconstruction|spot_assumptions_coverage_ratio_0.993836|spot_assumptions_expected_hours_8760|spot_assumptions_actual_hours_8706|observed_relational_uniform_monthly_consumption|spot_estimate_confidence_higher|partial_shape_coverage|forward_month_from_quarter_contract
2026-07-23,kw0pi8-turku-energia-oy-louna-helppo-xs,open_ended,235,[409],1735,2026-07-28T03:38:08.000000Z,True,,[],historical_household_statistics_scope_assumed|retrospective_exact_source_interpretation|exact_source_legacy_null_observation_binding|spot_assumptions_source_spot_price_hours|spot_assumptions_partial_above_threshold|spot_assumptions_raw_hourly_reconstruction|spot_assumptions_coverage_ratio_0.993836|spot_assumptions_expected_hours_8760|spot_assumptions_actual_hours_8706
2026-07-23,kwaswq-koillis-satakunnan-sahko-oy-vakaawirta-12-kk,fixed_term_12,351,[410],1225,2026-07-24T14:52:08.000000Z,True,,[],historical_household_statistics_scope_assumed|retrospective_exact_source_interpretation|exact_source_legacy_null_observation_binding|spot_assumptions_source_spot_price_hours|spot_assumptions_partial_above_threshold|spot_assumptions_raw_hourly_reconstruction|spot_assumptions_coverage_ratio_0.993836|spot_assumptions_expected_hours_8760|spot_assumptions_actual_hours_8706
2026-07-23,ky5nx5-koillis-satakunnan-sahko-oy-joustowirta-12-kk,hybrid,69,[412],,,,,"[379, 801, 1226]",canonical_interpretation_rejected_by_exact_target_validation|historical_temporal_source_validation_unavailable|canonical_omitted_no_valid_interpretation_as_of_date|spot_assumptions_source_spot_price_hours|spot_assumptions_partial_above_threshold|spot_assumptions_raw_hourly_reconstruction|spot_assumptions_coverage_ratio_0.993836|spot_assumptions_expected_hours_8760|spot_assumptions_actual_hours_8706|observed_relational_uniform_monthly_consumption
2026-07-23,kyl2gv-vattenfall-oy-yrityksen-optimi-porssisahko,unclassified,,[],,,,,[],missing_historical_snapshot_identity|spot_assumptions_source_spot_price_hours|spot_assumptions_partial_above_threshold|spot_assumptions_raw_hourly_reconstruction|spot_assumptions_coverage_ratio_0.993836|spot_assumptions_expected_hours_8760|spot_assumptions_actual_hours_8706|observed_relational_uniform_monthly_consumption
2026-07-23,kz9acg-cheap-energy-finland-oy-cheap-porssisahko-kampanja-perusmaksualennus-6-kk-490-kk-ja-marginaalialennus-6kk-039-sntkwh,spot,327,[414],1792,2026-07-28T03:49:50.000000Z,True,,[],historical_household_statistics_scope_assumed|retrospective_exact_source_interpretation|exact_source_legacy_null_observation_binding|spot_assumptions_source_spot_price_hours|spot_assumptions_partial_above_threshold|spot_assumptions_raw_hourly_reconstruction|spot_assumptions_coverage_ratio_0.993836|spot_assumptions_expected_hours_8760|spot_assumptions_actual_hours_8706|spot_estimate_confidence_higher|spot_forward_curve_with_rolling_365_intraday_shape|partial_shape_coverage|forward_month_from_quarter_contract
2026-07-23,l3otzv-oomi-oy-toimitusvelvollinen-spot-yrityksille,unclassified,,[],,,,,[],missing_historical_snapshot_identity|spot_assumptions_source_spot_price_hours|spot_assumptions_partial_above_threshold|spot_assumptions_raw_hourly_reconstruction|spot_assumptions_coverage_ratio_0.993836|spot_assumptions_expected_hours_8760|spot_assumptions_actual_hours_8706|observed_relational_uniform_monthly_consumption
2026-07-23,lazesb-keuruun-sahko-oy-kausisahko,open_ended,18,[416],1568,2026-07-28T03:03:23.000000Z,True,,[],historical_household_statistics_scope_assumed|retrospective_exact_source_interpretation|exact_source_legacy_null_observation_binding|spot_assumptions_source_spot_price_hours|spot_assumptions_partial_above_threshold|spot_assumptions_raw_hourly_reconstruction|spot_assumptions_coverage_ratio_0.993836|spot_assumptions_expected_hours_8760|spot_assumptions_actual_hours_8706|supplier_adjusted_tail_uses_comparable_forward_premium|supplier_adjusted_monthly_fee_held_flat|price_episode_observed_proxy|price_episode_left_censored|historical_exact_contract_only|price_episode_uses_dedicated_historical_interpretation|calendar_gap_within_observed_price_episode|price_episode_uses_retrospective_exact_source_interpretation|missing_own_reference_using_comparable_premium|lower_confidence_energy_episode_proxy
2026-07-23,lecan2-hehku-energia-oy-hehku-kiintea-6-kk,fixed_term_6,318,[418],1231,2026-07-24T14:54:30.000000Z,True,,[],historical_household_statistics_scope_assumed|retrospective_exact_source_interpretation|exact_source_legacy_null_observation_binding|spot_assumptions_source_spot_price_hours|spot_assumptions_partial_above_threshold|spot_assumptions_raw_hourly_reconstruction|spot_assumptions_coverage_ratio_0.993836|spot_assumptions_expected_hours_8760|spot_assumptions_actual_hours_8706|term_price_annualized
2026-07-23,lhlgjg-helen-oy-helpposahko-l,open_ended,133,[423],1233,2026-07-24T14:55:10.000000Z,True,,[94],historical_household_statistics_scope_assumed|canonical_interpretation_rejected_by_exact_target_validation|retrospective_exact_source_interpretation|exact_source_legacy_null_observation_binding|spot_assumptions_source_spot_price_hours|spot_assumptions_partial_above_threshold|spot_assumptions_raw_hourly_reconstruction|spot_assumptions_coverage_ratio_0.993836|spot_assumptions_expected_hours_8760|spot_assumptions_actual_hours_8706
2026-07-23,liesmk-alajarven-sahko-oy-aikasahko-yrityksille,unclassified,,[],,,,,[],missing_historical_snapshot_identity|spot_assumptions_source_spot_price_hours|spot_assumptions_partial_above_threshold|spot_assumptions_raw_hourly_reconstruction|spot_assumptions_coverage_ratio_0.993836|spot_assumptions_expected_hours_8760|spot_assumptions_actual_hours_8706|observed_relational_uniform_monthly_consumption
2026-07-23,lis8le-vihrea-alyenergia-oy-vankka-kiintea-12-kk,unclassified,,[],,,,,[],missing_historical_snapshot_identity|spot_assumptions_source_spot_price_hours|spot_assumptions_partial_above_threshold|spot_assumptions_raw_hourly_reconstruction|spot_assumptions_coverage_ratio_0.993836|spot_assumptions_expected_hours_8760|spot_assumptions_actual_hours_8706|observed_relational_uniform_monthly_consumption
2026-07-23,lmfnl2-koillis-satakunnan-sahko-oy-ikiwirta-12-kk-aika,fixed_term_12,286,[427],1236,2026-07-24T14:55:41.000000Z,True,,[],historical_household_statistics_scope_assumed|retrospective_exact_source_interpretation|exact_source_legacy_null_observation_binding|spot_assumptions_source_spot_price_hours|spot_assumptions_partial_above_threshold|spot_assumptions_raw_hourly_reconstruction|spot_assumptions_coverage_ratio_0.993836|spot_assumptions_expected_hours_8760|spot_assumptions_actual_hours_8706
2026-07-23,lmwa7h-aanekosken-energia-oy-yleissahko-24-kk,unclassified,,[],,,,,[],missing_historical_snapshot_identity|spot_assumptions_source_spot_price_hours|spot_assumptions_partial_above_threshold|spot_assumptions_raw_hourly_reconstruction|spot_assumptions_coverage_ratio_0.993836|spot_assumptions_expected_hours_8760|spot_assumptions_actual_hours_8706|observed_relational_uniform_monthly_consumption
2026-07-23,lnsjt3-aanekosken-energia-oy-aikasahko,unclassified,,[],,,,,[],missing_historical_snapshot_identity|spot_assumptions_source_spot_price_hours|spot_assumptions_partial_above_threshold|spot_assumptions_raw_hourly_reconstruction|spot_assumptions_coverage_ratio_0.993836|spot_assumptions_expected_hours_8760|spot_assumptions_actual_hours_8706|observed_relational_uniform_monthly_consumption
2026-07-23,lx0qtw-aanekosken-energia-oy-maalaisjarkisahko-kausisahko-6-kk-paastoton,fixed_term_6,408,[437],1863,2026-07-28T04:03:52.000000Z,True,,[],historical_household_statistics_scope_assumed|retrospective_exact_source_interpretation|exact_source_legacy_null_observation_binding|spot_assumptions_source_spot_price_hours|spot_assumptions_partial_above_threshold|spot_assumptions_raw_hourly_reconstruction|spot_assumptions_coverage_ratio_0.993836|spot_assumptions_expected_hours_8760|spot_assumptions_actual_hours_8706|term_price_annualized
2026-07-23,lzexuk-parikkalan-valo-oy-kesto-valo-kanta-asiakas-yritys,unclassified,,[],,,,,[],missing_historical_snapshot_identity|spot_assumptions_source_spot_price_hours|spot_assumptions_partial_above_threshold|spot_assumptions_raw_hourly_reconstruction|spot_assumptions_coverage_ratio_0.993836|spot_assumptions_expected_hours_8760|spot_assumptions_actual_hours_8706|observed_relational_uniform_monthly_consumption
2026-07-23,lzyqzg-turku-energia-oy-louna-porssi,spot,56,[439],1601,2026-07-28T03:10:25.000000Z,True,,[],historical_household_statistics_scope_assumed|retrospective_exact_source_interpretation|exact_source_legacy_null_observation_binding|spot_assumptions_source_spot_price_hours|spot_assumptions_partial_above_threshold|spot_assumptions_raw_hourly_reconstruction|spot_assumptions_coverage_ratio_0.993836|spot_assumptions_expected_hours_8760|spot_assumptions_actual_hours_8706|spot_estimate_confidence_higher|spot_forward_curve_with_rolling_365_intraday_shape|partial_shape_coverage|forward_month_from_quarter_contract
2026-07-23,m0ool9-seinajoen-energia-oy-se-oikea-yleissahko,unclassified,,[],,,,,[],missing_historical_snapshot_identity|spot_assumptions_source_spot_price_hours|spot_assumptions_partial_above_threshold|spot_assumptions_raw_hourly_reconstruction|spot_assumptions_coverage_ratio_0.993836|spot_assumptions_expected_hours_8760|spot_assumptions_actual_hours_8706|observed_relational_uniform_monthly_consumption
2026-07-23,m7iihr-lumme-energia-joustosahko-12-kk-vaikuta-itse-sahkosi-hintaan,hybrid,172,[441],1243,2026-07-24T14:57:45.000000Z,True,,[],historical_household_statistics_scope_assumed|retrospective_exact_source_interpretation|exact_source_legacy_null_observation_binding|spot_assumptions_source_spot_price_hours|spot_assumptions_partial_above_threshold|spot_assumptions_raw_hourly_reconstruction|spot_assumptions_coverage_ratio_0.993836|spot_assumptions_expected_hours_8760|spot_assumptions_actual_hours_8706|excludes_consumption_effect
2026-07-23,mchasn-vaasan-sahko-myynti-oy-tuulisahko-yosahko,quarterly,92,[443],396,2026-07-24T04:13:18.000000Z,True,,"[819, 1244, 1629]",historical_household_statistics_scope_assumed|canonical_interpretation_rejected_by_exact_target_validation|historical_temporal_source_validation_unavailable|retrospective_exact_source_interpretation|exact_source_legacy_null_observation_binding|spot_assumptions_source_spot_price_hours|spot_assumptions_partial_above_threshold|spot_assumptions_raw_hourly_reconstruction|spot_assumptions_coverage_ratio_0.993836|spot_assumptions_expected_hours_8760|spot_assumptions_actual_hours_8706|reset_tail_shifted_on_forward_curve|forward_month_from_quarter_contract
2026-07-23,mdf8fw-keravan-energia-oy-fiksusahko-luonnonvoima,spot,210,[444],1715,2026-07-28T03:33:49.000000Z,True,,[],historical_household_statistics_scope_assumed|retrospective_exact_source_interpretation|exact_source_legacy_null_observation_binding|spot_assumptions_source_spot_price_hours|spot_assumptions_partial_above_threshold|spot_assumptions_raw_hourly_reconstruction|spot_assumptions_coverage_ratio_0.993836|spot_assumptions_expected_hours_8760|spot_assumptions_actual_hours_8706|spot_estimate_confidence_higher|spot_forward_curve_with_rolling_365_intraday_shape|partial_shape_coverage|forward_month_from_quarter_contract
2026-07-23,me5udx-alajarven-sahko-oy-aikasahko-24-kk-yrityksille,unclassified,,[],,,,,[],missing_historical_snapshot_identity|spot_assumptions_source_spot_price_hours|spot_assumptions_partial_above_threshold|spot_assumptions_raw_hourly_reconstruction|spot_assumptions_coverage_ratio_0.993836|spot_assumptions_expected_hours_8760|spot_assumptions_actual_hours_8706|observed_relational_uniform_monthly_consumption
2026-07-23,mfxy4n-helen-oy-markkinahintasahko,open_ended,106,[446],1640,2026-07-28T03:18:35.000000Z,True,,[822],historical_household_statistics_scope_assumed|canonical_interpretation_rejected_by_exact_target_validation|historical_temporal_source_validation_unavailable|retrospective_exact_source_interpretation|exact_source_legacy_null_observation_binding|spot_assumptions_source_spot_price_hours|spot_assumptions_partial_above_threshold|spot_assumptions_raw_hourly_reconstruction|spot_assumptions_coverage_ratio_0.993836|spot_assumptions_expected_hours_8760|spot_assumptions_actual_hours_8706|reset_tail_shifted_on_forward_curve|unknown_periods_use_latest_applicable_price_or_disclosed_normal|forward_month_from_quarter_contract
2026-07-23,mkcxd3-oomi-oy-toimitusvelvollinen-spot,spot,301,[450],1774,2026-07-28T03:46:06.000000Z,True,,[],historical_household_statistics_scope_assumed|retrospective_exact_source_interpretation|exact_source_legacy_null_observation_binding|spot_assumptions_source_spot_price_hours|spot_assumptions_partial_above_threshold|spot_assumptions_raw_hourly_reconstruction|spot_assumptions_coverage_ratio_0.993836|spot_assumptions_expected_hours_8760|spot_assumptions_actual_hours_8706|spot_estimate_confidence_higher|spot_forward_curve_with_rolling_365_intraday_shape|partial_shape_coverage|forward_month_from_quarter_contract
2026-07-23,mozut8-vattenfall-oy-ilmasto-mix-6-kk,fixed_term_6,22,[451],1250,2026-07-24T14:59:39.000000Z,True,,[],historical_household_statistics_scope_assumed|retrospective_exact_source_interpretation|exact_source_legacy_null_observation_binding|spot_assumptions_source_spot_price_hours|spot_assumptions_partial_above_threshold|spot_assumptions_raw_hourly_reconstruction|spot_assumptions_coverage_ratio_0.993836|spot_assumptions_expected_hours_8760|spot_assumptions_actual_hours_8706|term_price_annualized
2026-07-23,mp4rls-nordic-green-energy-uusiutuva-hybridi-12k,hybrid,113,[452],1645,2026-07-28T03:19:37.000000Z,True,,[],historical_household_statistics_scope_assumed|retrospective_exact_source_interpretation|exact_source_legacy_null_observation_binding|spot_assumptions_source_spot_price_hours|spot_assumptions_partial_above_threshold|spot_assumptions_raw_hourly_reconstruction|spot_assumptions_coverage_ratio_0.993836|spot_assumptions_expected_hours_8760|spot_assumptions_actual_hours_8706|excludes_consumption_effect
2026-07-23,mxkabq-vaasan-sahko-myynti-oy-porssisahko,spot,344,[454],1808,2026-07-28T03:52:24.000000Z,True,,[],historical_household_statistics_scope_assumed|retrospective_exact_source_interpretation|exact_source_legacy_null_observation_binding|spot_assumptions_source_spot_price_hours|spot_assumptions_partial_above_threshold|spot_assumptions_raw_hourly_reconstruction|spot_assumptions_coverage_ratio_0.993836|spot_assumptions_expected_hours_8760|spot_assumptions_actual_hours_8706|spot_estimate_confidence_higher|spot_forward_curve_with_rolling_365_intraday_shape|partial_shape_coverage|forward_month_from_quarter_contract
2026-07-23,n2hxzq-vihrea-alyenergia-oy-verraton-porssisahko-tarjous-ensimmaiset-6-kk,spot,207,[456],,,,,[],canonical_omitted_no_interpretation_as_of_date|spot_assumptions_source_spot_price_hours|spot_assumptions_partial_above_threshold|spot_assumptions_raw_hourly_reconstruction|spot_assumptions_coverage_ratio_0.993836|spot_assumptions_expected_hours_8760|spot_assumptions_actual_hours_8706|observed_relational_uniform_monthly_consumption|spot_estimate_confidence_higher|partial_shape_coverage|forward_month_from_quarter_contract
2026-07-23,n2vo1z-aanekosken-energia-oy-porssisahko-tunti,spot,78,[466],1616,2026-07-28T03:13:54.000000Z,True,,[],historical_household_statistics_scope_assumed|retrospective_exact_source_interpretation|exact_source_legacy_null_observation_binding|spot_assumptions_source_spot_price_hours|spot_assumptions_partial_above_threshold|spot_assumptions_raw_hourly_reconstruction|spot_assumptions_coverage_ratio_0.993836|spot_assumptions_expected_hours_8760|spot_assumptions_actual_hours_8706|spot_estimate_confidence_higher|spot_forward_curve_with_rolling_365_intraday_shape|partial_shape_coverage|forward_month_from_quarter_contract
2026-07-23,n4vf8t-helen-oy-maaraaikainen-vakaasahko-24-kk,unclassified,,[],,,,,[],missing_historical_snapshot_identity|spot_assumptions_source_spot_price_hours|spot_assumptions_partial_above_threshold|spot_assumptions_raw_hourly_reconstruction|spot_assumptions_coverage_ratio_0.993836|spot_assumptions_expected_hours_8760|spot_assumptions_actual_hours_8706|observed_relational_uniform_monthly_consumption
2026-07-23,ndjavi-fortum-markets-oy-yritys-duo-24kk-yleissahko,unclassified,,[],,,,,[],missing_historical_snapshot_identity|spot_assumptions_source_spot_price_hours|spot_assumptions_partial_above_threshold|spot_assumptions_raw_hourly_reconstruction|spot_assumptions_coverage_ratio_0.993836|spot_assumptions_expected_hours_8760|spot_assumptions_actual_hours_8706|observed_relational_uniform_monthly_consumption
2026-07-23,nea9qs-vaasan-sahko-myynti-oy-kiintea-vaikuttaja-12-kk,hybrid,38,[471],,,,,[],canonical_omitted_no_valid_interpretation_as_of_date|spot_assumptions_source_spot_price_hours|spot_assumptions_partial_above_threshold|spot_assumptions_raw_hourly_reconstruction|spot_assumptions_coverage_ratio_0.993836|spot_assumptions_expected_hours_8760|spot_assumptions_actual_hours_8706|observed_relational_uniform_monthly_consumption
2026-07-23,next4d-aalto-energia-oyj-aalto-kuukausihinta,open_ended,239,[481],1737,2026-07-28T03:38:35.000000Z,True,,"[78, 83, 833]",historical_household_statistics_scope_assumed|canonical_interpretation_rejected_by_exact_target_validation|retrospective_exact_source_interpretation|exact_source_legacy_null_observation_binding|spot_assumptions_source_spot_price_hours|spot_assumptions_partial_above_threshold|spot_assumptions_raw_hourly_reconstruction|spot_assumptions_coverage_ratio_0.993836|spot_assumptions_expected_hours_8760|spot_assumptions_actual_hours_8706|reset_tail_shifted_on_forward_curve|forward_month_from_quarter_contract
2026-07-23,nfqumt-turku-energia-oy-louna-varma,open_ended,277,[482],1759,2026-07-28T03:43:06.000000Z,True,,[],historical_household_statistics_scope_assumed|retrospective_exact_source_interpretation|exact_source_legacy_null_observation_binding|spot_assumptions_source_spot_price_hours|spot_assumptions_partial_above_threshold|spot_assumptions_raw_hourly_reconstruction|spot_assumptions_coverage_ratio_0.993836|spot_assumptions_expected_hours_8760|spot_assumptions_actual_hours_8706|reset_tail_shifted_on_forward_curve|forward_month_from_quarter_contract
2026-07-23,nlac9s-seinajoen-energia-oy-se-oikea-yleissahko,open_ended,422,[483],1876,2026-07-28T04:05:43.000000Z,True,,[],historical_household_statistics_scope_assumed|retrospective_exact_source_interpretation|exact_source_legacy_null_observation_binding|spot_assumptions_source_spot_price_hours|spot_assumptions_partial_above_threshold|spot_assumptions_raw_hourly_reconstruction|spot_assumptions_coverage_ratio_0.993836|spot_assumptions_expected_hours_8760|spot_assumptions_actual_hours_8706|supplier_adjusted_tail_shifted_on_forward_curve|supplier_adjusted_monthly_fee_held_flat|price_episode_observed_proxy|price_episode_left_censored|historical_exact_contract_only|price_episode_uses_dedicated_historical_interpretation|price_episode_uses_retrospective_exact_source_interpretation|forward_month_from_quarter_contract
2026-07-23,nmamnd-vattenfall-oy-yrityksen-kesto,unclassified,,[],,,,,[],missing_historical_snapshot_identity|spot_assumptions_source_spot_price_hours|spot_assumptions_partial_above_threshold|spot_assumptions_raw_hourly_reconstruction|spot_assumptions_coverage_ratio_0.993836|spot_assumptions_expected_hours_8760|spot_assumptions_actual_hours_8706|observed_relational_uniform_monthly_consumption
2026-07-23,npaf38-alajarven-sahko-oy-yleissahko-24-kk-yrityksille,unclassified,,[],,,,,[],missing_historical_snapshot_identity|spot_assumptions_source_spot_price_hours|spot_assumptions_partial_above_threshold|spot_assumptions_raw_hourly_reconstruction|spot_assumptions_coverage_ratio_0.993836|spot_assumptions_expected_hours_8760|spot_assumptions_actual_hours_8706|observed_relational_uniform_monthly_consumption
2026-07-23,nvllc4-vattenfall-oy-optimi-porssisahko-6-kk-perusmaksu-0,spot,329,[491],1794,2026-07-28T03:50:15.000000Z,True,,[],historical_household_statistics_scope_assumed|retrospective_exact_source_interpretation|exact_source_legacy_null_observation_binding|spot_assumptions_source_spot_price_hours|spot_assumptions_partial_above_threshold|spot_assumptions_raw_hourly_reconstruction|spot_assumptions_coverage_ratio_0.993836|spot_assumptions_expected_hours_8760|spot_assumptions_actual_hours_8706|historical_consumption_out_of_range
2026-07-23,nwp0pg-aanekosken-energia-oy-maalaisjarkisahko-yleissahko-6-kk-paastoton,fixed_term_6,410,[492],1865,2026-07-28T04:04:07.000000Z,True,,[],historical_household_statistics_scope_assumed|retrospective_exact_source_interpretation|exact_source_legacy_null_observation_binding|spot_assumptions_source_spot_price_hours|spot_assumptions_partial_above_threshold|spot_assumptions_raw_hourly_reconstruction|spot_assumptions_coverage_ratio_0.993836|spot_assumptions_expected_hours_8760|spot_assumptions_actual_hours_8706|term_price_annualized
2026-07-23,nz8qob-koillis-satakunnan-sahko-oy-vakaawirta-12-kk-aika,fixed_term_12,36,[493],1265,2026-07-24T15:04:11.000000Z,True,,[],historical_household_statistics_scope_assumed|retrospective_exact_source_interpretation|exact_source_legacy_null_observation_binding|spot_assumptions_source_spot_price_hours|spot_assumptions_partial_above_threshold|spot_assumptions_raw_hourly_reconstruction|spot_assumptions_coverage_ratio_0.993836|spot_assumptions_expected_hours_8760|spot_assumptions_actual_hours_8706
2026-07-23,o4v6dj-vaasan-sahko-myynti-oy-kiintea-vaikuttaja-6-kk-yrityksille,unclassified,,[],,,,,[],missing_historical_snapshot_identity|spot_assumptions_source_spot_price_hours|spot_assumptions_partial_above_threshold|spot_assumptions_raw_hourly_reconstruction|spot_assumptions_coverage_ratio_0.993836|spot_assumptions_expected_hours_8760|spot_assumptions_actual_hours_8706|observed_relational_uniform_monthly_consumption
2026-07-23,o6lt9w-vaasan-sahko-myynti-oy-kiintea-vaikuttaja-24-kk,hybrid,276,[506],,,,,[],canonical_omitted_no_interpretation_as_of_date|spot_assumptions_source_spot_price_hours|spot_assumptions_partial_above_threshold|spot_assumptions_raw_hourly_reconstruction|spot_assumptions_coverage_ratio_0.993836|spot_assumptions_expected_hours_8760|spot_assumptions_actual_hours_8706|observed_relational_uniform_monthly_consumption
2026-07-23,o8rhp6-aanekosken-energia-oy-porssisahko,spot,376,[516],1831,2026-07-28T03:58:40.000000Z,True,,[],historical_household_statistics_scope_assumed|retrospective_exact_source_interpretation|exact_source_legacy_null_observation_binding|spot_assumptions_source_spot_price_hours|spot_assumptions_partial_above_threshold|spot_assumptions_raw_hourly_reconstruction|spot_assumptions_coverage_ratio_0.993836|spot_assumptions_expected_hours_8760|spot_assumptions_actual_hours_8706|spot_estimate_confidence_higher|spot_forward_curve_with_rolling_365_intraday_shape|partial_shape_coverage|forward_month_from_quarter_contract
2026-07-23,o9jk8v-helen-oy-maaraaikainen-valkkysahko-24-kk,hybrid,303,[517],,,,,[],canonical_omitted_no_interpretation_as_of_date|spot_assumptions_source_spot_price_hours|spot_assumptions_partial_above_threshold|spot_assumptions_raw_hourly_reconstruction|spot_assumptions_coverage_ratio_0.993836|spot_assumptions_expected_hours_8760|spot_assumptions_actual_hours_8706|observed_relational_uniform_monthly_consumption
2026-07-23,o9njxl-herrfors-oy-ab-spot,spot,28,[519],1577,2026-07-28T03:04:59.000000Z,True,,[],historical_household_statistics_scope_assumed|retrospective_exact_source_interpretation|exact_source_legacy_null_observation_binding|spot_assumptions_source_spot_price_hours|spot_assumptions_partial_above_threshold|spot_assumptions_raw_hourly_reconstruction|spot_assumptions_coverage_ratio_0.993836|spot_assumptions_expected_hours_8760|spot_assumptions_actual_hours_8706|spot_estimate_confidence_higher|spot_forward_curve_with_rolling_365_intraday_shape|partial_shape_coverage|forward_month_from_quarter_contract
2026-07-23,oglcpd-seinajoen-energia-oy-porssisahko,unclassified,,[],,,,,[],missing_historical_snapshot_identity|spot_assumptions_source_spot_price_hours|spot_assumptions_partial_above_threshold|spot_assumptions_raw_hourly_reconstruction|spot_assumptions_coverage_ratio_0.993836|spot_assumptions_expected_hours_8760|spot_assumptions_actual_hours_8706|observed_relational_uniform_monthly_consumption
2026-07-23,okinid-keravan-energia-oy-joustosahko-24-kk,hybrid,375,[522],1830,2026-07-28T03:58:32.000000Z,True,,[],historical_household_statistics_scope_assumed|retrospective_exact_source_interpretation|exact_source_legacy_null_observation_binding|spot_assumptions_source_spot_price_hours|spot_assumptions_partial_above_threshold|spot_assumptions_raw_hourly_reconstruction|spot_assumptions_coverage_ratio_0.993836|spot_assumptions_expected_hours_8760|spot_assumptions_actual_hours_8706|excludes_consumption_effect
2026-07-23,okmsyk-cheap-energy-finland-oy-cheap-maaraaikainen-6-kk,fixed_term_6,93,[523],,,,,"[424, 848, 1273]",canonical_interpretation_rejected_by_exact_target_validation|canonical_omitted_no_valid_interpretation_as_of_date|spot_assumptions_source_spot_price_hours|spot_assumptions_partial_above_threshold|spot_assumptions_raw_hourly_reconstruction|spot_assumptions_coverage_ratio_0.993836|spot_assumptions_expected_hours_8760|spot_assumptions_actual_hours_8706|observed_relational_uniform_monthly_consumption
2026-07-23,onnuwd-nurmijarven-sahko-oy-aikasahko,open_ended,14,[524],1564,2026-07-28T03:02:56.000000Z,True,,[],historical_household_statistics_scope_assumed|retrospective_exact_source_interpretation|exact_source_legacy_null_observation_binding|spot_assumptions_source_spot_price_hours|spot_assumptions_partial_above_threshold|spot_assumptions_raw_hourly_reconstruction|spot_assumptions_coverage_ratio_0.993836|spot_assumptions_expected_hours_8760|spot_assumptions_actual_hours_8706|supplier_adjusted_tail_uses_comparable_forward_premium|supplier_adjusted_monthly_fee_held_flat|price_episode_observed_proxy|price_episode_left_censored|historical_exact_contract_only|price_episode_uses_dedicated_historical_interpretation|calendar_gap_within_observed_price_episode|price_episode_uses_retrospective_exact_source_interpretation|missing_own_reference_using_comparable_premium|lower_confidence_energy_episode_proxy
2026-07-23,ooqxn6-turku-energia-oy-louna-varma-yritykset,unclassified,,[],,,,,[],missing_historical_snapshot_identity|spot_assumptions_source_spot_price_hours|spot_assumptions_partial_above_threshold|spot_assumptions_raw_hourly_reconstruction|spot_assumptions_coverage_ratio_0.993836|spot_assumptions_expected_hours_8760|spot_assumptions_actual_hours_8706|observed_relational_uniform_monthly_consumption
2026-07-23,oriuhg-porvoon-energia-oy-wind-24-kk-kotimainen-tuulisahko,fixed_term_24,179,[527],1277,2026-07-24T15:07:52.000000Z,True,,[],historical_household_statistics_scope_assumed|retrospective_exact_source_interpretation|exact_source_legacy_null_observation_binding|spot_assumptions_source_spot_price_hours|spot_assumptions_partial_above_threshold|spot_assumptions_raw_hourly_reconstruction|spot_assumptions_coverage_ratio_0.993836|spot_assumptions_expected_hours_8760|spot_assumptions_actual_hours_8706
2026-07-23,osszso-aalto-energia-oyj-luotsi-porssisahko-tarjous-perusmaksu-099-ensimmaiset-12kk,spot,8,[528],,,,,"[72, 429, 853, 1278, 1559]",canonical_interpretation_rejected_by_exact_target_validation|historical_temporal_source_validation_unavailable|canonical_omitted_no_valid_interpretation_as_of_date|spot_assumptions_source_spot_price_hours|spot_assumptions_partial_above_threshold|spot_assumptions_raw_hourly_reconstruction|spot_assumptions_coverage_ratio_0.993836|spot_assumptions_expected_hours_8760|spot_assumptions_actual_hours_8706|observed_relational_uniform_monthly_consumption|spot_estimate_confidence_higher|partial_shape_coverage|forward_month_from_quarter_contract
2026-07-23,ozjhpb-helen-oy-kayttosahko,open_ended,383,[529],1838,2026-07-28T04:00:03.000000Z,True,,[],historical_household_statistics_scope_assumed|retrospective_exact_source_interpretation|exact_source_legacy_null_observation_binding|spot_assumptions_source_spot_price_hours|spot_assumptions_partial_above_threshold|spot_assumptions_raw_hourly_reconstruction|spot_assumptions_coverage_ratio_0.993836|spot_assumptions_expected_hours_8760|spot_assumptions_actual_hours_8706|supplier_adjusted_tail_uses_comparable_forward_premium|supplier_adjusted_monthly_fee_held_flat|price_episode_observed_proxy|price_episode_left_censored|historical_exact_contract_only|price_episode_uses_dedicated_historical_interpretation|calendar_gap_within_observed_price_episode|price_episode_uses_retrospective_exact_source_interpretation|missing_own_reference_using_comparable_premium|lower_confidence_energy_episode_proxy
2026-07-23,p1oviu-aanekosken-energia-oy-porssisahko,unclassified,,[],,,,,[],missing_historical_snapshot_identity|spot_assumptions_source_spot_price_hours|spot_assumptions_partial_above_threshold|spot_assumptions_raw_hourly_reconstruction|spot_assumptions_coverage_ratio_0.993836|spot_assumptions_expected_hours_8760|spot_assumptions_actual_hours_8706|observed_relational_uniform_monthly_consumption
2026-07-23,p8k8ke-kokkolan-energia-oy-surffari-kesakampanja,unclassified,,[],,,,,[],missing_historical_snapshot_identity|spot_assumptions_source_spot_price_hours|spot_assumptions_partial_above_threshold|spot_assumptions_raw_hourly_reconstruction|spot_assumptions_coverage_ratio_0.993836|spot_assumptions_expected_hours_8760|spot_assumptions_actual_hours_8706|observed_relational_uniform_monthly_consumption
2026-07-23,pgbqqk-oomi-oy-oomi-aktiivinen,spot,154,[537],,,,,[],canonical_omitted_no_interpretation_as_of_date|spot_assumptions_source_spot_price_hours|spot_assumptions_partial_above_threshold|spot_assumptions_raw_hourly_reconstruction|spot_assumptions_coverage_ratio_0.993836|spot_assumptions_expected_hours_8760|spot_assumptions_actual_hours_8706|observed_relational_uniform_monthly_consumption|spot_estimate_confidence_higher|partial_shape_coverage|forward_month_from_quarter_contract
2026-07-23,pgkbdj-vihrea-alyenergia-oy-vankka-kiintea-24-kk,unclassified,,[],,,,,[],missing_historical_snapshot_identity|spot_assumptions_source_spot_price_hours|spot_assumptions_partial_above_threshold|spot_assumptions_raw_hourly_reconstruction|spot_assumptions_coverage_ratio_0.993836|spot_assumptions_expected_hours_8760|spot_assumptions_actual_hours_8706|observed_relational_uniform_monthly_consumption
2026-07-23,pk8hwv-vihrea-alyenergia-oy-vire-tuuli-kiintea-12-kk,unclassified,,[],,,,,[],missing_historical_snapshot_identity|spot_assumptions_source_spot_price_hours|spot_assumptions_partial_above_threshold|spot_assumptions_raw_hourly_reconstruction|spot_assumptions_coverage_ratio_0.993836|spot_assumptions_expected_hours_8760|spot_assumptions_actual_hours_8706|observed_relational_uniform_monthly_consumption
2026-07-23,pkdzdu-keravan-energia-oy-perussahko-yleis-6-kk,fixed_term_6,368,[540],1825,2026-07-28T03:57:33.000000Z,True,,[],historical_household_statistics_scope_assumed|retrospective_exact_source_interpretation|exact_source_legacy_null_observation_binding|spot_assumptions_source_spot_price_hours|spot_assumptions_partial_above_threshold|spot_assumptions_raw_hourly_reconstruction|spot_assumptions_coverage_ratio_0.993836|spot_assumptions_expected_hours_8760|spot_assumptions_actual_hours_8706|term_price_annualized
2026-07-23,plbcxh-kokkolan-energia-oy-vuodenaika,quarterly,353,[541],,,,,"[435, 860, 1285]",canonical_interpretation_rejected_by_exact_target_validation|historical_temporal_source_validation_unavailable|canonical_omitted_no_valid_interpretation_as_of_date|spot_assumptions_source_spot_price_hours|spot_assumptions_partial_above_threshold|spot_assumptions_raw_hourly_reconstruction|spot_assumptions_coverage_ratio_0.993836|spot_assumptions_expected_hours_8760|spot_assumptions_actual_hours_8706|observed_relational_uniform_monthly_consumption|relational_open_ended_no_proven_historical_adjustment_mechanism
2026-07-23,poj0gf-lammaisten-energia-oy-iisi-kulutusjousto-aikasahko-12-kk,hybrid,68,[542],1610,2026-07-28T03:12:34.000000Z,True,,[],historical_household_statistics_scope_assumed|retrospective_exact_source_interpretation|exact_source_legacy_null_observation_binding|spot_assumptions_source_spot_price_hours|spot_assumptions_partial_above_threshold|spot_assumptions_raw_hourly_reconstruction|spot_assumptions_coverage_ratio_0.993836|spot_assumptions_expected_hours_8760|spot_assumptions_actual_hours_8706|excludes_consumption_effect
2026-07-23,ppiuwo-herrfors-oy-ab-yleissahko,open_ended,429,[544],1883,2026-07-28T04:06:57.000000Z,True,,[],historical_household_statistics_scope_assumed|retrospective_exact_source_interpretation|exact_source_legacy_null_observation_binding|spot_assumptions_source_spot_price_hours|spot_assumptions_partial_above_threshold|spot_assumptions_raw_hourly_reconstruction|spot_assumptions_coverage_ratio_0.993836|spot_assumptions_expected_hours_8760|spot_assumptions_actual_hours_8706|supplier_adjusted_tail_shifted_on_forward_curve|supplier_adjusted_monthly_fee_held_flat|price_episode_observed_proxy|price_episode_left_censored|historical_exact_contract_only|prior_energy_evidence_changed_unknown_or_conflicting|price_episode_uses_retrospective_exact_source_interpretation|forward_month_from_quarter_contract
2026-07-23,ppjoe9-lammaisten-energia-oy-iisi-helpposahko-aikasahko-12-kk,fixed_term_12,339,[545],1803,2026-07-28T03:51:39.000000Z,True,,[66],historical_household_statistics_scope_assumed|canonical_interpretation_rejected_by_exact_target_validation|retrospective_exact_source_interpretation|exact_source_legacy_null_observation_binding|spot_assumptions_source_spot_price_hours|spot_assumptions_partial_above_threshold|spot_assumptions_raw_hourly_reconstruction|spot_assumptions_coverage_ratio_0.993836|spot_assumptions_expected_hours_8760|spot_assumptions_actual_hours_8706
2026-07-23,ppwyv2-lammaisten-energia-oy-toimitusvelvollinen-kausisahko,open_ended,177,[546],,,,,[],canonical_omitted_no_interpretation_as_of_date|spot_assumptions_source_spot_price_hours|spot_assumptions_partial_above_threshold|spot_assumptions_raw_hourly_reconstruction|spot_assumptions_coverage_ratio_0.993836|spot_assumptions_expected_hours_8760|spot_assumptions_actual_hours_8706|observed_relational_uniform_monthly_consumption|relational_open_ended_no_proven_historical_adjustment_mechanism
2026-07-23,pqfn0s-hehku-energia-oy-hehku-jousto-24-kk-ensimmaiset-3-kk-perusmaksu-0,hybrid,356,[556],1815,2026-07-28T03:55:21.000000Z,True,,[],historical_household_statistics_scope_assumed|retrospective_exact_source_interpretation|exact_source_legacy_null_observation_binding|spot_assumptions_source_spot_price_hours|spot_assumptions_partial_above_threshold|spot_assumptions_raw_hourly_reconstruction|spot_assumptions_coverage_ratio_0.993836|spot_assumptions_expected_hours_8760|spot_assumptions_actual_hours_8706|excludes_consumption_effect
2026-07-23,psutqh-lammaisten-energia-oy-iisi-helpposahko-yleissahko-12-kk,fixed_term_12,213,[559],1717,2026-07-28T03:34:08.000000Z,True,,[],historical_household_statistics_scope_assumed|retrospective_exact_source_interpretation|exact_source_legacy_null_observation_binding|spot_assumptions_source_spot_price_hours|spot_assumptions_partial_above_threshold|spot_assumptions_raw_hourly_reconstruction|spot_assumptions_coverage_ratio_0.993836|spot_assumptions_expected_hours_8760|spot_assumptions_actual_hours_8706
2026-07-23,pszotq-nurmijarven-sahko-oy-kausisahko,open_ended,13,[560],1563,2026-07-28T03:02:46.000000Z,True,,[],historical_household_statistics_scope_assumed|retrospective_exact_source_interpretation|exact_source_legacy_null_observation_binding|spot_assumptions_source_spot_price_hours|spot_assumptions_partial_above_threshold|spot_assumptions_raw_hourly_reconstruction|spot_assumptions_coverage_ratio_0.993836|spot_assumptions_expected_hours_8760|spot_assumptions_actual_hours_8706|supplier_adjusted_tail_uses_comparable_forward_premium|supplier_adjusted_monthly_fee_held_flat|price_episode_observed_proxy|price_episode_left_censored|historical_exact_contract_only|price_episode_uses_dedicated_historical_interpretation|calendar_gap_within_observed_price_episode|price_episode_uses_retrospective_exact_source_interpretation|missing_own_reference_using_comparable_premium|lower_confidence_energy_episode_proxy
2026-07-23,pvhkra-vaasan-sahko-myynti-oy-kiintea-24-kk-yleissahko,fixed_term_24,205,[561],1711,2026-07-28T03:33:04.000000Z,True,,[],historical_household_statistics_scope_assumed|retrospective_exact_source_interpretation|exact_source_legacy_null_observation_binding|spot_assumptions_source_spot_price_hours|spot_assumptions_partial_above_threshold|spot_assumptions_raw_hourly_reconstruction|spot_assumptions_coverage_ratio_0.993836|spot_assumptions_expected_hours_8760|spot_assumptions_actual_hours_8706
2026-07-23,pyhgkn-vaasan-sahko-myynti-oy-kuukausipaketti-xs,open_ended,264,[564],1751,2026-07-28T03:41:34.000000Z,True,,[1294],historical_household_statistics_scope_assumed|canonical_interpretation_rejected_by_exact_target_validation|retrospective_exact_source_interpretation|exact_source_legacy_null_observation_binding|spot_assumptions_source_spot_price_hours|spot_assumptions_partial_above_threshold|spot_assumptions_raw_hourly_reconstruction|spot_assumptions_coverage_ratio_0.993836|spot_assumptions_expected_hours_8760|spot_assumptions_actual_hours_8706
2026-07-23,q2gfjf-vattenfall-oy-optimi-porssisahko-perusmaksut-50-ensimmaiset-12-kuukautta,spot,354,[565],1813,2026-07-28T03:53:20.000000Z,True,,[],historical_household_statistics_scope_assumed|retrospective_exact_source_interpretation|exact_source_legacy_null_observation_binding|spot_assumptions_source_spot_price_hours|spot_assumptions_partial_above_threshold|spot_assumptions_raw_hourly_reconstruction|spot_assumptions_coverage_ratio_0.993836|spot_assumptions_expected_hours_8760|spot_assumptions_actual_hours_8706|spot_estimate_confidence_higher|spot_forward_curve_with_rolling_365_intraday_shape|partial_shape_coverage|forward_month_from_quarter_contract
2026-07-23,qezbfw-vattenfall-oy-taysvesi-12-kk,fixed_term_12,289,[568],1769,2026-07-28T03:45:11.000000Z,True,,[],historical_household_statistics_scope_assumed|retrospective_exact_source_interpretation|exact_source_legacy_null_observation_binding|spot_assumptions_source_spot_price_hours|spot_assumptions_partial_above_threshold|spot_assumptions_raw_hourly_reconstruction|spot_assumptions_coverage_ratio_0.993836|spot_assumptions_expected_hours_8760|spot_assumptions_actual_hours_8706
2026-07-23,qftxhb-oomi-oy-toimitusvelvollinen-sahko,open_ended,256,[569],1748,2026-07-28T03:40:42.000000Z,True,,[],historical_household_statistics_scope_assumed|retrospective_exact_source_interpretation|exact_source_legacy_null_observation_binding|spot_assumptions_source_spot_price_hours|spot_assumptions_partial_above_threshold|spot_assumptions_raw_hourly_reconstruction|spot_assumptions_coverage_ratio_0.993836|spot_assumptions_expected_hours_8760|spot_assumptions_actual_hours_8706|supplier_adjusted_tail_uses_comparable_forward_premium|supplier_adjusted_monthly_fee_held_flat|price_episode_observed_proxy|price_episode_left_censored|historical_exact_contract_only|price_episode_uses_dedicated_historical_interpretation|calendar_gap_within_observed_price_episode|price_episode_uses_retrospective_exact_source_interpretation|missing_own_reference_using_comparable_premium|lower_confidence_energy_episode_proxy
2026-07-23,qgpgvd-herrfors-oy-ab-vakaa,open_ended,433,[570],1887,2026-07-28T04:07:38.000000Z,True,,[],historical_household_statistics_scope_assumed|retrospective_exact_source_interpretation|exact_source_legacy_null_observation_binding|spot_assumptions_source_spot_price_hours|spot_assumptions_partial_above_threshold|spot_assumptions_raw_hourly_reconstruction|spot_assumptions_coverage_ratio_0.993836|spot_assumptions_expected_hours_8760|spot_assumptions_actual_hours_8706|supplier_adjusted_tail_shifted_on_forward_curve|supplier_adjusted_monthly_fee_held_flat|price_episode_observed_proxy|price_episode_left_censored|historical_exact_contract_only|price_episode_uses_dedicated_historical_interpretation|price_episode_uses_retrospective_exact_source_interpretation|forward_month_from_quarter_contract
2026-07-23,qpc4c9-vihrea-alyenergia-oy-hintalukko-porssisahko-kiinnitysmahdollisuus,spot,194,[571],1703,2026-07-28T03:31:33.000000Z,True,,[],historical_household_statistics_scope_assumed|retrospective_exact_source_interpretation|exact_source_legacy_null_observation_binding|spot_assumptions_source_spot_price_hours|spot_assumptions_partial_above_threshold|spot_assumptions_raw_hourly_reconstruction|spot_assumptions_coverage_ratio_0.993836|spot_assumptions_expected_hours_8760|spot_assumptions_actual_hours_8706|spot_estimate_confidence_higher|spot_forward_curve_with_rolling_365_intraday_shape|partial_shape_coverage|forward_month_from_quarter_contract
2026-07-23,qpebkd-lammaisten-energia-oy-iisi-helpposahko-kausisahko-12-kk,fixed_term_12,312,[572],1780,2026-07-28T03:47:26.000000Z,True,,[65],historical_household_statistics_scope_assumed|canonical_interpretation_rejected_by_exact_target_validation|retrospective_exact_source_interpretation|exact_source_legacy_null_observation_binding|spot_assumptions_source_spot_price_hours|spot_assumptions_partial_above_threshold|spot_assumptions_raw_hourly_reconstruction|spot_assumptions_coverage_ratio_0.993836|spot_assumptions_expected_hours_8760|spot_assumptions_actual_hours_8706
2026-07-23,qseg85-vaasan-sahko-myynti-oy-kiintea-6-kk-yleissahko,fixed_term_6,95,[574],1631,2026-07-28T03:17:04.000000Z,True,,[],historical_household_statistics_scope_assumed|retrospective_exact_source_interpretation|exact_source_legacy_null_observation_binding|spot_assumptions_source_spot_price_hours|spot_assumptions_partial_above_threshold|spot_assumptions_raw_hourly_reconstruction|spot_assumptions_coverage_ratio_0.993836|spot_assumptions_expected_hours_8760|spot_assumptions_actual_hours_8706|term_price_annualized
2026-07-23,quvnfq-fortum-markets-oy-fortum-kesto-aikasahko,open_ended,217,[575],1720,2026-07-28T03:34:48.000000Z,True,,[],historical_household_statistics_scope_assumed|retrospective_exact_source_interpretation|exact_source_legacy_null_observation_binding|spot_assumptions_source_spot_price_hours|spot_assumptions_partial_above_threshold|spot_assumptions_raw_hourly_reconstruction|spot_assumptions_coverage_ratio_0.993836|spot_assumptions_expected_hours_8760|spot_assumptions_actual_hours_8706|supplier_adjusted_tail_shifted_on_forward_curve|supplier_adjusted_monthly_fee_held_flat|price_episode_observed_proxy|price_episode_left_censored|historical_exact_contract_only|prior_energy_evidence_changed_unknown_or_conflicting|price_episode_uses_retrospective_exact_source_interpretation|forward_month_from_quarter_contract
2026-07-23,qvcwi1-aanekosken-energia-oy-kausisahko-12-kk,unclassified,,[],,,,,[],missing_historical_snapshot_identity|spot_assumptions_source_spot_price_hours|spot_assumptions_partial_above_threshold|spot_assumptions_raw_hourly_reconstruction|spot_assumptions_coverage_ratio_0.993836|spot_assumptions_expected_hours_8760|spot_assumptions_actual_hours_8706|observed_relational_uniform_monthly_consumption
2026-07-23,qvnrc1-aanekosken-energia-oy-yleissahko,open_ended,61,[577],1606,2026-07-28T03:11:47.000000Z,True,,[],historical_household_statistics_scope_assumed|retrospective_exact_source_interpretation|exact_source_legacy_null_observation_binding|spot_assumptions_source_spot_price_hours|spot_assumptions_partial_above_threshold|spot_assumptions_raw_hourly_reconstruction|spot_assumptions_coverage_ratio_0.993836|spot_assumptions_expected_hours_8760|spot_assumptions_actual_hours_8706|supplier_adjusted_tail_uses_comparable_forward_premium|supplier_adjusted_monthly_fee_held_flat|price_episode_observed_proxy|price_episode_left_censored|historical_exact_contract_only|price_episode_uses_dedicated_historical_interpretation|calendar_gap_within_observed_price_episode|price_episode_uses_retrospective_exact_source_interpretation|missing_own_reference_using_comparable_premium|lower_confidence_energy_episode_proxy
2026-07-23,qweosn-paneliankosken-voima-oy-kosken-markkinawoima,spot,96,[578],1632,2026-07-28T03:17:12.000000Z,True,,[],historical_household_statistics_scope_assumed|retrospective_exact_source_interpretation|exact_source_legacy_null_observation_binding|spot_assumptions_source_spot_price_hours|spot_assumptions_partial_above_threshold|spot_assumptions_raw_hourly_reconstruction|spot_assumptions_coverage_ratio_0.993836|spot_assumptions_expected_hours_8760|spot_assumptions_actual_hours_8706|spot_estimate_confidence_higher|spot_forward_curve_with_rolling_365_intraday_shape|partial_shape_coverage|forward_month_from_quarter_contract
2026-07-23,qwmpo0-porvoon-energia-oy-ilmastoviisas-24-kk-co2-paastottomasti-tuotettu,fixed_term_24,349,[579],1306,2026-07-24T15:15:44.000000Z,True,,[],historical_household_statistics_scope_assumed|retrospective_exact_source_interpretation|exact_source_legacy_null_observation_binding|spot_assumptions_source_spot_price_hours|spot_assumptions_partial_above_threshold|spot_assumptions_raw_hourly_reconstruction|spot_assumptions_coverage_ratio_0.993836|spot_assumptions_expected_hours_8760|spot_assumptions_actual_hours_8706
2026-07-23,rc3xem-aanekosken-energia-oy-maalaisjarkisahko-yleissahko-12-kk-paastoton,fixed_term_12,403,[582],1858,2026-07-28T04:03:02.000000Z,True,,[],historical_household_statistics_scope_assumed|retrospective_exact_source_interpretation|exact_source_legacy_null_observation_binding|spot_assumptions_source_spot_price_hours|spot_assumptions_partial_above_threshold|spot_assumptions_raw_hourly_reconstruction|spot_assumptions_coverage_ratio_0.993836|spot_assumptions_expected_hours_8760|spot_assumptions_actual_hours_8706
2026-07-23,rebdra-vaasan-sahko-myynti-oy-kiintea-12-kk-yleissahko-yrityksille,unclassified,,[],,,,,[],missing_historical_snapshot_identity|spot_assumptions_source_spot_price_hours|spot_assumptions_partial_above_threshold|spot_assumptions_raw_hourly_reconstruction|spot_assumptions_coverage_ratio_0.993836|spot_assumptions_expected_hours_8760|spot_assumptions_actual_hours_8706|observed_relational_uniform_monthly_consumption
2026-07-23,reyxvv-koylion-sakylan-sahko-oy-lallin-maaris-1v-aikasahko,fixed_term_12,174,[585],1693,2026-07-28T03:29:28.000000Z,True,,[],historical_household_statistics_scope_assumed|retrospective_exact_source_interpretation|exact_source_legacy_null_observation_binding|spot_assumptions_source_spot_price_hours|spot_assumptions_partial_above_threshold|spot_assumptions_raw_hourly_reconstruction|spot_assumptions_coverage_ratio_0.993836|spot_assumptions_expected_hours_8760|spot_assumptions_actual_hours_8706
2026-07-23,rf4co6-helen-oy-maaraaikainen-vakaasahko-12-kk,unclassified,,[],,,,,[],missing_historical_snapshot_identity|spot_assumptions_source_spot_price_hours|spot_assumptions_partial_above_threshold|spot_assumptions_raw_hourly_reconstruction|spot_assumptions_coverage_ratio_0.993836|spot_assumptions_expected_hours_8760|spot_assumptions_actual_hours_8706|observed_relational_uniform_monthly_consumption
2026-07-23,rfarmu-vimpelin-voima-oy-vuodenaikatariffi,unclassified,,[],,,,,[],missing_historical_snapshot_identity|spot_assumptions_source_spot_price_hours|spot_assumptions_partial_above_threshold|spot_assumptions_raw_hourly_reconstruction|spot_assumptions_coverage_ratio_0.993836|spot_assumptions_expected_hours_8760|spot_assumptions_actual_hours_8706|observed_relational_uniform_monthly_consumption
2026-07-23,rheghs-vihrea-alyenergia-oy-vire-tuuli-kiintea-24kk,fixed_term_24,,[],,,,,[],canonical_omitted_no_covering_source_observation|historical_canonical_omitted_no_covering_current_builder_episode|spot_assumptions_source_spot_price_hours|spot_assumptions_partial_above_threshold|spot_assumptions_raw_hourly_reconstruction|spot_assumptions_coverage_ratio_0.993836|spot_assumptions_expected_hours_8760|spot_assumptions_actual_hours_8706|observed_relational_uniform_monthly_consumption
2026-07-23,rk8dba-oomi-oy-oomi-kiintea-12-kk,fixed_term_12,311,[588],,,,,[],canonical_omitted_no_interpretation_as_of_date|spot_assumptions_source_spot_price_hours|spot_assumptions_partial_above_threshold|spot_assumptions_raw_hourly_reconstruction|spot_assumptions_coverage_ratio_0.993836|spot_assumptions_expected_hours_8760|spot_assumptions_actual_hours_8706|observed_relational_uniform_monthly_consumption
2026-07-23,rl6kxz-hehku-energia-oy-hehku-porssi-0-kuukausimaksu-ensimmaiset-3-kk,spot,345,[589],1809,2026-07-28T03:52:34.000000Z,True,,[],historical_household_statistics_scope_assumed|retrospective_exact_source_interpretation|exact_source_legacy_null_observation_binding|spot_assumptions_source_spot_price_hours|spot_assumptions_partial_above_threshold|spot_assumptions_raw_hourly_reconstruction|spot_assumptions_coverage_ratio_0.993836|spot_assumptions_expected_hours_8760|spot_assumptions_actual_hours_8706|spot_estimate_confidence_higher|spot_forward_curve_with_rolling_365_intraday_shape|partial_shape_coverage|forward_month_from_quarter_contract
2026-07-23,rlnhww-nurmijarven-sahko-oy-kausisahko-2-vuotta,fixed_term_24,362,[590],1820,2026-07-28T03:56:15.000000Z,True,,[],historical_household_statistics_scope_assumed|retrospective_exact_source_interpretation|exact_source_legacy_null_observation_binding|spot_assumptions_source_spot_price_hours|spot_assumptions_partial_above_threshold|spot_assumptions_raw_hourly_reconstruction|spot_assumptions_coverage_ratio_0.993836|spot_assumptions_expected_hours_8760|spot_assumptions_actual_hours_8706
2026-07-23,rrd7bn-vihrea-alyenergia-oy-vire-tuuli-kiintea-24-kk,unclassified,,[],,,,,[],missing_historical_snapshot_identity|spot_assumptions_source_spot_price_hours|spot_assumptions_partial_above_threshold|spot_assumptions_raw_hourly_reconstruction|spot_assumptions_coverage_ratio_0.993836|spot_assumptions_expected_hours_8760|spot_assumptions_actual_hours_8706|observed_relational_uniform_monthly_consumption
2026-07-23,rwzpqh-vattenfall-oy-helppo-porssisahko,spot,219,[593],1722,2026-07-28T03:35:25.000000Z,True,,[],historical_household_statistics_scope_assumed|retrospective_exact_source_interpretation|exact_source_legacy_null_observation_binding|spot_assumptions_source_spot_price_hours|spot_assumptions_partial_above_threshold|spot_assumptions_raw_hourly_reconstruction|spot_assumptions_coverage_ratio_0.993836|spot_assumptions_expected_hours_8760|spot_assumptions_actual_hours_8706|spot_estimate_confidence_higher|spot_forward_curve_with_rolling_365_intraday_shape|partial_shape_coverage|forward_month_from_quarter_contract
2026-07-23,ryficp-pohjois-karjalan-sahko-oy-oiva-plus,open_ended,94,[595],1630,2026-07-28T03:16:47.000000Z,True,,[],historical_household_statistics_scope_assumed|retrospective_exact_source_interpretation|exact_source_legacy_null_observation_binding|spot_assumptions_source_spot_price_hours|spot_assumptions_partial_above_threshold|spot_assumptions_raw_hourly_reconstruction|spot_assumptions_coverage_ratio_0.993836|spot_assumptions_expected_hours_8760|spot_assumptions_actual_hours_8706|historical_consumption_out_of_range
2026-07-23,s0tgg8-lammaisten-energia-oy-iisi-kulutusjousto-yleissahko-12-kk,hybrid,242,[596],1739,2026-07-28T03:38:53.000000Z,True,,[],historical_household_statistics_scope_assumed|retrospective_exact_source_interpretation|exact_source_legacy_null_observation_binding|spot_assumptions_source_spot_price_hours|spot_assumptions_partial_above_threshold|spot_assumptions_raw_hourly_reconstruction|spot_assumptions_coverage_ratio_0.993836|spot_assumptions_expected_hours_8760|spot_assumptions_actual_hours_8706|excludes_consumption_effect
2026-07-23,s91uya-keravan-energia-oy-perussahko-yleis-12-kk,fixed_term_12,326,[599],1791,2026-07-28T03:49:38.000000Z,True,,[],historical_household_statistics_scope_assumed|retrospective_exact_source_interpretation|exact_source_legacy_null_observation_binding|spot_assumptions_source_spot_price_hours|spot_assumptions_partial_above_threshold|spot_assumptions_raw_hourly_reconstruction|spot_assumptions_coverage_ratio_0.993836|spot_assumptions_expected_hours_8760|spot_assumptions_actual_hours_8706
2026-07-23,sbi80q-porvoon-energia-oy-ilmastoviisas-12-kk-co2-paastottomasti-tuotettu-yrityksille,unclassified,,[],,,,,[],missing_historical_snapshot_identity|spot_assumptions_source_spot_price_hours|spot_assumptions_partial_above_threshold|spot_assumptions_raw_hourly_reconstruction|spot_assumptions_coverage_ratio_0.993836|spot_assumptions_expected_hours_8760|spot_assumptions_actual_hours_8706|observed_relational_uniform_monthly_consumption
2026-07-23,sdfm6a-alajarven-sahko-oy-yleissahko-12-kk-yrityksille,unclassified,,[],,,,,[],missing_historical_snapshot_identity|spot_assumptions_source_spot_price_hours|spot_assumptions_partial_above_threshold|spot_assumptions_raw_hourly_reconstruction|spot_assumptions_coverage_ratio_0.993836|spot_assumptions_expected_hours_8760|spot_assumptions_actual_hours_8706|observed_relational_uniform_monthly_consumption
2026-07-23,sdylbi-alajarven-sahko-oy-yleissahko-24-kk,fixed_term_24,404,[602],1859,2026-07-28T04:03:12.000000Z,True,,[],historical_household_statistics_scope_assumed|retrospective_exact_source_interpretation|exact_source_legacy_null_observation_binding|spot_assumptions_source_spot_price_hours|spot_assumptions_partial_above_threshold|spot_assumptions_raw_hourly_reconstruction|spot_assumptions_coverage_ratio_0.993836|spot_assumptions_expected_hours_8760|spot_assumptions_actual_hours_8706
2026-07-23,sfes56-pohjois-karjalan-sahko-oy-optimi-takuu-6-kuukautta,fixed_term_6,294,[603],1772,2026-07-28T03:45:50.000000Z,True,,[],historical_household_statistics_scope_assumed|retrospective_exact_source_interpretation|exact_source_legacy_null_observation_binding|spot_assumptions_source_spot_price_hours|spot_assumptions_partial_above_threshold|spot_assumptions_raw_hourly_reconstruction|spot_assumptions_coverage_ratio_0.993836|spot_assumptions_expected_hours_8760|spot_assumptions_actual_hours_8706|term_price_annualized
2026-07-23,shnxdx-helen-oy-porssisahko,spot,261,[604],1749,2026-07-28T03:40:50.000000Z,True,,[],historical_household_statistics_scope_assumed|retrospective_exact_source_interpretation|exact_source_legacy_null_observation_binding|spot_assumptions_source_spot_price_hours|spot_assumptions_partial_above_threshold|spot_assumptions_raw_hourly_reconstruction|spot_assumptions_coverage_ratio_0.993836|spot_assumptions_expected_hours_8760|spot_assumptions_actual_hours_8706|spot_estimate_confidence_higher|spot_forward_curve_with_rolling_365_intraday_shape|partial_shape_coverage|forward_month_from_quarter_contract
2026-07-23,sjffvt-aanekosken-energia-oy-kausisahko-24-kk,unclassified,,[],,,,,[],missing_historical_snapshot_identity|spot_assumptions_source_spot_price_hours|spot_assumptions_partial_above_threshold|spot_assumptions_raw_hourly_reconstruction|spot_assumptions_coverage_ratio_0.993836|spot_assumptions_expected_hours_8760|spot_assumptions_actual_hours_8706|observed_relational_uniform_monthly_consumption
2026-07-23,skj5fb-vaasan-sahko-myynti-oy-kiintea-6-kk-yosahko,fixed_term_6,145,[607],1671,2026-07-28T03:25:14.000000Z,True,,[],historical_household_statistics_scope_assumed|retrospective_exact_source_interpretation|exact_source_legacy_null_observation_binding|spot_assumptions_source_spot_price_hours|spot_assumptions_partial_above_threshold|spot_assumptions_raw_hourly_reconstruction|spot_assumptions_coverage_ratio_0.993836|spot_assumptions_expected_hours_8760|spot_assumptions_actual_hours_8706|term_price_annualized
2026-07-23,spl6pm-aanekosken-energia-oy-maalaisjarkisahko-kausisahko-24-kk-paastoton,fixed_term_24,412,[609],1867,2026-07-28T04:04:26.000000Z,True,,[],historical_household_statistics_scope_assumed|retrospective_exact_source_interpretation|exact_source_legacy_null_observation_binding|spot_assumptions_source_spot_price_hours|spot_assumptions_partial_above_threshold|spot_assumptions_raw_hourly_reconstruction|spot_assumptions_coverage_ratio_0.993836|spot_assumptions_expected_hours_8760|spot_assumptions_actual_hours_8706
2026-07-23,sqbosc-nurmijarven-sahko-oy-porssisahko,spot,49,[610],1594,2026-07-28T03:08:18.000000Z,True,,[],historical_household_statistics_scope_assumed|retrospective_exact_source_interpretation|exact_source_legacy_null_observation_binding|spot_assumptions_source_spot_price_hours|spot_assumptions_partial_above_threshold|spot_assumptions_raw_hourly_reconstruction|spot_assumptions_coverage_ratio_0.993836|spot_assumptions_expected_hours_8760|spot_assumptions_actual_hours_8706|spot_estimate_confidence_higher|spot_forward_curve_with_rolling_365_intraday_shape|partial_shape_coverage|forward_month_from_quarter_contract
2026-07-23,sqlffg-vaasan-sahko-myynti-oy-perussahko-yosahko-yrityksille,unclassified,,[],,,,,[],missing_historical_snapshot_identity|spot_assumptions_source_spot_price_hours|spot_assumptions_partial_above_threshold|spot_assumptions_raw_hourly_reconstruction|spot_assumptions_coverage_ratio_0.993836|spot_assumptions_expected_hours_8760|spot_assumptions_actual_hours_8706|observed_relational_uniform_monthly_consumption
2026-07-23,sqoo6m-vaasan-sahko-myynti-oy-kiintea-vaikuttaja-12-kk-yrityksille,unclassified,,[],,,,,[],missing_historical_snapshot_identity|spot_assumptions_source_spot_price_hours|spot_assumptions_partial_above_threshold|spot_assumptions_raw_hourly_reconstruction|spot_assumptions_coverage_ratio_0.993836|spot_assumptions_expected_hours_8760|spot_assumptions_actual_hours_8706|observed_relational_uniform_monthly_consumption
2026-07-23,srhu1r-keravan-energia-oy-perussahko-luonnonvoima-24-kk,fixed_term_24,232,[622],1733,2026-07-28T03:37:28.000000Z,True,,[],historical_household_statistics_scope_assumed|retrospective_exact_source_interpretation|exact_source_legacy_null_observation_binding|spot_assumptions_source_spot_price_hours|spot_assumptions_partial_above_threshold|spot_assumptions_raw_hourly_reconstruction|spot_assumptions_coverage_ratio_0.993836|spot_assumptions_expected_hours_8760|spot_assumptions_actual_hours_8706
2026-07-23,ssdr1l-hehku-energia-oy-hehku-kiintea-12-kk,unclassified,,[],,,,,[],missing_historical_snapshot_identity|spot_assumptions_source_spot_price_hours|spot_assumptions_partial_above_threshold|spot_assumptions_raw_hourly_reconstruction|spot_assumptions_coverage_ratio_0.993836|spot_assumptions_expected_hours_8760|spot_assumptions_actual_hours_8706|observed_relational_uniform_monthly_consumption
2026-07-23,tab5iy-vattenfall-oy-yrityksen-taysvesi-24-kk,unclassified,,[],,,,,[],missing_historical_snapshot_identity|spot_assumptions_source_spot_price_hours|spot_assumptions_partial_above_threshold|spot_assumptions_raw_hourly_reconstruction|spot_assumptions_coverage_ratio_0.993836|spot_assumptions_expected_hours_8760|spot_assumptions_actual_hours_8706|observed_relational_uniform_monthly_consumption
2026-07-23,tbua5f-porvoon-energia-oy-eko-12kk-luonnonsuojeluliiton-sertifioima-ekoenergia,fixed_term_12,226,[635],1332,2026-07-24T15:23:10.000000Z,True,,[],historical_household_statistics_scope_assumed|retrospective_exact_source_interpretation|exact_source_legacy_null_observation_binding|spot_assumptions_source_spot_price_hours|spot_assumptions_partial_above_threshold|spot_assumptions_raw_hourly_reconstruction|spot_assumptions_coverage_ratio_0.993836|spot_assumptions_expected_hours_8760|spot_assumptions_actual_hours_8706
2026-07-23,tgau0q-oomi-oy-oomi-jousto-12-kk-yrityksille,unclassified,,[],,,,,[],missing_historical_snapshot_identity|spot_assumptions_source_spot_price_hours|spot_assumptions_partial_above_threshold|spot_assumptions_raw_hourly_reconstruction|spot_assumptions_coverage_ratio_0.993836|spot_assumptions_expected_hours_8760|spot_assumptions_actual_hours_8706|observed_relational_uniform_monthly_consumption
2026-07-23,tjuqfo-porvoon-energia-oy-wind-24-kk-kotimainen-tuulisahko,fixed_term_24,73,[637],1333,2026-07-24T15:23:20.000000Z,True,,[],historical_household_statistics_scope_assumed|retrospective_exact_source_interpretation|exact_source_legacy_null_observation_binding|spot_assumptions_source_spot_price_hours|spot_assumptions_partial_above_threshold|spot_assumptions_raw_hourly_reconstruction|spot_assumptions_coverage_ratio_0.993836|spot_assumptions_expected_hours_8760|spot_assumptions_actual_hours_8706
2026-07-23,tkqczm-pohjois-karjalan-sahko-oy-optimi-takuu-6-kuukautta,fixed_term_6,64,[643],1609,2026-07-28T03:12:22.000000Z,True,,[],historical_household_statistics_scope_assumed|retrospective_exact_source_interpretation|exact_source_legacy_null_observation_binding|spot_assumptions_source_spot_price_hours|spot_assumptions_partial_above_threshold|spot_assumptions_raw_hourly_reconstruction|spot_assumptions_coverage_ratio_0.993836|spot_assumptions_expected_hours_8760|spot_assumptions_actual_hours_8706|term_price_annualized
2026-07-23,tmou3b-vaasan-sahko-myynti-oy-porssisahko-yritys,unclassified,,[],,,,,[],missing_historical_snapshot_identity|spot_assumptions_source_spot_price_hours|spot_assumptions_partial_above_threshold|spot_assumptions_raw_hourly_reconstruction|spot_assumptions_coverage_ratio_0.993836|spot_assumptions_expected_hours_8760|spot_assumptions_actual_hours_8706|observed_relational_uniform_monthly_consumption
2026-07-23,tniiol-fortum-markets-oy-yritys-varma-36kk-yleissahko,unclassified,,[],,,,,[],missing_historical_snapshot_identity|spot_assumptions_source_spot_price_hours|spot_assumptions_partial_above_threshold|spot_assumptions_raw_hourly_reconstruction|spot_assumptions_coverage_ratio_0.993836|spot_assumptions_expected_hours_8760|spot_assumptions_actual_hours_8706|observed_relational_uniform_monthly_consumption
2026-07-23,tp1vms-koylion-sakylan-sahko-oy-lallin-maaris-2v-kausisahko,fixed_term_24,123,[647],1652,2026-07-28T03:21:09.000000Z,True,,[],historical_household_statistics_scope_assumed|retrospective_exact_source_interpretation|exact_source_legacy_null_observation_binding|spot_assumptions_source_spot_price_hours|spot_assumptions_partial_above_threshold|spot_assumptions_raw_hourly_reconstruction|spot_assumptions_coverage_ratio_0.993836|spot_assumptions_expected_hours_8760|spot_assumptions_actual_hours_8706
2026-07-23,ts2ybj-koillis-satakunnan-sahko-oy-vakaawirta-24-kk-kausi,fixed_term_24,89,[648],1338,2026-07-24T15:24:47.000000Z,True,,[],historical_household_statistics_scope_assumed|retrospective_exact_source_interpretation|exact_source_legacy_null_observation_binding|spot_assumptions_source_spot_price_hours|spot_assumptions_partial_above_threshold|spot_assumptions_raw_hourly_reconstruction|spot_assumptions_coverage_ratio_0.993836|spot_assumptions_expected_hours_8760|spot_assumptions_actual_hours_8706
2026-07-23,ttpvga-vaasan-sahko-myynti-oy-toimitusvelvollinen-porssisahko,spot,430,[649],1884,2026-07-28T04:07:06.000000Z,True,,[],historical_household_statistics_scope_assumed|retrospective_exact_source_interpretation|exact_source_legacy_null_observation_binding|spot_assumptions_source_spot_price_hours|spot_assumptions_partial_above_threshold|spot_assumptions_raw_hourly_reconstruction|spot_assumptions_coverage_ratio_0.993836|spot_assumptions_expected_hours_8760|spot_assumptions_actual_hours_8706|spot_estimate_confidence_higher|spot_forward_curve_with_rolling_365_intraday_shape|partial_shape_coverage|forward_month_from_quarter_contract
2026-07-23,tzhie3-herrfors-oy-ab-vakaa,hybrid,434,[650],,,,,[],canonical_omitted_no_interpretation_as_of_date|spot_assumptions_source_spot_price_hours|spot_assumptions_partial_above_threshold|spot_assumptions_raw_hourly_reconstruction|spot_assumptions_coverage_ratio_0.993836|spot_assumptions_expected_hours_8760|spot_assumptions_actual_hours_8706|observed_relational_uniform_monthly_consumption
2026-07-23,u9cq7l-fortum-markets-oy-yritys-varma-24kk-yleissahko,unclassified,,[],,,,,[],missing_historical_snapshot_identity|spot_assumptions_source_spot_price_hours|spot_assumptions_partial_above_threshold|spot_assumptions_raw_hourly_reconstruction|spot_assumptions_coverage_ratio_0.993836|spot_assumptions_expected_hours_8760|spot_assumptions_actual_hours_8706|observed_relational_uniform_monthly_consumption
2026-07-23,uf9bik-fortum-markets-oy-fortum-duo-24-kk,hybrid,164,[666],1342,2026-07-24T15:25:46.000000Z,True,,[],historical_household_statistics_scope_assumed|retrospective_exact_source_interpretation|exact_source_legacy_null_observation_binding|spot_assumptions_source_spot_price_hours|spot_assumptions_partial_above_threshold|spot_assumptions_raw_hourly_reconstruction|spot_assumptions_coverage_ratio_0.993836|spot_assumptions_expected_hours_8760|spot_assumptions_actual_hours_8706|excludes_consumption_effect
2026-07-23,ufklmo-vaasan-sahko-myynti-oy-perussahko-yleissahko-yrityksille,unclassified,,[],,,,,[],missing_historical_snapshot_identity|spot_assumptions_source_spot_price_hours|spot_assumptions_partial_above_threshold|spot_assumptions_raw_hourly_reconstruction|spot_assumptions_coverage_ratio_0.993836|spot_assumptions_expected_hours_8760|spot_assumptions_actual_hours_8706|observed_relational_uniform_monthly_consumption
2026-07-23,ufstl2-kokkolan-energia-oy-surffari-vihrea,spot,136,[668],1663,2026-07-28T03:23:26.000000Z,True,,[],historical_household_statistics_scope_assumed|retrospective_exact_source_interpretation|exact_source_legacy_null_observation_binding|spot_assumptions_source_spot_price_hours|spot_assumptions_partial_above_threshold|spot_assumptions_raw_hourly_reconstruction|spot_assumptions_coverage_ratio_0.993836|spot_assumptions_expected_hours_8760|spot_assumptions_actual_hours_8706|spot_estimate_confidence_higher|spot_forward_curve_with_rolling_365_intraday_shape|partial_shape_coverage|forward_month_from_quarter_contract
2026-07-23,uh694r-korpelan-energia-oy-korpela-kesto-kiintea-12-kk,unclassified,,[],,,,,[],missing_historical_snapshot_identity|spot_assumptions_source_spot_price_hours|spot_assumptions_partial_above_threshold|spot_assumptions_raw_hourly_reconstruction|spot_assumptions_coverage_ratio_0.993836|spot_assumptions_expected_hours_8760|spot_assumptions_actual_hours_8706|observed_relational_uniform_monthly_consumption
2026-07-23,uio8ny-iin-energia-oy-ien-spot,spot,419,[671],1873,2026-07-28T04:05:20.000000Z,True,,[],historical_household_statistics_scope_assumed|retrospective_exact_source_interpretation|exact_source_legacy_null_observation_binding|spot_assumptions_source_spot_price_hours|spot_assumptions_partial_above_threshold|spot_assumptions_raw_hourly_reconstruction|spot_assumptions_coverage_ratio_0.993836|spot_assumptions_expected_hours_8760|spot_assumptions_actual_hours_8706|spot_estimate_confidence_higher|spot_forward_curve_with_rolling_365_intraday_shape|partial_shape_coverage|forward_month_from_quarter_contract
2026-07-23,uobgsl-pohjois-karjalan-sahko-oy-optimi-takuu-24-kuukautta,fixed_term_24,47,[677],1592,2026-07-28T03:08:01.000000Z,True,,[],historical_household_statistics_scope_assumed|retrospective_exact_source_interpretation|exact_source_legacy_null_observation_binding|spot_assumptions_source_spot_price_hours|spot_assumptions_partial_above_threshold|spot_assumptions_raw_hourly_reconstruction|spot_assumptions_coverage_ratio_0.993836|spot_assumptions_expected_hours_8760|spot_assumptions_actual_hours_8706
2026-07-23,uojuwx-aanekosken-energia-oy-kausisahko-6-kk,unclassified,,[],,,,,[],missing_historical_snapshot_identity|spot_assumptions_source_spot_price_hours|spot_assumptions_partial_above_threshold|spot_assumptions_raw_hourly_reconstruction|spot_assumptions_coverage_ratio_0.993836|spot_assumptions_expected_hours_8760|spot_assumptions_actual_hours_8706|observed_relational_uniform_monthly_consumption
2026-07-23,upeylu-porvoon-energia-oy-ilmastoviisas-24-kk-co2-paastottomasti-tuotettu,fixed_term_24,304,[679],1349,2026-07-24T15:28:05.000000Z,True,,[],historical_household_statistics_scope_assumed|retrospective_exact_source_interpretation|exact_source_legacy_null_observation_binding|spot_assumptions_source_spot_price_hours|spot_assumptions_partial_above_threshold|spot_assumptions_raw_hourly_reconstruction|spot_assumptions_coverage_ratio_0.993836|spot_assumptions_expected_hours_8760|spot_assumptions_actual_hours_8706
2026-07-23,urlxpl-koillis-satakunnan-sahko-oy-tuntiwirta,spot,21,[680],1571,2026-07-28T03:03:57.000000Z,True,,[],historical_household_statistics_scope_assumed|retrospective_exact_source_interpretation|exact_source_legacy_null_observation_binding|spot_assumptions_source_spot_price_hours|spot_assumptions_partial_above_threshold|spot_assumptions_raw_hourly_reconstruction|spot_assumptions_coverage_ratio_0.993836|spot_assumptions_expected_hours_8760|spot_assumptions_actual_hours_8706|spot_estimate_confidence_higher|spot_forward_curve_with_rolling_365_intraday_shape|partial_shape_coverage|forward_month_from_quarter_contract
2026-07-23,urvlbx-fortum-markets-oy-yritys-tarkka-2-v,unclassified,,[],,,,,[],missing_historical_snapshot_identity|spot_assumptions_source_spot_price_hours|spot_assumptions_partial_above_threshold|spot_assumptions_raw_hourly_reconstruction|spot_assumptions_coverage_ratio_0.993836|spot_assumptions_expected_hours_8760|spot_assumptions_actual_hours_8706|observed_relational_uniform_monthly_consumption
2026-07-23,uvaiw9-lammaisten-energia-oy-iisi-kulutusjousto-aikasahko-24-kk,hybrid,170,[683],1690,2026-07-28T03:28:54.000000Z,True,,[],historical_household_statistics_scope_assumed|retrospective_exact_source_interpretation|exact_source_legacy_null_observation_binding|spot_assumptions_source_spot_price_hours|spot_assumptions_partial_above_threshold|spot_assumptions_raw_hourly_reconstruction|spot_assumptions_coverage_ratio_0.993836|spot_assumptions_expected_hours_8760|spot_assumptions_actual_hours_8706|excludes_consumption_effect
2026-07-23,uvlubb-vaasan-sahko-myynti-oy-tuulisahko-yleissahko-yrityksille,unclassified,,[],,,,,[],missing_historical_snapshot_identity|spot_assumptions_source_spot_price_hours|spot_assumptions_partial_above_threshold|spot_assumptions_raw_hourly_reconstruction|spot_assumptions_coverage_ratio_0.993836|spot_assumptions_expected_hours_8760|spot_assumptions_actual_hours_8706|observed_relational_uniform_monthly_consumption
2026-07-23,uxxof7-nordic-green-energy-ilmasto-hybridi-24kk,hybrid,281,[685],1763,2026-07-28T03:43:51.000000Z,True,,[],historical_household_statistics_scope_assumed|retrospective_exact_source_interpretation|exact_source_legacy_null_observation_binding|spot_assumptions_source_spot_price_hours|spot_assumptions_partial_above_threshold|spot_assumptions_raw_hourly_reconstruction|spot_assumptions_coverage_ratio_0.993836|spot_assumptions_expected_hours_8760|spot_assumptions_actual_hours_8706|excludes_consumption_effect
2026-07-23,v1a90y-alajarven-sahko-oy-aikasahko-12-kk-yrityksille,unclassified,,[],,,,,[],missing_historical_snapshot_identity|spot_assumptions_source_spot_price_hours|spot_assumptions_partial_above_threshold|spot_assumptions_raw_hourly_reconstruction|spot_assumptions_coverage_ratio_0.993836|spot_assumptions_expected_hours_8760|spot_assumptions_actual_hours_8706|observed_relational_uniform_monthly_consumption
2026-07-23,v7juwr-aanekosken-energia-oy-kausisahko,open_ended,74,[687],1614,2026-07-28T03:13:37.000000Z,True,,[],historical_household_statistics_scope_assumed|retrospective_exact_source_interpretation|exact_source_legacy_null_observation_binding|spot_assumptions_source_spot_price_hours|spot_assumptions_partial_above_threshold|spot_assumptions_raw_hourly_reconstruction|spot_assumptions_coverage_ratio_0.993836|spot_assumptions_expected_hours_8760|spot_assumptions_actual_hours_8706|supplier_adjusted_tail_uses_comparable_forward_premium|supplier_adjusted_monthly_fee_held_flat|price_episode_observed_proxy|price_episode_left_censored|historical_exact_contract_only|price_episode_uses_dedicated_historical_interpretation|calendar_gap_within_observed_price_episode|price_episode_uses_retrospective_exact_source_interpretation|missing_own_reference_using_comparable_premium|lower_confidence_energy_episode_proxy
2026-07-23,v7syfz-iin-energia-oy-yleissahko,open_ended,418,[688],1872,2026-07-28T04:05:12.000000Z,True,,[],historical_household_statistics_scope_assumed|retrospective_exact_source_interpretation|exact_source_legacy_null_observation_binding|spot_assumptions_source_spot_price_hours|spot_assumptions_partial_above_threshold|spot_assumptions_raw_hourly_reconstruction|spot_assumptions_coverage_ratio_0.993836|spot_assumptions_expected_hours_8760|spot_assumptions_actual_hours_8706|supplier_adjusted_tail_uses_comparable_forward_premium|supplier_adjusted_monthly_fee_held_flat|price_episode_observed_proxy|price_episode_left_censored|historical_exact_contract_only|price_episode_uses_dedicated_historical_interpretation|price_episode_uses_retrospective_exact_source_interpretation|missing_own_reference_using_comparable_premium|lower_confidence_energy_episode_proxy
2026-07-23,v7tqpw-porvoon-energia-oy-eko-24-kk-luonnonsuojeluliiton-sertifioima-ekoenergia,fixed_term_24,263,[689],1358,2026-07-24T15:29:54.000000Z,True,,[],historical_household_statistics_scope_assumed|retrospective_exact_source_interpretation|exact_source_legacy_null_observation_binding|spot_assumptions_source_spot_price_hours|spot_assumptions_partial_above_threshold|spot_assumptions_raw_hourly_reconstruction|spot_assumptions_coverage_ratio_0.993836|spot_assumptions_expected_hours_8760|spot_assumptions_actual_hours_8706
2026-07-23,v7yxyy-vaasan-sahko-myynti-oy-toimitusvelvollinen-perussahko-yrityksille,unclassified,,[],,,,,[],missing_historical_snapshot_identity|spot_assumptions_source_spot_price_hours|spot_assumptions_partial_above_threshold|spot_assumptions_raw_hourly_reconstruction|spot_assumptions_coverage_ratio_0.993836|spot_assumptions_expected_hours_8760|spot_assumptions_actual_hours_8706|observed_relational_uniform_monthly_consumption
2026-07-23,vdql33-fortum-markets-oy-yritys-tarkka,unclassified,,[],,,,,[],missing_historical_snapshot_identity|spot_assumptions_source_spot_price_hours|spot_assumptions_partial_above_threshold|spot_assumptions_raw_hourly_reconstruction|spot_assumptions_coverage_ratio_0.993836|spot_assumptions_expected_hours_8760|spot_assumptions_actual_hours_8706|observed_relational_uniform_monthly_consumption
2026-07-23,vfbzyt-lammaisten-energia-oy-iisi-kulutusjousto-kausisahko-24-kk,hybrid,254,[693],1746,2026-07-28T03:40:13.000000Z,True,,[],historical_household_statistics_scope_assumed|retrospective_exact_source_interpretation|exact_source_legacy_null_observation_binding|spot_assumptions_source_spot_price_hours|spot_assumptions_partial_above_threshold|spot_assumptions_raw_hourly_reconstruction|spot_assumptions_coverage_ratio_0.993836|spot_assumptions_expected_hours_8760|spot_assumptions_actual_hours_8706|excludes_consumption_effect
2026-07-23,vgornb-lumme-energia-porssisahko-3-kk-ilman-kk-maksua,spot,163,[694],1362,2026-07-24T15:32:08.000000Z,True,,[],historical_household_statistics_scope_assumed|retrospective_exact_source_interpretation|exact_source_legacy_null_observation_binding|spot_assumptions_source_spot_price_hours|spot_assumptions_partial_above_threshold|spot_assumptions_raw_hourly_reconstruction|spot_assumptions_coverage_ratio_0.993836|spot_assumptions_expected_hours_8760|spot_assumptions_actual_hours_8706|spot_estimate_confidence_higher|spot_forward_curve_with_rolling_365_intraday_shape|partial_shape_coverage|forward_month_from_quarter_contract
2026-07-23,vizdvz-nurmijarven-sahko-oy-aikasahko-1-vuotta,fixed_term_12,72,[695],1613,2026-07-28T03:13:26.000000Z,True,,[],historical_household_statistics_scope_assumed|retrospective_exact_source_interpretation|exact_source_legacy_null_observation_binding|spot_assumptions_source_spot_price_hours|spot_assumptions_partial_above_threshold|spot_assumptions_raw_hourly_reconstruction|spot_assumptions_coverage_ratio_0.993836|spot_assumptions_expected_hours_8760|spot_assumptions_actual_hours_8706
2026-07-23,vmqvel-keravan-energia-oy-perussahko-yleissahko,fixed_term_24,198,[697],1706,2026-07-28T03:32:07.000000Z,True,,[],historical_household_statistics_scope_assumed|retrospective_exact_source_interpretation|exact_source_legacy_null_observation_binding|spot_assumptions_source_spot_price_hours|spot_assumptions_partial_above_threshold|spot_assumptions_raw_hourly_reconstruction|spot_assumptions_coverage_ratio_0.993836|spot_assumptions_expected_hours_8760|spot_assumptions_actual_hours_8706
2026-07-23,vnbjjz-helen-oy-maaraaikainen-perussahko-12-kk,fixed_term_12,184,[699],1365,2026-07-24T15:32:45.000000Z,True,,[],historical_household_statistics_scope_assumed|retrospective_exact_source_interpretation|exact_source_legacy_null_observation_binding|spot_assumptions_source_spot_price_hours|spot_assumptions_partial_above_threshold|spot_assumptions_raw_hourly_reconstruction|spot_assumptions_coverage_ratio_0.993836|spot_assumptions_expected_hours_8760|spot_assumptions_actual_hours_8706
2026-07-23,vqgohq-turku-energia-oy-louna-porssi-yritykset,unclassified,,[],,,,,[],missing_historical_snapshot_identity|spot_assumptions_source_spot_price_hours|spot_assumptions_partial_above_threshold|spot_assumptions_raw_hourly_reconstruction|spot_assumptions_coverage_ratio_0.993836|spot_assumptions_expected_hours_8760|spot_assumptions_actual_hours_8706|observed_relational_uniform_monthly_consumption
2026-07-23,vrekdo-alajarven-sahko-oy-yleissahko-12-kk,fixed_term_12,395,[701],1850,2026-07-28T04:01:52.000000Z,True,,[],historical_household_statistics_scope_assumed|retrospective_exact_source_interpretation|exact_source_legacy_null_observation_binding|spot_assumptions_source_spot_price_hours|spot_assumptions_partial_above_threshold|spot_assumptions_raw_hourly_reconstruction|spot_assumptions_coverage_ratio_0.993836|spot_assumptions_expected_hours_8760|spot_assumptions_actual_hours_8706
2026-07-23,vt6gp0-keuruun-sahko-oy-spot-sahko,spot,15,[702],1565,2026-07-28T03:03:03.000000Z,True,,[],historical_household_statistics_scope_assumed|retrospective_exact_source_interpretation|exact_source_legacy_null_observation_binding|spot_assumptions_source_spot_price_hours|spot_assumptions_partial_above_threshold|spot_assumptions_raw_hourly_reconstruction|spot_assumptions_coverage_ratio_0.993836|spot_assumptions_expected_hours_8760|spot_assumptions_actual_hours_8706|spot_estimate_confidence_higher|spot_forward_curve_with_rolling_365_intraday_shape|partial_shape_coverage|forward_month_from_quarter_contract
2026-07-23,vu1pv5-alajarven-sahko-oy-porssisahko,spot,389,[703],1844,2026-07-28T04:00:58.000000Z,True,,[],historical_household_statistics_scope_assumed|retrospective_exact_source_interpretation|exact_source_legacy_null_observation_binding|spot_assumptions_source_spot_price_hours|spot_assumptions_partial_above_threshold|spot_assumptions_raw_hourly_reconstruction|spot_assumptions_coverage_ratio_0.993836|spot_assumptions_expected_hours_8760|spot_assumptions_actual_hours_8706|spot_estimate_confidence_higher|spot_forward_curve_with_rolling_365_intraday_shape|partial_shape_coverage|forward_month_from_quarter_contract
2026-07-23,vus6l9-parikkalan-valo-oy-spot-valo-yritys,unclassified,,[],,,,,[],missing_historical_snapshot_identity|spot_assumptions_source_spot_price_hours|spot_assumptions_partial_above_threshold|spot_assumptions_raw_hourly_reconstruction|spot_assumptions_coverage_ratio_0.993836|spot_assumptions_expected_hours_8760|spot_assumptions_actual_hours_8706|observed_relational_uniform_monthly_consumption
2026-07-23,vuxbww-oomi-oy-toimitusvelvollinen-sahko-yrityksille,unclassified,,[],,,,,[],missing_historical_snapshot_identity|spot_assumptions_source_spot_price_hours|spot_assumptions_partial_above_threshold|spot_assumptions_raw_hourly_reconstruction|spot_assumptions_coverage_ratio_0.993836|spot_assumptions_expected_hours_8760|spot_assumptions_actual_hours_8706|observed_relational_uniform_monthly_consumption
2026-07-23,vxmkvv-helen-oy-maaraaikainen-valkkysahko-yritys-24-kk,unclassified,,[],,,,,[],missing_historical_snapshot_identity|spot_assumptions_source_spot_price_hours|spot_assumptions_partial_above_threshold|spot_assumptions_raw_hourly_reconstruction|spot_assumptions_coverage_ratio_0.993836|spot_assumptions_expected_hours_8760|spot_assumptions_actual_hours_8706|observed_relational_uniform_monthly_consumption
2026-07-23,vzbryp-seinajoen-energia-oy-se-oikea-aikasahko,unclassified,,[],,,,,[],missing_historical_snapshot_identity|spot_assumptions_source_spot_price_hours|spot_assumptions_partial_above_threshold|spot_assumptions_raw_hourly_reconstruction|spot_assumptions_coverage_ratio_0.993836|spot_assumptions_expected_hours_8760|spot_assumptions_actual_hours_8706|observed_relational_uniform_monthly_consumption
2026-07-23,waijay-aanekosken-energia-oy-kausisahko,unclassified,,[],,,,,[],missing_historical_snapshot_identity|spot_assumptions_source_spot_price_hours|spot_assumptions_partial_above_threshold|spot_assumptions_raw_hourly_reconstruction|spot_assumptions_coverage_ratio_0.993836|spot_assumptions_expected_hours_8760|spot_assumptions_actual_hours_8706|observed_relational_uniform_monthly_consumption
2026-07-23,wcaya8-vattenfall-oy-yrityksen-taystuuli-12-kk,unclassified,,[],,,,,[],missing_historical_snapshot_identity|spot_assumptions_source_spot_price_hours|spot_assumptions_partial_above_threshold|spot_assumptions_raw_hourly_reconstruction|spot_assumptions_coverage_ratio_0.993836|spot_assumptions_expected_hours_8760|spot_assumptions_actual_hours_8706|observed_relational_uniform_monthly_consumption
2026-07-23,wghlwf-paneliankosken-voima-oy-kosken-vuosiwoima-24-kk,fixed_term_24,363,[715],1821,2026-07-28T03:56:28.000000Z,True,,[],historical_household_statistics_scope_assumed|retrospective_exact_source_interpretation|exact_source_legacy_null_observation_binding|spot_assumptions_source_spot_price_hours|spot_assumptions_partial_above_threshold|spot_assumptions_raw_hourly_reconstruction|spot_assumptions_coverage_ratio_0.993836|spot_assumptions_expected_hours_8760|spot_assumptions_actual_hours_8706
2026-07-23,wliup0-omavoima-oy-oma-24kk-yleis,fixed_term_24,233,[716],1377,2026-07-24T15:35:07.000000Z,True,,[],historical_household_statistics_scope_assumed|retrospective_exact_source_interpretation|exact_source_legacy_null_observation_binding|spot_assumptions_source_spot_price_hours|spot_assumptions_partial_above_threshold|spot_assumptions_raw_hourly_reconstruction|spot_assumptions_coverage_ratio_0.993836|spot_assumptions_expected_hours_8760|spot_assumptions_actual_hours_8706
2026-07-23,wokjrt-hehku-energia-oy-hehku-kiintea-15-kk-0-kuukausimaksu-ensimmaiset-3-kk,fixed_term_13_23,176,[718],1694,2026-07-28T03:29:42.000000Z,True,,"[953, 1378]",historical_household_statistics_scope_assumed|canonical_interpretation_rejected_by_exact_target_validation|historical_temporal_source_validation_unavailable|retrospective_exact_source_interpretation|exact_source_legacy_null_observation_binding|spot_assumptions_source_spot_price_hours|spot_assumptions_partial_above_threshold|spot_assumptions_raw_hourly_reconstruction|spot_assumptions_coverage_ratio_0.993836|spot_assumptions_expected_hours_8760|spot_assumptions_actual_hours_8706
2026-07-23,wqatmw-paneliankosken-voima-oy-kosken-vuosiwoima-24-kk,fixed_term_24,338,[720],1802,2026-07-28T03:51:31.000000Z,True,,[],historical_household_statistics_scope_assumed|retrospective_exact_source_interpretation|exact_source_legacy_null_observation_binding|spot_assumptions_source_spot_price_hours|spot_assumptions_partial_above_threshold|spot_assumptions_raw_hourly_reconstruction|spot_assumptions_coverage_ratio_0.993836|spot_assumptions_expected_hours_8760|spot_assumptions_actual_hours_8706
2026-07-23,wqyv9k-aanekosken-energia-oy-maalaisjarkisahko-aikasahko-6-kk-paastoton,fixed_term_6,414,[721],1869,2026-07-28T04:04:50.000000Z,True,,[],historical_household_statistics_scope_assumed|retrospective_exact_source_interpretation|exact_source_legacy_null_observation_binding|spot_assumptions_source_spot_price_hours|spot_assumptions_partial_above_threshold|spot_assumptions_raw_hourly_reconstruction|spot_assumptions_coverage_ratio_0.993836|spot_assumptions_expected_hours_8760|spot_assumptions_actual_hours_8706|term_price_annualized
2026-07-23,ws2dwx-aanekosken-energia-oy-yleissahko,unclassified,,[],,,,,[],missing_historical_snapshot_identity|spot_assumptions_source_spot_price_hours|spot_assumptions_partial_above_threshold|spot_assumptions_raw_hourly_reconstruction|spot_assumptions_coverage_ratio_0.993836|spot_assumptions_expected_hours_8760|spot_assumptions_actual_hours_8706|observed_relational_uniform_monthly_consumption
2026-07-23,wsncrl-kokkolan-energia-oy-ranta-12-kk,fixed_term_12,171,[723],1691,2026-07-28T03:29:02.000000Z,True,,[],historical_household_statistics_scope_assumed|retrospective_exact_source_interpretation|exact_source_legacy_null_observation_binding|spot_assumptions_source_spot_price_hours|spot_assumptions_partial_above_threshold|spot_assumptions_raw_hourly_reconstruction|spot_assumptions_coverage_ratio_0.993836|spot_assumptions_expected_hours_8760|spot_assumptions_actual_hours_8706
2026-07-23,wsnmgc-nurmijarven-sahko-oy-yleissahko,open_ended,12,[724],1562,2026-07-28T03:02:38.000000Z,True,,[],historical_household_statistics_scope_assumed|retrospective_exact_source_interpretation|exact_source_legacy_null_observation_binding|spot_assumptions_source_spot_price_hours|spot_assumptions_partial_above_threshold|spot_assumptions_raw_hourly_reconstruction|spot_assumptions_coverage_ratio_0.993836|spot_assumptions_expected_hours_8760|spot_assumptions_actual_hours_8706|supplier_adjusted_tail_uses_comparable_forward_premium|supplier_adjusted_monthly_fee_held_flat|price_episode_observed_proxy|price_episode_left_censored|historical_exact_contract_only|price_episode_uses_dedicated_historical_interpretation|calendar_gap_within_observed_price_episode|price_episode_uses_retrospective_exact_source_interpretation|missing_own_reference_using_comparable_premium|lower_confidence_energy_episode_proxy
2026-07-23,wzr22t-omavoima-oy-oma-12kk-yopaiva,fixed_term_12,29,[726],1384,2026-07-24T15:36:28.000000Z,True,,[],historical_household_statistics_scope_assumed|retrospective_exact_source_interpretation|exact_source_legacy_null_observation_binding|spot_assumptions_source_spot_price_hours|spot_assumptions_partial_above_threshold|spot_assumptions_raw_hourly_reconstruction|spot_assumptions_coverage_ratio_0.993836|spot_assumptions_expected_hours_8760|spot_assumptions_actual_hours_8706
2026-07-23,x2zvvw-nordic-green-energy-uusiutuva-porssisahko,spot,45,[728],1590,2026-07-28T03:07:38.000000Z,True,,[],historical_household_statistics_scope_assumed|retrospective_exact_source_interpretation|exact_source_legacy_null_observation_binding|spot_assumptions_source_spot_price_hours|spot_assumptions_partial_above_threshold|spot_assumptions_raw_hourly_reconstruction|spot_assumptions_coverage_ratio_0.993836|spot_assumptions_expected_hours_8760|spot_assumptions_actual_hours_8706|spot_estimate_confidence_higher|spot_forward_curve_with_rolling_365_intraday_shape|partial_shape_coverage|forward_month_from_quarter_contract
2026-07-23,x5t18z-helen-oy-helpposahko-m,open_ended,204,[729],1386,2026-07-24T15:37:00.000000Z,True,,[],historical_household_statistics_scope_assumed|retrospective_exact_source_interpretation|exact_source_legacy_null_observation_binding|spot_assumptions_source_spot_price_hours|spot_assumptions_partial_above_threshold|spot_assumptions_raw_hourly_reconstruction|spot_assumptions_coverage_ratio_0.993836|spot_assumptions_expected_hours_8760|spot_assumptions_actual_hours_8706
2026-07-23,xcrirm-vattenfall-oy-yrityksen-optimi-porssisahko-tuuli,unclassified,,[],,,,,[],missing_historical_snapshot_identity|spot_assumptions_source_spot_price_hours|spot_assumptions_partial_above_threshold|spot_assumptions_raw_hourly_reconstruction|spot_assumptions_coverage_ratio_0.993836|spot_assumptions_expected_hours_8760|spot_assumptions_actual_hours_8706|observed_relational_uniform_monthly_consumption
2026-07-23,xcvrus-paneliankosken-voima-oy-kosken-vuosiwoima-12-kk,fixed_term_12,295,[733],1773,2026-07-28T03:45:57.000000Z,True,,[],historical_household_statistics_scope_assumed|retrospective_exact_source_interpretation|exact_source_legacy_null_observation_binding|spot_assumptions_source_spot_price_hours|spot_assumptions_partial_above_threshold|spot_assumptions_raw_hourly_reconstruction|spot_assumptions_coverage_ratio_0.993836|spot_assumptions_expected_hours_8760|spot_assumptions_actual_hours_8706
2026-07-23,xe9b5i-hehku-energia-oy-hehku-kiintea-12-kk-0-kuukausimaksu-ensimmaiset-3-kk,fixed_term_12,328,[734],1793,2026-07-28T03:50:00.000000Z,True,,[],historical_household_statistics_scope_assumed|retrospective_exact_source_interpretation|exact_source_legacy_null_observation_binding|spot_assumptions_source_spot_price_hours|spot_assumptions_partial_above_threshold|spot_assumptions_raw_hourly_reconstruction|spot_assumptions_coverage_ratio_0.993836|spot_assumptions_expected_hours_8760|spot_assumptions_actual_hours_8706
2026-07-23,xhm9jf-imatran-seudun-sahko-oy-voima-6-kk,fixed_term_6,228,[736],1730,2026-07-28T03:36:50.000000Z,True,,[],historical_household_statistics_scope_assumed|retrospective_exact_source_interpretation|exact_source_legacy_null_observation_binding|spot_assumptions_source_spot_price_hours|spot_assumptions_partial_above_threshold|spot_assumptions_raw_hourly_reconstruction|spot_assumptions_coverage_ratio_0.993836|spot_assumptions_expected_hours_8760|spot_assumptions_actual_hours_8706|term_price_annualized
2026-07-23,xhyxbc-keravan-energia-oy-perussahko-luonnonvoima-12-kk,fixed_term_12,135,[737],1662,2026-07-28T03:23:11.000000Z,True,,[],historical_household_statistics_scope_assumed|retrospective_exact_source_interpretation|exact_source_legacy_null_observation_binding|spot_assumptions_source_spot_price_hours|spot_assumptions_partial_above_threshold|spot_assumptions_raw_hourly_reconstruction|spot_assumptions_coverage_ratio_0.993836|spot_assumptions_expected_hours_8760|spot_assumptions_actual_hours_8706
2026-07-23,xiojoa-hehku-energia-oy-hehku-hiilivapaa-24-kk-0-kuukausimaksu-ensimmaiset-6-kk,fixed_term_24,270,[738],1754,2026-07-28T03:42:10.000000Z,True,,[],historical_household_statistics_scope_assumed|retrospective_exact_source_interpretation|exact_source_legacy_null_observation_binding|spot_assumptions_source_spot_price_hours|spot_assumptions_partial_above_threshold|spot_assumptions_raw_hourly_reconstruction|spot_assumptions_coverage_ratio_0.993836|spot_assumptions_expected_hours_8760|spot_assumptions_actual_hours_8706
2026-07-23,xlclt2-sahkotytot-oy-porssisahko-tarjous-ilmainen-perusmaksu-ensimmaiset-3kk,spot,37,[741],,,,,"[46, 51, 542, 968, 1393, 1584]",canonical_interpretation_rejected_by_exact_target_validation|historical_temporal_source_validation_unavailable|canonical_omitted_no_valid_interpretation_as_of_date|spot_assumptions_source_spot_price_hours|spot_assumptions_partial_above_threshold|spot_assumptions_raw_hourly_reconstruction|spot_assumptions_coverage_ratio_0.993836|spot_assumptions_expected_hours_8760|spot_assumptions_actual_hours_8706|observed_relational_uniform_monthly_consumption|spot_estimate_confidence_higher|partial_shape_coverage|forward_month_from_quarter_contract
2026-07-23,xlhswe-lammaisten-energia-oy-iisi-kulutusjousto-kausisahko-12-kk,hybrid,252,[742],1745,2026-07-28T03:40:01.000000Z,True,,[],historical_household_statistics_scope_assumed|retrospective_exact_source_interpretation|exact_source_legacy_null_observation_binding|spot_assumptions_source_spot_price_hours|spot_assumptions_partial_above_threshold|spot_assumptions_raw_hourly_reconstruction|spot_assumptions_coverage_ratio_0.993836|spot_assumptions_expected_hours_8760|spot_assumptions_actual_hours_8706|excludes_consumption_effect
2026-07-23,xmurz0-porvoon-energia-oy-ilmastoviisas-12-kk-co2-paastottomasti-tuotettu,fixed_term_12,7,[743],1395,2026-07-24T15:39:11.000000Z,True,,[],historical_household_statistics_scope_assumed|retrospective_exact_source_interpretation|exact_source_legacy_null_observation_binding|spot_assumptions_source_spot_price_hours|spot_assumptions_partial_above_threshold|spot_assumptions_raw_hourly_reconstruction|spot_assumptions_coverage_ratio_0.993836|spot_assumptions_expected_hours_8760|spot_assumptions_actual_hours_8706
2026-07-23,xnbikt-vattenfall-oy-yrityksen-ilmasto-mix-12-kk-perusmaksut-0-ensimmaiset-3-kk,unclassified,,[],,,,,[],missing_historical_snapshot_identity|spot_assumptions_source_spot_price_hours|spot_assumptions_partial_above_threshold|spot_assumptions_raw_hourly_reconstruction|spot_assumptions_coverage_ratio_0.993836|spot_assumptions_expected_hours_8760|spot_assumptions_actual_hours_8706|observed_relational_uniform_monthly_consumption
2026-07-23,xqf8be-vimpelin-voima-oy-sulaketariffi,unclassified,,[],,,,,[],missing_historical_snapshot_identity|spot_assumptions_source_spot_price_hours|spot_assumptions_partial_above_threshold|spot_assumptions_raw_hourly_reconstruction|spot_assumptions_coverage_ratio_0.993836|spot_assumptions_expected_hours_8760|spot_assumptions_actual_hours_8706|observed_relational_uniform_monthly_consumption
2026-07-23,xrufmt-koylion-sakylan-sahko-oy-lallin-maaris-2v,fixed_term_24,379,[747],1834,2026-07-28T03:59:07.000000Z,True,,[],historical_household_statistics_scope_assumed|retrospective_exact_source_interpretation|exact_source_legacy_null_observation_binding|spot_assumptions_source_spot_price_hours|spot_assumptions_partial_above_threshold|spot_assumptions_raw_hourly_reconstruction|spot_assumptions_coverage_ratio_0.993836|spot_assumptions_expected_hours_8760|spot_assumptions_actual_hours_8706
2026-07-23,xsinka-porvoon-energia-oy-eko-24kk-luonnonsuojeluliiton-sertifioima-ekoenergia,fixed_term_24,316,[748],1399,2026-07-24T15:42:02.000000Z,True,,[],historical_household_statistics_scope_assumed|retrospective_exact_source_interpretation|exact_source_legacy_null_observation_binding|spot_assumptions_source_spot_price_hours|spot_assumptions_partial_above_threshold|spot_assumptions_raw_hourly_reconstruction|spot_assumptions_coverage_ratio_0.993836|spot_assumptions_expected_hours_8760|spot_assumptions_actual_hours_8706
2026-07-23,xvnarv-porvoon-energia-oy-spot-porssisahko,spot,79,[749],1617,2026-07-28T03:14:14.000000Z,True,,[],historical_household_statistics_scope_assumed|retrospective_exact_source_interpretation|exact_source_legacy_null_observation_binding|spot_assumptions_source_spot_price_hours|spot_assumptions_partial_above_threshold|spot_assumptions_raw_hourly_reconstruction|spot_assumptions_coverage_ratio_0.993836|spot_assumptions_expected_hours_8760|spot_assumptions_actual_hours_8706|spot_estimate_confidence_higher|spot_forward_curve_with_rolling_365_intraday_shape|partial_shape_coverage|forward_month_from_quarter_contract
2026-07-23,xwfvrr-hehku-energia-oy-hehku-hiilivapaa-porssi-0-kuukausimaksu-ensimmaiset-6-kk,spot,319,[750],1784,2026-07-28T03:48:22.000000Z,True,,[],historical_household_statistics_scope_assumed|retrospective_exact_source_interpretation|exact_source_legacy_null_observation_binding|spot_assumptions_source_spot_price_hours|spot_assumptions_partial_above_threshold|spot_assumptions_raw_hourly_reconstruction|spot_assumptions_coverage_ratio_0.993836|spot_assumptions_expected_hours_8760|spot_assumptions_actual_hours_8706|spot_estimate_confidence_higher|spot_forward_curve_with_rolling_365_intraday_shape|partial_shape_coverage|forward_month_from_quarter_contract
2026-07-23,xx2kue-aanekosken-energia-oy-maalaisjarkisahko-aikasahko-12-kk-paastoton,fixed_term_12,416,[751],90,2026-07-23T18:59:58.000000Z,False,,[],historical_household_statistics_scope_assumed|exact_source_legacy_null_observation_binding|spot_assumptions_source_spot_price_hours|spot_assumptions_partial_above_threshold|spot_assumptions_raw_hourly_reconstruction|spot_assumptions_coverage_ratio_0.993836|spot_assumptions_expected_hours_8760|spot_assumptions_actual_hours_8706
2026-07-23,xx5uxn-oomi-oy-toimitusvelvollinen-sahko,open_ended,62,[759],1607,2026-07-28T03:11:57.000000Z,True,,[],historical_household_statistics_scope_assumed|retrospective_exact_source_interpretation|exact_source_legacy_null_observation_binding|spot_assumptions_source_spot_price_hours|spot_assumptions_partial_above_threshold|spot_assumptions_raw_hourly_reconstruction|spot_assumptions_coverage_ratio_0.993836|spot_assumptions_expected_hours_8760|spot_assumptions_actual_hours_8706|supplier_adjusted_tail_uses_comparable_forward_premium|supplier_adjusted_monthly_fee_held_flat|price_episode_observed_proxy|price_episode_left_censored|historical_exact_contract_only|price_episode_uses_dedicated_historical_interpretation|calendar_gap_within_observed_price_episode|price_episode_uses_retrospective_exact_source_interpretation|missing_own_reference_using_comparable_premium|lower_confidence_energy_episode_proxy
2026-07-23,xyhwzz-keravan-energia-oy-joustosahko-12-kk,hybrid,348,[760],1811,2026-07-28T03:52:55.000000Z,True,,[],historical_household_statistics_scope_assumed|retrospective_exact_source_interpretation|exact_source_legacy_null_observation_binding|spot_assumptions_source_spot_price_hours|spot_assumptions_partial_above_threshold|spot_assumptions_raw_hourly_reconstruction|spot_assumptions_coverage_ratio_0.993836|spot_assumptions_expected_hours_8760|spot_assumptions_actual_hours_8706|excludes_consumption_effect
2026-07-23,xzyppx-helen-oy-maaraaikainen-perussahko-24-kk,fixed_term_24,250,[762],1405,2026-07-24T15:44:37.000000Z,True,,[],historical_household_statistics_scope_assumed|retrospective_exact_source_interpretation|exact_source_legacy_null_observation_binding|spot_assumptions_source_spot_price_hours|spot_assumptions_partial_above_threshold|spot_assumptions_raw_hourly_reconstruction|spot_assumptions_coverage_ratio_0.993836|spot_assumptions_expected_hours_8760|spot_assumptions_actual_hours_8706
2026-07-23,y32lx5-seinajoen-energia-oy-se-oikea-aikasahko,open_ended,425,[763],1879,2026-07-28T04:06:08.000000Z,True,,[],historical_household_statistics_scope_assumed|retrospective_exact_source_interpretation|exact_source_legacy_null_observation_binding|spot_assumptions_source_spot_price_hours|spot_assumptions_partial_above_threshold|spot_assumptions_raw_hourly_reconstruction|spot_assumptions_coverage_ratio_0.993836|spot_assumptions_expected_hours_8760|spot_assumptions_actual_hours_8706|supplier_adjusted_tail_shifted_on_forward_curve|supplier_adjusted_monthly_fee_held_flat|price_episode_observed_proxy|price_episode_left_censored|historical_exact_contract_only|price_episode_uses_dedicated_historical_interpretation|price_episode_uses_retrospective_exact_source_interpretation|forward_month_from_quarter_contract
2026-07-23,y3ljwt-koylion-sakylan-sahko-oy-lallin-maaris-2v-yosahko,fixed_term_24,105,[764],1639,2026-07-28T03:18:25.000000Z,True,,[],historical_household_statistics_scope_assumed|retrospective_exact_source_interpretation|exact_source_legacy_null_observation_binding|spot_assumptions_source_spot_price_hours|spot_assumptions_partial_above_threshold|spot_assumptions_raw_hourly_reconstruction|spot_assumptions_coverage_ratio_0.993836|spot_assumptions_expected_hours_8760|spot_assumptions_actual_hours_8706
2026-07-23,y6jm1e-korpelan-energia-oy-korpela-kvartaali,unclassified,,[],,,,,[],missing_historical_snapshot_identity|spot_assumptions_source_spot_price_hours|spot_assumptions_partial_above_threshold|spot_assumptions_raw_hourly_reconstruction|spot_assumptions_coverage_ratio_0.993836|spot_assumptions_expected_hours_8760|spot_assumptions_actual_hours_8706|observed_relational_uniform_monthly_consumption
2026-07-23,ya9hke-vihrea-alyenergia-oy-vire-tuuli-kiintea-12kk,fixed_term_12,,[],,,,,[],canonical_omitted_no_covering_source_observation|historical_canonical_omitted_no_covering_current_builder_episode|spot_assumptions_source_spot_price_hours|spot_assumptions_partial_above_threshold|spot_assumptions_raw_hourly_reconstruction|spot_assumptions_coverage_ratio_0.993836|spot_assumptions_expected_hours_8760|spot_assumptions_actual_hours_8706|observed_relational_uniform_monthly_consumption
2026-07-23,yblryp-fortum-markets-oy-yritys-duo-36kk-yleissahko,unclassified,,[],,,,,[],missing_historical_snapshot_identity|spot_assumptions_source_spot_price_hours|spot_assumptions_partial_above_threshold|spot_assumptions_raw_hourly_reconstruction|spot_assumptions_coverage_ratio_0.993836|spot_assumptions_expected_hours_8760|spot_assumptions_actual_hours_8706|observed_relational_uniform_monthly_consumption
2026-07-23,yd7lgu-alajarven-sahko-oy-aikasahko,open_ended,388,[767],1843,2026-07-28T04:00:51.000000Z,True,,[],historical_household_statistics_scope_assumed|retrospective_exact_source_interpretation|exact_source_legacy_null_observation_binding|spot_assumptions_source_spot_price_hours|spot_assumptions_partial_above_threshold|spot_assumptions_raw_hourly_reconstruction|spot_assumptions_coverage_ratio_0.993836|spot_assumptions_expected_hours_8760|spot_assumptions_actual_hours_8706|supplier_adjusted_tail_uses_comparable_forward_premium|supplier_adjusted_monthly_fee_held_flat|price_episode_observed_proxy|price_episode_left_censored|historical_exact_contract_only|price_episode_uses_dedicated_historical_interpretation|price_episode_uses_retrospective_exact_source_interpretation|missing_own_reference_using_comparable_premium|lower_confidence_energy_episode_proxy
2026-07-23,ydi2at-alajarven-sahko-oy-yleissahko,open_ended,390,[768],1845,2026-07-28T04:01:05.000000Z,True,,[],historical_household_statistics_scope_assumed|retrospective_exact_source_interpretation|exact_source_legacy_null_observation_binding|spot_assumptions_source_spot_price_hours|spot_assumptions_partial_above_threshold|spot_assumptions_raw_hourly_reconstruction|spot_assumptions_coverage_ratio_0.993836|spot_assumptions_expected_hours_8760|spot_assumptions_actual_hours_8706|supplier_adjusted_tail_uses_comparable_forward_premium|supplier_adjusted_monthly_fee_held_flat|price_episode_observed_proxy|price_episode_left_censored|historical_exact_contract_only|price_episode_uses_dedicated_historical_interpretation|price_episode_uses_retrospective_exact_source_interpretation|missing_own_reference_using_comparable_premium|lower_confidence_energy_episode_proxy
2026-07-23,ygkgrj-pohjois-karjalan-sahko-oy-oiva,open_ended,129,[769],1657,2026-07-28T03:22:11.000000Z,True,,[],historical_household_statistics_scope_assumed|retrospective_exact_source_interpretation|exact_source_legacy_null_observation_binding|spot_assumptions_source_spot_price_hours|spot_assumptions_partial_above_threshold|spot_assumptions_raw_hourly_reconstruction|spot_assumptions_coverage_ratio_0.993836|spot_assumptions_expected_hours_8760|spot_assumptions_actual_hours_8706|reset_tail_shifted_on_forward_curve|unknown_periods_use_latest_applicable_price_or_disclosed_normal|forward_month_from_quarter_contract
2026-07-23,yifdtz-vihrea-alyenergia-oy-vire-tuuli-yrityksille-suomen-edullisinta-100-tuulivoimaa-3kk-ilman-perusmaksua,unclassified,,[],,,,,[],missing_historical_snapshot_identity|spot_assumptions_source_spot_price_hours|spot_assumptions_partial_above_threshold|spot_assumptions_raw_hourly_reconstruction|spot_assumptions_coverage_ratio_0.993836|spot_assumptions_expected_hours_8760|spot_assumptions_actual_hours_8706|observed_relational_uniform_monthly_consumption
2026-07-23,ymqe7v-helen-oy-perussahko,open_ended,377,[771],1832,2026-07-28T03:58:47.000000Z,True,,[],historical_household_statistics_scope_assumed|retrospective_exact_source_interpretation|exact_source_legacy_null_observation_binding|spot_assumptions_source_spot_price_hours|spot_assumptions_partial_above_threshold|spot_assumptions_raw_hourly_reconstruction|spot_assumptions_coverage_ratio_0.993836|spot_assumptions_expected_hours_8760|spot_assumptions_actual_hours_8706|supplier_adjusted_tail_uses_comparable_forward_premium|supplier_adjusted_monthly_fee_held_flat|price_episode_observed_proxy|price_episode_left_censored|historical_exact_contract_only|price_episode_uses_dedicated_historical_interpretation|calendar_gap_within_observed_price_episode|price_episode_uses_retrospective_exact_source_interpretation|missing_own_reference_using_comparable_premium|lower_confidence_energy_episode_proxy
2026-07-23,yobmdq-lammaisten-energia-oy-wiksu-markkinasahko,spot,321,[772],1786,2026-07-28T03:48:43.000000Z,True,,[],historical_household_statistics_scope_assumed|retrospective_exact_source_interpretation|exact_source_legacy_null_observation_binding|spot_assumptions_source_spot_price_hours|spot_assumptions_partial_above_threshold|spot_assumptions_raw_hourly_reconstruction|spot_assumptions_coverage_ratio_0.993836|spot_assumptions_expected_hours_8760|spot_assumptions_actual_hours_8706|spot_estimate_confidence_higher|spot_forward_curve_with_rolling_365_intraday_shape|unknown_periods_use_latest_applicable_price_or_disclosed_normal|partial_shape_coverage|forward_month_from_quarter_contract
2026-07-23,yr69kf-nordic-green-energy-tuulivoima-porssisahko-yritykselle,unclassified,,[],,,,,[],missing_historical_snapshot_identity|spot_assumptions_source_spot_price_hours|spot_assumptions_partial_above_threshold|spot_assumptions_raw_hourly_reconstruction|spot_assumptions_coverage_ratio_0.993836|spot_assumptions_expected_hours_8760|spot_assumptions_actual_hours_8706|observed_relational_uniform_monthly_consumption
2026-07-23,ytufxf-cheap-energy-finland-oy-cheap-maaraaikainen-36-kk-0-kuukausimaksu-ensimmaiset-3-kk,fixed_term_over24,71,[774],1612,2026-07-28T03:13:17.000000Z,True,,[1417],historical_household_statistics_scope_assumed|canonical_interpretation_rejected_by_exact_target_validation|historical_temporal_source_validation_unavailable|retrospective_exact_source_interpretation|exact_source_legacy_null_observation_binding|spot_assumptions_source_spot_price_hours|spot_assumptions_partial_above_threshold|spot_assumptions_raw_hourly_reconstruction|spot_assumptions_coverage_ratio_0.993836|spot_assumptions_expected_hours_8760|spot_assumptions_actual_hours_8706
2026-07-23,yv3sbk-hehku-energia-oy-hehku-jousto-12-kk-ensimmaiset-3-kk-perusmaksu-0,hybrid,192,[778],1702,2026-07-28T03:31:24.000000Z,True,,[],historical_household_statistics_scope_assumed|retrospective_exact_source_interpretation|exact_source_legacy_null_observation_binding|spot_assumptions_source_spot_price_hours|spot_assumptions_partial_above_threshold|spot_assumptions_raw_hourly_reconstruction|spot_assumptions_coverage_ratio_0.993836|spot_assumptions_expected_hours_8760|spot_assumptions_actual_hours_8706|excludes_consumption_effect
2026-07-23,ywelzd-parikkalan-valo-oy-kesto-valo-kanta-asiakas-yritys,unclassified,,[],,,,,[],missing_historical_snapshot_identity|spot_assumptions_source_spot_price_hours|spot_assumptions_partial_above_threshold|spot_assumptions_raw_hourly_reconstruction|spot_assumptions_coverage_ratio_0.993836|spot_assumptions_expected_hours_8760|spot_assumptions_actual_hours_8706|observed_relational_uniform_monthly_consumption
2026-07-23,yzgfln-omavoima-oy-oma-24kk-yopaiva,fixed_term_24,313,[782],1420,2026-07-24T15:50:05.000000Z,True,,[],historical_household_statistics_scope_assumed|retrospective_exact_source_interpretation|exact_source_legacy_null_observation_binding|spot_assumptions_source_spot_price_hours|spot_assumptions_partial_above_threshold|spot_assumptions_raw_hourly_reconstruction|spot_assumptions_coverage_ratio_0.993836|spot_assumptions_expected_hours_8760|spot_assumptions_actual_hours_8706
2026-07-23,z5di4h-nordic-green-energy-tuulivoima-spot-yrityksille,unclassified,,[],,,,,[],missing_historical_snapshot_identity|spot_assumptions_source_spot_price_hours|spot_assumptions_partial_above_threshold|spot_assumptions_raw_hourly_reconstruction|spot_assumptions_coverage_ratio_0.993836|spot_assumptions_expected_hours_8760|spot_assumptions_actual_hours_8706|observed_relational_uniform_monthly_consumption
2026-07-23,zcosto-vaasan-sahko-myynti-oy-tuulisahko-yleissahko,quarterly,108,[785],997,2026-07-24T13:24:24.000000Z,True,,"[59, 570, 1422, 1641]",historical_household_statistics_scope_assumed|canonical_interpretation_rejected_by_exact_target_validation|historical_temporal_source_validation_unavailable|retrospective_exact_source_interpretation|exact_source_legacy_null_observation_binding|spot_assumptions_source_spot_price_hours|spot_assumptions_partial_above_threshold|spot_assumptions_raw_hourly_reconstruction|spot_assumptions_coverage_ratio_0.993836|spot_assumptions_expected_hours_8760|spot_assumptions_actual_hours_8706|reset_tail_shifted_on_forward_curve|forward_month_from_quarter_contract
2026-07-23,zf1ooz-korpelan-energia-oy-korpela-kesto-24-kk,unclassified,,[],,,,,[],missing_historical_snapshot_identity|spot_assumptions_source_spot_price_hours|spot_assumptions_partial_above_threshold|spot_assumptions_raw_hourly_reconstruction|spot_assumptions_coverage_ratio_0.993836|spot_assumptions_expected_hours_8760|spot_assumptions_actual_hours_8706|observed_relational_uniform_monthly_consumption
2026-07-23,zial89-pohjois-karjalan-sahko-oy-optimi-takuu-12-kuukautta,fixed_term_12,279,[790],1761,2026-07-28T03:43:25.000000Z,True,,[],historical_household_statistics_scope_assumed|retrospective_exact_source_interpretation|exact_source_legacy_null_observation_binding|spot_assumptions_source_spot_price_hours|spot_assumptions_partial_above_threshold|spot_assumptions_raw_hourly_reconstruction|spot_assumptions_coverage_ratio_0.993836|spot_assumptions_expected_hours_8760|spot_assumptions_actual_hours_8706
2026-07-23,zlhj1m-imatran-seudun-sahko-oy-voima-24-kk,fixed_term_24,249,[791],1743,2026-07-28T03:39:41.000000Z,True,,[],historical_household_statistics_scope_assumed|retrospective_exact_source_interpretation|exact_source_legacy_null_observation_binding|spot_assumptions_source_spot_price_hours|spot_assumptions_partial_above_threshold|spot_assumptions_raw_hourly_reconstruction|spot_assumptions_coverage_ratio_0.993836|spot_assumptions_expected_hours_8760|spot_assumptions_actual_hours_8706
2026-07-23,zmbmth-vattenfall-oy-yrityksen-ilmasto-vakio,unclassified,,[],,,,,[],missing_historical_snapshot_identity|spot_assumptions_source_spot_price_hours|spot_assumptions_partial_above_threshold|spot_assumptions_raw_hourly_reconstruction|spot_assumptions_coverage_ratio_0.993836|spot_assumptions_expected_hours_8760|spot_assumptions_actual_hours_8706|observed_relational_uniform_monthly_consumption
2026-07-23,zmtkhl-vaasan-sahko-myynti-oy-kiintea-12-kk-yosahko-yrityksille,unclassified,,[],,,,,[],missing_historical_snapshot_identity|spot_assumptions_source_spot_price_hours|spot_assumptions_partial_above_threshold|spot_assumptions_raw_hourly_reconstruction|spot_assumptions_coverage_ratio_0.993836|spot_assumptions_expected_hours_8760|spot_assumptions_actual_hours_8706|observed_relational_uniform_monthly_consumption
2026-07-23,zojywe-vattenfall-oy-ilmasto-vakio,open_ended,144,[795],1670,2026-07-28T03:25:02.000000Z,True,,[],historical_household_statistics_scope_assumed|retrospective_exact_source_interpretation|exact_source_legacy_null_observation_binding|spot_assumptions_source_spot_price_hours|spot_assumptions_partial_above_threshold|spot_assumptions_raw_hourly_reconstruction|spot_assumptions_coverage_ratio_0.993836|spot_assumptions_expected_hours_8760|spot_assumptions_actual_hours_8706|historical_consumption_out_of_range
2026-07-23,zp2qud-korpelan-energia-oy-korpela-kvartaali,hybrid,206,[796],1429,2026-07-24T15:53:17.000000Z,True,,[1712],historical_household_statistics_scope_assumed|canonical_interpretation_rejected_by_exact_target_validation|historical_temporal_source_validation_unavailable|retrospective_exact_source_interpretation|exact_source_legacy_null_observation_binding|spot_assumptions_source_spot_price_hours|spot_assumptions_partial_above_threshold|spot_assumptions_raw_hourly_reconstruction|spot_assumptions_coverage_ratio_0.993836|spot_assumptions_expected_hours_8760|spot_assumptions_actual_hours_8706|reset_tail_shifted_on_forward_curve|unknown_periods_use_latest_applicable_price_or_disclosed_normal|excludes_consumption_effect|forward_month_from_quarter_contract
2026-07-23,zpjpbn-vaasan-sahko-myynti-oy-kiintea-vaikuttaja-24-kk-yrityksille,unclassified,,[],,,,,[],missing_historical_snapshot_identity|spot_assumptions_source_spot_price_hours|spot_assumptions_partial_above_threshold|spot_assumptions_raw_hourly_reconstruction|spot_assumptions_coverage_ratio_0.993836|spot_assumptions_expected_hours_8760|spot_assumptions_actual_hours_8706|observed_relational_uniform_monthly_consumption
2026-07-23,zqskv0-vaasan-sahko-myynti-oy-kuukausipaketti-l,open_ended,152,[807],1677,2026-07-28T03:26:23.000000Z,True,,[1431],historical_household_statistics_scope_assumed|canonical_interpretation_rejected_by_exact_target_validation|retrospective_exact_source_interpretation|exact_source_legacy_null_observation_binding|spot_assumptions_source_spot_price_hours|spot_assumptions_partial_above_threshold|spot_assumptions_raw_hourly_reconstruction|spot_assumptions_coverage_ratio_0.993836|spot_assumptions_expected_hours_8760|spot_assumptions_actual_hours_8706
2026-07-23,zr9aii-helen-oy-maaraaikainen-valkkysahko-12-kk,hybrid,253,[808],,,,,[],canonical_omitted_no_interpretation_as_of_date|spot_assumptions_source_spot_price_hours|spot_assumptions_partial_above_threshold|spot_assumptions_raw_hourly_reconstruction|spot_assumptions_coverage_ratio_0.993836|spot_assumptions_expected_hours_8760|spot_assumptions_actual_hours_8706|observed_relational_uniform_monthly_consumption
2026-07-23,zrpfru-kokkolan-energia-oy-aalto-24-kk,hybrid,39,[810],1585,2026-07-28T03:06:24.000000Z,True,,[],historical_household_statistics_scope_assumed|retrospective_exact_source_interpretation|exact_source_legacy_null_observation_binding|spot_assumptions_source_spot_price_hours|spot_assumptions_partial_above_threshold|spot_assumptions_raw_hourly_reconstruction|spot_assumptions_coverage_ratio_0.993836|spot_assumptions_expected_hours_8760|spot_assumptions_actual_hours_8706|excludes_consumption_effect
2026-07-23,zry8u9-omavoima-oy-oma-12kk-kausi,fixed_term_12,258,[811],1434,2026-07-24T15:54:40.000000Z,True,,[],historical_household_statistics_scope_assumed|retrospective_exact_source_interpretation|exact_source_legacy_null_observation_binding|spot_assumptions_source_spot_price_hours|spot_assumptions_partial_above_threshold|spot_assumptions_raw_hourly_reconstruction|spot_assumptions_coverage_ratio_0.993836|spot_assumptions_expected_hours_8760|spot_assumptions_actual_hours_8706
2026-07-23,zsihtg-aalto-energia-oyj-porssisahko,unclassified,,[],,,,,[],missing_historical_snapshot_identity|spot_assumptions_source_spot_price_hours|spot_assumptions_partial_above_threshold|spot_assumptions_raw_hourly_reconstruction|spot_assumptions_coverage_ratio_0.993836|spot_assumptions_expected_hours_8760|spot_assumptions_actual_hours_8706|observed_relational_uniform_monthly_consumption
2026-07-23,zsxqiy-oomi-oy-toimitusvelvollinen-sahko,open_ended,50,[813],1595,2026-07-28T03:08:27.000000Z,True,,[],historical_household_statistics_scope_assumed|retrospective_exact_source_interpretation|exact_source_legacy_null_observation_binding|spot_assumptions_source_spot_price_hours|spot_assumptions_partial_above_threshold|spot_assumptions_raw_hourly_reconstruction|spot_assumptions_coverage_ratio_0.993836|spot_assumptions_expected_hours_8760|spot_assumptions_actual_hours_8706|supplier_adjusted_tail_uses_comparable_forward_premium|supplier_adjusted_monthly_fee_held_flat|price_episode_observed_proxy|price_episode_left_censored|historical_exact_contract_only|price_episode_uses_dedicated_historical_interpretation|calendar_gap_within_observed_price_episode|price_episode_uses_retrospective_exact_source_interpretation|missing_own_reference_using_comparable_premium|lower_confidence_energy_episode_proxy
2026-07-23,ztawud-turku-energia-oy-louna-helppo-s,open_ended,9,[814],1560,2026-07-28T03:02:20.000000Z,True,,[585],historical_household_statistics_scope_assumed|canonical_interpretation_rejected_by_exact_target_validation|retrospective_exact_source_interpretation|exact_source_legacy_null_observation_binding|spot_assumptions_source_spot_price_hours|spot_assumptions_partial_above_threshold|spot_assumptions_raw_hourly_reconstruction|spot_assumptions_coverage_ratio_0.993836|spot_assumptions_expected_hours_8760|spot_assumptions_actual_hours_8706
2026-07-23,zts80w-nordic-green-energy-aurinkovoima-spot-yrityksille,unclassified,,[],,,,,[],missing_historical_snapshot_identity|spot_assumptions_source_spot_price_hours|spot_assumptions_partial_above_threshold|spot_assumptions_raw_hourly_reconstruction|spot_assumptions_coverage_ratio_0.993836|spot_assumptions_expected_hours_8760|spot_assumptions_actual_hours_8706|observed_relational_uniform_monthly_consumption
2026-07-23,zujknd-aanekosken-energia-oy-maalaisjarkisahko-yleissahko-24-kk-paastoton,fixed_term_24,407,[817],1862,2026-07-28T04:03:34.000000Z,True,,[],historical_household_statistics_scope_assumed|retrospective_exact_source_interpretation|exact_source_legacy_null_observation_binding|spot_assumptions_source_spot_price_hours|spot_assumptions_partial_above_threshold|spot_assumptions_raw_hourly_reconstruction|spot_assumptions_coverage_ratio_0.993836|spot_assumptions_expected_hours_8760|spot_assumptions_actual_hours_8706
2026-07-23,zv9pul-vattenfall-oy-ilmasto-mix-24-kk-perusmaksut-0-ensimmaiset-6-kk,fixed_term_24,257,[818],,,,,[],canonical_omitted_no_interpretation_as_of_date|spot_assumptions_source_spot_price_hours|spot_assumptions_partial_above_threshold|spot_assumptions_raw_hourly_reconstruction|spot_assumptions_coverage_ratio_0.993836|spot_assumptions_expected_hours_8760|spot_assumptions_actual_hours_8706|observed_relational_uniform_monthly_consumption
2026-07-23,zvtuhk-aanekosken-energia-oy-aikasahko-12-kk,unclassified,,[],,,,,[],missing_historical_snapshot_identity|spot_assumptions_source_spot_price_hours|spot_assumptions_partial_above_threshold|spot_assumptions_raw_hourly_reconstruction|spot_assumptions_coverage_ratio_0.993836|spot_assumptions_expected_hours_8760|spot_assumptions_actual_hours_8706|observed_relational_uniform_monthly_consumption
2026-07-23,zxt8y9-fortum-markets-oy-fortum-takuu-24-kk,fixed_term_24,111,[820],1441,2026-07-24T15:57:29.000000Z,True,,[],historical_household_statistics_scope_assumed|retrospective_exact_source_interpretation|exact_source_legacy_null_observation_binding|spot_assumptions_source_spot_price_hours|spot_assumptions_partial_above_threshold|spot_assumptions_raw_hourly_reconstruction|spot_assumptions_coverage_ratio_0.993836|spot_assumptions_expected_hours_8760|spot_assumptions_actual_hours_8706
2026-07-24,0haoj3-nurmijarven-sahko-oy-porssisahko-plus,spot,128,[3],1656,2026-07-28T03:22:03.000000Z,True,,[],historical_household_statistics_scope_assumed|retrospective_exact_source_interpretation|exact_source_legacy_null_observation_binding|spot_assumptions_source_spot_price_hours|spot_assumptions_partial_above_threshold|spot_assumptions_raw_hourly_reconstruction|spot_assumptions_coverage_ratio_0.993836|spot_assumptions_expected_hours_8760|spot_assumptions_actual_hours_8706|spot_estimate_confidence_higher|spot_forward_curve_with_rolling_365_intraday_shape|partial_shape_coverage|forward_month_from_quarter_contract
2026-07-24,0hu0nj-alajarven-sahko-oy-porssisahko-yrityksille,unclassified,,[],,,,,[],missing_historical_snapshot_identity|spot_assumptions_source_spot_price_hours|spot_assumptions_partial_above_threshold|spot_assumptions_raw_hourly_reconstruction|spot_assumptions_coverage_ratio_0.993836|spot_assumptions_expected_hours_8760|spot_assumptions_actual_hours_8706|observed_relational_uniform_monthly_consumption
2026-07-24,0lpjxi-parikkalan-valo-oy-spot-valo,spot,334,[5],1799,2026-07-28T03:51:05.000000Z,True,,"[106, 176]",historical_household_statistics_scope_assumed|canonical_interpretation_rejected_by_exact_target_validation|retrospective_exact_source_interpretation|exact_source_legacy_null_observation_binding|spot_assumptions_source_spot_price_hours|spot_assumptions_partial_above_threshold|spot_assumptions_raw_hourly_reconstruction|spot_assumptions_coverage_ratio_0.993836|spot_assumptions_expected_hours_8760|spot_assumptions_actual_hours_8706|spot_estimate_confidence_higher|spot_forward_curve_with_rolling_365_intraday_shape|partial_shape_coverage|forward_month_from_quarter_contract
2026-07-24,0rnxeb-imatran-seudun-sahko-oy-voima-joustava-6-kk,hybrid,80,[7],1618,2026-07-28T03:14:25.000000Z,True,,[],historical_household_statistics_scope_assumed|retrospective_exact_source_interpretation|exact_source_legacy_null_observation_binding|spot_assumptions_source_spot_price_hours|spot_assumptions_partial_above_threshold|spot_assumptions_raw_hourly_reconstruction|spot_assumptions_coverage_ratio_0.993836|spot_assumptions_expected_hours_8760|spot_assumptions_actual_hours_8706|term_price_annualized|excludes_consumption_effect
2026-07-24,0rrld3-alajarven-sahko-oy-aikasahko-12-kk,fixed_term_12,393,[8],1848,2026-07-28T04:01:35.000000Z,True,,[],historical_household_statistics_scope_assumed|retrospective_exact_source_interpretation|exact_source_legacy_null_observation_binding|spot_assumptions_source_spot_price_hours|spot_assumptions_partial_above_threshold|spot_assumptions_raw_hourly_reconstruction|spot_assumptions_coverage_ratio_0.993836|spot_assumptions_expected_hours_8760|spot_assumptions_actual_hours_8706
2026-07-24,0uohci-vihrea-alyenergia-oy-opiskelijan-verraton-porssisahko,spot,181,[9],,,,,"[115, 179, 597, 1022, 1696]",canonical_interpretation_rejected_by_exact_target_validation|historical_temporal_source_validation_unavailable|canonical_omitted_no_valid_interpretation_as_of_date|spot_assumptions_source_spot_price_hours|spot_assumptions_partial_above_threshold|spot_assumptions_raw_hourly_reconstruction|spot_assumptions_coverage_ratio_0.993836|spot_assumptions_expected_hours_8760|spot_assumptions_actual_hours_8706|observed_relational_uniform_monthly_consumption|spot_estimate_confidence_higher|partial_shape_coverage|forward_month_from_quarter_contract
2026-07-24,0uxkvt-hehku-energia-oy-hehku-kiintea-24-kk,unclassified,,[],,,,,[],missing_historical_snapshot_identity|spot_assumptions_source_spot_price_hours|spot_assumptions_partial_above_threshold|spot_assumptions_raw_hourly_reconstruction|spot_assumptions_coverage_ratio_0.993836|spot_assumptions_expected_hours_8760|spot_assumptions_actual_hours_8706|observed_relational_uniform_monthly_consumption
2026-07-24,1eh6re-vaasan-sahko-myynti-oy-perussahko-yleissahko,quarterly,88,[11],599,2026-07-24T11:49:56.000000Z,False,,"[153, 1024, 1626]",historical_household_statistics_scope_assumed|canonical_interpretation_rejected_by_exact_target_validation|historical_temporal_source_validation_unavailable|exact_source_legacy_null_observation_binding|spot_assumptions_source_spot_price_hours|spot_assumptions_partial_above_threshold|spot_assumptions_raw_hourly_reconstruction|spot_assumptions_coverage_ratio_0.993836|spot_assumptions_expected_hours_8760|spot_assumptions_actual_hours_8706|reset_tail_shifted_on_forward_curve|forward_month_from_quarter_contract
2026-07-24,1ucmby-cheap-energy-finland-oy-cheap-kvartaalisahko,quarterly,280,[16],,,,,"[47, 52, 98, 182, 600, 1025, 1762]",canonical_interpretation_rejected_by_exact_target_validation|historical_temporal_source_validation_unavailable|canonical_omitted_no_valid_interpretation_as_of_date|spot_assumptions_source_spot_price_hours|spot_assumptions_partial_above_threshold|spot_assumptions_raw_hourly_reconstruction|spot_assumptions_coverage_ratio_0.993836|spot_assumptions_expected_hours_8760|spot_assumptions_actual_hours_8706|observed_relational_uniform_monthly_consumption|relational_open_ended_no_proven_historical_adjustment_mechanism
2026-07-24,1vqefg-alajarven-sahko-oy-yleissahko-yrityksille,unclassified,,[],,,,,[],missing_historical_snapshot_identity|spot_assumptions_source_spot_price_hours|spot_assumptions_partial_above_threshold|spot_assumptions_raw_hourly_reconstruction|spot_assumptions_coverage_ratio_0.993836|spot_assumptions_expected_hours_8760|spot_assumptions_actual_hours_8706|observed_relational_uniform_monthly_consumption
2026-07-24,1xpsyz-paneliankosken-voima-oy-kosken-markkinawoima,spot,358,[18],1816,2026-07-28T03:55:29.000000Z,True,,"[105, 184]",historical_household_statistics_scope_assumed|canonical_interpretation_rejected_by_exact_target_validation|retrospective_exact_source_interpretation|exact_source_legacy_null_observation_binding|spot_assumptions_source_spot_price_hours|spot_assumptions_partial_above_threshold|spot_assumptions_raw_hourly_reconstruction|spot_assumptions_coverage_ratio_0.993836|spot_assumptions_expected_hours_8760|spot_assumptions_actual_hours_8706|spot_estimate_confidence_higher|spot_forward_curve_with_rolling_365_intraday_shape|partial_shape_coverage|forward_month_from_quarter_contract
2026-07-24,2dyexb-fortum-markets-oy-fortum-duo-12-kk,hybrid,236,[20],1028,2026-07-24T14:01:13.000000Z,False,,[],historical_household_statistics_scope_assumed|exact_source_legacy_null_observation_binding|spot_assumptions_source_spot_price_hours|spot_assumptions_partial_above_threshold|spot_assumptions_raw_hourly_reconstruction|spot_assumptions_coverage_ratio_0.993836|spot_assumptions_expected_hours_8760|spot_assumptions_actual_hours_8706|excludes_consumption_effect
2026-07-24,2wzfba-oomi-oy-oomi-vakaa,open_ended,352,[23],1812,2026-07-28T03:53:03.000000Z,True,,[1029],historical_household_statistics_scope_assumed|canonical_interpretation_rejected_by_exact_target_validation|historical_temporal_source_validation_unavailable|retrospective_exact_source_interpretation|exact_source_legacy_null_observation_binding|spot_assumptions_source_spot_price_hours|spot_assumptions_partial_above_threshold|spot_assumptions_raw_hourly_reconstruction|spot_assumptions_coverage_ratio_0.993836|spot_assumptions_expected_hours_8760|spot_assumptions_actual_hours_8706|supplier_adjusted_tail_uses_comparable_forward_premium|supplier_adjusted_monthly_fee_held_flat|price_episode_observed_proxy|price_episode_left_censored|historical_exact_contract_only|price_episode_uses_dedicated_historical_interpretation|price_episode_uses_retrospective_exact_source_interpretation|missing_own_reference_using_comparable_premium|lower_confidence_energy_episode_proxy
2026-07-24,31vqfj-pohjois-karjalan-sahko-oy-optimi-takuu-12-kuukautta,fixed_term_12,32,[24],1580,2026-07-28T03:05:26.000000Z,True,,[],historical_household_statistics_scope_assumed|retrospective_exact_source_interpretation|exact_source_legacy_null_observation_binding|spot_assumptions_source_spot_price_hours|spot_assumptions_partial_above_threshold|spot_assumptions_raw_hourly_reconstruction|spot_assumptions_coverage_ratio_0.993836|spot_assumptions_expected_hours_8760|spot_assumptions_actual_hours_8706
2026-07-24,3a9te1-korpelan-energia-oy-korpela-kesto-12-kk,unclassified,,[],,,,,[],missing_historical_snapshot_identity|spot_assumptions_source_spot_price_hours|spot_assumptions_partial_above_threshold|spot_assumptions_raw_hourly_reconstruction|spot_assumptions_coverage_ratio_0.993836|spot_assumptions_expected_hours_8760|spot_assumptions_actual_hours_8706|observed_relational_uniform_monthly_consumption
2026-07-24,3bdzoe-paneliankosken-voima-oy-kosken-kayttowoima-12-kk-kulutusjousto,hybrid,325,[30],1790,2026-07-28T03:49:31.000000Z,True,,[],historical_household_statistics_scope_assumed|retrospective_exact_source_interpretation|exact_source_legacy_null_observation_binding|spot_assumptions_source_spot_price_hours|spot_assumptions_partial_above_threshold|spot_assumptions_raw_hourly_reconstruction|spot_assumptions_coverage_ratio_0.993836|spot_assumptions_expected_hours_8760|spot_assumptions_actual_hours_8706
2026-07-24,3d2htj-vaasan-sahko-myynti-oy-kiintea-6-kk-yosahko-yrityksille,unclassified,,[],,,,,[],missing_historical_snapshot_identity|spot_assumptions_source_spot_price_hours|spot_assumptions_partial_above_threshold|spot_assumptions_raw_hourly_reconstruction|spot_assumptions_coverage_ratio_0.993836|spot_assumptions_expected_hours_8760|spot_assumptions_actual_hours_8706|observed_relational_uniform_monthly_consumption
2026-07-24,3dwf5t-hehku-energia-oy-hehku-yritysjousto-12-kk,unclassified,,[],,,,,[],missing_historical_snapshot_identity|spot_assumptions_source_spot_price_hours|spot_assumptions_partial_above_threshold|spot_assumptions_raw_hourly_reconstruction|spot_assumptions_coverage_ratio_0.993836|spot_assumptions_expected_hours_8760|spot_assumptions_actual_hours_8706|observed_relational_uniform_monthly_consumption
2026-07-24,3gqxn1-vaasan-sahko-myynti-oy-kiintea-12-kk-yosahko,fixed_term_12,99,[34],1634,2026-07-28T03:17:31.000000Z,True,,[],historical_household_statistics_scope_assumed|retrospective_exact_source_interpretation|exact_source_legacy_null_observation_binding|spot_assumptions_source_spot_price_hours|spot_assumptions_partial_above_threshold|spot_assumptions_raw_hourly_reconstruction|spot_assumptions_coverage_ratio_0.993836|spot_assumptions_expected_hours_8760|spot_assumptions_actual_hours_8706
2026-07-24,3sivst-helen-oy-helpposahko-s,open_ended,124,[37],1653,2026-07-28T03:21:17.000000Z,True,,[108],historical_household_statistics_scope_assumed|canonical_interpretation_rejected_by_exact_target_validation|retrospective_exact_source_interpretation|exact_source_legacy_null_observation_binding|spot_assumptions_source_spot_price_hours|spot_assumptions_partial_above_threshold|spot_assumptions_raw_hourly_reconstruction|spot_assumptions_coverage_ratio_0.993836|spot_assumptions_expected_hours_8760|spot_assumptions_actual_hours_8706
2026-07-24,408nd7-imatran-seudun-sahko-oy-ajantasa-kampanja-4-ensimmaista-kk-ilman-perusmaksua,spot,41,[39],1587,2026-07-28T03:06:55.000000Z,True,,[],historical_household_statistics_scope_assumed|retrospective_exact_source_interpretation|exact_source_legacy_null_observation_binding|spot_assumptions_source_spot_price_hours|spot_assumptions_partial_above_threshold|spot_assumptions_raw_hourly_reconstruction|spot_assumptions_coverage_ratio_0.993836|spot_assumptions_expected_hours_8760|spot_assumptions_actual_hours_8706|spot_estimate_confidence_higher|spot_forward_curve_with_rolling_365_intraday_shape|partial_shape_coverage|forward_month_from_quarter_contract
2026-07-24,4m1y0z-vaasan-sahko-myynti-oy-kiintea-24-kk-yleissahko-yrityksille,unclassified,,[],,,,,[],missing_historical_snapshot_identity|spot_assumptions_source_spot_price_hours|spot_assumptions_partial_above_threshold|spot_assumptions_raw_hourly_reconstruction|spot_assumptions_coverage_ratio_0.993836|spot_assumptions_expected_hours_8760|spot_assumptions_actual_hours_8706|observed_relational_uniform_monthly_consumption
2026-07-24,4rzdsm-lammaisten-energia-oy-toimitusvelvollinen-yleissahko,open_ended,436,[47],1039,2026-07-24T14:04:35.000000Z,False,,[],historical_household_statistics_scope_assumed|exact_source_legacy_null_observation_binding|spot_assumptions_source_spot_price_hours|spot_assumptions_partial_above_threshold|spot_assumptions_raw_hourly_reconstruction|spot_assumptions_coverage_ratio_0.993836|spot_assumptions_expected_hours_8760|spot_assumptions_actual_hours_8706|supplier_adjusted_tail_shifted_on_forward_curve|supplier_adjusted_monthly_fee_held_flat|price_episode_observed_proxy|price_episode_left_censored|historical_exact_contract_only|prior_energy_evidence_changed_unknown_or_conflicting|forward_month_from_quarter_contract
2026-07-24,4vwm9m-vattenfall-oy-yrityksen-taysvesi-24-kk,unclassified,,[],,,,,[],missing_historical_snapshot_identity|spot_assumptions_source_spot_price_hours|spot_assumptions_partial_above_threshold|spot_assumptions_raw_hourly_reconstruction|spot_assumptions_coverage_ratio_0.993836|spot_assumptions_expected_hours_8760|spot_assumptions_actual_hours_8706|observed_relational_uniform_monthly_consumption
2026-07-24,4w4snx-omavoima-oy-oma-12kk-yleis,fixed_term_12,290,[58],1041,2026-07-24T14:05:01.000000Z,False,,[],historical_household_statistics_scope_assumed|exact_source_legacy_null_observation_binding|spot_assumptions_source_spot_price_hours|spot_assumptions_partial_above_threshold|spot_assumptions_raw_hourly_reconstruction|spot_assumptions_coverage_ratio_0.993836|spot_assumptions_expected_hours_8760|spot_assumptions_actual_hours_8706
2026-07-24,4yalza-lumme-energia-vuosisahko-12-kk-hinta-joka-ei-heilu,fixed_term_12,337,[59],1042,2026-07-24T14:05:12.000000Z,False,,[],historical_household_statistics_scope_assumed|exact_source_legacy_null_observation_binding|spot_assumptions_source_spot_price_hours|spot_assumptions_partial_above_threshold|spot_assumptions_raw_hourly_reconstruction|spot_assumptions_coverage_ratio_0.993836|spot_assumptions_expected_hours_8760|spot_assumptions_actual_hours_8706
2026-07-24,58qblq-porvoon-energia-oy-ilmastoviisas-24-kk-co2-paastottomasti-tuotettu-yrityksille,unclassified,,[],,,,,[],missing_historical_snapshot_identity|spot_assumptions_source_spot_price_hours|spot_assumptions_partial_above_threshold|spot_assumptions_raw_hourly_reconstruction|spot_assumptions_coverage_ratio_0.993836|spot_assumptions_expected_hours_8760|spot_assumptions_actual_hours_8706|observed_relational_uniform_monthly_consumption
2026-07-24,5avbab-hehku-energia-oy-hehku-kiintea-24-kk-0-kuukausimaksu-ensimmaiset-3-kk,fixed_term_24,153,[62],1678,2026-07-28T03:26:33.000000Z,True,,[],historical_household_statistics_scope_assumed|retrospective_exact_source_interpretation|exact_source_legacy_null_observation_binding|spot_assumptions_source_spot_price_hours|spot_assumptions_partial_above_threshold|spot_assumptions_raw_hourly_reconstruction|spot_assumptions_coverage_ratio_0.993836|spot_assumptions_expected_hours_8760|spot_assumptions_actual_hours_8706
2026-07-24,5chenx-nurmijarven-sahko-oy-kausisahko-1-vuotta,fixed_term_12,173,[64],1692,2026-07-28T03:29:20.000000Z,True,,[],historical_household_statistics_scope_assumed|retrospective_exact_source_interpretation|exact_source_legacy_null_observation_binding|spot_assumptions_source_spot_price_hours|spot_assumptions_partial_above_threshold|spot_assumptions_raw_hourly_reconstruction|spot_assumptions_coverage_ratio_0.993836|spot_assumptions_expected_hours_8760|spot_assumptions_actual_hours_8706
2026-07-24,5fkl0x-vaasan-sahko-myynti-oy-porssisahko-tuuli,spot,238,[67],1736,2026-07-28T03:38:16.000000Z,True,,[],historical_household_statistics_scope_assumed|retrospective_exact_source_interpretation|exact_source_legacy_null_observation_binding|spot_assumptions_source_spot_price_hours|spot_assumptions_partial_above_threshold|spot_assumptions_raw_hourly_reconstruction|spot_assumptions_coverage_ratio_0.993836|spot_assumptions_expected_hours_8760|spot_assumptions_actual_hours_8706|spot_estimate_confidence_higher|spot_forward_curve_with_rolling_365_intraday_shape|partial_shape_coverage|forward_month_from_quarter_contract
2026-07-24,5me61f-paneliankosken-voima-oy-kosken-kayttowoima-24-kk-kulutusjousto,hybrid,283,[68],1765,2026-07-28T03:44:27.000000Z,True,,[],historical_household_statistics_scope_assumed|retrospective_exact_source_interpretation|exact_source_legacy_null_observation_binding|spot_assumptions_source_spot_price_hours|spot_assumptions_partial_above_threshold|spot_assumptions_raw_hourly_reconstruction|spot_assumptions_coverage_ratio_0.993836|spot_assumptions_expected_hours_8760|spot_assumptions_actual_hours_8706|excludes_consumption_effect
2026-07-24,5s5r2e-hehku-energia-oy-hehku-hiilivapaa-12-kk-0-kuukausimaksu-ensimmaiset-3-kk,fixed_term_12,360,[69],1818,2026-07-28T03:55:51.000000Z,True,,[],historical_household_statistics_scope_assumed|retrospective_exact_source_interpretation|exact_source_legacy_null_observation_binding|spot_assumptions_source_spot_price_hours|spot_assumptions_partial_above_threshold|spot_assumptions_raw_hourly_reconstruction|spot_assumptions_coverage_ratio_0.993836|spot_assumptions_expected_hours_8760|spot_assumptions_actual_hours_8706
2026-07-24,5tgtrl-lammaisten-energia-oy-iisi-helpposahko-aikasahko-24-kk,fixed_term_24,10,[71],1561,2026-07-28T03:02:30.000000Z,True,,[],historical_household_statistics_scope_assumed|retrospective_exact_source_interpretation|exact_source_legacy_null_observation_binding|spot_assumptions_source_spot_price_hours|spot_assumptions_partial_above_threshold|spot_assumptions_raw_hourly_reconstruction|spot_assumptions_coverage_ratio_0.993836|spot_assumptions_expected_hours_8760|spot_assumptions_actual_hours_8706
2026-07-24,5x48mf-fortum-markets-oy-fortum-tarkka,spot,240,[73],1738,2026-07-28T03:38:43.000000Z,True,,[],historical_household_statistics_scope_assumed|retrospective_exact_source_interpretation|exact_source_legacy_null_observation_binding|spot_assumptions_source_spot_price_hours|spot_assumptions_partial_above_threshold|spot_assumptions_raw_hourly_reconstruction|spot_assumptions_coverage_ratio_0.993836|spot_assumptions_expected_hours_8760|spot_assumptions_actual_hours_8706|spot_estimate_confidence_higher|spot_forward_curve_with_rolling_365_intraday_shape|partial_shape_coverage|forward_month_from_quarter_contract
2026-07-24,64ge8w-lumme-energia-perussahko,open_ended,3,[74],1557,2026-07-28T03:01:24.000000Z,True,,[69],historical_household_statistics_scope_assumed|canonical_interpretation_rejected_by_exact_target_validation|retrospective_exact_source_interpretation|exact_source_legacy_null_observation_binding|spot_assumptions_source_spot_price_hours|spot_assumptions_partial_above_threshold|spot_assumptions_raw_hourly_reconstruction|spot_assumptions_coverage_ratio_0.993836|spot_assumptions_expected_hours_8760|spot_assumptions_actual_hours_8706|reset_tail_shifted_on_forward_curve|unknown_periods_use_latest_applicable_price_or_disclosed_normal|forward_month_from_quarter_contract
2026-07-24,68g91h-keuruun-sahko-oy-yosahko,open_ended,16,[75],1566,2026-07-28T03:03:10.000000Z,True,,[122],historical_household_statistics_scope_assumed|canonical_interpretation_rejected_by_exact_target_validation|retrospective_exact_source_interpretation|exact_source_legacy_null_observation_binding|spot_assumptions_source_spot_price_hours|spot_assumptions_partial_above_threshold|spot_assumptions_raw_hourly_reconstruction|spot_assumptions_coverage_ratio_0.993836|spot_assumptions_expected_hours_8760|spot_assumptions_actual_hours_8706|supplier_adjusted_tail_uses_comparable_forward_premium|supplier_adjusted_monthly_fee_held_flat|price_episode_observed_proxy|price_episode_left_censored|historical_exact_contract_only|price_episode_uses_dedicated_historical_interpretation|calendar_gap_within_observed_price_episode|price_episode_uses_retrospective_exact_source_interpretation|missing_own_reference_using_comparable_premium|lower_confidence_energy_episode_proxy
2026-07-24,6bkvu5-korpelan-energia-oy-korpela-kesto-kiintea-12-kk,fixed_term_12,118,[76],1649,2026-07-28T03:20:25.000000Z,True,,[],historical_household_statistics_scope_assumed|retrospective_exact_source_interpretation|exact_source_legacy_null_observation_binding|spot_assumptions_source_spot_price_hours|spot_assumptions_partial_above_threshold|spot_assumptions_raw_hourly_reconstruction|spot_assumptions_coverage_ratio_0.993836|spot_assumptions_expected_hours_8760|spot_assumptions_actual_hours_8706
2026-07-24,6cefqo-lankosken-sahko-oy-porssisahko,unclassified,,[],,,,,[],missing_historical_snapshot_identity|spot_assumptions_source_spot_price_hours|spot_assumptions_partial_above_threshold|spot_assumptions_raw_hourly_reconstruction|spot_assumptions_coverage_ratio_0.993836|spot_assumptions_expected_hours_8760|spot_assumptions_actual_hours_8706|observed_relational_uniform_monthly_consumption
2026-07-24,6e4ly6-kokkolan-energia-oy-tyyni,open_ended,60,[80],,,,,"[55, 211, 630, 1055, 1605]",canonical_interpretation_rejected_by_exact_target_validation|historical_temporal_source_validation_unavailable|canonical_omitted_no_valid_interpretation_as_of_date|spot_assumptions_source_spot_price_hours|spot_assumptions_partial_above_threshold|spot_assumptions_raw_hourly_reconstruction|spot_assumptions_coverage_ratio_0.993836|spot_assumptions_expected_hours_8760|spot_assumptions_actual_hours_8706|observed_relational_uniform_monthly_consumption|relational_open_ended_no_proven_historical_adjustment_mechanism
2026-07-24,6jrged-vaasan-sahko-myynti-oy-kiintea-12-kk-yleissahko,fixed_term_12,322,[81],1787,2026-07-28T03:48:52.000000Z,True,,[],historical_household_statistics_scope_assumed|retrospective_exact_source_interpretation|exact_source_legacy_null_observation_binding|spot_assumptions_source_spot_price_hours|spot_assumptions_partial_above_threshold|spot_assumptions_raw_hourly_reconstruction|spot_assumptions_coverage_ratio_0.993836|spot_assumptions_expected_hours_8760|spot_assumptions_actual_hours_8706
2026-07-24,7gifco-aanekosken-energia-oy-aikasahko-6-kk,unclassified,,[],,,,,[],missing_historical_snapshot_identity|spot_assumptions_source_spot_price_hours|spot_assumptions_partial_above_threshold|spot_assumptions_raw_hourly_reconstruction|spot_assumptions_coverage_ratio_0.993836|spot_assumptions_expected_hours_8760|spot_assumptions_actual_hours_8706|observed_relational_uniform_monthly_consumption
2026-07-24,7hnemk-fortum-markets-oy-fortum-yritys-spot-portfolio,unclassified,,[],,,,,[],missing_historical_snapshot_identity|spot_assumptions_source_spot_price_hours|spot_assumptions_partial_above_threshold|spot_assumptions_raw_hourly_reconstruction|spot_assumptions_coverage_ratio_0.993836|spot_assumptions_expected_hours_8760|spot_assumptions_actual_hours_8706|observed_relational_uniform_monthly_consumption
2026-07-24,7lw9yw-vattenfall-oy-yrityksen-ilmasto-mix-24-kk-perusmaksut-0-ensimmaiset-3-kk,unclassified,,[],,,,,[],missing_historical_snapshot_identity|spot_assumptions_source_spot_price_hours|spot_assumptions_partial_above_threshold|spot_assumptions_raw_hourly_reconstruction|spot_assumptions_coverage_ratio_0.993836|spot_assumptions_expected_hours_8760|spot_assumptions_actual_hours_8706|observed_relational_uniform_monthly_consumption
2026-07-24,7uiigw-vattenfall-oy-ilmasto-mix-12-kk-perusmaksut-0-ensimmaiset-3-kk,fixed_term_12,132,[98],1660,2026-07-28T03:22:51.000000Z,True,,[],historical_household_statistics_scope_assumed|retrospective_exact_source_interpretation|exact_source_legacy_null_observation_binding|spot_assumptions_source_spot_price_hours|spot_assumptions_partial_above_threshold|spot_assumptions_raw_hourly_reconstruction|spot_assumptions_coverage_ratio_0.993836|spot_assumptions_expected_hours_8760|spot_assumptions_actual_hours_8706
2026-07-24,7wccxi-korpelan-energia-oy-korpela-kesto-24-kk,hybrid,229,[99],1731,2026-07-28T03:37:08.000000Z,True,,[],historical_household_statistics_scope_assumed|retrospective_exact_source_interpretation|exact_source_legacy_null_observation_binding|spot_assumptions_source_spot_price_hours|spot_assumptions_partial_above_threshold|spot_assumptions_raw_hourly_reconstruction|spot_assumptions_coverage_ratio_0.993836|spot_assumptions_expected_hours_8760|spot_assumptions_actual_hours_8706|excludes_consumption_effect
2026-07-24,83lja0-turku-energia-oy-louna-vakio,unclassified,,[],,,,,[],missing_historical_snapshot_identity|spot_assumptions_source_spot_price_hours|spot_assumptions_partial_above_threshold|spot_assumptions_raw_hourly_reconstruction|spot_assumptions_coverage_ratio_0.993836|spot_assumptions_expected_hours_8760|spot_assumptions_actual_hours_8706|observed_relational_uniform_monthly_consumption
2026-07-24,83t7i7-pohjois-karjalan-sahko-oy-optimi-kuukausi,open_ended,157,[103],1681,2026-07-28T03:27:05.000000Z,True,,[],historical_household_statistics_scope_assumed|retrospective_exact_source_interpretation|exact_source_legacy_null_observation_binding|spot_assumptions_source_spot_price_hours|spot_assumptions_partial_above_threshold|spot_assumptions_raw_hourly_reconstruction|spot_assumptions_coverage_ratio_0.993836|spot_assumptions_expected_hours_8760|spot_assumptions_actual_hours_8706|reset_tail_shifted_on_forward_curve|unknown_periods_use_latest_applicable_price_or_disclosed_normal|forward_month_from_quarter_contract
2026-07-24,8gd02q-nurmijarven-sahko-oy-aikasahko-2-vuotta,fixed_term_24,364,[104],1822,2026-07-28T03:56:36.000000Z,True,,[],historical_household_statistics_scope_assumed|retrospective_exact_source_interpretation|exact_source_legacy_null_observation_binding|spot_assumptions_source_spot_price_hours|spot_assumptions_partial_above_threshold|spot_assumptions_raw_hourly_reconstruction|spot_assumptions_coverage_ratio_0.993836|spot_assumptions_expected_hours_8760|spot_assumptions_actual_hours_8706
2026-07-24,8lw2cg-turku-energia-oy-louna-helppo-l,open_ended,52,[106],1597,2026-07-28T03:09:09.000000Z,True,,[221],historical_household_statistics_scope_assumed|canonical_interpretation_rejected_by_exact_target_validation|retrospective_exact_source_interpretation|exact_source_legacy_null_observation_binding|spot_assumptions_source_spot_price_hours|spot_assumptions_partial_above_threshold|spot_assumptions_raw_hourly_reconstruction|spot_assumptions_coverage_ratio_0.993836|spot_assumptions_expected_hours_8760|spot_assumptions_actual_hours_8706
2026-07-24,8pktwg-kuoreveden-sahko-oy-porssisahko-100-uusiutuva,spot,19,[107],1569,2026-07-28T03:03:31.000000Z,True,,[],historical_household_statistics_scope_assumed|retrospective_exact_source_interpretation|exact_source_legacy_null_observation_binding|spot_assumptions_source_spot_price_hours|spot_assumptions_partial_above_threshold|spot_assumptions_raw_hourly_reconstruction|spot_assumptions_coverage_ratio_0.993836|spot_assumptions_expected_hours_8760|spot_assumptions_actual_hours_8706|spot_estimate_confidence_higher|spot_forward_curve_with_rolling_365_intraday_shape|partial_shape_coverage|forward_month_from_quarter_contract
2026-07-24,8prsel-pohjois-karjalan-sahko-oy-optimi-takuu-24-kuukautta,fixed_term_24,83,[108],1621,2026-07-28T03:15:02.000000Z,True,,[],historical_household_statistics_scope_assumed|retrospective_exact_source_interpretation|exact_source_legacy_null_observation_binding|spot_assumptions_source_spot_price_hours|spot_assumptions_partial_above_threshold|spot_assumptions_raw_hourly_reconstruction|spot_assumptions_coverage_ratio_0.993836|spot_assumptions_expected_hours_8760|spot_assumptions_actual_hours_8706
2026-07-24,8sabq6-pohjois-karjalan-sahko-oy-optimi-takuu-6-kuukautta,fixed_term_6,278,[109],1760,2026-07-28T03:43:15.000000Z,True,,[],historical_household_statistics_scope_assumed|retrospective_exact_source_interpretation|exact_source_legacy_null_observation_binding|spot_assumptions_source_spot_price_hours|spot_assumptions_partial_above_threshold|spot_assumptions_raw_hourly_reconstruction|spot_assumptions_coverage_ratio_0.993836|spot_assumptions_expected_hours_8760|spot_assumptions_actual_hours_8706|term_price_annualized
2026-07-24,8v2zuo-turku-energia-oy-louna-lahi-6kk,fixed_term_6,272,[111],1069,2026-07-24T14:13:24.000000Z,False,,[],historical_household_statistics_scope_assumed|exact_source_legacy_null_observation_binding|spot_assumptions_source_spot_price_hours|spot_assumptions_partial_above_threshold|spot_assumptions_raw_hourly_reconstruction|spot_assumptions_coverage_ratio_0.993836|spot_assumptions_expected_hours_8760|spot_assumptions_actual_hours_8706|term_price_annualized
2026-07-24,8wsbp6-kokkolan-energia-oy-aalto-6-kk,fixed_term_6,267,[112],1752,2026-07-28T03:41:44.000000Z,True,,[],historical_household_statistics_scope_assumed|retrospective_exact_source_interpretation|exact_source_legacy_null_observation_binding|spot_assumptions_source_spot_price_hours|spot_assumptions_partial_above_threshold|spot_assumptions_raw_hourly_reconstruction|spot_assumptions_coverage_ratio_0.993836|spot_assumptions_expected_hours_8760|spot_assumptions_actual_hours_8706|term_price_annualized|excludes_consumption_effect
2026-07-24,8z7km7-keravan-energia-oy-joustosahko-luonnonvoima-12-kk,hybrid,315,[113],1782,2026-07-28T03:47:56.000000Z,True,,[],historical_household_statistics_scope_assumed|retrospective_exact_source_interpretation|exact_source_legacy_null_observation_binding|spot_assumptions_source_spot_price_hours|spot_assumptions_partial_above_threshold|spot_assumptions_raw_hourly_reconstruction|spot_assumptions_coverage_ratio_0.993836|spot_assumptions_expected_hours_8760|spot_assumptions_actual_hours_8706|excludes_consumption_effect
2026-07-24,95viqt-aanekosken-energia-oy-yleissahko-12-kk,unclassified,,[],,,,,[],missing_historical_snapshot_identity|spot_assumptions_source_spot_price_hours|spot_assumptions_partial_above_threshold|spot_assumptions_raw_hourly_reconstruction|spot_assumptions_coverage_ratio_0.993836|spot_assumptions_expected_hours_8760|spot_assumptions_actual_hours_8706|observed_relational_uniform_monthly_consumption
2026-07-24,9a16oh-hehku-energia-oy-hehku-spot,spot,309,[115],1778,2026-07-28T03:46:48.000000Z,True,,[45],historical_household_statistics_scope_assumed|canonical_interpretation_rejected_by_exact_target_validation|retrospective_exact_source_interpretation|exact_source_legacy_null_observation_binding|spot_assumptions_source_spot_price_hours|spot_assumptions_partial_above_threshold|spot_assumptions_raw_hourly_reconstruction|spot_assumptions_coverage_ratio_0.993836|spot_assumptions_expected_hours_8760|spot_assumptions_actual_hours_8706|spot_estimate_confidence_higher|spot_forward_curve_with_rolling_365_intraday_shape|partial_shape_coverage|forward_month_from_quarter_contract
2026-07-24,9nspx1-cheap-energy-finland-oy-cheap-markkinahintasahko-perusmaksu-0-ensimmaisen-kuukauden-ajan,spot,255,[119],1747,2026-07-28T03:40:31.000000Z,True,,[],historical_household_statistics_scope_assumed|retrospective_exact_source_interpretation|exact_source_legacy_null_observation_binding|spot_assumptions_source_spot_price_hours|spot_assumptions_partial_above_threshold|spot_assumptions_raw_hourly_reconstruction|spot_assumptions_coverage_ratio_0.993836|spot_assumptions_expected_hours_8760|spot_assumptions_actual_hours_8706|spot_estimate_confidence_higher|spot_forward_curve_with_rolling_365_intraday_shape|partial_shape_coverage|forward_month_from_quarter_contract
2026-07-24,9rfo6y-nurmijarven-sahko-oy-yleissahko-1-vuotta,fixed_term_12,230,[122],1732,2026-07-28T03:37:20.000000Z,True,,[],historical_household_statistics_scope_assumed|retrospective_exact_source_interpretation|exact_source_legacy_null_observation_binding|spot_assumptions_source_spot_price_hours|spot_assumptions_partial_above_threshold|spot_assumptions_raw_hourly_reconstruction|spot_assumptions_coverage_ratio_0.993836|spot_assumptions_expected_hours_8760|spot_assumptions_actual_hours_8706
2026-07-24,9rgh30-aalto-energia-oyj-huoleton,quarterly,223,[123],1726,2026-07-28T03:36:13.000000Z,True,,"[81, 1076]",historical_household_statistics_scope_assumed|canonical_interpretation_rejected_by_exact_target_validation|retrospective_exact_source_interpretation|exact_source_legacy_null_observation_binding|spot_assumptions_source_spot_price_hours|spot_assumptions_partial_above_threshold|spot_assumptions_raw_hourly_reconstruction|spot_assumptions_coverage_ratio_0.993836|spot_assumptions_expected_hours_8760|spot_assumptions_actual_hours_8706|reset_tail_shifted_on_forward_curve|forward_month_from_quarter_contract
2026-07-24,9ubuhn-aanekosken-energia-oy-porssisahko-tunti,unclassified,,[],,,,,[],missing_historical_snapshot_identity|spot_assumptions_source_spot_price_hours|spot_assumptions_partial_above_threshold|spot_assumptions_raw_hourly_reconstruction|spot_assumptions_coverage_ratio_0.993836|spot_assumptions_expected_hours_8760|spot_assumptions_actual_hours_8706|observed_relational_uniform_monthly_consumption
2026-07-24,9uczf8-nurmijarven-sahko-oy-porssisahko-tuuli,spot,220,[125],1723,2026-07-28T03:35:35.000000Z,True,,[],historical_household_statistics_scope_assumed|retrospective_exact_source_interpretation|exact_source_legacy_null_observation_binding|spot_assumptions_source_spot_price_hours|spot_assumptions_partial_above_threshold|spot_assumptions_raw_hourly_reconstruction|spot_assumptions_coverage_ratio_0.993836|spot_assumptions_expected_hours_8760|spot_assumptions_actual_hours_8706|spot_estimate_confidence_higher|spot_forward_curve_with_rolling_365_intraday_shape|partial_shape_coverage|forward_month_from_quarter_contract
2026-07-24,abmjtg-vattenfall-oy-yrityksen-ilmasto-mix-6-kk,unclassified,,[],,,,,[],missing_historical_snapshot_identity|spot_assumptions_source_spot_price_hours|spot_assumptions_partial_above_threshold|spot_assumptions_raw_hourly_reconstruction|spot_assumptions_coverage_ratio_0.993836|spot_assumptions_expected_hours_8760|spot_assumptions_actual_hours_8706|observed_relational_uniform_monthly_consumption
2026-07-24,agmt6u-aanekosken-energia-oy-aikasahko-24-kk,unclassified,,[],,,,,[],missing_historical_snapshot_identity|spot_assumptions_source_spot_price_hours|spot_assumptions_partial_above_threshold|spot_assumptions_raw_hourly_reconstruction|spot_assumptions_coverage_ratio_0.993836|spot_assumptions_expected_hours_8760|spot_assumptions_actual_hours_8706|observed_relational_uniform_monthly_consumption
2026-07-24,akhbwv-parikkalan-valo-oy-q-valo,open_ended,103,[130],1638,2026-07-28T03:18:15.000000Z,True,,[],historical_household_statistics_scope_assumed|retrospective_exact_source_interpretation|exact_source_legacy_null_observation_binding|spot_assumptions_source_spot_price_hours|spot_assumptions_partial_above_threshold|spot_assumptions_raw_hourly_reconstruction|spot_assumptions_coverage_ratio_0.993836|spot_assumptions_expected_hours_8760|spot_assumptions_actual_hours_8706|supplier_adjusted_tail_shifted_on_forward_curve|supplier_adjusted_monthly_fee_held_flat|price_episode_observed_proxy|price_episode_left_censored|historical_exact_contract_only|price_episode_uses_dedicated_historical_interpretation|price_episode_uses_retrospective_exact_source_interpretation|forward_month_from_quarter_contract
2026-07-24,aoihlu-hehku-energia-oy-hehku-kiintea-6kk,unclassified,,[],,,,,[],missing_historical_snapshot_identity|spot_assumptions_source_spot_price_hours|spot_assumptions_partial_above_threshold|spot_assumptions_raw_hourly_reconstruction|spot_assumptions_coverage_ratio_0.993836|spot_assumptions_expected_hours_8760|spot_assumptions_actual_hours_8706|observed_relational_uniform_monthly_consumption
2026-07-24,atagtz-nordic-green-energy-uusiutuva-hybridi-24kk,hybrid,77,[136],1615,2026-07-28T03:13:46.000000Z,True,,[],historical_household_statistics_scope_assumed|retrospective_exact_source_interpretation|exact_source_legacy_null_observation_binding|spot_assumptions_source_spot_price_hours|spot_assumptions_partial_above_threshold|spot_assumptions_raw_hourly_reconstruction|spot_assumptions_coverage_ratio_0.993836|spot_assumptions_expected_hours_8760|spot_assumptions_actual_hours_8706|excludes_consumption_effect
2026-07-24,avncdg-turku-energia-oy-louna-kuukausi,unclassified,,[],,,,,[],missing_historical_snapshot_identity|spot_assumptions_source_spot_price_hours|spot_assumptions_partial_above_threshold|spot_assumptions_raw_hourly_reconstruction|spot_assumptions_coverage_ratio_0.993836|spot_assumptions_expected_hours_8760|spot_assumptions_actual_hours_8706|observed_relational_uniform_monthly_consumption
2026-07-24,axillh-nordic-green-energy-ilmasto-porssisahko,spot,33,[138],1581,2026-07-28T03:05:44.000000Z,True,,[],historical_household_statistics_scope_assumed|retrospective_exact_source_interpretation|exact_source_legacy_null_observation_binding|spot_assumptions_source_spot_price_hours|spot_assumptions_partial_above_threshold|spot_assumptions_raw_hourly_reconstruction|spot_assumptions_coverage_ratio_0.993836|spot_assumptions_expected_hours_8760|spot_assumptions_actual_hours_8706|spot_estimate_confidence_higher|spot_forward_curve_with_rolling_365_intraday_shape|partial_shape_coverage|forward_month_from_quarter_contract
2026-07-24,ay26mi-porvoon-energia-oy-wind-12-kk-kotimainen-tuulisahko,fixed_term_12,175,[139],1086,2026-07-24T14:19:05.000000Z,False,,[],historical_household_statistics_scope_assumed|exact_source_legacy_null_observation_binding|spot_assumptions_source_spot_price_hours|spot_assumptions_partial_above_threshold|spot_assumptions_raw_hourly_reconstruction|spot_assumptions_coverage_ratio_0.993836|spot_assumptions_expected_hours_8760|spot_assumptions_actual_hours_8706
2026-07-24,b5qvdo-vaasan-sahko-myynti-oy-kiintea-24-kk-yosahko,fixed_term_24,196,[141],1704,2026-07-28T03:31:43.000000Z,True,,[],historical_household_statistics_scope_assumed|retrospective_exact_source_interpretation|exact_source_legacy_null_observation_binding|spot_assumptions_source_spot_price_hours|spot_assumptions_partial_above_threshold|spot_assumptions_raw_hourly_reconstruction|spot_assumptions_coverage_ratio_0.993836|spot_assumptions_expected_hours_8760|spot_assumptions_actual_hours_8706
2026-07-24,b6dnte-fortum-markets-oy-yritys-varma-12kk-yleissahko,unclassified,,[],,,,,[],missing_historical_snapshot_identity|spot_assumptions_source_spot_price_hours|spot_assumptions_partial_above_threshold|spot_assumptions_raw_hourly_reconstruction|spot_assumptions_coverage_ratio_0.993836|spot_assumptions_expected_hours_8760|spot_assumptions_actual_hours_8706|observed_relational_uniform_monthly_consumption
2026-07-24,bfcizc-nordic-green-energy-ilmasto-hybridi-12kk,hybrid,212,[145],1716,2026-07-28T03:34:01.000000Z,True,,[],historical_household_statistics_scope_assumed|retrospective_exact_source_interpretation|exact_source_legacy_null_observation_binding|spot_assumptions_source_spot_price_hours|spot_assumptions_partial_above_threshold|spot_assumptions_raw_hourly_reconstruction|spot_assumptions_coverage_ratio_0.993836|spot_assumptions_expected_hours_8760|spot_assumptions_actual_hours_8706|excludes_consumption_effect
2026-07-24,bgbqwj-imatran-seudun-sahko-oy-huoleton,open_ended,234,[146],1734,2026-07-28T03:37:48.000000Z,True,,[],historical_household_statistics_scope_assumed|retrospective_exact_source_interpretation|exact_source_legacy_null_observation_binding|spot_assumptions_source_spot_price_hours|spot_assumptions_partial_above_threshold|spot_assumptions_raw_hourly_reconstruction|spot_assumptions_coverage_ratio_0.993836|spot_assumptions_expected_hours_8760|spot_assumptions_actual_hours_8706|supplier_adjusted_tail_shifted_on_forward_curve|supplier_adjusted_monthly_fee_held_flat|price_episode_observed_proxy|price_episode_left_censored|historical_exact_contract_only|prior_energy_evidence_changed_unknown_or_conflicting|price_episode_uses_retrospective_exact_source_interpretation|forward_month_from_quarter_contract
2026-07-24,bigx3s-lammaisten-energia-oy-iisi-helpposahko-kausisahko-24-kk,fixed_term_24,343,[147],1807,2026-07-28T03:52:14.000000Z,True,,[],historical_household_statistics_scope_assumed|retrospective_exact_source_interpretation|exact_source_legacy_null_observation_binding|spot_assumptions_source_spot_price_hours|spot_assumptions_partial_above_threshold|spot_assumptions_raw_hourly_reconstruction|spot_assumptions_coverage_ratio_0.993836|spot_assumptions_expected_hours_8760|spot_assumptions_actual_hours_8706
2026-07-24,bihtmf-omavoima-oy-priimaplus,unclassified,,[],,,,,[],missing_historical_snapshot_identity|spot_assumptions_source_spot_price_hours|spot_assumptions_partial_above_threshold|spot_assumptions_raw_hourly_reconstruction|spot_assumptions_coverage_ratio_0.993836|spot_assumptions_expected_hours_8760|spot_assumptions_actual_hours_8706|observed_relational_uniform_monthly_consumption
2026-07-24,bk8wnd-pohjois-karjalan-sahko-oy-optimi-takuu-6-kuukautta,fixed_term_6,378,[149],1833,2026-07-28T03:58:59.000000Z,True,,[],historical_household_statistics_scope_assumed|retrospective_exact_source_interpretation|exact_source_legacy_null_observation_binding|spot_assumptions_source_spot_price_hours|spot_assumptions_partial_above_threshold|spot_assumptions_raw_hourly_reconstruction|spot_assumptions_coverage_ratio_0.993836|spot_assumptions_expected_hours_8760|spot_assumptions_actual_hours_8706|term_price_annualized
2026-07-24,bkzokt-keravan-energia-oy-biokvartaalisahko,quarterly,156,[150],1680,2026-07-28T03:26:55.000000Z,True,,[],historical_household_statistics_scope_assumed|retrospective_exact_source_interpretation|exact_source_legacy_null_observation_binding|spot_assumptions_source_spot_price_hours|spot_assumptions_partial_above_threshold|spot_assumptions_raw_hourly_reconstruction|spot_assumptions_coverage_ratio_0.993836|spot_assumptions_expected_hours_8760|spot_assumptions_actual_hours_8706|reset_tail_shifted_on_forward_curve|forward_month_from_quarter_contract
2026-07-24,bl8nmw-vaasan-sahko-myynti-oy-kuukausipaketti-m,open_ended,155,[151],1679,2026-07-28T03:26:42.000000Z,True,,[1095],historical_household_statistics_scope_assumed|canonical_interpretation_rejected_by_exact_target_validation|retrospective_exact_source_interpretation|exact_source_legacy_null_observation_binding|spot_assumptions_source_spot_price_hours|spot_assumptions_partial_above_threshold|spot_assumptions_raw_hourly_reconstruction|spot_assumptions_coverage_ratio_0.993836|spot_assumptions_expected_hours_8760|spot_assumptions_actual_hours_8706
2026-07-24,brxibd-aalto-energia-oyj-tyyni-vakiohinta,open_ended,203,[153],1710,2026-07-28T03:32:51.000000Z,True,,[1096],historical_household_statistics_scope_assumed|canonical_interpretation_rejected_by_exact_target_validation|historical_temporal_source_validation_unavailable|retrospective_exact_source_interpretation|exact_source_legacy_null_observation_binding|spot_assumptions_source_spot_price_hours|spot_assumptions_partial_above_threshold|spot_assumptions_raw_hourly_reconstruction|spot_assumptions_coverage_ratio_0.993836|spot_assumptions_expected_hours_8760|spot_assumptions_actual_hours_8706
2026-07-24,bsexv2-vihrea-alyenergia-oy-verraton-yrityksille-3kk-ilman-perusmaksua,unclassified,,[],,,,,[],missing_historical_snapshot_identity|spot_assumptions_source_spot_price_hours|spot_assumptions_partial_above_threshold|spot_assumptions_raw_hourly_reconstruction|spot_assumptions_coverage_ratio_0.993836|spot_assumptions_expected_hours_8760|spot_assumptions_actual_hours_8706|observed_relational_uniform_monthly_consumption
2026-07-24,bskkkf-vaasan-sahko-myynti-oy-toimitusvelvollinen-perussahko,quarterly,432,[155],253,2026-07-24T03:45:14.000000Z,False,,"[673, 1098, 1886]",historical_household_statistics_scope_assumed|canonical_interpretation_rejected_by_exact_target_validation|historical_temporal_source_validation_unavailable|exact_source_legacy_null_observation_binding|spot_assumptions_source_spot_price_hours|spot_assumptions_partial_above_threshold|spot_assumptions_raw_hourly_reconstruction|spot_assumptions_coverage_ratio_0.993836|spot_assumptions_expected_hours_8760|spot_assumptions_actual_hours_8706|reset_tail_shifted_on_forward_curve|forward_month_from_quarter_contract
2026-07-24,bxs18u-nurmijarven-sahko-oy-yleissahko-2-vuotta,fixed_term_24,160,[156],1684,2026-07-28T03:27:32.000000Z,True,,[],historical_household_statistics_scope_assumed|retrospective_exact_source_interpretation|exact_source_legacy_null_observation_binding|spot_assumptions_source_spot_price_hours|spot_assumptions_partial_above_threshold|spot_assumptions_raw_hourly_reconstruction|spot_assumptions_coverage_ratio_0.993836|spot_assumptions_expected_hours_8760|spot_assumptions_actual_hours_8706
2026-07-24,ccs6hf-keuruun-sahko-oy-yleissahko,open_ended,17,[162],1567,2026-07-28T03:03:17.000000Z,True,,[],historical_household_statistics_scope_assumed|retrospective_exact_source_interpretation|exact_source_legacy_null_observation_binding|spot_assumptions_source_spot_price_hours|spot_assumptions_partial_above_threshold|spot_assumptions_raw_hourly_reconstruction|spot_assumptions_coverage_ratio_0.993836|spot_assumptions_expected_hours_8760|spot_assumptions_actual_hours_8706|supplier_adjusted_tail_uses_comparable_forward_premium|supplier_adjusted_monthly_fee_held_flat|price_episode_observed_proxy|price_episode_left_censored|historical_exact_contract_only|price_episode_uses_dedicated_historical_interpretation|calendar_gap_within_observed_price_episode|price_episode_uses_retrospective_exact_source_interpretation|missing_own_reference_using_comparable_premium|lower_confidence_energy_episode_proxy
2026-07-24,ce93q5-vaasan-sahko-myynti-oy-tuulisahko-yosahko-yrityksille,unclassified,,[],,,,,[],missing_historical_snapshot_identity|spot_assumptions_source_spot_price_hours|spot_assumptions_partial_above_threshold|spot_assumptions_raw_hourly_reconstruction|spot_assumptions_coverage_ratio_0.993836|spot_assumptions_expected_hours_8760|spot_assumptions_actual_hours_8706|observed_relational_uniform_monthly_consumption
2026-07-24,cjnnmf-cheap-energy-finland-oy-cheap-maaraaikainen-24-kk-0-kuukausimaksu-ensimmaiset-4-kk,fixed_term_24,347,[166],1810,2026-07-28T03:52:43.000000Z,True,,[],historical_household_statistics_scope_assumed|retrospective_exact_source_interpretation|exact_source_legacy_null_observation_binding|spot_assumptions_source_spot_price_hours|spot_assumptions_partial_above_threshold|spot_assumptions_raw_hourly_reconstruction|spot_assumptions_coverage_ratio_0.993836|spot_assumptions_expected_hours_8760|spot_assumptions_actual_hours_8706
2026-07-24,clzibi-keravan-energia-oy-joustosahko-luonnonvoima-24-kk,hybrid,200,[167],1103,2026-07-24T14:23:46.000000Z,False,,[],historical_household_statistics_scope_assumed|exact_source_legacy_null_observation_binding|spot_assumptions_source_spot_price_hours|spot_assumptions_partial_above_threshold|spot_assumptions_raw_hourly_reconstruction|spot_assumptions_coverage_ratio_0.993836|spot_assumptions_expected_hours_8760|spot_assumptions_actual_hours_8706|excludes_consumption_effect
2026-07-24,cnukun-lammaisten-energia-oy-iisi-helpposahko-yleissahko-24-kk,fixed_term_24,302,[168],1775,2026-07-28T03:46:14.000000Z,True,,[],historical_household_statistics_scope_assumed|retrospective_exact_source_interpretation|exact_source_legacy_null_observation_binding|spot_assumptions_source_spot_price_hours|spot_assumptions_partial_above_threshold|spot_assumptions_raw_hourly_reconstruction|spot_assumptions_coverage_ratio_0.993836|spot_assumptions_expected_hours_8760|spot_assumptions_actual_hours_8706
2026-07-24,crzhcm-vattenfall-oy-yrityksen-taysvesi-12-kk,unclassified,,[],,,,,[],missing_historical_snapshot_identity|spot_assumptions_source_spot_price_hours|spot_assumptions_partial_above_threshold|spot_assumptions_raw_hourly_reconstruction|spot_assumptions_coverage_ratio_0.993836|spot_assumptions_expected_hours_8760|spot_assumptions_actual_hours_8706|observed_relational_uniform_monthly_consumption
2026-07-24,ctngqh-imatran-seudun-sahko-oy-voima-12-kk,fixed_term_12,333,[172],1798,2026-07-28T03:50:54.000000Z,True,,[],historical_household_statistics_scope_assumed|retrospective_exact_source_interpretation|exact_source_legacy_null_observation_binding|spot_assumptions_source_spot_price_hours|spot_assumptions_partial_above_threshold|spot_assumptions_raw_hourly_reconstruction|spot_assumptions_coverage_ratio_0.993836|spot_assumptions_expected_hours_8760|spot_assumptions_actual_hours_8706
2026-07-24,cusb9y-omavoima-oy-priima,spot,87,[173],1625,2026-07-28T03:15:53.000000Z,True,,[],historical_household_statistics_scope_assumed|retrospective_exact_source_interpretation|exact_source_legacy_null_observation_binding|spot_assumptions_source_spot_price_hours|spot_assumptions_partial_above_threshold|spot_assumptions_raw_hourly_reconstruction|spot_assumptions_coverage_ratio_0.993836|spot_assumptions_expected_hours_8760|spot_assumptions_actual_hours_8706|spot_estimate_confidence_higher|spot_forward_curve_with_rolling_365_intraday_shape|partial_shape_coverage|forward_month_from_quarter_contract
2026-07-24,cxdwul-kokkolan-energia-oy-surffari-kesakampanja,spot,162,[174],1686,2026-07-28T03:28:14.000000Z,True,,[163],historical_household_statistics_scope_assumed|canonical_interpretation_rejected_by_exact_target_validation|retrospective_exact_source_interpretation|exact_source_legacy_null_observation_binding|spot_assumptions_source_spot_price_hours|spot_assumptions_partial_above_threshold|spot_assumptions_raw_hourly_reconstruction|spot_assumptions_coverage_ratio_0.993836|spot_assumptions_expected_hours_8760|spot_assumptions_actual_hours_8706|spot_estimate_confidence_higher|spot_forward_curve_with_rolling_365_intraday_shape|partial_shape_coverage|forward_month_from_quarter_contract
2026-07-24,cxvuwg-vattenfall-oy-optimi-porssisahko-tuuli,spot,332,[175],1797,2026-07-28T03:50:45.000000Z,True,,[],historical_household_statistics_scope_assumed|retrospective_exact_source_interpretation|exact_source_legacy_null_observation_binding|spot_assumptions_source_spot_price_hours|spot_assumptions_partial_above_threshold|spot_assumptions_raw_hourly_reconstruction|spot_assumptions_coverage_ratio_0.993836|spot_assumptions_expected_hours_8760|spot_assumptions_actual_hours_8706|spot_estimate_confidence_higher|spot_forward_curve_with_rolling_365_intraday_shape|partial_shape_coverage|forward_month_from_quarter_contract
2026-07-24,d01at1-helen-oy-spot-sahko,unclassified,,[],,,,,[],missing_historical_snapshot_identity|spot_assumptions_source_spot_price_hours|spot_assumptions_partial_above_threshold|spot_assumptions_raw_hourly_reconstruction|spot_assumptions_coverage_ratio_0.993836|spot_assumptions_expected_hours_8760|spot_assumptions_actual_hours_8706|observed_relational_uniform_monthly_consumption
2026-07-24,d5h1uq-keravan-energia-oy-fiksusahko,spot,134,[177],1661,2026-07-28T03:23:03.000000Z,True,,[],historical_household_statistics_scope_assumed|retrospective_exact_source_interpretation|exact_source_legacy_null_observation_binding|spot_assumptions_source_spot_price_hours|spot_assumptions_partial_above_threshold|spot_assumptions_raw_hourly_reconstruction|spot_assumptions_coverage_ratio_0.993836|spot_assumptions_expected_hours_8760|spot_assumptions_actual_hours_8706|spot_estimate_confidence_higher|spot_forward_curve_with_rolling_365_intraday_shape|partial_shape_coverage|forward_month_from_quarter_contract
2026-07-24,d6kml6-herrfors-oy-ab-spot-sahko-100-uusiutuva-sahko,spot,342,[178],1806,2026-07-28T03:52:07.000000Z,True,,[],historical_household_statistics_scope_assumed|retrospective_exact_source_interpretation|exact_source_legacy_null_observation_binding|spot_assumptions_source_spot_price_hours|spot_assumptions_partial_above_threshold|spot_assumptions_raw_hourly_reconstruction|spot_assumptions_coverage_ratio_0.993836|spot_assumptions_expected_hours_8760|spot_assumptions_actual_hours_8706|spot_estimate_confidence_higher|spot_forward_curve_with_rolling_365_intraday_shape|partial_shape_coverage|forward_month_from_quarter_contract
2026-07-24,dbbnct-imatran-seudun-sahko-oy-yritys-spot,unclassified,,[],,,,,[],missing_historical_snapshot_identity|spot_assumptions_source_spot_price_hours|spot_assumptions_partial_above_threshold|spot_assumptions_raw_hourly_reconstruction|spot_assumptions_coverage_ratio_0.993836|spot_assumptions_expected_hours_8760|spot_assumptions_actual_hours_8706|observed_relational_uniform_monthly_consumption
2026-07-24,depdmn-pohjois-karjalan-sahko-oy-priima,spot,102,[184],1637,2026-07-28T03:18:08.000000Z,True,,[],historical_household_statistics_scope_assumed|retrospective_exact_source_interpretation|exact_source_legacy_null_observation_binding|spot_assumptions_source_spot_price_hours|spot_assumptions_partial_above_threshold|spot_assumptions_raw_hourly_reconstruction|spot_assumptions_coverage_ratio_0.993836|spot_assumptions_expected_hours_8760|spot_assumptions_actual_hours_8706|spot_estimate_confidence_higher|spot_forward_curve_with_rolling_365_intraday_shape|partial_shape_coverage|forward_month_from_quarter_contract
2026-07-24,dgh71e-turku-energia-oy-louna-helppo-m,open_ended,382,[185],1837,2026-07-28T03:59:56.000000Z,True,,[269],historical_household_statistics_scope_assumed|canonical_interpretation_rejected_by_exact_target_validation|retrospective_exact_source_interpretation|exact_source_legacy_null_observation_binding|spot_assumptions_source_spot_price_hours|spot_assumptions_partial_above_threshold|spot_assumptions_raw_hourly_reconstruction|spot_assumptions_coverage_ratio_0.993836|spot_assumptions_expected_hours_8760|spot_assumptions_actual_hours_8706
2026-07-24,difwxj-vattenfall-oy-yrityksen-optimi-porssisahko-perusmaksut-50-ensimmaiset-12-kuukautta,unclassified,,[],,,,,[],missing_historical_snapshot_identity|spot_assumptions_source_spot_price_hours|spot_assumptions_partial_above_threshold|spot_assumptions_raw_hourly_reconstruction|spot_assumptions_coverage_ratio_0.993836|spot_assumptions_expected_hours_8760|spot_assumptions_actual_hours_8706|observed_relational_uniform_monthly_consumption
2026-07-24,djobdk-vihrea-alyenergia-oy-vire-tuuli-opiskelija,spot,336,[187],,,,,"[159, 271, 692, 1117, 1801]",canonical_interpretation_rejected_by_exact_target_validation|historical_temporal_source_validation_unavailable|canonical_omitted_no_valid_interpretation_as_of_date|spot_assumptions_source_spot_price_hours|spot_assumptions_partial_above_threshold|spot_assumptions_raw_hourly_reconstruction|spot_assumptions_coverage_ratio_0.993836|spot_assumptions_expected_hours_8760|spot_assumptions_actual_hours_8706|observed_relational_uniform_monthly_consumption|spot_estimate_confidence_higher|partial_shape_coverage|forward_month_from_quarter_contract
2026-07-24,dkeces-vaasan-sahko-myynti-oy-perussahko-yosahko,quarterly,365,[188],1118,2026-07-24T14:27:26.000000Z,False,,"[693, 1823]",historical_household_statistics_scope_assumed|canonical_interpretation_rejected_by_exact_target_validation|historical_temporal_source_validation_unavailable|exact_source_legacy_null_observation_binding|spot_assumptions_source_spot_price_hours|spot_assumptions_partial_above_threshold|spot_assumptions_raw_hourly_reconstruction|spot_assumptions_coverage_ratio_0.993836|spot_assumptions_expected_hours_8760|spot_assumptions_actual_hours_8706|reset_tail_shifted_on_forward_curve|unknown_periods_use_latest_applicable_price_or_disclosed_normal|forward_month_from_quarter_contract
2026-07-24,dki9kg-helen-oy-valkkysahko-yritys,unclassified,,[],,,,,[],missing_historical_snapshot_identity|spot_assumptions_source_spot_price_hours|spot_assumptions_partial_above_threshold|spot_assumptions_raw_hourly_reconstruction|spot_assumptions_coverage_ratio_0.993836|spot_assumptions_expected_hours_8760|spot_assumptions_actual_hours_8706|observed_relational_uniform_monthly_consumption
2026-07-24,dkzws6-koillis-satakunnan-sahko-oy-ikiwirta-12-kk,fixed_term_12,306,[199],1120,2026-07-24T14:27:51.000000Z,False,,[],historical_household_statistics_scope_assumed|exact_source_legacy_null_observation_binding|spot_assumptions_source_spot_price_hours|spot_assumptions_partial_above_threshold|spot_assumptions_raw_hourly_reconstruction|spot_assumptions_coverage_ratio_0.993836|spot_assumptions_expected_hours_8760|spot_assumptions_actual_hours_8706
2026-07-24,dnxerq-fortum-markets-oy-fortum-kesto-kausisahko,open_ended,138,[200],1665,2026-07-28T03:24:04.000000Z,True,,[77],historical_household_statistics_scope_assumed|canonical_interpretation_rejected_by_exact_target_validation|retrospective_exact_source_interpretation|exact_source_legacy_null_observation_binding|spot_assumptions_source_spot_price_hours|spot_assumptions_partial_above_threshold|spot_assumptions_raw_hourly_reconstruction|spot_assumptions_coverage_ratio_0.993836|spot_assumptions_expected_hours_8760|spot_assumptions_actual_hours_8706|supplier_adjusted_tail_shifted_on_forward_curve|supplier_adjusted_monthly_fee_held_flat|price_episode_observed_proxy|price_episode_left_censored|historical_exact_contract_only|prior_energy_evidence_changed_unknown_or_conflicting|price_episode_uses_retrospective_exact_source_interpretation|forward_month_from_quarter_contract
2026-07-24,dohczy-lumme-energia-joustosahko-24-kk-vaikuta-itse-sahkosi-hintaan,hybrid,182,[201],1122,2026-07-24T14:28:28.000000Z,False,,[],historical_household_statistics_scope_assumed|exact_source_legacy_null_observation_binding|spot_assumptions_source_spot_price_hours|spot_assumptions_partial_above_threshold|spot_assumptions_raw_hourly_reconstruction|spot_assumptions_coverage_ratio_0.993836|spot_assumptions_expected_hours_8760|spot_assumptions_actual_hours_8706|excludes_consumption_effect
2026-07-24,du8tnu-vattenfall-oy-yrityksen-optimi-porssisahko-vesi,unclassified,,[],,,,,[],missing_historical_snapshot_identity|spot_assumptions_source_spot_price_hours|spot_assumptions_partial_above_threshold|spot_assumptions_raw_hourly_reconstruction|spot_assumptions_coverage_ratio_0.993836|spot_assumptions_expected_hours_8760|spot_assumptions_actual_hours_8706|observed_relational_uniform_monthly_consumption
2026-07-24,dwoas0-turku-energia-oy-louna-lahi-24kk,fixed_term_24,243,[204],1124,2026-07-24T14:28:48.000000Z,False,,[],historical_household_statistics_scope_assumed|exact_source_legacy_null_observation_binding|spot_assumptions_source_spot_price_hours|spot_assumptions_partial_above_threshold|spot_assumptions_raw_hourly_reconstruction|spot_assumptions_coverage_ratio_0.993836|spot_assumptions_expected_hours_8760|spot_assumptions_actual_hours_8706
2026-07-24,dyxylq-vattenfall-oy-taystuuli-12-kk,fixed_term_12,101,[205],1636,2026-07-28T03:17:59.000000Z,True,,[],historical_household_statistics_scope_assumed|retrospective_exact_source_interpretation|exact_source_legacy_null_observation_binding|spot_assumptions_source_spot_price_hours|spot_assumptions_partial_above_threshold|spot_assumptions_raw_hourly_reconstruction|spot_assumptions_coverage_ratio_0.993836|spot_assumptions_expected_hours_8760|spot_assumptions_actual_hours_8706
2026-07-24,dyykyx-helen-oy-helpposahko-xs,open_ended,70,[206],1611,2026-07-28T03:12:55.000000Z,True,,[],historical_household_statistics_scope_assumed|retrospective_exact_source_interpretation|exact_source_legacy_null_observation_binding|spot_assumptions_source_spot_price_hours|spot_assumptions_partial_above_threshold|spot_assumptions_raw_hourly_reconstruction|spot_assumptions_coverage_ratio_0.993836|spot_assumptions_expected_hours_8760|spot_assumptions_actual_hours_8706|historical_consumption_out_of_range
2026-07-24,e4ohro-vattenfall-oy-optimi-porssisahko-vesi,spot,158,[210],1682,2026-07-28T03:27:16.000000Z,True,,[],historical_household_statistics_scope_assumed|retrospective_exact_source_interpretation|exact_source_legacy_null_observation_binding|spot_assumptions_source_spot_price_hours|spot_assumptions_partial_above_threshold|spot_assumptions_raw_hourly_reconstruction|spot_assumptions_coverage_ratio_0.993836|spot_assumptions_expected_hours_8760|spot_assumptions_actual_hours_8706|spot_estimate_confidence_higher|spot_forward_curve_with_rolling_365_intraday_shape|partial_shape_coverage|forward_month_from_quarter_contract
2026-07-24,e5oskc-porvoon-energia-oy-ilmastoviisas-12-kk-co2-paastottomasti-tuotettu,fixed_term_12,11,[211],1128,2026-07-24T14:29:42.000000Z,False,,[],historical_household_statistics_scope_assumed|exact_source_legacy_null_observation_binding|spot_assumptions_source_spot_price_hours|spot_assumptions_partial_above_threshold|spot_assumptions_raw_hourly_reconstruction|spot_assumptions_coverage_ratio_0.993836|spot_assumptions_expected_hours_8760|spot_assumptions_actual_hours_8706
2026-07-24,ecjsml-vimpelin-voima-oy-spot-energia,spot,115,[213],1647,2026-07-28T03:19:56.000000Z,True,,[],historical_household_statistics_scope_assumed|retrospective_exact_source_interpretation|exact_source_legacy_null_observation_binding|spot_assumptions_source_spot_price_hours|spot_assumptions_partial_above_threshold|spot_assumptions_raw_hourly_reconstruction|spot_assumptions_coverage_ratio_0.993836|spot_assumptions_expected_hours_8760|spot_assumptions_actual_hours_8706|spot_estimate_confidence_higher|spot_forward_curve_with_rolling_365_intraday_shape|partial_shape_coverage|forward_month_from_quarter_contract
2026-07-24,ecld9c-vattenfall-oy-ilmasto-mix-24-kk-perusmaksut-0-ensimmaiset-3-kk,fixed_term_24,454,[214],1891,2026-07-28T04:08:32.000000Z,True,,[],historical_household_statistics_scope_assumed|retrospective_exact_source_interpretation|exact_source_legacy_null_observation_binding|spot_assumptions_source_spot_price_hours|spot_assumptions_partial_above_threshold|spot_assumptions_raw_hourly_reconstruction|spot_assumptions_coverage_ratio_0.993836|spot_assumptions_expected_hours_8760|spot_assumptions_actual_hours_8706
2026-07-24,edr0rh-vattenfall-oy-optimi-porssisahko,spot,119,[216],1650,2026-07-28T03:20:38.000000Z,True,,[],historical_household_statistics_scope_assumed|retrospective_exact_source_interpretation|exact_source_legacy_null_observation_binding|spot_assumptions_source_spot_price_hours|spot_assumptions_partial_above_threshold|spot_assumptions_raw_hourly_reconstruction|spot_assumptions_coverage_ratio_0.993836|spot_assumptions_expected_hours_8760|spot_assumptions_actual_hours_8706|spot_estimate_confidence_higher|spot_forward_curve_with_rolling_365_intraday_shape|partial_shape_coverage|forward_month_from_quarter_contract
2026-07-24,egue10-koylion-sakylan-sahko-oy-lallin-maaris-1v,fixed_term_12,218,[219],1721,2026-07-28T03:34:55.000000Z,True,,[],historical_household_statistics_scope_assumed|retrospective_exact_source_interpretation|exact_source_legacy_null_observation_binding|spot_assumptions_source_spot_price_hours|spot_assumptions_partial_above_threshold|spot_assumptions_raw_hourly_reconstruction|spot_assumptions_coverage_ratio_0.993836|spot_assumptions_expected_hours_8760|spot_assumptions_actual_hours_8706
2026-07-24,ehpblq-turku-energia-oy-louna-lahi-12kk,fixed_term_12,76,[220],1133,2026-07-24T14:30:58.000000Z,False,,[],historical_household_statistics_scope_assumed|exact_source_legacy_null_observation_binding|spot_assumptions_source_spot_price_hours|spot_assumptions_partial_above_threshold|spot_assumptions_raw_hourly_reconstruction|spot_assumptions_coverage_ratio_0.993836|spot_assumptions_expected_hours_8760|spot_assumptions_actual_hours_8706
2026-07-24,eoksoz-vaasan-sahko-myynti-oy-vaikuttaja,hybrid,447,[222],1134,2026-07-24T14:31:19.000000Z,False,,[],historical_household_statistics_scope_assumed|exact_source_legacy_null_observation_binding|spot_assumptions_source_spot_price_hours|spot_assumptions_partial_above_threshold|spot_assumptions_raw_hourly_reconstruction|spot_assumptions_coverage_ratio_0.993836|spot_assumptions_expected_hours_8760|spot_assumptions_actual_hours_8706|reset_tail_shifted_on_forward_curve|unknown_periods_use_latest_applicable_price_or_disclosed_normal|excludes_consumption_effect|forward_month_from_quarter_contract
2026-07-24,ep4d6j-parikkalan-valo-oy-q-valo-yritys,unclassified,,[],,,,,[],missing_historical_snapshot_identity|spot_assumptions_source_spot_price_hours|spot_assumptions_partial_above_threshold|spot_assumptions_raw_hourly_reconstruction|spot_assumptions_coverage_ratio_0.993836|spot_assumptions_expected_hours_8760|spot_assumptions_actual_hours_8706|observed_relational_uniform_monthly_consumption
2026-07-24,epasaz-hehku-energia-oy-hehku-yritysjousto-24-kk,unclassified,,[],,,,,[],missing_historical_snapshot_identity|spot_assumptions_source_spot_price_hours|spot_assumptions_partial_above_threshold|spot_assumptions_raw_hourly_reconstruction|spot_assumptions_coverage_ratio_0.993836|spot_assumptions_expected_hours_8760|spot_assumptions_actual_hours_8706|observed_relational_uniform_monthly_consumption
2026-07-24,euhscx-helen-oy-maaraaikainen-perussahko-6-kk,fixed_term_6,193,[234],1137,2026-07-24T14:32:04.000000Z,False,,[],historical_household_statistics_scope_assumed|exact_source_legacy_null_observation_binding|spot_assumptions_source_spot_price_hours|spot_assumptions_partial_above_threshold|spot_assumptions_raw_hourly_reconstruction|spot_assumptions_coverage_ratio_0.993836|spot_assumptions_expected_hours_8760|spot_assumptions_actual_hours_8706|term_price_annualized
2026-07-24,exizi7-paneliankosken-voima-oy-kosken-kayttowoima-12-kk-kulutusjousto,hybrid,90,[235],1627,2026-07-28T03:16:18.000000Z,True,,[],historical_household_statistics_scope_assumed|retrospective_exact_source_interpretation|exact_source_legacy_null_observation_binding|spot_assumptions_source_spot_price_hours|spot_assumptions_partial_above_threshold|spot_assumptions_raw_hourly_reconstruction|spot_assumptions_coverage_ratio_0.993836|spot_assumptions_expected_hours_8760|spot_assumptions_actual_hours_8706|excludes_consumption_effect
2026-07-24,f4ic2s-aanekosken-energia-oy-maalaisjarkisahko-kausisahko-12-kk-paastoton,fixed_term_12,399,[239],1854,2026-07-28T04:02:24.000000Z,True,,[],historical_household_statistics_scope_assumed|retrospective_exact_source_interpretation|exact_source_legacy_null_observation_binding|spot_assumptions_source_spot_price_hours|spot_assumptions_partial_above_threshold|spot_assumptions_raw_hourly_reconstruction|spot_assumptions_coverage_ratio_0.993836|spot_assumptions_expected_hours_8760|spot_assumptions_actual_hours_8706
2026-07-24,fdmdrt-vaasan-sahko-myynti-oy-kiintea-6-kk-yleissahko-yrityksille,unclassified,,[],,,,,[],missing_historical_snapshot_identity|spot_assumptions_source_spot_price_hours|spot_assumptions_partial_above_threshold|spot_assumptions_raw_hourly_reconstruction|spot_assumptions_coverage_ratio_0.993836|spot_assumptions_expected_hours_8760|spot_assumptions_actual_hours_8706|observed_relational_uniform_monthly_consumption
2026-07-24,fdqipv-vattenfall-oy-taysvesi-24-kk,fixed_term_24,459,[243],1894,2026-07-28T04:09:00.000000Z,True,,[],historical_household_statistics_scope_assumed|retrospective_exact_source_interpretation|exact_source_legacy_null_observation_binding|spot_assumptions_source_spot_price_hours|spot_assumptions_partial_above_threshold|spot_assumptions_raw_hourly_reconstruction|spot_assumptions_coverage_ratio_0.993836|spot_assumptions_expected_hours_8760|spot_assumptions_actual_hours_8706
2026-07-24,ffvwcw-koylion-sakylan-sahko-oy-lallin-maaris-1v-kausisahko,fixed_term_12,82,[245],1620,2026-07-28T03:14:53.000000Z,True,,[],historical_household_statistics_scope_assumed|retrospective_exact_source_interpretation|exact_source_legacy_null_observation_binding|spot_assumptions_source_spot_price_hours|spot_assumptions_partial_above_threshold|spot_assumptions_raw_hourly_reconstruction|spot_assumptions_coverage_ratio_0.993836|spot_assumptions_expected_hours_8760|spot_assumptions_actual_hours_8706
2026-07-24,foheha-korpelan-energia-oy-korpela-spotti,spot,247,[251],1742,2026-07-28T03:39:32.000000Z,True,,[],historical_household_statistics_scope_assumed|retrospective_exact_source_interpretation|exact_source_legacy_null_observation_binding|spot_assumptions_source_spot_price_hours|spot_assumptions_partial_above_threshold|spot_assumptions_raw_hourly_reconstruction|spot_assumptions_coverage_ratio_0.993836|spot_assumptions_expected_hours_8760|spot_assumptions_actual_hours_8706|spot_estimate_confidence_higher|spot_forward_curve_with_rolling_365_intraday_shape|partial_shape_coverage|forward_month_from_quarter_contract
2026-07-24,frx7ys-lammaisten-energia-oy-toimitusvelvollinen-aikasahko,open_ended,450,[253],1144,2026-07-24T14:33:36.000000Z,False,,[],historical_household_statistics_scope_assumed|exact_source_legacy_null_observation_binding|spot_assumptions_source_spot_price_hours|spot_assumptions_partial_above_threshold|spot_assumptions_raw_hourly_reconstruction|spot_assumptions_coverage_ratio_0.993836|spot_assumptions_expected_hours_8760|spot_assumptions_actual_hours_8706|supplier_adjusted_tail_shifted_on_forward_curve|supplier_adjusted_monthly_fee_held_flat|price_episode_observed_proxy|price_episode_left_censored|historical_exact_contract_only|prior_energy_evidence_changed_unknown_or_conflicting|forward_month_from_quarter_contract
2026-07-24,fscadn-omavoima-oy-oma-yritys-12-kk,unclassified,,[],,,,,[],missing_historical_snapshot_identity|spot_assumptions_source_spot_price_hours|spot_assumptions_partial_above_threshold|spot_assumptions_raw_hourly_reconstruction|spot_assumptions_coverage_ratio_0.993836|spot_assumptions_expected_hours_8760|spot_assumptions_actual_hours_8706|observed_relational_uniform_monthly_consumption
2026-07-24,fu2xdq-vattenfall-oy-kesto,open_ended,282,[263],1764,2026-07-28T03:43:59.000000Z,True,,[],historical_household_statistics_scope_assumed|retrospective_exact_source_interpretation|exact_source_legacy_null_observation_binding|spot_assumptions_source_spot_price_hours|spot_assumptions_partial_above_threshold|spot_assumptions_raw_hourly_reconstruction|spot_assumptions_coverage_ratio_0.993836|spot_assumptions_expected_hours_8760|spot_assumptions_actual_hours_8706|supplier_adjusted_tail_uses_comparable_forward_premium|supplier_adjusted_monthly_fee_held_flat|price_episode_observed_proxy|price_episode_left_censored|historical_exact_contract_only|price_episode_uses_dedicated_historical_interpretation|calendar_gap_within_observed_price_episode|price_episode_uses_retrospective_exact_source_interpretation|missing_own_reference_using_comparable_premium|lower_confidence_energy_episode_proxy
2026-07-24,fuabtk-parikkalan-valo-oy-spot-valo,spot,114,[264],1646,2026-07-28T03:19:47.000000Z,True,,[],historical_household_statistics_scope_assumed|retrospective_exact_source_interpretation|exact_source_legacy_null_observation_binding|spot_assumptions_source_spot_price_hours|spot_assumptions_partial_above_threshold|spot_assumptions_raw_hourly_reconstruction|spot_assumptions_coverage_ratio_0.993836|spot_assumptions_expected_hours_8760|spot_assumptions_actual_hours_8706|spot_estimate_confidence_higher|spot_forward_curve_with_rolling_365_intraday_shape|partial_shape_coverage|forward_month_from_quarter_contract
2026-07-24,fudplf-vaasan-sahko-myynti-oy-kiintea-vaikuttaja-6-kk,hybrid,444,[266],1148,2026-07-24T14:34:41.000000Z,False,,[],historical_household_statistics_scope_assumed|exact_source_legacy_null_observation_binding|spot_assumptions_source_spot_price_hours|spot_assumptions_partial_above_threshold|spot_assumptions_raw_hourly_reconstruction|spot_assumptions_coverage_ratio_0.993836|spot_assumptions_expected_hours_8760|spot_assumptions_actual_hours_8706|term_price_annualized|excludes_consumption_effect
2026-07-24,fwgtme-fortum-markets-oy-fortum-kesto-yleissahko,open_ended,380,[276],1835,2026-07-28T03:59:27.000000Z,True,,[],historical_household_statistics_scope_assumed|retrospective_exact_source_interpretation|exact_source_legacy_null_observation_binding|spot_assumptions_source_spot_price_hours|spot_assumptions_partial_above_threshold|spot_assumptions_raw_hourly_reconstruction|spot_assumptions_coverage_ratio_0.993836|spot_assumptions_expected_hours_8760|spot_assumptions_actual_hours_8706|reset_tail_shifted_on_forward_curve|forward_month_from_quarter_contract
2026-07-24,gde7ex-pohjois-karjalan-sahko-oy-oiva-plus,open_ended,140,[281],1667,2026-07-28T03:24:22.000000Z,True,,[],historical_household_statistics_scope_assumed|retrospective_exact_source_interpretation|exact_source_legacy_null_observation_binding|spot_assumptions_source_spot_price_hours|spot_assumptions_partial_above_threshold|spot_assumptions_raw_hourly_reconstruction|spot_assumptions_coverage_ratio_0.993836|spot_assumptions_expected_hours_8760|spot_assumptions_actual_hours_8706|historical_consumption_out_of_range
2026-07-24,gduez1-parikkalan-valo-oy-kesto-valo-kanta-asiakas,open_ended,48,[282],1593,2026-07-28T03:08:09.000000Z,True,,[],historical_household_statistics_scope_assumed|retrospective_exact_source_interpretation|exact_source_legacy_null_observation_binding|spot_assumptions_source_spot_price_hours|spot_assumptions_partial_above_threshold|spot_assumptions_raw_hourly_reconstruction|spot_assumptions_coverage_ratio_0.993836|spot_assumptions_expected_hours_8760|spot_assumptions_actual_hours_8706|supplier_adjusted_tail_uses_comparable_forward_premium|supplier_adjusted_monthly_fee_held_flat|price_episode_observed_proxy|price_episode_left_censored|historical_exact_contract_only|price_episode_uses_dedicated_historical_interpretation|calendar_gap_within_observed_price_episode|price_episode_uses_retrospective_exact_source_interpretation|missing_own_reference_using_comparable_premium|lower_confidence_energy_episode_proxy
2026-07-24,geyuyu-helen-oy-maaraaikainen-perussahko-31102027-asti,fixed_term_13_23,372,[283],1152,2026-07-24T14:36:06.000000Z,False,,[],historical_household_statistics_scope_assumed|exact_source_legacy_null_observation_binding|spot_assumptions_source_spot_price_hours|spot_assumptions_partial_above_threshold|spot_assumptions_raw_hourly_reconstruction|spot_assumptions_coverage_ratio_0.993836|spot_assumptions_expected_hours_8760|spot_assumptions_actual_hours_8706
2026-07-24,ggpwbi-parikkalan-valo-oy-kesto-valo-kanta-asiakas,open_ended,307,[284],1777,2026-07-28T03:46:40.000000Z,True,,[],historical_household_statistics_scope_assumed|retrospective_exact_source_interpretation|exact_source_legacy_null_observation_binding|spot_assumptions_source_spot_price_hours|spot_assumptions_partial_above_threshold|spot_assumptions_raw_hourly_reconstruction|spot_assumptions_coverage_ratio_0.993836|spot_assumptions_expected_hours_8760|spot_assumptions_actual_hours_8706|supplier_adjusted_tail_shifted_on_forward_curve|supplier_adjusted_monthly_fee_held_flat|price_episode_observed_proxy|price_episode_left_censored|historical_exact_contract_only|price_episode_uses_dedicated_historical_interpretation|price_episode_uses_retrospective_exact_source_interpretation|forward_month_from_quarter_contract
2026-07-24,gjhzfc-kokkolan-energia-oy-vuodenaika-uusiutuva,quarterly,59,[287],,,,,"[307, 729, 1154, 1604]",canonical_interpretation_rejected_by_exact_target_validation|historical_temporal_source_validation_unavailable|canonical_omitted_no_valid_interpretation_as_of_date|spot_assumptions_source_spot_price_hours|spot_assumptions_partial_above_threshold|spot_assumptions_raw_hourly_reconstruction|spot_assumptions_coverage_ratio_0.993836|spot_assumptions_expected_hours_8760|spot_assumptions_actual_hours_8706|observed_relational_uniform_monthly_consumption|relational_open_ended_no_proven_historical_adjustment_mechanism
2026-07-24,gmctvj-korpelan-energia-oy-korpela-kesto-12-kk,hybrid,224,[289],1727,2026-07-28T03:36:22.000000Z,True,,[],historical_household_statistics_scope_assumed|retrospective_exact_source_interpretation|exact_source_legacy_null_observation_binding|spot_assumptions_source_spot_price_hours|spot_assumptions_partial_above_threshold|spot_assumptions_raw_hourly_reconstruction|spot_assumptions_coverage_ratio_0.993836|spot_assumptions_expected_hours_8760|spot_assumptions_actual_hours_8706|excludes_consumption_effect
2026-07-24,gnj4sc-parikkalan-valo-oy-spot-valo-yritys,unclassified,,[],,,,,[],missing_historical_snapshot_identity|spot_assumptions_source_spot_price_hours|spot_assumptions_partial_above_threshold|spot_assumptions_raw_hourly_reconstruction|spot_assumptions_coverage_ratio_0.993836|spot_assumptions_expected_hours_8760|spot_assumptions_actual_hours_8706|observed_relational_uniform_monthly_consumption
2026-07-24,grl0lx-parikkalan-valo-oy-spot-valo,spot,112,[291],1644,2026-07-28T03:19:27.000000Z,True,,"[116, 310]",historical_household_statistics_scope_assumed|canonical_interpretation_rejected_by_exact_target_validation|retrospective_exact_source_interpretation|exact_source_legacy_null_observation_binding|spot_assumptions_source_spot_price_hours|spot_assumptions_partial_above_threshold|spot_assumptions_raw_hourly_reconstruction|spot_assumptions_coverage_ratio_0.993836|spot_assumptions_expected_hours_8760|spot_assumptions_actual_hours_8706|spot_estimate_confidence_higher|spot_forward_curve_with_rolling_365_intraday_shape|partial_shape_coverage|forward_month_from_quarter_contract
2026-07-24,gtjlmh-paneliankosken-voima-oy-kosken-kayttowoima-24-kk-kulutusjousto,hybrid,201,[292],1708,2026-07-28T03:32:31.000000Z,True,,[],historical_household_statistics_scope_assumed|retrospective_exact_source_interpretation|exact_source_legacy_null_observation_binding|spot_assumptions_source_spot_price_hours|spot_assumptions_partial_above_threshold|spot_assumptions_raw_hourly_reconstruction|spot_assumptions_coverage_ratio_0.993836|spot_assumptions_expected_hours_8760|spot_assumptions_actual_hours_8706|excludes_consumption_effect
2026-07-24,gto5hg-vimpelin-voima-oy-paiva-ja-yotariffi,unclassified,,[],,,,,[],missing_historical_snapshot_identity|spot_assumptions_source_spot_price_hours|spot_assumptions_partial_above_threshold|spot_assumptions_raw_hourly_reconstruction|spot_assumptions_coverage_ratio_0.993836|spot_assumptions_expected_hours_8760|spot_assumptions_actual_hours_8706|observed_relational_uniform_monthly_consumption
2026-07-24,gwappc-kuoreveden-sahko-oy-porssisahko-ydinvoima,spot,20,[294],1570,2026-07-28T03:03:47.000000Z,True,,[],historical_household_statistics_scope_assumed|retrospective_exact_source_interpretation|exact_source_legacy_null_observation_binding|spot_assumptions_source_spot_price_hours|spot_assumptions_partial_above_threshold|spot_assumptions_raw_hourly_reconstruction|spot_assumptions_coverage_ratio_0.993836|spot_assumptions_expected_hours_8760|spot_assumptions_actual_hours_8706|spot_estimate_confidence_higher|spot_forward_curve_with_rolling_365_intraday_shape|partial_shape_coverage|forward_month_from_quarter_contract
2026-07-24,gxeryx-parikkalan-valo-oy-kesto-valo-kanta-asiakas,open_ended,335,[296],1800,2026-07-28T03:51:11.000000Z,True,,[],historical_household_statistics_scope_assumed|retrospective_exact_source_interpretation|exact_source_legacy_null_observation_binding|spot_assumptions_source_spot_price_hours|spot_assumptions_partial_above_threshold|spot_assumptions_raw_hourly_reconstruction|spot_assumptions_coverage_ratio_0.993836|spot_assumptions_expected_hours_8760|spot_assumptions_actual_hours_8706|supplier_adjusted_tail_shifted_on_forward_curve|supplier_adjusted_monthly_fee_held_flat|price_episode_observed_proxy|price_episode_left_censored|historical_exact_contract_only|price_episode_uses_dedicated_historical_interpretation|price_episode_uses_retrospective_exact_source_interpretation|forward_month_from_quarter_contract
2026-07-24,gywy8t-aanekosken-energia-oy-aikasahko,open_ended,187,[297],1700,2026-07-28T03:30:49.000000Z,True,,[],historical_household_statistics_scope_assumed|retrospective_exact_source_interpretation|exact_source_legacy_null_observation_binding|spot_assumptions_source_spot_price_hours|spot_assumptions_partial_above_threshold|spot_assumptions_raw_hourly_reconstruction|spot_assumptions_coverage_ratio_0.993836|spot_assumptions_expected_hours_8760|spot_assumptions_actual_hours_8706|supplier_adjusted_tail_uses_comparable_forward_premium|supplier_adjusted_monthly_fee_held_flat|price_episode_observed_proxy|price_episode_left_censored|historical_exact_contract_only|price_episode_uses_dedicated_historical_interpretation|calendar_gap_within_observed_price_episode|price_episode_uses_retrospective_exact_source_interpretation|missing_own_reference_using_comparable_premium|lower_confidence_energy_episode_proxy
2026-07-24,gzo2pb-korpelan-energia-oy-korpela-spotti,unclassified,,[],,,,,[],missing_historical_snapshot_identity|spot_assumptions_source_spot_price_hours|spot_assumptions_partial_above_threshold|spot_assumptions_raw_hourly_reconstruction|spot_assumptions_coverage_ratio_0.993836|spot_assumptions_expected_hours_8760|spot_assumptions_actual_hours_8706|observed_relational_uniform_monthly_consumption
2026-07-24,h8icyg-hehku-energia-oy-hehku-jatkuva,open_ended,189,[299],1701,2026-07-28T03:31:08.000000Z,True,,[],historical_household_statistics_scope_assumed|retrospective_exact_source_interpretation|exact_source_legacy_null_observation_binding|spot_assumptions_source_spot_price_hours|spot_assumptions_partial_above_threshold|spot_assumptions_raw_hourly_reconstruction|spot_assumptions_coverage_ratio_0.993836|spot_assumptions_expected_hours_8760|spot_assumptions_actual_hours_8706|insufficient_promotion_terms
2026-07-24,h8zvo7-kokkolan-energia-oy-ranta-24-kk,fixed_term_24,121,[300],1651,2026-07-28T03:20:46.000000Z,True,,[],historical_household_statistics_scope_assumed|retrospective_exact_source_interpretation|exact_source_legacy_null_observation_binding|spot_assumptions_source_spot_price_hours|spot_assumptions_partial_above_threshold|spot_assumptions_raw_hourly_reconstruction|spot_assumptions_coverage_ratio_0.993836|spot_assumptions_expected_hours_8760|spot_assumptions_actual_hours_8706
2026-07-24,h925l0-koillis-satakunnan-sahko-oy-vakaawirta-24-kk,fixed_term_24,117,[301],1166,2026-07-24T14:39:18.000000Z,False,,[],historical_household_statistics_scope_assumed|exact_source_legacy_null_observation_binding|spot_assumptions_source_spot_price_hours|spot_assumptions_partial_above_threshold|spot_assumptions_raw_hourly_reconstruction|spot_assumptions_coverage_ratio_0.993836|spot_assumptions_expected_hours_8760|spot_assumptions_actual_hours_8706
2026-07-24,hbdxeg-vihrea-alyenergia-oy-vakaa-valinta,open_ended,35,[302],1583,2026-07-28T03:05:58.000000Z,True,,[],historical_household_statistics_scope_assumed|retrospective_exact_source_interpretation|exact_source_legacy_null_observation_binding|spot_assumptions_source_spot_price_hours|spot_assumptions_partial_above_threshold|spot_assumptions_raw_hourly_reconstruction|spot_assumptions_coverage_ratio_0.993836|spot_assumptions_expected_hours_8760|spot_assumptions_actual_hours_8706|supplier_adjusted_tail_shifted_on_forward_curve|supplier_adjusted_monthly_fee_held_flat|price_episode_observed_proxy|price_episode_left_censored|historical_exact_contract_only|prior_energy_evidence_changed_unknown_or_conflicting|price_episode_uses_retrospective_exact_source_interpretation|forward_month_from_quarter_contract
2026-07-24,hcuyzx-aanekosken-energia-oy-yleissahko-6-kk,unclassified,,[],,,,,[],missing_historical_snapshot_identity|spot_assumptions_source_spot_price_hours|spot_assumptions_partial_above_threshold|spot_assumptions_raw_hourly_reconstruction|spot_assumptions_coverage_ratio_0.993836|spot_assumptions_expected_hours_8760|spot_assumptions_actual_hours_8706|observed_relational_uniform_monthly_consumption
2026-07-24,hg40jg-lumme-energia-vuosisahko-24-kk-hinta-joka-ei-heilu,fixed_term_24,269,[307],1169,2026-07-24T14:40:06.000000Z,False,,[],historical_household_statistics_scope_assumed|exact_source_legacy_null_observation_binding|spot_assumptions_source_spot_price_hours|spot_assumptions_partial_above_threshold|spot_assumptions_raw_hourly_reconstruction|spot_assumptions_coverage_ratio_0.993836|spot_assumptions_expected_hours_8760|spot_assumptions_actual_hours_8706
2026-07-24,hgown7-keravan-energia-oy-kvartaalisahko,quarterly,291,[308],1770,2026-07-28T03:45:33.000000Z,True,,[],historical_household_statistics_scope_assumed|retrospective_exact_source_interpretation|exact_source_legacy_null_observation_binding|spot_assumptions_source_spot_price_hours|spot_assumptions_partial_above_threshold|spot_assumptions_raw_hourly_reconstruction|spot_assumptions_coverage_ratio_0.993836|spot_assumptions_expected_hours_8760|spot_assumptions_actual_hours_8706|reset_tail_shifted_on_forward_curve|unknown_periods_use_latest_applicable_price_or_disclosed_normal|forward_month_from_quarter_contract
2026-07-24,hh3kd6-kokkolan-energia-oy-aalto-12-kk,hybrid,151,[309],1676,2026-07-28T03:26:14.000000Z,True,,[],historical_household_statistics_scope_assumed|retrospective_exact_source_interpretation|exact_source_legacy_null_observation_binding|spot_assumptions_source_spot_price_hours|spot_assumptions_partial_above_threshold|spot_assumptions_raw_hourly_reconstruction|spot_assumptions_coverage_ratio_0.993836|spot_assumptions_expected_hours_8760|spot_assumptions_actual_hours_8706|excludes_consumption_effect
2026-07-24,hhs7o1-porvoon-energia-oy-wind-24-kk-kotimainen-tuulisahko-yrityksille,unclassified,,[],,,,,[],missing_historical_snapshot_identity|spot_assumptions_source_spot_price_hours|spot_assumptions_partial_above_threshold|spot_assumptions_raw_hourly_reconstruction|spot_assumptions_coverage_ratio_0.993836|spot_assumptions_expected_hours_8760|spot_assumptions_actual_hours_8706|observed_relational_uniform_monthly_consumption
2026-07-24,hio83j-helen-oy-perussahko-yritys,unclassified,,[],,,,,[],missing_historical_snapshot_identity|spot_assumptions_source_spot_price_hours|spot_assumptions_partial_above_threshold|spot_assumptions_raw_hourly_reconstruction|spot_assumptions_coverage_ratio_0.993836|spot_assumptions_expected_hours_8760|spot_assumptions_actual_hours_8706|observed_relational_uniform_monthly_consumption
2026-07-24,hnapne-lammaisten-energia-oy-iisi-kulutusjousto-yleissahko-24-kk,hybrid,148,[314],1673,2026-07-28T03:25:37.000000Z,True,,[],historical_household_statistics_scope_assumed|retrospective_exact_source_interpretation|exact_source_legacy_null_observation_binding|spot_assumptions_source_spot_price_hours|spot_assumptions_partial_above_threshold|spot_assumptions_raw_hourly_reconstruction|spot_assumptions_coverage_ratio_0.993836|spot_assumptions_expected_hours_8760|spot_assumptions_actual_hours_8706|excludes_consumption_effect
2026-07-24,hnrvf2-seinajoen-energia-oy-se-oikea-vuodenaikasahko,unclassified,,[],,,,,[],missing_historical_snapshot_identity|spot_assumptions_source_spot_price_hours|spot_assumptions_partial_above_threshold|spot_assumptions_raw_hourly_reconstruction|spot_assumptions_coverage_ratio_0.993836|spot_assumptions_expected_hours_8760|spot_assumptions_actual_hours_8706|observed_relational_uniform_monthly_consumption
2026-07-24,hprucu-pohjois-karjalan-sahko-oy-optimi-takuu-6-kuukautta,fixed_term_6,330,[316],1795,2026-07-28T03:50:23.000000Z,True,,[],historical_household_statistics_scope_assumed|retrospective_exact_source_interpretation|exact_source_legacy_null_observation_binding|spot_assumptions_source_spot_price_hours|spot_assumptions_partial_above_threshold|spot_assumptions_raw_hourly_reconstruction|spot_assumptions_coverage_ratio_0.993836|spot_assumptions_expected_hours_8760|spot_assumptions_actual_hours_8706|term_price_annualized
2026-07-24,huinlz-koylion-sakylan-sahko-oy-lallin-markkinasahko,spot,100,[317],1635,2026-07-28T03:17:48.000000Z,True,,[],historical_household_statistics_scope_assumed|retrospective_exact_source_interpretation|exact_source_legacy_null_observation_binding|spot_assumptions_source_spot_price_hours|spot_assumptions_partial_above_threshold|spot_assumptions_raw_hourly_reconstruction|spot_assumptions_coverage_ratio_0.993836|spot_assumptions_expected_hours_8760|spot_assumptions_actual_hours_8706|spot_estimate_confidence_higher|spot_forward_curve_with_rolling_365_intraday_shape|partial_shape_coverage|forward_month_from_quarter_contract
2026-07-24,humms8-nordic-green-energy-vesivoima-spot-yrityksille,unclassified,,[],,,,,[],missing_historical_snapshot_identity|spot_assumptions_source_spot_price_hours|spot_assumptions_partial_above_threshold|spot_assumptions_raw_hourly_reconstruction|spot_assumptions_coverage_ratio_0.993836|spot_assumptions_expected_hours_8760|spot_assumptions_actual_hours_8706|observed_relational_uniform_monthly_consumption
2026-07-24,hvu3aw-parikkalan-valo-oy-spot-valo-yritys,unclassified,,[],,,,,[],missing_historical_snapshot_identity|spot_assumptions_source_spot_price_hours|spot_assumptions_partial_above_threshold|spot_assumptions_raw_hourly_reconstruction|spot_assumptions_coverage_ratio_0.993836|spot_assumptions_expected_hours_8760|spot_assumptions_actual_hours_8706|observed_relational_uniform_monthly_consumption
2026-07-24,hwmfco-aalto-energia-oyj-tyyni-jatkuva,open_ended,81,[321],1619,2026-07-28T03:14:35.000000Z,True,,[],historical_household_statistics_scope_assumed|retrospective_exact_source_interpretation|exact_source_legacy_null_observation_binding|spot_assumptions_source_spot_price_hours|spot_assumptions_partial_above_threshold|spot_assumptions_raw_hourly_reconstruction|spot_assumptions_coverage_ratio_0.993836|spot_assumptions_expected_hours_8760|spot_assumptions_actual_hours_8706|supplier_adjusted_tail_uses_comparable_forward_premium|supplier_adjusted_monthly_fee_disclosed_phases|price_episode_observed_proxy|price_episode_left_censored|historical_exact_contract_only|price_episode_uses_dedicated_historical_interpretation|calendar_gap_within_observed_price_episode|price_episode_uses_retrospective_exact_source_interpretation|missing_own_reference_using_comparable_premium|lower_confidence_energy_episode_proxy
2026-07-24,hyi7dt-alajarven-sahko-oy-aikasahko-24-kk,fixed_term_24,391,[322],1846,2026-07-28T04:01:15.000000Z,True,,[],historical_household_statistics_scope_assumed|retrospective_exact_source_interpretation|exact_source_legacy_null_observation_binding|spot_assumptions_source_spot_price_hours|spot_assumptions_partial_above_threshold|spot_assumptions_raw_hourly_reconstruction|spot_assumptions_coverage_ratio_0.993836|spot_assumptions_expected_hours_8760|spot_assumptions_actual_hours_8706
2026-07-24,hz5m3u-pohjois-karjalan-sahko-oy-optimi-takuu-24-kuukautta,fixed_term_24,26,[323],1575,2026-07-28T03:04:38.000000Z,True,,[],historical_household_statistics_scope_assumed|retrospective_exact_source_interpretation|exact_source_legacy_null_observation_binding|spot_assumptions_source_spot_price_hours|spot_assumptions_partial_above_threshold|spot_assumptions_raw_hourly_reconstruction|spot_assumptions_coverage_ratio_0.993836|spot_assumptions_expected_hours_8760|spot_assumptions_actual_hours_8706
2026-07-24,i1badk-porvoon-energia-oy-spot-porssisahko-yrityksille,unclassified,,[],,,,,[],missing_historical_snapshot_identity|spot_assumptions_source_spot_price_hours|spot_assumptions_partial_above_threshold|spot_assumptions_raw_hourly_reconstruction|spot_assumptions_coverage_ratio_0.993836|spot_assumptions_expected_hours_8760|spot_assumptions_actual_hours_8706|observed_relational_uniform_monthly_consumption
2026-07-24,i2i3xp-porvoon-energia-oy-eko-12-kk-luonnonsuojeluliiton-sertifioima-ekoenergia,fixed_term_12,42,[325],1184,2026-07-24T14:43:23.000000Z,False,,[],historical_household_statistics_scope_assumed|exact_source_legacy_null_observation_binding|spot_assumptions_source_spot_price_hours|spot_assumptions_partial_above_threshold|spot_assumptions_raw_hourly_reconstruction|spot_assumptions_coverage_ratio_0.993836|spot_assumptions_expected_hours_8760|spot_assumptions_actual_hours_8706
2026-07-24,i5gaxw-pohjois-karjalan-sahko-oy-optimi-kuukausi,open_ended,150,[327],1675,2026-07-28T03:25:57.000000Z,True,,[],historical_household_statistics_scope_assumed|retrospective_exact_source_interpretation|exact_source_legacy_null_observation_binding|spot_assumptions_source_spot_price_hours|spot_assumptions_partial_above_threshold|spot_assumptions_raw_hourly_reconstruction|spot_assumptions_coverage_ratio_0.993836|spot_assumptions_expected_hours_8760|spot_assumptions_actual_hours_8706|reset_tail_shifted_on_forward_curve|unknown_periods_use_latest_applicable_price_or_disclosed_normal|forward_month_from_quarter_contract
2026-07-24,i95myh-pohjois-karjalan-sahko-oy-oiva-plus,open_ended,227,[328],1729,2026-07-28T03:36:42.000000Z,True,,[],historical_household_statistics_scope_assumed|retrospective_exact_source_interpretation|exact_source_legacy_null_observation_binding|spot_assumptions_source_spot_price_hours|spot_assumptions_partial_above_threshold|spot_assumptions_raw_hourly_reconstruction|spot_assumptions_coverage_ratio_0.993836|spot_assumptions_expected_hours_8760|spot_assumptions_actual_hours_8706|historical_consumption_out_of_range
2026-07-24,icbxvy-vimpelin-voima-oy-sulaketariffi,open_ended,244,[329],1740,2026-07-28T03:39:07.000000Z,True,,[],historical_household_statistics_scope_assumed|retrospective_exact_source_interpretation|exact_source_legacy_null_observation_binding|spot_assumptions_source_spot_price_hours|spot_assumptions_partial_above_threshold|spot_assumptions_raw_hourly_reconstruction|spot_assumptions_coverage_ratio_0.993836|spot_assumptions_expected_hours_8760|spot_assumptions_actual_hours_8706|supplier_adjusted_tail_shifted_on_forward_curve|supplier_adjusted_monthly_fee_held_flat|price_episode_observed_proxy|price_episode_left_censored|historical_exact_contract_only|price_episode_uses_dedicated_historical_interpretation|price_episode_uses_retrospective_exact_source_interpretation|forward_month_from_quarter_contract
2026-07-24,ifr6mw-paneliankosken-voima-oy-kosken-vuosiwoima-12-kk,fixed_term_12,165,[332],1687,2026-07-28T03:28:22.000000Z,True,,[],historical_household_statistics_scope_assumed|retrospective_exact_source_interpretation|exact_source_legacy_null_observation_binding|spot_assumptions_source_spot_price_hours|spot_assumptions_partial_above_threshold|spot_assumptions_raw_hourly_reconstruction|spot_assumptions_coverage_ratio_0.993836|spot_assumptions_expected_hours_8760|spot_assumptions_actual_hours_8706
2026-07-24,iq7fja-vimpelin-voima-oy-vuodenaikatariffi,open_ended,126,[336],1655,2026-07-28T03:21:53.000000Z,True,,[],historical_household_statistics_scope_assumed|retrospective_exact_source_interpretation|exact_source_legacy_null_observation_binding|spot_assumptions_source_spot_price_hours|spot_assumptions_partial_above_threshold|spot_assumptions_raw_hourly_reconstruction|spot_assumptions_coverage_ratio_0.993836|spot_assumptions_expected_hours_8760|spot_assumptions_actual_hours_8706|insufficient_promotion_terms
2026-07-24,irtim3-oomi-oy-oomi-aktiivinen-yrityksille,unclassified,,[],,,,,[],missing_historical_snapshot_identity|spot_assumptions_source_spot_price_hours|spot_assumptions_partial_above_threshold|spot_assumptions_raw_hourly_reconstruction|spot_assumptions_coverage_ratio_0.993836|spot_assumptions_expected_hours_8760|spot_assumptions_actual_hours_8706|observed_relational_uniform_monthly_consumption
2026-07-24,iuun55-vimpelin-voima-oy-spot-energia,unclassified,,[],,,,,[],missing_historical_snapshot_identity|spot_assumptions_source_spot_price_hours|spot_assumptions_partial_above_threshold|spot_assumptions_raw_hourly_reconstruction|spot_assumptions_coverage_ratio_0.993836|spot_assumptions_expected_hours_8760|spot_assumptions_actual_hours_8706|observed_relational_uniform_monthly_consumption
2026-07-24,iwjgsd-pohjois-karjalan-sahko-oy-tove-perus,open_ended,398,[339],1853,2026-07-28T04:02:15.000000Z,True,,[],historical_household_statistics_scope_assumed|retrospective_exact_source_interpretation|exact_source_legacy_null_observation_binding|spot_assumptions_source_spot_price_hours|spot_assumptions_partial_above_threshold|spot_assumptions_raw_hourly_reconstruction|spot_assumptions_coverage_ratio_0.993836|spot_assumptions_expected_hours_8760|spot_assumptions_actual_hours_8706|supplier_adjusted_tail_uses_comparable_forward_premium|supplier_adjusted_monthly_fee_held_flat|price_episode_observed_proxy|price_episode_left_censored|historical_exact_contract_only|price_episode_uses_dedicated_historical_interpretation|calendar_gap_within_observed_price_episode|price_episode_uses_retrospective_exact_source_interpretation|missing_own_reference_using_comparable_premium|lower_confidence_energy_episode_proxy
2026-07-24,iwrxhg-lankosken-sahko-oy-porssisahko,spot,139,[340],1666,2026-07-28T03:24:12.000000Z,True,,[],historical_household_statistics_scope_assumed|retrospective_exact_source_interpretation|exact_source_legacy_null_observation_binding|spot_assumptions_source_spot_price_hours|spot_assumptions_partial_above_threshold|spot_assumptions_raw_hourly_reconstruction|spot_assumptions_coverage_ratio_0.993836|spot_assumptions_expected_hours_8760|spot_assumptions_actual_hours_8706|spot_estimate_confidence_higher|spot_forward_curve_with_rolling_365_intraday_shape|partial_shape_coverage|forward_month_from_quarter_contract
2026-07-24,jbktvc-seinajoen-energia-oy-se-oikea-vuodenaikasahko,open_ended,421,[341],1875,2026-07-28T04:05:37.000000Z,True,,[],historical_household_statistics_scope_assumed|retrospective_exact_source_interpretation|exact_source_legacy_null_observation_binding|spot_assumptions_source_spot_price_hours|spot_assumptions_partial_above_threshold|spot_assumptions_raw_hourly_reconstruction|spot_assumptions_coverage_ratio_0.993836|spot_assumptions_expected_hours_8760|spot_assumptions_actual_hours_8706|supplier_adjusted_tail_shifted_on_forward_curve|supplier_adjusted_monthly_fee_held_flat|price_episode_observed_proxy|price_episode_left_censored|historical_exact_contract_only|price_episode_uses_dedicated_historical_interpretation|price_episode_uses_retrospective_exact_source_interpretation|forward_month_from_quarter_contract
2026-07-24,jcgh2q-koillis-satakunnan-sahko-oy-vakaawirta-12-kk-kausi,fixed_term_12,265,[342],1195,2026-07-24T14:45:50.000000Z,False,,[],historical_household_statistics_scope_assumed|exact_source_legacy_null_observation_binding|spot_assumptions_source_spot_price_hours|spot_assumptions_partial_above_threshold|spot_assumptions_raw_hourly_reconstruction|spot_assumptions_coverage_ratio_0.993836|spot_assumptions_expected_hours_8760|spot_assumptions_actual_hours_8706
2026-07-24,jdsy6s-helen-oy-maaraaikainen-valkkysahko-yritys-12-kk,unclassified,,[],,,,,[],missing_historical_snapshot_identity|spot_assumptions_source_spot_price_hours|spot_assumptions_partial_above_threshold|spot_assumptions_raw_hourly_reconstruction|spot_assumptions_coverage_ratio_0.993836|spot_assumptions_expected_hours_8760|spot_assumptions_actual_hours_8706|observed_relational_uniform_monthly_consumption
2026-07-24,jf1mar-omavoima-oy-ajoittaja-24-kk,hybrid,168,[345],1197,2026-07-24T14:46:30.000000Z,False,,[],historical_household_statistics_scope_assumed|exact_source_legacy_null_observation_binding|spot_assumptions_source_spot_price_hours|spot_assumptions_partial_above_threshold|spot_assumptions_raw_hourly_reconstruction|spot_assumptions_coverage_ratio_0.993836|spot_assumptions_expected_hours_8760|spot_assumptions_actual_hours_8706|excludes_consumption_effect
2026-07-24,jhy1qj-vaasan-sahko-myynti-oy-kuukausipaketti-s,open_ended,183,[346],1697,2026-07-28T03:30:21.000000Z,True,,"[351, 1198]",historical_household_statistics_scope_assumed|canonical_interpretation_rejected_by_exact_target_validation|retrospective_exact_source_interpretation|exact_source_legacy_null_observation_binding|spot_assumptions_source_spot_price_hours|spot_assumptions_partial_above_threshold|spot_assumptions_raw_hourly_reconstruction|spot_assumptions_coverage_ratio_0.993836|spot_assumptions_expected_hours_8760|spot_assumptions_actual_hours_8706
2026-07-24,jjfa7j-koillis-satakunnan-sahko-oy-vakaawirta-24-kk-aika,fixed_term_24,215,[348],1199,2026-07-24T14:46:53.000000Z,False,,[],historical_household_statistics_scope_assumed|exact_source_legacy_null_observation_binding|spot_assumptions_source_spot_price_hours|spot_assumptions_partial_above_threshold|spot_assumptions_raw_hourly_reconstruction|spot_assumptions_coverage_ratio_0.993836|spot_assumptions_expected_hours_8760|spot_assumptions_actual_hours_8706
2026-07-24,jkbkya-omavoima-oy-oma-24kk-kausi,fixed_term_24,248,[349],1200,2026-07-24T14:47:02.000000Z,False,,[],historical_household_statistics_scope_assumed|exact_source_legacy_null_observation_binding|spot_assumptions_source_spot_price_hours|spot_assumptions_partial_above_threshold|spot_assumptions_raw_hourly_reconstruction|spot_assumptions_coverage_ratio_0.993836|spot_assumptions_expected_hours_8760|spot_assumptions_actual_hours_8706
2026-07-24,jkbot5-imatran-seudun-sahko-oy-voima-joustava-24-kk,hybrid,275,[350],1758,2026-07-28T03:42:53.000000Z,True,,[],historical_household_statistics_scope_assumed|retrospective_exact_source_interpretation|exact_source_legacy_null_observation_binding|spot_assumptions_source_spot_price_hours|spot_assumptions_partial_above_threshold|spot_assumptions_raw_hourly_reconstruction|spot_assumptions_coverage_ratio_0.993836|spot_assumptions_expected_hours_8760|spot_assumptions_actual_hours_8706|excludes_consumption_effect
2026-07-24,jmy7n8-aanekosken-energia-oy-maalaisjarkisahko-aikasahko-24-kk-paastoton,fixed_term_24,409,[352],1864,2026-07-28T04:04:00.000000Z,True,,[],historical_household_statistics_scope_assumed|retrospective_exact_source_interpretation|exact_source_legacy_null_observation_binding|spot_assumptions_source_spot_price_hours|spot_assumptions_partial_above_threshold|spot_assumptions_raw_hourly_reconstruction|spot_assumptions_coverage_ratio_0.993836|spot_assumptions_expected_hours_8760|spot_assumptions_actual_hours_8706
2026-07-24,jrrlvh-parikkalan-valo-oy-kesto-valo-kanta-asiakas,open_ended,55,[353],1600,2026-07-28T03:10:17.000000Z,True,,[],historical_household_statistics_scope_assumed|retrospective_exact_source_interpretation|exact_source_legacy_null_observation_binding|spot_assumptions_source_spot_price_hours|spot_assumptions_partial_above_threshold|spot_assumptions_raw_hourly_reconstruction|spot_assumptions_coverage_ratio_0.993836|spot_assumptions_expected_hours_8760|spot_assumptions_actual_hours_8706|supplier_adjusted_tail_shifted_on_forward_curve|supplier_adjusted_monthly_fee_held_flat|price_episode_observed_proxy|price_episode_left_censored|historical_exact_contract_only|price_episode_uses_dedicated_historical_interpretation|price_episode_uses_retrospective_exact_source_interpretation|forward_month_from_quarter_contract
2026-07-24,jrtvhz-helen-oy-valkkysahko,hybrid,439,[355],1204,2026-07-24T14:47:46.000000Z,False,,[],historical_household_statistics_scope_assumed|exact_source_legacy_null_observation_binding|spot_assumptions_source_spot_price_hours|spot_assumptions_partial_above_threshold|spot_assumptions_raw_hourly_reconstruction|spot_assumptions_coverage_ratio_0.993836|spot_assumptions_expected_hours_8760|spot_assumptions_actual_hours_8706|excludes_consumption_effect
2026-07-24,jt3szr-koillis-satakunnan-sahko-oy-joustowirta-24-kk,hybrid,4,[365],1205,2026-07-24T14:48:02.000000Z,False,,[],historical_household_statistics_scope_assumed|exact_source_legacy_null_observation_binding|spot_assumptions_source_spot_price_hours|spot_assumptions_partial_above_threshold|spot_assumptions_raw_hourly_reconstruction|spot_assumptions_coverage_ratio_0.993836|spot_assumptions_expected_hours_8760|spot_assumptions_actual_hours_8706|excludes_consumption_effect
2026-07-24,jt9vxd-imatran-seudun-sahko-oy-voima-joustava-12-kk,hybrid,1,[366],1555,2026-07-28T03:01:05.000000Z,True,,[],historical_household_statistics_scope_assumed|retrospective_exact_source_interpretation|exact_source_legacy_null_observation_binding|spot_assumptions_source_spot_price_hours|spot_assumptions_partial_above_threshold|spot_assumptions_raw_hourly_reconstruction|spot_assumptions_coverage_ratio_0.993836|spot_assumptions_expected_hours_8760|spot_assumptions_actual_hours_8706|excludes_consumption_effect
2026-07-24,jv1sdq-pohjois-karjalan-sahko-oy-optimi-kuukausi,open_ended,367,[367],1824,2026-07-28T03:57:15.000000Z,True,,[],historical_household_statistics_scope_assumed|retrospective_exact_source_interpretation|exact_source_legacy_null_observation_binding|spot_assumptions_source_spot_price_hours|spot_assumptions_partial_above_threshold|spot_assumptions_raw_hourly_reconstruction|spot_assumptions_coverage_ratio_0.993836|spot_assumptions_expected_hours_8760|spot_assumptions_actual_hours_8706|reset_tail_shifted_on_forward_curve|unknown_periods_use_latest_applicable_price_or_disclosed_normal|forward_month_from_quarter_contract
2026-07-24,jyfo4s-keravan-energia-oy-kvartaalisahko-aika,quarterly,169,[368],1689,2026-07-28T03:28:41.000000Z,True,,"[64, 70]",historical_household_statistics_scope_assumed|canonical_interpretation_rejected_by_exact_target_validation|retrospective_exact_source_interpretation|exact_source_legacy_null_observation_binding|spot_assumptions_source_spot_price_hours|spot_assumptions_partial_above_threshold|spot_assumptions_raw_hourly_reconstruction|spot_assumptions_coverage_ratio_0.993836|spot_assumptions_expected_hours_8760|spot_assumptions_actual_hours_8706|reset_tail_shifted_on_forward_curve|unknown_periods_use_latest_applicable_price_or_disclosed_normal|forward_month_from_quarter_contract
2026-07-24,k5jsrm-turku-energia-oy-louna-arki,open_ended,397,[370],1852,2026-07-28T04:02:08.000000Z,True,,[],historical_household_statistics_scope_assumed|retrospective_exact_source_interpretation|exact_source_legacy_null_observation_binding|spot_assumptions_source_spot_price_hours|spot_assumptions_partial_above_threshold|spot_assumptions_raw_hourly_reconstruction|spot_assumptions_coverage_ratio_0.993836|spot_assumptions_expected_hours_8760|spot_assumptions_actual_hours_8706|supplier_adjusted_tail_shifted_on_forward_curve|supplier_adjusted_monthly_fee_held_flat|price_episode_observed_proxy|price_episode_left_censored|historical_exact_contract_only|price_episode_uses_dedicated_historical_interpretation|price_episode_uses_retrospective_exact_source_interpretation|forward_month_from_quarter_contract
2026-07-24,k7zjzd-vaasan-sahko-myynti-oy-kiintea-24-kk-yosahko-yrityksille,unclassified,,[],,,,,[],missing_historical_snapshot_identity|spot_assumptions_source_spot_price_hours|spot_assumptions_partial_above_threshold|spot_assumptions_raw_hourly_reconstruction|spot_assumptions_coverage_ratio_0.993836|spot_assumptions_expected_hours_8760|spot_assumptions_actual_hours_8706|observed_relational_uniform_monthly_consumption
2026-07-24,kczwlj-kokkolan-energia-oy-ranta-18-kk,fixed_term_other,25,[373],,,,,"[364, 786, 1211, 1574]",canonical_interpretation_rejected_by_exact_target_validation|historical_temporal_source_validation_unavailable|canonical_omitted_no_valid_interpretation_as_of_date|spot_assumptions_source_spot_price_hours|spot_assumptions_partial_above_threshold|spot_assumptions_raw_hourly_reconstruction|spot_assumptions_coverage_ratio_0.993836|spot_assumptions_expected_hours_8760|spot_assumptions_actual_hours_8706|observed_relational_uniform_monthly_consumption
2026-07-24,kh0hlo-vaasan-sahko-myynti-oy-porssisahko-tuuli-yritys,unclassified,,[],,,,,[],missing_historical_snapshot_identity|spot_assumptions_source_spot_price_hours|spot_assumptions_partial_above_threshold|spot_assumptions_raw_hourly_reconstruction|spot_assumptions_coverage_ratio_0.993836|spot_assumptions_expected_hours_8760|spot_assumptions_actual_hours_8706|observed_relational_uniform_monthly_consumption
2026-07-24,ki6odb-kokkolan-energia-oy-ranta-6-kk,fixed_term_6,216,[376],1719,2026-07-28T03:34:35.000000Z,True,,[],historical_household_statistics_scope_assumed|retrospective_exact_source_interpretation|exact_source_legacy_null_observation_binding|spot_assumptions_source_spot_price_hours|spot_assumptions_partial_above_threshold|spot_assumptions_raw_hourly_reconstruction|spot_assumptions_coverage_ratio_0.993836|spot_assumptions_expected_hours_8760|spot_assumptions_actual_hours_8706|term_price_annualized
2026-07-24,kjngro-pohjois-karjalan-sahko-oy-optimi-takuu-12-kuukautta,fixed_term_12,324,[378],1789,2026-07-28T03:49:12.000000Z,True,,[],historical_household_statistics_scope_assumed|retrospective_exact_source_interpretation|exact_source_legacy_null_observation_binding|spot_assumptions_source_spot_price_hours|spot_assumptions_partial_above_threshold|spot_assumptions_raw_hourly_reconstruction|spot_assumptions_coverage_ratio_0.993836|spot_assumptions_expected_hours_8760|spot_assumptions_actual_hours_8706
2026-07-24,kjye7s-pohjois-karjalan-sahko-oy-optimi-takuu-6-kuukautta,fixed_term_6,185,[379],1698,2026-07-28T03:30:29.000000Z,True,,[],historical_household_statistics_scope_assumed|retrospective_exact_source_interpretation|exact_source_legacy_null_observation_binding|spot_assumptions_source_spot_price_hours|spot_assumptions_partial_above_threshold|spot_assumptions_raw_hourly_reconstruction|spot_assumptions_coverage_ratio_0.993836|spot_assumptions_expected_hours_8760|spot_assumptions_actual_hours_8706|term_price_annualized
2026-07-24,kl9bng-seinajoen-energia-oy-porssisahko,spot,424,[381],1878,2026-07-28T04:06:01.000000Z,True,,[],historical_household_statistics_scope_assumed|retrospective_exact_source_interpretation|exact_source_legacy_null_observation_binding|spot_assumptions_source_spot_price_hours|spot_assumptions_partial_above_threshold|spot_assumptions_raw_hourly_reconstruction|spot_assumptions_coverage_ratio_0.993836|spot_assumptions_expected_hours_8760|spot_assumptions_actual_hours_8706|spot_estimate_confidence_higher|spot_forward_curve_with_rolling_365_intraday_shape|partial_shape_coverage|forward_month_from_quarter_contract
2026-07-24,knaoa5-iin-energia-oy-yleissahko,unclassified,,[],,,,,[],missing_historical_snapshot_identity|spot_assumptions_source_spot_price_hours|spot_assumptions_partial_above_threshold|spot_assumptions_raw_hourly_reconstruction|spot_assumptions_coverage_ratio_0.993836|spot_assumptions_expected_hours_8760|spot_assumptions_actual_hours_8706|observed_relational_uniform_monthly_consumption
2026-07-24,kngjot-keravan-energia-oy-tuulikvartaalisahko,quarterly,246,[383],1741,2026-07-28T03:39:18.000000Z,True,,[1218],historical_household_statistics_scope_assumed|canonical_interpretation_rejected_by_exact_target_validation|retrospective_exact_source_interpretation|exact_source_legacy_null_observation_binding|spot_assumptions_source_spot_price_hours|spot_assumptions_partial_above_threshold|spot_assumptions_raw_hourly_reconstruction|spot_assumptions_coverage_ratio_0.993836|spot_assumptions_expected_hours_8760|spot_assumptions_actual_hours_8706|reset_tail_shifted_on_forward_curve|forward_month_from_quarter_contract
2026-07-24,knldub-vaasan-sahko-myynti-oy-vaikuttaja-yrityksille,unclassified,,[],,,,,[],missing_historical_snapshot_identity|spot_assumptions_source_spot_price_hours|spot_assumptions_partial_above_threshold|spot_assumptions_raw_hourly_reconstruction|spot_assumptions_coverage_ratio_0.993836|spot_assumptions_expected_hours_8760|spot_assumptions_actual_hours_8706|observed_relational_uniform_monthly_consumption
2026-07-24,knuhak-oomi-oy-oomi-vakaa-yrityksille,unclassified,,[],,,,,[],missing_historical_snapshot_identity|spot_assumptions_source_spot_price_hours|spot_assumptions_partial_above_threshold|spot_assumptions_raw_hourly_reconstruction|spot_assumptions_coverage_ratio_0.993836|spot_assumptions_expected_hours_8760|spot_assumptions_actual_hours_8706|observed_relational_uniform_monthly_consumption
2026-07-24,kr7knb-parikkalan-valo-oy-kesto-valo-kanta-asiakas-yritys,unclassified,,[],,,,,[],missing_historical_snapshot_identity|spot_assumptions_source_spot_price_hours|spot_assumptions_partial_above_threshold|spot_assumptions_raw_hourly_reconstruction|spot_assumptions_coverage_ratio_0.993836|spot_assumptions_expected_hours_8760|spot_assumptions_actual_hours_8706|observed_relational_uniform_monthly_consumption
2026-07-24,kugucp-porvoon-energia-oy-ilmastoviisas-36-kk-co2-paastottomasti-tuotettu-yrityksille,unclassified,,[],,,,,[],missing_historical_snapshot_identity|spot_assumptions_source_spot_price_hours|spot_assumptions_partial_above_threshold|spot_assumptions_raw_hourly_reconstruction|spot_assumptions_coverage_ratio_0.993836|spot_assumptions_expected_hours_8760|spot_assumptions_actual_hours_8706|observed_relational_uniform_monthly_consumption
2026-07-24,kvwny9-vihrea-alyenergia-oy-vire-tuuli-porssisahko-tarjous-ensimmaiset-12-kk,spot,446,[400],,,,,"[376, 798, 1223]",canonical_interpretation_rejected_by_exact_target_validation|historical_temporal_source_validation_unavailable|canonical_omitted_no_valid_interpretation_as_of_date|spot_assumptions_source_spot_price_hours|spot_assumptions_partial_above_threshold|spot_assumptions_raw_hourly_reconstruction|spot_assumptions_coverage_ratio_0.993836|spot_assumptions_expected_hours_8760|spot_assumptions_actual_hours_8706|observed_relational_uniform_monthly_consumption|spot_estimate_confidence_higher|partial_shape_coverage|forward_month_from_quarter_contract
2026-07-24,kw0pi8-turku-energia-oy-louna-helppo-xs,open_ended,235,[409],1735,2026-07-28T03:38:08.000000Z,True,,[],historical_household_statistics_scope_assumed|retrospective_exact_source_interpretation|exact_source_legacy_null_observation_binding|spot_assumptions_source_spot_price_hours|spot_assumptions_partial_above_threshold|spot_assumptions_raw_hourly_reconstruction|spot_assumptions_coverage_ratio_0.993836|spot_assumptions_expected_hours_8760|spot_assumptions_actual_hours_8706
2026-07-24,kwaswq-koillis-satakunnan-sahko-oy-vakaawirta-12-kk,fixed_term_12,351,[410],1225,2026-07-24T14:52:08.000000Z,False,,[],historical_household_statistics_scope_assumed|exact_source_legacy_null_observation_binding|spot_assumptions_source_spot_price_hours|spot_assumptions_partial_above_threshold|spot_assumptions_raw_hourly_reconstruction|spot_assumptions_coverage_ratio_0.993836|spot_assumptions_expected_hours_8760|spot_assumptions_actual_hours_8706
2026-07-24,ky5nx5-koillis-satakunnan-sahko-oy-joustowirta-12-kk,hybrid,69,[412],,,,,"[379, 801, 1226]",canonical_interpretation_rejected_by_exact_target_validation|historical_temporal_source_validation_unavailable|canonical_omitted_no_valid_interpretation_as_of_date|spot_assumptions_source_spot_price_hours|spot_assumptions_partial_above_threshold|spot_assumptions_raw_hourly_reconstruction|spot_assumptions_coverage_ratio_0.993836|spot_assumptions_expected_hours_8760|spot_assumptions_actual_hours_8706|observed_relational_uniform_monthly_consumption
2026-07-24,kyl2gv-vattenfall-oy-yrityksen-optimi-porssisahko,unclassified,,[],,,,,[],missing_historical_snapshot_identity|spot_assumptions_source_spot_price_hours|spot_assumptions_partial_above_threshold|spot_assumptions_raw_hourly_reconstruction|spot_assumptions_coverage_ratio_0.993836|spot_assumptions_expected_hours_8760|spot_assumptions_actual_hours_8706|observed_relational_uniform_monthly_consumption
2026-07-24,kz9acg-cheap-energy-finland-oy-cheap-porssisahko-kampanja-perusmaksualennus-6-kk-490-kk-ja-marginaalialennus-6kk-039-sntkwh,spot,327,[414],1792,2026-07-28T03:49:50.000000Z,True,,[],historical_household_statistics_scope_assumed|retrospective_exact_source_interpretation|exact_source_legacy_null_observation_binding|spot_assumptions_source_spot_price_hours|spot_assumptions_partial_above_threshold|spot_assumptions_raw_hourly_reconstruction|spot_assumptions_coverage_ratio_0.993836|spot_assumptions_expected_hours_8760|spot_assumptions_actual_hours_8706|spot_estimate_confidence_higher|spot_forward_curve_with_rolling_365_intraday_shape|partial_shape_coverage|forward_month_from_quarter_contract
2026-07-24,l3otzv-oomi-oy-toimitusvelvollinen-spot-yrityksille,unclassified,,[],,,,,[],missing_historical_snapshot_identity|spot_assumptions_source_spot_price_hours|spot_assumptions_partial_above_threshold|spot_assumptions_raw_hourly_reconstruction|spot_assumptions_coverage_ratio_0.993836|spot_assumptions_expected_hours_8760|spot_assumptions_actual_hours_8706|observed_relational_uniform_monthly_consumption
2026-07-24,lazesb-keuruun-sahko-oy-kausisahko,open_ended,18,[416],1568,2026-07-28T03:03:23.000000Z,True,,[],historical_household_statistics_scope_assumed|retrospective_exact_source_interpretation|exact_source_legacy_null_observation_binding|spot_assumptions_source_spot_price_hours|spot_assumptions_partial_above_threshold|spot_assumptions_raw_hourly_reconstruction|spot_assumptions_coverage_ratio_0.993836|spot_assumptions_expected_hours_8760|spot_assumptions_actual_hours_8706|supplier_adjusted_tail_uses_comparable_forward_premium|supplier_adjusted_monthly_fee_held_flat|price_episode_observed_proxy|price_episode_left_censored|historical_exact_contract_only|price_episode_uses_dedicated_historical_interpretation|calendar_gap_within_observed_price_episode|price_episode_uses_retrospective_exact_source_interpretation|missing_own_reference_using_comparable_premium|lower_confidence_energy_episode_proxy
2026-07-24,lecan2-hehku-energia-oy-hehku-kiintea-6-kk,fixed_term_6,318,[418],1231,2026-07-24T14:54:30.000000Z,False,,[],historical_household_statistics_scope_assumed|exact_source_legacy_null_observation_binding|spot_assumptions_source_spot_price_hours|spot_assumptions_partial_above_threshold|spot_assumptions_raw_hourly_reconstruction|spot_assumptions_coverage_ratio_0.993836|spot_assumptions_expected_hours_8760|spot_assumptions_actual_hours_8706|term_price_annualized
2026-07-24,leygwa-vattenfall-oy-yrityksen-taystuuli-24-kk,unclassified,,[],,,,,[],missing_historical_snapshot_identity|spot_assumptions_source_spot_price_hours|spot_assumptions_partial_above_threshold|spot_assumptions_raw_hourly_reconstruction|spot_assumptions_coverage_ratio_0.993836|spot_assumptions_expected_hours_8760|spot_assumptions_actual_hours_8706|observed_relational_uniform_monthly_consumption
2026-07-24,lhlgjg-helen-oy-helpposahko-l,open_ended,133,[423],1233,2026-07-24T14:55:10.000000Z,False,,[94],historical_household_statistics_scope_assumed|canonical_interpretation_rejected_by_exact_target_validation|exact_source_legacy_null_observation_binding|spot_assumptions_source_spot_price_hours|spot_assumptions_partial_above_threshold|spot_assumptions_raw_hourly_reconstruction|spot_assumptions_coverage_ratio_0.993836|spot_assumptions_expected_hours_8760|spot_assumptions_actual_hours_8706
2026-07-24,liesmk-alajarven-sahko-oy-aikasahko-yrityksille,unclassified,,[],,,,,[],missing_historical_snapshot_identity|spot_assumptions_source_spot_price_hours|spot_assumptions_partial_above_threshold|spot_assumptions_raw_hourly_reconstruction|spot_assumptions_coverage_ratio_0.993836|spot_assumptions_expected_hours_8760|spot_assumptions_actual_hours_8706|observed_relational_uniform_monthly_consumption
2026-07-24,lis8le-vihrea-alyenergia-oy-vankka-kiintea-12-kk,fixed_term_12,58,[425],1603,2026-07-28T03:11:03.000000Z,True,,[],historical_household_statistics_scope_assumed|retrospective_exact_source_interpretation|exact_source_legacy_null_observation_binding|spot_assumptions_source_spot_price_hours|spot_assumptions_partial_above_threshold|spot_assumptions_raw_hourly_reconstruction|spot_assumptions_coverage_ratio_0.993836|spot_assumptions_expected_hours_8760|spot_assumptions_actual_hours_8706
2026-07-24,lmfnl2-koillis-satakunnan-sahko-oy-ikiwirta-12-kk-aika,fixed_term_12,286,[427],1236,2026-07-24T14:55:41.000000Z,False,,[],historical_household_statistics_scope_assumed|exact_source_legacy_null_observation_binding|spot_assumptions_source_spot_price_hours|spot_assumptions_partial_above_threshold|spot_assumptions_raw_hourly_reconstruction|spot_assumptions_coverage_ratio_0.993836|spot_assumptions_expected_hours_8760|spot_assumptions_actual_hours_8706
2026-07-24,lmwa7h-aanekosken-energia-oy-yleissahko-24-kk,unclassified,,[],,,,,[],missing_historical_snapshot_identity|spot_assumptions_source_spot_price_hours|spot_assumptions_partial_above_threshold|spot_assumptions_raw_hourly_reconstruction|spot_assumptions_coverage_ratio_0.993836|spot_assumptions_expected_hours_8760|spot_assumptions_actual_hours_8706|observed_relational_uniform_monthly_consumption
2026-07-24,lnsjt3-aanekosken-energia-oy-aikasahko,unclassified,,[],,,,,[],missing_historical_snapshot_identity|spot_assumptions_source_spot_price_hours|spot_assumptions_partial_above_threshold|spot_assumptions_raw_hourly_reconstruction|spot_assumptions_coverage_ratio_0.993836|spot_assumptions_expected_hours_8760|spot_assumptions_actual_hours_8706|observed_relational_uniform_monthly_consumption
2026-07-24,lx0qtw-aanekosken-energia-oy-maalaisjarkisahko-kausisahko-6-kk-paastoton,fixed_term_6,408,[437],1863,2026-07-28T04:03:52.000000Z,True,,[],historical_household_statistics_scope_assumed|retrospective_exact_source_interpretation|exact_source_legacy_null_observation_binding|spot_assumptions_source_spot_price_hours|spot_assumptions_partial_above_threshold|spot_assumptions_raw_hourly_reconstruction|spot_assumptions_coverage_ratio_0.993836|spot_assumptions_expected_hours_8760|spot_assumptions_actual_hours_8706|term_price_annualized
2026-07-24,lzexuk-parikkalan-valo-oy-kesto-valo-kanta-asiakas-yritys,unclassified,,[],,,,,[],missing_historical_snapshot_identity|spot_assumptions_source_spot_price_hours|spot_assumptions_partial_above_threshold|spot_assumptions_raw_hourly_reconstruction|spot_assumptions_coverage_ratio_0.993836|spot_assumptions_expected_hours_8760|spot_assumptions_actual_hours_8706|observed_relational_uniform_monthly_consumption
2026-07-24,lzyqzg-turku-energia-oy-louna-porssi,spot,56,[439],1601,2026-07-28T03:10:25.000000Z,True,,[],historical_household_statistics_scope_assumed|retrospective_exact_source_interpretation|exact_source_legacy_null_observation_binding|spot_assumptions_source_spot_price_hours|spot_assumptions_partial_above_threshold|spot_assumptions_raw_hourly_reconstruction|spot_assumptions_coverage_ratio_0.993836|spot_assumptions_expected_hours_8760|spot_assumptions_actual_hours_8706|spot_estimate_confidence_higher|spot_forward_curve_with_rolling_365_intraday_shape|partial_shape_coverage|forward_month_from_quarter_contract
2026-07-24,m0ool9-seinajoen-energia-oy-se-oikea-yleissahko,unclassified,,[],,,,,[],missing_historical_snapshot_identity|spot_assumptions_source_spot_price_hours|spot_assumptions_partial_above_threshold|spot_assumptions_raw_hourly_reconstruction|spot_assumptions_coverage_ratio_0.993836|spot_assumptions_expected_hours_8760|spot_assumptions_actual_hours_8706|observed_relational_uniform_monthly_consumption
2026-07-24,m7iihr-lumme-energia-joustosahko-12-kk-vaikuta-itse-sahkosi-hintaan,hybrid,172,[441],1243,2026-07-24T14:57:45.000000Z,False,,[],historical_household_statistics_scope_assumed|exact_source_legacy_null_observation_binding|spot_assumptions_source_spot_price_hours|spot_assumptions_partial_above_threshold|spot_assumptions_raw_hourly_reconstruction|spot_assumptions_coverage_ratio_0.993836|spot_assumptions_expected_hours_8760|spot_assumptions_actual_hours_8706|excludes_consumption_effect
2026-07-24,mchasn-vaasan-sahko-myynti-oy-tuulisahko-yosahko,quarterly,92,[443],396,2026-07-24T04:13:18.000000Z,False,,"[819, 1244, 1629]",historical_household_statistics_scope_assumed|canonical_interpretation_rejected_by_exact_target_validation|historical_temporal_source_validation_unavailable|exact_source_legacy_null_observation_binding|spot_assumptions_source_spot_price_hours|spot_assumptions_partial_above_threshold|spot_assumptions_raw_hourly_reconstruction|spot_assumptions_coverage_ratio_0.993836|spot_assumptions_expected_hours_8760|spot_assumptions_actual_hours_8706|reset_tail_shifted_on_forward_curve|forward_month_from_quarter_contract
2026-07-24,mdf8fw-keravan-energia-oy-fiksusahko-luonnonvoima,spot,210,[444],1715,2026-07-28T03:33:49.000000Z,True,,[],historical_household_statistics_scope_assumed|retrospective_exact_source_interpretation|exact_source_legacy_null_observation_binding|spot_assumptions_source_spot_price_hours|spot_assumptions_partial_above_threshold|spot_assumptions_raw_hourly_reconstruction|spot_assumptions_coverage_ratio_0.993836|spot_assumptions_expected_hours_8760|spot_assumptions_actual_hours_8706|spot_estimate_confidence_higher|spot_forward_curve_with_rolling_365_intraday_shape|partial_shape_coverage|forward_month_from_quarter_contract
2026-07-24,me5udx-alajarven-sahko-oy-aikasahko-24-kk-yrityksille,unclassified,,[],,,,,[],missing_historical_snapshot_identity|spot_assumptions_source_spot_price_hours|spot_assumptions_partial_above_threshold|spot_assumptions_raw_hourly_reconstruction|spot_assumptions_coverage_ratio_0.993836|spot_assumptions_expected_hours_8760|spot_assumptions_actual_hours_8706|observed_relational_uniform_monthly_consumption
2026-07-24,mfxy4n-helen-oy-markkinahintasahko,open_ended,106,[446],1640,2026-07-28T03:18:35.000000Z,True,,[822],historical_household_statistics_scope_assumed|canonical_interpretation_rejected_by_exact_target_validation|historical_temporal_source_validation_unavailable|retrospective_exact_source_interpretation|exact_source_legacy_null_observation_binding|spot_assumptions_source_spot_price_hours|spot_assumptions_partial_above_threshold|spot_assumptions_raw_hourly_reconstruction|spot_assumptions_coverage_ratio_0.993836|spot_assumptions_expected_hours_8760|spot_assumptions_actual_hours_8706|reset_tail_shifted_on_forward_curve|unknown_periods_use_latest_applicable_price_or_disclosed_normal|forward_month_from_quarter_contract
2026-07-24,mjkxsk-vattenfall-oy-taystuuli-24-kk,fixed_term_24,441,[448],1889,2026-07-28T04:08:10.000000Z,True,,[],historical_household_statistics_scope_assumed|retrospective_exact_source_interpretation|exact_source_legacy_null_observation_binding|spot_assumptions_source_spot_price_hours|spot_assumptions_partial_above_threshold|spot_assumptions_raw_hourly_reconstruction|spot_assumptions_coverage_ratio_0.993836|spot_assumptions_expected_hours_8760|spot_assumptions_actual_hours_8706
2026-07-24,mkcxd3-oomi-oy-toimitusvelvollinen-spot,spot,301,[450],1774,2026-07-28T03:46:06.000000Z,True,,[],historical_household_statistics_scope_assumed|retrospective_exact_source_interpretation|exact_source_legacy_null_observation_binding|spot_assumptions_source_spot_price_hours|spot_assumptions_partial_above_threshold|spot_assumptions_raw_hourly_reconstruction|spot_assumptions_coverage_ratio_0.993836|spot_assumptions_expected_hours_8760|spot_assumptions_actual_hours_8706|spot_estimate_confidence_higher|spot_forward_curve_with_rolling_365_intraday_shape|partial_shape_coverage|forward_month_from_quarter_contract
2026-07-24,mozut8-vattenfall-oy-ilmasto-mix-6-kk,fixed_term_6,22,[451],1250,2026-07-24T14:59:39.000000Z,False,,[],historical_household_statistics_scope_assumed|exact_source_legacy_null_observation_binding|spot_assumptions_source_spot_price_hours|spot_assumptions_partial_above_threshold|spot_assumptions_raw_hourly_reconstruction|spot_assumptions_coverage_ratio_0.993836|spot_assumptions_expected_hours_8760|spot_assumptions_actual_hours_8706|term_price_annualized
2026-07-24,mp4rls-nordic-green-energy-uusiutuva-hybridi-12k,hybrid,113,[452],1645,2026-07-28T03:19:37.000000Z,True,,[],historical_household_statistics_scope_assumed|retrospective_exact_source_interpretation|exact_source_legacy_null_observation_binding|spot_assumptions_source_spot_price_hours|spot_assumptions_partial_above_threshold|spot_assumptions_raw_hourly_reconstruction|spot_assumptions_coverage_ratio_0.993836|spot_assumptions_expected_hours_8760|spot_assumptions_actual_hours_8706|excludes_consumption_effect
2026-07-24,mxkabq-vaasan-sahko-myynti-oy-porssisahko,spot,344,[454],1808,2026-07-28T03:52:24.000000Z,True,,[],historical_household_statistics_scope_assumed|retrospective_exact_source_interpretation|exact_source_legacy_null_observation_binding|spot_assumptions_source_spot_price_hours|spot_assumptions_partial_above_threshold|spot_assumptions_raw_hourly_reconstruction|spot_assumptions_coverage_ratio_0.993836|spot_assumptions_expected_hours_8760|spot_assumptions_actual_hours_8706|spot_estimate_confidence_higher|spot_forward_curve_with_rolling_365_intraday_shape|partial_shape_coverage|forward_month_from_quarter_contract
2026-07-24,n2hxzq-vihrea-alyenergia-oy-verraton-porssisahko-tarjous-ensimmaiset-6-kk,spot,445,[457],,,,,"[405, 828, 1253]",canonical_interpretation_rejected_by_exact_target_validation|canonical_omitted_no_valid_interpretation_as_of_date|spot_assumptions_source_spot_price_hours|spot_assumptions_partial_above_threshold|spot_assumptions_raw_hourly_reconstruction|spot_assumptions_coverage_ratio_0.993836|spot_assumptions_expected_hours_8760|spot_assumptions_actual_hours_8706|observed_relational_uniform_monthly_consumption|spot_estimate_confidence_higher|partial_shape_coverage|forward_month_from_quarter_contract
2026-07-24,n2vo1z-aanekosken-energia-oy-porssisahko-tunti,spot,78,[466],1616,2026-07-28T03:13:54.000000Z,True,,[],historical_household_statistics_scope_assumed|retrospective_exact_source_interpretation|exact_source_legacy_null_observation_binding|spot_assumptions_source_spot_price_hours|spot_assumptions_partial_above_threshold|spot_assumptions_raw_hourly_reconstruction|spot_assumptions_coverage_ratio_0.993836|spot_assumptions_expected_hours_8760|spot_assumptions_actual_hours_8706|spot_estimate_confidence_higher|spot_forward_curve_with_rolling_365_intraday_shape|partial_shape_coverage|forward_month_from_quarter_contract
2026-07-24,n4vf8t-helen-oy-maaraaikainen-vakaasahko-24-kk,unclassified,,[],,,,,[],missing_historical_snapshot_identity|spot_assumptions_source_spot_price_hours|spot_assumptions_partial_above_threshold|spot_assumptions_raw_hourly_reconstruction|spot_assumptions_coverage_ratio_0.993836|spot_assumptions_expected_hours_8760|spot_assumptions_actual_hours_8706|observed_relational_uniform_monthly_consumption
2026-07-24,ndjavi-fortum-markets-oy-yritys-duo-24kk-yleissahko,unclassified,,[],,,,,[],missing_historical_snapshot_identity|spot_assumptions_source_spot_price_hours|spot_assumptions_partial_above_threshold|spot_assumptions_raw_hourly_reconstruction|spot_assumptions_coverage_ratio_0.993836|spot_assumptions_expected_hours_8760|spot_assumptions_actual_hours_8706|observed_relational_uniform_monthly_consumption
2026-07-24,nea9qs-vaasan-sahko-myynti-oy-kiintea-vaikuttaja-12-kk,hybrid,435,[472],1257,2026-07-24T15:01:45.000000Z,False,,[],historical_household_statistics_scope_assumed|exact_source_legacy_null_observation_binding|spot_assumptions_source_spot_price_hours|spot_assumptions_partial_above_threshold|spot_assumptions_raw_hourly_reconstruction|spot_assumptions_coverage_ratio_0.993836|spot_assumptions_expected_hours_8760|spot_assumptions_actual_hours_8706|excludes_consumption_effect
2026-07-24,next4d-aalto-energia-oyj-aalto-kuukausihinta,open_ended,239,[481],1737,2026-07-28T03:38:35.000000Z,True,,"[78, 83, 833]",historical_household_statistics_scope_assumed|canonical_interpretation_rejected_by_exact_target_validation|retrospective_exact_source_interpretation|exact_source_legacy_null_observation_binding|spot_assumptions_source_spot_price_hours|spot_assumptions_partial_above_threshold|spot_assumptions_raw_hourly_reconstruction|spot_assumptions_coverage_ratio_0.993836|spot_assumptions_expected_hours_8760|spot_assumptions_actual_hours_8706|reset_tail_shifted_on_forward_curve|forward_month_from_quarter_contract
2026-07-24,nfqumt-turku-energia-oy-louna-varma,open_ended,277,[482],1759,2026-07-28T03:43:06.000000Z,True,,[],historical_household_statistics_scope_assumed|retrospective_exact_source_interpretation|exact_source_legacy_null_observation_binding|spot_assumptions_source_spot_price_hours|spot_assumptions_partial_above_threshold|spot_assumptions_raw_hourly_reconstruction|spot_assumptions_coverage_ratio_0.993836|spot_assumptions_expected_hours_8760|spot_assumptions_actual_hours_8706|reset_tail_shifted_on_forward_curve|forward_month_from_quarter_contract
2026-07-24,nlac9s-seinajoen-energia-oy-se-oikea-yleissahko,open_ended,422,[483],1876,2026-07-28T04:05:43.000000Z,True,,[],historical_household_statistics_scope_assumed|retrospective_exact_source_interpretation|exact_source_legacy_null_observation_binding|spot_assumptions_source_spot_price_hours|spot_assumptions_partial_above_threshold|spot_assumptions_raw_hourly_reconstruction|spot_assumptions_coverage_ratio_0.993836|spot_assumptions_expected_hours_8760|spot_assumptions_actual_hours_8706|supplier_adjusted_tail_shifted_on_forward_curve|supplier_adjusted_monthly_fee_held_flat|price_episode_observed_proxy|price_episode_left_censored|historical_exact_contract_only|price_episode_uses_dedicated_historical_interpretation|price_episode_uses_retrospective_exact_source_interpretation|forward_month_from_quarter_contract
2026-07-24,nmamnd-vattenfall-oy-yrityksen-kesto,unclassified,,[],,,,,[],missing_historical_snapshot_identity|spot_assumptions_source_spot_price_hours|spot_assumptions_partial_above_threshold|spot_assumptions_raw_hourly_reconstruction|spot_assumptions_coverage_ratio_0.993836|spot_assumptions_expected_hours_8760|spot_assumptions_actual_hours_8706|observed_relational_uniform_monthly_consumption
2026-07-24,npaf38-alajarven-sahko-oy-yleissahko-24-kk-yrityksille,unclassified,,[],,,,,[],missing_historical_snapshot_identity|spot_assumptions_source_spot_price_hours|spot_assumptions_partial_above_threshold|spot_assumptions_raw_hourly_reconstruction|spot_assumptions_coverage_ratio_0.993836|spot_assumptions_expected_hours_8760|spot_assumptions_actual_hours_8706|observed_relational_uniform_monthly_consumption
2026-07-24,nvllc4-vattenfall-oy-optimi-porssisahko-6-kk-perusmaksu-0,spot,329,[491],1794,2026-07-28T03:50:15.000000Z,True,,[],historical_household_statistics_scope_assumed|retrospective_exact_source_interpretation|exact_source_legacy_null_observation_binding|spot_assumptions_source_spot_price_hours|spot_assumptions_partial_above_threshold|spot_assumptions_raw_hourly_reconstruction|spot_assumptions_coverage_ratio_0.993836|spot_assumptions_expected_hours_8760|spot_assumptions_actual_hours_8706|historical_consumption_out_of_range
2026-07-24,nwp0pg-aanekosken-energia-oy-maalaisjarkisahko-yleissahko-6-kk-paastoton,fixed_term_6,410,[492],1865,2026-07-28T04:04:07.000000Z,True,,[],historical_household_statistics_scope_assumed|retrospective_exact_source_interpretation|exact_source_legacy_null_observation_binding|spot_assumptions_source_spot_price_hours|spot_assumptions_partial_above_threshold|spot_assumptions_raw_hourly_reconstruction|spot_assumptions_coverage_ratio_0.993836|spot_assumptions_expected_hours_8760|spot_assumptions_actual_hours_8706|term_price_annualized
2026-07-24,nz8qob-koillis-satakunnan-sahko-oy-vakaawirta-12-kk-aika,fixed_term_12,36,[493],1265,2026-07-24T15:04:11.000000Z,False,,[],historical_household_statistics_scope_assumed|exact_source_legacy_null_observation_binding|spot_assumptions_source_spot_price_hours|spot_assumptions_partial_above_threshold|spot_assumptions_raw_hourly_reconstruction|spot_assumptions_coverage_ratio_0.993836|spot_assumptions_expected_hours_8760|spot_assumptions_actual_hours_8706
2026-07-24,o4v6dj-vaasan-sahko-myynti-oy-kiintea-vaikuttaja-6-kk-yrityksille,unclassified,,[],,,,,[],missing_historical_snapshot_identity|spot_assumptions_source_spot_price_hours|spot_assumptions_partial_above_threshold|spot_assumptions_raw_hourly_reconstruction|spot_assumptions_coverage_ratio_0.993836|spot_assumptions_expected_hours_8760|spot_assumptions_actual_hours_8706|observed_relational_uniform_monthly_consumption
2026-07-24,o6lt9w-vaasan-sahko-myynti-oy-kiintea-vaikuttaja-24-kk,hybrid,452,[507],1267,2026-07-24T15:05:08.000000Z,False,,[],historical_household_statistics_scope_assumed|exact_source_legacy_null_observation_binding|spot_assumptions_source_spot_price_hours|spot_assumptions_partial_above_threshold|spot_assumptions_raw_hourly_reconstruction|spot_assumptions_coverage_ratio_0.993836|spot_assumptions_expected_hours_8760|spot_assumptions_actual_hours_8706|excludes_consumption_effect
2026-07-24,o8rhp6-aanekosken-energia-oy-porssisahko,spot,376,[516],1831,2026-07-28T03:58:40.000000Z,True,,[],historical_household_statistics_scope_assumed|retrospective_exact_source_interpretation|exact_source_legacy_null_observation_binding|spot_assumptions_source_spot_price_hours|spot_assumptions_partial_above_threshold|spot_assumptions_raw_hourly_reconstruction|spot_assumptions_coverage_ratio_0.993836|spot_assumptions_expected_hours_8760|spot_assumptions_actual_hours_8706|spot_estimate_confidence_higher|spot_forward_curve_with_rolling_365_intraday_shape|partial_shape_coverage|forward_month_from_quarter_contract
2026-07-24,o9jk8v-helen-oy-maaraaikainen-valkkysahko-24-kk,hybrid,456,[518],1269,2026-07-24T15:05:37.000000Z,False,,[],historical_household_statistics_scope_assumed|exact_source_legacy_null_observation_binding|spot_assumptions_source_spot_price_hours|spot_assumptions_partial_above_threshold|spot_assumptions_raw_hourly_reconstruction|spot_assumptions_coverage_ratio_0.993836|spot_assumptions_expected_hours_8760|spot_assumptions_actual_hours_8706|excludes_consumption_effect
2026-07-24,o9njxl-herrfors-oy-ab-spot,spot,28,[519],1577,2026-07-28T03:04:59.000000Z,True,,[],historical_household_statistics_scope_assumed|retrospective_exact_source_interpretation|exact_source_legacy_null_observation_binding|spot_assumptions_source_spot_price_hours|spot_assumptions_partial_above_threshold|spot_assumptions_raw_hourly_reconstruction|spot_assumptions_coverage_ratio_0.993836|spot_assumptions_expected_hours_8760|spot_assumptions_actual_hours_8706|spot_estimate_confidence_higher|spot_forward_curve_with_rolling_365_intraday_shape|partial_shape_coverage|forward_month_from_quarter_contract
2026-07-24,oglcpd-seinajoen-energia-oy-porssisahko,unclassified,,[],,,,,[],missing_historical_snapshot_identity|spot_assumptions_source_spot_price_hours|spot_assumptions_partial_above_threshold|spot_assumptions_raw_hourly_reconstruction|spot_assumptions_coverage_ratio_0.993836|spot_assumptions_expected_hours_8760|spot_assumptions_actual_hours_8706|observed_relational_uniform_monthly_consumption
2026-07-24,okinid-keravan-energia-oy-joustosahko-24-kk,hybrid,375,[522],1830,2026-07-28T03:58:32.000000Z,True,,[],historical_household_statistics_scope_assumed|retrospective_exact_source_interpretation|exact_source_legacy_null_observation_binding|spot_assumptions_source_spot_price_hours|spot_assumptions_partial_above_threshold|spot_assumptions_raw_hourly_reconstruction|spot_assumptions_coverage_ratio_0.993836|spot_assumptions_expected_hours_8760|spot_assumptions_actual_hours_8706|excludes_consumption_effect
2026-07-24,okmsyk-cheap-energy-finland-oy-cheap-maaraaikainen-6-kk,fixed_term_6,93,[523],,,,,"[424, 848, 1273]",canonical_interpretation_rejected_by_exact_target_validation|canonical_omitted_no_valid_interpretation_as_of_date|spot_assumptions_source_spot_price_hours|spot_assumptions_partial_above_threshold|spot_assumptions_raw_hourly_reconstruction|spot_assumptions_coverage_ratio_0.993836|spot_assumptions_expected_hours_8760|spot_assumptions_actual_hours_8706|observed_relational_uniform_monthly_consumption
2026-07-24,onnuwd-nurmijarven-sahko-oy-aikasahko,open_ended,14,[524],1564,2026-07-28T03:02:56.000000Z,True,,[],historical_household_statistics_scope_assumed|retrospective_exact_source_interpretation|exact_source_legacy_null_observation_binding|spot_assumptions_source_spot_price_hours|spot_assumptions_partial_above_threshold|spot_assumptions_raw_hourly_reconstruction|spot_assumptions_coverage_ratio_0.993836|spot_assumptions_expected_hours_8760|spot_assumptions_actual_hours_8706|supplier_adjusted_tail_uses_comparable_forward_premium|supplier_adjusted_monthly_fee_held_flat|price_episode_observed_proxy|price_episode_left_censored|historical_exact_contract_only|price_episode_uses_dedicated_historical_interpretation|calendar_gap_within_observed_price_episode|price_episode_uses_retrospective_exact_source_interpretation|missing_own_reference_using_comparable_premium|lower_confidence_energy_episode_proxy
2026-07-24,ooqxn6-turku-energia-oy-louna-varma-yritykset,unclassified,,[],,,,,[],missing_historical_snapshot_identity|spot_assumptions_source_spot_price_hours|spot_assumptions_partial_above_threshold|spot_assumptions_raw_hourly_reconstruction|spot_assumptions_coverage_ratio_0.993836|spot_assumptions_expected_hours_8760|spot_assumptions_actual_hours_8706|observed_relational_uniform_monthly_consumption
2026-07-24,oqgnpq-fortum-markets-oy-fortum-yritys-spot-portfolio-1v,unclassified,,[],,,,,[],missing_historical_snapshot_identity|spot_assumptions_source_spot_price_hours|spot_assumptions_partial_above_threshold|spot_assumptions_raw_hourly_reconstruction|spot_assumptions_coverage_ratio_0.993836|spot_assumptions_expected_hours_8760|spot_assumptions_actual_hours_8706|observed_relational_uniform_monthly_consumption
2026-07-24,oriuhg-porvoon-energia-oy-wind-24-kk-kotimainen-tuulisahko,fixed_term_24,179,[527],1277,2026-07-24T15:07:52.000000Z,False,,[],historical_household_statistics_scope_assumed|exact_source_legacy_null_observation_binding|spot_assumptions_source_spot_price_hours|spot_assumptions_partial_above_threshold|spot_assumptions_raw_hourly_reconstruction|spot_assumptions_coverage_ratio_0.993836|spot_assumptions_expected_hours_8760|spot_assumptions_actual_hours_8706
2026-07-24,osszso-aalto-energia-oyj-luotsi-porssisahko-tarjous-perusmaksu-099-ensimmaiset-12kk,spot,8,[528],,,,,"[72, 429, 853, 1278, 1559]",canonical_interpretation_rejected_by_exact_target_validation|historical_temporal_source_validation_unavailable|canonical_omitted_no_valid_interpretation_as_of_date|spot_assumptions_source_spot_price_hours|spot_assumptions_partial_above_threshold|spot_assumptions_raw_hourly_reconstruction|spot_assumptions_coverage_ratio_0.993836|spot_assumptions_expected_hours_8760|spot_assumptions_actual_hours_8706|observed_relational_uniform_monthly_consumption|spot_estimate_confidence_higher|partial_shape_coverage|forward_month_from_quarter_contract
2026-07-24,ozjhpb-helen-oy-kayttosahko,open_ended,383,[529],1838,2026-07-28T04:00:03.000000Z,True,,[],historical_household_statistics_scope_assumed|retrospective_exact_source_interpretation|exact_source_legacy_null_observation_binding|spot_assumptions_source_spot_price_hours|spot_assumptions_partial_above_threshold|spot_assumptions_raw_hourly_reconstruction|spot_assumptions_coverage_ratio_0.993836|spot_assumptions_expected_hours_8760|spot_assumptions_actual_hours_8706|supplier_adjusted_tail_uses_comparable_forward_premium|supplier_adjusted_monthly_fee_held_flat|price_episode_observed_proxy|price_episode_left_censored|historical_exact_contract_only|price_episode_uses_dedicated_historical_interpretation|calendar_gap_within_observed_price_episode|price_episode_uses_retrospective_exact_source_interpretation|missing_own_reference_using_comparable_premium|lower_confidence_energy_episode_proxy
2026-07-24,p1oviu-aanekosken-energia-oy-porssisahko,unclassified,,[],,,,,[],missing_historical_snapshot_identity|spot_assumptions_source_spot_price_hours|spot_assumptions_partial_above_threshold|spot_assumptions_raw_hourly_reconstruction|spot_assumptions_coverage_ratio_0.993836|spot_assumptions_expected_hours_8760|spot_assumptions_actual_hours_8706|observed_relational_uniform_monthly_consumption
2026-07-24,p8k8ke-kokkolan-energia-oy-surffari-kesakampanja,unclassified,,[],,,,,[],missing_historical_snapshot_identity|spot_assumptions_source_spot_price_hours|spot_assumptions_partial_above_threshold|spot_assumptions_raw_hourly_reconstruction|spot_assumptions_coverage_ratio_0.993836|spot_assumptions_expected_hours_8760|spot_assumptions_actual_hours_8706|observed_relational_uniform_monthly_consumption
2026-07-24,pgkbdj-vihrea-alyenergia-oy-vankka-kiintea-24-kk,fixed_term_24,331,[538],1796,2026-07-28T03:50:36.000000Z,True,,[],historical_household_statistics_scope_assumed|retrospective_exact_source_interpretation|exact_source_legacy_null_observation_binding|spot_assumptions_source_spot_price_hours|spot_assumptions_partial_above_threshold|spot_assumptions_raw_hourly_reconstruction|spot_assumptions_coverage_ratio_0.993836|spot_assumptions_expected_hours_8760|spot_assumptions_actual_hours_8706
2026-07-24,pk8hwv-vihrea-alyenergia-oy-vire-tuuli-kiintea-12-kk,fixed_term_12,51,[539],1596,2026-07-28T03:08:41.000000Z,True,,[],historical_household_statistics_scope_assumed|retrospective_exact_source_interpretation|exact_source_legacy_null_observation_binding|spot_assumptions_source_spot_price_hours|spot_assumptions_partial_above_threshold|spot_assumptions_raw_hourly_reconstruction|spot_assumptions_coverage_ratio_0.993836|spot_assumptions_expected_hours_8760|spot_assumptions_actual_hours_8706
2026-07-24,pkdzdu-keravan-energia-oy-perussahko-yleis-6-kk,fixed_term_6,368,[540],1825,2026-07-28T03:57:33.000000Z,True,,[],historical_household_statistics_scope_assumed|retrospective_exact_source_interpretation|exact_source_legacy_null_observation_binding|spot_assumptions_source_spot_price_hours|spot_assumptions_partial_above_threshold|spot_assumptions_raw_hourly_reconstruction|spot_assumptions_coverage_ratio_0.993836|spot_assumptions_expected_hours_8760|spot_assumptions_actual_hours_8706|term_price_annualized
2026-07-24,plbcxh-kokkolan-energia-oy-vuodenaika,quarterly,353,[541],,,,,"[435, 860, 1285]",canonical_interpretation_rejected_by_exact_target_validation|historical_temporal_source_validation_unavailable|canonical_omitted_no_valid_interpretation_as_of_date|spot_assumptions_source_spot_price_hours|spot_assumptions_partial_above_threshold|spot_assumptions_raw_hourly_reconstruction|spot_assumptions_coverage_ratio_0.993836|spot_assumptions_expected_hours_8760|spot_assumptions_actual_hours_8706|observed_relational_uniform_monthly_consumption|relational_open_ended_no_proven_historical_adjustment_mechanism
2026-07-24,poj0gf-lammaisten-energia-oy-iisi-kulutusjousto-aikasahko-12-kk,hybrid,68,[542],1610,2026-07-28T03:12:34.000000Z,True,,[],historical_household_statistics_scope_assumed|retrospective_exact_source_interpretation|exact_source_legacy_null_observation_binding|spot_assumptions_source_spot_price_hours|spot_assumptions_partial_above_threshold|spot_assumptions_raw_hourly_reconstruction|spot_assumptions_coverage_ratio_0.993836|spot_assumptions_expected_hours_8760|spot_assumptions_actual_hours_8706|excludes_consumption_effect
2026-07-24,ppiuwo-herrfors-oy-ab-yleissahko,open_ended,429,[544],1883,2026-07-28T04:06:57.000000Z,True,,[],historical_household_statistics_scope_assumed|retrospective_exact_source_interpretation|exact_source_legacy_null_observation_binding|spot_assumptions_source_spot_price_hours|spot_assumptions_partial_above_threshold|spot_assumptions_raw_hourly_reconstruction|spot_assumptions_coverage_ratio_0.993836|spot_assumptions_expected_hours_8760|spot_assumptions_actual_hours_8706|supplier_adjusted_tail_shifted_on_forward_curve|supplier_adjusted_monthly_fee_held_flat|price_episode_observed_proxy|price_episode_left_censored|historical_exact_contract_only|prior_energy_evidence_changed_unknown_or_conflicting|price_episode_uses_retrospective_exact_source_interpretation|forward_month_from_quarter_contract
2026-07-24,ppjoe9-lammaisten-energia-oy-iisi-helpposahko-aikasahko-12-kk,fixed_term_12,339,[545],1803,2026-07-28T03:51:39.000000Z,True,,[66],historical_household_statistics_scope_assumed|canonical_interpretation_rejected_by_exact_target_validation|retrospective_exact_source_interpretation|exact_source_legacy_null_observation_binding|spot_assumptions_source_spot_price_hours|spot_assumptions_partial_above_threshold|spot_assumptions_raw_hourly_reconstruction|spot_assumptions_coverage_ratio_0.993836|spot_assumptions_expected_hours_8760|spot_assumptions_actual_hours_8706
2026-07-24,ppwyv2-lammaisten-energia-oy-toimitusvelvollinen-kausisahko,open_ended,443,[547],1289,2026-07-24T15:11:26.000000Z,False,,[],historical_household_statistics_scope_assumed|exact_source_legacy_null_observation_binding|spot_assumptions_source_spot_price_hours|spot_assumptions_partial_above_threshold|spot_assumptions_raw_hourly_reconstruction|spot_assumptions_coverage_ratio_0.993836|spot_assumptions_expected_hours_8760|spot_assumptions_actual_hours_8706|supplier_adjusted_tail_shifted_on_forward_curve|supplier_adjusted_monthly_fee_held_flat|price_episode_observed_proxy|price_episode_left_censored|historical_exact_contract_only|prior_energy_evidence_changed_unknown_or_conflicting|forward_month_from_quarter_contract
2026-07-24,pqfn0s-hehku-energia-oy-hehku-jousto-24-kk-ensimmaiset-3-kk-perusmaksu-0,hybrid,356,[556],1815,2026-07-28T03:55:21.000000Z,True,,[],historical_household_statistics_scope_assumed|retrospective_exact_source_interpretation|exact_source_legacy_null_observation_binding|spot_assumptions_source_spot_price_hours|spot_assumptions_partial_above_threshold|spot_assumptions_raw_hourly_reconstruction|spot_assumptions_coverage_ratio_0.993836|spot_assumptions_expected_hours_8760|spot_assumptions_actual_hours_8706|excludes_consumption_effect
2026-07-24,psutqh-lammaisten-energia-oy-iisi-helpposahko-yleissahko-12-kk,fixed_term_12,213,[559],1717,2026-07-28T03:34:08.000000Z,True,,[],historical_household_statistics_scope_assumed|retrospective_exact_source_interpretation|exact_source_legacy_null_observation_binding|spot_assumptions_source_spot_price_hours|spot_assumptions_partial_above_threshold|spot_assumptions_raw_hourly_reconstruction|spot_assumptions_coverage_ratio_0.993836|spot_assumptions_expected_hours_8760|spot_assumptions_actual_hours_8706
2026-07-24,pszotq-nurmijarven-sahko-oy-kausisahko,open_ended,13,[560],1563,2026-07-28T03:02:46.000000Z,True,,[],historical_household_statistics_scope_assumed|retrospective_exact_source_interpretation|exact_source_legacy_null_observation_binding|spot_assumptions_source_spot_price_hours|spot_assumptions_partial_above_threshold|spot_assumptions_raw_hourly_reconstruction|spot_assumptions_coverage_ratio_0.993836|spot_assumptions_expected_hours_8760|spot_assumptions_actual_hours_8706|supplier_adjusted_tail_uses_comparable_forward_premium|supplier_adjusted_monthly_fee_held_flat|price_episode_observed_proxy|price_episode_left_censored|historical_exact_contract_only|price_episode_uses_dedicated_historical_interpretation|calendar_gap_within_observed_price_episode|price_episode_uses_retrospective_exact_source_interpretation|missing_own_reference_using_comparable_premium|lower_confidence_energy_episode_proxy
2026-07-24,pvhkra-vaasan-sahko-myynti-oy-kiintea-24-kk-yleissahko,fixed_term_24,205,[561],1711,2026-07-28T03:33:04.000000Z,True,,[],historical_household_statistics_scope_assumed|retrospective_exact_source_interpretation|exact_source_legacy_null_observation_binding|spot_assumptions_source_spot_price_hours|spot_assumptions_partial_above_threshold|spot_assumptions_raw_hourly_reconstruction|spot_assumptions_coverage_ratio_0.993836|spot_assumptions_expected_hours_8760|spot_assumptions_actual_hours_8706
2026-07-24,pyhgkn-vaasan-sahko-myynti-oy-kuukausipaketti-xs,open_ended,264,[564],1751,2026-07-28T03:41:34.000000Z,True,,[1294],historical_household_statistics_scope_assumed|canonical_interpretation_rejected_by_exact_target_validation|retrospective_exact_source_interpretation|exact_source_legacy_null_observation_binding|spot_assumptions_source_spot_price_hours|spot_assumptions_partial_above_threshold|spot_assumptions_raw_hourly_reconstruction|spot_assumptions_coverage_ratio_0.993836|spot_assumptions_expected_hours_8760|spot_assumptions_actual_hours_8706
2026-07-24,q2gfjf-vattenfall-oy-optimi-porssisahko-perusmaksut-50-ensimmaiset-12-kuukautta,spot,354,[565],1813,2026-07-28T03:53:20.000000Z,True,,[],historical_household_statistics_scope_assumed|retrospective_exact_source_interpretation|exact_source_legacy_null_observation_binding|spot_assumptions_source_spot_price_hours|spot_assumptions_partial_above_threshold|spot_assumptions_raw_hourly_reconstruction|spot_assumptions_coverage_ratio_0.993836|spot_assumptions_expected_hours_8760|spot_assumptions_actual_hours_8706|spot_estimate_confidence_higher|spot_forward_curve_with_rolling_365_intraday_shape|partial_shape_coverage|forward_month_from_quarter_contract
2026-07-24,qezbfw-vattenfall-oy-taysvesi-12-kk,fixed_term_12,289,[568],1769,2026-07-28T03:45:11.000000Z,True,,[],historical_household_statistics_scope_assumed|retrospective_exact_source_interpretation|exact_source_legacy_null_observation_binding|spot_assumptions_source_spot_price_hours|spot_assumptions_partial_above_threshold|spot_assumptions_raw_hourly_reconstruction|spot_assumptions_coverage_ratio_0.993836|spot_assumptions_expected_hours_8760|spot_assumptions_actual_hours_8706
2026-07-24,qftxhb-oomi-oy-toimitusvelvollinen-sahko,open_ended,256,[569],1748,2026-07-28T03:40:42.000000Z,True,,[],historical_household_statistics_scope_assumed|retrospective_exact_source_interpretation|exact_source_legacy_null_observation_binding|spot_assumptions_source_spot_price_hours|spot_assumptions_partial_above_threshold|spot_assumptions_raw_hourly_reconstruction|spot_assumptions_coverage_ratio_0.993836|spot_assumptions_expected_hours_8760|spot_assumptions_actual_hours_8706|supplier_adjusted_tail_uses_comparable_forward_premium|supplier_adjusted_monthly_fee_held_flat|price_episode_observed_proxy|price_episode_left_censored|historical_exact_contract_only|price_episode_uses_dedicated_historical_interpretation|calendar_gap_within_observed_price_episode|price_episode_uses_retrospective_exact_source_interpretation|missing_own_reference_using_comparable_premium|lower_confidence_energy_episode_proxy
2026-07-24,qgpgvd-herrfors-oy-ab-vakaa,open_ended,433,[570],1887,2026-07-28T04:07:38.000000Z,True,,[],historical_household_statistics_scope_assumed|retrospective_exact_source_interpretation|exact_source_legacy_null_observation_binding|spot_assumptions_source_spot_price_hours|spot_assumptions_partial_above_threshold|spot_assumptions_raw_hourly_reconstruction|spot_assumptions_coverage_ratio_0.993836|spot_assumptions_expected_hours_8760|spot_assumptions_actual_hours_8706|supplier_adjusted_tail_shifted_on_forward_curve|supplier_adjusted_monthly_fee_held_flat|price_episode_observed_proxy|price_episode_left_censored|historical_exact_contract_only|price_episode_uses_dedicated_historical_interpretation|price_episode_uses_retrospective_exact_source_interpretation|forward_month_from_quarter_contract
2026-07-24,qpc4c9-vihrea-alyenergia-oy-hintalukko-porssisahko-kiinnitysmahdollisuus,spot,194,[571],1703,2026-07-28T03:31:33.000000Z,True,,[],historical_household_statistics_scope_assumed|retrospective_exact_source_interpretation|exact_source_legacy_null_observation_binding|spot_assumptions_source_spot_price_hours|spot_assumptions_partial_above_threshold|spot_assumptions_raw_hourly_reconstruction|spot_assumptions_coverage_ratio_0.993836|spot_assumptions_expected_hours_8760|spot_assumptions_actual_hours_8706|spot_estimate_confidence_higher|spot_forward_curve_with_rolling_365_intraday_shape|partial_shape_coverage|forward_month_from_quarter_contract
2026-07-24,qpebkd-lammaisten-energia-oy-iisi-helpposahko-kausisahko-12-kk,fixed_term_12,312,[572],1780,2026-07-28T03:47:26.000000Z,True,,[65],historical_household_statistics_scope_assumed|canonical_interpretation_rejected_by_exact_target_validation|retrospective_exact_source_interpretation|exact_source_legacy_null_observation_binding|spot_assumptions_source_spot_price_hours|spot_assumptions_partial_above_threshold|spot_assumptions_raw_hourly_reconstruction|spot_assumptions_coverage_ratio_0.993836|spot_assumptions_expected_hours_8760|spot_assumptions_actual_hours_8706
2026-07-24,qseg85-vaasan-sahko-myynti-oy-kiintea-6-kk-yleissahko,fixed_term_6,95,[574],1631,2026-07-28T03:17:04.000000Z,True,,[],historical_household_statistics_scope_assumed|retrospective_exact_source_interpretation|exact_source_legacy_null_observation_binding|spot_assumptions_source_spot_price_hours|spot_assumptions_partial_above_threshold|spot_assumptions_raw_hourly_reconstruction|spot_assumptions_coverage_ratio_0.993836|spot_assumptions_expected_hours_8760|spot_assumptions_actual_hours_8706|term_price_annualized
2026-07-24,quvnfq-fortum-markets-oy-fortum-kesto-aikasahko,open_ended,217,[575],1720,2026-07-28T03:34:48.000000Z,True,,[],historical_household_statistics_scope_assumed|retrospective_exact_source_interpretation|exact_source_legacy_null_observation_binding|spot_assumptions_source_spot_price_hours|spot_assumptions_partial_above_threshold|spot_assumptions_raw_hourly_reconstruction|spot_assumptions_coverage_ratio_0.993836|spot_assumptions_expected_hours_8760|spot_assumptions_actual_hours_8706|supplier_adjusted_tail_shifted_on_forward_curve|supplier_adjusted_monthly_fee_held_flat|price_episode_observed_proxy|price_episode_left_censored|historical_exact_contract_only|prior_energy_evidence_changed_unknown_or_conflicting|price_episode_uses_retrospective_exact_source_interpretation|forward_month_from_quarter_contract
2026-07-24,qvcwi1-aanekosken-energia-oy-kausisahko-12-kk,unclassified,,[],,,,,[],missing_historical_snapshot_identity|spot_assumptions_source_spot_price_hours|spot_assumptions_partial_above_threshold|spot_assumptions_raw_hourly_reconstruction|spot_assumptions_coverage_ratio_0.993836|spot_assumptions_expected_hours_8760|spot_assumptions_actual_hours_8706|observed_relational_uniform_monthly_consumption
2026-07-24,qvnrc1-aanekosken-energia-oy-yleissahko,open_ended,61,[577],1606,2026-07-28T03:11:47.000000Z,True,,[],historical_household_statistics_scope_assumed|retrospective_exact_source_interpretation|exact_source_legacy_null_observation_binding|spot_assumptions_source_spot_price_hours|spot_assumptions_partial_above_threshold|spot_assumptions_raw_hourly_reconstruction|spot_assumptions_coverage_ratio_0.993836|spot_assumptions_expected_hours_8760|spot_assumptions_actual_hours_8706|supplier_adjusted_tail_uses_comparable_forward_premium|supplier_adjusted_monthly_fee_held_flat|price_episode_observed_proxy|price_episode_left_censored|historical_exact_contract_only|price_episode_uses_dedicated_historical_interpretation|calendar_gap_within_observed_price_episode|price_episode_uses_retrospective_exact_source_interpretation|missing_own_reference_using_comparable_premium|lower_confidence_energy_episode_proxy
2026-07-24,qweosn-paneliankosken-voima-oy-kosken-markkinawoima,spot,96,[578],1632,2026-07-28T03:17:12.000000Z,True,,[],historical_household_statistics_scope_assumed|retrospective_exact_source_interpretation|exact_source_legacy_null_observation_binding|spot_assumptions_source_spot_price_hours|spot_assumptions_partial_above_threshold|spot_assumptions_raw_hourly_reconstruction|spot_assumptions_coverage_ratio_0.993836|spot_assumptions_expected_hours_8760|spot_assumptions_actual_hours_8706|spot_estimate_confidence_higher|spot_forward_curve_with_rolling_365_intraday_shape|partial_shape_coverage|forward_month_from_quarter_contract
2026-07-24,qwmpo0-porvoon-energia-oy-ilmastoviisas-24-kk-co2-paastottomasti-tuotettu,fixed_term_24,349,[579],1306,2026-07-24T15:15:44.000000Z,False,,[],historical_household_statistics_scope_assumed|exact_source_legacy_null_observation_binding|spot_assumptions_source_spot_price_hours|spot_assumptions_partial_above_threshold|spot_assumptions_raw_hourly_reconstruction|spot_assumptions_coverage_ratio_0.993836|spot_assumptions_expected_hours_8760|spot_assumptions_actual_hours_8706
2026-07-24,rc3xem-aanekosken-energia-oy-maalaisjarkisahko-yleissahko-12-kk-paastoton,fixed_term_12,403,[582],1858,2026-07-28T04:03:02.000000Z,True,,[],historical_household_statistics_scope_assumed|retrospective_exact_source_interpretation|exact_source_legacy_null_observation_binding|spot_assumptions_source_spot_price_hours|spot_assumptions_partial_above_threshold|spot_assumptions_raw_hourly_reconstruction|spot_assumptions_coverage_ratio_0.993836|spot_assumptions_expected_hours_8760|spot_assumptions_actual_hours_8706
2026-07-24,rebdra-vaasan-sahko-myynti-oy-kiintea-12-kk-yleissahko-yrityksille,unclassified,,[],,,,,[],missing_historical_snapshot_identity|spot_assumptions_source_spot_price_hours|spot_assumptions_partial_above_threshold|spot_assumptions_raw_hourly_reconstruction|spot_assumptions_coverage_ratio_0.993836|spot_assumptions_expected_hours_8760|spot_assumptions_actual_hours_8706|observed_relational_uniform_monthly_consumption
2026-07-24,reyxvv-koylion-sakylan-sahko-oy-lallin-maaris-1v-aikasahko,fixed_term_12,174,[585],1693,2026-07-28T03:29:28.000000Z,True,,[],historical_household_statistics_scope_assumed|retrospective_exact_source_interpretation|exact_source_legacy_null_observation_binding|spot_assumptions_source_spot_price_hours|spot_assumptions_partial_above_threshold|spot_assumptions_raw_hourly_reconstruction|spot_assumptions_coverage_ratio_0.993836|spot_assumptions_expected_hours_8760|spot_assumptions_actual_hours_8706
2026-07-24,rf4co6-helen-oy-maaraaikainen-vakaasahko-12-kk,unclassified,,[],,,,,[],missing_historical_snapshot_identity|spot_assumptions_source_spot_price_hours|spot_assumptions_partial_above_threshold|spot_assumptions_raw_hourly_reconstruction|spot_assumptions_coverage_ratio_0.993836|spot_assumptions_expected_hours_8760|spot_assumptions_actual_hours_8706|observed_relational_uniform_monthly_consumption
2026-07-24,rfarmu-vimpelin-voima-oy-vuodenaikatariffi,unclassified,,[],,,,,[],missing_historical_snapshot_identity|spot_assumptions_source_spot_price_hours|spot_assumptions_partial_above_threshold|spot_assumptions_raw_hourly_reconstruction|spot_assumptions_coverage_ratio_0.993836|spot_assumptions_expected_hours_8760|spot_assumptions_actual_hours_8706|observed_relational_uniform_monthly_consumption
2026-07-24,rl6kxz-hehku-energia-oy-hehku-porssi-0-kuukausimaksu-ensimmaiset-3-kk,spot,345,[589],1809,2026-07-28T03:52:34.000000Z,True,,[],historical_household_statistics_scope_assumed|retrospective_exact_source_interpretation|exact_source_legacy_null_observation_binding|spot_assumptions_source_spot_price_hours|spot_assumptions_partial_above_threshold|spot_assumptions_raw_hourly_reconstruction|spot_assumptions_coverage_ratio_0.993836|spot_assumptions_expected_hours_8760|spot_assumptions_actual_hours_8706|spot_estimate_confidence_higher|spot_forward_curve_with_rolling_365_intraday_shape|partial_shape_coverage|forward_month_from_quarter_contract
2026-07-24,rlnhww-nurmijarven-sahko-oy-kausisahko-2-vuotta,fixed_term_24,362,[590],1820,2026-07-28T03:56:15.000000Z,True,,[],historical_household_statistics_scope_assumed|retrospective_exact_source_interpretation|exact_source_legacy_null_observation_binding|spot_assumptions_source_spot_price_hours|spot_assumptions_partial_above_threshold|spot_assumptions_raw_hourly_reconstruction|spot_assumptions_coverage_ratio_0.993836|spot_assumptions_expected_hours_8760|spot_assumptions_actual_hours_8706
2026-07-24,rrd7bn-vihrea-alyenergia-oy-vire-tuuli-kiintea-24-kk,fixed_term_24,44,[591],1589,2026-07-28T03:07:16.000000Z,True,,[],historical_household_statistics_scope_assumed|retrospective_exact_source_interpretation|exact_source_legacy_null_observation_binding|spot_assumptions_source_spot_price_hours|spot_assumptions_partial_above_threshold|spot_assumptions_raw_hourly_reconstruction|spot_assumptions_coverage_ratio_0.993836|spot_assumptions_expected_hours_8760|spot_assumptions_actual_hours_8706
2026-07-24,rwzpqh-vattenfall-oy-helppo-porssisahko,spot,219,[593],1722,2026-07-28T03:35:25.000000Z,True,,[],historical_household_statistics_scope_assumed|retrospective_exact_source_interpretation|exact_source_legacy_null_observation_binding|spot_assumptions_source_spot_price_hours|spot_assumptions_partial_above_threshold|spot_assumptions_raw_hourly_reconstruction|spot_assumptions_coverage_ratio_0.993836|spot_assumptions_expected_hours_8760|spot_assumptions_actual_hours_8706|spot_estimate_confidence_higher|spot_forward_curve_with_rolling_365_intraday_shape|partial_shape_coverage|forward_month_from_quarter_contract
2026-07-24,ryficp-pohjois-karjalan-sahko-oy-oiva-plus,open_ended,94,[595],1630,2026-07-28T03:16:47.000000Z,True,,[],historical_household_statistics_scope_assumed|retrospective_exact_source_interpretation|exact_source_legacy_null_observation_binding|spot_assumptions_source_spot_price_hours|spot_assumptions_partial_above_threshold|spot_assumptions_raw_hourly_reconstruction|spot_assumptions_coverage_ratio_0.993836|spot_assumptions_expected_hours_8760|spot_assumptions_actual_hours_8706|historical_consumption_out_of_range
2026-07-24,s0tgg8-lammaisten-energia-oy-iisi-kulutusjousto-yleissahko-12-kk,hybrid,242,[596],1739,2026-07-28T03:38:53.000000Z,True,,[],historical_household_statistics_scope_assumed|retrospective_exact_source_interpretation|exact_source_legacy_null_observation_binding|spot_assumptions_source_spot_price_hours|spot_assumptions_partial_above_threshold|spot_assumptions_raw_hourly_reconstruction|spot_assumptions_coverage_ratio_0.993836|spot_assumptions_expected_hours_8760|spot_assumptions_actual_hours_8706|excludes_consumption_effect
2026-07-24,s91uya-keravan-energia-oy-perussahko-yleis-12-kk,fixed_term_12,326,[599],1791,2026-07-28T03:49:38.000000Z,True,,[],historical_household_statistics_scope_assumed|retrospective_exact_source_interpretation|exact_source_legacy_null_observation_binding|spot_assumptions_source_spot_price_hours|spot_assumptions_partial_above_threshold|spot_assumptions_raw_hourly_reconstruction|spot_assumptions_coverage_ratio_0.993836|spot_assumptions_expected_hours_8760|spot_assumptions_actual_hours_8706
2026-07-24,sbi80q-porvoon-energia-oy-ilmastoviisas-12-kk-co2-paastottomasti-tuotettu-yrityksille,unclassified,,[],,,,,[],missing_historical_snapshot_identity|spot_assumptions_source_spot_price_hours|spot_assumptions_partial_above_threshold|spot_assumptions_raw_hourly_reconstruction|spot_assumptions_coverage_ratio_0.993836|spot_assumptions_expected_hours_8760|spot_assumptions_actual_hours_8706|observed_relational_uniform_monthly_consumption
2026-07-24,sdfm6a-alajarven-sahko-oy-yleissahko-12-kk-yrityksille,unclassified,,[],,,,,[],missing_historical_snapshot_identity|spot_assumptions_source_spot_price_hours|spot_assumptions_partial_above_threshold|spot_assumptions_raw_hourly_reconstruction|spot_assumptions_coverage_ratio_0.993836|spot_assumptions_expected_hours_8760|spot_assumptions_actual_hours_8706|observed_relational_uniform_monthly_consumption
2026-07-24,sdylbi-alajarven-sahko-oy-yleissahko-24-kk,fixed_term_24,404,[602],1859,2026-07-28T04:03:12.000000Z,True,,[],historical_household_statistics_scope_assumed|retrospective_exact_source_interpretation|exact_source_legacy_null_observation_binding|spot_assumptions_source_spot_price_hours|spot_assumptions_partial_above_threshold|spot_assumptions_raw_hourly_reconstruction|spot_assumptions_coverage_ratio_0.993836|spot_assumptions_expected_hours_8760|spot_assumptions_actual_hours_8706
2026-07-24,sfes56-pohjois-karjalan-sahko-oy-optimi-takuu-6-kuukautta,fixed_term_6,294,[603],1772,2026-07-28T03:45:50.000000Z,True,,[],historical_household_statistics_scope_assumed|retrospective_exact_source_interpretation|exact_source_legacy_null_observation_binding|spot_assumptions_source_spot_price_hours|spot_assumptions_partial_above_threshold|spot_assumptions_raw_hourly_reconstruction|spot_assumptions_coverage_ratio_0.993836|spot_assumptions_expected_hours_8760|spot_assumptions_actual_hours_8706|term_price_annualized
2026-07-24,shnxdx-helen-oy-porssisahko,spot,261,[604],1749,2026-07-28T03:40:50.000000Z,True,,[],historical_household_statistics_scope_assumed|retrospective_exact_source_interpretation|exact_source_legacy_null_observation_binding|spot_assumptions_source_spot_price_hours|spot_assumptions_partial_above_threshold|spot_assumptions_raw_hourly_reconstruction|spot_assumptions_coverage_ratio_0.993836|spot_assumptions_expected_hours_8760|spot_assumptions_actual_hours_8706|spot_estimate_confidence_higher|spot_forward_curve_with_rolling_365_intraday_shape|partial_shape_coverage|forward_month_from_quarter_contract
2026-07-24,sjffvt-aanekosken-energia-oy-kausisahko-24-kk,unclassified,,[],,,,,[],missing_historical_snapshot_identity|spot_assumptions_source_spot_price_hours|spot_assumptions_partial_above_threshold|spot_assumptions_raw_hourly_reconstruction|spot_assumptions_coverage_ratio_0.993836|spot_assumptions_expected_hours_8760|spot_assumptions_actual_hours_8706|observed_relational_uniform_monthly_consumption
2026-07-24,skj5fb-vaasan-sahko-myynti-oy-kiintea-6-kk-yosahko,fixed_term_6,145,[607],1671,2026-07-28T03:25:14.000000Z,True,,[],historical_household_statistics_scope_assumed|retrospective_exact_source_interpretation|exact_source_legacy_null_observation_binding|spot_assumptions_source_spot_price_hours|spot_assumptions_partial_above_threshold|spot_assumptions_raw_hourly_reconstruction|spot_assumptions_coverage_ratio_0.993836|spot_assumptions_expected_hours_8760|spot_assumptions_actual_hours_8706|term_price_annualized
2026-07-24,spl6pm-aanekosken-energia-oy-maalaisjarkisahko-kausisahko-24-kk-paastoton,fixed_term_24,412,[609],1867,2026-07-28T04:04:26.000000Z,True,,[],historical_household_statistics_scope_assumed|retrospective_exact_source_interpretation|exact_source_legacy_null_observation_binding|spot_assumptions_source_spot_price_hours|spot_assumptions_partial_above_threshold|spot_assumptions_raw_hourly_reconstruction|spot_assumptions_coverage_ratio_0.993836|spot_assumptions_expected_hours_8760|spot_assumptions_actual_hours_8706
2026-07-24,sqbosc-nurmijarven-sahko-oy-porssisahko,spot,49,[610],1594,2026-07-28T03:08:18.000000Z,True,,[],historical_household_statistics_scope_assumed|retrospective_exact_source_interpretation|exact_source_legacy_null_observation_binding|spot_assumptions_source_spot_price_hours|spot_assumptions_partial_above_threshold|spot_assumptions_raw_hourly_reconstruction|spot_assumptions_coverage_ratio_0.993836|spot_assumptions_expected_hours_8760|spot_assumptions_actual_hours_8706|spot_estimate_confidence_higher|spot_forward_curve_with_rolling_365_intraday_shape|partial_shape_coverage|forward_month_from_quarter_contract
2026-07-24,sqlffg-vaasan-sahko-myynti-oy-perussahko-yosahko-yrityksille,unclassified,,[],,,,,[],missing_historical_snapshot_identity|spot_assumptions_source_spot_price_hours|spot_assumptions_partial_above_threshold|spot_assumptions_raw_hourly_reconstruction|spot_assumptions_coverage_ratio_0.993836|spot_assumptions_expected_hours_8760|spot_assumptions_actual_hours_8706|observed_relational_uniform_monthly_consumption
2026-07-24,sqoo6m-vaasan-sahko-myynti-oy-kiintea-vaikuttaja-12-kk-yrityksille,unclassified,,[],,,,,[],missing_historical_snapshot_identity|spot_assumptions_source_spot_price_hours|spot_assumptions_partial_above_threshold|spot_assumptions_raw_hourly_reconstruction|spot_assumptions_coverage_ratio_0.993836|spot_assumptions_expected_hours_8760|spot_assumptions_actual_hours_8706|observed_relational_uniform_monthly_consumption
2026-07-24,srhu1r-keravan-energia-oy-perussahko-luonnonvoima-24-kk,fixed_term_24,232,[622],1733,2026-07-28T03:37:28.000000Z,True,,[],historical_household_statistics_scope_assumed|retrospective_exact_source_interpretation|exact_source_legacy_null_observation_binding|spot_assumptions_source_spot_price_hours|spot_assumptions_partial_above_threshold|spot_assumptions_raw_hourly_reconstruction|spot_assumptions_coverage_ratio_0.993836|spot_assumptions_expected_hours_8760|spot_assumptions_actual_hours_8706
2026-07-24,ssdr1l-hehku-energia-oy-hehku-kiintea-12-kk,unclassified,,[],,,,,[],missing_historical_snapshot_identity|spot_assumptions_source_spot_price_hours|spot_assumptions_partial_above_threshold|spot_assumptions_raw_hourly_reconstruction|spot_assumptions_coverage_ratio_0.993836|spot_assumptions_expected_hours_8760|spot_assumptions_actual_hours_8706|observed_relational_uniform_monthly_consumption
2026-07-24,tbua5f-porvoon-energia-oy-eko-12kk-luonnonsuojeluliiton-sertifioima-ekoenergia,fixed_term_12,226,[635],1332,2026-07-24T15:23:10.000000Z,False,,[],historical_household_statistics_scope_assumed|exact_source_legacy_null_observation_binding|spot_assumptions_source_spot_price_hours|spot_assumptions_partial_above_threshold|spot_assumptions_raw_hourly_reconstruction|spot_assumptions_coverage_ratio_0.993836|spot_assumptions_expected_hours_8760|spot_assumptions_actual_hours_8706
2026-07-24,tjuqfo-porvoon-energia-oy-wind-24-kk-kotimainen-tuulisahko,fixed_term_24,73,[637],1333,2026-07-24T15:23:20.000000Z,False,,[],historical_household_statistics_scope_assumed|exact_source_legacy_null_observation_binding|spot_assumptions_source_spot_price_hours|spot_assumptions_partial_above_threshold|spot_assumptions_raw_hourly_reconstruction|spot_assumptions_coverage_ratio_0.993836|spot_assumptions_expected_hours_8760|spot_assumptions_actual_hours_8706
2026-07-24,tkqczm-pohjois-karjalan-sahko-oy-optimi-takuu-6-kuukautta,fixed_term_6,64,[643],1609,2026-07-28T03:12:22.000000Z,True,,[],historical_household_statistics_scope_assumed|retrospective_exact_source_interpretation|exact_source_legacy_null_observation_binding|spot_assumptions_source_spot_price_hours|spot_assumptions_partial_above_threshold|spot_assumptions_raw_hourly_reconstruction|spot_assumptions_coverage_ratio_0.993836|spot_assumptions_expected_hours_8760|spot_assumptions_actual_hours_8706|term_price_annualized
2026-07-24,tmou3b-vaasan-sahko-myynti-oy-porssisahko-yritys,unclassified,,[],,,,,[],missing_historical_snapshot_identity|spot_assumptions_source_spot_price_hours|spot_assumptions_partial_above_threshold|spot_assumptions_raw_hourly_reconstruction|spot_assumptions_coverage_ratio_0.993836|spot_assumptions_expected_hours_8760|spot_assumptions_actual_hours_8706|observed_relational_uniform_monthly_consumption
2026-07-24,tniiol-fortum-markets-oy-yritys-varma-36kk-yleissahko,unclassified,,[],,,,,[],missing_historical_snapshot_identity|spot_assumptions_source_spot_price_hours|spot_assumptions_partial_above_threshold|spot_assumptions_raw_hourly_reconstruction|spot_assumptions_coverage_ratio_0.993836|spot_assumptions_expected_hours_8760|spot_assumptions_actual_hours_8706|observed_relational_uniform_monthly_consumption
2026-07-24,tp1vms-koylion-sakylan-sahko-oy-lallin-maaris-2v-kausisahko,fixed_term_24,123,[647],1652,2026-07-28T03:21:09.000000Z,True,,[],historical_household_statistics_scope_assumed|retrospective_exact_source_interpretation|exact_source_legacy_null_observation_binding|spot_assumptions_source_spot_price_hours|spot_assumptions_partial_above_threshold|spot_assumptions_raw_hourly_reconstruction|spot_assumptions_coverage_ratio_0.993836|spot_assumptions_expected_hours_8760|spot_assumptions_actual_hours_8706
2026-07-24,ts2ybj-koillis-satakunnan-sahko-oy-vakaawirta-24-kk-kausi,fixed_term_24,89,[648],1338,2026-07-24T15:24:47.000000Z,False,,[],historical_household_statistics_scope_assumed|exact_source_legacy_null_observation_binding|spot_assumptions_source_spot_price_hours|spot_assumptions_partial_above_threshold|spot_assumptions_raw_hourly_reconstruction|spot_assumptions_coverage_ratio_0.993836|spot_assumptions_expected_hours_8760|spot_assumptions_actual_hours_8706
2026-07-24,ttpvga-vaasan-sahko-myynti-oy-toimitusvelvollinen-porssisahko,spot,430,[649],1884,2026-07-28T04:07:06.000000Z,True,,[],historical_household_statistics_scope_assumed|retrospective_exact_source_interpretation|exact_source_legacy_null_observation_binding|spot_assumptions_source_spot_price_hours|spot_assumptions_partial_above_threshold|spot_assumptions_raw_hourly_reconstruction|spot_assumptions_coverage_ratio_0.993836|spot_assumptions_expected_hours_8760|spot_assumptions_actual_hours_8706|spot_estimate_confidence_higher|spot_forward_curve_with_rolling_365_intraday_shape|partial_shape_coverage|forward_month_from_quarter_contract
2026-07-24,tzhie3-herrfors-oy-ab-vakaa,hybrid,462,[651],1340,2026-07-24T15:25:26.000000Z,False,,[],historical_household_statistics_scope_assumed|exact_source_legacy_null_observation_binding|spot_assumptions_source_spot_price_hours|spot_assumptions_partial_above_threshold|spot_assumptions_raw_hourly_reconstruction|spot_assumptions_coverage_ratio_0.993836|spot_assumptions_expected_hours_8760|spot_assumptions_actual_hours_8706|excludes_consumption_effect
2026-07-24,u9cq7l-fortum-markets-oy-yritys-varma-24kk-yleissahko,unclassified,,[],,,,,[],missing_historical_snapshot_identity|spot_assumptions_source_spot_price_hours|spot_assumptions_partial_above_threshold|spot_assumptions_raw_hourly_reconstruction|spot_assumptions_coverage_ratio_0.993836|spot_assumptions_expected_hours_8760|spot_assumptions_actual_hours_8706|observed_relational_uniform_monthly_consumption
2026-07-24,uf9bik-fortum-markets-oy-fortum-duo-24-kk,hybrid,164,[666],1342,2026-07-24T15:25:46.000000Z,False,,[],historical_household_statistics_scope_assumed|exact_source_legacy_null_observation_binding|spot_assumptions_source_spot_price_hours|spot_assumptions_partial_above_threshold|spot_assumptions_raw_hourly_reconstruction|spot_assumptions_coverage_ratio_0.993836|spot_assumptions_expected_hours_8760|spot_assumptions_actual_hours_8706|excludes_consumption_effect
2026-07-24,ufklmo-vaasan-sahko-myynti-oy-perussahko-yleissahko-yrityksille,unclassified,,[],,,,,[],missing_historical_snapshot_identity|spot_assumptions_source_spot_price_hours|spot_assumptions_partial_above_threshold|spot_assumptions_raw_hourly_reconstruction|spot_assumptions_coverage_ratio_0.993836|spot_assumptions_expected_hours_8760|spot_assumptions_actual_hours_8706|observed_relational_uniform_monthly_consumption
2026-07-24,ufstl2-kokkolan-energia-oy-surffari-vihrea,spot,136,[668],1663,2026-07-28T03:23:26.000000Z,True,,[],historical_household_statistics_scope_assumed|retrospective_exact_source_interpretation|exact_source_legacy_null_observation_binding|spot_assumptions_source_spot_price_hours|spot_assumptions_partial_above_threshold|spot_assumptions_raw_hourly_reconstruction|spot_assumptions_coverage_ratio_0.993836|spot_assumptions_expected_hours_8760|spot_assumptions_actual_hours_8706|spot_estimate_confidence_higher|spot_forward_curve_with_rolling_365_intraday_shape|partial_shape_coverage|forward_month_from_quarter_contract
2026-07-24,uh694r-korpelan-energia-oy-korpela-kesto-kiintea-12-kk,unclassified,,[],,,,,[],missing_historical_snapshot_identity|spot_assumptions_source_spot_price_hours|spot_assumptions_partial_above_threshold|spot_assumptions_raw_hourly_reconstruction|spot_assumptions_coverage_ratio_0.993836|spot_assumptions_expected_hours_8760|spot_assumptions_actual_hours_8706|observed_relational_uniform_monthly_consumption
2026-07-24,uio8ny-iin-energia-oy-ien-spot,spot,419,[671],1873,2026-07-28T04:05:20.000000Z,True,,[],historical_household_statistics_scope_assumed|retrospective_exact_source_interpretation|exact_source_legacy_null_observation_binding|spot_assumptions_source_spot_price_hours|spot_assumptions_partial_above_threshold|spot_assumptions_raw_hourly_reconstruction|spot_assumptions_coverage_ratio_0.993836|spot_assumptions_expected_hours_8760|spot_assumptions_actual_hours_8706|spot_estimate_confidence_higher|spot_forward_curve_with_rolling_365_intraday_shape|partial_shape_coverage|forward_month_from_quarter_contract
2026-07-24,uobgsl-pohjois-karjalan-sahko-oy-optimi-takuu-24-kuukautta,fixed_term_24,47,[677],1592,2026-07-28T03:08:01.000000Z,True,,[],historical_household_statistics_scope_assumed|retrospective_exact_source_interpretation|exact_source_legacy_null_observation_binding|spot_assumptions_source_spot_price_hours|spot_assumptions_partial_above_threshold|spot_assumptions_raw_hourly_reconstruction|spot_assumptions_coverage_ratio_0.993836|spot_assumptions_expected_hours_8760|spot_assumptions_actual_hours_8706
2026-07-24,uojuwx-aanekosken-energia-oy-kausisahko-6-kk,unclassified,,[],,,,,[],missing_historical_snapshot_identity|spot_assumptions_source_spot_price_hours|spot_assumptions_partial_above_threshold|spot_assumptions_raw_hourly_reconstruction|spot_assumptions_coverage_ratio_0.993836|spot_assumptions_expected_hours_8760|spot_assumptions_actual_hours_8706|observed_relational_uniform_monthly_consumption
2026-07-24,upeylu-porvoon-energia-oy-ilmastoviisas-24-kk-co2-paastottomasti-tuotettu,fixed_term_24,304,[679],1349,2026-07-24T15:28:05.000000Z,False,,[],historical_household_statistics_scope_assumed|exact_source_legacy_null_observation_binding|spot_assumptions_source_spot_price_hours|spot_assumptions_partial_above_threshold|spot_assumptions_raw_hourly_reconstruction|spot_assumptions_coverage_ratio_0.993836|spot_assumptions_expected_hours_8760|spot_assumptions_actual_hours_8706
2026-07-24,urlxpl-koillis-satakunnan-sahko-oy-tuntiwirta,spot,21,[680],1571,2026-07-28T03:03:57.000000Z,True,,[],historical_household_statistics_scope_assumed|retrospective_exact_source_interpretation|exact_source_legacy_null_observation_binding|spot_assumptions_source_spot_price_hours|spot_assumptions_partial_above_threshold|spot_assumptions_raw_hourly_reconstruction|spot_assumptions_coverage_ratio_0.993836|spot_assumptions_expected_hours_8760|spot_assumptions_actual_hours_8706|spot_estimate_confidence_higher|spot_forward_curve_with_rolling_365_intraday_shape|partial_shape_coverage|forward_month_from_quarter_contract
2026-07-24,urvlbx-fortum-markets-oy-yritys-tarkka-2-v,unclassified,,[],,,,,[],missing_historical_snapshot_identity|spot_assumptions_source_spot_price_hours|spot_assumptions_partial_above_threshold|spot_assumptions_raw_hourly_reconstruction|spot_assumptions_coverage_ratio_0.993836|spot_assumptions_expected_hours_8760|spot_assumptions_actual_hours_8706|observed_relational_uniform_monthly_consumption
2026-07-24,uvaiw9-lammaisten-energia-oy-iisi-kulutusjousto-aikasahko-24-kk,hybrid,170,[683],1690,2026-07-28T03:28:54.000000Z,True,,[],historical_household_statistics_scope_assumed|retrospective_exact_source_interpretation|exact_source_legacy_null_observation_binding|spot_assumptions_source_spot_price_hours|spot_assumptions_partial_above_threshold|spot_assumptions_raw_hourly_reconstruction|spot_assumptions_coverage_ratio_0.993836|spot_assumptions_expected_hours_8760|spot_assumptions_actual_hours_8706|excludes_consumption_effect
2026-07-24,uvlubb-vaasan-sahko-myynti-oy-tuulisahko-yleissahko-yrityksille,unclassified,,[],,,,,[],missing_historical_snapshot_identity|spot_assumptions_source_spot_price_hours|spot_assumptions_partial_above_threshold|spot_assumptions_raw_hourly_reconstruction|spot_assumptions_coverage_ratio_0.993836|spot_assumptions_expected_hours_8760|spot_assumptions_actual_hours_8706|observed_relational_uniform_monthly_consumption
2026-07-24,uxxof7-nordic-green-energy-ilmasto-hybridi-24kk,hybrid,281,[685],1763,2026-07-28T03:43:51.000000Z,True,,[],historical_household_statistics_scope_assumed|retrospective_exact_source_interpretation|exact_source_legacy_null_observation_binding|spot_assumptions_source_spot_price_hours|spot_assumptions_partial_above_threshold|spot_assumptions_raw_hourly_reconstruction|spot_assumptions_coverage_ratio_0.993836|spot_assumptions_expected_hours_8760|spot_assumptions_actual_hours_8706|excludes_consumption_effect
2026-07-24,v1a90y-alajarven-sahko-oy-aikasahko-12-kk-yrityksille,unclassified,,[],,,,,[],missing_historical_snapshot_identity|spot_assumptions_source_spot_price_hours|spot_assumptions_partial_above_threshold|spot_assumptions_raw_hourly_reconstruction|spot_assumptions_coverage_ratio_0.993836|spot_assumptions_expected_hours_8760|spot_assumptions_actual_hours_8706|observed_relational_uniform_monthly_consumption
2026-07-24,v7juwr-aanekosken-energia-oy-kausisahko,open_ended,74,[687],1614,2026-07-28T03:13:37.000000Z,True,,[],historical_household_statistics_scope_assumed|retrospective_exact_source_interpretation|exact_source_legacy_null_observation_binding|spot_assumptions_source_spot_price_hours|spot_assumptions_partial_above_threshold|spot_assumptions_raw_hourly_reconstruction|spot_assumptions_coverage_ratio_0.993836|spot_assumptions_expected_hours_8760|spot_assumptions_actual_hours_8706|supplier_adjusted_tail_uses_comparable_forward_premium|supplier_adjusted_monthly_fee_held_flat|price_episode_observed_proxy|price_episode_left_censored|historical_exact_contract_only|price_episode_uses_dedicated_historical_interpretation|calendar_gap_within_observed_price_episode|price_episode_uses_retrospective_exact_source_interpretation|missing_own_reference_using_comparable_premium|lower_confidence_energy_episode_proxy
2026-07-24,v7syfz-iin-energia-oy-yleissahko,open_ended,418,[688],1872,2026-07-28T04:05:12.000000Z,True,,[],historical_household_statistics_scope_assumed|retrospective_exact_source_interpretation|exact_source_legacy_null_observation_binding|spot_assumptions_source_spot_price_hours|spot_assumptions_partial_above_threshold|spot_assumptions_raw_hourly_reconstruction|spot_assumptions_coverage_ratio_0.993836|spot_assumptions_expected_hours_8760|spot_assumptions_actual_hours_8706|supplier_adjusted_tail_uses_comparable_forward_premium|supplier_adjusted_monthly_fee_held_flat|price_episode_observed_proxy|price_episode_left_censored|historical_exact_contract_only|price_episode_uses_dedicated_historical_interpretation|price_episode_uses_retrospective_exact_source_interpretation|missing_own_reference_using_comparable_premium|lower_confidence_energy_episode_proxy
2026-07-24,v7tqpw-porvoon-energia-oy-eko-24-kk-luonnonsuojeluliiton-sertifioima-ekoenergia,fixed_term_24,263,[689],1358,2026-07-24T15:29:54.000000Z,False,,[],historical_household_statistics_scope_assumed|exact_source_legacy_null_observation_binding|spot_assumptions_source_spot_price_hours|spot_assumptions_partial_above_threshold|spot_assumptions_raw_hourly_reconstruction|spot_assumptions_coverage_ratio_0.993836|spot_assumptions_expected_hours_8760|spot_assumptions_actual_hours_8706
2026-07-24,v7yxyy-vaasan-sahko-myynti-oy-toimitusvelvollinen-perussahko-yrityksille,unclassified,,[],,,,,[],missing_historical_snapshot_identity|spot_assumptions_source_spot_price_hours|spot_assumptions_partial_above_threshold|spot_assumptions_raw_hourly_reconstruction|spot_assumptions_coverage_ratio_0.993836|spot_assumptions_expected_hours_8760|spot_assumptions_actual_hours_8706|observed_relational_uniform_monthly_consumption
2026-07-24,vdql33-fortum-markets-oy-yritys-tarkka,unclassified,,[],,,,,[],missing_historical_snapshot_identity|spot_assumptions_source_spot_price_hours|spot_assumptions_partial_above_threshold|spot_assumptions_raw_hourly_reconstruction|spot_assumptions_coverage_ratio_0.993836|spot_assumptions_expected_hours_8760|spot_assumptions_actual_hours_8706|observed_relational_uniform_monthly_consumption
2026-07-24,vfbzyt-lammaisten-energia-oy-iisi-kulutusjousto-kausisahko-24-kk,hybrid,254,[693],1746,2026-07-28T03:40:13.000000Z,True,,[],historical_household_statistics_scope_assumed|retrospective_exact_source_interpretation|exact_source_legacy_null_observation_binding|spot_assumptions_source_spot_price_hours|spot_assumptions_partial_above_threshold|spot_assumptions_raw_hourly_reconstruction|spot_assumptions_coverage_ratio_0.993836|spot_assumptions_expected_hours_8760|spot_assumptions_actual_hours_8706|excludes_consumption_effect
2026-07-24,vgornb-lumme-energia-porssisahko-3-kk-ilman-kk-maksua,spot,163,[694],1362,2026-07-24T15:32:08.000000Z,False,,[],historical_household_statistics_scope_assumed|exact_source_legacy_null_observation_binding|spot_assumptions_source_spot_price_hours|spot_assumptions_partial_above_threshold|spot_assumptions_raw_hourly_reconstruction|spot_assumptions_coverage_ratio_0.993836|spot_assumptions_expected_hours_8760|spot_assumptions_actual_hours_8706|spot_estimate_confidence_higher|spot_forward_curve_with_rolling_365_intraday_shape|partial_shape_coverage|forward_month_from_quarter_contract
2026-07-24,vizdvz-nurmijarven-sahko-oy-aikasahko-1-vuotta,fixed_term_12,72,[695],1613,2026-07-28T03:13:26.000000Z,True,,[],historical_household_statistics_scope_assumed|retrospective_exact_source_interpretation|exact_source_legacy_null_observation_binding|spot_assumptions_source_spot_price_hours|spot_assumptions_partial_above_threshold|spot_assumptions_raw_hourly_reconstruction|spot_assumptions_coverage_ratio_0.993836|spot_assumptions_expected_hours_8760|spot_assumptions_actual_hours_8706
2026-07-24,vmqvel-keravan-energia-oy-perussahko-yleissahko,fixed_term_24,198,[697],1706,2026-07-28T03:32:07.000000Z,True,,[],historical_household_statistics_scope_assumed|retrospective_exact_source_interpretation|exact_source_legacy_null_observation_binding|spot_assumptions_source_spot_price_hours|spot_assumptions_partial_above_threshold|spot_assumptions_raw_hourly_reconstruction|spot_assumptions_coverage_ratio_0.993836|spot_assumptions_expected_hours_8760|spot_assumptions_actual_hours_8706
2026-07-24,vnbjjz-helen-oy-maaraaikainen-perussahko-12-kk,fixed_term_12,184,[699],1365,2026-07-24T15:32:45.000000Z,False,,[],historical_household_statistics_scope_assumed|exact_source_legacy_null_observation_binding|spot_assumptions_source_spot_price_hours|spot_assumptions_partial_above_threshold|spot_assumptions_raw_hourly_reconstruction|spot_assumptions_coverage_ratio_0.993836|spot_assumptions_expected_hours_8760|spot_assumptions_actual_hours_8706
2026-07-24,vqgohq-turku-energia-oy-louna-porssi-yritykset,unclassified,,[],,,,,[],missing_historical_snapshot_identity|spot_assumptions_source_spot_price_hours|spot_assumptions_partial_above_threshold|spot_assumptions_raw_hourly_reconstruction|spot_assumptions_coverage_ratio_0.993836|spot_assumptions_expected_hours_8760|spot_assumptions_actual_hours_8706|observed_relational_uniform_monthly_consumption
2026-07-24,vrekdo-alajarven-sahko-oy-yleissahko-12-kk,fixed_term_12,395,[701],1850,2026-07-28T04:01:52.000000Z,True,,[],historical_household_statistics_scope_assumed|retrospective_exact_source_interpretation|exact_source_legacy_null_observation_binding|spot_assumptions_source_spot_price_hours|spot_assumptions_partial_above_threshold|spot_assumptions_raw_hourly_reconstruction|spot_assumptions_coverage_ratio_0.993836|spot_assumptions_expected_hours_8760|spot_assumptions_actual_hours_8706
2026-07-24,vt6gp0-keuruun-sahko-oy-spot-sahko,spot,15,[702],1565,2026-07-28T03:03:03.000000Z,True,,[],historical_household_statistics_scope_assumed|retrospective_exact_source_interpretation|exact_source_legacy_null_observation_binding|spot_assumptions_source_spot_price_hours|spot_assumptions_partial_above_threshold|spot_assumptions_raw_hourly_reconstruction|spot_assumptions_coverage_ratio_0.993836|spot_assumptions_expected_hours_8760|spot_assumptions_actual_hours_8706|spot_estimate_confidence_higher|spot_forward_curve_with_rolling_365_intraday_shape|partial_shape_coverage|forward_month_from_quarter_contract
2026-07-24,vu1pv5-alajarven-sahko-oy-porssisahko,spot,389,[703],1844,2026-07-28T04:00:58.000000Z,True,,[],historical_household_statistics_scope_assumed|retrospective_exact_source_interpretation|exact_source_legacy_null_observation_binding|spot_assumptions_source_spot_price_hours|spot_assumptions_partial_above_threshold|spot_assumptions_raw_hourly_reconstruction|spot_assumptions_coverage_ratio_0.993836|spot_assumptions_expected_hours_8760|spot_assumptions_actual_hours_8706|spot_estimate_confidence_higher|spot_forward_curve_with_rolling_365_intraday_shape|partial_shape_coverage|forward_month_from_quarter_contract
2026-07-24,vus6l9-parikkalan-valo-oy-spot-valo-yritys,unclassified,,[],,,,,[],missing_historical_snapshot_identity|spot_assumptions_source_spot_price_hours|spot_assumptions_partial_above_threshold|spot_assumptions_raw_hourly_reconstruction|spot_assumptions_coverage_ratio_0.993836|spot_assumptions_expected_hours_8760|spot_assumptions_actual_hours_8706|observed_relational_uniform_monthly_consumption
2026-07-24,vuxbww-oomi-oy-toimitusvelvollinen-sahko-yrityksille,unclassified,,[],,,,,[],missing_historical_snapshot_identity|spot_assumptions_source_spot_price_hours|spot_assumptions_partial_above_threshold|spot_assumptions_raw_hourly_reconstruction|spot_assumptions_coverage_ratio_0.993836|spot_assumptions_expected_hours_8760|spot_assumptions_actual_hours_8706|observed_relational_uniform_monthly_consumption
2026-07-24,vxmkvv-helen-oy-maaraaikainen-valkkysahko-yritys-24-kk,unclassified,,[],,,,,[],missing_historical_snapshot_identity|spot_assumptions_source_spot_price_hours|spot_assumptions_partial_above_threshold|spot_assumptions_raw_hourly_reconstruction|spot_assumptions_coverage_ratio_0.993836|spot_assumptions_expected_hours_8760|spot_assumptions_actual_hours_8706|observed_relational_uniform_monthly_consumption
2026-07-24,vzbryp-seinajoen-energia-oy-se-oikea-aikasahko,unclassified,,[],,,,,[],missing_historical_snapshot_identity|spot_assumptions_source_spot_price_hours|spot_assumptions_partial_above_threshold|spot_assumptions_raw_hourly_reconstruction|spot_assumptions_coverage_ratio_0.993836|spot_assumptions_expected_hours_8760|spot_assumptions_actual_hours_8706|observed_relational_uniform_monthly_consumption
2026-07-24,waijay-aanekosken-energia-oy-kausisahko,unclassified,,[],,,,,[],missing_historical_snapshot_identity|spot_assumptions_source_spot_price_hours|spot_assumptions_partial_above_threshold|spot_assumptions_raw_hourly_reconstruction|spot_assumptions_coverage_ratio_0.993836|spot_assumptions_expected_hours_8760|spot_assumptions_actual_hours_8706|observed_relational_uniform_monthly_consumption
2026-07-24,wcaya8-vattenfall-oy-yrityksen-taystuuli-12-kk,unclassified,,[],,,,,[],missing_historical_snapshot_identity|spot_assumptions_source_spot_price_hours|spot_assumptions_partial_above_threshold|spot_assumptions_raw_hourly_reconstruction|spot_assumptions_coverage_ratio_0.993836|spot_assumptions_expected_hours_8760|spot_assumptions_actual_hours_8706|observed_relational_uniform_monthly_consumption
2026-07-24,wghlwf-paneliankosken-voima-oy-kosken-vuosiwoima-24-kk,fixed_term_24,363,[715],1821,2026-07-28T03:56:28.000000Z,True,,[],historical_household_statistics_scope_assumed|retrospective_exact_source_interpretation|exact_source_legacy_null_observation_binding|spot_assumptions_source_spot_price_hours|spot_assumptions_partial_above_threshold|spot_assumptions_raw_hourly_reconstruction|spot_assumptions_coverage_ratio_0.993836|spot_assumptions_expected_hours_8760|spot_assumptions_actual_hours_8706
2026-07-24,wliup0-omavoima-oy-oma-24kk-yleis,fixed_term_24,233,[716],1377,2026-07-24T15:35:07.000000Z,False,,[],historical_household_statistics_scope_assumed|exact_source_legacy_null_observation_binding|spot_assumptions_source_spot_price_hours|spot_assumptions_partial_above_threshold|spot_assumptions_raw_hourly_reconstruction|spot_assumptions_coverage_ratio_0.993836|spot_assumptions_expected_hours_8760|spot_assumptions_actual_hours_8706
2026-07-24,wokjrt-hehku-energia-oy-hehku-kiintea-15-kk-0-kuukausimaksu-ensimmaiset-3-kk,fixed_term_13_23,176,[718],1694,2026-07-28T03:29:42.000000Z,True,,"[953, 1378]",historical_household_statistics_scope_assumed|canonical_interpretation_rejected_by_exact_target_validation|historical_temporal_source_validation_unavailable|retrospective_exact_source_interpretation|exact_source_legacy_null_observation_binding|spot_assumptions_source_spot_price_hours|spot_assumptions_partial_above_threshold|spot_assumptions_raw_hourly_reconstruction|spot_assumptions_coverage_ratio_0.993836|spot_assumptions_expected_hours_8760|spot_assumptions_actual_hours_8706
2026-07-24,wqatmw-paneliankosken-voima-oy-kosken-vuosiwoima-24-kk,fixed_term_24,338,[720],1802,2026-07-28T03:51:31.000000Z,True,,[],historical_household_statistics_scope_assumed|retrospective_exact_source_interpretation|exact_source_legacy_null_observation_binding|spot_assumptions_source_spot_price_hours|spot_assumptions_partial_above_threshold|spot_assumptions_raw_hourly_reconstruction|spot_assumptions_coverage_ratio_0.993836|spot_assumptions_expected_hours_8760|spot_assumptions_actual_hours_8706
2026-07-24,wqyv9k-aanekosken-energia-oy-maalaisjarkisahko-aikasahko-6-kk-paastoton,fixed_term_6,414,[721],1869,2026-07-28T04:04:50.000000Z,True,,[],historical_household_statistics_scope_assumed|retrospective_exact_source_interpretation|exact_source_legacy_null_observation_binding|spot_assumptions_source_spot_price_hours|spot_assumptions_partial_above_threshold|spot_assumptions_raw_hourly_reconstruction|spot_assumptions_coverage_ratio_0.993836|spot_assumptions_expected_hours_8760|spot_assumptions_actual_hours_8706|term_price_annualized
2026-07-24,ws2dwx-aanekosken-energia-oy-yleissahko,unclassified,,[],,,,,[],missing_historical_snapshot_identity|spot_assumptions_source_spot_price_hours|spot_assumptions_partial_above_threshold|spot_assumptions_raw_hourly_reconstruction|spot_assumptions_coverage_ratio_0.993836|spot_assumptions_expected_hours_8760|spot_assumptions_actual_hours_8706|observed_relational_uniform_monthly_consumption
2026-07-24,wsncrl-kokkolan-energia-oy-ranta-12-kk,fixed_term_12,171,[723],1691,2026-07-28T03:29:02.000000Z,True,,[],historical_household_statistics_scope_assumed|retrospective_exact_source_interpretation|exact_source_legacy_null_observation_binding|spot_assumptions_source_spot_price_hours|spot_assumptions_partial_above_threshold|spot_assumptions_raw_hourly_reconstruction|spot_assumptions_coverage_ratio_0.993836|spot_assumptions_expected_hours_8760|spot_assumptions_actual_hours_8706
2026-07-24,wsnmgc-nurmijarven-sahko-oy-yleissahko,open_ended,12,[724],1562,2026-07-28T03:02:38.000000Z,True,,[],historical_household_statistics_scope_assumed|retrospective_exact_source_interpretation|exact_source_legacy_null_observation_binding|spot_assumptions_source_spot_price_hours|spot_assumptions_partial_above_threshold|spot_assumptions_raw_hourly_reconstruction|spot_assumptions_coverage_ratio_0.993836|spot_assumptions_expected_hours_8760|spot_assumptions_actual_hours_8706|supplier_adjusted_tail_uses_comparable_forward_premium|supplier_adjusted_monthly_fee_held_flat|price_episode_observed_proxy|price_episode_left_censored|historical_exact_contract_only|price_episode_uses_dedicated_historical_interpretation|calendar_gap_within_observed_price_episode|price_episode_uses_retrospective_exact_source_interpretation|missing_own_reference_using_comparable_premium|lower_confidence_energy_episode_proxy
2026-07-24,wzr22t-omavoima-oy-oma-12kk-yopaiva,fixed_term_12,29,[726],1384,2026-07-24T15:36:28.000000Z,False,,[],historical_household_statistics_scope_assumed|exact_source_legacy_null_observation_binding|spot_assumptions_source_spot_price_hours|spot_assumptions_partial_above_threshold|spot_assumptions_raw_hourly_reconstruction|spot_assumptions_coverage_ratio_0.993836|spot_assumptions_expected_hours_8760|spot_assumptions_actual_hours_8706
2026-07-24,x2zvvw-nordic-green-energy-uusiutuva-porssisahko,spot,45,[728],1590,2026-07-28T03:07:38.000000Z,True,,[],historical_household_statistics_scope_assumed|retrospective_exact_source_interpretation|exact_source_legacy_null_observation_binding|spot_assumptions_source_spot_price_hours|spot_assumptions_partial_above_threshold|spot_assumptions_raw_hourly_reconstruction|spot_assumptions_coverage_ratio_0.993836|spot_assumptions_expected_hours_8760|spot_assumptions_actual_hours_8706|spot_estimate_confidence_higher|spot_forward_curve_with_rolling_365_intraday_shape|partial_shape_coverage|forward_month_from_quarter_contract
2026-07-24,x5t18z-helen-oy-helpposahko-m,open_ended,204,[729],1386,2026-07-24T15:37:00.000000Z,False,,[],historical_household_statistics_scope_assumed|exact_source_legacy_null_observation_binding|spot_assumptions_source_spot_price_hours|spot_assumptions_partial_above_threshold|spot_assumptions_raw_hourly_reconstruction|spot_assumptions_coverage_ratio_0.993836|spot_assumptions_expected_hours_8760|spot_assumptions_actual_hours_8706
2026-07-24,xcrirm-vattenfall-oy-yrityksen-optimi-porssisahko-tuuli,unclassified,,[],,,,,[],missing_historical_snapshot_identity|spot_assumptions_source_spot_price_hours|spot_assumptions_partial_above_threshold|spot_assumptions_raw_hourly_reconstruction|spot_assumptions_coverage_ratio_0.993836|spot_assumptions_expected_hours_8760|spot_assumptions_actual_hours_8706|observed_relational_uniform_monthly_consumption
2026-07-24,xcvrus-paneliankosken-voima-oy-kosken-vuosiwoima-12-kk,fixed_term_12,295,[733],1773,2026-07-28T03:45:57.000000Z,True,,[],historical_household_statistics_scope_assumed|retrospective_exact_source_interpretation|exact_source_legacy_null_observation_binding|spot_assumptions_source_spot_price_hours|spot_assumptions_partial_above_threshold|spot_assumptions_raw_hourly_reconstruction|spot_assumptions_coverage_ratio_0.993836|spot_assumptions_expected_hours_8760|spot_assumptions_actual_hours_8706
2026-07-24,xe9b5i-hehku-energia-oy-hehku-kiintea-12-kk-0-kuukausimaksu-ensimmaiset-3-kk,fixed_term_12,328,[734],1793,2026-07-28T03:50:00.000000Z,True,,[],historical_household_statistics_scope_assumed|retrospective_exact_source_interpretation|exact_source_legacy_null_observation_binding|spot_assumptions_source_spot_price_hours|spot_assumptions_partial_above_threshold|spot_assumptions_raw_hourly_reconstruction|spot_assumptions_coverage_ratio_0.993836|spot_assumptions_expected_hours_8760|spot_assumptions_actual_hours_8706
2026-07-24,xhm9jf-imatran-seudun-sahko-oy-voima-6-kk,fixed_term_6,228,[736],1730,2026-07-28T03:36:50.000000Z,True,,[],historical_household_statistics_scope_assumed|retrospective_exact_source_interpretation|exact_source_legacy_null_observation_binding|spot_assumptions_source_spot_price_hours|spot_assumptions_partial_above_threshold|spot_assumptions_raw_hourly_reconstruction|spot_assumptions_coverage_ratio_0.993836|spot_assumptions_expected_hours_8760|spot_assumptions_actual_hours_8706|term_price_annualized
2026-07-24,xhyxbc-keravan-energia-oy-perussahko-luonnonvoima-12-kk,fixed_term_12,135,[737],1662,2026-07-28T03:23:11.000000Z,True,,[],historical_household_statistics_scope_assumed|retrospective_exact_source_interpretation|exact_source_legacy_null_observation_binding|spot_assumptions_source_spot_price_hours|spot_assumptions_partial_above_threshold|spot_assumptions_raw_hourly_reconstruction|spot_assumptions_coverage_ratio_0.993836|spot_assumptions_expected_hours_8760|spot_assumptions_actual_hours_8706
2026-07-24,xiojoa-hehku-energia-oy-hehku-hiilivapaa-24-kk-0-kuukausimaksu-ensimmaiset-6-kk,fixed_term_24,270,[738],1754,2026-07-28T03:42:10.000000Z,True,,[],historical_household_statistics_scope_assumed|retrospective_exact_source_interpretation|exact_source_legacy_null_observation_binding|spot_assumptions_source_spot_price_hours|spot_assumptions_partial_above_threshold|spot_assumptions_raw_hourly_reconstruction|spot_assumptions_coverage_ratio_0.993836|spot_assumptions_expected_hours_8760|spot_assumptions_actual_hours_8706
2026-07-24,xlclt2-sahkotytot-oy-porssisahko-tarjous-ilmainen-perusmaksu-ensimmaiset-3kk,spot,37,[741],,,,,"[46, 51, 542, 968, 1393, 1584]",canonical_interpretation_rejected_by_exact_target_validation|historical_temporal_source_validation_unavailable|canonical_omitted_no_valid_interpretation_as_of_date|spot_assumptions_source_spot_price_hours|spot_assumptions_partial_above_threshold|spot_assumptions_raw_hourly_reconstruction|spot_assumptions_coverage_ratio_0.993836|spot_assumptions_expected_hours_8760|spot_assumptions_actual_hours_8706|observed_relational_uniform_monthly_consumption|spot_estimate_confidence_higher|partial_shape_coverage|forward_month_from_quarter_contract
2026-07-24,xlhswe-lammaisten-energia-oy-iisi-kulutusjousto-kausisahko-12-kk,hybrid,252,[742],1745,2026-07-28T03:40:01.000000Z,True,,[],historical_household_statistics_scope_assumed|retrospective_exact_source_interpretation|exact_source_legacy_null_observation_binding|spot_assumptions_source_spot_price_hours|spot_assumptions_partial_above_threshold|spot_assumptions_raw_hourly_reconstruction|spot_assumptions_coverage_ratio_0.993836|spot_assumptions_expected_hours_8760|spot_assumptions_actual_hours_8706|excludes_consumption_effect
2026-07-24,xmurz0-porvoon-energia-oy-ilmastoviisas-12-kk-co2-paastottomasti-tuotettu,fixed_term_12,7,[743],1395,2026-07-24T15:39:11.000000Z,False,,[],historical_household_statistics_scope_assumed|exact_source_legacy_null_observation_binding|spot_assumptions_source_spot_price_hours|spot_assumptions_partial_above_threshold|spot_assumptions_raw_hourly_reconstruction|spot_assumptions_coverage_ratio_0.993836|spot_assumptions_expected_hours_8760|spot_assumptions_actual_hours_8706
2026-07-24,xnbikt-vattenfall-oy-yrityksen-ilmasto-mix-12-kk-perusmaksut-0-ensimmaiset-3-kk,unclassified,,[],,,,,[],missing_historical_snapshot_identity|spot_assumptions_source_spot_price_hours|spot_assumptions_partial_above_threshold|spot_assumptions_raw_hourly_reconstruction|spot_assumptions_coverage_ratio_0.993836|spot_assumptions_expected_hours_8760|spot_assumptions_actual_hours_8706|observed_relational_uniform_monthly_consumption
2026-07-24,xqf8be-vimpelin-voima-oy-sulaketariffi,unclassified,,[],,,,,[],missing_historical_snapshot_identity|spot_assumptions_source_spot_price_hours|spot_assumptions_partial_above_threshold|spot_assumptions_raw_hourly_reconstruction|spot_assumptions_coverage_ratio_0.993836|spot_assumptions_expected_hours_8760|spot_assumptions_actual_hours_8706|observed_relational_uniform_monthly_consumption
2026-07-24,xrufmt-koylion-sakylan-sahko-oy-lallin-maaris-2v,fixed_term_24,379,[747],1834,2026-07-28T03:59:07.000000Z,True,,[],historical_household_statistics_scope_assumed|retrospective_exact_source_interpretation|exact_source_legacy_null_observation_binding|spot_assumptions_source_spot_price_hours|spot_assumptions_partial_above_threshold|spot_assumptions_raw_hourly_reconstruction|spot_assumptions_coverage_ratio_0.993836|spot_assumptions_expected_hours_8760|spot_assumptions_actual_hours_8706
2026-07-24,xsinka-porvoon-energia-oy-eko-24kk-luonnonsuojeluliiton-sertifioima-ekoenergia,fixed_term_24,316,[748],1399,2026-07-24T15:42:02.000000Z,False,,[],historical_household_statistics_scope_assumed|exact_source_legacy_null_observation_binding|spot_assumptions_source_spot_price_hours|spot_assumptions_partial_above_threshold|spot_assumptions_raw_hourly_reconstruction|spot_assumptions_coverage_ratio_0.993836|spot_assumptions_expected_hours_8760|spot_assumptions_actual_hours_8706
2026-07-24,xvnarv-porvoon-energia-oy-spot-porssisahko,spot,79,[749],1617,2026-07-28T03:14:14.000000Z,True,,[],historical_household_statistics_scope_assumed|retrospective_exact_source_interpretation|exact_source_legacy_null_observation_binding|spot_assumptions_source_spot_price_hours|spot_assumptions_partial_above_threshold|spot_assumptions_raw_hourly_reconstruction|spot_assumptions_coverage_ratio_0.993836|spot_assumptions_expected_hours_8760|spot_assumptions_actual_hours_8706|spot_estimate_confidence_higher|spot_forward_curve_with_rolling_365_intraday_shape|partial_shape_coverage|forward_month_from_quarter_contract
2026-07-24,xwfvrr-hehku-energia-oy-hehku-hiilivapaa-porssi-0-kuukausimaksu-ensimmaiset-6-kk,spot,319,[750],1784,2026-07-28T03:48:22.000000Z,True,,[],historical_household_statistics_scope_assumed|retrospective_exact_source_interpretation|exact_source_legacy_null_observation_binding|spot_assumptions_source_spot_price_hours|spot_assumptions_partial_above_threshold|spot_assumptions_raw_hourly_reconstruction|spot_assumptions_coverage_ratio_0.993836|spot_assumptions_expected_hours_8760|spot_assumptions_actual_hours_8706|spot_estimate_confidence_higher|spot_forward_curve_with_rolling_365_intraday_shape|partial_shape_coverage|forward_month_from_quarter_contract
2026-07-24,xx2kue-aanekosken-energia-oy-maalaisjarkisahko-aikasahko-12-kk-paastoton,fixed_term_12,461,[752],1402,2026-07-24T15:44:03.000000Z,False,,[],historical_household_statistics_scope_assumed|exact_source_legacy_null_observation_binding|spot_assumptions_source_spot_price_hours|spot_assumptions_partial_above_threshold|spot_assumptions_raw_hourly_reconstruction|spot_assumptions_coverage_ratio_0.993836|spot_assumptions_expected_hours_8760|spot_assumptions_actual_hours_8706
2026-07-24,xx5uxn-oomi-oy-toimitusvelvollinen-sahko,open_ended,62,[759],1607,2026-07-28T03:11:57.000000Z,True,,[],historical_household_statistics_scope_assumed|retrospective_exact_source_interpretation|exact_source_legacy_null_observation_binding|spot_assumptions_source_spot_price_hours|spot_assumptions_partial_above_threshold|spot_assumptions_raw_hourly_reconstruction|spot_assumptions_coverage_ratio_0.993836|spot_assumptions_expected_hours_8760|spot_assumptions_actual_hours_8706|supplier_adjusted_tail_uses_comparable_forward_premium|supplier_adjusted_monthly_fee_held_flat|price_episode_observed_proxy|price_episode_left_censored|historical_exact_contract_only|price_episode_uses_dedicated_historical_interpretation|calendar_gap_within_observed_price_episode|price_episode_uses_retrospective_exact_source_interpretation|missing_own_reference_using_comparable_premium|lower_confidence_energy_episode_proxy
2026-07-24,xyhwzz-keravan-energia-oy-joustosahko-12-kk,hybrid,348,[760],1811,2026-07-28T03:52:55.000000Z,True,,[],historical_household_statistics_scope_assumed|retrospective_exact_source_interpretation|exact_source_legacy_null_observation_binding|spot_assumptions_source_spot_price_hours|spot_assumptions_partial_above_threshold|spot_assumptions_raw_hourly_reconstruction|spot_assumptions_coverage_ratio_0.993836|spot_assumptions_expected_hours_8760|spot_assumptions_actual_hours_8706|excludes_consumption_effect
2026-07-24,xzyppx-helen-oy-maaraaikainen-perussahko-24-kk,fixed_term_24,250,[762],1405,2026-07-24T15:44:37.000000Z,False,,[],historical_household_statistics_scope_assumed|exact_source_legacy_null_observation_binding|spot_assumptions_source_spot_price_hours|spot_assumptions_partial_above_threshold|spot_assumptions_raw_hourly_reconstruction|spot_assumptions_coverage_ratio_0.993836|spot_assumptions_expected_hours_8760|spot_assumptions_actual_hours_8706
2026-07-24,y32lx5-seinajoen-energia-oy-se-oikea-aikasahko,open_ended,425,[763],1879,2026-07-28T04:06:08.000000Z,True,,[],historical_household_statistics_scope_assumed|retrospective_exact_source_interpretation|exact_source_legacy_null_observation_binding|spot_assumptions_source_spot_price_hours|spot_assumptions_partial_above_threshold|spot_assumptions_raw_hourly_reconstruction|spot_assumptions_coverage_ratio_0.993836|spot_assumptions_expected_hours_8760|spot_assumptions_actual_hours_8706|supplier_adjusted_tail_shifted_on_forward_curve|supplier_adjusted_monthly_fee_held_flat|price_episode_observed_proxy|price_episode_left_censored|historical_exact_contract_only|price_episode_uses_dedicated_historical_interpretation|price_episode_uses_retrospective_exact_source_interpretation|forward_month_from_quarter_contract
2026-07-24,y3ljwt-koylion-sakylan-sahko-oy-lallin-maaris-2v-yosahko,fixed_term_24,105,[764],1639,2026-07-28T03:18:25.000000Z,True,,[],historical_household_statistics_scope_assumed|retrospective_exact_source_interpretation|exact_source_legacy_null_observation_binding|spot_assumptions_source_spot_price_hours|spot_assumptions_partial_above_threshold|spot_assumptions_raw_hourly_reconstruction|spot_assumptions_coverage_ratio_0.993836|spot_assumptions_expected_hours_8760|spot_assumptions_actual_hours_8706
2026-07-24,y6jm1e-korpelan-energia-oy-korpela-kvartaali,unclassified,,[],,,,,[],missing_historical_snapshot_identity|spot_assumptions_source_spot_price_hours|spot_assumptions_partial_above_threshold|spot_assumptions_raw_hourly_reconstruction|spot_assumptions_coverage_ratio_0.993836|spot_assumptions_expected_hours_8760|spot_assumptions_actual_hours_8706|observed_relational_uniform_monthly_consumption
2026-07-24,yblryp-fortum-markets-oy-yritys-duo-36kk-yleissahko,unclassified,,[],,,,,[],missing_historical_snapshot_identity|spot_assumptions_source_spot_price_hours|spot_assumptions_partial_above_threshold|spot_assumptions_raw_hourly_reconstruction|spot_assumptions_coverage_ratio_0.993836|spot_assumptions_expected_hours_8760|spot_assumptions_actual_hours_8706|observed_relational_uniform_monthly_consumption
2026-07-24,yd7lgu-alajarven-sahko-oy-aikasahko,open_ended,388,[767],1843,2026-07-28T04:00:51.000000Z,True,,[],historical_household_statistics_scope_assumed|retrospective_exact_source_interpretation|exact_source_legacy_null_observation_binding|spot_assumptions_source_spot_price_hours|spot_assumptions_partial_above_threshold|spot_assumptions_raw_hourly_reconstruction|spot_assumptions_coverage_ratio_0.993836|spot_assumptions_expected_hours_8760|spot_assumptions_actual_hours_8706|supplier_adjusted_tail_uses_comparable_forward_premium|supplier_adjusted_monthly_fee_held_flat|price_episode_observed_proxy|price_episode_left_censored|historical_exact_contract_only|price_episode_uses_dedicated_historical_interpretation|price_episode_uses_retrospective_exact_source_interpretation|missing_own_reference_using_comparable_premium|lower_confidence_energy_episode_proxy
2026-07-24,ydi2at-alajarven-sahko-oy-yleissahko,open_ended,390,[768],1845,2026-07-28T04:01:05.000000Z,True,,[],historical_household_statistics_scope_assumed|retrospective_exact_source_interpretation|exact_source_legacy_null_observation_binding|spot_assumptions_source_spot_price_hours|spot_assumptions_partial_above_threshold|spot_assumptions_raw_hourly_reconstruction|spot_assumptions_coverage_ratio_0.993836|spot_assumptions_expected_hours_8760|spot_assumptions_actual_hours_8706|supplier_adjusted_tail_uses_comparable_forward_premium|supplier_adjusted_monthly_fee_held_flat|price_episode_observed_proxy|price_episode_left_censored|historical_exact_contract_only|price_episode_uses_dedicated_historical_interpretation|price_episode_uses_retrospective_exact_source_interpretation|missing_own_reference_using_comparable_premium|lower_confidence_energy_episode_proxy
2026-07-24,ygkgrj-pohjois-karjalan-sahko-oy-oiva,open_ended,129,[769],1657,2026-07-28T03:22:11.000000Z,True,,[],historical_household_statistics_scope_assumed|retrospective_exact_source_interpretation|exact_source_legacy_null_observation_binding|spot_assumptions_source_spot_price_hours|spot_assumptions_partial_above_threshold|spot_assumptions_raw_hourly_reconstruction|spot_assumptions_coverage_ratio_0.993836|spot_assumptions_expected_hours_8760|spot_assumptions_actual_hours_8706|reset_tail_shifted_on_forward_curve|unknown_periods_use_latest_applicable_price_or_disclosed_normal|forward_month_from_quarter_contract
2026-07-24,yifdtz-vihrea-alyenergia-oy-vire-tuuli-yrityksille-suomen-edullisinta-100-tuulivoimaa-3kk-ilman-perusmaksua,unclassified,,[],,,,,[],missing_historical_snapshot_identity|spot_assumptions_source_spot_price_hours|spot_assumptions_partial_above_threshold|spot_assumptions_raw_hourly_reconstruction|spot_assumptions_coverage_ratio_0.993836|spot_assumptions_expected_hours_8760|spot_assumptions_actual_hours_8706|observed_relational_uniform_monthly_consumption
2026-07-24,ymqe7v-helen-oy-perussahko,open_ended,377,[771],1832,2026-07-28T03:58:47.000000Z,True,,[],historical_household_statistics_scope_assumed|retrospective_exact_source_interpretation|exact_source_legacy_null_observation_binding|spot_assumptions_source_spot_price_hours|spot_assumptions_partial_above_threshold|spot_assumptions_raw_hourly_reconstruction|spot_assumptions_coverage_ratio_0.993836|spot_assumptions_expected_hours_8760|spot_assumptions_actual_hours_8706|supplier_adjusted_tail_uses_comparable_forward_premium|supplier_adjusted_monthly_fee_held_flat|price_episode_observed_proxy|price_episode_left_censored|historical_exact_contract_only|price_episode_uses_dedicated_historical_interpretation|calendar_gap_within_observed_price_episode|price_episode_uses_retrospective_exact_source_interpretation|missing_own_reference_using_comparable_premium|lower_confidence_energy_episode_proxy
2026-07-24,yobmdq-lammaisten-energia-oy-wiksu-markkinasahko,spot,321,[772],1786,2026-07-28T03:48:43.000000Z,True,,[],historical_household_statistics_scope_assumed|retrospective_exact_source_interpretation|exact_source_legacy_null_observation_binding|spot_assumptions_source_spot_price_hours|spot_assumptions_partial_above_threshold|spot_assumptions_raw_hourly_reconstruction|spot_assumptions_coverage_ratio_0.993836|spot_assumptions_expected_hours_8760|spot_assumptions_actual_hours_8706|spot_estimate_confidence_higher|spot_forward_curve_with_rolling_365_intraday_shape|unknown_periods_use_latest_applicable_price_or_disclosed_normal|partial_shape_coverage|forward_month_from_quarter_contract
2026-07-24,yr69kf-nordic-green-energy-tuulivoima-porssisahko-yritykselle,unclassified,,[],,,,,[],missing_historical_snapshot_identity|spot_assumptions_source_spot_price_hours|spot_assumptions_partial_above_threshold|spot_assumptions_raw_hourly_reconstruction|spot_assumptions_coverage_ratio_0.993836|spot_assumptions_expected_hours_8760|spot_assumptions_actual_hours_8706|observed_relational_uniform_monthly_consumption
2026-07-24,ytufxf-cheap-energy-finland-oy-cheap-maaraaikainen-36-kk-0-kuukausimaksu-ensimmaiset-3-kk,fixed_term_over24,71,[774],1612,2026-07-28T03:13:17.000000Z,True,,[1417],historical_household_statistics_scope_assumed|canonical_interpretation_rejected_by_exact_target_validation|historical_temporal_source_validation_unavailable|retrospective_exact_source_interpretation|exact_source_legacy_null_observation_binding|spot_assumptions_source_spot_price_hours|spot_assumptions_partial_above_threshold|spot_assumptions_raw_hourly_reconstruction|spot_assumptions_coverage_ratio_0.993836|spot_assumptions_expected_hours_8760|spot_assumptions_actual_hours_8706
2026-07-24,yv3sbk-hehku-energia-oy-hehku-jousto-12-kk-ensimmaiset-3-kk-perusmaksu-0,hybrid,192,[778],1702,2026-07-28T03:31:24.000000Z,True,,[],historical_household_statistics_scope_assumed|retrospective_exact_source_interpretation|exact_source_legacy_null_observation_binding|spot_assumptions_source_spot_price_hours|spot_assumptions_partial_above_threshold|spot_assumptions_raw_hourly_reconstruction|spot_assumptions_coverage_ratio_0.993836|spot_assumptions_expected_hours_8760|spot_assumptions_actual_hours_8706|excludes_consumption_effect
2026-07-24,ywelzd-parikkalan-valo-oy-kesto-valo-kanta-asiakas-yritys,unclassified,,[],,,,,[],missing_historical_snapshot_identity|spot_assumptions_source_spot_price_hours|spot_assumptions_partial_above_threshold|spot_assumptions_raw_hourly_reconstruction|spot_assumptions_coverage_ratio_0.993836|spot_assumptions_expected_hours_8760|spot_assumptions_actual_hours_8706|observed_relational_uniform_monthly_consumption
2026-07-24,yzgfln-omavoima-oy-oma-24kk-yopaiva,fixed_term_24,313,[782],1420,2026-07-24T15:50:05.000000Z,False,,[],historical_household_statistics_scope_assumed|exact_source_legacy_null_observation_binding|spot_assumptions_source_spot_price_hours|spot_assumptions_partial_above_threshold|spot_assumptions_raw_hourly_reconstruction|spot_assumptions_coverage_ratio_0.993836|spot_assumptions_expected_hours_8760|spot_assumptions_actual_hours_8706
2026-07-24,z5di4h-nordic-green-energy-tuulivoima-spot-yrityksille,unclassified,,[],,,,,[],missing_historical_snapshot_identity|spot_assumptions_source_spot_price_hours|spot_assumptions_partial_above_threshold|spot_assumptions_raw_hourly_reconstruction|spot_assumptions_coverage_ratio_0.993836|spot_assumptions_expected_hours_8760|spot_assumptions_actual_hours_8706|observed_relational_uniform_monthly_consumption
2026-07-24,zcosto-vaasan-sahko-myynti-oy-tuulisahko-yleissahko,quarterly,108,[785],997,2026-07-24T13:24:24.000000Z,False,,"[59, 570, 1422, 1641]",historical_household_statistics_scope_assumed|canonical_interpretation_rejected_by_exact_target_validation|historical_temporal_source_validation_unavailable|exact_source_legacy_null_observation_binding|spot_assumptions_source_spot_price_hours|spot_assumptions_partial_above_threshold|spot_assumptions_raw_hourly_reconstruction|spot_assumptions_coverage_ratio_0.993836|spot_assumptions_expected_hours_8760|spot_assumptions_actual_hours_8706|reset_tail_shifted_on_forward_curve|forward_month_from_quarter_contract
2026-07-24,zf1ooz-korpelan-energia-oy-korpela-kesto-24-kk,unclassified,,[],,,,,[],missing_historical_snapshot_identity|spot_assumptions_source_spot_price_hours|spot_assumptions_partial_above_threshold|spot_assumptions_raw_hourly_reconstruction|spot_assumptions_coverage_ratio_0.993836|spot_assumptions_expected_hours_8760|spot_assumptions_actual_hours_8706|observed_relational_uniform_monthly_consumption
2026-07-24,zial89-pohjois-karjalan-sahko-oy-optimi-takuu-12-kuukautta,fixed_term_12,279,[790],1761,2026-07-28T03:43:25.000000Z,True,,[],historical_household_statistics_scope_assumed|retrospective_exact_source_interpretation|exact_source_legacy_null_observation_binding|spot_assumptions_source_spot_price_hours|spot_assumptions_partial_above_threshold|spot_assumptions_raw_hourly_reconstruction|spot_assumptions_coverage_ratio_0.993836|spot_assumptions_expected_hours_8760|spot_assumptions_actual_hours_8706
2026-07-24,zlhj1m-imatran-seudun-sahko-oy-voima-24-kk,fixed_term_24,249,[791],1743,2026-07-28T03:39:41.000000Z,True,,[],historical_household_statistics_scope_assumed|retrospective_exact_source_interpretation|exact_source_legacy_null_observation_binding|spot_assumptions_source_spot_price_hours|spot_assumptions_partial_above_threshold|spot_assumptions_raw_hourly_reconstruction|spot_assumptions_coverage_ratio_0.993836|spot_assumptions_expected_hours_8760|spot_assumptions_actual_hours_8706
2026-07-24,zmbmth-vattenfall-oy-yrityksen-ilmasto-vakio,unclassified,,[],,,,,[],missing_historical_snapshot_identity|spot_assumptions_source_spot_price_hours|spot_assumptions_partial_above_threshold|spot_assumptions_raw_hourly_reconstruction|spot_assumptions_coverage_ratio_0.993836|spot_assumptions_expected_hours_8760|spot_assumptions_actual_hours_8706|observed_relational_uniform_monthly_consumption
2026-07-24,zmtkhl-vaasan-sahko-myynti-oy-kiintea-12-kk-yosahko-yrityksille,unclassified,,[],,,,,[],missing_historical_snapshot_identity|spot_assumptions_source_spot_price_hours|spot_assumptions_partial_above_threshold|spot_assumptions_raw_hourly_reconstruction|spot_assumptions_coverage_ratio_0.993836|spot_assumptions_expected_hours_8760|spot_assumptions_actual_hours_8706|observed_relational_uniform_monthly_consumption
2026-07-24,zojywe-vattenfall-oy-ilmasto-vakio,open_ended,144,[795],1670,2026-07-28T03:25:02.000000Z,True,,[],historical_household_statistics_scope_assumed|retrospective_exact_source_interpretation|exact_source_legacy_null_observation_binding|spot_assumptions_source_spot_price_hours|spot_assumptions_partial_above_threshold|spot_assumptions_raw_hourly_reconstruction|spot_assumptions_coverage_ratio_0.993836|spot_assumptions_expected_hours_8760|spot_assumptions_actual_hours_8706|historical_consumption_out_of_range
2026-07-24,zp2qud-korpelan-energia-oy-korpela-kvartaali,hybrid,206,[796],1429,2026-07-24T15:53:17.000000Z,False,,[1712],historical_household_statistics_scope_assumed|canonical_interpretation_rejected_by_exact_target_validation|exact_source_legacy_null_observation_binding|spot_assumptions_source_spot_price_hours|spot_assumptions_partial_above_threshold|spot_assumptions_raw_hourly_reconstruction|spot_assumptions_coverage_ratio_0.993836|spot_assumptions_expected_hours_8760|spot_assumptions_actual_hours_8706|reset_tail_shifted_on_forward_curve|unknown_periods_use_latest_applicable_price_or_disclosed_normal|excludes_consumption_effect|forward_month_from_quarter_contract
2026-07-24,zpjpbn-vaasan-sahko-myynti-oy-kiintea-vaikuttaja-24-kk-yrityksille,unclassified,,[],,,,,[],missing_historical_snapshot_identity|spot_assumptions_source_spot_price_hours|spot_assumptions_partial_above_threshold|spot_assumptions_raw_hourly_reconstruction|spot_assumptions_coverage_ratio_0.993836|spot_assumptions_expected_hours_8760|spot_assumptions_actual_hours_8706|observed_relational_uniform_monthly_consumption
2026-07-24,zqskv0-vaasan-sahko-myynti-oy-kuukausipaketti-l,open_ended,152,[807],1677,2026-07-28T03:26:23.000000Z,True,,[1431],historical_household_statistics_scope_assumed|canonical_interpretation_rejected_by_exact_target_validation|retrospective_exact_source_interpretation|exact_source_legacy_null_observation_binding|spot_assumptions_source_spot_price_hours|spot_assumptions_partial_above_threshold|spot_assumptions_raw_hourly_reconstruction|spot_assumptions_coverage_ratio_0.993836|spot_assumptions_expected_hours_8760|spot_assumptions_actual_hours_8706
2026-07-24,zr9aii-helen-oy-maaraaikainen-valkkysahko-12-kk,hybrid,451,[809],1432,2026-07-24T15:54:14.000000Z,False,,[],historical_household_statistics_scope_assumed|exact_source_legacy_null_observation_binding|spot_assumptions_source_spot_price_hours|spot_assumptions_partial_above_threshold|spot_assumptions_raw_hourly_reconstruction|spot_assumptions_coverage_ratio_0.993836|spot_assumptions_expected_hours_8760|spot_assumptions_actual_hours_8706|excludes_consumption_effect
2026-07-24,zrpfru-kokkolan-energia-oy-aalto-24-kk,hybrid,39,[810],1585,2026-07-28T03:06:24.000000Z,True,,[],historical_household_statistics_scope_assumed|retrospective_exact_source_interpretation|exact_source_legacy_null_observation_binding|spot_assumptions_source_spot_price_hours|spot_assumptions_partial_above_threshold|spot_assumptions_raw_hourly_reconstruction|spot_assumptions_coverage_ratio_0.993836|spot_assumptions_expected_hours_8760|spot_assumptions_actual_hours_8706|excludes_consumption_effect
2026-07-24,zry8u9-omavoima-oy-oma-12kk-kausi,fixed_term_12,258,[811],1434,2026-07-24T15:54:40.000000Z,False,,[],historical_household_statistics_scope_assumed|exact_source_legacy_null_observation_binding|spot_assumptions_source_spot_price_hours|spot_assumptions_partial_above_threshold|spot_assumptions_raw_hourly_reconstruction|spot_assumptions_coverage_ratio_0.993836|spot_assumptions_expected_hours_8760|spot_assumptions_actual_hours_8706
2026-07-24,zsihtg-aalto-energia-oyj-porssisahko,unclassified,,[],,,,,[],missing_historical_snapshot_identity|spot_assumptions_source_spot_price_hours|spot_assumptions_partial_above_threshold|spot_assumptions_raw_hourly_reconstruction|spot_assumptions_coverage_ratio_0.993836|spot_assumptions_expected_hours_8760|spot_assumptions_actual_hours_8706|observed_relational_uniform_monthly_consumption
2026-07-24,zsxqiy-oomi-oy-toimitusvelvollinen-sahko,open_ended,50,[813],1595,2026-07-28T03:08:27.000000Z,True,,[],historical_household_statistics_scope_assumed|retrospective_exact_source_interpretation|exact_source_legacy_null_observation_binding|spot_assumptions_source_spot_price_hours|spot_assumptions_partial_above_threshold|spot_assumptions_raw_hourly_reconstruction|spot_assumptions_coverage_ratio_0.993836|spot_assumptions_expected_hours_8760|spot_assumptions_actual_hours_8706|supplier_adjusted_tail_uses_comparable_forward_premium|supplier_adjusted_monthly_fee_held_flat|price_episode_observed_proxy|price_episode_left_censored|historical_exact_contract_only|price_episode_uses_dedicated_historical_interpretation|calendar_gap_within_observed_price_episode|price_episode_uses_retrospective_exact_source_interpretation|missing_own_reference_using_comparable_premium|lower_confidence_energy_episode_proxy
2026-07-24,ztawud-turku-energia-oy-louna-helppo-s,open_ended,9,[814],1560,2026-07-28T03:02:20.000000Z,True,,[585],historical_household_statistics_scope_assumed|canonical_interpretation_rejected_by_exact_target_validation|retrospective_exact_source_interpretation|exact_source_legacy_null_observation_binding|spot_assumptions_source_spot_price_hours|spot_assumptions_partial_above_threshold|spot_assumptions_raw_hourly_reconstruction|spot_assumptions_coverage_ratio_0.993836|spot_assumptions_expected_hours_8760|spot_assumptions_actual_hours_8706
2026-07-24,zts80w-nordic-green-energy-aurinkovoima-spot-yrityksille,unclassified,,[],,,,,[],missing_historical_snapshot_identity|spot_assumptions_source_spot_price_hours|spot_assumptions_partial_above_threshold|spot_assumptions_raw_hourly_reconstruction|spot_assumptions_coverage_ratio_0.993836|spot_assumptions_expected_hours_8760|spot_assumptions_actual_hours_8706|observed_relational_uniform_monthly_consumption
2026-07-24,zujknd-aanekosken-energia-oy-maalaisjarkisahko-yleissahko-24-kk-paastoton,fixed_term_24,407,[817],1862,2026-07-28T04:03:34.000000Z,True,,[],historical_household_statistics_scope_assumed|retrospective_exact_source_interpretation|exact_source_legacy_null_observation_binding|spot_assumptions_source_spot_price_hours|spot_assumptions_partial_above_threshold|spot_assumptions_raw_hourly_reconstruction|spot_assumptions_coverage_ratio_0.993836|spot_assumptions_expected_hours_8760|spot_assumptions_actual_hours_8706
2026-07-24,zvtuhk-aanekosken-energia-oy-aikasahko-12-kk,unclassified,,[],,,,,[],missing_historical_snapshot_identity|spot_assumptions_source_spot_price_hours|spot_assumptions_partial_above_threshold|spot_assumptions_raw_hourly_reconstruction|spot_assumptions_coverage_ratio_0.993836|spot_assumptions_expected_hours_8760|spot_assumptions_actual_hours_8706|observed_relational_uniform_monthly_consumption
2026-07-24,zxt8y9-fortum-markets-oy-fortum-takuu-24-kk,fixed_term_24,111,[820],1441,2026-07-24T15:57:29.000000Z,False,,[],historical_household_statistics_scope_assumed|exact_source_legacy_null_observation_binding|spot_assumptions_source_spot_price_hours|spot_assumptions_partial_above_threshold|spot_assumptions_raw_hourly_reconstruction|spot_assumptions_coverage_ratio_0.993836|spot_assumptions_expected_hours_8760|spot_assumptions_actual_hours_8706
