date,contract,kwh,status,v2_segment,v3_segment,v2_cost,v3_cost,v2_method,v3_method,reason,flags
2026-07-22,2wzfba-oomi-oy-oomi-vakaa,2000,changed,open_ended,open_ended,337.52,293.3091221774193,hold_current_supplier_price,supplier_adjusted_forward_premium,,canonical_omitted_no_covering_source_observation|historical_episode_id_3422|historical_evidence_grade_exact_components_first_immutable_text_backcast|historical_exact_contract_only|historical_household_statistics_scope_assumed|historical_interpretation_completed_at_2026-08-07T10:25:11+00:00|historical_interpretation_id_3422|lower_confidence_energy_episode_proxy|missing_own_reference_using_comparable_premium|price_episode_left_censored|price_episode_observed_proxy|price_episode_uses_dedicated_historical_interpretation|retrospective_historical_interpretation|supplier_adjusted_monthly_fee_held_flat|supplier_adjusted_tail_uses_comparable_forward_premium
2026-07-22,2wzfba-oomi-oy-oomi-vakaa,5000,changed,open_ended,open_ended,754.52,643.9928054435484,hold_current_supplier_price,supplier_adjusted_forward_premium,,canonical_omitted_no_covering_source_observation|historical_episode_id_3422|historical_evidence_grade_exact_components_first_immutable_text_backcast|historical_exact_contract_only|historical_household_statistics_scope_assumed|historical_interpretation_completed_at_2026-08-07T10:25:11+00:00|historical_interpretation_id_3422|lower_confidence_energy_episode_proxy|missing_own_reference_using_comparable_premium|price_episode_left_censored|price_episode_observed_proxy|price_episode_uses_dedicated_historical_interpretation|retrospective_historical_interpretation|supplier_adjusted_monthly_fee_held_flat|supplier_adjusted_tail_uses_comparable_forward_premium
2026-07-22,2wzfba-oomi-oy-oomi-vakaa,18000,changed,open_ended,open_ended,2561.52,2163.6220995967738,hold_current_supplier_price,supplier_adjusted_forward_premium,,canonical_omitted_no_covering_source_observation|historical_episode_id_3422|historical_evidence_grade_exact_components_first_immutable_text_backcast|historical_exact_contract_only|historical_household_statistics_scope_assumed|historical_interpretation_completed_at_2026-08-07T10:25:11+00:00|historical_interpretation_id_3422|lower_confidence_energy_episode_proxy|missing_own_reference_using_comparable_premium|price_episode_left_censored|price_episode_observed_proxy|price_episode_uses_dedicated_historical_interpretation|retrospective_historical_interpretation|supplier_adjusted_monthly_fee_held_flat|supplier_adjusted_tail_uses_comparable_forward_premium
2026-07-22,4jxjsu-vihrea-alyenergia-oy-vakaa-valinta,2000,changed,open_ended,open_ended,167.68,261.92874569892473,hold_current_supplier_price,supplier_adjusted_forward_curve_shift,,canonical_omitted_no_covering_source_observation|forward_month_from_quarter_contract|historical_episode_id_3506|historical_evidence_grade_exact_components_last_observed_text_backcast|historical_exact_contract_only|historical_household_statistics_scope_assumed|historical_interpretation_completed_at_2026-08-07T11:04:02+00:00|historical_interpretation_id_3506|price_episode_left_censored|price_episode_observed_proxy|price_episode_uses_dedicated_historical_interpretation|retrospective_historical_interpretation|supplier_adjusted_monthly_fee_held_flat|supplier_adjusted_tail_shifted_on_forward_curve
2026-07-22,4rzdsm-lammaisten-energia-oy-toimitusvelvollinen-yleissahko,2000,changed,open_ended,open_ended,336.6,288.49664905913977,hold_current_supplier_price,supplier_adjusted_forward_premium,,calendar_gap_within_observed_price_episode|canonical_omitted_no_covering_source_observation|historical_episode_id_3525|historical_evidence_grade_exact_components_first_immutable_text_backcast|historical_exact_contract_only|historical_household_statistics_scope_assumed|historical_interpretation_completed_at_2026-08-07T11:12:52+00:00|historical_interpretation_id_3525|lower_confidence_energy_episode_proxy|missing_own_reference_using_comparable_premium|price_episode_left_censored|price_episode_observed_proxy|price_episode_uses_dedicated_historical_interpretation|retrospective_historical_interpretation|supplier_adjusted_monthly_fee_held_flat|supplier_adjusted_tail_uses_comparable_forward_premium
2026-07-22,4rzdsm-lammaisten-energia-oy-toimitusvelvollinen-yleissahko,5000,changed,open_ended,open_ended,759.6,639.3416226478494,hold_current_supplier_price,supplier_adjusted_forward_premium,,calendar_gap_within_observed_price_episode|canonical_omitted_no_covering_source_observation|historical_episode_id_3525|historical_evidence_grade_exact_components_first_immutable_text_backcast|historical_exact_contract_only|historical_household_statistics_scope_assumed|historical_interpretation_completed_at_2026-08-07T11:12:52+00:00|historical_interpretation_id_3525|lower_confidence_energy_episode_proxy|missing_own_reference_using_comparable_premium|price_episode_left_censored|price_episode_observed_proxy|price_episode_uses_dedicated_historical_interpretation|retrospective_historical_interpretation|supplier_adjusted_monthly_fee_held_flat|supplier_adjusted_tail_uses_comparable_forward_premium
2026-07-22,4rzdsm-lammaisten-energia-oy-toimitusvelvollinen-yleissahko,18000,changed,open_ended,open_ended,2592.6,2159.6698415322576,hold_current_supplier_price,supplier_adjusted_forward_premium,,calendar_gap_within_observed_price_episode|canonical_omitted_no_covering_source_observation|historical_episode_id_3525|historical_evidence_grade_exact_components_first_immutable_text_backcast|historical_exact_contract_only|historical_household_statistics_scope_assumed|historical_interpretation_completed_at_2026-08-07T11:12:52+00:00|historical_interpretation_id_3525|lower_confidence_energy_episode_proxy|missing_own_reference_using_comparable_premium|price_episode_left_censored|price_episode_observed_proxy|price_episode_uses_dedicated_historical_interpretation|retrospective_historical_interpretation|supplier_adjusted_monthly_fee_held_flat|supplier_adjusted_tail_uses_comparable_forward_premium
2026-07-22,68g91h-keuruun-sahko-oy-yosahko,2000,changed,open_ended,open_ended,286.89,276.4857134408602,hold_current_supplier_price,supplier_adjusted_forward_premium,,calendar_gap_within_observed_price_episode|canonical_omitted_no_covering_source_observation|historical_episode_id_3616|historical_evidence_grade_exact_components_first_immutable_text_backcast|historical_exact_contract_only|historical_household_statistics_scope_assumed|historical_interpretation_completed_at_2026-08-07T11:53:52+00:00|historical_interpretation_id_3616|lower_confidence_energy_episode_proxy|missing_own_reference_using_comparable_premium|price_episode_left_censored|price_episode_observed_proxy|price_episode_uses_dedicated_historical_interpretation|retrospective_historical_interpretation|supplier_adjusted_monthly_fee_held_flat|supplier_adjusted_tail_uses_comparable_forward_premium
2026-07-22,68g91h-keuruun-sahko-oy-yosahko,5000,changed,open_ended,open_ended,635.325,609.3142836021505,hold_current_supplier_price,supplier_adjusted_forward_premium,,calendar_gap_within_observed_price_episode|canonical_omitted_no_covering_source_observation|historical_episode_id_3616|historical_evidence_grade_exact_components_first_immutable_text_backcast|historical_exact_contract_only|historical_household_statistics_scope_assumed|historical_interpretation_completed_at_2026-08-07T11:53:52+00:00|historical_interpretation_id_3616|lower_confidence_energy_episode_proxy|missing_own_reference_using_comparable_premium|price_episode_left_censored|price_episode_observed_proxy|price_episode_uses_dedicated_historical_interpretation|retrospective_historical_interpretation|supplier_adjusted_monthly_fee_held_flat|supplier_adjusted_tail_uses_comparable_forward_premium
2026-07-22,68g91h-keuruun-sahko-oy-yosahko,18000,changed,open_ended,open_ended,2145.21,2051.5714209677417,hold_current_supplier_price,supplier_adjusted_forward_premium,,calendar_gap_within_observed_price_episode|canonical_omitted_no_covering_source_observation|historical_episode_id_3616|historical_evidence_grade_exact_components_first_immutable_text_backcast|historical_exact_contract_only|historical_household_statistics_scope_assumed|historical_interpretation_completed_at_2026-08-07T11:53:52+00:00|historical_interpretation_id_3616|lower_confidence_energy_episode_proxy|missing_own_reference_using_comparable_premium|price_episode_left_censored|price_episode_observed_proxy|price_episode_uses_dedicated_historical_interpretation|retrospective_historical_interpretation|supplier_adjusted_monthly_fee_held_flat|supplier_adjusted_tail_uses_comparable_forward_premium
2026-07-22,8sabq6-pohjois-karjalan-sahko-oy-optimi-takuu-6-kuukautta,2000,changed,fixed_term_6,fixed_term_6,303.2,303.19999999999993,none,term_price_annualized,,canonical_omitted_no_covering_source_observation|historical_episode_id_3762|historical_evidence_grade_exact_components_first_immutable_text_backcast|historical_household_statistics_scope_assumed|historical_interpretation_completed_at_2026-08-07T13:03:37+00:00|historical_interpretation_id_3762|retrospective_historical_interpretation|term_price_annualized
2026-07-22,8sabq6-pohjois-karjalan-sahko-oy-optimi-takuu-6-kuukautta,5000,changed,fixed_term_6,fixed_term_6,675.92,675.92,none,term_price_annualized,,canonical_omitted_no_covering_source_observation|historical_episode_id_3762|historical_evidence_grade_exact_components_first_immutable_text_backcast|historical_household_statistics_scope_assumed|historical_interpretation_completed_at_2026-08-07T13:03:37+00:00|historical_interpretation_id_3762|retrospective_historical_interpretation|term_price_annualized
2026-07-22,8sabq6-pohjois-karjalan-sahko-oy-optimi-takuu-6-kuukautta,18000,changed,fixed_term_6,fixed_term_6,2291.04,2291.04,none,term_price_annualized,,canonical_omitted_no_covering_source_observation|historical_episode_id_3762|historical_evidence_grade_exact_components_first_immutable_text_backcast|historical_household_statistics_scope_assumed|historical_interpretation_completed_at_2026-08-07T13:03:37+00:00|historical_interpretation_id_3762|retrospective_historical_interpretation|term_price_annualized
2026-07-22,8v2zuo-turku-energia-oy-louna-lahi-6kk,2000,changed,fixed_term_6,fixed_term_6,286.8,286.8,none,term_price_annualized,,canonical_omitted_no_covering_source_observation|historical_episode_id_3766|historical_evidence_grade_exact_components_first_immutable_text_backcast|historical_household_statistics_scope_assumed|historical_interpretation_completed_at_2026-08-07T13:05:22+00:00|historical_interpretation_id_3766|retrospective_historical_interpretation|term_price_annualized
2026-07-22,8v2zuo-turku-energia-oy-louna-lahi-6kk,5000,changed,fixed_term_6,fixed_term_6,628.8,628.8,none,term_price_annualized,,canonical_omitted_no_covering_source_observation|historical_episode_id_3766|historical_evidence_grade_exact_components_first_immutable_text_backcast|historical_household_statistics_scope_assumed|historical_interpretation_completed_at_2026-08-07T13:05:22+00:00|historical_interpretation_id_3766|retrospective_historical_interpretation|term_price_annualized
2026-07-22,8v2zuo-turku-energia-oy-louna-lahi-6kk,18000,changed,fixed_term_6,fixed_term_6,2110.8,2110.7999999999997,none,term_price_annualized,,canonical_omitted_no_covering_source_observation|historical_episode_id_3766|historical_evidence_grade_exact_components_first_immutable_text_backcast|historical_household_statistics_scope_assumed|historical_interpretation_completed_at_2026-08-07T13:05:22+00:00|historical_interpretation_id_3766|retrospective_historical_interpretation|term_price_annualized
2026-07-22,akhbwv-parikkalan-valo-oy-q-valo,2000,changed,open_ended,open_ended,206.4,295.86139301075264,hold_current_supplier_price,supplier_adjusted_forward_curve_shift,,canonical_omitted_no_covering_source_observation|forward_month_from_quarter_contract|historical_episode_id_3884|historical_evidence_grade_exact_components_first_immutable_text_backcast|historical_exact_contract_only|historical_household_statistics_scope_assumed|historical_interpretation_completed_at_2026-08-07T14:15:35+00:00|historical_interpretation_id_3884|price_episode_left_censored|price_episode_observed_proxy|price_episode_uses_dedicated_historical_interpretation|retrospective_historical_interpretation|supplier_adjusted_monthly_fee_held_flat|supplier_adjusted_tail_shifted_on_forward_curve
2026-07-22,akhbwv-parikkalan-valo-oy-q-valo,5000,changed,open_ended,open_ended,432.3,655.9534825268818,hold_current_supplier_price,supplier_adjusted_forward_curve_shift,,canonical_omitted_no_covering_source_observation|forward_month_from_quarter_contract|historical_episode_id_3884|historical_evidence_grade_exact_components_first_immutable_text_backcast|historical_exact_contract_only|historical_household_statistics_scope_assumed|historical_interpretation_completed_at_2026-08-07T14:15:35+00:00|historical_interpretation_id_3884|price_episode_left_censored|price_episode_observed_proxy|price_episode_uses_dedicated_historical_interpretation|retrospective_historical_interpretation|supplier_adjusted_monthly_fee_held_flat|supplier_adjusted_tail_shifted_on_forward_curve
2026-07-22,akhbwv-parikkalan-valo-oy-q-valo,18000,changed,open_ended,open_ended,1411.2,2216.352537096774,hold_current_supplier_price,supplier_adjusted_forward_curve_shift,,canonical_omitted_no_covering_source_observation|forward_month_from_quarter_contract|historical_episode_id_3884|historical_evidence_grade_exact_components_first_immutable_text_backcast|historical_exact_contract_only|historical_household_statistics_scope_assumed|historical_interpretation_completed_at_2026-08-07T14:15:35+00:00|historical_interpretation_id_3884|price_episode_left_censored|price_episode_observed_proxy|price_episode_uses_dedicated_historical_interpretation|retrospective_historical_interpretation|supplier_adjusted_monthly_fee_held_flat|supplier_adjusted_tail_shifted_on_forward_curve
2026-07-22,brxibd-aalto-energia-oyj-tyyni-vakiohinta,2000,changed,open_ended,open_ended,145.68,183.35982311827956,hold_current_supplier_price,supplier_adjusted_forward_curve_shift,,canonical_omitted_no_covering_source_observation|forward_month_from_quarter_contract|historical_episode_id_4014|historical_evidence_grade_exact_components_first_immutable_text_backcast|historical_exact_contract_only|historical_household_statistics_scope_assumed|historical_interpretation_completed_at_2026-08-07T15:21:23+00:00|historical_interpretation_id_4014|price_episode_left_censored|price_episode_observed_proxy|price_episode_uses_dedicated_historical_interpretation|retrospective_historical_interpretation|supplier_adjusted_monthly_fee_held_flat|supplier_adjusted_tail_shifted_on_forward_curve
2026-07-22,brxibd-aalto-energia-oyj-tyyni-vakiohinta,5000,changed,open_ended,open_ended,310.38,404.579557795699,hold_current_supplier_price,supplier_adjusted_forward_curve_shift,,canonical_omitted_no_covering_source_observation|forward_month_from_quarter_contract|historical_episode_id_4014|historical_evidence_grade_exact_components_first_immutable_text_backcast|historical_exact_contract_only|historical_household_statistics_scope_assumed|historical_interpretation_completed_at_2026-08-07T15:21:23+00:00|historical_interpretation_id_4014|price_episode_left_censored|price_episode_observed_proxy|price_episode_uses_dedicated_historical_interpretation|retrospective_historical_interpretation|supplier_adjusted_monthly_fee_held_flat|supplier_adjusted_tail_shifted_on_forward_curve
2026-07-22,brxibd-aalto-energia-oyj-tyyni-vakiohinta,18000,changed,open_ended,open_ended,1024.08,1363.1984080645163,hold_current_supplier_price,supplier_adjusted_forward_curve_shift,,canonical_omitted_no_covering_source_observation|forward_month_from_quarter_contract|historical_episode_id_4014|historical_evidence_grade_exact_components_first_immutable_text_backcast|historical_exact_contract_only|historical_household_statistics_scope_assumed|historical_interpretation_completed_at_2026-08-07T15:21:23+00:00|historical_interpretation_id_4014|price_episode_left_censored|price_episode_observed_proxy|price_episode_uses_dedicated_historical_interpretation|retrospective_historical_interpretation|supplier_adjusted_monthly_fee_held_flat|supplier_adjusted_tail_shifted_on_forward_curve
2026-07-22,ccs6hf-keuruun-sahko-oy-yleissahko,2000,changed,open_ended,open_ended,286,284.8009501344086,hold_current_supplier_price,supplier_adjusted_forward_premium,,calendar_gap_within_observed_price_episode|canonical_omitted_no_covering_source_observation|historical_episode_id_4064|historical_evidence_grade_exact_components_first_immutable_text_backcast|historical_exact_contract_only|historical_household_statistics_scope_assumed|historical_interpretation_completed_at_2026-08-07T15:47:53+00:00|historical_interpretation_id_4064|lower_confidence_energy_episode_proxy|missing_own_reference_using_comparable_premium|price_episode_left_censored|price_episode_observed_proxy|price_episode_uses_dedicated_historical_interpretation|retrospective_historical_interpretation|supplier_adjusted_monthly_fee_held_flat|supplier_adjusted_tail_uses_comparable_forward_premium
2026-07-22,ccs6hf-keuruun-sahko-oy-yleissahko,5000,changed,open_ended,open_ended,636.7,633.7023753360215,hold_current_supplier_price,supplier_adjusted_forward_premium,,calendar_gap_within_observed_price_episode|canonical_omitted_no_covering_source_observation|historical_episode_id_4064|historical_evidence_grade_exact_components_first_immutable_text_backcast|historical_exact_contract_only|historical_household_statistics_scope_assumed|historical_interpretation_completed_at_2026-08-07T15:47:53+00:00|historical_interpretation_id_4064|lower_confidence_energy_episode_proxy|missing_own_reference_using_comparable_premium|price_episode_left_censored|price_episode_observed_proxy|price_episode_uses_dedicated_historical_interpretation|retrospective_historical_interpretation|supplier_adjusted_monthly_fee_held_flat|supplier_adjusted_tail_uses_comparable_forward_premium
2026-07-22,ccs6hf-keuruun-sahko-oy-yleissahko,18000,changed,open_ended,open_ended,2156.4,2145.6085512096774,hold_current_supplier_price,supplier_adjusted_forward_premium,,calendar_gap_within_observed_price_episode|canonical_omitted_no_covering_source_observation|historical_episode_id_4064|historical_evidence_grade_exact_components_first_immutable_text_backcast|historical_exact_contract_only|historical_household_statistics_scope_assumed|historical_interpretation_completed_at_2026-08-07T15:47:53+00:00|historical_interpretation_id_4064|lower_confidence_energy_episode_proxy|missing_own_reference_using_comparable_premium|price_episode_left_censored|price_episode_observed_proxy|price_episode_uses_dedicated_historical_interpretation|retrospective_historical_interpretation|supplier_adjusted_monthly_fee_held_flat|supplier_adjusted_tail_uses_comparable_forward_premium
2026-07-22,euhscx-helen-oy-maaraaikainen-perussahko-6-kk,2000,changed,fixed_term_6,fixed_term_6,347.68,347.67999999999995,none,term_price_annualized,,canonical_omitted_no_covering_source_observation|historical_episode_id_4359|historical_evidence_grade_exact_components_first_immutable_text_backcast|historical_household_statistics_scope_assumed|historical_interpretation_completed_at_2026-08-07T18:01:07+00:00|historical_interpretation_id_4359|retrospective_historical_interpretation|term_price_annualized
2026-07-22,euhscx-helen-oy-maaraaikainen-perussahko-6-kk,5000,changed,fixed_term_6,fixed_term_6,761.38,761.3799999999999,none,term_price_annualized,,canonical_omitted_no_covering_source_observation|historical_episode_id_4359|historical_evidence_grade_exact_components_first_immutable_text_backcast|historical_household_statistics_scope_assumed|historical_interpretation_completed_at_2026-08-07T18:01:07+00:00|historical_interpretation_id_4359|retrospective_historical_interpretation|term_price_annualized
2026-07-22,euhscx-helen-oy-maaraaikainen-perussahko-6-kk,18000,changed,fixed_term_6,fixed_term_6,2554.08,2554.08,none,term_price_annualized,,canonical_omitted_no_covering_source_observation|historical_episode_id_4359|historical_evidence_grade_exact_components_first_immutable_text_backcast|historical_household_statistics_scope_assumed|historical_interpretation_completed_at_2026-08-07T18:01:07+00:00|historical_interpretation_id_4359|retrospective_historical_interpretation|term_price_annualized
2026-07-22,frx7ys-lammaisten-energia-oy-toimitusvelvollinen-aikasahko,2000,changed,open_ended,open_ended,342.84,277.9897456989247,hold_current_supplier_price,supplier_adjusted_forward_premium,,calendar_gap_within_observed_price_episode|canonical_omitted_no_covering_source_observation|historical_episode_id_4450|historical_evidence_grade_exact_components_first_immutable_text_backcast|historical_exact_contract_only|historical_household_statistics_scope_assumed|historical_interpretation_completed_at_2026-08-07T18:38:33+00:00|historical_interpretation_id_4450|lower_confidence_energy_episode_proxy|missing_own_reference_using_comparable_premium|price_episode_left_censored|price_episode_observed_proxy|price_episode_uses_dedicated_historical_interpretation|retrospective_historical_interpretation|supplier_adjusted_monthly_fee_held_flat|supplier_adjusted_tail_uses_comparable_forward_premium
2026-07-22,frx7ys-lammaisten-energia-oy-toimitusvelvollinen-aikasahko,5000,changed,open_ended,open_ended,775.2,613.0743642473118,hold_current_supplier_price,supplier_adjusted_forward_premium,,calendar_gap_within_observed_price_episode|canonical_omitted_no_covering_source_observation|historical_episode_id_4450|historical_evidence_grade_exact_components_first_immutable_text_backcast|historical_exact_contract_only|historical_household_statistics_scope_assumed|historical_interpretation_completed_at_2026-08-07T18:38:33+00:00|historical_interpretation_id_4450|lower_confidence_energy_episode_proxy|missing_own_reference_using_comparable_premium|price_episode_left_censored|price_episode_observed_proxy|price_episode_uses_dedicated_historical_interpretation|retrospective_historical_interpretation|supplier_adjusted_monthly_fee_held_flat|supplier_adjusted_tail_uses_comparable_forward_premium
2026-07-22,frx7ys-lammaisten-energia-oy-toimitusvelvollinen-aikasahko,18000,changed,open_ended,open_ended,2648.76,2065.107711290322,hold_current_supplier_price,supplier_adjusted_forward_premium,,calendar_gap_within_observed_price_episode|canonical_omitted_no_covering_source_observation|historical_episode_id_4450|historical_evidence_grade_exact_components_first_immutable_text_backcast|historical_exact_contract_only|historical_household_statistics_scope_assumed|historical_interpretation_completed_at_2026-08-07T18:38:33+00:00|historical_interpretation_id_4450|lower_confidence_energy_episode_proxy|missing_own_reference_using_comparable_premium|price_episode_left_censored|price_episode_observed_proxy|price_episode_uses_dedicated_historical_interpretation|retrospective_historical_interpretation|supplier_adjusted_monthly_fee_held_flat|supplier_adjusted_tail_uses_comparable_forward_premium
2026-07-22,fu2xdq-vattenfall-oy-kesto,2000,changed,open_ended,open_ended,333.8,288.4213802419355,hold_current_supplier_price,supplier_adjusted_forward_premium,,calendar_gap_within_observed_price_episode|canonical_omitted_no_covering_source_observation|historical_episode_id_4457|historical_evidence_grade_exact_components_first_immutable_text_backcast|historical_exact_contract_only|historical_household_statistics_scope_assumed|historical_interpretation_completed_at_2026-08-07T18:42:01+00:00|historical_interpretation_id_4457|lower_confidence_energy_episode_proxy|missing_own_reference_using_comparable_premium|price_episode_left_censored|price_episode_observed_proxy|price_episode_uses_dedicated_historical_interpretation|retrospective_historical_interpretation|supplier_adjusted_monthly_fee_held_flat|supplier_adjusted_tail_uses_comparable_forward_premium
2026-07-22,fu2xdq-vattenfall-oy-kesto,5000,changed,open_ended,open_ended,752.6,639.1534506048388,hold_current_supplier_price,supplier_adjusted_forward_premium,,calendar_gap_within_observed_price_episode|canonical_omitted_no_covering_source_observation|historical_episode_id_4457|historical_evidence_grade_exact_components_first_immutable_text_backcast|historical_exact_contract_only|historical_household_statistics_scope_assumed|historical_interpretation_completed_at_2026-08-07T18:42:01+00:00|historical_interpretation_id_4457|lower_confidence_energy_episode_proxy|missing_own_reference_using_comparable_premium|price_episode_left_censored|price_episode_observed_proxy|price_episode_uses_dedicated_historical_interpretation|retrospective_historical_interpretation|supplier_adjusted_monthly_fee_held_flat|supplier_adjusted_tail_uses_comparable_forward_premium
2026-07-22,fu2xdq-vattenfall-oy-kesto,18000,changed,open_ended,open_ended,2567.4,2158.992422177419,hold_current_supplier_price,supplier_adjusted_forward_premium,,calendar_gap_within_observed_price_episode|canonical_omitted_no_covering_source_observation|historical_episode_id_4457|historical_evidence_grade_exact_components_first_immutable_text_backcast|historical_exact_contract_only|historical_household_statistics_scope_assumed|historical_interpretation_completed_at_2026-08-07T18:42:01+00:00|historical_interpretation_id_4457|lower_confidence_energy_episode_proxy|missing_own_reference_using_comparable_premium|price_episode_left_censored|price_episode_observed_proxy|price_episode_uses_dedicated_historical_interpretation|retrospective_historical_interpretation|supplier_adjusted_monthly_fee_held_flat|supplier_adjusted_tail_uses_comparable_forward_premium
2026-07-22,gduez1-parikkalan-valo-oy-kesto-valo-kanta-asiakas,2000,changed,open_ended,open_ended,314.2,292.87250940860207,hold_current_supplier_price,supplier_adjusted_forward_premium,,calendar_gap_within_observed_price_episode|canonical_omitted_no_covering_source_observation|historical_episode_id_4500|historical_evidence_grade_exact_components_first_immutable_text_backcast|historical_exact_contract_only|historical_household_statistics_scope_assumed|historical_interpretation_completed_at_2026-08-07T19:01:12+00:00|historical_interpretation_id_4500|lower_confidence_energy_episode_proxy|missing_own_reference_using_comparable_premium|price_episode_left_censored|price_episode_observed_proxy|price_episode_uses_dedicated_historical_interpretation|retrospective_historical_interpretation|supplier_adjusted_monthly_fee_held_flat|supplier_adjusted_tail_uses_comparable_forward_premium
2026-07-22,gduez1-parikkalan-valo-oy-kesto-valo-kanta-asiakas,5000,changed,open_ended,open_ended,701.8,648.4812735215053,hold_current_supplier_price,supplier_adjusted_forward_premium,,calendar_gap_within_observed_price_episode|canonical_omitted_no_covering_source_observation|historical_episode_id_4500|historical_evidence_grade_exact_components_first_immutable_text_backcast|historical_exact_contract_only|historical_household_statistics_scope_assumed|historical_interpretation_completed_at_2026-08-07T19:01:12+00:00|historical_interpretation_id_4500|lower_confidence_energy_episode_proxy|missing_own_reference_using_comparable_premium|price_episode_left_censored|price_episode_observed_proxy|price_episode_uses_dedicated_historical_interpretation|retrospective_historical_interpretation|supplier_adjusted_monthly_fee_held_flat|supplier_adjusted_tail_uses_comparable_forward_premium
2026-07-22,gduez1-parikkalan-valo-oy-kesto-valo-kanta-asiakas,18000,changed,open_ended,open_ended,2381.4,2189.452584677419,hold_current_supplier_price,supplier_adjusted_forward_premium,,calendar_gap_within_observed_price_episode|canonical_omitted_no_covering_source_observation|historical_episode_id_4500|historical_evidence_grade_exact_components_first_immutable_text_backcast|historical_exact_contract_only|historical_household_statistics_scope_assumed|historical_interpretation_completed_at_2026-08-07T19:01:12+00:00|historical_interpretation_id_4500|lower_confidence_energy_episode_proxy|missing_own_reference_using_comparable_premium|price_episode_left_censored|price_episode_observed_proxy|price_episode_uses_dedicated_historical_interpretation|retrospective_historical_interpretation|supplier_adjusted_monthly_fee_held_flat|supplier_adjusted_tail_uses_comparable_forward_premium
2026-07-22,ggpwbi-parikkalan-valo-oy-kesto-valo-kanta-asiakas,2000,changed,open_ended,open_ended,212.8,284.2599698924731,hold_current_supplier_price,supplier_adjusted_forward_curve_shift,,canonical_omitted_no_covering_source_observation|forward_month_from_quarter_contract|historical_episode_id_4515|historical_evidence_grade_exact_components_first_immutable_text_backcast|historical_exact_contract_only|historical_household_statistics_scope_assumed|historical_interpretation_completed_at_2026-08-07T19:06:09+00:00|historical_interpretation_id_4515|price_episode_left_censored|price_episode_observed_proxy|price_episode_uses_dedicated_historical_interpretation|retrospective_historical_interpretation|supplier_adjusted_monthly_fee_held_flat|supplier_adjusted_tail_shifted_on_forward_curve
2026-07-22,ggpwbi-parikkalan-valo-oy-kesto-valo-kanta-asiakas,5000,changed,open_ended,open_ended,448.3,626.9499247311828,hold_current_supplier_price,supplier_adjusted_forward_curve_shift,,canonical_omitted_no_covering_source_observation|forward_month_from_quarter_contract|historical_episode_id_4515|historical_evidence_grade_exact_components_first_immutable_text_backcast|historical_exact_contract_only|historical_household_statistics_scope_assumed|historical_interpretation_completed_at_2026-08-07T19:06:09+00:00|historical_interpretation_id_4515|price_episode_left_censored|price_episode_observed_proxy|price_episode_uses_dedicated_historical_interpretation|retrospective_historical_interpretation|supplier_adjusted_monthly_fee_held_flat|supplier_adjusted_tail_shifted_on_forward_curve
2026-07-22,ggpwbi-parikkalan-valo-oy-kesto-valo-kanta-asiakas,18000,changed,open_ended,open_ended,1468.8,2111.939729032258,hold_current_supplier_price,supplier_adjusted_forward_curve_shift,,canonical_omitted_no_covering_source_observation|forward_month_from_quarter_contract|historical_episode_id_4515|historical_evidence_grade_exact_components_first_immutable_text_backcast|historical_exact_contract_only|historical_household_statistics_scope_assumed|historical_interpretation_completed_at_2026-08-07T19:06:09+00:00|historical_interpretation_id_4515|price_episode_left_censored|price_episode_observed_proxy|price_episode_uses_dedicated_historical_interpretation|retrospective_historical_interpretation|supplier_adjusted_monthly_fee_held_flat|supplier_adjusted_tail_shifted_on_forward_curve
2026-07-22,gxeryx-parikkalan-valo-oy-kesto-valo-kanta-asiakas,2000,changed,open_ended,open_ended,212.8,284.2599698924731,hold_current_supplier_price,supplier_adjusted_forward_curve_shift,,canonical_omitted_no_covering_source_observation|forward_month_from_quarter_contract|historical_episode_id_4568|historical_evidence_grade_exact_components_first_immutable_text_backcast|historical_exact_contract_only|historical_household_statistics_scope_assumed|historical_interpretation_completed_at_2026-08-07T19:27:42+00:00|historical_interpretation_id_4568|price_episode_left_censored|price_episode_observed_proxy|price_episode_uses_dedicated_historical_interpretation|retrospective_historical_interpretation|supplier_adjusted_monthly_fee_held_flat|supplier_adjusted_tail_shifted_on_forward_curve
2026-07-22,gxeryx-parikkalan-valo-oy-kesto-valo-kanta-asiakas,5000,changed,open_ended,open_ended,448.3,626.9499247311828,hold_current_supplier_price,supplier_adjusted_forward_curve_shift,,canonical_omitted_no_covering_source_observation|forward_month_from_quarter_contract|historical_episode_id_4568|historical_evidence_grade_exact_components_first_immutable_text_backcast|historical_exact_contract_only|historical_household_statistics_scope_assumed|historical_interpretation_completed_at_2026-08-07T19:27:42+00:00|historical_interpretation_id_4568|price_episode_left_censored|price_episode_observed_proxy|price_episode_uses_dedicated_historical_interpretation|retrospective_historical_interpretation|supplier_adjusted_monthly_fee_held_flat|supplier_adjusted_tail_shifted_on_forward_curve
2026-07-22,gxeryx-parikkalan-valo-oy-kesto-valo-kanta-asiakas,18000,changed,open_ended,open_ended,1468.8,2111.939729032258,hold_current_supplier_price,supplier_adjusted_forward_curve_shift,,canonical_omitted_no_covering_source_observation|forward_month_from_quarter_contract|historical_episode_id_4568|historical_evidence_grade_exact_components_first_immutable_text_backcast|historical_exact_contract_only|historical_household_statistics_scope_assumed|historical_interpretation_completed_at_2026-08-07T19:27:42+00:00|historical_interpretation_id_4568|price_episode_left_censored|price_episode_observed_proxy|price_episode_uses_dedicated_historical_interpretation|retrospective_historical_interpretation|supplier_adjusted_monthly_fee_held_flat|supplier_adjusted_tail_shifted_on_forward_curve
2026-07-22,gywy8t-aanekosken-energia-oy-aikasahko,2000,changed,open_ended,open_ended,282.9,266.45264892473114,hold_current_supplier_price,supplier_adjusted_forward_premium,,calendar_gap_within_observed_price_episode|canonical_omitted_no_covering_source_observation|historical_episode_id_4572|historical_evidence_grade_exact_components_first_immutable_text_backcast|historical_exact_contract_only|historical_household_statistics_scope_assumed|historical_interpretation_completed_at_2026-08-07T19:29:25+00:00|historical_interpretation_id_4572|lower_confidence_energy_episode_proxy|missing_own_reference_using_comparable_premium|price_episode_left_censored|price_episode_observed_proxy|price_episode_uses_dedicated_historical_interpretation|retrospective_historical_interpretation|supplier_adjusted_monthly_fee_held_flat|supplier_adjusted_tail_uses_comparable_forward_premium
2026-07-22,gywy8t-aanekosken-energia-oy-aikasahko,5000,changed,open_ended,open_ended,640.65,599.5316223118278,hold_current_supplier_price,supplier_adjusted_forward_premium,,calendar_gap_within_observed_price_episode|canonical_omitted_no_covering_source_observation|historical_episode_id_4572|historical_evidence_grade_exact_components_first_immutable_text_backcast|historical_exact_contract_only|historical_household_statistics_scope_assumed|historical_interpretation_completed_at_2026-08-07T19:29:25+00:00|historical_interpretation_id_4572|lower_confidence_energy_episode_proxy|missing_own_reference_using_comparable_premium|price_episode_left_censored|price_episode_observed_proxy|price_episode_uses_dedicated_historical_interpretation|retrospective_historical_interpretation|supplier_adjusted_monthly_fee_held_flat|supplier_adjusted_tail_uses_comparable_forward_premium
2026-07-22,gywy8t-aanekosken-energia-oy-aikasahko,18000,changed,open_ended,open_ended,2190.9,2042.8738403225805,hold_current_supplier_price,supplier_adjusted_forward_premium,,calendar_gap_within_observed_price_episode|canonical_omitted_no_covering_source_observation|historical_episode_id_4572|historical_evidence_grade_exact_components_first_immutable_text_backcast|historical_exact_contract_only|historical_household_statistics_scope_assumed|historical_interpretation_completed_at_2026-08-07T19:29:25+00:00|historical_interpretation_id_4572|lower_confidence_energy_episode_proxy|missing_own_reference_using_comparable_premium|price_episode_left_censored|price_episode_observed_proxy|price_episode_uses_dedicated_historical_interpretation|retrospective_historical_interpretation|supplier_adjusted_monthly_fee_held_flat|supplier_adjusted_tail_uses_comparable_forward_premium
2026-07-22,h8icyg-hehku-energia-oy-hehku-jatkuva,2000,changed,open_ended,open_ended,228.9,335.7521844086022,none,supplier_adjusted_forward_curve_shift,,canonical_omitted_no_covering_source_observation|forward_month_from_quarter_contract|historical_episode_id_4588|historical_evidence_grade_exact_components_first_immutable_text_backcast|historical_exact_contract_only|historical_household_statistics_scope_assumed|historical_interpretation_completed_at_2026-08-07T19:35:29+00:00|historical_interpretation_id_4588|price_episode_left_censored|price_episode_observed_proxy|price_episode_uses_dedicated_historical_interpretation|retrospective_historical_interpretation|supplier_adjusted_monthly_fee_disclosed_phases|supplier_adjusted_tail_shifted_on_forward_curve
2026-07-22,h8icyg-hehku-energia-oy-hehku-jatkuva,5000,changed,open_ended,open_ended,491.4,758.5304610215054,none,supplier_adjusted_forward_curve_shift,,canonical_omitted_no_covering_source_observation|forward_month_from_quarter_contract|historical_episode_id_4588|historical_evidence_grade_exact_components_first_immutable_text_backcast|historical_exact_contract_only|historical_household_statistics_scope_assumed|historical_interpretation_completed_at_2026-08-07T19:35:29+00:00|historical_interpretation_id_4588|price_episode_left_censored|price_episode_observed_proxy|price_episode_uses_dedicated_historical_interpretation|retrospective_historical_interpretation|supplier_adjusted_monthly_fee_disclosed_phases|supplier_adjusted_tail_shifted_on_forward_curve
2026-07-22,h8icyg-hehku-energia-oy-hehku-jatkuva,18000,changed,open_ended,open_ended,1628.9,2590.5696596774196,none,supplier_adjusted_forward_curve_shift,,canonical_omitted_no_covering_source_observation|forward_month_from_quarter_contract|historical_episode_id_4588|historical_evidence_grade_exact_components_first_immutable_text_backcast|historical_exact_contract_only|historical_household_statistics_scope_assumed|historical_interpretation_completed_at_2026-08-07T19:35:29+00:00|historical_interpretation_id_4588|price_episode_left_censored|price_episode_observed_proxy|price_episode_uses_dedicated_historical_interpretation|retrospective_historical_interpretation|supplier_adjusted_monthly_fee_disclosed_phases|supplier_adjusted_tail_shifted_on_forward_curve
2026-07-22,hdkhuf-imatran-seudun-sahko-oy-voima-6-kk,2000,changed,fixed_term_6,fixed_term_6,317.4,317.4,none,term_price_annualized,,canonical_omitted_no_covering_source_observation|historical_episode_id_4602|historical_evidence_grade_exact_components_last_observed_text_backcast|historical_household_statistics_scope_assumed|historical_interpretation_completed_at_2026-08-07T19:42:49+00:00|historical_interpretation_id_4602|retrospective_historical_interpretation|term_price_annualized
2026-07-22,hdkhuf-imatran-seudun-sahko-oy-voima-6-kk,5000,changed,fixed_term_6,fixed_term_6,687.3,687.3,none,term_price_annualized,,canonical_omitted_no_covering_source_observation|historical_episode_id_4602|historical_evidence_grade_exact_components_last_observed_text_backcast|historical_household_statistics_scope_assumed|historical_interpretation_completed_at_2026-08-07T19:42:49+00:00|historical_interpretation_id_4602|retrospective_historical_interpretation|term_price_annualized
2026-07-22,hdkhuf-imatran-seudun-sahko-oy-voima-6-kk,18000,changed,fixed_term_6,fixed_term_6,2290.2,2290.2,none,term_price_annualized,,canonical_omitted_no_covering_source_observation|historical_episode_id_4602|historical_evidence_grade_exact_components_last_observed_text_backcast|historical_household_statistics_scope_assumed|historical_interpretation_completed_at_2026-08-07T19:42:49+00:00|historical_interpretation_id_4602|retrospective_historical_interpretation|term_price_annualized
2026-07-22,hwmfco-aalto-energia-oyj-tyyni-jatkuva,2000,changed,open_ended,open_ended,283.45,215.8384252688172,none,supplier_adjusted_forward_premium,,calendar_gap_within_observed_price_episode|canonical_omitted_no_covering_source_observation|historical_episode_id_4662|historical_evidence_grade_exact_components_first_immutable_text_backcast|historical_exact_contract_only|historical_household_statistics_scope_assumed|historical_interpretation_completed_at_2026-08-07T20:08:03+00:00|historical_interpretation_id_4662|lower_confidence_energy_episode_proxy|missing_own_reference_using_comparable_premium|price_episode_left_censored|price_episode_observed_proxy|price_episode_uses_dedicated_historical_interpretation|retrospective_historical_interpretation|supplier_adjusted_monthly_fee_disclosed_phases|supplier_adjusted_tail_uses_comparable_forward_premium
2026-07-22,hwmfco-aalto-energia-oyj-tyyni-jatkuva,5000,changed,open_ended,open_ended,610.45,441.421063172043,none,supplier_adjusted_forward_premium,,calendar_gap_within_observed_price_episode|canonical_omitted_no_covering_source_observation|historical_episode_id_4662|historical_evidence_grade_exact_components_first_immutable_text_backcast|historical_exact_contract_only|historical_household_statistics_scope_assumed|historical_interpretation_completed_at_2026-08-07T20:08:03+00:00|historical_interpretation_id_4662|lower_confidence_energy_episode_proxy|missing_own_reference_using_comparable_premium|price_episode_left_censored|price_episode_observed_proxy|price_episode_uses_dedicated_historical_interpretation|retrospective_historical_interpretation|supplier_adjusted_monthly_fee_disclosed_phases|supplier_adjusted_tail_uses_comparable_forward_premium
2026-07-22,hwmfco-aalto-energia-oyj-tyyni-jatkuva,18000,changed,open_ended,open_ended,2027.45,1418.945827419355,none,supplier_adjusted_forward_premium,,calendar_gap_within_observed_price_episode|canonical_omitted_no_covering_source_observation|historical_episode_id_4662|historical_evidence_grade_exact_components_first_immutable_text_backcast|historical_exact_contract_only|historical_household_statistics_scope_assumed|historical_interpretation_completed_at_2026-08-07T20:08:03+00:00|historical_interpretation_id_4662|lower_confidence_energy_episode_proxy|missing_own_reference_using_comparable_premium|price_episode_left_censored|price_episode_observed_proxy|price_episode_uses_dedicated_historical_interpretation|retrospective_historical_interpretation|supplier_adjusted_monthly_fee_disclosed_phases|supplier_adjusted_tail_uses_comparable_forward_premium
2026-07-22,icbxvy-vimpelin-voima-oy-sulaketariffi,2000,changed,open_ended,open_ended,198.4,252.42032795698924,hold_current_supplier_price,supplier_adjusted_forward_curve_shift,,canonical_omitted_no_covering_source_observation|forward_month_from_quarter_contract|historical_episode_id_4691|historical_evidence_grade_exact_components_first_immutable_text_backcast|historical_exact_contract_only|historical_household_statistics_scope_assumed|historical_interpretation_completed_at_2026-08-07T20:22:25+00:00|historical_interpretation_id_4691|price_episode_left_censored|price_episode_observed_proxy|price_episode_uses_dedicated_historical_interpretation|retrospective_historical_interpretation|supplier_adjusted_monthly_fee_held_flat|supplier_adjusted_tail_shifted_on_forward_curve
2026-07-22,icbxvy-vimpelin-voima-oy-sulaketariffi,5000,changed,open_ended,open_ended,420.4,555.4508198924731,hold_current_supplier_price,supplier_adjusted_forward_curve_shift,,canonical_omitted_no_covering_source_observation|forward_month_from_quarter_contract|historical_episode_id_4691|historical_evidence_grade_exact_components_first_immutable_text_backcast|historical_exact_contract_only|historical_household_statistics_scope_assumed|historical_interpretation_completed_at_2026-08-07T20:22:25+00:00|historical_interpretation_id_4691|price_episode_left_censored|price_episode_observed_proxy|price_episode_uses_dedicated_historical_interpretation|retrospective_historical_interpretation|supplier_adjusted_monthly_fee_held_flat|supplier_adjusted_tail_shifted_on_forward_curve
2026-07-22,icbxvy-vimpelin-voima-oy-sulaketariffi,18000,changed,open_ended,open_ended,1382.4,1868.5829516129033,hold_current_supplier_price,supplier_adjusted_forward_curve_shift,,canonical_omitted_no_covering_source_observation|forward_month_from_quarter_contract|historical_episode_id_4691|historical_evidence_grade_exact_components_first_immutable_text_backcast|historical_exact_contract_only|historical_household_statistics_scope_assumed|historical_interpretation_completed_at_2026-08-07T20:22:25+00:00|historical_interpretation_id_4691|price_episode_left_censored|price_episode_observed_proxy|price_episode_uses_dedicated_historical_interpretation|retrospective_historical_interpretation|supplier_adjusted_monthly_fee_held_flat|supplier_adjusted_tail_shifted_on_forward_curve
2026-07-22,iwjgsd-pohjois-karjalan-sahko-oy-tove-perus,2000,changed,open_ended,open_ended,324.72,288.2940684139785,hold_current_supplier_price,supplier_adjusted_forward_premium,,calendar_gap_within_observed_price_episode|canonical_omitted_no_covering_source_observation|historical_episode_id_4749|historical_evidence_grade_exact_components_first_immutable_text_backcast|historical_exact_contract_only|historical_household_statistics_scope_assumed|historical_interpretation_completed_at_2026-08-07T20:48:55+00:00|historical_interpretation_id_4749|lower_confidence_energy_episode_proxy|missing_own_reference_using_comparable_premium|price_episode_left_censored|price_episode_observed_proxy|price_episode_uses_dedicated_historical_interpretation|retrospective_historical_interpretation|supplier_adjusted_monthly_fee_held_flat|supplier_adjusted_tail_uses_comparable_forward_premium
2026-07-22,iwjgsd-pohjois-karjalan-sahko-oy-tove-perus,5000,changed,open_ended,open_ended,729.72,638.6551710349462,hold_current_supplier_price,supplier_adjusted_forward_premium,,calendar_gap_within_observed_price_episode|canonical_omitted_no_covering_source_observation|historical_episode_id_4749|historical_evidence_grade_exact_components_first_immutable_text_backcast|historical_exact_contract_only|historical_household_statistics_scope_assumed|historical_interpretation_completed_at_2026-08-07T20:48:55+00:00|historical_interpretation_id_4749|lower_confidence_energy_episode_proxy|missing_own_reference_using_comparable_premium|price_episode_left_censored|price_episode_observed_proxy|price_episode_uses_dedicated_historical_interpretation|retrospective_historical_interpretation|supplier_adjusted_monthly_fee_held_flat|supplier_adjusted_tail_uses_comparable_forward_premium
2026-07-22,iwjgsd-pohjois-karjalan-sahko-oy-tove-perus,18000,changed,open_ended,open_ended,2484.72,2156.886615725806,hold_current_supplier_price,supplier_adjusted_forward_premium,,calendar_gap_within_observed_price_episode|canonical_omitted_no_covering_source_observation|historical_episode_id_4749|historical_evidence_grade_exact_components_first_immutable_text_backcast|historical_exact_contract_only|historical_household_statistics_scope_assumed|historical_interpretation_completed_at_2026-08-07T20:48:55+00:00|historical_interpretation_id_4749|lower_confidence_energy_episode_proxy|missing_own_reference_using_comparable_premium|price_episode_left_censored|price_episode_observed_proxy|price_episode_uses_dedicated_historical_interpretation|retrospective_historical_interpretation|supplier_adjusted_monthly_fee_held_flat|supplier_adjusted_tail_uses_comparable_forward_premium
2026-07-22,jbktvc-seinajoen-energia-oy-se-oikea-vuodenaikasahko,2000,changed,open_ended,open_ended,205.9283,259.94866129032255,hold_current_supplier_price,supplier_adjusted_forward_curve_shift,,canonical_omitted_no_covering_source_observation|forward_month_from_quarter_contract|historical_episode_id_4778|historical_evidence_grade_exact_components_first_immutable_text_backcast|historical_exact_contract_only|historical_household_statistics_scope_assumed|historical_interpretation_completed_at_2026-08-07T21:00:18+00:00|historical_interpretation_id_4778|price_episode_left_censored|price_episode_observed_proxy|price_episode_uses_dedicated_historical_interpretation|retrospective_historical_interpretation|supplier_adjusted_monthly_fee_held_flat|supplier_adjusted_tail_shifted_on_forward_curve
2026-07-22,jbktvc-seinajoen-energia-oy-se-oikea-vuodenaikasahko,5000,changed,open_ended,open_ended,423.7408,558.7916532258066,hold_current_supplier_price,supplier_adjusted_forward_curve_shift,,canonical_omitted_no_covering_source_observation|forward_month_from_quarter_contract|historical_episode_id_4778|historical_evidence_grade_exact_components_first_immutable_text_backcast|historical_exact_contract_only|historical_household_statistics_scope_assumed|historical_interpretation_completed_at_2026-08-07T21:00:18+00:00|historical_interpretation_id_4778|price_episode_left_censored|price_episode_observed_proxy|price_episode_uses_dedicated_historical_interpretation|retrospective_historical_interpretation|supplier_adjusted_monthly_fee_held_flat|supplier_adjusted_tail_shifted_on_forward_curve
2026-07-22,jbktvc-seinajoen-energia-oy-se-oikea-vuodenaikasahko,18000,changed,open_ended,open_ended,1367.595,1853.777951612903,hold_current_supplier_price,supplier_adjusted_forward_curve_shift,,canonical_omitted_no_covering_source_observation|forward_month_from_quarter_contract|historical_episode_id_4778|historical_evidence_grade_exact_components_first_immutable_text_backcast|historical_exact_contract_only|historical_household_statistics_scope_assumed|historical_interpretation_completed_at_2026-08-07T21:00:18+00:00|historical_interpretation_id_4778|price_episode_left_censored|price_episode_observed_proxy|price_episode_uses_dedicated_historical_interpretation|retrospective_historical_interpretation|supplier_adjusted_monthly_fee_held_flat|supplier_adjusted_tail_shifted_on_forward_curve
2026-07-22,jrrlvh-parikkalan-valo-oy-kesto-valo-kanta-asiakas,2000,changed,open_ended,open_ended,212.8,284.2599698924731,hold_current_supplier_price,supplier_adjusted_forward_curve_shift,,canonical_omitted_no_covering_source_observation|forward_month_from_quarter_contract|historical_episode_id_4825|historical_evidence_grade_exact_components_first_immutable_text_backcast|historical_exact_contract_only|historical_household_statistics_scope_assumed|historical_interpretation_completed_at_2026-08-07T21:21:13+00:00|historical_interpretation_id_4825|price_episode_left_censored|price_episode_observed_proxy|price_episode_uses_dedicated_historical_interpretation|retrospective_historical_interpretation|supplier_adjusted_monthly_fee_held_flat|supplier_adjusted_tail_shifted_on_forward_curve
2026-07-22,jrrlvh-parikkalan-valo-oy-kesto-valo-kanta-asiakas,5000,changed,open_ended,open_ended,448.3,626.9499247311828,hold_current_supplier_price,supplier_adjusted_forward_curve_shift,,canonical_omitted_no_covering_source_observation|forward_month_from_quarter_contract|historical_episode_id_4825|historical_evidence_grade_exact_components_first_immutable_text_backcast|historical_exact_contract_only|historical_household_statistics_scope_assumed|historical_interpretation_completed_at_2026-08-07T21:21:13+00:00|historical_interpretation_id_4825|price_episode_left_censored|price_episode_observed_proxy|price_episode_uses_dedicated_historical_interpretation|retrospective_historical_interpretation|supplier_adjusted_monthly_fee_held_flat|supplier_adjusted_tail_shifted_on_forward_curve
2026-07-22,jrrlvh-parikkalan-valo-oy-kesto-valo-kanta-asiakas,18000,changed,open_ended,open_ended,1468.8,2111.939729032258,hold_current_supplier_price,supplier_adjusted_forward_curve_shift,,canonical_omitted_no_covering_source_observation|forward_month_from_quarter_contract|historical_episode_id_4825|historical_evidence_grade_exact_components_first_immutable_text_backcast|historical_exact_contract_only|historical_household_statistics_scope_assumed|historical_interpretation_completed_at_2026-08-07T21:21:13+00:00|historical_interpretation_id_4825|price_episode_left_censored|price_episode_observed_proxy|price_episode_uses_dedicated_historical_interpretation|retrospective_historical_interpretation|supplier_adjusted_monthly_fee_held_flat|supplier_adjusted_tail_shifted_on_forward_curve
2026-07-22,k5jsrm-turku-energia-oy-louna-arki,2000,changed,open_ended,open_ended,271.68,308.3095365591397,hold_current_supplier_price,supplier_adjusted_forward_curve_shift,,canonical_omitted_no_covering_source_observation|forward_month_from_quarter_contract|historical_episode_id_4846|historical_evidence_grade_exact_components_first_immutable_text_backcast|historical_exact_contract_only|historical_household_statistics_scope_assumed|historical_interpretation_completed_at_2026-08-07T21:28:38+00:00|historical_interpretation_id_4846|price_episode_left_censored|price_episode_observed_proxy|price_episode_uses_dedicated_historical_interpretation|retrospective_historical_interpretation|supplier_adjusted_monthly_fee_held_flat|supplier_adjusted_tail_shifted_on_forward_curve
2026-07-22,k5jsrm-turku-energia-oy-louna-arki,5000,changed,open_ended,open_ended,577.68,669.2538413978493,hold_current_supplier_price,supplier_adjusted_forward_curve_shift,,canonical_omitted_no_covering_source_observation|forward_month_from_quarter_contract|historical_episode_id_4846|historical_evidence_grade_exact_components_first_immutable_text_backcast|historical_exact_contract_only|historical_household_statistics_scope_assumed|historical_interpretation_completed_at_2026-08-07T21:28:38+00:00|historical_interpretation_id_4846|price_episode_left_censored|price_episode_observed_proxy|price_episode_uses_dedicated_historical_interpretation|retrospective_historical_interpretation|supplier_adjusted_monthly_fee_held_flat|supplier_adjusted_tail_shifted_on_forward_curve
2026-07-22,k5jsrm-turku-energia-oy-louna-arki,18000,changed,open_ended,open_ended,1903.68,2233.345829032258,hold_current_supplier_price,supplier_adjusted_forward_curve_shift,,canonical_omitted_no_covering_source_observation|forward_month_from_quarter_contract|historical_episode_id_4846|historical_evidence_grade_exact_components_first_immutable_text_backcast|historical_exact_contract_only|historical_household_statistics_scope_assumed|historical_interpretation_completed_at_2026-08-07T21:28:38+00:00|historical_interpretation_id_4846|price_episode_left_censored|price_episode_observed_proxy|price_episode_uses_dedicated_historical_interpretation|retrospective_historical_interpretation|supplier_adjusted_monthly_fee_held_flat|supplier_adjusted_tail_shifted_on_forward_curve
2026-07-22,kjye7s-pohjois-karjalan-sahko-oy-optimi-takuu-6-kuukautta,2000,changed,fixed_term_6,fixed_term_6,280.47,280.46999999999997,none,term_price_annualized,,canonical_omitted_no_covering_source_observation|historical_episode_id_4880|historical_evidence_grade_exact_components_first_immutable_text_backcast|historical_household_statistics_scope_assumed|historical_interpretation_completed_at_2026-08-07T21:41:52+00:00|historical_interpretation_id_4880|retrospective_historical_interpretation|term_price_annualized
2026-07-22,kjye7s-pohjois-karjalan-sahko-oy-optimi-takuu-6-kuukautta,5000,changed,fixed_term_6,fixed_term_6,619.095,619.0949999999999,none,term_price_annualized,,canonical_omitted_no_covering_source_observation|historical_episode_id_4880|historical_evidence_grade_exact_components_first_immutable_text_backcast|historical_household_statistics_scope_assumed|historical_interpretation_completed_at_2026-08-07T21:41:52+00:00|historical_interpretation_id_4880|retrospective_historical_interpretation|term_price_annualized
2026-07-22,kjye7s-pohjois-karjalan-sahko-oy-optimi-takuu-6-kuukautta,18000,changed,fixed_term_6,fixed_term_6,2086.47,2086.47,none,term_price_annualized,,canonical_omitted_no_covering_source_observation|historical_episode_id_4880|historical_evidence_grade_exact_components_first_immutable_text_backcast|historical_household_statistics_scope_assumed|historical_interpretation_completed_at_2026-08-07T21:41:52+00:00|historical_interpretation_id_4880|retrospective_historical_interpretation|term_price_annualized
2026-07-22,lazesb-keuruun-sahko-oy-kausisahko,2000,changed,open_ended,open_ended,280.85,269.92549838709675,hold_current_supplier_price,supplier_adjusted_forward_premium,,calendar_gap_within_observed_price_episode|canonical_omitted_no_covering_source_observation|historical_episode_id_4972|historical_evidence_grade_exact_components_first_immutable_text_backcast|historical_exact_contract_only|historical_household_statistics_scope_assumed|historical_interpretation_completed_at_2026-08-07T22:22:18+00:00|historical_interpretation_id_4972|lower_confidence_energy_episode_proxy|missing_own_reference_using_comparable_premium|price_episode_left_censored|price_episode_observed_proxy|price_episode_uses_dedicated_historical_interpretation|retrospective_historical_interpretation|supplier_adjusted_monthly_fee_held_flat|supplier_adjusted_tail_uses_comparable_forward_premium
2026-07-22,lazesb-keuruun-sahko-oy-kausisahko,5000,changed,open_ended,open_ended,620.225,592.9137459677418,hold_current_supplier_price,supplier_adjusted_forward_premium,,calendar_gap_within_observed_price_episode|canonical_omitted_no_covering_source_observation|historical_episode_id_4972|historical_evidence_grade_exact_components_first_immutable_text_backcast|historical_exact_contract_only|historical_household_statistics_scope_assumed|historical_interpretation_completed_at_2026-08-07T22:22:18+00:00|historical_interpretation_id_4972|lower_confidence_energy_episode_proxy|missing_own_reference_using_comparable_premium|price_episode_left_censored|price_episode_observed_proxy|price_episode_uses_dedicated_historical_interpretation|retrospective_historical_interpretation|supplier_adjusted_monthly_fee_held_flat|supplier_adjusted_tail_uses_comparable_forward_premium
2026-07-22,lazesb-keuruun-sahko-oy-kausisahko,18000,changed,open_ended,open_ended,2090.85,1992.5294854838708,hold_current_supplier_price,supplier_adjusted_forward_premium,,calendar_gap_within_observed_price_episode|canonical_omitted_no_covering_source_observation|historical_episode_id_4972|historical_evidence_grade_exact_components_first_immutable_text_backcast|historical_exact_contract_only|historical_household_statistics_scope_assumed|historical_interpretation_completed_at_2026-08-07T22:22:18+00:00|historical_interpretation_id_4972|lower_confidence_energy_episode_proxy|missing_own_reference_using_comparable_premium|price_episode_left_censored|price_episode_observed_proxy|price_episode_uses_dedicated_historical_interpretation|retrospective_historical_interpretation|supplier_adjusted_monthly_fee_held_flat|supplier_adjusted_tail_uses_comparable_forward_premium
2026-07-22,lecan2-hehku-energia-oy-hehku-kiintea-6-kk,2000,new,,fixed_term_6,,268.79999999999995,,term_price_annualized,,canonical_omitted_no_covering_source_observation|historical_episode_id_4984|historical_evidence_grade_exact_components_first_immutable_text_backcast|historical_household_statistics_scope_assumed|historical_interpretation_completed_at_2026-08-07T22:29:44+00:00|historical_interpretation_id_4984|retrospective_historical_interpretation|term_price_annualized
2026-07-22,lecan2-hehku-energia-oy-hehku-kiintea-6-kk,5000,new,,fixed_term_6,,598.5,,term_price_annualized,,canonical_omitted_no_covering_source_observation|historical_episode_id_4984|historical_evidence_grade_exact_components_first_immutable_text_backcast|historical_household_statistics_scope_assumed|historical_interpretation_completed_at_2026-08-07T22:29:44+00:00|historical_interpretation_id_4984|retrospective_historical_interpretation|term_price_annualized
2026-07-22,lecan2-hehku-energia-oy-hehku-kiintea-6-kk,18000,new,,fixed_term_6,,2027.2,,term_price_annualized,,canonical_omitted_no_covering_source_observation|historical_episode_id_4984|historical_evidence_grade_exact_components_first_immutable_text_backcast|historical_household_statistics_scope_assumed|historical_interpretation_completed_at_2026-08-07T22:29:44+00:00|historical_interpretation_id_4984|retrospective_historical_interpretation|term_price_annualized
2026-07-22,lx0qtw-aanekosken-energia-oy-maalaisjarkisahko-kausisahko-6-kk-paastoton,2000,changed,fixed_term_6,fixed_term_6,275.9217,276.77623655913976,none,term_price_annualized,,canonical_omitted_no_covering_source_observation|historical_episode_id_5031|historical_evidence_grade_exact_components_first_immutable_text_backcast|historical_household_statistics_scope_assumed|historical_interpretation_completed_at_2026-08-07T22:47:49+00:00|historical_interpretation_id_5031|retrospective_historical_interpretation|term_price_annualized
2026-07-22,lx0qtw-aanekosken-energia-oy-maalaisjarkisahko-kausisahko-6-kk-paastoton,5000,changed,fixed_term_6,fixed_term_6,617.9842,620.1205913978495,none,term_price_annualized,,canonical_omitted_no_covering_source_observation|historical_episode_id_5031|historical_evidence_grade_exact_components_first_immutable_text_backcast|historical_household_statistics_scope_assumed|historical_interpretation_completed_at_2026-08-07T22:47:49+00:00|historical_interpretation_id_5031|retrospective_historical_interpretation|term_price_annualized
2026-07-22,lx0qtw-aanekosken-energia-oy-maalaisjarkisahko-kausisahko-6-kk-paastoton,18000,changed,fixed_term_6,fixed_term_6,2100.255,2107.946129032258,none,term_price_annualized,,canonical_omitted_no_covering_source_observation|historical_episode_id_5031|historical_evidence_grade_exact_components_first_immutable_text_backcast|historical_household_statistics_scope_assumed|historical_interpretation_completed_at_2026-08-07T22:47:49+00:00|historical_interpretation_id_5031|retrospective_historical_interpretation|term_price_annualized
2026-07-22,mozut8-vattenfall-oy-ilmasto-mix-6-kk,2000,new,,fixed_term_6,,288.4,,term_price_annualized,,canonical_omitted_no_covering_source_observation|historical_episode_id_5112|historical_evidence_grade_exact_components_first_immutable_text_backcast|historical_household_statistics_scope_assumed|historical_interpretation_completed_at_2026-08-07T23:17:31+00:00|historical_interpretation_id_5112|retrospective_historical_interpretation|term_price_annualized
2026-07-22,mozut8-vattenfall-oy-ilmasto-mix-6-kk,5000,new,,fixed_term_6,,631.8999999999999,,term_price_annualized,,canonical_omitted_no_covering_source_observation|historical_episode_id_5112|historical_evidence_grade_exact_components_first_immutable_text_backcast|historical_household_statistics_scope_assumed|historical_interpretation_completed_at_2026-08-07T23:17:31+00:00|historical_interpretation_id_5112|retrospective_historical_interpretation|term_price_annualized
2026-07-22,mozut8-vattenfall-oy-ilmasto-mix-6-kk,18000,new,,fixed_term_6,,2120.4,,term_price_annualized,,canonical_omitted_no_covering_source_observation|historical_episode_id_5112|historical_evidence_grade_exact_components_first_immutable_text_backcast|historical_household_statistics_scope_assumed|historical_interpretation_completed_at_2026-08-07T23:17:31+00:00|historical_interpretation_id_5112|retrospective_historical_interpretation|term_price_annualized
2026-07-22,nlac9s-seinajoen-energia-oy-se-oikea-yleissahko,2000,changed,open_ended,open_ended,192.6,246.6203279569892,hold_current_supplier_price,supplier_adjusted_forward_curve_shift,,canonical_omitted_no_covering_source_observation|forward_month_from_quarter_contract|historical_episode_id_5223|historical_evidence_grade_exact_components_first_immutable_text_backcast|historical_exact_contract_only|historical_household_statistics_scope_assumed|historical_interpretation_completed_at_2026-08-07T23:56:36+00:00|historical_interpretation_id_5223|price_episode_left_censored|price_episode_observed_proxy|price_episode_uses_dedicated_historical_interpretation|retrospective_historical_interpretation|supplier_adjusted_monthly_fee_held_flat|supplier_adjusted_tail_shifted_on_forward_curve
2026-07-22,nlac9s-seinajoen-energia-oy-se-oikea-yleissahko,5000,changed,open_ended,open_ended,408.6,543.6508198924731,hold_current_supplier_price,supplier_adjusted_forward_curve_shift,,canonical_omitted_no_covering_source_observation|forward_month_from_quarter_contract|historical_episode_id_5223|historical_evidence_grade_exact_components_first_immutable_text_backcast|historical_exact_contract_only|historical_household_statistics_scope_assumed|historical_interpretation_completed_at_2026-08-07T23:56:36+00:00|historical_interpretation_id_5223|price_episode_left_censored|price_episode_observed_proxy|price_episode_uses_dedicated_historical_interpretation|retrospective_historical_interpretation|supplier_adjusted_monthly_fee_held_flat|supplier_adjusted_tail_shifted_on_forward_curve
2026-07-22,nlac9s-seinajoen-energia-oy-se-oikea-yleissahko,18000,changed,open_ended,open_ended,1344.6,1830.7829516129034,hold_current_supplier_price,supplier_adjusted_forward_curve_shift,,canonical_omitted_no_covering_source_observation|forward_month_from_quarter_contract|historical_episode_id_5223|historical_evidence_grade_exact_components_first_immutable_text_backcast|historical_exact_contract_only|historical_household_statistics_scope_assumed|historical_interpretation_completed_at_2026-08-07T23:56:36+00:00|historical_interpretation_id_5223|price_episode_left_censored|price_episode_observed_proxy|price_episode_uses_dedicated_historical_interpretation|retrospective_historical_interpretation|supplier_adjusted_monthly_fee_held_flat|supplier_adjusted_tail_shifted_on_forward_curve
2026-07-22,nwp0pg-aanekosken-energia-oy-maalaisjarkisahko-yleissahko-6-kk-paastoton,2000,changed,fixed_term_6,fixed_term_6,271.88,271.88,none,term_price_annualized,,canonical_omitted_no_covering_source_observation|historical_episode_id_5266|historical_evidence_grade_exact_components_first_immutable_text_backcast|historical_household_statistics_scope_assumed|historical_interpretation_completed_at_2026-08-08T00:19:13+00:00|historical_interpretation_id_5266|retrospective_historical_interpretation|term_price_annualized
2026-07-22,nwp0pg-aanekosken-energia-oy-maalaisjarkisahko-yleissahko-6-kk-paastoton,5000,changed,fixed_term_6,fixed_term_6,607.88,607.8799999999999,none,term_price_annualized,,canonical_omitted_no_covering_source_observation|historical_episode_id_5266|historical_evidence_grade_exact_components_first_immutable_text_backcast|historical_household_statistics_scope_assumed|historical_interpretation_completed_at_2026-08-08T00:19:13+00:00|historical_interpretation_id_5266|retrospective_historical_interpretation|term_price_annualized
2026-07-22,nwp0pg-aanekosken-energia-oy-maalaisjarkisahko-yleissahko-6-kk-paastoton,18000,changed,fixed_term_6,fixed_term_6,2063.88,2063.88,none,term_price_annualized,,canonical_omitted_no_covering_source_observation|historical_episode_id_5266|historical_evidence_grade_exact_components_first_immutable_text_backcast|historical_household_statistics_scope_assumed|historical_interpretation_completed_at_2026-08-08T00:19:13+00:00|historical_interpretation_id_5266|retrospective_historical_interpretation|term_price_annualized
2026-07-22,onnuwd-nurmijarven-sahko-oy-aikasahko,2000,changed,open_ended,open_ended,564.81,277.5341005376344,hold_current_supplier_price,supplier_adjusted_forward_premium,,calendar_gap_within_observed_price_episode|canonical_omitted_no_covering_source_observation|historical_episode_id_5343|historical_evidence_grade_exact_components_first_immutable_text_backcast|historical_exact_contract_only|historical_household_statistics_scope_assumed|historical_interpretation_completed_at_2026-08-08T00:50:18+00:00|historical_interpretation_id_5343|lower_confidence_energy_episode_proxy|missing_own_reference_using_comparable_premium|price_episode_left_censored|price_episode_observed_proxy|price_episode_uses_dedicated_historical_interpretation|retrospective_historical_interpretation|supplier_adjusted_monthly_fee_held_flat|supplier_adjusted_tail_uses_comparable_forward_premium
2026-07-22,onnuwd-nurmijarven-sahko-oy-aikasahko,5000,changed,open_ended,open_ended,1340.025,621.835251344086,hold_current_supplier_price,supplier_adjusted_forward_premium,,calendar_gap_within_observed_price_episode|canonical_omitted_no_covering_source_observation|historical_episode_id_5343|historical_evidence_grade_exact_components_first_immutable_text_backcast|historical_exact_contract_only|historical_household_statistics_scope_assumed|historical_interpretation_completed_at_2026-08-08T00:50:18+00:00|historical_interpretation_id_5343|lower_confidence_energy_episode_proxy|missing_own_reference_using_comparable_premium|price_episode_left_censored|price_episode_observed_proxy|price_episode_uses_dedicated_historical_interpretation|retrospective_historical_interpretation|supplier_adjusted_monthly_fee_held_flat|supplier_adjusted_tail_uses_comparable_forward_premium
2026-07-22,onnuwd-nurmijarven-sahko-oy-aikasahko,18000,changed,open_ended,open_ended,4699.29,2113.8069048387097,hold_current_supplier_price,supplier_adjusted_forward_premium,,calendar_gap_within_observed_price_episode|canonical_omitted_no_covering_source_observation|historical_episode_id_5343|historical_evidence_grade_exact_components_first_immutable_text_backcast|historical_exact_contract_only|historical_household_statistics_scope_assumed|historical_interpretation_completed_at_2026-08-08T00:50:18+00:00|historical_interpretation_id_5343|lower_confidence_energy_episode_proxy|missing_own_reference_using_comparable_premium|price_episode_left_censored|price_episode_observed_proxy|price_episode_uses_dedicated_historical_interpretation|retrospective_historical_interpretation|supplier_adjusted_monthly_fee_held_flat|supplier_adjusted_tail_uses_comparable_forward_premium
2026-07-22,ozjhpb-helen-oy-kayttosahko,2000,changed,open_ended,open_ended,342.88,305.48095013440854,hold_current_supplier_price,supplier_adjusted_forward_premium,,calendar_gap_within_observed_price_episode|canonical_omitted_no_covering_source_observation|historical_episode_id_5376|historical_evidence_grade_exact_components_first_immutable_text_backcast|historical_exact_contract_only|historical_household_statistics_scope_assumed|historical_interpretation_completed_at_2026-08-08T01:03:39+00:00|historical_interpretation_id_5376|lower_confidence_energy_episode_proxy|missing_own_reference_using_comparable_premium|price_episode_left_censored|price_episode_observed_proxy|price_episode_uses_dedicated_historical_interpretation|retrospective_historical_interpretation|supplier_adjusted_monthly_fee_held_flat|supplier_adjusted_tail_uses_comparable_forward_premium
2026-07-22,ozjhpb-helen-oy-kayttosahko,5000,changed,open_ended,open_ended,749.38,655.8823753360215,hold_current_supplier_price,supplier_adjusted_forward_premium,,calendar_gap_within_observed_price_episode|canonical_omitted_no_covering_source_observation|historical_episode_id_5376|historical_evidence_grade_exact_components_first_immutable_text_backcast|historical_exact_contract_only|historical_household_statistics_scope_assumed|historical_interpretation_completed_at_2026-08-08T01:03:39+00:00|historical_interpretation_id_5376|lower_confidence_energy_episode_proxy|missing_own_reference_using_comparable_premium|price_episode_left_censored|price_episode_observed_proxy|price_episode_uses_dedicated_historical_interpretation|retrospective_historical_interpretation|supplier_adjusted_monthly_fee_held_flat|supplier_adjusted_tail_uses_comparable_forward_premium
2026-07-22,ozjhpb-helen-oy-kayttosahko,18000,changed,open_ended,open_ended,2510.88,2174.288551209677,hold_current_supplier_price,supplier_adjusted_forward_premium,,calendar_gap_within_observed_price_episode|canonical_omitted_no_covering_source_observation|historical_episode_id_5376|historical_evidence_grade_exact_components_first_immutable_text_backcast|historical_exact_contract_only|historical_household_statistics_scope_assumed|historical_interpretation_completed_at_2026-08-08T01:03:39+00:00|historical_interpretation_id_5376|lower_confidence_energy_episode_proxy|missing_own_reference_using_comparable_premium|price_episode_left_censored|price_episode_observed_proxy|price_episode_uses_dedicated_historical_interpretation|retrospective_historical_interpretation|supplier_adjusted_monthly_fee_held_flat|supplier_adjusted_tail_uses_comparable_forward_premium
2026-07-22,ppwyv2-lammaisten-energia-oy-toimitusvelvollinen-kausisahko,2000,changed,open_ended,open_ended,309.9167,270.737326344086,hold_current_supplier_price,supplier_adjusted_forward_premium,,calendar_gap_within_observed_price_episode|canonical_omitted_no_covering_source_observation|historical_episode_id_5450|historical_evidence_grade_exact_components_first_immutable_text_backcast|historical_exact_contract_only|historical_household_statistics_scope_assumed|historical_interpretation_completed_at_2026-08-08T01:32:03+00:00|historical_interpretation_id_5450|lower_confidence_energy_episode_proxy|missing_own_reference_using_comparable_premium|price_episode_left_censored|price_episode_observed_proxy|price_episode_uses_dedicated_historical_interpretation|retrospective_historical_interpretation|supplier_adjusted_monthly_fee_held_flat|supplier_adjusted_tail_uses_comparable_forward_premium
2026-07-22,ppwyv2-lammaisten-energia-oy-toimitusvelvollinen-kausisahko,5000,changed,open_ended,open_ended,692.8917,594.943315860215,hold_current_supplier_price,supplier_adjusted_forward_premium,,calendar_gap_within_observed_price_episode|canonical_omitted_no_covering_source_observation|historical_episode_id_5450|historical_evidence_grade_exact_components_first_immutable_text_backcast|historical_exact_contract_only|historical_household_statistics_scope_assumed|historical_interpretation_completed_at_2026-08-08T01:32:03+00:00|historical_interpretation_id_5450|lower_confidence_energy_episode_proxy|missing_own_reference_using_comparable_premium|price_episode_left_censored|price_episode_observed_proxy|price_episode_uses_dedicated_historical_interpretation|retrospective_historical_interpretation|supplier_adjusted_monthly_fee_held_flat|supplier_adjusted_tail_uses_comparable_forward_premium
2026-07-22,ppwyv2-lammaisten-energia-oy-toimitusvelvollinen-kausisahko,18000,changed,open_ended,open_ended,2352.45,1999.8359370967737,hold_current_supplier_price,supplier_adjusted_forward_premium,,calendar_gap_within_observed_price_episode|canonical_omitted_no_covering_source_observation|historical_episode_id_5450|historical_evidence_grade_exact_components_first_immutable_text_backcast|historical_exact_contract_only|historical_household_statistics_scope_assumed|historical_interpretation_completed_at_2026-08-08T01:32:03+00:00|historical_interpretation_id_5450|lower_confidence_energy_episode_proxy|missing_own_reference_using_comparable_premium|price_episode_left_censored|price_episode_observed_proxy|price_episode_uses_dedicated_historical_interpretation|retrospective_historical_interpretation|supplier_adjusted_monthly_fee_held_flat|supplier_adjusted_tail_uses_comparable_forward_premium
2026-07-22,pszotq-nurmijarven-sahko-oy-kausisahko,2000,changed,open_ended,open_ended,452.5417,266.58356290322575,hold_current_supplier_price,supplier_adjusted_forward_premium,,calendar_gap_within_observed_price_episode|canonical_omitted_no_covering_source_observation|historical_episode_id_5461|historical_evidence_grade_exact_components_first_immutable_text_backcast|historical_exact_contract_only|historical_household_statistics_scope_assumed|historical_interpretation_completed_at_2026-08-08T01:36:49+00:00|historical_interpretation_id_5461|lower_confidence_energy_episode_proxy|missing_own_reference_using_comparable_premium|price_episode_left_censored|price_episode_observed_proxy|price_episode_uses_dedicated_historical_interpretation|retrospective_historical_interpretation|supplier_adjusted_monthly_fee_held_flat|supplier_adjusted_tail_uses_comparable_forward_premium
2026-07-22,pszotq-nurmijarven-sahko-oy-kausisahko,5000,changed,open_ended,open_ended,1059.3542,594.4589072580645,hold_current_supplier_price,supplier_adjusted_forward_premium,,calendar_gap_within_observed_price_episode|canonical_omitted_no_covering_source_observation|historical_episode_id_5461|historical_evidence_grade_exact_components_first_immutable_text_backcast|historical_exact_contract_only|historical_household_statistics_scope_assumed|historical_interpretation_completed_at_2026-08-08T01:36:49+00:00|historical_interpretation_id_5461|lower_confidence_energy_episode_proxy|missing_own_reference_using_comparable_premium|price_episode_left_censored|price_episode_observed_proxy|price_episode_uses_dedicated_historical_interpretation|retrospective_historical_interpretation|supplier_adjusted_monthly_fee_held_flat|supplier_adjusted_tail_uses_comparable_forward_premium
2026-07-22,pszotq-nurmijarven-sahko-oy-kausisahko,18000,changed,open_ended,open_ended,3688.875,2015.2520661290323,hold_current_supplier_price,supplier_adjusted_forward_premium,,calendar_gap_within_observed_price_episode|canonical_omitted_no_covering_source_observation|historical_episode_id_5461|historical_evidence_grade_exact_components_first_immutable_text_backcast|historical_exact_contract_only|historical_household_statistics_scope_assumed|historical_interpretation_completed_at_2026-08-08T01:36:49+00:00|historical_interpretation_id_5461|lower_confidence_energy_episode_proxy|missing_own_reference_using_comparable_premium|price_episode_left_censored|price_episode_observed_proxy|price_episode_uses_dedicated_historical_interpretation|retrospective_historical_interpretation|supplier_adjusted_monthly_fee_held_flat|supplier_adjusted_tail_uses_comparable_forward_premium
2026-07-22,qftxhb-oomi-oy-toimitusvelvollinen-sahko,2000,changed,open_ended,open_ended,377.52,294.3843909946236,hold_current_supplier_price,supplier_adjusted_forward_premium,,calendar_gap_within_observed_price_episode|canonical_omitted_no_covering_source_observation|historical_episode_id_5513|historical_evidence_grade_exact_components_first_immutable_text_backcast|historical_exact_contract_only|historical_household_statistics_scope_assumed|historical_interpretation_completed_at_2026-08-08T01:58:21+00:00|historical_interpretation_id_5513|lower_confidence_energy_episode_proxy|missing_own_reference_using_comparable_premium|price_episode_left_censored|price_episode_observed_proxy|price_episode_uses_dedicated_historical_interpretation|retrospective_historical_interpretation|supplier_adjusted_monthly_fee_held_flat|supplier_adjusted_tail_uses_comparable_forward_premium
2026-07-22,qftxhb-oomi-oy-toimitusvelvollinen-sahko,5000,changed,open_ended,open_ended,854.52,646.6809774865591,hold_current_supplier_price,supplier_adjusted_forward_premium,,calendar_gap_within_observed_price_episode|canonical_omitted_no_covering_source_observation|historical_episode_id_5513|historical_evidence_grade_exact_components_first_immutable_text_backcast|historical_exact_contract_only|historical_household_statistics_scope_assumed|historical_interpretation_completed_at_2026-08-08T01:58:21+00:00|historical_interpretation_id_5513|lower_confidence_energy_episode_proxy|missing_own_reference_using_comparable_premium|price_episode_left_censored|price_episode_observed_proxy|price_episode_uses_dedicated_historical_interpretation|retrospective_historical_interpretation|supplier_adjusted_monthly_fee_held_flat|supplier_adjusted_tail_uses_comparable_forward_premium
2026-07-22,qftxhb-oomi-oy-toimitusvelvollinen-sahko,18000,changed,open_ended,open_ended,2921.52,2173.2995189516123,hold_current_supplier_price,supplier_adjusted_forward_premium,,calendar_gap_within_observed_price_episode|canonical_omitted_no_covering_source_observation|historical_episode_id_5513|historical_evidence_grade_exact_components_first_immutable_text_backcast|historical_exact_contract_only|historical_household_statistics_scope_assumed|historical_interpretation_completed_at_2026-08-08T01:58:21+00:00|historical_interpretation_id_5513|lower_confidence_energy_episode_proxy|missing_own_reference_using_comparable_premium|price_episode_left_censored|price_episode_observed_proxy|price_episode_uses_dedicated_historical_interpretation|retrospective_historical_interpretation|supplier_adjusted_monthly_fee_held_flat|supplier_adjusted_tail_uses_comparable_forward_premium
2026-07-22,qgpgvd-herrfors-oy-ab-vakaa,2000,changed,open_ended,open_ended,223.4,312.8613930107527,hold_current_supplier_price,supplier_adjusted_forward_curve_shift,,canonical_omitted_no_covering_source_observation|forward_month_from_quarter_contract|historical_episode_id_5516|historical_evidence_grade_exact_components_first_immutable_text_backcast|historical_exact_contract_only|historical_household_statistics_scope_assumed|historical_interpretation_completed_at_2026-08-08T01:59:03+00:00|historical_interpretation_id_5516|price_episode_left_censored|price_episode_observed_proxy|price_episode_uses_dedicated_historical_interpretation|retrospective_historical_interpretation|supplier_adjusted_monthly_fee_held_flat|supplier_adjusted_tail_shifted_on_forward_curve
2026-07-22,qgpgvd-herrfors-oy-ab-vakaa,5000,changed,open_ended,open_ended,485.6,709.2534825268817,hold_current_supplier_price,supplier_adjusted_forward_curve_shift,,canonical_omitted_no_covering_source_observation|forward_month_from_quarter_contract|historical_episode_id_5516|historical_evidence_grade_exact_components_first_immutable_text_backcast|historical_exact_contract_only|historical_household_statistics_scope_assumed|historical_interpretation_completed_at_2026-08-08T01:59:03+00:00|historical_interpretation_id_5516|price_episode_left_censored|price_episode_observed_proxy|price_episode_uses_dedicated_historical_interpretation|retrospective_historical_interpretation|supplier_adjusted_monthly_fee_held_flat|supplier_adjusted_tail_shifted_on_forward_curve
2026-07-22,qgpgvd-herrfors-oy-ab-vakaa,18000,changed,open_ended,open_ended,1621.8,2426.9525370967744,hold_current_supplier_price,supplier_adjusted_forward_curve_shift,,canonical_omitted_no_covering_source_observation|forward_month_from_quarter_contract|historical_episode_id_5516|historical_evidence_grade_exact_components_first_immutable_text_backcast|historical_exact_contract_only|historical_household_statistics_scope_assumed|historical_interpretation_completed_at_2026-08-08T01:59:03+00:00|historical_interpretation_id_5516|price_episode_left_censored|price_episode_observed_proxy|price_episode_uses_dedicated_historical_interpretation|retrospective_historical_interpretation|supplier_adjusted_monthly_fee_held_flat|supplier_adjusted_tail_shifted_on_forward_curve
2026-07-22,qseg85-vaasan-sahko-myynti-oy-kiintea-6-kk-yleissahko,2000,changed,fixed_term_6,fixed_term_6,305.1,299.2,none,term_price_annualized,,canonical_omitted_no_covering_source_observation|historical_episode_id_5555|historical_evidence_grade_exact_components_first_immutable_text_backcast|historical_household_statistics_scope_assumed|historical_interpretation_completed_at_2026-08-08T02:12:27+00:00|historical_interpretation_id_5555|retrospective_historical_interpretation|term_price_annualized
2026-07-22,qseg85-vaasan-sahko-myynti-oy-kiintea-6-kk-yleissahko,5000,changed,fixed_term_6,fixed_term_6,665.4,659.5,none,term_price_annualized,,canonical_omitted_no_covering_source_observation|historical_episode_id_5555|historical_evidence_grade_exact_components_first_immutable_text_backcast|historical_household_statistics_scope_assumed|historical_interpretation_completed_at_2026-08-08T02:12:27+00:00|historical_interpretation_id_5555|retrospective_historical_interpretation|term_price_annualized
2026-07-22,qseg85-vaasan-sahko-myynti-oy-kiintea-6-kk-yleissahko,18000,changed,fixed_term_6,fixed_term_6,2226.7,2220.8,none,term_price_annualized,,canonical_omitted_no_covering_source_observation|historical_episode_id_5555|historical_evidence_grade_exact_components_first_immutable_text_backcast|historical_household_statistics_scope_assumed|historical_interpretation_completed_at_2026-08-08T02:12:27+00:00|historical_interpretation_id_5555|retrospective_historical_interpretation|term_price_annualized
2026-07-22,qvnrc1-aanekosken-energia-oy-yleissahko,2000,changed,open_ended,open_ended,273.4,268.11385336021505,hold_current_supplier_price,supplier_adjusted_forward_premium,,calendar_gap_within_observed_price_episode|canonical_omitted_no_covering_source_observation|historical_episode_id_5562|historical_evidence_grade_exact_components_first_immutable_text_backcast|historical_exact_contract_only|historical_household_statistics_scope_assumed|historical_interpretation_completed_at_2026-08-08T02:14:33+00:00|historical_interpretation_id_5562|lower_confidence_energy_episode_proxy|missing_own_reference_using_comparable_premium|price_episode_left_censored|price_episode_observed_proxy|price_episode_uses_dedicated_historical_interpretation|retrospective_historical_interpretation|supplier_adjusted_monthly_fee_held_flat|supplier_adjusted_tail_uses_comparable_forward_premium
2026-07-22,qvnrc1-aanekosken-energia-oy-yleissahko,5000,changed,open_ended,open_ended,630.4,617.1846334005377,hold_current_supplier_price,supplier_adjusted_forward_premium,,calendar_gap_within_observed_price_episode|canonical_omitted_no_covering_source_observation|historical_episode_id_5562|historical_evidence_grade_exact_components_first_immutable_text_backcast|historical_exact_contract_only|historical_household_statistics_scope_assumed|historical_interpretation_completed_at_2026-08-08T02:14:33+00:00|historical_interpretation_id_5562|lower_confidence_energy_episode_proxy|missing_own_reference_using_comparable_premium|price_episode_left_censored|price_episode_observed_proxy|price_episode_uses_dedicated_historical_interpretation|retrospective_historical_interpretation|supplier_adjusted_monthly_fee_held_flat|supplier_adjusted_tail_uses_comparable_forward_premium
2026-07-22,qvnrc1-aanekosken-energia-oy-yleissahko,18000,changed,open_ended,open_ended,2177.4,2129.824680241935,hold_current_supplier_price,supplier_adjusted_forward_premium,,calendar_gap_within_observed_price_episode|canonical_omitted_no_covering_source_observation|historical_episode_id_5562|historical_evidence_grade_exact_components_first_immutable_text_backcast|historical_exact_contract_only|historical_household_statistics_scope_assumed|historical_interpretation_completed_at_2026-08-08T02:14:33+00:00|historical_interpretation_id_5562|lower_confidence_energy_episode_proxy|missing_own_reference_using_comparable_premium|price_episode_left_censored|price_episode_observed_proxy|price_episode_uses_dedicated_historical_interpretation|retrospective_historical_interpretation|supplier_adjusted_monthly_fee_held_flat|supplier_adjusted_tail_uses_comparable_forward_premium
2026-07-22,skj5fb-vaasan-sahko-myynti-oy-kiintea-6-kk-yosahko,2000,changed,fixed_term_6,fixed_term_6,314.88,308.97999999999996,none,term_price_annualized,,canonical_omitted_no_covering_source_observation|historical_episode_id_5770|historical_evidence_grade_exact_components_first_immutable_text_backcast|historical_household_statistics_scope_assumed|historical_interpretation_completed_at_2026-08-08T03:45:10+00:00|historical_interpretation_id_5770|retrospective_historical_interpretation|term_price_annualized
2026-07-22,skj5fb-vaasan-sahko-myynti-oy-kiintea-6-kk-yosahko,5000,changed,fixed_term_6,fixed_term_6,689.85,683.9500000000002,none,term_price_annualized,,canonical_omitted_no_covering_source_observation|historical_episode_id_5770|historical_evidence_grade_exact_components_first_immutable_text_backcast|historical_household_statistics_scope_assumed|historical_interpretation_completed_at_2026-08-08T03:45:10+00:00|historical_interpretation_id_5770|retrospective_historical_interpretation|term_price_annualized
2026-07-22,skj5fb-vaasan-sahko-myynti-oy-kiintea-6-kk-yosahko,18000,changed,fixed_term_6,fixed_term_6,2314.72,2308.8199999999997,none,term_price_annualized,,canonical_omitted_no_covering_source_observation|historical_episode_id_5770|historical_evidence_grade_exact_components_first_immutable_text_backcast|historical_household_statistics_scope_assumed|historical_interpretation_completed_at_2026-08-08T03:45:10+00:00|historical_interpretation_id_5770|retrospective_historical_interpretation|term_price_annualized
2026-07-22,v7juwr-aanekosken-energia-oy-kausisahko,2000,changed,open_ended,open_ended,273.1917,259.79001451612896,hold_current_supplier_price,supplier_adjusted_forward_premium,,calendar_gap_within_observed_price_episode|canonical_omitted_no_covering_source_observation|historical_episode_id_6052|historical_evidence_grade_exact_components_first_immutable_text_backcast|historical_exact_contract_only|historical_household_statistics_scope_assumed|historical_interpretation_completed_at_2026-08-08T05:19:38+00:00|historical_interpretation_id_6052|lower_confidence_energy_episode_proxy|missing_own_reference_using_comparable_premium|price_episode_left_censored|price_episode_observed_proxy|price_episode_uses_dedicated_historical_interpretation|retrospective_historical_interpretation|supplier_adjusted_monthly_fee_held_flat|supplier_adjusted_tail_uses_comparable_forward_premium
2026-07-22,v7juwr-aanekosken-energia-oy-kausisahko,5000,changed,open_ended,open_ended,616.3792,582.8750362903226,hold_current_supplier_price,supplier_adjusted_forward_premium,,calendar_gap_within_observed_price_episode|canonical_omitted_no_covering_source_observation|historical_episode_id_6052|historical_evidence_grade_exact_components_first_immutable_text_backcast|historical_exact_contract_only|historical_household_statistics_scope_assumed|historical_interpretation_completed_at_2026-08-08T05:19:38+00:00|historical_interpretation_id_6052|lower_confidence_energy_episode_proxy|missing_own_reference_using_comparable_premium|price_episode_left_censored|price_episode_observed_proxy|price_episode_uses_dedicated_historical_interpretation|retrospective_historical_interpretation|supplier_adjusted_monthly_fee_held_flat|supplier_adjusted_tail_uses_comparable_forward_premium
2026-07-22,v7juwr-aanekosken-energia-oy-kausisahko,18000,changed,open_ended,open_ended,2103.525,1982.9101306451612,hold_current_supplier_price,supplier_adjusted_forward_premium,,calendar_gap_within_observed_price_episode|canonical_omitted_no_covering_source_observation|historical_episode_id_6052|historical_evidence_grade_exact_components_first_immutable_text_backcast|historical_exact_contract_only|historical_household_statistics_scope_assumed|historical_interpretation_completed_at_2026-08-08T05:19:38+00:00|historical_interpretation_id_6052|lower_confidence_energy_episode_proxy|missing_own_reference_using_comparable_premium|price_episode_left_censored|price_episode_observed_proxy|price_episode_uses_dedicated_historical_interpretation|retrospective_historical_interpretation|supplier_adjusted_monthly_fee_held_flat|supplier_adjusted_tail_uses_comparable_forward_premium
2026-07-22,v7syfz-iin-energia-oy-yleissahko,2000,changed,open_ended,open_ended,271.84,304.50546626344084,hold_current_supplier_price,supplier_adjusted_forward_premium,,canonical_omitted_no_covering_source_observation|historical_episode_id_6053|historical_evidence_grade_exact_components_first_immutable_text_backcast|historical_exact_contract_only|historical_household_statistics_scope_assumed|historical_interpretation_completed_at_2026-08-08T05:19:46+00:00|historical_interpretation_id_6053|lower_confidence_energy_episode_proxy|missing_own_reference_using_comparable_premium|price_episode_left_censored|price_episode_observed_proxy|price_episode_uses_dedicated_historical_interpretation|retrospective_historical_interpretation|supplier_adjusted_monthly_fee_held_flat|supplier_adjusted_tail_uses_comparable_forward_premium
2026-07-22,v7syfz-iin-energia-oy-yleissahko,5000,changed,open_ended,open_ended,570.34,652.0036656586022,hold_current_supplier_price,supplier_adjusted_forward_premium,,canonical_omitted_no_covering_source_observation|historical_episode_id_6053|historical_evidence_grade_exact_components_first_immutable_text_backcast|historical_exact_contract_only|historical_household_statistics_scope_assumed|historical_interpretation_completed_at_2026-08-08T05:19:46+00:00|historical_interpretation_id_6053|lower_confidence_energy_episode_proxy|missing_own_reference_using_comparable_premium|price_episode_left_censored|price_episode_observed_proxy|price_episode_uses_dedicated_historical_interpretation|retrospective_historical_interpretation|supplier_adjusted_monthly_fee_held_flat|supplier_adjusted_tail_uses_comparable_forward_premium
2026-07-22,v7syfz-iin-energia-oy-yleissahko,18000,changed,open_ended,open_ended,1863.84,2157.829196370968,hold_current_supplier_price,supplier_adjusted_forward_premium,,canonical_omitted_no_covering_source_observation|historical_episode_id_6053|historical_evidence_grade_exact_components_first_immutable_text_backcast|historical_exact_contract_only|historical_household_statistics_scope_assumed|historical_interpretation_completed_at_2026-08-08T05:19:46+00:00|historical_interpretation_id_6053|lower_confidence_energy_episode_proxy|missing_own_reference_using_comparable_premium|price_episode_left_censored|price_episode_observed_proxy|price_episode_uses_dedicated_historical_interpretation|retrospective_historical_interpretation|supplier_adjusted_monthly_fee_held_flat|supplier_adjusted_tail_uses_comparable_forward_premium
2026-07-22,wqyv9k-aanekosken-energia-oy-maalaisjarkisahko-aikasahko-6-kk-paastoton,2000,changed,fixed_term_6,fixed_term_6,286.98,286.97999999999996,none,term_price_annualized,,canonical_omitted_no_covering_source_observation|historical_episode_id_6221|historical_evidence_grade_exact_components_first_immutable_text_backcast|historical_household_statistics_scope_assumed|historical_interpretation_completed_at_2026-08-08T06:11:11+00:00|historical_interpretation_id_6221|retrospective_historical_interpretation|term_price_annualized
2026-07-22,wqyv9k-aanekosken-energia-oy-maalaisjarkisahko-aikasahko-6-kk-paastoton,5000,changed,fixed_term_6,fixed_term_6,645.63,645.6300000000001,none,term_price_annualized,,canonical_omitted_no_covering_source_observation|historical_episode_id_6221|historical_evidence_grade_exact_components_first_immutable_text_backcast|historical_household_statistics_scope_assumed|historical_interpretation_completed_at_2026-08-08T06:11:11+00:00|historical_interpretation_id_6221|retrospective_historical_interpretation|term_price_annualized
2026-07-22,wqyv9k-aanekosken-energia-oy-maalaisjarkisahko-aikasahko-6-kk-paastoton,18000,changed,fixed_term_6,fixed_term_6,2199.78,2199.78,none,term_price_annualized,,canonical_omitted_no_covering_source_observation|historical_episode_id_6221|historical_evidence_grade_exact_components_first_immutable_text_backcast|historical_household_statistics_scope_assumed|historical_interpretation_completed_at_2026-08-08T06:11:11+00:00|historical_interpretation_id_6221|retrospective_historical_interpretation|term_price_annualized
2026-07-22,wsnmgc-nurmijarven-sahko-oy-yleissahko,2000,changed,open_ended,open_ended,440.48,273.07234798387094,hold_current_supplier_price,supplier_adjusted_forward_premium,,calendar_gap_within_observed_price_episode|canonical_omitted_no_covering_source_observation|historical_episode_id_6228|historical_evidence_grade_exact_components_first_immutable_text_backcast|historical_exact_contract_only|historical_household_statistics_scope_assumed|historical_interpretation_completed_at_2026-08-08T06:12:52+00:00|historical_interpretation_id_6228|lower_confidence_energy_episode_proxy|missing_own_reference_using_comparable_premium|price_episode_left_censored|price_episode_observed_proxy|price_episode_uses_dedicated_historical_interpretation|retrospective_historical_interpretation|supplier_adjusted_monthly_fee_held_flat|supplier_adjusted_tail_uses_comparable_forward_premium
2026-07-22,wsnmgc-nurmijarven-sahko-oy-yleissahko,5000,changed,open_ended,open_ended,1047.38,628.8608699596774,hold_current_supplier_price,supplier_adjusted_forward_premium,,calendar_gap_within_observed_price_episode|canonical_omitted_no_covering_source_observation|historical_episode_id_6228|historical_evidence_grade_exact_components_first_immutable_text_backcast|historical_exact_contract_only|historical_household_statistics_scope_assumed|historical_interpretation_completed_at_2026-08-08T06:12:52+00:00|historical_interpretation_id_6228|lower_confidence_energy_episode_proxy|missing_own_reference_using_comparable_premium|price_episode_left_censored|price_episode_observed_proxy|price_episode_uses_dedicated_historical_interpretation|retrospective_historical_interpretation|supplier_adjusted_monthly_fee_held_flat|supplier_adjusted_tail_uses_comparable_forward_premium
2026-07-22,wsnmgc-nurmijarven-sahko-oy-yleissahko,18000,changed,open_ended,open_ended,3677.28,2170.6111318548383,hold_current_supplier_price,supplier_adjusted_forward_premium,,calendar_gap_within_observed_price_episode|canonical_omitted_no_covering_source_observation|historical_episode_id_6228|historical_evidence_grade_exact_components_first_immutable_text_backcast|historical_exact_contract_only|historical_household_statistics_scope_assumed|historical_interpretation_completed_at_2026-08-08T06:12:52+00:00|historical_interpretation_id_6228|lower_confidence_energy_episode_proxy|missing_own_reference_using_comparable_premium|price_episode_left_censored|price_episode_observed_proxy|price_episode_uses_dedicated_historical_interpretation|retrospective_historical_interpretation|supplier_adjusted_monthly_fee_held_flat|supplier_adjusted_tail_uses_comparable_forward_premium
2026-07-22,xx5uxn-oomi-oy-toimitusvelvollinen-sahko,2000,changed,open_ended,open_ended,377.4783,277.3831327956989,hold_current_supplier_price,supplier_adjusted_forward_premium,,calendar_gap_within_observed_price_episode|canonical_omitted_no_covering_source_observation|historical_episode_id_6346|historical_evidence_grade_exact_components_first_immutable_text_backcast|historical_exact_contract_only|historical_household_statistics_scope_assumed|historical_interpretation_completed_at_2026-08-08T06:50:30+00:00|historical_interpretation_id_6346|lower_confidence_energy_episode_proxy|missing_own_reference_using_comparable_premium|price_episode_left_censored|price_episode_observed_proxy|price_episode_uses_dedicated_historical_interpretation|retrospective_historical_interpretation|supplier_adjusted_monthly_fee_held_flat|supplier_adjusted_tail_uses_comparable_forward_premium
2026-07-22,xx5uxn-oomi-oy-toimitusvelvollinen-sahko,5000,changed,open_ended,open_ended,854.4158,604.1778319892474,hold_current_supplier_price,supplier_adjusted_forward_premium,,calendar_gap_within_observed_price_episode|canonical_omitted_no_covering_source_observation|historical_episode_id_6346|historical_evidence_grade_exact_components_first_immutable_text_backcast|historical_exact_contract_only|historical_household_statistics_scope_assumed|historical_interpretation_completed_at_2026-08-08T06:50:30+00:00|historical_interpretation_id_6346|lower_confidence_energy_episode_proxy|missing_own_reference_using_comparable_premium|price_episode_left_censored|price_episode_observed_proxy|price_episode_uses_dedicated_historical_interpretation|retrospective_historical_interpretation|supplier_adjusted_monthly_fee_held_flat|supplier_adjusted_tail_uses_comparable_forward_premium
2026-07-22,xx5uxn-oomi-oy-toimitusvelvollinen-sahko,18000,changed,open_ended,open_ended,2921.145,2020.28819516129,hold_current_supplier_price,supplier_adjusted_forward_premium,,calendar_gap_within_observed_price_episode|canonical_omitted_no_covering_source_observation|historical_episode_id_6346|historical_evidence_grade_exact_components_first_immutable_text_backcast|historical_exact_contract_only|historical_household_statistics_scope_assumed|historical_interpretation_completed_at_2026-08-08T06:50:30+00:00|historical_interpretation_id_6346|lower_confidence_energy_episode_proxy|missing_own_reference_using_comparable_premium|price_episode_left_censored|price_episode_observed_proxy|price_episode_uses_dedicated_historical_interpretation|retrospective_historical_interpretation|supplier_adjusted_monthly_fee_held_flat|supplier_adjusted_tail_uses_comparable_forward_premium
2026-07-22,y32lx5-seinajoen-energia-oy-se-oikea-aikasahko,2000,changed,open_ended,open_ended,217.97,271.99032795698923,hold_current_supplier_price,supplier_adjusted_forward_curve_shift,,canonical_omitted_no_covering_source_observation|forward_month_from_quarter_contract|historical_episode_id_6360|historical_evidence_grade_exact_components_first_immutable_text_backcast|historical_exact_contract_only|historical_household_statistics_scope_assumed|historical_interpretation_completed_at_2026-08-08T06:54:02+00:00|historical_interpretation_id_6360|price_episode_left_censored|price_episode_observed_proxy|price_episode_uses_dedicated_historical_interpretation|retrospective_historical_interpretation|supplier_adjusted_monthly_fee_held_flat|supplier_adjusted_tail_shifted_on_forward_curve
2026-07-22,y32lx5-seinajoen-energia-oy-se-oikea-aikasahko,5000,changed,open_ended,open_ended,453.845,588.895819892473,hold_current_supplier_price,supplier_adjusted_forward_curve_shift,,canonical_omitted_no_covering_source_observation|forward_month_from_quarter_contract|historical_episode_id_6360|historical_evidence_grade_exact_components_first_immutable_text_backcast|historical_exact_contract_only|historical_household_statistics_scope_assumed|historical_interpretation_completed_at_2026-08-08T06:54:02+00:00|historical_interpretation_id_6360|price_episode_left_censored|price_episode_observed_proxy|price_episode_uses_dedicated_historical_interpretation|retrospective_historical_interpretation|supplier_adjusted_monthly_fee_held_flat|supplier_adjusted_tail_shifted_on_forward_curve
2026-07-22,y32lx5-seinajoen-energia-oy-se-oikea-aikasahko,18000,changed,open_ended,open_ended,1475.97,1962.152951612903,hold_current_supplier_price,supplier_adjusted_forward_curve_shift,,canonical_omitted_no_covering_source_observation|forward_month_from_quarter_contract|historical_episode_id_6360|historical_evidence_grade_exact_components_first_immutable_text_backcast|historical_exact_contract_only|historical_household_statistics_scope_assumed|historical_interpretation_completed_at_2026-08-08T06:54:02+00:00|historical_interpretation_id_6360|price_episode_left_censored|price_episode_observed_proxy|price_episode_uses_dedicated_historical_interpretation|retrospective_historical_interpretation|supplier_adjusted_monthly_fee_held_flat|supplier_adjusted_tail_shifted_on_forward_curve
2026-07-22,yd7lgu-alajarven-sahko-oy-aikasahko,2000,changed,open_ended,open_ended,245.7,274.79458440860213,hold_current_supplier_price,supplier_adjusted_forward_premium,,canonical_omitted_no_covering_source_observation|historical_episode_id_6381|historical_evidence_grade_exact_components_first_immutable_text_backcast|historical_exact_contract_only|historical_household_statistics_scope_assumed|historical_interpretation_completed_at_2026-08-08T07:00:05+00:00|historical_interpretation_id_6381|lower_confidence_energy_episode_proxy|missing_own_reference_using_comparable_premium|price_episode_left_censored|price_episode_observed_proxy|price_episode_uses_dedicated_historical_interpretation|retrospective_historical_interpretation|supplier_adjusted_monthly_fee_held_flat|supplier_adjusted_tail_uses_comparable_forward_premium
2026-07-22,yd7lgu-alajarven-sahko-oy-aikasahko,5000,changed,open_ended,open_ended,533.25,605.9864610215054,hold_current_supplier_price,supplier_adjusted_forward_premium,,canonical_omitted_no_covering_source_observation|historical_episode_id_6381|historical_evidence_grade_exact_components_first_immutable_text_backcast|historical_exact_contract_only|historical_household_statistics_scope_assumed|historical_interpretation_completed_at_2026-08-08T07:00:05+00:00|historical_interpretation_id_6381|lower_confidence_energy_episode_proxy|missing_own_reference_using_comparable_premium|price_episode_left_censored|price_episode_observed_proxy|price_episode_uses_dedicated_historical_interpretation|retrospective_historical_interpretation|supplier_adjusted_monthly_fee_held_flat|supplier_adjusted_tail_uses_comparable_forward_premium
2026-07-22,yd7lgu-alajarven-sahko-oy-aikasahko,18000,changed,open_ended,open_ended,1779.3,2041.1512596774196,hold_current_supplier_price,supplier_adjusted_forward_premium,,canonical_omitted_no_covering_source_observation|historical_episode_id_6381|historical_evidence_grade_exact_components_first_immutable_text_backcast|historical_exact_contract_only|historical_household_statistics_scope_assumed|historical_interpretation_completed_at_2026-08-08T07:00:05+00:00|historical_interpretation_id_6381|lower_confidence_energy_episode_proxy|missing_own_reference_using_comparable_premium|price_episode_left_censored|price_episode_observed_proxy|price_episode_uses_dedicated_historical_interpretation|retrospective_historical_interpretation|supplier_adjusted_monthly_fee_held_flat|supplier_adjusted_tail_uses_comparable_forward_premium
2026-07-22,ydi2at-alajarven-sahko-oy-yleissahko,2000,changed,open_ended,open_ended,244,285.4235307795699,hold_current_supplier_price,supplier_adjusted_forward_premium,,canonical_omitted_no_covering_source_observation|historical_episode_id_6383|historical_evidence_grade_exact_components_first_immutable_text_backcast|historical_exact_contract_only|historical_household_statistics_scope_assumed|historical_interpretation_completed_at_2026-08-08T07:00:33+00:00|historical_interpretation_id_6383|lower_confidence_energy_episode_proxy|missing_own_reference_using_comparable_premium|price_episode_left_censored|price_episode_observed_proxy|price_episode_uses_dedicated_historical_interpretation|retrospective_historical_interpretation|supplier_adjusted_monthly_fee_held_flat|supplier_adjusted_tail_uses_comparable_forward_premium
2026-07-22,ydi2at-alajarven-sahko-oy-yleissahko,5000,changed,open_ended,open_ended,529,632.5588269489247,hold_current_supplier_price,supplier_adjusted_forward_premium,,canonical_omitted_no_covering_source_observation|historical_episode_id_6383|historical_evidence_grade_exact_components_first_immutable_text_backcast|historical_exact_contract_only|historical_household_statistics_scope_assumed|historical_interpretation_completed_at_2026-08-08T07:00:33+00:00|historical_interpretation_id_6383|lower_confidence_energy_episode_proxy|missing_own_reference_using_comparable_premium|price_episode_left_censored|price_episode_observed_proxy|price_episode_uses_dedicated_historical_interpretation|retrospective_historical_interpretation|supplier_adjusted_monthly_fee_held_flat|supplier_adjusted_tail_uses_comparable_forward_premium
2026-07-22,ydi2at-alajarven-sahko-oy-yleissahko,18000,changed,open_ended,open_ended,1764,2136.811777016129,hold_current_supplier_price,supplier_adjusted_forward_premium,,canonical_omitted_no_covering_source_observation|historical_episode_id_6383|historical_evidence_grade_exact_components_first_immutable_text_backcast|historical_exact_contract_only|historical_household_statistics_scope_assumed|historical_interpretation_completed_at_2026-08-08T07:00:33+00:00|historical_interpretation_id_6383|lower_confidence_energy_episode_proxy|missing_own_reference_using_comparable_premium|price_episode_left_censored|price_episode_observed_proxy|price_episode_uses_dedicated_historical_interpretation|retrospective_historical_interpretation|supplier_adjusted_monthly_fee_held_flat|supplier_adjusted_tail_uses_comparable_forward_premium
2026-07-22,ymqe7v-helen-oy-perussahko,2000,changed,open_ended,open_ended,342.88,305.48095013440854,hold_current_supplier_price,supplier_adjusted_forward_premium,,calendar_gap_within_observed_price_episode|canonical_omitted_no_covering_source_observation|historical_episode_id_6414|historical_evidence_grade_exact_components_first_immutable_text_backcast|historical_exact_contract_only|historical_household_statistics_scope_assumed|historical_interpretation_completed_at_2026-08-08T07:11:22+00:00|historical_interpretation_id_6414|lower_confidence_energy_episode_proxy|missing_own_reference_using_comparable_premium|price_episode_left_censored|price_episode_observed_proxy|price_episode_uses_dedicated_historical_interpretation|retrospective_historical_interpretation|supplier_adjusted_monthly_fee_held_flat|supplier_adjusted_tail_uses_comparable_forward_premium
2026-07-22,ymqe7v-helen-oy-perussahko,5000,changed,open_ended,open_ended,749.38,655.8823753360215,hold_current_supplier_price,supplier_adjusted_forward_premium,,calendar_gap_within_observed_price_episode|canonical_omitted_no_covering_source_observation|historical_episode_id_6414|historical_evidence_grade_exact_components_first_immutable_text_backcast|historical_exact_contract_only|historical_household_statistics_scope_assumed|historical_interpretation_completed_at_2026-08-08T07:11:22+00:00|historical_interpretation_id_6414|lower_confidence_energy_episode_proxy|missing_own_reference_using_comparable_premium|price_episode_left_censored|price_episode_observed_proxy|price_episode_uses_dedicated_historical_interpretation|retrospective_historical_interpretation|supplier_adjusted_monthly_fee_held_flat|supplier_adjusted_tail_uses_comparable_forward_premium
2026-07-22,ymqe7v-helen-oy-perussahko,18000,changed,open_ended,open_ended,2510.88,2174.288551209677,hold_current_supplier_price,supplier_adjusted_forward_premium,,calendar_gap_within_observed_price_episode|canonical_omitted_no_covering_source_observation|historical_episode_id_6414|historical_evidence_grade_exact_components_first_immutable_text_backcast|historical_exact_contract_only|historical_household_statistics_scope_assumed|historical_interpretation_completed_at_2026-08-08T07:11:22+00:00|historical_interpretation_id_6414|lower_confidence_energy_episode_proxy|missing_own_reference_using_comparable_premium|price_episode_left_censored|price_episode_observed_proxy|price_episode_uses_dedicated_historical_interpretation|retrospective_historical_interpretation|supplier_adjusted_monthly_fee_held_flat|supplier_adjusted_tail_uses_comparable_forward_premium
2026-07-22,zsxqiy-oomi-oy-toimitusvelvollinen-sahko,2000,changed,open_ended,open_ended,407.32,284.5108209677419,hold_current_supplier_price,supplier_adjusted_forward_premium,,calendar_gap_within_observed_price_episode|canonical_omitted_no_covering_source_observation|historical_episode_id_6511|historical_evidence_grade_exact_components_first_immutable_text_backcast|historical_exact_contract_only|historical_household_statistics_scope_assumed|historical_interpretation_completed_at_2026-08-08T07:41:23+00:00|historical_interpretation_id_6511|lower_confidence_energy_episode_proxy|missing_own_reference_using_comparable_premium|price_episode_left_censored|price_episode_observed_proxy|price_episode_uses_dedicated_historical_interpretation|retrospective_historical_interpretation|supplier_adjusted_monthly_fee_held_flat|supplier_adjusted_tail_uses_comparable_forward_premium
2026-07-22,zsxqiy-oomi-oy-toimitusvelvollinen-sahko,5000,changed,open_ended,open_ended,929.02,621.9970524193548,hold_current_supplier_price,supplier_adjusted_forward_premium,,calendar_gap_within_observed_price_episode|canonical_omitted_no_covering_source_observation|historical_episode_id_6511|historical_evidence_grade_exact_components_first_immutable_text_backcast|historical_exact_contract_only|historical_household_statistics_scope_assumed|historical_interpretation_completed_at_2026-08-08T07:41:23+00:00|historical_interpretation_id_6511|lower_confidence_energy_episode_proxy|missing_own_reference_using_comparable_premium|price_episode_left_censored|price_episode_observed_proxy|price_episode_uses_dedicated_historical_interpretation|retrospective_historical_interpretation|supplier_adjusted_monthly_fee_held_flat|supplier_adjusted_tail_uses_comparable_forward_premium
2026-07-22,zsxqiy-oomi-oy-toimitusvelvollinen-sahko,18000,changed,open_ended,open_ended,3189.72,2084.437388709677,hold_current_supplier_price,supplier_adjusted_forward_premium,,calendar_gap_within_observed_price_episode|canonical_omitted_no_covering_source_observation|historical_episode_id_6511|historical_evidence_grade_exact_components_first_immutable_text_backcast|historical_exact_contract_only|historical_household_statistics_scope_assumed|historical_interpretation_completed_at_2026-08-08T07:41:23+00:00|historical_interpretation_id_6511|lower_confidence_energy_episode_proxy|missing_own_reference_using_comparable_premium|price_episode_left_censored|price_episode_observed_proxy|price_episode_uses_dedicated_historical_interpretation|retrospective_historical_interpretation|supplier_adjusted_monthly_fee_held_flat|supplier_adjusted_tail_uses_comparable_forward_premium
2026-07-23,0haoj3-nurmijarven-sahko-oy-porssisahko-plus,2000,changed,spot,spot,279.6685,280.05335106458836,forward_curve_spot,forward_curve_spot,,exact_source_legacy_null_observation_binding|forward_month_from_quarter_contract|historical_household_statistics_scope_assumed|partial_shape_coverage|retrospective_exact_source_interpretation|spot_forward_curve_with_rolling_365_intraday_shape
2026-07-23,0haoj3-nurmijarven-sahko-oy-porssisahko-plus,5000,changed,spot,spot,573.3512,574.3133776614708,forward_curve_spot,forward_curve_spot,,exact_source_legacy_null_observation_binding|forward_month_from_quarter_contract|historical_household_statistics_scope_assumed|partial_shape_coverage|retrospective_exact_source_interpretation|spot_forward_curve_with_rolling_365_intraday_shape
2026-07-23,0haoj3-nurmijarven-sahko-oy-porssisahko-plus,18000,changed,spot,spot,1845.9764,1849.4401595812951,forward_curve_spot,forward_curve_spot,,exact_source_legacy_null_observation_binding|forward_month_from_quarter_contract|historical_household_statistics_scope_assumed|partial_shape_coverage|retrospective_exact_source_interpretation|spot_forward_curve_with_rolling_365_intraday_shape
2026-07-23,0lpjxi-parikkalan-valo-oy-spot-valo,2000,changed,spot,spot,250.3885,250.77335106458833,forward_curve_spot,forward_curve_spot,,canonical_interpretation_rejected_by_exact_target_validation|exact_source_legacy_null_observation_binding|forward_month_from_quarter_contract|historical_household_statistics_scope_assumed|partial_shape_coverage|retrospective_exact_source_interpretation|spot_forward_curve_with_rolling_365_intraday_shape
2026-07-23,0lpjxi-parikkalan-valo-oy-spot-valo,5000,changed,spot,spot,542.2712,543.2333776614709,forward_curve_spot,forward_curve_spot,,canonical_interpretation_rejected_by_exact_target_validation|exact_source_legacy_null_observation_binding|forward_month_from_quarter_contract|historical_household_statistics_scope_assumed|partial_shape_coverage|retrospective_exact_source_interpretation|spot_forward_curve_with_rolling_365_intraday_shape
2026-07-23,0lpjxi-parikkalan-valo-oy-spot-valo,18000,changed,spot,spot,1807.0964,1810.560159581295,forward_curve_spot,forward_curve_spot,,canonical_interpretation_rejected_by_exact_target_validation|exact_source_legacy_null_observation_binding|forward_month_from_quarter_contract|historical_household_statistics_scope_assumed|partial_shape_coverage|retrospective_exact_source_interpretation|spot_forward_curve_with_rolling_365_intraday_shape
2026-07-23,0rnxeb-imatran-seudun-sahko-oy-voima-joustava-6-kk,2000,changed,hybrid,hybrid,318.6,318.6,none,hybrid_base_only,,exact_source_legacy_null_observation_binding|excludes_consumption_effect|historical_household_statistics_scope_assumed|retrospective_exact_source_interpretation|term_price_annualized
2026-07-23,0rnxeb-imatran-seudun-sahko-oy-voima-joustava-6-kk,5000,changed,hybrid,hybrid,690.3,690.3000000000002,none,hybrid_base_only,,exact_source_legacy_null_observation_binding|excludes_consumption_effect|historical_household_statistics_scope_assumed|retrospective_exact_source_interpretation|term_price_annualized
2026-07-23,0rnxeb-imatran-seudun-sahko-oy-voima-joustava-6-kk,18000,changed,hybrid,hybrid,2301,2301,none,hybrid_base_only,,exact_source_legacy_null_observation_binding|excludes_consumption_effect|historical_household_statistics_scope_assumed|retrospective_exact_source_interpretation|term_price_annualized
2026-07-23,0rrld3-alajarven-sahko-oy-aikasahko-12-kk,2000,changed,fixed_term_12,fixed_term_12,257.1,257.09999999999997,none,none,,exact_source_legacy_null_observation_binding|historical_household_statistics_scope_assumed|retrospective_exact_source_interpretation
2026-07-23,0rrld3-alajarven-sahko-oy-aikasahko-12-kk,5000,changed,fixed_term_12,fixed_term_12,561.75,561.75,none,none,,exact_source_legacy_null_observation_binding|historical_household_statistics_scope_assumed|retrospective_exact_source_interpretation
2026-07-23,0rrld3-alajarven-sahko-oy-aikasahko-12-kk,18000,changed,fixed_term_12,fixed_term_12,1881.9,1881.9,none,none,,exact_source_legacy_null_observation_binding|historical_household_statistics_scope_assumed|retrospective_exact_source_interpretation
2026-07-23,1eh6re-vaasan-sahko-myynti-oy-perussahko-yleissahko,2000,changed,quarterly,quarterly,216.8,266.4469565860215,none,recurring_forward_curve_shift,,canonical_interpretation_rejected_by_exact_target_validation|exact_source_legacy_null_observation_binding|forward_month_from_quarter_contract|historical_household_statistics_scope_assumed|historical_temporal_source_validation_unavailable|reset_tail_shifted_on_forward_curve|retrospective_exact_source_interpretation
2026-07-23,1eh6re-vaasan-sahko-myynti-oy-perussahko-yleissahko,5000,changed,quarterly,quarterly,453.8,577.9173914650537,none,recurring_forward_curve_shift,,canonical_interpretation_rejected_by_exact_target_validation|exact_source_legacy_null_observation_binding|forward_month_from_quarter_contract|historical_household_statistics_scope_assumed|historical_temporal_source_validation_unavailable|reset_tail_shifted_on_forward_curve|retrospective_exact_source_interpretation
2026-07-23,1eh6re-vaasan-sahko-myynti-oy-perussahko-yleissahko,18000,changed,quarterly,quarterly,1480.8,1927.622609274193,none,recurring_forward_curve_shift,,canonical_interpretation_rejected_by_exact_target_validation|exact_source_legacy_null_observation_binding|forward_month_from_quarter_contract|historical_household_statistics_scope_assumed|historical_temporal_source_validation_unavailable|reset_tail_shifted_on_forward_curve|retrospective_exact_source_interpretation
2026-07-23,1ucmby-cheap-energy-finland-oy-cheap-kvartaalisahko,2000,new,,quarterly,,203.69999999999993,,none,,canonical_interpretation_rejected_by_exact_target_validation|canonical_omitted_no_valid_interpretation_as_of_date|historical_temporal_source_validation_unavailable|observed_relational_uniform_monthly_consumption|relational_open_ended_no_proven_historical_adjustment_mechanism
2026-07-23,1ucmby-cheap-energy-finland-oy-cheap-kvartaalisahko,5000,new,,quarterly,,428.4000000000001,,none,,canonical_interpretation_rejected_by_exact_target_validation|canonical_omitted_no_valid_interpretation_as_of_date|historical_temporal_source_validation_unavailable|observed_relational_uniform_monthly_consumption|relational_open_ended_no_proven_historical_adjustment_mechanism
2026-07-23,1ucmby-cheap-energy-finland-oy-cheap-kvartaalisahko,18000,new,,quarterly,,1402.1,,none,,canonical_interpretation_rejected_by_exact_target_validation|canonical_omitted_no_valid_interpretation_as_of_date|historical_temporal_source_validation_unavailable|observed_relational_uniform_monthly_consumption|relational_open_ended_no_proven_historical_adjustment_mechanism
2026-07-23,1xpsyz-paneliankosken-voima-oy-kosken-markkinawoima,2000,changed,spot,spot,245.9885,246.37335106458832,forward_curve_spot,forward_curve_spot,,canonical_interpretation_rejected_by_exact_target_validation|exact_source_legacy_null_observation_binding|forward_month_from_quarter_contract|historical_household_statistics_scope_assumed|partial_shape_coverage|retrospective_exact_source_interpretation|spot_forward_curve_with_rolling_365_intraday_shape
2026-07-23,1xpsyz-paneliankosken-voima-oy-kosken-markkinawoima,5000,changed,spot,spot,542.9712,543.9333776614709,forward_curve_spot,forward_curve_spot,,canonical_interpretation_rejected_by_exact_target_validation|exact_source_legacy_null_observation_binding|forward_month_from_quarter_contract|historical_household_statistics_scope_assumed|partial_shape_coverage|retrospective_exact_source_interpretation|spot_forward_curve_with_rolling_365_intraday_shape
2026-07-23,1xpsyz-paneliankosken-voima-oy-kosken-markkinawoima,18000,changed,spot,spot,1829.8964,1833.3601595812952,forward_curve_spot,forward_curve_spot,,canonical_interpretation_rejected_by_exact_target_validation|exact_source_legacy_null_observation_binding|forward_month_from_quarter_contract|historical_household_statistics_scope_assumed|partial_shape_coverage|retrospective_exact_source_interpretation|spot_forward_curve_with_rolling_365_intraday_shape
2026-07-23,2wzfba-oomi-oy-oomi-vakaa,2000,changed,open_ended,open_ended,337.52,304.6274315188172,none,supplier_adjusted_forward_premium,,canonical_interpretation_rejected_by_exact_target_validation|exact_source_legacy_null_observation_binding|historical_exact_contract_only|historical_household_statistics_scope_assumed|historical_temporal_source_validation_unavailable|lower_confidence_energy_episode_proxy|missing_own_reference_using_comparable_premium|price_episode_left_censored|price_episode_observed_proxy|price_episode_uses_dedicated_historical_interpretation|price_episode_uses_retrospective_exact_source_interpretation|retrospective_exact_source_interpretation|supplier_adjusted_monthly_fee_held_flat|supplier_adjusted_tail_uses_comparable_forward_premium
2026-07-23,2wzfba-oomi-oy-oomi-vakaa,5000,changed,open_ended,open_ended,754.52,672.288578797043,none,supplier_adjusted_forward_premium,,canonical_interpretation_rejected_by_exact_target_validation|exact_source_legacy_null_observation_binding|historical_exact_contract_only|historical_household_statistics_scope_assumed|historical_temporal_source_validation_unavailable|lower_confidence_energy_episode_proxy|missing_own_reference_using_comparable_premium|price_episode_left_censored|price_episode_observed_proxy|price_episode_uses_dedicated_historical_interpretation|price_episode_uses_retrospective_exact_source_interpretation|retrospective_exact_source_interpretation|supplier_adjusted_monthly_fee_held_flat|supplier_adjusted_tail_uses_comparable_forward_premium
2026-07-23,2wzfba-oomi-oy-oomi-vakaa,18000,changed,open_ended,open_ended,2561.52,2265.486883669355,none,supplier_adjusted_forward_premium,,canonical_interpretation_rejected_by_exact_target_validation|exact_source_legacy_null_observation_binding|historical_exact_contract_only|historical_household_statistics_scope_assumed|historical_temporal_source_validation_unavailable|lower_confidence_energy_episode_proxy|missing_own_reference_using_comparable_premium|price_episode_left_censored|price_episode_observed_proxy|price_episode_uses_dedicated_historical_interpretation|price_episode_uses_retrospective_exact_source_interpretation|retrospective_exact_source_interpretation|supplier_adjusted_monthly_fee_held_flat|supplier_adjusted_tail_uses_comparable_forward_premium
2026-07-23,31vqfj-pohjois-karjalan-sahko-oy-optimi-takuu-12-kuukautta,2000,changed,fixed_term_12,fixed_term_12,274.14,274.14,none,none,,exact_source_legacy_null_observation_binding|historical_household_statistics_scope_assumed|retrospective_exact_source_interpretation
2026-07-23,31vqfj-pohjois-karjalan-sahko-oy-optimi-takuu-12-kuukautta,5000,changed,fixed_term_12,fixed_term_12,603.27,603.27,none,none,,exact_source_legacy_null_observation_binding|historical_household_statistics_scope_assumed|retrospective_exact_source_interpretation
2026-07-23,31vqfj-pohjois-karjalan-sahko-oy-optimi-takuu-12-kuukautta,18000,changed,fixed_term_12,fixed_term_12,2029.5,2029.4999999999995,none,none,,exact_source_legacy_null_observation_binding|historical_household_statistics_scope_assumed|retrospective_exact_source_interpretation
2026-07-23,35idqf-vattenfall-oy-taysvesi-24-kk,2000,lost,fixed_term_24,fixed_term_24,235.2,,none,none,canonical_outcome_not_listed,canonical_interpretation_rejected_by_exact_target_validation|exact_source_legacy_null_observation_binding|historical_household_statistics_scope_assumed|retrospective_exact_source_interpretation
2026-07-23,35idqf-vattenfall-oy-taysvesi-24-kk,5000,lost,fixed_term_24,fixed_term_24,516.9,,none,none,canonical_outcome_not_listed,canonical_interpretation_rejected_by_exact_target_validation|exact_source_legacy_null_observation_binding|historical_household_statistics_scope_assumed|retrospective_exact_source_interpretation
2026-07-23,35idqf-vattenfall-oy-taysvesi-24-kk,18000,lost,fixed_term_24,fixed_term_24,1737.6,,none,none,canonical_outcome_not_listed,canonical_interpretation_rejected_by_exact_target_validation|exact_source_legacy_null_observation_binding|historical_household_statistics_scope_assumed|retrospective_exact_source_interpretation
2026-07-23,3bdzoe-paneliankosken-voima-oy-kosken-kayttowoima-12-kk-kulutusjousto,2000,lost,hybrid,hybrid,233,,none,none,canonical_outcome_not_listed,exact_source_legacy_null_observation_binding|historical_household_statistics_scope_assumed|retrospective_exact_source_interpretation
2026-07-23,3bdzoe-paneliankosken-voima-oy-kosken-kayttowoima-12-kk-kulutusjousto,5000,lost,hybrid,hybrid,510.5,,none,none,canonical_outcome_not_listed,exact_source_legacy_null_observation_binding|historical_household_statistics_scope_assumed|retrospective_exact_source_interpretation
2026-07-23,3bdzoe-paneliankosken-voima-oy-kosken-kayttowoima-12-kk-kulutusjousto,18000,lost,hybrid,hybrid,1713,,none,none,canonical_outcome_not_listed,exact_source_legacy_null_observation_binding|historical_household_statistics_scope_assumed|retrospective_exact_source_interpretation
2026-07-23,3gqxn1-vaasan-sahko-myynti-oy-kiintea-12-kk-yosahko,2000,changed,fixed_term_12,fixed_term_12,277.1,277.1,none,none,,exact_source_legacy_null_observation_binding|historical_household_statistics_scope_assumed|retrospective_exact_source_interpretation
2026-07-23,3gqxn1-vaasan-sahko-myynti-oy-kiintea-12-kk-yosahko,5000,changed,fixed_term_12,fixed_term_12,604.25,604.25,none,none,,exact_source_legacy_null_observation_binding|historical_household_statistics_scope_assumed|retrospective_exact_source_interpretation
2026-07-23,3gqxn1-vaasan-sahko-myynti-oy-kiintea-12-kk-yosahko,18000,changed,fixed_term_12,fixed_term_12,2021.9,2021.8999999999996,none,none,,exact_source_legacy_null_observation_binding|historical_household_statistics_scope_assumed|retrospective_exact_source_interpretation
2026-07-23,3sivst-helen-oy-helpposahko-s,2000,changed,open_ended,open_ended,334.8,334.79999999999995,none,none,,canonical_interpretation_rejected_by_exact_target_validation|exact_source_legacy_null_observation_binding|historical_household_statistics_scope_assumed|retrospective_exact_source_interpretation
2026-07-23,408nd7-imatran-seudun-sahko-oy-ajantasa-kampanja-4-ensimmaista-kk-ilman-perusmaksua,2000,changed,spot,spot,236.7885,237.1733510645883,forward_curve_spot,forward_curve_spot,,exact_source_legacy_null_observation_binding|forward_month_from_quarter_contract|historical_household_statistics_scope_assumed|partial_shape_coverage|retrospective_exact_source_interpretation|spot_forward_curve_with_rolling_365_intraday_shape
2026-07-23,408nd7-imatran-seudun-sahko-oy-ajantasa-kampanja-4-ensimmaista-kk-ilman-perusmaksua,5000,changed,spot,spot,533.1712,534.133377661471,forward_curve_spot,forward_curve_spot,,exact_source_legacy_null_observation_binding|forward_month_from_quarter_contract|historical_household_statistics_scope_assumed|partial_shape_coverage|retrospective_exact_source_interpretation|spot_forward_curve_with_rolling_365_intraday_shape
2026-07-23,408nd7-imatran-seudun-sahko-oy-ajantasa-kampanja-4-ensimmaista-kk-ilman-perusmaksua,18000,changed,spot,spot,1817.4964,1820.960159581295,forward_curve_spot,forward_curve_spot,,exact_source_legacy_null_observation_binding|forward_month_from_quarter_contract|historical_household_statistics_scope_assumed|partial_shape_coverage|retrospective_exact_source_interpretation|spot_forward_curve_with_rolling_365_intraday_shape
2026-07-23,4w4snx-omavoima-oy-oma-12kk-yleis,2000,changed,fixed_term_12,fixed_term_12,261.4,261.4,none,none,,exact_source_legacy_null_observation_binding|historical_household_statistics_scope_assumed|retrospective_exact_source_interpretation
2026-07-23,4w4snx-omavoima-oy-oma-12kk-yleis,5000,changed,fixed_term_12,fixed_term_12,563.5,563.5,none,none,,exact_source_legacy_null_observation_binding|historical_household_statistics_scope_assumed|retrospective_exact_source_interpretation
2026-07-23,4w4snx-omavoima-oy-oma-12kk-yleis,18000,changed,fixed_term_12,fixed_term_12,1872.6,1872.6,none,none,,exact_source_legacy_null_observation_binding|historical_household_statistics_scope_assumed|retrospective_exact_source_interpretation
2026-07-23,4yalza-lumme-energia-vuosisahko-12-kk-hinta-joka-ei-heilu,2000,changed,fixed_term_12,fixed_term_12,282.6,282.5999999999999,none,none,,exact_source_legacy_null_observation_binding|historical_household_statistics_scope_assumed|retrospective_exact_source_interpretation
2026-07-23,4yalza-lumme-energia-vuosisahko-12-kk-hinta-joka-ei-heilu,5000,changed,fixed_term_12,fixed_term_12,600.3,600.3000000000001,none,none,,exact_source_legacy_null_observation_binding|historical_household_statistics_scope_assumed|retrospective_exact_source_interpretation
2026-07-23,4yalza-lumme-energia-vuosisahko-12-kk-hinta-joka-ei-heilu,18000,changed,fixed_term_12,fixed_term_12,1977,1977,none,none,,exact_source_legacy_null_observation_binding|historical_household_statistics_scope_assumed|retrospective_exact_source_interpretation
2026-07-23,5avbab-hehku-energia-oy-hehku-kiintea-24-kk-0-kuukausimaksu-ensimmaiset-3-kk,2000,changed,fixed_term_24,fixed_term_24,231.7,231.7,none,none,,exact_source_legacy_null_observation_binding|historical_household_statistics_scope_assumed|retrospective_exact_source_interpretation
2026-07-23,5avbab-hehku-energia-oy-hehku-kiintea-24-kk-0-kuukausimaksu-ensimmaiset-3-kk,5000,changed,fixed_term_24,fixed_term_24,513.1,513.1000000000001,none,none,,exact_source_legacy_null_observation_binding|historical_household_statistics_scope_assumed|retrospective_exact_source_interpretation
2026-07-23,5avbab-hehku-energia-oy-hehku-kiintea-24-kk-0-kuukausimaksu-ensimmaiset-3-kk,18000,changed,fixed_term_24,fixed_term_24,1732.5,1732.5000000000002,none,none,,exact_source_legacy_null_observation_binding|historical_household_statistics_scope_assumed|retrospective_exact_source_interpretation
2026-07-23,5chenx-nurmijarven-sahko-oy-kausisahko-1-vuotta,2000,changed,fixed_term_12,fixed_term_12,278.0175,278.0174999999999,none,none,,exact_source_legacy_null_observation_binding|historical_household_statistics_scope_assumed|retrospective_exact_source_interpretation
2026-07-23,5chenx-nurmijarven-sahko-oy-kausisahko-1-vuotta,5000,changed,fixed_term_12,fixed_term_12,594.4238,594.42375,none,none,,exact_source_legacy_null_observation_binding|historical_household_statistics_scope_assumed|retrospective_exact_source_interpretation
2026-07-23,5chenx-nurmijarven-sahko-oy-kausisahko-1-vuotta,18000,changed,fixed_term_12,fixed_term_12,1965.5175,1965.5175000000004,none,none,,exact_source_legacy_null_observation_binding|historical_household_statistics_scope_assumed|retrospective_exact_source_interpretation
2026-07-23,5fkl0x-vaasan-sahko-myynti-oy-porssisahko-tuuli,2000,changed,spot,spot,265.5885,265.97335106458826,forward_curve_spot,forward_curve_spot,,exact_source_legacy_null_observation_binding|forward_month_from_quarter_contract|historical_household_statistics_scope_assumed|partial_shape_coverage|retrospective_exact_source_interpretation|spot_forward_curve_with_rolling_365_intraday_shape
2026-07-23,5fkl0x-vaasan-sahko-myynti-oy-porssisahko-tuuli,5000,changed,spot,spot,575.7712,576.7333776614709,forward_curve_spot,forward_curve_spot,,exact_source_legacy_null_observation_binding|forward_month_from_quarter_contract|historical_household_statistics_scope_assumed|partial_shape_coverage|retrospective_exact_source_interpretation|spot_forward_curve_with_rolling_365_intraday_shape
2026-07-23,5fkl0x-vaasan-sahko-myynti-oy-porssisahko-tuuli,18000,changed,spot,spot,1919.8964,1923.360159581295,forward_curve_spot,forward_curve_spot,,exact_source_legacy_null_observation_binding|forward_month_from_quarter_contract|historical_household_statistics_scope_assumed|partial_shape_coverage|retrospective_exact_source_interpretation|spot_forward_curve_with_rolling_365_intraday_shape
2026-07-23,5me61f-paneliankosken-voima-oy-kosken-kayttowoima-24-kk-kulutusjousto,2000,changed,hybrid,hybrid,222,222,none,hybrid_base_only,,exact_source_legacy_null_observation_binding|excludes_consumption_effect|historical_household_statistics_scope_assumed|retrospective_exact_source_interpretation
2026-07-23,5me61f-paneliankosken-voima-oy-kosken-kayttowoima-24-kk-kulutusjousto,5000,changed,hybrid,hybrid,483,483,none,hybrid_base_only,,exact_source_legacy_null_observation_binding|excludes_consumption_effect|historical_household_statistics_scope_assumed|retrospective_exact_source_interpretation
2026-07-23,5me61f-paneliankosken-voima-oy-kosken-kayttowoima-24-kk-kulutusjousto,18000,changed,hybrid,hybrid,1614,1614,none,hybrid_base_only,,exact_source_legacy_null_observation_binding|excludes_consumption_effect|historical_household_statistics_scope_assumed|retrospective_exact_source_interpretation
2026-07-23,5s5r2e-hehku-energia-oy-hehku-hiilivapaa-12-kk-0-kuukausimaksu-ensimmaiset-3-kk,2000,changed,fixed_term_12,fixed_term_12,249.9,249.89999999999992,none,none,,exact_source_legacy_null_observation_binding|historical_household_statistics_scope_assumed|retrospective_exact_source_interpretation
2026-07-23,5s5r2e-hehku-energia-oy-hehku-hiilivapaa-12-kk-0-kuukausimaksu-ensimmaiset-3-kk,5000,changed,fixed_term_12,fixed_term_12,558.6,558.6,none,none,,exact_source_legacy_null_observation_binding|historical_household_statistics_scope_assumed|retrospective_exact_source_interpretation
2026-07-23,5s5r2e-hehku-energia-oy-hehku-hiilivapaa-12-kk-0-kuukausimaksu-ensimmaiset-3-kk,18000,changed,fixed_term_12,fixed_term_12,1896.3,1896.2999999999997,none,none,,exact_source_legacy_null_observation_binding|historical_household_statistics_scope_assumed|retrospective_exact_source_interpretation
2026-07-23,5tgtrl-lammaisten-energia-oy-iisi-helpposahko-aikasahko-24-kk,2000,changed,fixed_term_24,fixed_term_24,254,254,none,none,,exact_source_legacy_null_observation_binding|historical_household_statistics_scope_assumed|retrospective_exact_source_interpretation
2026-07-23,5tgtrl-lammaisten-energia-oy-iisi-helpposahko-aikasahko-24-kk,5000,changed,fixed_term_24,fixed_term_24,553.1,553.1000000000001,none,none,,exact_source_legacy_null_observation_binding|historical_household_statistics_scope_assumed|retrospective_exact_source_interpretation
2026-07-23,5tgtrl-lammaisten-energia-oy-iisi-helpposahko-aikasahko-24-kk,18000,changed,fixed_term_24,fixed_term_24,1849.2,1849.2000000000003,none,none,,exact_source_legacy_null_observation_binding|historical_household_statistics_scope_assumed|retrospective_exact_source_interpretation
2026-07-23,5x48mf-fortum-markets-oy-fortum-tarkka,2000,changed,spot,spot,271.6685,272.05335106458824,forward_curve_spot,forward_curve_spot,,exact_source_legacy_null_observation_binding|forward_month_from_quarter_contract|historical_household_statistics_scope_assumed|partial_shape_coverage|retrospective_exact_source_interpretation|spot_forward_curve_with_rolling_365_intraday_shape
2026-07-23,5x48mf-fortum-markets-oy-fortum-tarkka,5000,changed,spot,spot,571.3512,572.3133776614709,forward_curve_spot,forward_curve_spot,,exact_source_legacy_null_observation_binding|forward_month_from_quarter_contract|historical_household_statistics_scope_assumed|partial_shape_coverage|retrospective_exact_source_interpretation|spot_forward_curve_with_rolling_365_intraday_shape
2026-07-23,5x48mf-fortum-markets-oy-fortum-tarkka,18000,changed,spot,spot,1869.9764,1873.440159581295,forward_curve_spot,forward_curve_spot,,exact_source_legacy_null_observation_binding|forward_month_from_quarter_contract|historical_household_statistics_scope_assumed|partial_shape_coverage|retrospective_exact_source_interpretation|spot_forward_curve_with_rolling_365_intraday_shape
2026-07-23,68g91h-keuruun-sahko-oy-yosahko,2000,changed,open_ended,open_ended,286.89,290.1819204301075,none,supplier_adjusted_forward_premium,,calendar_gap_within_observed_price_episode|canonical_interpretation_rejected_by_exact_target_validation|exact_source_legacy_null_observation_binding|historical_exact_contract_only|historical_household_statistics_scope_assumed|lower_confidence_energy_episode_proxy|missing_own_reference_using_comparable_premium|price_episode_left_censored|price_episode_observed_proxy|price_episode_uses_dedicated_historical_interpretation|price_episode_uses_retrospective_exact_source_interpretation|retrospective_exact_source_interpretation|supplier_adjusted_monthly_fee_held_flat|supplier_adjusted_tail_uses_comparable_forward_premium
2026-07-23,68g91h-keuruun-sahko-oy-yosahko,5000,changed,open_ended,open_ended,635.325,643.5548010752688,none,supplier_adjusted_forward_premium,,calendar_gap_within_observed_price_episode|canonical_interpretation_rejected_by_exact_target_validation|exact_source_legacy_null_observation_binding|historical_exact_contract_only|historical_household_statistics_scope_assumed|lower_confidence_energy_episode_proxy|missing_own_reference_using_comparable_premium|price_episode_left_censored|price_episode_observed_proxy|price_episode_uses_dedicated_historical_interpretation|price_episode_uses_retrospective_exact_source_interpretation|retrospective_exact_source_interpretation|supplier_adjusted_monthly_fee_held_flat|supplier_adjusted_tail_uses_comparable_forward_premium
2026-07-23,68g91h-keuruun-sahko-oy-yosahko,18000,changed,open_ended,open_ended,2145.21,2174.837283870967,none,supplier_adjusted_forward_premium,,calendar_gap_within_observed_price_episode|canonical_interpretation_rejected_by_exact_target_validation|exact_source_legacy_null_observation_binding|historical_exact_contract_only|historical_household_statistics_scope_assumed|lower_confidence_energy_episode_proxy|missing_own_reference_using_comparable_premium|price_episode_left_censored|price_episode_observed_proxy|price_episode_uses_dedicated_historical_interpretation|price_episode_uses_retrospective_exact_source_interpretation|retrospective_exact_source_interpretation|supplier_adjusted_monthly_fee_held_flat|supplier_adjusted_tail_uses_comparable_forward_premium
2026-07-23,6bkvu5-korpelan-energia-oy-korpela-kesto-kiintea-12-kk,2000,changed,fixed_term_12,fixed_term_12,249,249,none,none,,exact_source_legacy_null_observation_binding|historical_household_statistics_scope_assumed|retrospective_exact_source_interpretation
2026-07-23,6bkvu5-korpelan-energia-oy-korpela-kesto-kiintea-12-kk,5000,changed,fixed_term_12,fixed_term_12,541.5,541.5,none,none,,exact_source_legacy_null_observation_binding|historical_household_statistics_scope_assumed|retrospective_exact_source_interpretation
2026-07-23,6bkvu5-korpelan-energia-oy-korpela-kesto-kiintea-12-kk,18000,changed,fixed_term_12,fixed_term_12,1809,1809,none,none,,exact_source_legacy_null_observation_binding|historical_household_statistics_scope_assumed|retrospective_exact_source_interpretation
2026-07-23,6e4ly6-kokkolan-energia-oy-tyyni,2000,changed,open_ended,open_ended,229.0762,129.96,recurring_forward_curve_shift,none,,canonical_interpretation_rejected_by_exact_target_validation|canonical_omitted_no_valid_interpretation_as_of_date|historical_temporal_source_validation_unavailable|observed_relational_uniform_monthly_consumption|relational_open_ended_no_proven_historical_adjustment_mechanism
2026-07-23,6e4ly6-kokkolan-energia-oy-tyyni,5000,changed,open_ended,open_ended,527.1505,279.36000000000007,recurring_forward_curve_shift,none,,canonical_interpretation_rejected_by_exact_target_validation|canonical_omitted_no_valid_interpretation_as_of_date|historical_temporal_source_validation_unavailable|observed_relational_uniform_monthly_consumption|relational_open_ended_no_proven_historical_adjustment_mechanism
2026-07-23,6e4ly6-kokkolan-energia-oy-tyyni,18000,changed,open_ended,open_ended,1818.8059,926.7600000000001,recurring_forward_curve_shift,none,,canonical_interpretation_rejected_by_exact_target_validation|canonical_omitted_no_valid_interpretation_as_of_date|historical_temporal_source_validation_unavailable|observed_relational_uniform_monthly_consumption|relational_open_ended_no_proven_historical_adjustment_mechanism
2026-07-23,6jrged-vaasan-sahko-myynti-oy-kiintea-12-kk-yleissahko,2000,changed,fixed_term_12,fixed_term_12,268.6,268.6,none,none,,exact_source_legacy_null_observation_binding|historical_household_statistics_scope_assumed|retrospective_exact_source_interpretation
2026-07-23,6jrged-vaasan-sahko-myynti-oy-kiintea-12-kk-yleissahko,5000,changed,fixed_term_12,fixed_term_12,583,583,none,none,,exact_source_legacy_null_observation_binding|historical_household_statistics_scope_assumed|retrospective_exact_source_interpretation
2026-07-23,6jrged-vaasan-sahko-myynti-oy-kiintea-12-kk-yleissahko,18000,changed,fixed_term_12,fixed_term_12,1945.4,1945.3999999999996,none,none,,exact_source_legacy_null_observation_binding|historical_household_statistics_scope_assumed|retrospective_exact_source_interpretation
2026-07-23,7uiigw-vattenfall-oy-ilmasto-mix-12-kk-perusmaksut-0-ensimmaiset-3-kk,2000,changed,fixed_term_12,fixed_term_12,269.35,269.35,none,none,,exact_source_legacy_null_observation_binding|historical_household_statistics_scope_assumed|retrospective_exact_source_interpretation
2026-07-23,7uiigw-vattenfall-oy-ilmasto-mix-12-kk-perusmaksut-0-ensimmaiset-3-kk,5000,changed,fixed_term_12,fixed_term_12,593.05,593.05,none,none,,exact_source_legacy_null_observation_binding|historical_household_statistics_scope_assumed|retrospective_exact_source_interpretation
2026-07-23,7uiigw-vattenfall-oy-ilmasto-mix-12-kk-perusmaksut-0-ensimmaiset-3-kk,18000,changed,fixed_term_12,fixed_term_12,1995.75,1995.7499999999998,none,none,,exact_source_legacy_null_observation_binding|historical_household_statistics_scope_assumed|retrospective_exact_source_interpretation
2026-07-23,7wccxi-korpelan-energia-oy-korpela-kesto-24-kk,2000,changed,hybrid,hybrid,225,225,none,hybrid_base_only,,exact_source_legacy_null_observation_binding|excludes_consumption_effect|historical_household_statistics_scope_assumed|retrospective_exact_source_interpretation
2026-07-23,7wccxi-korpelan-energia-oy-korpela-kesto-24-kk,5000,changed,hybrid,hybrid,481.5,481.50000000000006,none,hybrid_base_only,,exact_source_legacy_null_observation_binding|excludes_consumption_effect|historical_household_statistics_scope_assumed|retrospective_exact_source_interpretation
2026-07-23,7wccxi-korpelan-energia-oy-korpela-kesto-24-kk,18000,changed,hybrid,hybrid,1593,1593,none,hybrid_base_only,,exact_source_legacy_null_observation_binding|excludes_consumption_effect|historical_household_statistics_scope_assumed|retrospective_exact_source_interpretation
2026-07-23,83t7i7-pohjois-karjalan-sahko-oy-optimi-kuukausi,2000,changed,open_ended,open_ended,198.72,293.53153897849455,none,recurring_forward_curve_shift,,exact_source_legacy_null_observation_binding|forward_month_from_quarter_contract|historical_household_statistics_scope_assumed|reset_tail_shifted_on_forward_curve|retrospective_exact_source_interpretation|unknown_periods_use_latest_applicable_price_or_disclosed_normal
2026-07-23,83t7i7-pohjois-karjalan-sahko-oy-optimi-kuukausi,5000,changed,open_ended,open_ended,414.72,651.7488474462365,none,recurring_forward_curve_shift,,exact_source_legacy_null_observation_binding|forward_month_from_quarter_contract|historical_household_statistics_scope_assumed|reset_tail_shifted_on_forward_curve|retrospective_exact_source_interpretation|unknown_periods_use_latest_applicable_price_or_disclosed_normal
2026-07-23,83t7i7-pohjois-karjalan-sahko-oy-optimi-kuukausi,18000,changed,open_ended,open_ended,1350.72,2204.0238508064513,none,recurring_forward_curve_shift,,exact_source_legacy_null_observation_binding|forward_month_from_quarter_contract|historical_household_statistics_scope_assumed|reset_tail_shifted_on_forward_curve|retrospective_exact_source_interpretation|unknown_periods_use_latest_applicable_price_or_disclosed_normal
2026-07-23,8gd02q-nurmijarven-sahko-oy-aikasahko-2-vuotta,2000,changed,fixed_term_24,fixed_term_24,302.13,302.13,none,none,,exact_source_legacy_null_observation_binding|historical_household_statistics_scope_assumed|retrospective_exact_source_interpretation
2026-07-23,8gd02q-nurmijarven-sahko-oy-aikasahko-2-vuotta,5000,changed,fixed_term_24,fixed_term_24,654.705,654.705,none,none,,exact_source_legacy_null_observation_binding|historical_household_statistics_scope_assumed|retrospective_exact_source_interpretation
2026-07-23,8gd02q-nurmijarven-sahko-oy-aikasahko-2-vuotta,18000,changed,fixed_term_24,fixed_term_24,2182.53,2182.5299999999997,none,none,,exact_source_legacy_null_observation_binding|historical_household_statistics_scope_assumed|retrospective_exact_source_interpretation
2026-07-23,8lw2cg-turku-energia-oy-louna-helppo-l,2000,lost,open_ended,open_ended,597.4,,none,none,canonical_outcome_not_listed,canonical_interpretation_rejected_by_exact_target_validation|exact_source_legacy_null_observation_binding|historical_household_statistics_scope_assumed|retrospective_exact_source_interpretation
2026-07-23,8lw2cg-turku-energia-oy-louna-helppo-l,5000,lost,open_ended,open_ended,863.5,,none,none,canonical_outcome_not_listed,canonical_interpretation_rejected_by_exact_target_validation|exact_source_legacy_null_observation_binding|historical_household_statistics_scope_assumed|retrospective_exact_source_interpretation
2026-07-23,8lw2cg-turku-energia-oy-louna-helppo-l,18000,lost,open_ended,open_ended,2016.6,,none,none,canonical_outcome_not_listed,canonical_interpretation_rejected_by_exact_target_validation|exact_source_legacy_null_observation_binding|historical_household_statistics_scope_assumed|retrospective_exact_source_interpretation
2026-07-23,8pktwg-kuoreveden-sahko-oy-porssisahko-100-uusiutuva,2000,changed,spot,spot,281.2285,281.6133510645883,forward_curve_spot,forward_curve_spot,,exact_source_legacy_null_observation_binding|forward_month_from_quarter_contract|historical_household_statistics_scope_assumed|partial_shape_coverage|retrospective_exact_source_interpretation|spot_forward_curve_with_rolling_365_intraday_shape
2026-07-23,8pktwg-kuoreveden-sahko-oy-porssisahko-100-uusiutuva,5000,changed,spot,spot,602.8112,603.7733776614709,forward_curve_spot,forward_curve_spot,,exact_source_legacy_null_observation_binding|forward_month_from_quarter_contract|historical_household_statistics_scope_assumed|partial_shape_coverage|retrospective_exact_source_interpretation|spot_forward_curve_with_rolling_365_intraday_shape
2026-07-23,8pktwg-kuoreveden-sahko-oy-porssisahko-100-uusiutuva,18000,changed,spot,spot,1996.3364,1999.8001595812952,forward_curve_spot,forward_curve_spot,,exact_source_legacy_null_observation_binding|forward_month_from_quarter_contract|historical_household_statistics_scope_assumed|partial_shape_coverage|retrospective_exact_source_interpretation|spot_forward_curve_with_rolling_365_intraday_shape
2026-07-23,8prsel-pohjois-karjalan-sahko-oy-optimi-takuu-24-kuukautta,2000,changed,fixed_term_24,fixed_term_24,251.8992,251.89916666666664,none,none,,exact_source_legacy_null_observation_binding|historical_household_statistics_scope_assumed|retrospective_exact_source_interpretation
2026-07-23,8prsel-pohjois-karjalan-sahko-oy-optimi-takuu-24-kuukautta,5000,changed,fixed_term_24,fixed_term_24,547.6679,547.6679166666668,none,none,,exact_source_legacy_null_observation_binding|historical_household_statistics_scope_assumed|retrospective_exact_source_interpretation
2026-07-23,8prsel-pohjois-karjalan-sahko-oy-optimi-takuu-24-kuukautta,18000,changed,fixed_term_24,fixed_term_24,1829.3325,1829.3325000000002,none,none,,exact_source_legacy_null_observation_binding|historical_household_statistics_scope_assumed|retrospective_exact_source_interpretation
2026-07-23,8sabq6-pohjois-karjalan-sahko-oy-optimi-takuu-6-kuukautta,2000,changed,fixed_term_6,fixed_term_6,303.2,303.19999999999993,none,term_price_annualized,,exact_source_legacy_null_observation_binding|historical_household_statistics_scope_assumed|retrospective_exact_source_interpretation|term_price_annualized
2026-07-23,8sabq6-pohjois-karjalan-sahko-oy-optimi-takuu-6-kuukautta,5000,changed,fixed_term_6,fixed_term_6,675.92,675.92,none,term_price_annualized,,exact_source_legacy_null_observation_binding|historical_household_statistics_scope_assumed|retrospective_exact_source_interpretation|term_price_annualized
2026-07-23,8sabq6-pohjois-karjalan-sahko-oy-optimi-takuu-6-kuukautta,18000,changed,fixed_term_6,fixed_term_6,2291.04,2291.04,none,term_price_annualized,,exact_source_legacy_null_observation_binding|historical_household_statistics_scope_assumed|retrospective_exact_source_interpretation|term_price_annualized
2026-07-23,8v2zuo-turku-energia-oy-louna-lahi-6kk,2000,changed,fixed_term_6,fixed_term_6,286.8,286.79999999999995,none,term_price_annualized,,exact_source_legacy_null_observation_binding|historical_household_statistics_scope_assumed|retrospective_exact_source_interpretation|term_price_annualized
2026-07-23,8v2zuo-turku-energia-oy-louna-lahi-6kk,5000,changed,fixed_term_6,fixed_term_6,628.8,628.8000000000002,none,term_price_annualized,,exact_source_legacy_null_observation_binding|historical_household_statistics_scope_assumed|retrospective_exact_source_interpretation|term_price_annualized
2026-07-23,8v2zuo-turku-energia-oy-louna-lahi-6kk,18000,changed,fixed_term_6,fixed_term_6,2110.8,2110.8,none,term_price_annualized,,exact_source_legacy_null_observation_binding|historical_household_statistics_scope_assumed|retrospective_exact_source_interpretation|term_price_annualized
2026-07-23,8wsbp6-kokkolan-energia-oy-aalto-6-kk,2000,changed,fixed_term_6,fixed_term_6,281,281,none,hybrid_base_only,,exact_source_legacy_null_observation_binding|excludes_consumption_effect|historical_household_statistics_scope_assumed|retrospective_exact_source_interpretation|term_price_annualized
2026-07-23,8wsbp6-kokkolan-energia-oy-aalto-6-kk,5000,changed,fixed_term_6,fixed_term_6,638.6,638.6000000000001,none,hybrid_base_only,,exact_source_legacy_null_observation_binding|excludes_consumption_effect|historical_household_statistics_scope_assumed|retrospective_exact_source_interpretation|term_price_annualized
2026-07-23,8wsbp6-kokkolan-energia-oy-aalto-6-kk,18000,changed,fixed_term_6,fixed_term_6,2188.2,2188.2,none,hybrid_base_only,,exact_source_legacy_null_observation_binding|excludes_consumption_effect|historical_household_statistics_scope_assumed|retrospective_exact_source_interpretation|term_price_annualized
2026-07-23,8z7km7-keravan-energia-oy-joustosahko-luonnonvoima-12-kk,2000,changed,hybrid,hybrid,269.2,269.2,none,hybrid_base_only,,exact_source_legacy_null_observation_binding|excludes_consumption_effect|historical_household_statistics_scope_assumed|retrospective_exact_source_interpretation
2026-07-23,8z7km7-keravan-energia-oy-joustosahko-luonnonvoima-12-kk,5000,changed,hybrid,hybrid,574,574,none,hybrid_base_only,,exact_source_legacy_null_observation_binding|excludes_consumption_effect|historical_household_statistics_scope_assumed|retrospective_exact_source_interpretation
2026-07-23,8z7km7-keravan-energia-oy-joustosahko-luonnonvoima-12-kk,18000,changed,hybrid,hybrid,1894.8,1894.8,none,hybrid_base_only,,exact_source_legacy_null_observation_binding|excludes_consumption_effect|historical_household_statistics_scope_assumed|retrospective_exact_source_interpretation
2026-07-23,9rfo6y-nurmijarven-sahko-oy-yleissahko-1-vuotta,2000,changed,fixed_term_12,fixed_term_12,268.88,268.88,none,none,,exact_source_legacy_null_observation_binding|historical_household_statistics_scope_assumed|retrospective_exact_source_interpretation
2026-07-23,9rfo6y-nurmijarven-sahko-oy-yleissahko-1-vuotta,5000,changed,fixed_term_12,fixed_term_12,582.38,582.38,none,none,,exact_source_legacy_null_observation_binding|historical_household_statistics_scope_assumed|retrospective_exact_source_interpretation
2026-07-23,9rfo6y-nurmijarven-sahko-oy-yleissahko-1-vuotta,18000,changed,fixed_term_12,fixed_term_12,1940.88,1940.88,none,none,,exact_source_legacy_null_observation_binding|historical_household_statistics_scope_assumed|retrospective_exact_source_interpretation
2026-07-23,9uczf8-nurmijarven-sahko-oy-porssisahko-tuuli,2000,changed,spot,spot,268.5885,268.9733510645883,forward_curve_spot,forward_curve_spot,,exact_source_legacy_null_observation_binding|forward_month_from_quarter_contract|historical_household_statistics_scope_assumed|partial_shape_coverage|retrospective_exact_source_interpretation|spot_forward_curve_with_rolling_365_intraday_shape
2026-07-23,9uczf8-nurmijarven-sahko-oy-porssisahko-tuuli,5000,changed,spot,spot,598.5712,599.5333776614708,forward_curve_spot,forward_curve_spot,,exact_source_legacy_null_observation_binding|forward_month_from_quarter_contract|historical_household_statistics_scope_assumed|partial_shape_coverage|retrospective_exact_source_interpretation|spot_forward_curve_with_rolling_365_intraday_shape
2026-07-23,9uczf8-nurmijarven-sahko-oy-porssisahko-tuuli,18000,changed,spot,spot,2028.4964,2031.9601595812949,forward_curve_spot,forward_curve_spot,,exact_source_legacy_null_observation_binding|forward_month_from_quarter_contract|historical_household_statistics_scope_assumed|partial_shape_coverage|retrospective_exact_source_interpretation|spot_forward_curve_with_rolling_365_intraday_shape
2026-07-23,akhbwv-parikkalan-valo-oy-q-valo,2000,changed,open_ended,open_ended,206.4,301.21153897849456,none,supplier_adjusted_forward_curve_shift,,exact_source_legacy_null_observation_binding|forward_month_from_quarter_contract|historical_exact_contract_only|historical_household_statistics_scope_assumed|price_episode_left_censored|price_episode_observed_proxy|price_episode_uses_dedicated_historical_interpretation|price_episode_uses_retrospective_exact_source_interpretation|retrospective_exact_source_interpretation|supplier_adjusted_monthly_fee_held_flat|supplier_adjusted_tail_shifted_on_forward_curve
2026-07-23,akhbwv-parikkalan-valo-oy-q-valo,5000,changed,open_ended,open_ended,432.3,669.3288474462365,none,supplier_adjusted_forward_curve_shift,,exact_source_legacy_null_observation_binding|forward_month_from_quarter_contract|historical_exact_contract_only|historical_household_statistics_scope_assumed|price_episode_left_censored|price_episode_observed_proxy|price_episode_uses_dedicated_historical_interpretation|price_episode_uses_retrospective_exact_source_interpretation|retrospective_exact_source_interpretation|supplier_adjusted_monthly_fee_held_flat|supplier_adjusted_tail_shifted_on_forward_curve
2026-07-23,akhbwv-parikkalan-valo-oy-q-valo,18000,changed,open_ended,open_ended,1411.2,2264.5038508064517,none,supplier_adjusted_forward_curve_shift,,exact_source_legacy_null_observation_binding|forward_month_from_quarter_contract|historical_exact_contract_only|historical_household_statistics_scope_assumed|price_episode_left_censored|price_episode_observed_proxy|price_episode_uses_dedicated_historical_interpretation|price_episode_uses_retrospective_exact_source_interpretation|retrospective_exact_source_interpretation|supplier_adjusted_monthly_fee_held_flat|supplier_adjusted_tail_shifted_on_forward_curve
2026-07-23,atagtz-nordic-green-energy-uusiutuva-hybridi-24kk,2000,changed,hybrid,hybrid,309.68,309.68,none,hybrid_base_only,,exact_source_legacy_null_observation_binding|excludes_consumption_effect|historical_household_statistics_scope_assumed|retrospective_exact_source_interpretation
2026-07-23,axillh-nordic-green-energy-ilmasto-porssisahko,2000,changed,spot,spot,230.6685,231.0533510645883,forward_curve_spot,forward_curve_spot,,exact_source_legacy_null_observation_binding|forward_month_from_quarter_contract|historical_household_statistics_scope_assumed|partial_shape_coverage|retrospective_exact_source_interpretation|spot_forward_curve_with_rolling_365_intraday_shape
2026-07-23,axillh-nordic-green-energy-ilmasto-porssisahko,5000,changed,spot,spot,522.8512,523.8133776614709,forward_curve_spot,forward_curve_spot,,exact_source_legacy_null_observation_binding|forward_month_from_quarter_contract|historical_household_statistics_scope_assumed|partial_shape_coverage|retrospective_exact_source_interpretation|spot_forward_curve_with_rolling_365_intraday_shape
2026-07-23,axillh-nordic-green-energy-ilmasto-porssisahko,18000,changed,spot,spot,1788.9764,1792.440159581295,forward_curve_spot,forward_curve_spot,,exact_source_legacy_null_observation_binding|forward_month_from_quarter_contract|historical_household_statistics_scope_assumed|partial_shape_coverage|retrospective_exact_source_interpretation|spot_forward_curve_with_rolling_365_intraday_shape
2026-07-23,ay26mi-porvoon-energia-oy-wind-12-kk-kotimainen-tuulisahko,2000,changed,fixed_term_12,fixed_term_12,264.8,264.8,none,none,,exact_source_legacy_null_observation_binding|historical_household_statistics_scope_assumed|retrospective_exact_source_interpretation
2026-07-23,ay26mi-porvoon-energia-oy-wind-12-kk-kotimainen-tuulisahko,5000,changed,fixed_term_12,fixed_term_12,591.8,591.8000000000001,none,none,,exact_source_legacy_null_observation_binding|historical_household_statistics_scope_assumed|retrospective_exact_source_interpretation
2026-07-23,ay26mi-porvoon-energia-oy-wind-12-kk-kotimainen-tuulisahko,18000,changed,fixed_term_12,fixed_term_12,2008.8,2008.8,none,none,,exact_source_legacy_null_observation_binding|historical_household_statistics_scope_assumed|retrospective_exact_source_interpretation
2026-07-23,bfcizc-nordic-green-energy-ilmasto-hybridi-12kk,2000,changed,hybrid,hybrid,291.56,291.55999999999995,none,hybrid_base_only,,exact_source_legacy_null_observation_binding|excludes_consumption_effect|historical_household_statistics_scope_assumed|retrospective_exact_source_interpretation
2026-07-23,bgbqwj-imatran-seudun-sahko-oy-huoleton,2000,changed,open_ended,open_ended,336.8,458.82297526881723,none,supplier_adjusted_forward_curve_shift,,exact_source_legacy_null_observation_binding|forward_month_from_quarter_contract|historical_exact_contract_only|historical_household_statistics_scope_assumed|price_episode_left_censored|price_episode_observed_proxy|price_episode_uses_retrospective_exact_source_interpretation|prior_energy_evidence_changed_unknown_or_conflicting|retrospective_exact_source_interpretation|supplier_adjusted_monthly_fee_held_flat|supplier_adjusted_tail_shifted_on_forward_curve
2026-07-23,bgbqwj-imatran-seudun-sahko-oy-huoleton,5000,changed,open_ended,open_ended,753.8,1058.8574381720432,none,supplier_adjusted_forward_curve_shift,,exact_source_legacy_null_observation_binding|forward_month_from_quarter_contract|historical_exact_contract_only|historical_household_statistics_scope_assumed|price_episode_left_censored|price_episode_observed_proxy|price_episode_uses_retrospective_exact_source_interpretation|prior_energy_evidence_changed_unknown_or_conflicting|retrospective_exact_source_interpretation|supplier_adjusted_monthly_fee_held_flat|supplier_adjusted_tail_shifted_on_forward_curve
2026-07-23,bgbqwj-imatran-seudun-sahko-oy-huoleton,18000,changed,open_ended,open_ended,2560.8,3659.0067774193553,none,supplier_adjusted_forward_curve_shift,,exact_source_legacy_null_observation_binding|forward_month_from_quarter_contract|historical_exact_contract_only|historical_household_statistics_scope_assumed|price_episode_left_censored|price_episode_observed_proxy|price_episode_uses_retrospective_exact_source_interpretation|prior_energy_evidence_changed_unknown_or_conflicting|retrospective_exact_source_interpretation|supplier_adjusted_monthly_fee_held_flat|supplier_adjusted_tail_shifted_on_forward_curve
2026-07-23,bigx3s-lammaisten-energia-oy-iisi-helpposahko-kausisahko-24-kk,2000,changed,fixed_term_24,fixed_term_24,254,254,none,none,,exact_source_legacy_null_observation_binding|historical_household_statistics_scope_assumed|retrospective_exact_source_interpretation
2026-07-23,bigx3s-lammaisten-energia-oy-iisi-helpposahko-kausisahko-24-kk,5000,changed,fixed_term_24,fixed_term_24,553.1,553.1000000000003,none,none,,exact_source_legacy_null_observation_binding|historical_household_statistics_scope_assumed|retrospective_exact_source_interpretation
2026-07-23,bigx3s-lammaisten-energia-oy-iisi-helpposahko-kausisahko-24-kk,18000,changed,fixed_term_24,fixed_term_24,1849.2,1849.2000000000003,none,none,,exact_source_legacy_null_observation_binding|historical_household_statistics_scope_assumed|retrospective_exact_source_interpretation
2026-07-23,bk8wnd-pohjois-karjalan-sahko-oy-optimi-takuu-6-kuukautta,2000,changed,fixed_term_6,fixed_term_6,262.8075,264.9283870967742,none,term_price_annualized,,exact_source_legacy_null_observation_binding|historical_household_statistics_scope_assumed|retrospective_exact_source_interpretation|term_price_annualized
2026-07-23,bk8wnd-pohjois-karjalan-sahko-oy-optimi-takuu-6-kuukautta,5000,changed,fixed_term_6,fixed_term_6,574.9388,580.2409677419355,none,term_price_annualized,,exact_source_legacy_null_observation_binding|historical_household_statistics_scope_assumed|retrospective_exact_source_interpretation|term_price_annualized
2026-07-23,bk8wnd-pohjois-karjalan-sahko-oy-optimi-takuu-6-kuukautta,18000,changed,fixed_term_6,fixed_term_6,1927.5075,1946.5954838709679,none,term_price_annualized,,exact_source_legacy_null_observation_binding|historical_household_statistics_scope_assumed|retrospective_exact_source_interpretation|term_price_annualized
2026-07-23,bl8nmw-vaasan-sahko-myynti-oy-kuukausipaketti-m,2000,changed,open_ended,open_ended,420,420,none,none,,canonical_interpretation_rejected_by_exact_target_validation|exact_source_legacy_null_observation_binding|historical_household_statistics_scope_assumed|retrospective_exact_source_interpretation
2026-07-23,bl8nmw-vaasan-sahko-myynti-oy-kuukausipaketti-m,5000,changed,open_ended,open_ended,752,752.0000000000001,none,none,,canonical_interpretation_rejected_by_exact_target_validation|exact_source_legacy_null_observation_binding|historical_household_statistics_scope_assumed|retrospective_exact_source_interpretation
2026-07-23,bl8nmw-vaasan-sahko-myynti-oy-kuukausipaketti-m,18000,changed,open_ended,open_ended,2910,2910,none,none,,canonical_interpretation_rejected_by_exact_target_validation|exact_source_legacy_null_observation_binding|historical_household_statistics_scope_assumed|retrospective_exact_source_interpretation
2026-07-23,bskkkf-vaasan-sahko-myynti-oy-toimitusvelvollinen-perussahko,2000,changed,quarterly,quarterly,216.8,266.4469565860215,none,recurring_forward_curve_shift,,canonical_interpretation_rejected_by_exact_target_validation|exact_source_legacy_null_observation_binding|forward_month_from_quarter_contract|historical_household_statistics_scope_assumed|historical_temporal_source_validation_unavailable|reset_tail_shifted_on_forward_curve|retrospective_exact_source_interpretation
2026-07-23,bskkkf-vaasan-sahko-myynti-oy-toimitusvelvollinen-perussahko,5000,changed,quarterly,quarterly,453.8,577.9173914650537,none,recurring_forward_curve_shift,,canonical_interpretation_rejected_by_exact_target_validation|exact_source_legacy_null_observation_binding|forward_month_from_quarter_contract|historical_household_statistics_scope_assumed|historical_temporal_source_validation_unavailable|reset_tail_shifted_on_forward_curve|retrospective_exact_source_interpretation
2026-07-23,bskkkf-vaasan-sahko-myynti-oy-toimitusvelvollinen-perussahko,18000,changed,quarterly,quarterly,1480.8,1927.622609274193,none,recurring_forward_curve_shift,,canonical_interpretation_rejected_by_exact_target_validation|exact_source_legacy_null_observation_binding|forward_month_from_quarter_contract|historical_household_statistics_scope_assumed|historical_temporal_source_validation_unavailable|reset_tail_shifted_on_forward_curve|retrospective_exact_source_interpretation
2026-07-23,bxs18u-nurmijarven-sahko-oy-yleissahko-2-vuotta,2000,changed,fixed_term_24,fixed_term_24,248.88,248.88,none,none,,exact_source_legacy_null_observation_binding|historical_household_statistics_scope_assumed|retrospective_exact_source_interpretation
2026-07-23,bxs18u-nurmijarven-sahko-oy-yleissahko-2-vuotta,5000,changed,fixed_term_24,fixed_term_24,532.38,532.3800000000001,none,none,,exact_source_legacy_null_observation_binding|historical_household_statistics_scope_assumed|retrospective_exact_source_interpretation
2026-07-23,bxs18u-nurmijarven-sahko-oy-yleissahko-2-vuotta,18000,changed,fixed_term_24,fixed_term_24,1760.88,1760.8799999999997,none,none,,exact_source_legacy_null_observation_binding|historical_household_statistics_scope_assumed|retrospective_exact_source_interpretation
2026-07-23,ccs6hf-keuruun-sahko-oy-yleissahko,2000,changed,open_ended,open_ended,286,296.2380766801075,none,supplier_adjusted_forward_premium,,calendar_gap_within_observed_price_episode|exact_source_legacy_null_observation_binding|historical_exact_contract_only|historical_household_statistics_scope_assumed|lower_confidence_energy_episode_proxy|missing_own_reference_using_comparable_premium|price_episode_left_censored|price_episode_observed_proxy|price_episode_uses_dedicated_historical_interpretation|price_episode_uses_retrospective_exact_source_interpretation|retrospective_exact_source_interpretation|supplier_adjusted_monthly_fee_held_flat|supplier_adjusted_tail_uses_comparable_forward_premium
2026-07-23,ccs6hf-keuruun-sahko-oy-yleissahko,5000,changed,open_ended,open_ended,636.7,662.2951917002687,none,supplier_adjusted_forward_premium,,calendar_gap_within_observed_price_episode|exact_source_legacy_null_observation_binding|historical_exact_contract_only|historical_household_statistics_scope_assumed|lower_confidence_energy_episode_proxy|missing_own_reference_using_comparable_premium|price_episode_left_censored|price_episode_observed_proxy|price_episode_uses_dedicated_historical_interpretation|price_episode_uses_retrospective_exact_source_interpretation|retrospective_exact_source_interpretation|supplier_adjusted_monthly_fee_held_flat|supplier_adjusted_tail_uses_comparable_forward_premium
2026-07-23,ccs6hf-keuruun-sahko-oy-yleissahko,18000,changed,open_ended,open_ended,2156.4,2248.542690120968,none,supplier_adjusted_forward_premium,,calendar_gap_within_observed_price_episode|exact_source_legacy_null_observation_binding|historical_exact_contract_only|historical_household_statistics_scope_assumed|lower_confidence_energy_episode_proxy|missing_own_reference_using_comparable_premium|price_episode_left_censored|price_episode_observed_proxy|price_episode_uses_dedicated_historical_interpretation|price_episode_uses_retrospective_exact_source_interpretation|retrospective_exact_source_interpretation|supplier_adjusted_monthly_fee_held_flat|supplier_adjusted_tail_uses_comparable_forward_premium
2026-07-23,cjnnmf-cheap-energy-finland-oy-cheap-maaraaikainen-24-kk-0-kuukausimaksu-ensimmaiset-4-kk,2000,changed,fixed_term_24,fixed_term_24,216.8,216.79999999999995,none,none,,exact_source_legacy_null_observation_binding|historical_household_statistics_scope_assumed|retrospective_exact_source_interpretation
2026-07-23,cjnnmf-cheap-energy-finland-oy-cheap-maaraaikainen-24-kk-0-kuukausimaksu-ensimmaiset-4-kk,5000,changed,fixed_term_24,fixed_term_24,495.2,495.2,none,none,,exact_source_legacy_null_observation_binding|historical_household_statistics_scope_assumed|retrospective_exact_source_interpretation
2026-07-23,cjnnmf-cheap-energy-finland-oy-cheap-maaraaikainen-24-kk-0-kuukausimaksu-ensimmaiset-4-kk,18000,changed,fixed_term_24,fixed_term_24,1701.6,1701.5999999999997,none,none,,exact_source_legacy_null_observation_binding|historical_household_statistics_scope_assumed|retrospective_exact_source_interpretation
2026-07-23,clzibi-keravan-energia-oy-joustosahko-luonnonvoima-24-kk,2000,changed,hybrid,hybrid,235.2,235.2,none,hybrid_base_only,,exact_source_legacy_null_observation_binding|excludes_consumption_effect|historical_household_statistics_scope_assumed|retrospective_exact_source_interpretation
2026-07-23,clzibi-keravan-energia-oy-joustosahko-luonnonvoima-24-kk,5000,changed,hybrid,hybrid,489,489,none,hybrid_base_only,,exact_source_legacy_null_observation_binding|excludes_consumption_effect|historical_household_statistics_scope_assumed|retrospective_exact_source_interpretation
2026-07-23,clzibi-keravan-energia-oy-joustosahko-luonnonvoima-24-kk,18000,changed,hybrid,hybrid,1588.8,1588.8000000000004,none,hybrid_base_only,,exact_source_legacy_null_observation_binding|excludes_consumption_effect|historical_household_statistics_scope_assumed|retrospective_exact_source_interpretation
2026-07-23,cnukun-lammaisten-energia-oy-iisi-helpposahko-yleissahko-24-kk,2000,changed,fixed_term_24,fixed_term_24,254,254,none,none,,exact_source_legacy_null_observation_binding|historical_household_statistics_scope_assumed|retrospective_exact_source_interpretation
2026-07-23,cnukun-lammaisten-energia-oy-iisi-helpposahko-yleissahko-24-kk,5000,changed,fixed_term_24,fixed_term_24,553.1,553.1000000000003,none,none,,exact_source_legacy_null_observation_binding|historical_household_statistics_scope_assumed|retrospective_exact_source_interpretation
2026-07-23,cnukun-lammaisten-energia-oy-iisi-helpposahko-yleissahko-24-kk,18000,changed,fixed_term_24,fixed_term_24,1849.2,1849.2000000000003,none,none,,exact_source_legacy_null_observation_binding|historical_household_statistics_scope_assumed|retrospective_exact_source_interpretation
2026-07-23,ctngqh-imatran-seudun-sahko-oy-voima-12-kk,2000,changed,fixed_term_12,fixed_term_12,290.6,290.6,none,none,,exact_source_legacy_null_observation_binding|historical_household_statistics_scope_assumed|retrospective_exact_source_interpretation
2026-07-23,ctngqh-imatran-seudun-sahko-oy-voima-12-kk,5000,changed,fixed_term_12,fixed_term_12,620.3,620.3000000000001,none,none,,exact_source_legacy_null_observation_binding|historical_household_statistics_scope_assumed|retrospective_exact_source_interpretation
2026-07-23,ctngqh-imatran-seudun-sahko-oy-voima-12-kk,18000,changed,fixed_term_12,fixed_term_12,2049,2049,none,none,,exact_source_legacy_null_observation_binding|historical_household_statistics_scope_assumed|retrospective_exact_source_interpretation
2026-07-23,cusb9y-omavoima-oy-priima,2000,changed,spot,spot,257.9885,258.37335106458835,forward_curve_spot,forward_curve_spot,,exact_source_legacy_null_observation_binding|forward_month_from_quarter_contract|historical_household_statistics_scope_assumed|partial_shape_coverage|retrospective_exact_source_interpretation|spot_forward_curve_with_rolling_365_intraday_shape
2026-07-23,cusb9y-omavoima-oy-priima,5000,changed,spot,spot,554.9712,555.9333776614709,forward_curve_spot,forward_curve_spot,,exact_source_legacy_null_observation_binding|forward_month_from_quarter_contract|historical_household_statistics_scope_assumed|partial_shape_coverage|retrospective_exact_source_interpretation|spot_forward_curve_with_rolling_365_intraday_shape
2026-07-23,cusb9y-omavoima-oy-priima,18000,changed,spot,spot,1841.8964,1845.3601595812952,forward_curve_spot,forward_curve_spot,,exact_source_legacy_null_observation_binding|forward_month_from_quarter_contract|historical_household_statistics_scope_assumed|partial_shape_coverage|retrospective_exact_source_interpretation|spot_forward_curve_with_rolling_365_intraday_shape
2026-07-23,cxdwul-kokkolan-energia-oy-surffari-kesakampanja,2000,changed,spot,spot,229.4883,229.87313601082488,forward_curve_spot,forward_curve_spot,,canonical_interpretation_rejected_by_exact_target_validation|exact_source_legacy_null_observation_binding|forward_month_from_quarter_contract|historical_household_statistics_scope_assumed|partial_shape_coverage|retrospective_exact_source_interpretation|spot_forward_curve_with_rolling_365_intraday_shape
2026-07-23,cxdwul-kokkolan-energia-oy-surffari-kesakampanja,5000,changed,spot,spot,528.1807,529.1428400270623,forward_curve_spot,forward_curve_spot,,canonical_interpretation_rejected_by_exact_target_validation|exact_source_legacy_null_observation_binding|forward_month_from_quarter_contract|historical_household_statistics_scope_assumed|partial_shape_coverage|retrospective_exact_source_interpretation|spot_forward_curve_with_rolling_365_intraday_shape
2026-07-23,cxdwul-kokkolan-energia-oy-surffari-kesakampanja,18000,changed,spot,spot,1822.5145,1825.978224097424,forward_curve_spot,forward_curve_spot,,canonical_interpretation_rejected_by_exact_target_validation|exact_source_legacy_null_observation_binding|forward_month_from_quarter_contract|historical_household_statistics_scope_assumed|partial_shape_coverage|retrospective_exact_source_interpretation|spot_forward_curve_with_rolling_365_intraday_shape
2026-07-23,cxvuwg-vattenfall-oy-optimi-porssisahko-tuuli,2000,changed,spot,spot,269.3885,269.77335106458827,forward_curve_spot,forward_curve_spot,,exact_source_legacy_null_observation_binding|forward_month_from_quarter_contract|historical_household_statistics_scope_assumed|partial_shape_coverage|retrospective_exact_source_interpretation|spot_forward_curve_with_rolling_365_intraday_shape
2026-07-23,cxvuwg-vattenfall-oy-optimi-porssisahko-tuuli,5000,changed,spot,spot,566.3712,567.3333776614709,forward_curve_spot,forward_curve_spot,,exact_source_legacy_null_observation_binding|forward_month_from_quarter_contract|historical_household_statistics_scope_assumed|partial_shape_coverage|retrospective_exact_source_interpretation|spot_forward_curve_with_rolling_365_intraday_shape
2026-07-23,cxvuwg-vattenfall-oy-optimi-porssisahko-tuuli,18000,changed,spot,spot,1853.2964,1856.7601595812948,forward_curve_spot,forward_curve_spot,,exact_source_legacy_null_observation_binding|forward_month_from_quarter_contract|historical_household_statistics_scope_assumed|partial_shape_coverage|retrospective_exact_source_interpretation|spot_forward_curve_with_rolling_365_intraday_shape
2026-07-23,d5h1uq-keravan-energia-oy-fiksusahko,2000,changed,spot,spot,247.4685,247.85335106458834,forward_curve_spot,forward_curve_spot,,exact_source_legacy_null_observation_binding|forward_month_from_quarter_contract|historical_household_statistics_scope_assumed|partial_shape_coverage|retrospective_exact_source_interpretation|spot_forward_curve_with_rolling_365_intraday_shape
2026-07-23,d5h1uq-keravan-energia-oy-fiksusahko,5000,changed,spot,spot,545.9512,546.9133776614709,forward_curve_spot,forward_curve_spot,,exact_source_legacy_null_observation_binding|forward_month_from_quarter_contract|historical_household_statistics_scope_assumed|partial_shape_coverage|retrospective_exact_source_interpretation|spot_forward_curve_with_rolling_365_intraday_shape
2026-07-23,d5h1uq-keravan-energia-oy-fiksusahko,18000,changed,spot,spot,1839.3764,1842.8401595812952,forward_curve_spot,forward_curve_spot,,exact_source_legacy_null_observation_binding|forward_month_from_quarter_contract|historical_household_statistics_scope_assumed|partial_shape_coverage|retrospective_exact_source_interpretation|spot_forward_curve_with_rolling_365_intraday_shape
2026-07-23,d6kml6-herrfors-oy-ab-spot-sahko-100-uusiutuva-sahko,2000,changed,spot,spot,235.2685,235.65335106458832,forward_curve_spot,forward_curve_spot,,exact_source_legacy_null_observation_binding|forward_month_from_quarter_contract|historical_household_statistics_scope_assumed|partial_shape_coverage|retrospective_exact_source_interpretation|spot_forward_curve_with_rolling_365_intraday_shape
2026-07-23,d6kml6-herrfors-oy-ab-spot-sahko-100-uusiutuva-sahko,5000,changed,spot,spot,533.4512,534.4133776614709,forward_curve_spot,forward_curve_spot,,exact_source_legacy_null_observation_binding|forward_month_from_quarter_contract|historical_household_statistics_scope_assumed|partial_shape_coverage|retrospective_exact_source_interpretation|spot_forward_curve_with_rolling_365_intraday_shape
2026-07-23,d6kml6-herrfors-oy-ab-spot-sahko-100-uusiutuva-sahko,18000,changed,spot,spot,1825.5764,1829.0401595812948,forward_curve_spot,forward_curve_spot,,exact_source_legacy_null_observation_binding|forward_month_from_quarter_contract|historical_household_statistics_scope_assumed|partial_shape_coverage|retrospective_exact_source_interpretation|spot_forward_curve_with_rolling_365_intraday_shape
2026-07-23,depdmn-pohjois-karjalan-sahko-oy-priima,2000,changed,spot,spot,251.8285,252.21335106458827,forward_curve_spot,forward_curve_spot,,exact_source_legacy_null_observation_binding|forward_month_from_quarter_contract|historical_household_statistics_scope_assumed|partial_shape_coverage|retrospective_exact_source_interpretation|spot_forward_curve_with_rolling_365_intraday_shape
2026-07-23,depdmn-pohjois-karjalan-sahko-oy-priima,5000,changed,spot,spot,547.4912,548.453377661471,forward_curve_spot,forward_curve_spot,,exact_source_legacy_null_observation_binding|forward_month_from_quarter_contract|historical_household_statistics_scope_assumed|partial_shape_coverage|retrospective_exact_source_interpretation|spot_forward_curve_with_rolling_365_intraday_shape
2026-07-23,depdmn-pohjois-karjalan-sahko-oy-priima,18000,changed,spot,spot,1828.6964,1832.160159581295,forward_curve_spot,forward_curve_spot,,exact_source_legacy_null_observation_binding|forward_month_from_quarter_contract|historical_household_statistics_scope_assumed|partial_shape_coverage|retrospective_exact_source_interpretation|spot_forward_curve_with_rolling_365_intraday_shape
2026-07-23,dgh71e-turku-energia-oy-louna-helppo-m,2000,lost,open_ended,open_ended,489.4,,none,none,canonical_outcome_not_listed,canonical_interpretation_rejected_by_exact_target_validation|exact_source_legacy_null_observation_binding|historical_household_statistics_scope_assumed|retrospective_exact_source_interpretation
2026-07-23,dgh71e-turku-energia-oy-louna-helppo-m,5000,lost,open_ended,open_ended,755.5,,none,none,canonical_outcome_not_listed,canonical_interpretation_rejected_by_exact_target_validation|exact_source_legacy_null_observation_binding|historical_household_statistics_scope_assumed|retrospective_exact_source_interpretation
2026-07-23,dgh71e-turku-energia-oy-louna-helppo-m,18000,lost,open_ended,open_ended,1908.6,,none,none,canonical_outcome_not_listed,canonical_interpretation_rejected_by_exact_target_validation|exact_source_legacy_null_observation_binding|historical_household_statistics_scope_assumed|retrospective_exact_source_interpretation
2026-07-23,dkeces-vaasan-sahko-myynti-oy-perussahko-yosahko,2000,changed,quarterly,quarterly,223.16,272.80695658602144,none,recurring_forward_curve_shift,,canonical_interpretation_rejected_by_exact_target_validation|exact_source_legacy_null_observation_binding|forward_month_from_quarter_contract|historical_household_statistics_scope_assumed|historical_temporal_source_validation_unavailable|reset_tail_shifted_on_forward_curve|retrospective_exact_source_interpretation|unknown_periods_use_latest_applicable_price_or_disclosed_normal
2026-07-23,dkeces-vaasan-sahko-myynti-oy-perussahko-yosahko,5000,changed,quarterly,quarterly,469.7,593.8173914650537,none,recurring_forward_curve_shift,,canonical_interpretation_rejected_by_exact_target_validation|exact_source_legacy_null_observation_binding|forward_month_from_quarter_contract|historical_household_statistics_scope_assumed|historical_temporal_source_validation_unavailable|reset_tail_shifted_on_forward_curve|retrospective_exact_source_interpretation|unknown_periods_use_latest_applicable_price_or_disclosed_normal
2026-07-23,dkeces-vaasan-sahko-myynti-oy-perussahko-yosahko,18000,changed,quarterly,quarterly,1538.04,1984.862609274193,none,recurring_forward_curve_shift,,canonical_interpretation_rejected_by_exact_target_validation|exact_source_legacy_null_observation_binding|forward_month_from_quarter_contract|historical_household_statistics_scope_assumed|historical_temporal_source_validation_unavailable|reset_tail_shifted_on_forward_curve|retrospective_exact_source_interpretation|unknown_periods_use_latest_applicable_price_or_disclosed_normal
2026-07-23,dkzws6-koillis-satakunnan-sahko-oy-ikiwirta-12-kk,2000,changed,fixed_term_12,fixed_term_12,240.28,240.28,none,none,,exact_source_legacy_null_observation_binding|historical_household_statistics_scope_assumed|retrospective_exact_source_interpretation
2026-07-23,dkzws6-koillis-satakunnan-sahko-oy-ikiwirta-12-kk,5000,changed,fixed_term_12,fixed_term_12,539.68,539.6800000000001,none,none,,exact_source_legacy_null_observation_binding|historical_household_statistics_scope_assumed|retrospective_exact_source_interpretation
2026-07-23,dkzws6-koillis-satakunnan-sahko-oy-ikiwirta-12-kk,18000,changed,fixed_term_12,fixed_term_12,1837.08,1837.0800000000002,none,none,,exact_source_legacy_null_observation_binding|historical_household_statistics_scope_assumed|retrospective_exact_source_interpretation
2026-07-23,dnxerq-fortum-markets-oy-fortum-kesto-kausisahko,2000,changed,open_ended,open_ended,322.7325,444.7554752688171,hold_current_supplier_price,supplier_adjusted_forward_curve_shift,,canonical_interpretation_rejected_by_exact_target_validation|exact_source_legacy_null_observation_binding|forward_month_from_quarter_contract|historical_exact_contract_only|historical_household_statistics_scope_assumed|price_episode_left_censored|price_episode_observed_proxy|price_episode_uses_retrospective_exact_source_interpretation|prior_energy_evidence_changed_unknown_or_conflicting|retrospective_exact_source_interpretation|supplier_adjusted_monthly_fee_held_flat|supplier_adjusted_tail_shifted_on_forward_curve
2026-07-23,dnxerq-fortum-markets-oy-fortum-kesto-kausisahko,5000,changed,open_ended,open_ended,717.5513,1022.608688172043,hold_current_supplier_price,supplier_adjusted_forward_curve_shift,,canonical_interpretation_rejected_by_exact_target_validation|exact_source_legacy_null_observation_binding|forward_month_from_quarter_contract|historical_exact_contract_only|historical_household_statistics_scope_assumed|price_episode_left_censored|price_episode_observed_proxy|price_episode_uses_retrospective_exact_source_interpretation|prior_energy_evidence_changed_unknown_or_conflicting|retrospective_exact_source_interpretation|supplier_adjusted_monthly_fee_held_flat|supplier_adjusted_tail_shifted_on_forward_curve
2026-07-23,dnxerq-fortum-markets-oy-fortum-kesto-kausisahko,18000,changed,open_ended,open_ended,2428.4325,3526.639277419355,hold_current_supplier_price,supplier_adjusted_forward_curve_shift,,canonical_interpretation_rejected_by_exact_target_validation|exact_source_legacy_null_observation_binding|forward_month_from_quarter_contract|historical_exact_contract_only|historical_household_statistics_scope_assumed|price_episode_left_censored|price_episode_observed_proxy|price_episode_uses_retrospective_exact_source_interpretation|prior_energy_evidence_changed_unknown_or_conflicting|retrospective_exact_source_interpretation|supplier_adjusted_monthly_fee_held_flat|supplier_adjusted_tail_shifted_on_forward_curve
2026-07-23,dohczy-lumme-energia-joustosahko-24-kk-vaikuta-itse-sahkosi-hintaan,2000,changed,hybrid,hybrid,224.9,224.89999999999998,none,hybrid_base_only,,exact_source_legacy_null_observation_binding|excludes_consumption_effect|historical_household_statistics_scope_assumed|retrospective_exact_source_interpretation
2026-07-23,dohczy-lumme-energia-joustosahko-24-kk-vaikuta-itse-sahkosi-hintaan,5000,changed,hybrid,hybrid,482.6,482.59999999999997,none,hybrid_base_only,,exact_source_legacy_null_observation_binding|excludes_consumption_effect|historical_household_statistics_scope_assumed|retrospective_exact_source_interpretation
2026-07-23,dohczy-lumme-energia-joustosahko-24-kk-vaikuta-itse-sahkosi-hintaan,18000,changed,hybrid,hybrid,1599.3,1599.3,none,hybrid_base_only,,exact_source_legacy_null_observation_binding|excludes_consumption_effect|historical_household_statistics_scope_assumed|retrospective_exact_source_interpretation
2026-07-23,dwoas0-turku-energia-oy-louna-lahi-24kk,2000,changed,fixed_term_24,fixed_term_24,240.8,240.79999999999998,none,none,,exact_source_legacy_null_observation_binding|historical_household_statistics_scope_assumed|retrospective_exact_source_interpretation
2026-07-23,dwoas0-turku-energia-oy-louna-lahi-24kk,5000,changed,fixed_term_24,fixed_term_24,513.8,513.8000000000001,none,none,,exact_source_legacy_null_observation_binding|historical_household_statistics_scope_assumed|retrospective_exact_source_interpretation
2026-07-23,dwoas0-turku-energia-oy-louna-lahi-24kk,18000,changed,fixed_term_24,fixed_term_24,1696.8,1696.8,none,none,,exact_source_legacy_null_observation_binding|historical_household_statistics_scope_assumed|retrospective_exact_source_interpretation
2026-07-23,dyxylq-vattenfall-oy-taystuuli-12-kk,2000,changed,fixed_term_12,fixed_term_12,263.2,274.59999999999997,none,none,,exact_source_legacy_null_observation_binding|historical_household_statistics_scope_assumed|retrospective_exact_source_interpretation
2026-07-23,dyxylq-vattenfall-oy-taystuuli-12-kk,5000,changed,fixed_term_12,fixed_term_12,586.9,598.3,none,none,,exact_source_legacy_null_observation_binding|historical_household_statistics_scope_assumed|retrospective_exact_source_interpretation
2026-07-23,dyxylq-vattenfall-oy-taystuuli-12-kk,18000,changed,fixed_term_12,fixed_term_12,1989.6,2001,none,none,,exact_source_legacy_null_observation_binding|historical_household_statistics_scope_assumed|retrospective_exact_source_interpretation
2026-07-23,dzs9fd-oomi-oy-oomi-jousto-12-kk,2000,changed,hybrid,hybrid,266.6,266.59999999999997,none,hybrid_base_only,,exact_source_legacy_null_observation_binding|excludes_consumption_effect|historical_household_statistics_scope_assumed|retrospective_exact_source_interpretation
2026-07-23,dzs9fd-oomi-oy-oomi-jousto-12-kk,5000,changed,hybrid,hybrid,560.3,560.3,none,hybrid_base_only,,exact_source_legacy_null_observation_binding|excludes_consumption_effect|historical_household_statistics_scope_assumed|retrospective_exact_source_interpretation
2026-07-23,dzs9fd-oomi-oy-oomi-jousto-12-kk,18000,changed,hybrid,hybrid,1833,1832.9999999999998,none,hybrid_base_only,,exact_source_legacy_null_observation_binding|excludes_consumption_effect|historical_household_statistics_scope_assumed|retrospective_exact_source_interpretation
2026-07-23,e4ohro-vattenfall-oy-optimi-porssisahko-vesi,2000,changed,spot,spot,269.3885,269.77335106458827,forward_curve_spot,forward_curve_spot,,exact_source_legacy_null_observation_binding|forward_month_from_quarter_contract|historical_household_statistics_scope_assumed|partial_shape_coverage|retrospective_exact_source_interpretation|spot_forward_curve_with_rolling_365_intraday_shape
2026-07-23,e4ohro-vattenfall-oy-optimi-porssisahko-vesi,5000,changed,spot,spot,566.3712,567.3333776614709,forward_curve_spot,forward_curve_spot,,exact_source_legacy_null_observation_binding|forward_month_from_quarter_contract|historical_household_statistics_scope_assumed|partial_shape_coverage|retrospective_exact_source_interpretation|spot_forward_curve_with_rolling_365_intraday_shape
2026-07-23,e4ohro-vattenfall-oy-optimi-porssisahko-vesi,18000,changed,spot,spot,1853.2964,1856.7601595812948,forward_curve_spot,forward_curve_spot,,exact_source_legacy_null_observation_binding|forward_month_from_quarter_contract|historical_household_statistics_scope_assumed|partial_shape_coverage|retrospective_exact_source_interpretation|spot_forward_curve_with_rolling_365_intraday_shape
2026-07-23,e5oskc-porvoon-energia-oy-ilmastoviisas-12-kk-co2-paastottomasti-tuotettu,2000,changed,fixed_term_12,fixed_term_12,290.1,290.1,none,none,,exact_source_legacy_null_observation_binding|historical_household_statistics_scope_assumed|retrospective_exact_source_interpretation
2026-07-23,e5oskc-porvoon-energia-oy-ilmastoviisas-12-kk-co2-paastottomasti-tuotettu,5000,changed,fixed_term_12,fixed_term_12,655.05,655.05,none,none,,exact_source_legacy_null_observation_binding|historical_household_statistics_scope_assumed|retrospective_exact_source_interpretation
2026-07-23,e5oskc-porvoon-energia-oy-ilmastoviisas-12-kk-co2-paastottomasti-tuotettu,18000,changed,fixed_term_12,fixed_term_12,2236.5,2236.5,none,none,,exact_source_legacy_null_observation_binding|historical_household_statistics_scope_assumed|retrospective_exact_source_interpretation
2026-07-23,ecjsml-vimpelin-voima-oy-spot-energia,2000,changed,spot,spot,246.3885,246.77335106458833,forward_curve_spot,forward_curve_spot,,exact_source_legacy_null_observation_binding|forward_month_from_quarter_contract|historical_household_statistics_scope_assumed|partial_shape_coverage|retrospective_exact_source_interpretation|spot_forward_curve_with_rolling_365_intraday_shape
2026-07-23,ecjsml-vimpelin-voima-oy-spot-energia,5000,changed,spot,spot,540.3712,541.3333776614709,forward_curve_spot,forward_curve_spot,,exact_source_legacy_null_observation_binding|forward_month_from_quarter_contract|historical_household_statistics_scope_assumed|partial_shape_coverage|retrospective_exact_source_interpretation|spot_forward_curve_with_rolling_365_intraday_shape
2026-07-23,ecjsml-vimpelin-voima-oy-spot-energia,18000,changed,spot,spot,1814.2964,1817.7601595812953,forward_curve_spot,forward_curve_spot,,exact_source_legacy_null_observation_binding|forward_month_from_quarter_contract|historical_household_statistics_scope_assumed|partial_shape_coverage|retrospective_exact_source_interpretation|spot_forward_curve_with_rolling_365_intraday_shape
2026-07-23,edr0rh-vattenfall-oy-optimi-porssisahko,2000,changed,spot,spot,269.3885,269.77335106458827,forward_curve_spot,forward_curve_spot,,exact_source_legacy_null_observation_binding|forward_month_from_quarter_contract|historical_household_statistics_scope_assumed|partial_shape_coverage|retrospective_exact_source_interpretation|spot_forward_curve_with_rolling_365_intraday_shape
2026-07-23,edr0rh-vattenfall-oy-optimi-porssisahko,5000,changed,spot,spot,566.3712,567.3333776614709,forward_curve_spot,forward_curve_spot,,exact_source_legacy_null_observation_binding|forward_month_from_quarter_contract|historical_household_statistics_scope_assumed|partial_shape_coverage|retrospective_exact_source_interpretation|spot_forward_curve_with_rolling_365_intraday_shape
2026-07-23,edr0rh-vattenfall-oy-optimi-porssisahko,18000,changed,spot,spot,1853.2964,1856.7601595812948,forward_curve_spot,forward_curve_spot,,exact_source_legacy_null_observation_binding|forward_month_from_quarter_contract|historical_household_statistics_scope_assumed|partial_shape_coverage|retrospective_exact_source_interpretation|spot_forward_curve_with_rolling_365_intraday_shape
2026-07-23,egue10-koylion-sakylan-sahko-oy-lallin-maaris-1v,2000,changed,fixed_term_12,fixed_term_12,270.68,270.68,none,none,,exact_source_legacy_null_observation_binding|historical_household_statistics_scope_assumed|retrospective_exact_source_interpretation
2026-07-23,egue10-koylion-sakylan-sahko-oy-lallin-maaris-1v,5000,changed,fixed_term_12,fixed_term_12,588.68,588.6800000000001,none,none,,exact_source_legacy_null_observation_binding|historical_household_statistics_scope_assumed|retrospective_exact_source_interpretation
2026-07-23,egue10-koylion-sakylan-sahko-oy-lallin-maaris-1v,18000,changed,fixed_term_12,fixed_term_12,1966.68,1966.6800000000003,none,none,,exact_source_legacy_null_observation_binding|historical_household_statistics_scope_assumed|retrospective_exact_source_interpretation
2026-07-23,ehpblq-turku-energia-oy-louna-lahi-12kk,2000,changed,fixed_term_12,fixed_term_12,252.8,252.79999999999995,none,none,,exact_source_legacy_null_observation_binding|historical_household_statistics_scope_assumed|retrospective_exact_source_interpretation
2026-07-23,ehpblq-turku-energia-oy-louna-lahi-12kk,5000,changed,fixed_term_12,fixed_term_12,543.8,543.8,none,none,,exact_source_legacy_null_observation_binding|historical_household_statistics_scope_assumed|retrospective_exact_source_interpretation
2026-07-23,ehpblq-turku-energia-oy-louna-lahi-12kk,18000,changed,fixed_term_12,fixed_term_12,1804.8,1804.8,none,none,,exact_source_legacy_null_observation_binding|historical_household_statistics_scope_assumed|retrospective_exact_source_interpretation
2026-07-23,eoksoz-vaasan-sahko-myynti-oy-vaikuttaja,2000,changed,hybrid,hybrid,190.8,240.44695658602149,none,recurring_forward_curve_shift,,exact_source_legacy_null_observation_binding|excludes_consumption_effect|forward_month_from_quarter_contract|historical_household_statistics_scope_assumed|reset_tail_shifted_on_forward_curve|retrospective_exact_source_interpretation
2026-07-23,eoksoz-vaasan-sahko-myynti-oy-vaikuttaja,5000,changed,hybrid,hybrid,388.8,512.9173914650536,none,recurring_forward_curve_shift,,exact_source_legacy_null_observation_binding|excludes_consumption_effect|forward_month_from_quarter_contract|historical_household_statistics_scope_assumed|reset_tail_shifted_on_forward_curve|retrospective_exact_source_interpretation
2026-07-23,eoksoz-vaasan-sahko-myynti-oy-vaikuttaja,18000,changed,hybrid,hybrid,1246.8,1693.622609274193,none,recurring_forward_curve_shift,,exact_source_legacy_null_observation_binding|excludes_consumption_effect|forward_month_from_quarter_contract|historical_household_statistics_scope_assumed|reset_tail_shifted_on_forward_curve|retrospective_exact_source_interpretation
2026-07-23,euhscx-helen-oy-maaraaikainen-perussahko-6-kk,2000,changed,fixed_term_6,fixed_term_6,347.68,347.67999999999995,none,term_price_annualized,,exact_source_legacy_null_observation_binding|historical_household_statistics_scope_assumed|retrospective_exact_source_interpretation|term_price_annualized
2026-07-23,euhscx-helen-oy-maaraaikainen-perussahko-6-kk,5000,changed,fixed_term_6,fixed_term_6,761.38,761.38,none,term_price_annualized,,exact_source_legacy_null_observation_binding|historical_household_statistics_scope_assumed|retrospective_exact_source_interpretation|term_price_annualized
2026-07-23,euhscx-helen-oy-maaraaikainen-perussahko-6-kk,18000,changed,fixed_term_6,fixed_term_6,2554.08,2554.0799999999995,none,term_price_annualized,,exact_source_legacy_null_observation_binding|historical_household_statistics_scope_assumed|retrospective_exact_source_interpretation|term_price_annualized
2026-07-23,exizi7-paneliankosken-voima-oy-kosken-kayttowoima-12-kk-kulutusjousto,2000,changed,hybrid,hybrid,233,233,none,hybrid_base_only,,exact_source_legacy_null_observation_binding|excludes_consumption_effect|historical_household_statistics_scope_assumed|retrospective_exact_source_interpretation
2026-07-23,exizi7-paneliankosken-voima-oy-kosken-kayttowoima-12-kk-kulutusjousto,5000,changed,hybrid,hybrid,510.5,510.50000000000006,none,hybrid_base_only,,exact_source_legacy_null_observation_binding|excludes_consumption_effect|historical_household_statistics_scope_assumed|retrospective_exact_source_interpretation
2026-07-23,exizi7-paneliankosken-voima-oy-kosken-kayttowoima-12-kk-kulutusjousto,18000,changed,hybrid,hybrid,1713,1713,none,hybrid_base_only,,exact_source_legacy_null_observation_binding|excludes_consumption_effect|historical_household_statistics_scope_assumed|retrospective_exact_source_interpretation
2026-07-23,f4ic2s-aanekosken-energia-oy-maalaisjarkisahko-kausisahko-12-kk-paastoton,2000,changed,fixed_term_12,fixed_term_12,255.2133,255.21333333333337,none,none,,exact_source_legacy_null_observation_binding|historical_household_statistics_scope_assumed|retrospective_exact_source_interpretation
2026-07-23,f4ic2s-aanekosken-energia-oy-maalaisjarkisahko-kausisahko-12-kk-paastoton,5000,changed,fixed_term_12,fixed_term_12,566.2133,566.2133333333335,none,none,,exact_source_legacy_null_observation_binding|historical_household_statistics_scope_assumed|retrospective_exact_source_interpretation
2026-07-23,f4ic2s-aanekosken-energia-oy-maalaisjarkisahko-kausisahko-12-kk-paastoton,18000,changed,fixed_term_12,fixed_term_12,1913.88,1913.8799999999999,none,none,,exact_source_legacy_null_observation_binding|historical_household_statistics_scope_assumed|retrospective_exact_source_interpretation
2026-07-23,ffvwcw-koylion-sakylan-sahko-oy-lallin-maaris-1v-kausisahko,2000,changed,fixed_term_12,fixed_term_12,270.68,270.68,none,none,,exact_source_legacy_null_observation_binding|historical_household_statistics_scope_assumed|retrospective_exact_source_interpretation
2026-07-23,ffvwcw-koylion-sakylan-sahko-oy-lallin-maaris-1v-kausisahko,5000,changed,fixed_term_12,fixed_term_12,588.68,588.6800000000001,none,none,,exact_source_legacy_null_observation_binding|historical_household_statistics_scope_assumed|retrospective_exact_source_interpretation
2026-07-23,ffvwcw-koylion-sakylan-sahko-oy-lallin-maaris-1v-kausisahko,18000,changed,fixed_term_12,fixed_term_12,1966.68,1966.6800000000003,none,none,,exact_source_legacy_null_observation_binding|historical_household_statistics_scope_assumed|retrospective_exact_source_interpretation
2026-07-23,foheha-korpelan-energia-oy-korpela-spotti,2000,changed,spot,spot,245.3885,245.77335106458833,forward_curve_spot,forward_curve_spot,,exact_source_legacy_null_observation_binding|forward_month_from_quarter_contract|historical_household_statistics_scope_assumed|partial_shape_coverage|retrospective_exact_source_interpretation|spot_forward_curve_with_rolling_365_intraday_shape
2026-07-23,foheha-korpelan-energia-oy-korpela-spotti,5000,changed,spot,spot,542.3712,543.3333776614709,forward_curve_spot,forward_curve_spot,,exact_source_legacy_null_observation_binding|forward_month_from_quarter_contract|historical_household_statistics_scope_assumed|partial_shape_coverage|retrospective_exact_source_interpretation|spot_forward_curve_with_rolling_365_intraday_shape
2026-07-23,foheha-korpelan-energia-oy-korpela-spotti,18000,changed,spot,spot,1829.2964,1832.7601595812948,forward_curve_spot,forward_curve_spot,,exact_source_legacy_null_observation_binding|forward_month_from_quarter_contract|historical_household_statistics_scope_assumed|partial_shape_coverage|retrospective_exact_source_interpretation|spot_forward_curve_with_rolling_365_intraday_shape
2026-07-23,fu2xdq-vattenfall-oy-kesto,2000,changed,open_ended,open_ended,333.8,299.7364637768817,none,supplier_adjusted_forward_premium,,calendar_gap_within_observed_price_episode|exact_source_legacy_null_observation_binding|historical_exact_contract_only|historical_household_statistics_scope_assumed|lower_confidence_energy_episode_proxy|missing_own_reference_using_comparable_premium|price_episode_left_censored|price_episode_observed_proxy|price_episode_uses_dedicated_historical_interpretation|price_episode_uses_retrospective_exact_source_interpretation|retrospective_exact_source_interpretation|supplier_adjusted_monthly_fee_held_flat|supplier_adjusted_tail_uses_comparable_forward_premium
2026-07-23,fu2xdq-vattenfall-oy-kesto,5000,changed,open_ended,open_ended,752.6,667.4411594422043,none,supplier_adjusted_forward_premium,,calendar_gap_within_observed_price_episode|exact_source_legacy_null_observation_binding|historical_exact_contract_only|historical_household_statistics_scope_assumed|lower_confidence_energy_episode_proxy|missing_own_reference_using_comparable_premium|price_episode_left_censored|price_episode_observed_proxy|price_episode_uses_dedicated_historical_interpretation|price_episode_uses_retrospective_exact_source_interpretation|retrospective_exact_source_interpretation|supplier_adjusted_monthly_fee_held_flat|supplier_adjusted_tail_uses_comparable_forward_premium
2026-07-23,fu2xdq-vattenfall-oy-kesto,18000,changed,open_ended,open_ended,2567.4,2260.828173991935,none,supplier_adjusted_forward_premium,,calendar_gap_within_observed_price_episode|exact_source_legacy_null_observation_binding|historical_exact_contract_only|historical_household_statistics_scope_assumed|lower_confidence_energy_episode_proxy|missing_own_reference_using_comparable_premium|price_episode_left_censored|price_episode_observed_proxy|price_episode_uses_dedicated_historical_interpretation|price_episode_uses_retrospective_exact_source_interpretation|retrospective_exact_source_interpretation|supplier_adjusted_monthly_fee_held_flat|supplier_adjusted_tail_uses_comparable_forward_premium
2026-07-23,fuabtk-parikkalan-valo-oy-spot-valo,2000,changed,spot,spot,250.3885,250.77335106458833,forward_curve_spot,forward_curve_spot,,exact_source_legacy_null_observation_binding|forward_month_from_quarter_contract|historical_household_statistics_scope_assumed|partial_shape_coverage|retrospective_exact_source_interpretation|spot_forward_curve_with_rolling_365_intraday_shape
2026-07-23,fuabtk-parikkalan-valo-oy-spot-valo,5000,changed,spot,spot,542.2712,543.2333776614709,forward_curve_spot,forward_curve_spot,,exact_source_legacy_null_observation_binding|forward_month_from_quarter_contract|historical_household_statistics_scope_assumed|partial_shape_coverage|retrospective_exact_source_interpretation|spot_forward_curve_with_rolling_365_intraday_shape
2026-07-23,fuabtk-parikkalan-valo-oy-spot-valo,18000,changed,spot,spot,1807.0964,1810.560159581295,forward_curve_spot,forward_curve_spot,,exact_source_legacy_null_observation_binding|forward_month_from_quarter_contract|historical_household_statistics_scope_assumed|partial_shape_coverage|retrospective_exact_source_interpretation|spot_forward_curve_with_rolling_365_intraday_shape
2026-07-23,fwgtme-fortum-markets-oy-fortum-kesto-yleissahko,2000,changed,open_ended,open_ended,259.32,354.13153897849463,none,recurring_forward_curve_shift,,exact_source_legacy_null_observation_binding|forward_month_from_quarter_contract|historical_household_statistics_scope_assumed|reset_tail_shifted_on_forward_curve|retrospective_exact_source_interpretation
2026-07-23,fwgtme-fortum-markets-oy-fortum-kesto-yleissahko,5000,changed,open_ended,open_ended,559.02,796.0488474462368,none,recurring_forward_curve_shift,,exact_source_legacy_null_observation_binding|forward_month_from_quarter_contract|historical_household_statistics_scope_assumed|reset_tail_shifted_on_forward_curve|retrospective_exact_source_interpretation
2026-07-23,fwgtme-fortum-markets-oy-fortum-kesto-yleissahko,18000,changed,open_ended,open_ended,1857.72,2711.0238508064513,none,recurring_forward_curve_shift,,exact_source_legacy_null_observation_binding|forward_month_from_quarter_contract|historical_household_statistics_scope_assumed|reset_tail_shifted_on_forward_curve|retrospective_exact_source_interpretation
2026-07-23,gde7ex-pohjois-karjalan-sahko-oy-oiva-plus,5000,changed,open_ended,open_ended,532.395,656.5123914650537,none,recurring_forward_curve_shift,,exact_source_legacy_null_observation_binding|forward_month_from_quarter_contract|historical_household_statistics_scope_assumed|reset_tail_shifted_on_forward_curve|retrospective_exact_source_interpretation|unknown_periods_use_latest_applicable_price_or_disclosed_normal
2026-07-23,gde7ex-pohjois-karjalan-sahko-oy-oiva-plus,18000,changed,open_ended,open_ended,1774.35,2221.1726092741933,none,recurring_forward_curve_shift,,exact_source_legacy_null_observation_binding|forward_month_from_quarter_contract|historical_household_statistics_scope_assumed|reset_tail_shifted_on_forward_curve|retrospective_exact_source_interpretation|unknown_periods_use_latest_applicable_price_or_disclosed_normal
2026-07-23,gduez1-parikkalan-valo-oy-kesto-valo-kanta-asiakas,2000,changed,open_ended,open_ended,314.2,297.9166087365591,none,supplier_adjusted_forward_premium,,calendar_gap_within_observed_price_episode|exact_source_legacy_null_observation_binding|historical_exact_contract_only|historical_household_statistics_scope_assumed|lower_confidence_energy_episode_proxy|missing_own_reference_using_comparable_premium|price_episode_left_censored|price_episode_observed_proxy|price_episode_uses_dedicated_historical_interpretation|price_episode_uses_retrospective_exact_source_interpretation|retrospective_exact_source_interpretation|supplier_adjusted_monthly_fee_held_flat|supplier_adjusted_tail_uses_comparable_forward_premium
2026-07-23,gduez1-parikkalan-valo-oy-kesto-valo-kanta-asiakas,5000,changed,open_ended,open_ended,701.8,661.0915218413978,none,supplier_adjusted_forward_premium,,calendar_gap_within_observed_price_episode|exact_source_legacy_null_observation_binding|historical_exact_contract_only|historical_household_statistics_scope_assumed|lower_confidence_energy_episode_proxy|missing_own_reference_using_comparable_premium|price_episode_left_censored|price_episode_observed_proxy|price_episode_uses_dedicated_historical_interpretation|price_episode_uses_retrospective_exact_source_interpretation|retrospective_exact_source_interpretation|supplier_adjusted_monthly_fee_held_flat|supplier_adjusted_tail_uses_comparable_forward_premium
2026-07-23,gduez1-parikkalan-valo-oy-kesto-valo-kanta-asiakas,18000,changed,open_ended,open_ended,2381.4,2234.849478629032,none,supplier_adjusted_forward_premium,,calendar_gap_within_observed_price_episode|exact_source_legacy_null_observation_binding|historical_exact_contract_only|historical_household_statistics_scope_assumed|lower_confidence_energy_episode_proxy|missing_own_reference_using_comparable_premium|price_episode_left_censored|price_episode_observed_proxy|price_episode_uses_dedicated_historical_interpretation|price_episode_uses_retrospective_exact_source_interpretation|retrospective_exact_source_interpretation|supplier_adjusted_monthly_fee_held_flat|supplier_adjusted_tail_uses_comparable_forward_premium
2026-07-23,geyuyu-helen-oy-maaraaikainen-perussahko-31102027-asti,2000,changed,fixed_term_13_23,fixed_term_13_23,282.08,282.0799999999999,none,none,,exact_source_legacy_null_observation_binding|historical_household_statistics_scope_assumed|retrospective_exact_source_interpretation
2026-07-23,geyuyu-helen-oy-maaraaikainen-perussahko-31102027-asti,5000,changed,fixed_term_13_23,fixed_term_13_23,597.38,597.3800000000001,none,none,,exact_source_legacy_null_observation_binding|historical_household_statistics_scope_assumed|retrospective_exact_source_interpretation
2026-07-23,geyuyu-helen-oy-maaraaikainen-perussahko-31102027-asti,18000,changed,fixed_term_13_23,fixed_term_13_23,1963.68,1963.68,none,none,,exact_source_legacy_null_observation_binding|historical_household_statistics_scope_assumed|retrospective_exact_source_interpretation
2026-07-23,ggpwbi-parikkalan-valo-oy-kesto-valo-kanta-asiakas,2000,changed,open_ended,open_ended,212.8,289.56038817204296,none,supplier_adjusted_forward_curve_shift,,exact_source_legacy_null_observation_binding|forward_month_from_quarter_contract|historical_exact_contract_only|historical_household_statistics_scope_assumed|price_episode_left_censored|price_episode_observed_proxy|price_episode_uses_dedicated_historical_interpretation|price_episode_uses_retrospective_exact_source_interpretation|retrospective_exact_source_interpretation|supplier_adjusted_monthly_fee_held_flat|supplier_adjusted_tail_shifted_on_forward_curve
2026-07-23,ggpwbi-parikkalan-valo-oy-kesto-valo-kanta-asiakas,5000,changed,open_ended,open_ended,448.3,640.2009704301076,none,supplier_adjusted_forward_curve_shift,,exact_source_legacy_null_observation_binding|forward_month_from_quarter_contract|historical_exact_contract_only|historical_household_statistics_scope_assumed|price_episode_left_censored|price_episode_observed_proxy|price_episode_uses_dedicated_historical_interpretation|price_episode_uses_retrospective_exact_source_interpretation|retrospective_exact_source_interpretation|supplier_adjusted_monthly_fee_held_flat|supplier_adjusted_tail_shifted_on_forward_curve
2026-07-23,ggpwbi-parikkalan-valo-oy-kesto-valo-kanta-asiakas,18000,changed,open_ended,open_ended,1468.8,2159.6434935483867,none,supplier_adjusted_forward_curve_shift,,exact_source_legacy_null_observation_binding|forward_month_from_quarter_contract|historical_exact_contract_only|historical_household_statistics_scope_assumed|price_episode_left_censored|price_episode_observed_proxy|price_episode_uses_dedicated_historical_interpretation|price_episode_uses_retrospective_exact_source_interpretation|retrospective_exact_source_interpretation|supplier_adjusted_monthly_fee_held_flat|supplier_adjusted_tail_shifted_on_forward_curve
2026-07-23,gmctvj-korpelan-energia-oy-korpela-kesto-12-kk,2000,changed,hybrid,hybrid,245,245.00000000000006,none,hybrid_base_only,,exact_source_legacy_null_observation_binding|excludes_consumption_effect|historical_household_statistics_scope_assumed|retrospective_exact_source_interpretation
2026-07-23,gmctvj-korpelan-energia-oy-korpela-kesto-12-kk,5000,changed,hybrid,hybrid,531.5,531.5000000000001,none,hybrid_base_only,,exact_source_legacy_null_observation_binding|excludes_consumption_effect|historical_household_statistics_scope_assumed|retrospective_exact_source_interpretation
2026-07-23,gmctvj-korpelan-energia-oy-korpela-kesto-12-kk,18000,changed,hybrid,hybrid,1773,1773,none,hybrid_base_only,,exact_source_legacy_null_observation_binding|excludes_consumption_effect|historical_household_statistics_scope_assumed|retrospective_exact_source_interpretation
2026-07-23,grl0lx-parikkalan-valo-oy-spot-valo,2000,changed,spot,spot,250.3885,250.77335106458833,forward_curve_spot,forward_curve_spot,,canonical_interpretation_rejected_by_exact_target_validation|exact_source_legacy_null_observation_binding|forward_month_from_quarter_contract|historical_household_statistics_scope_assumed|partial_shape_coverage|retrospective_exact_source_interpretation|spot_forward_curve_with_rolling_365_intraday_shape
2026-07-23,grl0lx-parikkalan-valo-oy-spot-valo,5000,changed,spot,spot,542.2712,543.2333776614709,forward_curve_spot,forward_curve_spot,,canonical_interpretation_rejected_by_exact_target_validation|exact_source_legacy_null_observation_binding|forward_month_from_quarter_contract|historical_household_statistics_scope_assumed|partial_shape_coverage|retrospective_exact_source_interpretation|spot_forward_curve_with_rolling_365_intraday_shape
2026-07-23,grl0lx-parikkalan-valo-oy-spot-valo,18000,changed,spot,spot,1807.0964,1810.560159581295,forward_curve_spot,forward_curve_spot,,canonical_interpretation_rejected_by_exact_target_validation|exact_source_legacy_null_observation_binding|forward_month_from_quarter_contract|historical_household_statistics_scope_assumed|partial_shape_coverage|retrospective_exact_source_interpretation|spot_forward_curve_with_rolling_365_intraday_shape
2026-07-23,gtjlmh-paneliankosken-voima-oy-kosken-kayttowoima-24-kk-kulutusjousto,2000,changed,hybrid,hybrid,222,222,none,hybrid_base_only,,exact_source_legacy_null_observation_binding|excludes_consumption_effect|historical_household_statistics_scope_assumed|retrospective_exact_source_interpretation
2026-07-23,gtjlmh-paneliankosken-voima-oy-kosken-kayttowoima-24-kk-kulutusjousto,5000,changed,hybrid,hybrid,483,483,none,hybrid_base_only,,exact_source_legacy_null_observation_binding|excludes_consumption_effect|historical_household_statistics_scope_assumed|retrospective_exact_source_interpretation
2026-07-23,gtjlmh-paneliankosken-voima-oy-kosken-kayttowoima-24-kk-kulutusjousto,18000,changed,hybrid,hybrid,1614,1614,none,hybrid_base_only,,exact_source_legacy_null_observation_binding|excludes_consumption_effect|historical_household_statistics_scope_assumed|retrospective_exact_source_interpretation
2026-07-23,gwappc-kuoreveden-sahko-oy-porssisahko-ydinvoima,2000,changed,spot,spot,269.0285,269.4133510645883,forward_curve_spot,forward_curve_spot,,exact_source_legacy_null_observation_binding|forward_month_from_quarter_contract|historical_household_statistics_scope_assumed|partial_shape_coverage|retrospective_exact_source_interpretation|spot_forward_curve_with_rolling_365_intraday_shape
2026-07-23,gwappc-kuoreveden-sahko-oy-porssisahko-ydinvoima,5000,changed,spot,spot,572.3112,573.2733776614709,forward_curve_spot,forward_curve_spot,,exact_source_legacy_null_observation_binding|forward_month_from_quarter_contract|historical_household_statistics_scope_assumed|partial_shape_coverage|retrospective_exact_source_interpretation|spot_forward_curve_with_rolling_365_intraday_shape
2026-07-23,gwappc-kuoreveden-sahko-oy-porssisahko-ydinvoima,18000,changed,spot,spot,1886.5364,1890.0001595812948,forward_curve_spot,forward_curve_spot,,exact_source_legacy_null_observation_binding|forward_month_from_quarter_contract|historical_household_statistics_scope_assumed|partial_shape_coverage|retrospective_exact_source_interpretation|spot_forward_curve_with_rolling_365_intraday_shape
2026-07-23,gxeryx-parikkalan-valo-oy-kesto-valo-kanta-asiakas,2000,changed,open_ended,open_ended,212.8,289.56038817204296,none,supplier_adjusted_forward_curve_shift,,exact_source_legacy_null_observation_binding|forward_month_from_quarter_contract|historical_exact_contract_only|historical_household_statistics_scope_assumed|price_episode_left_censored|price_episode_observed_proxy|price_episode_uses_dedicated_historical_interpretation|price_episode_uses_retrospective_exact_source_interpretation|retrospective_exact_source_interpretation|supplier_adjusted_monthly_fee_held_flat|supplier_adjusted_tail_shifted_on_forward_curve
2026-07-23,gxeryx-parikkalan-valo-oy-kesto-valo-kanta-asiakas,5000,changed,open_ended,open_ended,448.3,640.2009704301075,none,supplier_adjusted_forward_curve_shift,,exact_source_legacy_null_observation_binding|forward_month_from_quarter_contract|historical_exact_contract_only|historical_household_statistics_scope_assumed|price_episode_left_censored|price_episode_observed_proxy|price_episode_uses_dedicated_historical_interpretation|price_episode_uses_retrospective_exact_source_interpretation|retrospective_exact_source_interpretation|supplier_adjusted_monthly_fee_held_flat|supplier_adjusted_tail_shifted_on_forward_curve
2026-07-23,gxeryx-parikkalan-valo-oy-kesto-valo-kanta-asiakas,18000,changed,open_ended,open_ended,1468.8,2159.6434935483867,none,supplier_adjusted_forward_curve_shift,,exact_source_legacy_null_observation_binding|forward_month_from_quarter_contract|historical_exact_contract_only|historical_household_statistics_scope_assumed|price_episode_left_censored|price_episode_observed_proxy|price_episode_uses_dedicated_historical_interpretation|price_episode_uses_retrospective_exact_source_interpretation|retrospective_exact_source_interpretation|supplier_adjusted_monthly_fee_held_flat|supplier_adjusted_tail_shifted_on_forward_curve
2026-07-23,gywy8t-aanekosken-energia-oy-aikasahko,2000,changed,open_ended,open_ended,282.9,280.1321623655914,none,supplier_adjusted_forward_premium,,calendar_gap_within_observed_price_episode|exact_source_legacy_null_observation_binding|historical_exact_contract_only|historical_household_statistics_scope_assumed|lower_confidence_energy_episode_proxy|missing_own_reference_using_comparable_premium|price_episode_left_censored|price_episode_observed_proxy|price_episode_uses_dedicated_historical_interpretation|price_episode_uses_retrospective_exact_source_interpretation|retrospective_exact_source_interpretation|supplier_adjusted_monthly_fee_held_flat|supplier_adjusted_tail_uses_comparable_forward_premium
2026-07-23,gywy8t-aanekosken-energia-oy-aikasahko,5000,changed,open_ended,open_ended,640.65,633.7304059139785,none,supplier_adjusted_forward_premium,,calendar_gap_within_observed_price_episode|exact_source_legacy_null_observation_binding|historical_exact_contract_only|historical_household_statistics_scope_assumed|lower_confidence_energy_episode_proxy|missing_own_reference_using_comparable_premium|price_episode_left_censored|price_episode_observed_proxy|price_episode_uses_dedicated_historical_interpretation|price_episode_uses_retrospective_exact_source_interpretation|retrospective_exact_source_interpretation|supplier_adjusted_monthly_fee_held_flat|supplier_adjusted_tail_uses_comparable_forward_premium
2026-07-23,gywy8t-aanekosken-energia-oy-aikasahko,18000,changed,open_ended,open_ended,2190.9,2165.9894612903227,none,supplier_adjusted_forward_premium,,calendar_gap_within_observed_price_episode|exact_source_legacy_null_observation_binding|historical_exact_contract_only|historical_household_statistics_scope_assumed|lower_confidence_energy_episode_proxy|missing_own_reference_using_comparable_premium|price_episode_left_censored|price_episode_observed_proxy|price_episode_uses_dedicated_historical_interpretation|price_episode_uses_retrospective_exact_source_interpretation|retrospective_exact_source_interpretation|supplier_adjusted_monthly_fee_held_flat|supplier_adjusted_tail_uses_comparable_forward_premium
2026-07-23,h8icyg-hehku-energia-oy-hehku-jatkuva,2000,lost,open_ended,open_ended,228.9,,none,none,canonical_outcome_not_listed,exact_source_legacy_null_observation_binding|historical_household_statistics_scope_assumed|insufficient_promotion_terms|retrospective_exact_source_interpretation
2026-07-23,h8icyg-hehku-energia-oy-hehku-jatkuva,5000,lost,open_ended,open_ended,491.4,,none,none,canonical_outcome_not_listed,exact_source_legacy_null_observation_binding|historical_household_statistics_scope_assumed|insufficient_promotion_terms|retrospective_exact_source_interpretation
2026-07-23,h8icyg-hehku-energia-oy-hehku-jatkuva,18000,lost,open_ended,open_ended,1628.9,,none,none,canonical_outcome_not_listed,exact_source_legacy_null_observation_binding|historical_household_statistics_scope_assumed|insufficient_promotion_terms|retrospective_exact_source_interpretation
2026-07-23,h8zvo7-kokkolan-energia-oy-ranta-24-kk,2000,changed,fixed_term_24,fixed_term_24,242.2,242.2,none,none,,exact_source_legacy_null_observation_binding|historical_household_statistics_scope_assumed|retrospective_exact_source_interpretation
2026-07-23,h8zvo7-kokkolan-energia-oy-ranta-24-kk,5000,changed,fixed_term_24,fixed_term_24,541.6,541.6,none,none,,exact_source_legacy_null_observation_binding|historical_household_statistics_scope_assumed|retrospective_exact_source_interpretation
2026-07-23,h8zvo7-kokkolan-energia-oy-ranta-24-kk,18000,changed,fixed_term_24,fixed_term_24,1839,1839,none,none,,exact_source_legacy_null_observation_binding|historical_household_statistics_scope_assumed|retrospective_exact_source_interpretation
2026-07-23,h925l0-koillis-satakunnan-sahko-oy-vakaawirta-24-kk,2000,changed,fixed_term_24,fixed_term_24,220.08,220.07999999999998,none,none,,exact_source_legacy_null_observation_binding|historical_household_statistics_scope_assumed|retrospective_exact_source_interpretation
2026-07-23,h925l0-koillis-satakunnan-sahko-oy-vakaawirta-24-kk,5000,changed,fixed_term_24,fixed_term_24,489.18,489.17999999999995,none,none,,exact_source_legacy_null_observation_binding|historical_household_statistics_scope_assumed|retrospective_exact_source_interpretation
2026-07-23,h925l0-koillis-satakunnan-sahko-oy-vakaawirta-24-kk,18000,changed,fixed_term_24,fixed_term_24,1655.28,1655.2800000000002,none,none,,exact_source_legacy_null_observation_binding|historical_household_statistics_scope_assumed|retrospective_exact_source_interpretation
2026-07-23,hg40jg-lumme-energia-vuosisahko-24-kk-hinta-joka-ei-heilu,2000,changed,fixed_term_24,fixed_term_24,258.6,258.59999999999997,none,none,,exact_source_legacy_null_observation_binding|historical_household_statistics_scope_assumed|retrospective_exact_source_interpretation
2026-07-23,hg40jg-lumme-energia-vuosisahko-24-kk-hinta-joka-ei-heilu,5000,changed,fixed_term_24,fixed_term_24,540.3,540.3,none,none,,exact_source_legacy_null_observation_binding|historical_household_statistics_scope_assumed|retrospective_exact_source_interpretation
2026-07-23,hg40jg-lumme-energia-vuosisahko-24-kk-hinta-joka-ei-heilu,18000,changed,fixed_term_24,fixed_term_24,1761,1761,none,none,,exact_source_legacy_null_observation_binding|historical_household_statistics_scope_assumed|retrospective_exact_source_interpretation
2026-07-23,hgown7-keravan-energia-oy-kvartaalisahko,2000,changed,quarterly,quarterly,277.88,327.52695658602147,none,recurring_forward_curve_shift,,exact_source_legacy_null_observation_binding|forward_month_from_quarter_contract|historical_household_statistics_scope_assumed|reset_tail_shifted_on_forward_curve|retrospective_exact_source_interpretation|unknown_periods_use_latest_applicable_price_or_disclosed_normal
2026-07-23,hgown7-keravan-energia-oy-kvartaalisahko,5000,changed,quarterly,quarterly,622.88,746.9973914650539,none,recurring_forward_curve_shift,,exact_source_legacy_null_observation_binding|forward_month_from_quarter_contract|historical_household_statistics_scope_assumed|reset_tail_shifted_on_forward_curve|retrospective_exact_source_interpretation|unknown_periods_use_latest_applicable_price_or_disclosed_normal
2026-07-23,hgown7-keravan-energia-oy-kvartaalisahko,18000,changed,quarterly,quarterly,2117.88,2564.7026092741935,none,recurring_forward_curve_shift,,exact_source_legacy_null_observation_binding|forward_month_from_quarter_contract|historical_household_statistics_scope_assumed|reset_tail_shifted_on_forward_curve|retrospective_exact_source_interpretation|unknown_periods_use_latest_applicable_price_or_disclosed_normal
2026-07-23,hh3kd6-kokkolan-energia-oy-aalto-12-kk,2000,changed,hybrid,hybrid,256,256.00000000000006,none,hybrid_base_only,,exact_source_legacy_null_observation_binding|excludes_consumption_effect|historical_household_statistics_scope_assumed|retrospective_exact_source_interpretation
2026-07-23,hh3kd6-kokkolan-energia-oy-aalto-12-kk,5000,changed,hybrid,hybrid,576.1,576.1,none,hybrid_base_only,,exact_source_legacy_null_observation_binding|excludes_consumption_effect|historical_household_statistics_scope_assumed|retrospective_exact_source_interpretation
2026-07-23,hh3kd6-kokkolan-energia-oy-aalto-12-kk,18000,changed,hybrid,hybrid,1963.2,1963.1999999999998,none,hybrid_base_only,,exact_source_legacy_null_observation_binding|excludes_consumption_effect|historical_household_statistics_scope_assumed|retrospective_exact_source_interpretation
2026-07-23,hnapne-lammaisten-energia-oy-iisi-kulutusjousto-yleissahko-24-kk,2000,changed,hybrid,hybrid,230.8,230.8,none,hybrid_base_only,,exact_source_legacy_null_observation_binding|excludes_consumption_effect|historical_household_statistics_scope_assumed|retrospective_exact_source_interpretation
2026-07-23,hnapne-lammaisten-energia-oy-iisi-kulutusjousto-yleissahko-24-kk,5000,changed,hybrid,hybrid,495.1,495.1000000000001,none,hybrid_base_only,,exact_source_legacy_null_observation_binding|excludes_consumption_effect|historical_household_statistics_scope_assumed|retrospective_exact_source_interpretation
2026-07-23,hnapne-lammaisten-energia-oy-iisi-kulutusjousto-yleissahko-24-kk,18000,changed,hybrid,hybrid,1640.4,1640.3999999999999,none,hybrid_base_only,,exact_source_legacy_null_observation_binding|excludes_consumption_effect|historical_household_statistics_scope_assumed|retrospective_exact_source_interpretation
2026-07-23,hprucu-pohjois-karjalan-sahko-oy-optimi-takuu-6-kuukautta,2000,changed,fixed_term_6,fixed_term_6,293.52,293.52,none,term_price_annualized,,exact_source_legacy_null_observation_binding|historical_household_statistics_scope_assumed|retrospective_exact_source_interpretation|term_price_annualized
2026-07-23,hprucu-pohjois-karjalan-sahko-oy-optimi-takuu-6-kuukautta,5000,changed,fixed_term_6,fixed_term_6,651.72,651.72,none,term_price_annualized,,exact_source_legacy_null_observation_binding|historical_household_statistics_scope_assumed|retrospective_exact_source_interpretation|term_price_annualized
2026-07-23,hprucu-pohjois-karjalan-sahko-oy-optimi-takuu-6-kuukautta,18000,changed,fixed_term_6,fixed_term_6,2203.92,2203.92,none,term_price_annualized,,exact_source_legacy_null_observation_binding|historical_household_statistics_scope_assumed|retrospective_exact_source_interpretation|term_price_annualized
2026-07-23,huinlz-koylion-sakylan-sahko-oy-lallin-markkinasahko,2000,changed,spot,spot,256.4685,256.8533510645883,forward_curve_spot,forward_curve_spot,,exact_source_legacy_null_observation_binding|forward_month_from_quarter_contract|historical_household_statistics_scope_assumed|partial_shape_coverage|retrospective_exact_source_interpretation|spot_forward_curve_with_rolling_365_intraday_shape
2026-07-23,huinlz-koylion-sakylan-sahko-oy-lallin-markkinasahko,5000,changed,spot,spot,553.1512,554.1133776614708,forward_curve_spot,forward_curve_spot,,exact_source_legacy_null_observation_binding|forward_month_from_quarter_contract|historical_household_statistics_scope_assumed|partial_shape_coverage|retrospective_exact_source_interpretation|spot_forward_curve_with_rolling_365_intraday_shape
2026-07-23,huinlz-koylion-sakylan-sahko-oy-lallin-markkinasahko,18000,changed,spot,spot,1838.7764,1842.240159581295,forward_curve_spot,forward_curve_spot,,exact_source_legacy_null_observation_binding|forward_month_from_quarter_contract|historical_household_statistics_scope_assumed|partial_shape_coverage|retrospective_exact_source_interpretation|spot_forward_curve_with_rolling_365_intraday_shape
2026-07-23,hwmfco-aalto-energia-oyj-tyyni-jatkuva,2000,changed,open_ended,open_ended,283.45,309.1058186155913,none,supplier_adjusted_forward_premium,,calendar_gap_within_observed_price_episode|exact_source_legacy_null_observation_binding|historical_exact_contract_only|historical_household_statistics_scope_assumed|lower_confidence_energy_episode_proxy|missing_own_reference_using_comparable_premium|price_episode_left_censored|price_episode_observed_proxy|price_episode_uses_dedicated_historical_interpretation|price_episode_uses_retrospective_exact_source_interpretation|retrospective_exact_source_interpretation|supplier_adjusted_monthly_fee_disclosed_phases|supplier_adjusted_tail_uses_comparable_forward_premium
2026-07-23,hwmfco-aalto-energia-oyj-tyyni-jatkuva,5000,changed,open_ended,open_ended,610.45,674.5895465389783,none,supplier_adjusted_forward_premium,,calendar_gap_within_observed_price_episode|exact_source_legacy_null_observation_binding|historical_exact_contract_only|historical_household_statistics_scope_assumed|lower_confidence_energy_episode_proxy|missing_own_reference_using_comparable_premium|price_episode_left_censored|price_episode_observed_proxy|price_episode_uses_dedicated_historical_interpretation|price_episode_uses_retrospective_exact_source_interpretation|retrospective_exact_source_interpretation|supplier_adjusted_monthly_fee_disclosed_phases|supplier_adjusted_tail_uses_comparable_forward_premium
2026-07-23,hwmfco-aalto-energia-oyj-tyyni-jatkuva,18000,changed,open_ended,open_ended,2027.45,2258.3523675403226,none,supplier_adjusted_forward_premium,,calendar_gap_within_observed_price_episode|exact_source_legacy_null_observation_binding|historical_exact_contract_only|historical_household_statistics_scope_assumed|lower_confidence_energy_episode_proxy|missing_own_reference_using_comparable_premium|price_episode_left_censored|price_episode_observed_proxy|price_episode_uses_dedicated_historical_interpretation|price_episode_uses_retrospective_exact_source_interpretation|retrospective_exact_source_interpretation|supplier_adjusted_monthly_fee_disclosed_phases|supplier_adjusted_tail_uses_comparable_forward_premium
2026-07-23,hyi7dt-alajarven-sahko-oy-aikasahko-24-kk,2000,changed,fixed_term_24,fixed_term_24,247.7,247.69999999999993,none,none,,exact_source_legacy_null_observation_binding|historical_household_statistics_scope_assumed|retrospective_exact_source_interpretation
2026-07-23,hyi7dt-alajarven-sahko-oy-aikasahko-24-kk,5000,changed,fixed_term_24,fixed_term_24,538.25,538.25,none,none,,exact_source_legacy_null_observation_binding|historical_household_statistics_scope_assumed|retrospective_exact_source_interpretation
2026-07-23,hyi7dt-alajarven-sahko-oy-aikasahko-24-kk,18000,changed,fixed_term_24,fixed_term_24,1797.3,1797.3,none,none,,exact_source_legacy_null_observation_binding|historical_household_statistics_scope_assumed|retrospective_exact_source_interpretation
2026-07-23,hz5m3u-pohjois-karjalan-sahko-oy-optimi-takuu-24-kuukautta,2000,changed,fixed_term_24,fixed_term_24,258.32,258.31999999999994,none,none,,exact_source_legacy_null_observation_binding|historical_household_statistics_scope_assumed|retrospective_exact_source_interpretation
2026-07-23,hz5m3u-pohjois-karjalan-sahko-oy-optimi-takuu-24-kuukautta,5000,changed,fixed_term_24,fixed_term_24,563.72,563.72,none,none,,exact_source_legacy_null_observation_binding|historical_household_statistics_scope_assumed|retrospective_exact_source_interpretation
2026-07-23,hz5m3u-pohjois-karjalan-sahko-oy-optimi-takuu-24-kuukautta,18000,changed,fixed_term_24,fixed_term_24,1887.12,1887.12,none,none,,exact_source_legacy_null_observation_binding|historical_household_statistics_scope_assumed|retrospective_exact_source_interpretation
2026-07-23,i2i3xp-porvoon-energia-oy-eko-12-kk-luonnonsuojeluliiton-sertifioima-ekoenergia,2000,changed,fixed_term_12,fixed_term_12,264.8,264.8,none,none,,exact_source_legacy_null_observation_binding|historical_household_statistics_scope_assumed|retrospective_exact_source_interpretation
2026-07-23,i2i3xp-porvoon-energia-oy-eko-12-kk-luonnonsuojeluliiton-sertifioima-ekoenergia,5000,changed,fixed_term_12,fixed_term_12,591.8,591.8000000000001,none,none,,exact_source_legacy_null_observation_binding|historical_household_statistics_scope_assumed|retrospective_exact_source_interpretation
2026-07-23,i2i3xp-porvoon-energia-oy-eko-12-kk-luonnonsuojeluliiton-sertifioima-ekoenergia,18000,changed,fixed_term_12,fixed_term_12,2008.8,2008.8,none,none,,exact_source_legacy_null_observation_binding|historical_household_statistics_scope_assumed|retrospective_exact_source_interpretation
2026-07-23,i5gaxw-pohjois-karjalan-sahko-oy-optimi-kuukausi,2000,changed,open_ended,open_ended,198.72,293.53153897849455,none,recurring_forward_curve_shift,,exact_source_legacy_null_observation_binding|forward_month_from_quarter_contract|historical_household_statistics_scope_assumed|reset_tail_shifted_on_forward_curve|retrospective_exact_source_interpretation|unknown_periods_use_latest_applicable_price_or_disclosed_normal
2026-07-23,i5gaxw-pohjois-karjalan-sahko-oy-optimi-kuukausi,5000,changed,open_ended,open_ended,414.72,651.7488474462366,none,recurring_forward_curve_shift,,exact_source_legacy_null_observation_binding|forward_month_from_quarter_contract|historical_household_statistics_scope_assumed|reset_tail_shifted_on_forward_curve|retrospective_exact_source_interpretation|unknown_periods_use_latest_applicable_price_or_disclosed_normal
2026-07-23,i5gaxw-pohjois-karjalan-sahko-oy-optimi-kuukausi,18000,changed,open_ended,open_ended,1350.72,2204.0238508064513,none,recurring_forward_curve_shift,,exact_source_legacy_null_observation_binding|forward_month_from_quarter_contract|historical_household_statistics_scope_assumed|reset_tail_shifted_on_forward_curve|retrospective_exact_source_interpretation|unknown_periods_use_latest_applicable_price_or_disclosed_normal
2026-07-23,i95myh-pohjois-karjalan-sahko-oy-oiva-plus,5000,changed,open_ended,open_ended,500.72,624.8373914650537,none,recurring_forward_curve_shift,,exact_source_legacy_null_observation_binding|forward_month_from_quarter_contract|historical_household_statistics_scope_assumed|reset_tail_shifted_on_forward_curve|retrospective_exact_source_interpretation|unknown_periods_use_latest_applicable_price_or_disclosed_normal
2026-07-23,i95myh-pohjois-karjalan-sahko-oy-oiva-plus,18000,changed,open_ended,open_ended,1660.32,2107.1426092741935,none,recurring_forward_curve_shift,,exact_source_legacy_null_observation_binding|forward_month_from_quarter_contract|historical_household_statistics_scope_assumed|reset_tail_shifted_on_forward_curve|retrospective_exact_source_interpretation|unknown_periods_use_latest_applicable_price_or_disclosed_normal
2026-07-23,icbxvy-vimpelin-voima-oy-sulaketariffi,2000,changed,open_ended,open_ended,198.4,257.6725704301075,none,supplier_adjusted_forward_curve_shift,,exact_source_legacy_null_observation_binding|forward_month_from_quarter_contract|historical_exact_contract_only|historical_household_statistics_scope_assumed|price_episode_left_censored|price_episode_observed_proxy|price_episode_uses_dedicated_historical_interpretation|price_episode_uses_retrospective_exact_source_interpretation|retrospective_exact_source_interpretation|supplier_adjusted_monthly_fee_held_flat|supplier_adjusted_tail_shifted_on_forward_curve
2026-07-23,icbxvy-vimpelin-voima-oy-sulaketariffi,5000,changed,open_ended,open_ended,420.4,568.581426075269,none,supplier_adjusted_forward_curve_shift,,exact_source_legacy_null_observation_binding|forward_month_from_quarter_contract|historical_exact_contract_only|historical_household_statistics_scope_assumed|price_episode_left_censored|price_episode_observed_proxy|price_episode_uses_dedicated_historical_interpretation|price_episode_uses_retrospective_exact_source_interpretation|retrospective_exact_source_interpretation|supplier_adjusted_monthly_fee_held_flat|supplier_adjusted_tail_shifted_on_forward_curve
2026-07-23,icbxvy-vimpelin-voima-oy-sulaketariffi,18000,changed,open_ended,open_ended,1382.4,1915.8531338709674,none,supplier_adjusted_forward_curve_shift,,exact_source_legacy_null_observation_binding|forward_month_from_quarter_contract|historical_exact_contract_only|historical_household_statistics_scope_assumed|price_episode_left_censored|price_episode_observed_proxy|price_episode_uses_dedicated_historical_interpretation|price_episode_uses_retrospective_exact_source_interpretation|retrospective_exact_source_interpretation|supplier_adjusted_monthly_fee_held_flat|supplier_adjusted_tail_shifted_on_forward_curve
2026-07-23,ifr6mw-paneliankosken-voima-oy-kosken-vuosiwoima-12-kk,2000,changed,fixed_term_12,fixed_term_12,242,241.99999999999997,none,none,,exact_source_legacy_null_observation_binding|historical_household_statistics_scope_assumed|retrospective_exact_source_interpretation
2026-07-23,ifr6mw-paneliankosken-voima-oy-kosken-vuosiwoima-12-kk,5000,changed,fixed_term_12,fixed_term_12,533,533,none,none,,exact_source_legacy_null_observation_binding|historical_household_statistics_scope_assumed|retrospective_exact_source_interpretation
2026-07-23,ifr6mw-paneliankosken-voima-oy-kosken-vuosiwoima-12-kk,18000,changed,fixed_term_12,fixed_term_12,1794,1794,none,none,,exact_source_legacy_null_observation_binding|historical_household_statistics_scope_assumed|retrospective_exact_source_interpretation
2026-07-23,iwjgsd-pohjois-karjalan-sahko-oy-tove-perus,2000,changed,open_ended,open_ended,324.72,299.6338831317204,none,supplier_adjusted_forward_premium,,calendar_gap_within_observed_price_episode|exact_source_legacy_null_observation_binding|historical_exact_contract_only|historical_household_statistics_scope_assumed|lower_confidence_energy_episode_proxy|missing_own_reference_using_comparable_premium|price_episode_left_censored|price_episode_observed_proxy|price_episode_uses_dedicated_historical_interpretation|price_episode_uses_retrospective_exact_source_interpretation|retrospective_exact_source_interpretation|supplier_adjusted_monthly_fee_held_flat|supplier_adjusted_tail_uses_comparable_forward_premium
2026-07-23,iwjgsd-pohjois-karjalan-sahko-oy-tove-perus,5000,changed,open_ended,open_ended,729.72,667.0047078293011,none,supplier_adjusted_forward_premium,,calendar_gap_within_observed_price_episode|exact_source_legacy_null_observation_binding|historical_exact_contract_only|historical_household_statistics_scope_assumed|lower_confidence_energy_episode_proxy|missing_own_reference_using_comparable_premium|price_episode_left_censored|price_episode_observed_proxy|price_episode_uses_dedicated_historical_interpretation|price_episode_uses_retrospective_exact_source_interpretation|retrospective_exact_source_interpretation|supplier_adjusted_monthly_fee_held_flat|supplier_adjusted_tail_uses_comparable_forward_premium
2026-07-23,iwjgsd-pohjois-karjalan-sahko-oy-tove-perus,18000,changed,open_ended,open_ended,2484.72,2258.944948185484,none,supplier_adjusted_forward_premium,,calendar_gap_within_observed_price_episode|exact_source_legacy_null_observation_binding|historical_exact_contract_only|historical_household_statistics_scope_assumed|lower_confidence_energy_episode_proxy|missing_own_reference_using_comparable_premium|price_episode_left_censored|price_episode_observed_proxy|price_episode_uses_dedicated_historical_interpretation|price_episode_uses_retrospective_exact_source_interpretation|retrospective_exact_source_interpretation|supplier_adjusted_monthly_fee_held_flat|supplier_adjusted_tail_uses_comparable_forward_premium
2026-07-23,iwrxhg-lankosken-sahko-oy-porssisahko,2000,changed,spot,spot,271.7885,272.17335106458836,forward_curve_spot,forward_curve_spot,,exact_source_legacy_null_observation_binding|forward_month_from_quarter_contract|historical_household_statistics_scope_assumed|partial_shape_coverage|retrospective_exact_source_interpretation|spot_forward_curve_with_rolling_365_intraday_shape
2026-07-23,iwrxhg-lankosken-sahko-oy-porssisahko,5000,changed,spot,spot,571.4712,572.4333776614709,forward_curve_spot,forward_curve_spot,,exact_source_legacy_null_observation_binding|forward_month_from_quarter_contract|historical_household_statistics_scope_assumed|partial_shape_coverage|retrospective_exact_source_interpretation|spot_forward_curve_with_rolling_365_intraday_shape
2026-07-23,iwrxhg-lankosken-sahko-oy-porssisahko,18000,changed,spot,spot,1870.0964,1873.560159581295,forward_curve_spot,forward_curve_spot,,exact_source_legacy_null_observation_binding|forward_month_from_quarter_contract|historical_household_statistics_scope_assumed|partial_shape_coverage|retrospective_exact_source_interpretation|spot_forward_curve_with_rolling_365_intraday_shape
2026-07-23,jbktvc-seinajoen-energia-oy-se-oikea-vuodenaikasahko,2000,changed,open_ended,open_ended,205.9283,265.2009037634408,none,supplier_adjusted_forward_curve_shift,,exact_source_legacy_null_observation_binding|forward_month_from_quarter_contract|historical_exact_contract_only|historical_household_statistics_scope_assumed|price_episode_left_censored|price_episode_observed_proxy|price_episode_uses_dedicated_historical_interpretation|price_episode_uses_retrospective_exact_source_interpretation|retrospective_exact_source_interpretation|supplier_adjusted_monthly_fee_held_flat|supplier_adjusted_tail_shifted_on_forward_curve
2026-07-23,jbktvc-seinajoen-energia-oy-se-oikea-vuodenaikasahko,5000,changed,open_ended,open_ended,423.7408,571.9222594086021,none,supplier_adjusted_forward_curve_shift,,exact_source_legacy_null_observation_binding|forward_month_from_quarter_contract|historical_exact_contract_only|historical_household_statistics_scope_assumed|price_episode_left_censored|price_episode_observed_proxy|price_episode_uses_dedicated_historical_interpretation|price_episode_uses_retrospective_exact_source_interpretation|retrospective_exact_source_interpretation|supplier_adjusted_monthly_fee_held_flat|supplier_adjusted_tail_shifted_on_forward_curve
2026-07-23,jbktvc-seinajoen-energia-oy-se-oikea-vuodenaikasahko,18000,changed,open_ended,open_ended,1367.595,1901.0481338709678,none,supplier_adjusted_forward_curve_shift,,exact_source_legacy_null_observation_binding|forward_month_from_quarter_contract|historical_exact_contract_only|historical_household_statistics_scope_assumed|price_episode_left_censored|price_episode_observed_proxy|price_episode_uses_dedicated_historical_interpretation|price_episode_uses_retrospective_exact_source_interpretation|retrospective_exact_source_interpretation|supplier_adjusted_monthly_fee_held_flat|supplier_adjusted_tail_shifted_on_forward_curve
2026-07-23,jcgh2q-koillis-satakunnan-sahko-oy-vakaawirta-12-kk-kausi,2000,changed,fixed_term_12,fixed_term_12,258.0692,258.06916666666666,none,none,,exact_source_legacy_null_observation_binding|historical_household_statistics_scope_assumed|retrospective_exact_source_interpretation
2026-07-23,jcgh2q-koillis-satakunnan-sahko-oy-vakaawirta-12-kk-kausi,5000,changed,fixed_term_12,fixed_term_12,563.8129,563.8129166666668,none,none,,exact_source_legacy_null_observation_binding|historical_household_statistics_scope_assumed|retrospective_exact_source_interpretation
2026-07-23,jcgh2q-koillis-satakunnan-sahko-oy-vakaawirta-12-kk-kausi,18000,changed,fixed_term_12,fixed_term_12,1888.7025,1888.7024999999999,none,none,,exact_source_legacy_null_observation_binding|historical_household_statistics_scope_assumed|retrospective_exact_source_interpretation
2026-07-23,jf1mar-omavoima-oy-ajoittaja-24-kk,2000,changed,hybrid,hybrid,226.88,226.88,none,hybrid_base_only,,exact_source_legacy_null_observation_binding|excludes_consumption_effect|historical_household_statistics_scope_assumed|retrospective_exact_source_interpretation
2026-07-23,jf1mar-omavoima-oy-ajoittaja-24-kk,5000,changed,hybrid,hybrid,477.38,477.38,none,hybrid_base_only,,exact_source_legacy_null_observation_binding|excludes_consumption_effect|historical_household_statistics_scope_assumed|retrospective_exact_source_interpretation
2026-07-23,jf1mar-omavoima-oy-ajoittaja-24-kk,18000,changed,hybrid,hybrid,1562.88,1562.8799999999999,none,hybrid_base_only,,exact_source_legacy_null_observation_binding|excludes_consumption_effect|historical_household_statistics_scope_assumed|retrospective_exact_source_interpretation
2026-07-23,jhy1qj-vaasan-sahko-myynti-oy-kuukausipaketti-s,2000,changed,open_ended,open_ended,285.2,285.2,none,none,,canonical_interpretation_rejected_by_exact_target_validation|exact_source_legacy_null_observation_binding|historical_household_statistics_scope_assumed|retrospective_exact_source_interpretation
2026-07-23,jhy1qj-vaasan-sahko-myynti-oy-kuukausipaketti-s,5000,changed,open_ended,open_ended,783.2,783.2,none,none,,canonical_interpretation_rejected_by_exact_target_validation|exact_source_legacy_null_observation_binding|historical_household_statistics_scope_assumed|retrospective_exact_source_interpretation
2026-07-23,jhy1qj-vaasan-sahko-myynti-oy-kuukausipaketti-s,18000,changed,open_ended,open_ended,2941.2,2941.2000000000003,none,none,,canonical_interpretation_rejected_by_exact_target_validation|exact_source_legacy_null_observation_binding|historical_household_statistics_scope_assumed|retrospective_exact_source_interpretation
2026-07-23,jjfa7j-koillis-satakunnan-sahko-oy-vakaawirta-24-kk-aika,2000,changed,fixed_term_24,fixed_term_24,243.75,243.74999999999991,none,none,,exact_source_legacy_null_observation_binding|historical_household_statistics_scope_assumed|retrospective_exact_source_interpretation
2026-07-23,jjfa7j-koillis-satakunnan-sahko-oy-vakaawirta-24-kk-aika,5000,changed,fixed_term_24,fixed_term_24,528.015,528.015,none,none,,exact_source_legacy_null_observation_binding|historical_household_statistics_scope_assumed|retrospective_exact_source_interpretation
2026-07-23,jjfa7j-koillis-satakunnan-sahko-oy-vakaawirta-24-kk-aika,18000,changed,fixed_term_24,fixed_term_24,1759.83,1759.8300000000002,none,none,,exact_source_legacy_null_observation_binding|historical_household_statistics_scope_assumed|retrospective_exact_source_interpretation
2026-07-23,jkbkya-omavoima-oy-oma-24kk-kausi,2000,changed,fixed_term_24,fixed_term_24,254.4167,254.41666666666669,none,none,,exact_source_legacy_null_observation_binding|historical_household_statistics_scope_assumed|retrospective_exact_source_interpretation
2026-07-23,jkbkya-omavoima-oy-oma-24kk-kausi,5000,changed,fixed_term_24,fixed_term_24,546.0417,546.0416666666667,none,none,,exact_source_legacy_null_observation_binding|historical_household_statistics_scope_assumed|retrospective_exact_source_interpretation
2026-07-23,jkbkya-omavoima-oy-oma-24kk-kausi,18000,changed,fixed_term_24,fixed_term_24,1809.75,1809.7499999999998,none,none,,exact_source_legacy_null_observation_binding|historical_household_statistics_scope_assumed|retrospective_exact_source_interpretation
2026-07-23,jkbot5-imatran-seudun-sahko-oy-voima-joustava-24-kk,2000,changed,hybrid,hybrid,244.6,244.59999999999997,none,hybrid_base_only,,exact_source_legacy_null_observation_binding|excludes_consumption_effect|historical_household_statistics_scope_assumed|retrospective_exact_source_interpretation
2026-07-23,jkbot5-imatran-seudun-sahko-oy-voima-joustava-24-kk,5000,changed,hybrid,hybrid,505.3,505.29999999999995,none,hybrid_base_only,,exact_source_legacy_null_observation_binding|excludes_consumption_effect|historical_household_statistics_scope_assumed|retrospective_exact_source_interpretation
2026-07-23,jkbot5-imatran-seudun-sahko-oy-voima-joustava-24-kk,18000,changed,hybrid,hybrid,1635,1635,none,hybrid_base_only,,exact_source_legacy_null_observation_binding|excludes_consumption_effect|historical_household_statistics_scope_assumed|retrospective_exact_source_interpretation
2026-07-23,jmy7n8-aanekosken-energia-oy-maalaisjarkisahko-aikasahko-24-kk-paastoton,2000,changed,fixed_term_24,fixed_term_24,246.18,246.17999999999998,none,none,,exact_source_legacy_null_observation_binding|historical_household_statistics_scope_assumed|retrospective_exact_source_interpretation
2026-07-23,jmy7n8-aanekosken-energia-oy-maalaisjarkisahko-aikasahko-24-kk-paastoton,5000,changed,fixed_term_24,fixed_term_24,543.63,543.6300000000001,none,none,,exact_source_legacy_null_observation_binding|historical_household_statistics_scope_assumed|retrospective_exact_source_interpretation
2026-07-23,jmy7n8-aanekosken-energia-oy-maalaisjarkisahko-aikasahko-24-kk-paastoton,18000,changed,fixed_term_24,fixed_term_24,1832.58,1832.58,none,none,,exact_source_legacy_null_observation_binding|historical_household_statistics_scope_assumed|retrospective_exact_source_interpretation
2026-07-23,jrrlvh-parikkalan-valo-oy-kesto-valo-kanta-asiakas,2000,changed,open_ended,open_ended,212.8,289.56038817204296,none,supplier_adjusted_forward_curve_shift,,exact_source_legacy_null_observation_binding|forward_month_from_quarter_contract|historical_exact_contract_only|historical_household_statistics_scope_assumed|price_episode_left_censored|price_episode_observed_proxy|price_episode_uses_dedicated_historical_interpretation|price_episode_uses_retrospective_exact_source_interpretation|retrospective_exact_source_interpretation|supplier_adjusted_monthly_fee_held_flat|supplier_adjusted_tail_shifted_on_forward_curve
2026-07-23,jrrlvh-parikkalan-valo-oy-kesto-valo-kanta-asiakas,5000,changed,open_ended,open_ended,448.3,640.2009704301076,none,supplier_adjusted_forward_curve_shift,,exact_source_legacy_null_observation_binding|forward_month_from_quarter_contract|historical_exact_contract_only|historical_household_statistics_scope_assumed|price_episode_left_censored|price_episode_observed_proxy|price_episode_uses_dedicated_historical_interpretation|price_episode_uses_retrospective_exact_source_interpretation|retrospective_exact_source_interpretation|supplier_adjusted_monthly_fee_held_flat|supplier_adjusted_tail_shifted_on_forward_curve
2026-07-23,jrrlvh-parikkalan-valo-oy-kesto-valo-kanta-asiakas,18000,changed,open_ended,open_ended,1468.8,2159.6434935483867,none,supplier_adjusted_forward_curve_shift,,exact_source_legacy_null_observation_binding|forward_month_from_quarter_contract|historical_exact_contract_only|historical_household_statistics_scope_assumed|price_episode_left_censored|price_episode_observed_proxy|price_episode_uses_dedicated_historical_interpretation|price_episode_uses_retrospective_exact_source_interpretation|retrospective_exact_source_interpretation|supplier_adjusted_monthly_fee_held_flat|supplier_adjusted_tail_shifted_on_forward_curve
2026-07-23,jrtvhz-helen-oy-valkkysahko,2000,changed,hybrid,hybrid,329.88,329.88,none,hybrid_base_only,,canonical_interpretation_rejected_by_exact_target_validation|exact_source_legacy_null_observation_binding|excludes_consumption_effect|historical_household_statistics_scope_assumed|retrospective_exact_source_interpretation
2026-07-23,jrtvhz-helen-oy-valkkysahko,5000,changed,hybrid,hybrid,716.88,716.8800000000001,none,hybrid_base_only,,canonical_interpretation_rejected_by_exact_target_validation|exact_source_legacy_null_observation_binding|excludes_consumption_effect|historical_household_statistics_scope_assumed|retrospective_exact_source_interpretation
2026-07-23,jrtvhz-helen-oy-valkkysahko,18000,changed,hybrid,hybrid,2393.88,2393.88,none,hybrid_base_only,,canonical_interpretation_rejected_by_exact_target_validation|exact_source_legacy_null_observation_binding|excludes_consumption_effect|historical_household_statistics_scope_assumed|retrospective_exact_source_interpretation
2026-07-23,jt9vxd-imatran-seudun-sahko-oy-voima-joustava-12-kk,2000,changed,hybrid,hybrid,278.6,278.6,none,hybrid_base_only,,exact_source_legacy_null_observation_binding|excludes_consumption_effect|historical_household_statistics_scope_assumed|retrospective_exact_source_interpretation
2026-07-23,jt9vxd-imatran-seudun-sahko-oy-voima-joustava-12-kk,5000,changed,hybrid,hybrid,590.3,590.3000000000001,none,hybrid_base_only,,exact_source_legacy_null_observation_binding|excludes_consumption_effect|historical_household_statistics_scope_assumed|retrospective_exact_source_interpretation
2026-07-23,jt9vxd-imatran-seudun-sahko-oy-voima-joustava-12-kk,18000,changed,hybrid,hybrid,1941,1940.9999999999998,none,hybrid_base_only,,exact_source_legacy_null_observation_binding|excludes_consumption_effect|historical_household_statistics_scope_assumed|retrospective_exact_source_interpretation
2026-07-23,jv1sdq-pohjois-karjalan-sahko-oy-optimi-kuukausi,2000,changed,open_ended,open_ended,198.72,293.53153897849455,none,recurring_forward_curve_shift,,exact_source_legacy_null_observation_binding|forward_month_from_quarter_contract|historical_household_statistics_scope_assumed|reset_tail_shifted_on_forward_curve|retrospective_exact_source_interpretation|unknown_periods_use_latest_applicable_price_or_disclosed_normal
2026-07-23,jv1sdq-pohjois-karjalan-sahko-oy-optimi-kuukausi,5000,changed,open_ended,open_ended,414.72,651.7488474462365,none,recurring_forward_curve_shift,,exact_source_legacy_null_observation_binding|forward_month_from_quarter_contract|historical_household_statistics_scope_assumed|reset_tail_shifted_on_forward_curve|retrospective_exact_source_interpretation|unknown_periods_use_latest_applicable_price_or_disclosed_normal
2026-07-23,jv1sdq-pohjois-karjalan-sahko-oy-optimi-kuukausi,18000,changed,open_ended,open_ended,1350.72,2204.0238508064513,none,recurring_forward_curve_shift,,exact_source_legacy_null_observation_binding|forward_month_from_quarter_contract|historical_household_statistics_scope_assumed|reset_tail_shifted_on_forward_curve|retrospective_exact_source_interpretation|unknown_periods_use_latest_applicable_price_or_disclosed_normal
2026-07-23,k5jsrm-turku-energia-oy-louna-arki,2000,changed,open_ended,open_ended,271.68,313.51373817204296,none,supplier_adjusted_forward_curve_shift,,exact_source_legacy_null_observation_binding|forward_month_from_quarter_contract|historical_exact_contract_only|historical_household_statistics_scope_assumed|price_episode_left_censored|price_episode_observed_proxy|price_episode_uses_dedicated_historical_interpretation|price_episode_uses_retrospective_exact_source_interpretation|retrospective_exact_source_interpretation|supplier_adjusted_monthly_fee_held_flat|supplier_adjusted_tail_shifted_on_forward_curve
2026-07-23,k5jsrm-turku-energia-oy-louna-arki,5000,changed,open_ended,open_ended,577.68,682.2643454301076,none,supplier_adjusted_forward_curve_shift,,exact_source_legacy_null_observation_binding|forward_month_from_quarter_contract|historical_exact_contract_only|historical_household_statistics_scope_assumed|price_episode_left_censored|price_episode_observed_proxy|price_episode_uses_dedicated_historical_interpretation|price_episode_uses_retrospective_exact_source_interpretation|retrospective_exact_source_interpretation|supplier_adjusted_monthly_fee_held_flat|supplier_adjusted_tail_shifted_on_forward_curve
2026-07-23,k5jsrm-turku-energia-oy-louna-arki,18000,changed,open_ended,open_ended,1903.68,2280.183643548387,none,supplier_adjusted_forward_curve_shift,,exact_source_legacy_null_observation_binding|forward_month_from_quarter_contract|historical_exact_contract_only|historical_household_statistics_scope_assumed|price_episode_left_censored|price_episode_observed_proxy|price_episode_uses_dedicated_historical_interpretation|price_episode_uses_retrospective_exact_source_interpretation|retrospective_exact_source_interpretation|supplier_adjusted_monthly_fee_held_flat|supplier_adjusted_tail_shifted_on_forward_curve
2026-07-23,ki6odb-kokkolan-energia-oy-ranta-6-kk,2000,changed,fixed_term_6,fixed_term_6,295.4,295.4,none,term_price_annualized,,exact_source_legacy_null_observation_binding|historical_household_statistics_scope_assumed|retrospective_exact_source_interpretation|term_price_annualized
2026-07-23,ki6odb-kokkolan-energia-oy-ranta-6-kk,5000,changed,fixed_term_6,fixed_term_6,674.6,674.6000000000001,none,term_price_annualized,,exact_source_legacy_null_observation_binding|historical_household_statistics_scope_assumed|retrospective_exact_source_interpretation|term_price_annualized
2026-07-23,ki6odb-kokkolan-energia-oy-ranta-6-kk,18000,changed,fixed_term_6,fixed_term_6,2317.8,2317.8,none,term_price_annualized,,exact_source_legacy_null_observation_binding|historical_household_statistics_scope_assumed|retrospective_exact_source_interpretation|term_price_annualized
2026-07-23,kjngro-pohjois-karjalan-sahko-oy-optimi-takuu-12-kuukautta,2000,changed,fixed_term_12,fixed_term_12,264.32,264.32000000000005,none,none,,exact_source_legacy_null_observation_binding|historical_household_statistics_scope_assumed|retrospective_exact_source_interpretation
2026-07-23,kjngro-pohjois-karjalan-sahko-oy-optimi-takuu-12-kuukautta,5000,changed,fixed_term_12,fixed_term_12,578.72,578.72,none,none,,exact_source_legacy_null_observation_binding|historical_household_statistics_scope_assumed|retrospective_exact_source_interpretation
2026-07-23,kjngro-pohjois-karjalan-sahko-oy-optimi-takuu-12-kuukautta,18000,changed,fixed_term_12,fixed_term_12,1941.12,1941.12,none,none,,exact_source_legacy_null_observation_binding|historical_household_statistics_scope_assumed|retrospective_exact_source_interpretation
2026-07-23,kjye7s-pohjois-karjalan-sahko-oy-optimi-takuu-6-kuukautta,2000,changed,fixed_term_6,fixed_term_6,280.47,280.46999999999997,none,term_price_annualized,,exact_source_legacy_null_observation_binding|historical_household_statistics_scope_assumed|retrospective_exact_source_interpretation|term_price_annualized
2026-07-23,kjye7s-pohjois-karjalan-sahko-oy-optimi-takuu-6-kuukautta,5000,changed,fixed_term_6,fixed_term_6,619.095,619.095,none,term_price_annualized,,exact_source_legacy_null_observation_binding|historical_household_statistics_scope_assumed|retrospective_exact_source_interpretation|term_price_annualized
2026-07-23,kjye7s-pohjois-karjalan-sahko-oy-optimi-takuu-6-kuukautta,18000,changed,fixed_term_6,fixed_term_6,2086.47,2086.47,none,term_price_annualized,,exact_source_legacy_null_observation_binding|historical_household_statistics_scope_assumed|retrospective_exact_source_interpretation|term_price_annualized
2026-07-23,kl9bng-seinajoen-energia-oy-porssisahko,2000,changed,spot,spot,244.7885,245.17335106458836,forward_curve_spot,forward_curve_spot,,exact_source_legacy_null_observation_binding|forward_month_from_quarter_contract|historical_household_statistics_scope_assumed|partial_shape_coverage|retrospective_exact_source_interpretation|spot_forward_curve_with_rolling_365_intraday_shape
2026-07-23,kl9bng-seinajoen-energia-oy-porssisahko,5000,changed,spot,spot,539.0712,540.0333776614709,forward_curve_spot,forward_curve_spot,,exact_source_legacy_null_observation_binding|forward_month_from_quarter_contract|historical_household_statistics_scope_assumed|partial_shape_coverage|retrospective_exact_source_interpretation|spot_forward_curve_with_rolling_365_intraday_shape
2026-07-23,kl9bng-seinajoen-energia-oy-porssisahko,18000,changed,spot,spot,1814.2964,1817.760159581295,forward_curve_spot,forward_curve_spot,,exact_source_legacy_null_observation_binding|forward_month_from_quarter_contract|historical_household_statistics_scope_assumed|partial_shape_coverage|retrospective_exact_source_interpretation|spot_forward_curve_with_rolling_365_intraday_shape
2026-07-23,kngjot-keravan-energia-oy-tuulikvartaalisahko,2000,changed,quarterly,quarterly,297.88,347.52695658602147,none,recurring_forward_curve_shift,,canonical_interpretation_rejected_by_exact_target_validation|exact_source_legacy_null_observation_binding|forward_month_from_quarter_contract|historical_household_statistics_scope_assumed|historical_temporal_source_validation_unavailable|reset_tail_shifted_on_forward_curve|retrospective_exact_source_interpretation
2026-07-23,kngjot-keravan-energia-oy-tuulikvartaalisahko,5000,changed,quarterly,quarterly,672.88,796.9973914650537,none,recurring_forward_curve_shift,,canonical_interpretation_rejected_by_exact_target_validation|exact_source_legacy_null_observation_binding|forward_month_from_quarter_contract|historical_household_statistics_scope_assumed|historical_temporal_source_validation_unavailable|reset_tail_shifted_on_forward_curve|retrospective_exact_source_interpretation
2026-07-23,kngjot-keravan-energia-oy-tuulikvartaalisahko,18000,changed,quarterly,quarterly,2297.88,2744.7026092741935,none,recurring_forward_curve_shift,,canonical_interpretation_rejected_by_exact_target_validation|exact_source_legacy_null_observation_binding|forward_month_from_quarter_contract|historical_household_statistics_scope_assumed|historical_temporal_source_validation_unavailable|reset_tail_shifted_on_forward_curve|retrospective_exact_source_interpretation
2026-07-23,kw0pi8-turku-energia-oy-louna-helppo-xs,2000,lost,open_ended,open_ended,285.4,,none,none,canonical_outcome_not_listed,exact_source_legacy_null_observation_binding|historical_household_statistics_scope_assumed|retrospective_exact_source_interpretation
2026-07-23,kw0pi8-turku-energia-oy-louna-helppo-xs,5000,lost,open_ended,open_ended,551.5,,none,none,canonical_outcome_not_listed,exact_source_legacy_null_observation_binding|historical_household_statistics_scope_assumed|retrospective_exact_source_interpretation
2026-07-23,kw0pi8-turku-energia-oy-louna-helppo-xs,18000,lost,open_ended,open_ended,1704.6,,none,none,canonical_outcome_not_listed,exact_source_legacy_null_observation_binding|historical_household_statistics_scope_assumed|retrospective_exact_source_interpretation
2026-07-23,kwaswq-koillis-satakunnan-sahko-oy-vakaawirta-12-kk,2000,changed,fixed_term_12,fixed_term_12,233.88,233.88000000000002,none,none,,exact_source_legacy_null_observation_binding|historical_household_statistics_scope_assumed|retrospective_exact_source_interpretation
2026-07-23,kwaswq-koillis-satakunnan-sahko-oy-vakaawirta-12-kk,5000,changed,fixed_term_12,fixed_term_12,523.68,523.6800000000001,none,none,,exact_source_legacy_null_observation_binding|historical_household_statistics_scope_assumed|retrospective_exact_source_interpretation
2026-07-23,kwaswq-koillis-satakunnan-sahko-oy-vakaawirta-12-kk,18000,changed,fixed_term_12,fixed_term_12,1779.48,1779.48,none,none,,exact_source_legacy_null_observation_binding|historical_household_statistics_scope_assumed|retrospective_exact_source_interpretation
2026-07-23,kz9acg-cheap-energy-finland-oy-cheap-porssisahko-kampanja-perusmaksualennus-6-kk-490-kk-ja-marginaalialennus-6kk-039-sntkwh,2000,changed,spot,spot,225.1885,229.47335106458831,forward_curve_spot,forward_curve_spot,,exact_source_legacy_null_observation_binding|forward_month_from_quarter_contract|historical_household_statistics_scope_assumed|partial_shape_coverage|retrospective_exact_source_interpretation|spot_forward_curve_with_rolling_365_intraday_shape
2026-07-23,kz9acg-cheap-energy-finland-oy-cheap-porssisahko-kampanja-perusmaksualennus-6-kk-490-kk-ja-marginaalialennus-6kk-039-sntkwh,5000,changed,spot,spot,518.8712,529.5833776614709,forward_curve_spot,forward_curve_spot,,exact_source_legacy_null_observation_binding|forward_month_from_quarter_contract|historical_household_statistics_scope_assumed|partial_shape_coverage|retrospective_exact_source_interpretation|spot_forward_curve_with_rolling_365_intraday_shape
2026-07-23,kz9acg-cheap-energy-finland-oy-cheap-porssisahko-kampanja-perusmaksualennus-6-kk-490-kk-ja-marginaalialennus-6kk-039-sntkwh,18000,changed,spot,spot,1791.4964,1830.060159581295,forward_curve_spot,forward_curve_spot,,exact_source_legacy_null_observation_binding|forward_month_from_quarter_contract|historical_household_statistics_scope_assumed|partial_shape_coverage|retrospective_exact_source_interpretation|spot_forward_curve_with_rolling_365_intraday_shape
2026-07-23,lazesb-keuruun-sahko-oy-kausisahko,2000,changed,open_ended,open_ended,280.85,289.43942043010753,none,supplier_adjusted_forward_premium,,calendar_gap_within_observed_price_episode|exact_source_legacy_null_observation_binding|historical_exact_contract_only|historical_household_statistics_scope_assumed|lower_confidence_energy_episode_proxy|missing_own_reference_using_comparable_premium|price_episode_left_censored|price_episode_observed_proxy|price_episode_uses_dedicated_historical_interpretation|price_episode_uses_retrospective_exact_source_interpretation|retrospective_exact_source_interpretation|supplier_adjusted_monthly_fee_held_flat|supplier_adjusted_tail_uses_comparable_forward_premium
2026-07-23,lazesb-keuruun-sahko-oy-kausisahko,5000,changed,open_ended,open_ended,620.225,641.6985510752687,none,supplier_adjusted_forward_premium,,calendar_gap_within_observed_price_episode|exact_source_legacy_null_observation_binding|historical_exact_contract_only|historical_household_statistics_scope_assumed|lower_confidence_energy_episode_proxy|missing_own_reference_using_comparable_premium|price_episode_left_censored|price_episode_observed_proxy|price_episode_uses_dedicated_historical_interpretation|price_episode_uses_retrospective_exact_source_interpretation|retrospective_exact_source_interpretation|supplier_adjusted_monthly_fee_held_flat|supplier_adjusted_tail_uses_comparable_forward_premium
2026-07-23,lazesb-keuruun-sahko-oy-kausisahko,18000,changed,open_ended,open_ended,2090.85,2168.154783870967,none,supplier_adjusted_forward_premium,,calendar_gap_within_observed_price_episode|exact_source_legacy_null_observation_binding|historical_exact_contract_only|historical_household_statistics_scope_assumed|lower_confidence_energy_episode_proxy|missing_own_reference_using_comparable_premium|price_episode_left_censored|price_episode_observed_proxy|price_episode_uses_dedicated_historical_interpretation|price_episode_uses_retrospective_exact_source_interpretation|retrospective_exact_source_interpretation|supplier_adjusted_monthly_fee_held_flat|supplier_adjusted_tail_uses_comparable_forward_premium
2026-07-23,lecan2-hehku-energia-oy-hehku-kiintea-6-kk,2000,changed,fixed_term_6,fixed_term_6,273.7,268.8,none,term_price_annualized,,exact_source_legacy_null_observation_binding|historical_household_statistics_scope_assumed|retrospective_exact_source_interpretation|term_price_annualized
2026-07-23,lecan2-hehku-energia-oy-hehku-kiintea-6-kk,5000,changed,fixed_term_6,fixed_term_6,603.4,598.5000000000001,none,term_price_annualized,,exact_source_legacy_null_observation_binding|historical_household_statistics_scope_assumed|retrospective_exact_source_interpretation|term_price_annualized
2026-07-23,lecan2-hehku-energia-oy-hehku-kiintea-6-kk,18000,changed,fixed_term_6,fixed_term_6,2032.1,2027.2,none,term_price_annualized,,exact_source_legacy_null_observation_binding|historical_household_statistics_scope_assumed|retrospective_exact_source_interpretation|term_price_annualized
2026-07-23,lmfnl2-koillis-satakunnan-sahko-oy-ikiwirta-12-kk-aika,2000,changed,fixed_term_12,fixed_term_12,265.01,265.01,none,none,,exact_source_legacy_null_observation_binding|historical_household_statistics_scope_assumed|retrospective_exact_source_interpretation
2026-07-23,lmfnl2-koillis-satakunnan-sahko-oy-ikiwirta-12-kk-aika,5000,changed,fixed_term_12,fixed_term_12,581.165,581.1650000000001,none,none,,exact_source_legacy_null_observation_binding|historical_household_statistics_scope_assumed|retrospective_exact_source_interpretation
2026-07-23,lmfnl2-koillis-satakunnan-sahko-oy-ikiwirta-12-kk-aika,18000,changed,fixed_term_12,fixed_term_12,1951.17,1951.1699999999994,none,none,,exact_source_legacy_null_observation_binding|historical_household_statistics_scope_assumed|retrospective_exact_source_interpretation
2026-07-23,lx0qtw-aanekosken-energia-oy-maalaisjarkisahko-kausisahko-6-kk-paastoton,2000,changed,fixed_term_6,fixed_term_6,275.9217,276.9316129032258,none,term_price_annualized,,exact_source_legacy_null_observation_binding|historical_household_statistics_scope_assumed|retrospective_exact_source_interpretation|term_price_annualized
2026-07-23,lx0qtw-aanekosken-energia-oy-maalaisjarkisahko-kausisahko-6-kk-paastoton,5000,changed,fixed_term_6,fixed_term_6,617.9842,620.5090322580646,none,term_price_annualized,,exact_source_legacy_null_observation_binding|historical_household_statistics_scope_assumed|retrospective_exact_source_interpretation|term_price_annualized
2026-07-23,lx0qtw-aanekosken-energia-oy-maalaisjarkisahko-kausisahko-6-kk-paastoton,18000,changed,fixed_term_6,fixed_term_6,2100.255,2109.3445161290324,none,term_price_annualized,,exact_source_legacy_null_observation_binding|historical_household_statistics_scope_assumed|retrospective_exact_source_interpretation|term_price_annualized
2026-07-23,lzyqzg-turku-energia-oy-louna-porssi,2000,changed,spot,spot,255.7885,256.1733510645883,forward_curve_spot,forward_curve_spot,,exact_source_legacy_null_observation_binding|forward_month_from_quarter_contract|historical_household_statistics_scope_assumed|partial_shape_coverage|retrospective_exact_source_interpretation|spot_forward_curve_with_rolling_365_intraday_shape
2026-07-23,lzyqzg-turku-energia-oy-louna-porssi,5000,changed,spot,spot,550.3712,551.3333776614709,forward_curve_spot,forward_curve_spot,,exact_source_legacy_null_observation_binding|forward_month_from_quarter_contract|historical_household_statistics_scope_assumed|partial_shape_coverage|retrospective_exact_source_interpretation|spot_forward_curve_with_rolling_365_intraday_shape
2026-07-23,lzyqzg-turku-energia-oy-louna-porssi,18000,changed,spot,spot,1826.8964,1830.3601595812952,forward_curve_spot,forward_curve_spot,,exact_source_legacy_null_observation_binding|forward_month_from_quarter_contract|historical_household_statistics_scope_assumed|partial_shape_coverage|retrospective_exact_source_interpretation|spot_forward_curve_with_rolling_365_intraday_shape
2026-07-23,m7iihr-lumme-energia-joustosahko-12-kk-vaikuta-itse-sahkosi-hintaan,2000,changed,hybrid,hybrid,266.6,266.59999999999997,none,hybrid_base_only,,exact_source_legacy_null_observation_binding|excludes_consumption_effect|historical_household_statistics_scope_assumed|retrospective_exact_source_interpretation
2026-07-23,m7iihr-lumme-energia-joustosahko-12-kk-vaikuta-itse-sahkosi-hintaan,5000,changed,hybrid,hybrid,560.3,560.3,none,hybrid_base_only,,exact_source_legacy_null_observation_binding|excludes_consumption_effect|historical_household_statistics_scope_assumed|retrospective_exact_source_interpretation
2026-07-23,m7iihr-lumme-energia-joustosahko-12-kk-vaikuta-itse-sahkosi-hintaan,18000,changed,hybrid,hybrid,1833,1832.9999999999998,none,hybrid_base_only,,exact_source_legacy_null_observation_binding|excludes_consumption_effect|historical_household_statistics_scope_assumed|retrospective_exact_source_interpretation
2026-07-23,mchasn-vaasan-sahko-myynti-oy-tuulisahko-yosahko,2000,changed,quarterly,quarterly,232.16,281.8069565860215,none,recurring_forward_curve_shift,,canonical_interpretation_rejected_by_exact_target_validation|exact_source_legacy_null_observation_binding|forward_month_from_quarter_contract|historical_household_statistics_scope_assumed|historical_temporal_source_validation_unavailable|reset_tail_shifted_on_forward_curve|retrospective_exact_source_interpretation
2026-07-23,mchasn-vaasan-sahko-myynti-oy-tuulisahko-yosahko,5000,changed,quarterly,quarterly,492.2,616.3173914650538,none,recurring_forward_curve_shift,,canonical_interpretation_rejected_by_exact_target_validation|exact_source_legacy_null_observation_binding|forward_month_from_quarter_contract|historical_household_statistics_scope_assumed|historical_temporal_source_validation_unavailable|reset_tail_shifted_on_forward_curve|retrospective_exact_source_interpretation
2026-07-23,mchasn-vaasan-sahko-myynti-oy-tuulisahko-yosahko,18000,changed,quarterly,quarterly,1619.04,2065.8626092741933,none,recurring_forward_curve_shift,,canonical_interpretation_rejected_by_exact_target_validation|exact_source_legacy_null_observation_binding|forward_month_from_quarter_contract|historical_household_statistics_scope_assumed|historical_temporal_source_validation_unavailable|reset_tail_shifted_on_forward_curve|retrospective_exact_source_interpretation
2026-07-23,mdf8fw-keravan-energia-oy-fiksusahko-luonnonvoima,2000,changed,spot,spot,247.4685,247.85335106458834,forward_curve_spot,forward_curve_spot,,exact_source_legacy_null_observation_binding|forward_month_from_quarter_contract|historical_household_statistics_scope_assumed|partial_shape_coverage|retrospective_exact_source_interpretation|spot_forward_curve_with_rolling_365_intraday_shape
2026-07-23,mdf8fw-keravan-energia-oy-fiksusahko-luonnonvoima,5000,changed,spot,spot,545.9512,546.9133776614709,forward_curve_spot,forward_curve_spot,,exact_source_legacy_null_observation_binding|forward_month_from_quarter_contract|historical_household_statistics_scope_assumed|partial_shape_coverage|retrospective_exact_source_interpretation|spot_forward_curve_with_rolling_365_intraday_shape
2026-07-23,mdf8fw-keravan-energia-oy-fiksusahko-luonnonvoima,18000,changed,spot,spot,1839.3764,1842.8401595812952,forward_curve_spot,forward_curve_spot,,exact_source_legacy_null_observation_binding|forward_month_from_quarter_contract|historical_household_statistics_scope_assumed|partial_shape_coverage|retrospective_exact_source_interpretation|spot_forward_curve_with_rolling_365_intraday_shape
2026-07-23,mfxy4n-helen-oy-markkinahintasahko,2000,changed,open_ended,open_ended,199.56,294.3715389784946,none,recurring_forward_curve_shift,,canonical_interpretation_rejected_by_exact_target_validation|exact_source_legacy_null_observation_binding|forward_month_from_quarter_contract|historical_household_statistics_scope_assumed|historical_temporal_source_validation_unavailable|reset_tail_shifted_on_forward_curve|retrospective_exact_source_interpretation|unknown_periods_use_latest_applicable_price_or_disclosed_normal
2026-07-23,mfxy4n-helen-oy-markkinahintasahko,5000,changed,open_ended,open_ended,427.26,664.2888474462367,none,recurring_forward_curve_shift,,canonical_interpretation_rejected_by_exact_target_validation|exact_source_legacy_null_observation_binding|forward_month_from_quarter_contract|historical_household_statistics_scope_assumed|historical_temporal_source_validation_unavailable|reset_tail_shifted_on_forward_curve|retrospective_exact_source_interpretation|unknown_periods_use_latest_applicable_price_or_disclosed_normal
2026-07-23,mfxy4n-helen-oy-markkinahintasahko,18000,changed,open_ended,open_ended,1413.96,2267.263850806452,none,recurring_forward_curve_shift,,canonical_interpretation_rejected_by_exact_target_validation|exact_source_legacy_null_observation_binding|forward_month_from_quarter_contract|historical_household_statistics_scope_assumed|historical_temporal_source_validation_unavailable|reset_tail_shifted_on_forward_curve|retrospective_exact_source_interpretation|unknown_periods_use_latest_applicable_price_or_disclosed_normal
2026-07-23,mozut8-vattenfall-oy-ilmasto-mix-6-kk,2000,changed,fixed_term_6,fixed_term_6,288.4,288.4,none,term_price_annualized,,exact_source_legacy_null_observation_binding|historical_household_statistics_scope_assumed|retrospective_exact_source_interpretation|term_price_annualized
2026-07-23,mozut8-vattenfall-oy-ilmasto-mix-6-kk,5000,changed,fixed_term_6,fixed_term_6,631.9,631.9000000000001,none,term_price_annualized,,exact_source_legacy_null_observation_binding|historical_household_statistics_scope_assumed|retrospective_exact_source_interpretation|term_price_annualized
2026-07-23,mozut8-vattenfall-oy-ilmasto-mix-6-kk,18000,changed,fixed_term_6,fixed_term_6,2120.4,2120.3999999999996,none,term_price_annualized,,exact_source_legacy_null_observation_binding|historical_household_statistics_scope_assumed|retrospective_exact_source_interpretation|term_price_annualized
2026-07-23,mp4rls-nordic-green-energy-uusiutuva-hybridi-12k,2000,changed,hybrid,hybrid,349.68,349.6799999999999,none,hybrid_base_only,,exact_source_legacy_null_observation_binding|excludes_consumption_effect|historical_household_statistics_scope_assumed|retrospective_exact_source_interpretation
2026-07-23,mxkabq-vaasan-sahko-myynti-oy-porssisahko,2000,changed,spot,spot,256.3885,256.7733510645883,forward_curve_spot,forward_curve_spot,,exact_source_legacy_null_observation_binding|forward_month_from_quarter_contract|historical_household_statistics_scope_assumed|partial_shape_coverage|retrospective_exact_source_interpretation|spot_forward_curve_with_rolling_365_intraday_shape
2026-07-23,mxkabq-vaasan-sahko-myynti-oy-porssisahko,5000,changed,spot,spot,552.7712,553.733377661471,forward_curve_spot,forward_curve_spot,,exact_source_legacy_null_observation_binding|forward_month_from_quarter_contract|historical_household_statistics_scope_assumed|partial_shape_coverage|retrospective_exact_source_interpretation|spot_forward_curve_with_rolling_365_intraday_shape
2026-07-23,mxkabq-vaasan-sahko-myynti-oy-porssisahko,18000,changed,spot,spot,1837.0964,1840.560159581295,forward_curve_spot,forward_curve_spot,,exact_source_legacy_null_observation_binding|forward_month_from_quarter_contract|historical_household_statistics_scope_assumed|partial_shape_coverage|retrospective_exact_source_interpretation|spot_forward_curve_with_rolling_365_intraday_shape
2026-07-23,n2vo1z-aanekosken-energia-oy-porssisahko-tunti,2000,changed,spot,spot,243.3885,243.77335106458833,forward_curve_spot,forward_curve_spot,,exact_source_legacy_null_observation_binding|forward_month_from_quarter_contract|historical_household_statistics_scope_assumed|partial_shape_coverage|retrospective_exact_source_interpretation|spot_forward_curve_with_rolling_365_intraday_shape
2026-07-23,n2vo1z-aanekosken-energia-oy-porssisahko-tunti,5000,changed,spot,spot,537.3712,538.3333776614709,forward_curve_spot,forward_curve_spot,,exact_source_legacy_null_observation_binding|forward_month_from_quarter_contract|historical_household_statistics_scope_assumed|partial_shape_coverage|retrospective_exact_source_interpretation|spot_forward_curve_with_rolling_365_intraday_shape
2026-07-23,n2vo1z-aanekosken-energia-oy-porssisahko-tunti,18000,changed,spot,spot,1811.2964,1814.7601595812953,forward_curve_spot,forward_curve_spot,,exact_source_legacy_null_observation_binding|forward_month_from_quarter_contract|historical_household_statistics_scope_assumed|partial_shape_coverage|retrospective_exact_source_interpretation|spot_forward_curve_with_rolling_365_intraday_shape
2026-07-23,next4d-aalto-energia-oyj-aalto-kuukausihinta,2000,changed,open_ended,open_ended,345.8115,339.86153897849454,recurring_forward_curve_shift,recurring_forward_curve_shift,,canonical_interpretation_rejected_by_exact_target_validation|exact_source_legacy_null_observation_binding|forward_month_from_quarter_contract|historical_household_statistics_scope_assumed|reset_tail_shifted_on_forward_curve|retrospective_exact_source_interpretation
2026-07-23,next4d-aalto-energia-oyj-aalto-kuukausihinta,5000,changed,open_ended,open_ended,757.4288,751.4788474462367,recurring_forward_curve_shift,recurring_forward_curve_shift,,canonical_interpretation_rejected_by_exact_target_validation|exact_source_legacy_null_observation_binding|forward_month_from_quarter_contract|historical_household_statistics_scope_assumed|reset_tail_shifted_on_forward_curve|retrospective_exact_source_interpretation
2026-07-23,next4d-aalto-energia-oyj-aalto-kuukausihinta,18000,changed,open_ended,open_ended,2541.1039,2535.153850806452,recurring_forward_curve_shift,recurring_forward_curve_shift,,canonical_interpretation_rejected_by_exact_target_validation|exact_source_legacy_null_observation_binding|forward_month_from_quarter_contract|historical_household_statistics_scope_assumed|reset_tail_shifted_on_forward_curve|retrospective_exact_source_interpretation
2026-07-23,nfqumt-turku-energia-oy-louna-varma,2000,changed,open_ended,open_ended,244.6,294.2469565860214,none,recurring_forward_curve_shift,,exact_source_legacy_null_observation_binding|forward_month_from_quarter_contract|historical_household_statistics_scope_assumed|reset_tail_shifted_on_forward_curve|retrospective_exact_source_interpretation
2026-07-23,nfqumt-turku-energia-oy-louna-varma,5000,changed,open_ended,open_ended,510.7,634.8173914650537,none,recurring_forward_curve_shift,,exact_source_legacy_null_observation_binding|forward_month_from_quarter_contract|historical_household_statistics_scope_assumed|reset_tail_shifted_on_forward_curve|retrospective_exact_source_interpretation
2026-07-23,nfqumt-turku-energia-oy-louna-varma,18000,changed,open_ended,open_ended,1663.8,2110.6226092741927,none,recurring_forward_curve_shift,,exact_source_legacy_null_observation_binding|forward_month_from_quarter_contract|historical_household_statistics_scope_assumed|reset_tail_shifted_on_forward_curve|retrospective_exact_source_interpretation
2026-07-23,nlac9s-seinajoen-energia-oy-se-oikea-yleissahko,2000,changed,open_ended,open_ended,192.6,251.87257043010752,none,supplier_adjusted_forward_curve_shift,,exact_source_legacy_null_observation_binding|forward_month_from_quarter_contract|historical_exact_contract_only|historical_household_statistics_scope_assumed|price_episode_left_censored|price_episode_observed_proxy|price_episode_uses_dedicated_historical_interpretation|price_episode_uses_retrospective_exact_source_interpretation|retrospective_exact_source_interpretation|supplier_adjusted_monthly_fee_held_flat|supplier_adjusted_tail_shifted_on_forward_curve
2026-07-23,nlac9s-seinajoen-energia-oy-se-oikea-yleissahko,5000,changed,open_ended,open_ended,408.6,556.7814260752689,none,supplier_adjusted_forward_curve_shift,,exact_source_legacy_null_observation_binding|forward_month_from_quarter_contract|historical_exact_contract_only|historical_household_statistics_scope_assumed|price_episode_left_censored|price_episode_observed_proxy|price_episode_uses_dedicated_historical_interpretation|price_episode_uses_retrospective_exact_source_interpretation|retrospective_exact_source_interpretation|supplier_adjusted_monthly_fee_held_flat|supplier_adjusted_tail_shifted_on_forward_curve
2026-07-23,nlac9s-seinajoen-energia-oy-se-oikea-yleissahko,18000,changed,open_ended,open_ended,1344.6,1878.0531338709677,none,supplier_adjusted_forward_curve_shift,,exact_source_legacy_null_observation_binding|forward_month_from_quarter_contract|historical_exact_contract_only|historical_household_statistics_scope_assumed|price_episode_left_censored|price_episode_observed_proxy|price_episode_uses_dedicated_historical_interpretation|price_episode_uses_retrospective_exact_source_interpretation|retrospective_exact_source_interpretation|supplier_adjusted_monthly_fee_held_flat|supplier_adjusted_tail_shifted_on_forward_curve
2026-07-23,nvllc4-vattenfall-oy-optimi-porssisahko-6-kk-perusmaksu-0,5000,changed,spot,spot,530.6712,531.6333776614708,forward_curve_spot,forward_curve_spot,,exact_source_legacy_null_observation_binding|forward_month_from_quarter_contract|historical_household_statistics_scope_assumed|partial_shape_coverage|retrospective_exact_source_interpretation|spot_forward_curve_with_rolling_365_intraday_shape
2026-07-23,nvllc4-vattenfall-oy-optimi-porssisahko-6-kk-perusmaksu-0,18000,changed,spot,spot,1817.5964,1821.060159581295,forward_curve_spot,forward_curve_spot,,exact_source_legacy_null_observation_binding|forward_month_from_quarter_contract|historical_household_statistics_scope_assumed|partial_shape_coverage|retrospective_exact_source_interpretation|spot_forward_curve_with_rolling_365_intraday_shape
2026-07-23,nwp0pg-aanekosken-energia-oy-maalaisjarkisahko-yleissahko-6-kk-paastoton,2000,changed,fixed_term_6,fixed_term_6,271.88,271.88,none,term_price_annualized,,exact_source_legacy_null_observation_binding|historical_household_statistics_scope_assumed|retrospective_exact_source_interpretation|term_price_annualized
2026-07-23,nwp0pg-aanekosken-energia-oy-maalaisjarkisahko-yleissahko-6-kk-paastoton,5000,changed,fixed_term_6,fixed_term_6,607.88,607.88,none,term_price_annualized,,exact_source_legacy_null_observation_binding|historical_household_statistics_scope_assumed|retrospective_exact_source_interpretation|term_price_annualized
2026-07-23,nwp0pg-aanekosken-energia-oy-maalaisjarkisahko-yleissahko-6-kk-paastoton,18000,changed,fixed_term_6,fixed_term_6,2063.88,2063.88,none,term_price_annualized,,exact_source_legacy_null_observation_binding|historical_household_statistics_scope_assumed|retrospective_exact_source_interpretation|term_price_annualized
2026-07-23,nz8qob-koillis-satakunnan-sahko-oy-vakaawirta-12-kk-aika,2000,changed,fixed_term_12,fixed_term_12,258.39,258.39,none,none,,exact_source_legacy_null_observation_binding|historical_household_statistics_scope_assumed|retrospective_exact_source_interpretation
2026-07-23,nz8qob-koillis-satakunnan-sahko-oy-vakaawirta-12-kk-aika,5000,changed,fixed_term_12,fixed_term_12,564.615,564.615,none,none,,exact_source_legacy_null_observation_binding|historical_household_statistics_scope_assumed|retrospective_exact_source_interpretation
2026-07-23,nz8qob-koillis-satakunnan-sahko-oy-vakaawirta-12-kk-aika,18000,changed,fixed_term_12,fixed_term_12,1891.59,1891.59,none,none,,exact_source_legacy_null_observation_binding|historical_household_statistics_scope_assumed|retrospective_exact_source_interpretation
2026-07-23,o8rhp6-aanekosken-energia-oy-porssisahko,2000,changed,spot,spot,243.3885,243.77335106458833,forward_curve_spot,forward_curve_spot,,exact_source_legacy_null_observation_binding|forward_month_from_quarter_contract|historical_household_statistics_scope_assumed|partial_shape_coverage|retrospective_exact_source_interpretation|spot_forward_curve_with_rolling_365_intraday_shape
2026-07-23,o8rhp6-aanekosken-energia-oy-porssisahko,5000,changed,spot,spot,537.3712,538.3333776614709,forward_curve_spot,forward_curve_spot,,exact_source_legacy_null_observation_binding|forward_month_from_quarter_contract|historical_household_statistics_scope_assumed|partial_shape_coverage|retrospective_exact_source_interpretation|spot_forward_curve_with_rolling_365_intraday_shape
2026-07-23,o8rhp6-aanekosken-energia-oy-porssisahko,18000,changed,spot,spot,1811.2964,1814.7601595812953,forward_curve_spot,forward_curve_spot,,exact_source_legacy_null_observation_binding|forward_month_from_quarter_contract|historical_household_statistics_scope_assumed|partial_shape_coverage|retrospective_exact_source_interpretation|spot_forward_curve_with_rolling_365_intraday_shape
2026-07-23,o9njxl-herrfors-oy-ab-spot,2000,changed,spot,spot,230.2685,230.65335106458835,forward_curve_spot,forward_curve_spot,,exact_source_legacy_null_observation_binding|forward_month_from_quarter_contract|historical_household_statistics_scope_assumed|partial_shape_coverage|retrospective_exact_source_interpretation|spot_forward_curve_with_rolling_365_intraday_shape
2026-07-23,o9njxl-herrfors-oy-ab-spot,5000,changed,spot,spot,520.9512,521.9133776614708,forward_curve_spot,forward_curve_spot,,exact_source_legacy_null_observation_binding|forward_month_from_quarter_contract|historical_household_statistics_scope_assumed|partial_shape_coverage|retrospective_exact_source_interpretation|spot_forward_curve_with_rolling_365_intraday_shape
2026-07-23,o9njxl-herrfors-oy-ab-spot,18000,changed,spot,spot,1780.5764,1784.040159581295,forward_curve_spot,forward_curve_spot,,exact_source_legacy_null_observation_binding|forward_month_from_quarter_contract|historical_household_statistics_scope_assumed|partial_shape_coverage|retrospective_exact_source_interpretation|spot_forward_curve_with_rolling_365_intraday_shape
2026-07-23,okinid-keravan-energia-oy-joustosahko-24-kk,2000,changed,hybrid,hybrid,230,229.99999999999994,none,hybrid_base_only,,exact_source_legacy_null_observation_binding|excludes_consumption_effect|historical_household_statistics_scope_assumed|retrospective_exact_source_interpretation
2026-07-23,okinid-keravan-energia-oy-joustosahko-24-kk,5000,changed,hybrid,hybrid,476,475.99999999999994,none,hybrid_base_only,,exact_source_legacy_null_observation_binding|excludes_consumption_effect|historical_household_statistics_scope_assumed|retrospective_exact_source_interpretation
2026-07-23,okinid-keravan-energia-oy-joustosahko-24-kk,18000,changed,hybrid,hybrid,1542,1542,none,hybrid_base_only,,exact_source_legacy_null_observation_binding|excludes_consumption_effect|historical_household_statistics_scope_assumed|retrospective_exact_source_interpretation
2026-07-23,onnuwd-nurmijarven-sahko-oy-aikasahko,2000,changed,open_ended,open_ended,564.81,290.4654688172043,none,supplier_adjusted_forward_premium,,calendar_gap_within_observed_price_episode|exact_source_legacy_null_observation_binding|historical_exact_contract_only|historical_household_statistics_scope_assumed|lower_confidence_energy_episode_proxy|missing_own_reference_using_comparable_premium|price_episode_left_censored|price_episode_observed_proxy|price_episode_uses_dedicated_historical_interpretation|price_episode_uses_retrospective_exact_source_interpretation|retrospective_exact_source_interpretation|supplier_adjusted_monthly_fee_held_flat|supplier_adjusted_tail_uses_comparable_forward_premium
2026-07-23,onnuwd-nurmijarven-sahko-oy-aikasahko,5000,changed,open_ended,open_ended,1340.025,654.1636720430107,none,supplier_adjusted_forward_premium,,calendar_gap_within_observed_price_episode|exact_source_legacy_null_observation_binding|historical_exact_contract_only|historical_household_statistics_scope_assumed|lower_confidence_energy_episode_proxy|missing_own_reference_using_comparable_premium|price_episode_left_censored|price_episode_observed_proxy|price_episode_uses_dedicated_historical_interpretation|price_episode_uses_retrospective_exact_source_interpretation|retrospective_exact_source_interpretation|supplier_adjusted_monthly_fee_held_flat|supplier_adjusted_tail_uses_comparable_forward_premium
2026-07-23,onnuwd-nurmijarven-sahko-oy-aikasahko,18000,changed,open_ended,open_ended,4699.29,2230.1892193548383,none,supplier_adjusted_forward_premium,,calendar_gap_within_observed_price_episode|exact_source_legacy_null_observation_binding|historical_exact_contract_only|historical_household_statistics_scope_assumed|lower_confidence_energy_episode_proxy|missing_own_reference_using_comparable_premium|price_episode_left_censored|price_episode_observed_proxy|price_episode_uses_dedicated_historical_interpretation|price_episode_uses_retrospective_exact_source_interpretation|retrospective_exact_source_interpretation|supplier_adjusted_monthly_fee_held_flat|supplier_adjusted_tail_uses_comparable_forward_premium
2026-07-23,oriuhg-porvoon-energia-oy-wind-24-kk-kotimainen-tuulisahko,2000,changed,fixed_term_24,fixed_term_24,265.9,265.9,none,none,,exact_source_legacy_null_observation_binding|historical_household_statistics_scope_assumed|retrospective_exact_source_interpretation
2026-07-23,oriuhg-porvoon-energia-oy-wind-24-kk-kotimainen-tuulisahko,5000,changed,fixed_term_24,fixed_term_24,594.55,594.5500000000001,none,none,,exact_source_legacy_null_observation_binding|historical_household_statistics_scope_assumed|retrospective_exact_source_interpretation
2026-07-23,oriuhg-porvoon-energia-oy-wind-24-kk-kotimainen-tuulisahko,18000,changed,fixed_term_24,fixed_term_24,2018.7,2018.6999999999998,none,none,,exact_source_legacy_null_observation_binding|historical_household_statistics_scope_assumed|retrospective_exact_source_interpretation
2026-07-23,osszso-aalto-energia-oyj-luotsi-porssisahko-tarjous-perusmaksu-099-ensimmaiset-12kk,2000,changed,spot,spot,220.0534,219.66849345595674,forward_curve_spot,forward_curve_spot,,canonical_interpretation_rejected_by_exact_target_validation|canonical_omitted_no_valid_interpretation_as_of_date|forward_month_from_quarter_contract|historical_temporal_source_validation_unavailable|observed_relational_uniform_monthly_consumption|partial_shape_coverage
2026-07-23,osszso-aalto-energia-oyj-luotsi-porssisahko-tarjous-perusmaksu-099-ensimmaiset-12kk,5000,changed,spot,spot,532.3134,531.3512336398918,forward_curve_spot,forward_curve_spot,,canonical_interpretation_rejected_by_exact_target_validation|canonical_omitted_no_valid_interpretation_as_of_date|forward_month_from_quarter_contract|historical_temporal_source_validation_unavailable|observed_relational_uniform_monthly_consumption|partial_shape_coverage
2026-07-23,osszso-aalto-energia-oyj-luotsi-porssisahko-tarjous-perusmaksu-099-ensimmaiset-12kk,18000,changed,spot,spot,1885.4402,1881.9764411036106,forward_curve_spot,forward_curve_spot,,canonical_interpretation_rejected_by_exact_target_validation|canonical_omitted_no_valid_interpretation_as_of_date|forward_month_from_quarter_contract|historical_temporal_source_validation_unavailable|observed_relational_uniform_monthly_consumption|partial_shape_coverage
2026-07-23,ozjhpb-helen-oy-kayttosahko,2000,changed,open_ended,open_ended,342.88,316.81807668010754,none,supplier_adjusted_forward_premium,,calendar_gap_within_observed_price_episode|exact_source_legacy_null_observation_binding|historical_exact_contract_only|historical_household_statistics_scope_assumed|lower_confidence_energy_episode_proxy|missing_own_reference_using_comparable_premium|price_episode_left_censored|price_episode_observed_proxy|price_episode_uses_dedicated_historical_interpretation|price_episode_uses_retrospective_exact_source_interpretation|retrospective_exact_source_interpretation|supplier_adjusted_monthly_fee_held_flat|supplier_adjusted_tail_uses_comparable_forward_premium
2026-07-23,ozjhpb-helen-oy-kayttosahko,5000,changed,open_ended,open_ended,749.38,684.2251917002689,none,supplier_adjusted_forward_premium,,calendar_gap_within_observed_price_episode|exact_source_legacy_null_observation_binding|historical_exact_contract_only|historical_household_statistics_scope_assumed|lower_confidence_energy_episode_proxy|missing_own_reference_using_comparable_premium|price_episode_left_censored|price_episode_observed_proxy|price_episode_uses_dedicated_historical_interpretation|price_episode_uses_retrospective_exact_source_interpretation|retrospective_exact_source_interpretation|supplier_adjusted_monthly_fee_held_flat|supplier_adjusted_tail_uses_comparable_forward_premium
2026-07-23,ozjhpb-helen-oy-kayttosahko,18000,changed,open_ended,open_ended,2510.88,2276.3226901209673,none,supplier_adjusted_forward_premium,,calendar_gap_within_observed_price_episode|exact_source_legacy_null_observation_binding|historical_exact_contract_only|historical_household_statistics_scope_assumed|lower_confidence_energy_episode_proxy|missing_own_reference_using_comparable_premium|price_episode_left_censored|price_episode_observed_proxy|price_episode_uses_dedicated_historical_interpretation|price_episode_uses_retrospective_exact_source_interpretation|retrospective_exact_source_interpretation|supplier_adjusted_monthly_fee_held_flat|supplier_adjusted_tail_uses_comparable_forward_premium
2026-07-23,pkdzdu-keravan-energia-oy-perussahko-yleis-6-kk,2000,changed,fixed_term_6,fixed_term_6,304.8,304.8,none,term_price_annualized,,exact_source_legacy_null_observation_binding|historical_household_statistics_scope_assumed|retrospective_exact_source_interpretation|term_price_annualized
2026-07-23,pkdzdu-keravan-energia-oy-perussahko-yleis-6-kk,5000,changed,fixed_term_6,fixed_term_6,673.8,673.8000000000002,none,term_price_annualized,,exact_source_legacy_null_observation_binding|historical_household_statistics_scope_assumed|retrospective_exact_source_interpretation|term_price_annualized
2026-07-23,pkdzdu-keravan-energia-oy-perussahko-yleis-6-kk,18000,changed,fixed_term_6,fixed_term_6,2272.8,2272.8,none,term_price_annualized,,exact_source_legacy_null_observation_binding|historical_household_statistics_scope_assumed|retrospective_exact_source_interpretation|term_price_annualized
2026-07-23,poj0gf-lammaisten-energia-oy-iisi-kulutusjousto-aikasahko-12-kk,2000,changed,hybrid,hybrid,246.8,246.79999999999995,none,hybrid_base_only,,exact_source_legacy_null_observation_binding|excludes_consumption_effect|historical_household_statistics_scope_assumed|retrospective_exact_source_interpretation
2026-07-23,poj0gf-lammaisten-energia-oy-iisi-kulutusjousto-aikasahko-12-kk,5000,changed,hybrid,hybrid,535.1,535.1,none,hybrid_base_only,,exact_source_legacy_null_observation_binding|excludes_consumption_effect|historical_household_statistics_scope_assumed|retrospective_exact_source_interpretation
2026-07-23,poj0gf-lammaisten-energia-oy-iisi-kulutusjousto-aikasahko-12-kk,18000,changed,hybrid,hybrid,1784.4,1784.3999999999994,none,hybrid_base_only,,exact_source_legacy_null_observation_binding|excludes_consumption_effect|historical_household_statistics_scope_assumed|retrospective_exact_source_interpretation
2026-07-23,ppiuwo-herrfors-oy-ab-yleissahko,2000,changed,open_ended,open_ended,264.2,386.2229752688172,none,supplier_adjusted_forward_curve_shift,,exact_source_legacy_null_observation_binding|forward_month_from_quarter_contract|historical_exact_contract_only|historical_household_statistics_scope_assumed|price_episode_left_censored|price_episode_observed_proxy|price_episode_uses_retrospective_exact_source_interpretation|prior_energy_evidence_changed_unknown_or_conflicting|retrospective_exact_source_interpretation|supplier_adjusted_monthly_fee_held_flat|supplier_adjusted_tail_shifted_on_forward_curve
2026-07-23,ppiuwo-herrfors-oy-ab-yleissahko,5000,changed,open_ended,open_ended,587.6,892.6574381720429,none,supplier_adjusted_forward_curve_shift,,exact_source_legacy_null_observation_binding|forward_month_from_quarter_contract|historical_exact_contract_only|historical_household_statistics_scope_assumed|price_episode_left_censored|price_episode_observed_proxy|price_episode_uses_retrospective_exact_source_interpretation|prior_energy_evidence_changed_unknown_or_conflicting|retrospective_exact_source_interpretation|supplier_adjusted_monthly_fee_held_flat|supplier_adjusted_tail_shifted_on_forward_curve
2026-07-23,ppiuwo-herrfors-oy-ab-yleissahko,18000,changed,open_ended,open_ended,1989,3087.2067774193547,none,supplier_adjusted_forward_curve_shift,,exact_source_legacy_null_observation_binding|forward_month_from_quarter_contract|historical_exact_contract_only|historical_household_statistics_scope_assumed|price_episode_left_censored|price_episode_observed_proxy|price_episode_uses_retrospective_exact_source_interpretation|prior_energy_evidence_changed_unknown_or_conflicting|retrospective_exact_source_interpretation|supplier_adjusted_monthly_fee_held_flat|supplier_adjusted_tail_shifted_on_forward_curve
2026-07-23,psutqh-lammaisten-energia-oy-iisi-helpposahko-yleissahko-12-kk,2000,changed,fixed_term_12,fixed_term_12,263,262.99999999999994,none,none,,exact_source_legacy_null_observation_binding|historical_household_statistics_scope_assumed|retrospective_exact_source_interpretation
2026-07-23,psutqh-lammaisten-energia-oy-iisi-helpposahko-yleissahko-12-kk,5000,changed,fixed_term_12,fixed_term_12,575.6,575.6000000000001,none,none,,exact_source_legacy_null_observation_binding|historical_household_statistics_scope_assumed|retrospective_exact_source_interpretation
2026-07-23,psutqh-lammaisten-energia-oy-iisi-helpposahko-yleissahko-12-kk,18000,changed,fixed_term_12,fixed_term_12,1930.2,1930.2000000000003,none,none,,exact_source_legacy_null_observation_binding|historical_household_statistics_scope_assumed|retrospective_exact_source_interpretation
2026-07-23,pszotq-nurmijarven-sahko-oy-kausisahko,2000,changed,open_ended,open_ended,452.5417,285.77167849462364,none,supplier_adjusted_forward_premium,,calendar_gap_within_observed_price_episode|exact_source_legacy_null_observation_binding|historical_exact_contract_only|historical_household_statistics_scope_assumed|lower_confidence_energy_episode_proxy|missing_own_reference_using_comparable_premium|price_episode_left_censored|price_episode_observed_proxy|price_episode_uses_dedicated_historical_interpretation|price_episode_uses_retrospective_exact_source_interpretation|retrospective_exact_source_interpretation|supplier_adjusted_monthly_fee_held_flat|supplier_adjusted_tail_uses_comparable_forward_premium
2026-07-23,pszotq-nurmijarven-sahko-oy-kausisahko,5000,changed,open_ended,open_ended,1059.3542,642.429196236559,none,supplier_adjusted_forward_premium,,calendar_gap_within_observed_price_episode|exact_source_legacy_null_observation_binding|historical_exact_contract_only|historical_household_statistics_scope_assumed|lower_confidence_energy_episode_proxy|missing_own_reference_using_comparable_premium|price_episode_left_censored|price_episode_observed_proxy|price_episode_uses_dedicated_historical_interpretation|price_episode_uses_retrospective_exact_source_interpretation|retrospective_exact_source_interpretation|supplier_adjusted_monthly_fee_held_flat|supplier_adjusted_tail_uses_comparable_forward_premium
2026-07-23,pszotq-nurmijarven-sahko-oy-kausisahko,18000,changed,open_ended,open_ended,3688.875,2187.9451064516124,none,supplier_adjusted_forward_premium,,calendar_gap_within_observed_price_episode|exact_source_legacy_null_observation_binding|historical_exact_contract_only|historical_household_statistics_scope_assumed|lower_confidence_energy_episode_proxy|missing_own_reference_using_comparable_premium|price_episode_left_censored|price_episode_observed_proxy|price_episode_uses_dedicated_historical_interpretation|price_episode_uses_retrospective_exact_source_interpretation|retrospective_exact_source_interpretation|supplier_adjusted_monthly_fee_held_flat|supplier_adjusted_tail_uses_comparable_forward_premium
2026-07-23,pvhkra-vaasan-sahko-myynti-oy-kiintea-24-kk-yleissahko,2000,changed,fixed_term_24,fixed_term_24,248.2,248.20000000000002,none,none,,exact_source_legacy_null_observation_binding|historical_household_statistics_scope_assumed|retrospective_exact_source_interpretation
2026-07-23,pvhkra-vaasan-sahko-myynti-oy-kiintea-24-kk-yleissahko,5000,changed,fixed_term_24,fixed_term_24,532,532,none,none,,exact_source_legacy_null_observation_binding|historical_household_statistics_scope_assumed|retrospective_exact_source_interpretation
2026-07-23,pvhkra-vaasan-sahko-myynti-oy-kiintea-24-kk-yleissahko,18000,changed,fixed_term_24,fixed_term_24,1761.8,1761.8000000000006,none,none,,exact_source_legacy_null_observation_binding|historical_household_statistics_scope_assumed|retrospective_exact_source_interpretation
2026-07-23,pyhgkn-vaasan-sahko-myynti-oy-kuukausipaketti-xs,2000,changed,open_ended,open_ended,308.6,308.6,none,none,,canonical_interpretation_rejected_by_exact_target_validation|exact_source_legacy_null_observation_binding|historical_household_statistics_scope_assumed|retrospective_exact_source_interpretation
2026-07-23,pyhgkn-vaasan-sahko-myynti-oy-kuukausipaketti-xs,5000,changed,open_ended,open_ended,806.6,806.6000000000001,none,none,,canonical_interpretation_rejected_by_exact_target_validation|exact_source_legacy_null_observation_binding|historical_household_statistics_scope_assumed|retrospective_exact_source_interpretation
2026-07-23,pyhgkn-vaasan-sahko-myynti-oy-kuukausipaketti-xs,18000,changed,open_ended,open_ended,2964.6,2964.6000000000004,none,none,,canonical_interpretation_rejected_by_exact_target_validation|exact_source_legacy_null_observation_binding|historical_household_statistics_scope_assumed|retrospective_exact_source_interpretation
2026-07-23,qezbfw-vattenfall-oy-taysvesi-12-kk,2000,changed,fixed_term_12,fixed_term_12,249.2,260.6,none,none,,exact_source_legacy_null_observation_binding|historical_household_statistics_scope_assumed|retrospective_exact_source_interpretation
2026-07-23,qezbfw-vattenfall-oy-taysvesi-12-kk,5000,changed,fixed_term_12,fixed_term_12,551.9,563.3,none,none,,exact_source_legacy_null_observation_binding|historical_household_statistics_scope_assumed|retrospective_exact_source_interpretation
2026-07-23,qezbfw-vattenfall-oy-taysvesi-12-kk,18000,changed,fixed_term_12,fixed_term_12,1863.6,1874.9999999999998,none,none,,exact_source_legacy_null_observation_binding|historical_household_statistics_scope_assumed|retrospective_exact_source_interpretation
2026-07-23,qftxhb-oomi-oy-toimitusvelvollinen-sahko,2000,changed,open_ended,open_ended,377.52,305.59517345430106,none,supplier_adjusted_forward_premium,,calendar_gap_within_observed_price_episode|exact_source_legacy_null_observation_binding|historical_exact_contract_only|historical_household_statistics_scope_assumed|lower_confidence_energy_episode_proxy|missing_own_reference_using_comparable_premium|price_episode_left_censored|price_episode_observed_proxy|price_episode_uses_dedicated_historical_interpretation|price_episode_uses_retrospective_exact_source_interpretation|retrospective_exact_source_interpretation|supplier_adjusted_monthly_fee_held_flat|supplier_adjusted_tail_uses_comparable_forward_premium
2026-07-23,qftxhb-oomi-oy-toimitusvelvollinen-sahko,5000,changed,open_ended,open_ended,854.52,674.7079336357527,none,supplier_adjusted_forward_premium,,calendar_gap_within_observed_price_episode|exact_source_legacy_null_observation_binding|historical_exact_contract_only|historical_household_statistics_scope_assumed|lower_confidence_energy_episode_proxy|missing_own_reference_using_comparable_premium|price_episode_left_censored|price_episode_observed_proxy|price_episode_uses_dedicated_historical_interpretation|price_episode_uses_retrospective_exact_source_interpretation|retrospective_exact_source_interpretation|supplier_adjusted_monthly_fee_held_flat|supplier_adjusted_tail_uses_comparable_forward_premium
2026-07-23,qftxhb-oomi-oy-toimitusvelvollinen-sahko,18000,changed,open_ended,open_ended,2921.52,2274.1965610887096,none,supplier_adjusted_forward_premium,,calendar_gap_within_observed_price_episode|exact_source_legacy_null_observation_binding|historical_exact_contract_only|historical_household_statistics_scope_assumed|lower_confidence_energy_episode_proxy|missing_own_reference_using_comparable_premium|price_episode_left_censored|price_episode_observed_proxy|price_episode_uses_dedicated_historical_interpretation|price_episode_uses_retrospective_exact_source_interpretation|retrospective_exact_source_interpretation|supplier_adjusted_monthly_fee_held_flat|supplier_adjusted_tail_uses_comparable_forward_premium
2026-07-23,qgpgvd-herrfors-oy-ab-vakaa,2000,changed,open_ended,open_ended,223.4,318.2115389784947,none,supplier_adjusted_forward_curve_shift,,exact_source_legacy_null_observation_binding|forward_month_from_quarter_contract|historical_exact_contract_only|historical_household_statistics_scope_assumed|price_episode_left_censored|price_episode_observed_proxy|price_episode_uses_dedicated_historical_interpretation|price_episode_uses_retrospective_exact_source_interpretation|retrospective_exact_source_interpretation|supplier_adjusted_monthly_fee_held_flat|supplier_adjusted_tail_shifted_on_forward_curve
2026-07-23,qgpgvd-herrfors-oy-ab-vakaa,5000,changed,open_ended,open_ended,485.6,722.6288474462365,none,supplier_adjusted_forward_curve_shift,,exact_source_legacy_null_observation_binding|forward_month_from_quarter_contract|historical_exact_contract_only|historical_household_statistics_scope_assumed|price_episode_left_censored|price_episode_observed_proxy|price_episode_uses_dedicated_historical_interpretation|price_episode_uses_retrospective_exact_source_interpretation|retrospective_exact_source_interpretation|supplier_adjusted_monthly_fee_held_flat|supplier_adjusted_tail_shifted_on_forward_curve
2026-07-23,qgpgvd-herrfors-oy-ab-vakaa,18000,changed,open_ended,open_ended,1621.8,2475.1038508064516,none,supplier_adjusted_forward_curve_shift,,exact_source_legacy_null_observation_binding|forward_month_from_quarter_contract|historical_exact_contract_only|historical_household_statistics_scope_assumed|price_episode_left_censored|price_episode_observed_proxy|price_episode_uses_dedicated_historical_interpretation|price_episode_uses_retrospective_exact_source_interpretation|retrospective_exact_source_interpretation|supplier_adjusted_monthly_fee_held_flat|supplier_adjusted_tail_shifted_on_forward_curve
2026-07-23,qpc4c9-vihrea-alyenergia-oy-hintalukko-porssisahko-kiinnitysmahdollisuus,2000,changed,spot,spot,259.6685,260.0533510645883,forward_curve_spot,forward_curve_spot,,exact_source_legacy_null_observation_binding|forward_month_from_quarter_contract|historical_household_statistics_scope_assumed|partial_shape_coverage|retrospective_exact_source_interpretation|spot_forward_curve_with_rolling_365_intraday_shape
2026-07-23,qpc4c9-vihrea-alyenergia-oy-hintalukko-porssisahko-kiinnitysmahdollisuus,5000,changed,spot,spot,559.3512,560.3133776614709,forward_curve_spot,forward_curve_spot,,exact_source_legacy_null_observation_binding|forward_month_from_quarter_contract|historical_household_statistics_scope_assumed|partial_shape_coverage|retrospective_exact_source_interpretation|spot_forward_curve_with_rolling_365_intraday_shape
2026-07-23,qpc4c9-vihrea-alyenergia-oy-hintalukko-porssisahko-kiinnitysmahdollisuus,18000,changed,spot,spot,1857.9764,1861.440159581295,forward_curve_spot,forward_curve_spot,,exact_source_legacy_null_observation_binding|forward_month_from_quarter_contract|historical_household_statistics_scope_assumed|partial_shape_coverage|retrospective_exact_source_interpretation|spot_forward_curve_with_rolling_365_intraday_shape
2026-07-23,qseg85-vaasan-sahko-myynti-oy-kiintea-6-kk-yleissahko,2000,changed,fixed_term_6,fixed_term_6,305.1,299.2,none,term_price_annualized,,exact_source_legacy_null_observation_binding|historical_household_statistics_scope_assumed|retrospective_exact_source_interpretation|term_price_annualized
2026-07-23,qseg85-vaasan-sahko-myynti-oy-kiintea-6-kk-yleissahko,5000,changed,fixed_term_6,fixed_term_6,665.4,659.5000000000001,none,term_price_annualized,,exact_source_legacy_null_observation_binding|historical_household_statistics_scope_assumed|retrospective_exact_source_interpretation|term_price_annualized
2026-07-23,qseg85-vaasan-sahko-myynti-oy-kiintea-6-kk-yleissahko,18000,changed,fixed_term_6,fixed_term_6,2226.7,2220.7999999999997,none,term_price_annualized,,exact_source_legacy_null_observation_binding|historical_household_statistics_scope_assumed|retrospective_exact_source_interpretation|term_price_annualized
2026-07-23,quvnfq-fortum-markets-oy-fortum-kesto-aikasahko,2000,changed,open_ended,open_ended,278.86,400.8829752688171,none,supplier_adjusted_forward_curve_shift,,exact_source_legacy_null_observation_binding|forward_month_from_quarter_contract|historical_exact_contract_only|historical_household_statistics_scope_assumed|price_episode_left_censored|price_episode_observed_proxy|price_episode_uses_retrospective_exact_source_interpretation|prior_energy_evidence_changed_unknown_or_conflicting|retrospective_exact_source_interpretation|supplier_adjusted_monthly_fee_held_flat|supplier_adjusted_tail_shifted_on_forward_curve
2026-07-23,quvnfq-fortum-markets-oy-fortum-kesto-aikasahko,5000,changed,open_ended,open_ended,607.87,912.9274381720433,none,supplier_adjusted_forward_curve_shift,,exact_source_legacy_null_observation_binding|forward_month_from_quarter_contract|historical_exact_contract_only|historical_household_statistics_scope_assumed|price_episode_left_censored|price_episode_observed_proxy|price_episode_uses_retrospective_exact_source_interpretation|prior_energy_evidence_changed_unknown_or_conflicting|retrospective_exact_source_interpretation|supplier_adjusted_monthly_fee_held_flat|supplier_adjusted_tail_shifted_on_forward_curve
2026-07-23,quvnfq-fortum-markets-oy-fortum-kesto-aikasahko,18000,changed,open_ended,open_ended,2033.58,3131.786777419355,none,supplier_adjusted_forward_curve_shift,,exact_source_legacy_null_observation_binding|forward_month_from_quarter_contract|historical_exact_contract_only|historical_household_statistics_scope_assumed|price_episode_left_censored|price_episode_observed_proxy|price_episode_uses_retrospective_exact_source_interpretation|prior_energy_evidence_changed_unknown_or_conflicting|retrospective_exact_source_interpretation|supplier_adjusted_monthly_fee_held_flat|supplier_adjusted_tail_shifted_on_forward_curve
2026-07-23,qvnrc1-aanekosken-energia-oy-yleissahko,2000,changed,open_ended,open_ended,273.4,279.5396895833333,none,supplier_adjusted_forward_premium,,calendar_gap_within_observed_price_episode|exact_source_legacy_null_observation_binding|historical_exact_contract_only|historical_household_statistics_scope_assumed|lower_confidence_energy_episode_proxy|missing_own_reference_using_comparable_premium|price_episode_left_censored|price_episode_observed_proxy|price_episode_uses_dedicated_historical_interpretation|price_episode_uses_retrospective_exact_source_interpretation|retrospective_exact_source_interpretation|supplier_adjusted_monthly_fee_held_flat|supplier_adjusted_tail_uses_comparable_forward_premium
2026-07-23,qvnrc1-aanekosken-energia-oy-yleissahko,5000,changed,open_ended,open_ended,630.4,645.7492239583332,none,supplier_adjusted_forward_premium,,calendar_gap_within_observed_price_episode|exact_source_legacy_null_observation_binding|historical_exact_contract_only|historical_household_statistics_scope_assumed|lower_confidence_energy_episode_proxy|missing_own_reference_using_comparable_premium|price_episode_left_censored|price_episode_observed_proxy|price_episode_uses_dedicated_historical_interpretation|price_episode_uses_retrospective_exact_source_interpretation|retrospective_exact_source_interpretation|supplier_adjusted_monthly_fee_held_flat|supplier_adjusted_tail_uses_comparable_forward_premium
2026-07-23,qvnrc1-aanekosken-energia-oy-yleissahko,18000,changed,open_ended,open_ended,2177.4,2232.65720625,none,supplier_adjusted_forward_premium,,calendar_gap_within_observed_price_episode|exact_source_legacy_null_observation_binding|historical_exact_contract_only|historical_household_statistics_scope_assumed|lower_confidence_energy_episode_proxy|missing_own_reference_using_comparable_premium|price_episode_left_censored|price_episode_observed_proxy|price_episode_uses_dedicated_historical_interpretation|price_episode_uses_retrospective_exact_source_interpretation|retrospective_exact_source_interpretation|supplier_adjusted_monthly_fee_held_flat|supplier_adjusted_tail_uses_comparable_forward_premium
2026-07-23,qweosn-paneliankosken-voima-oy-kosken-markkinawoima,2000,changed,spot,spot,245.9885,246.37335106458832,forward_curve_spot,forward_curve_spot,,exact_source_legacy_null_observation_binding|forward_month_from_quarter_contract|historical_household_statistics_scope_assumed|partial_shape_coverage|retrospective_exact_source_interpretation|spot_forward_curve_with_rolling_365_intraday_shape
2026-07-23,qweosn-paneliankosken-voima-oy-kosken-markkinawoima,5000,changed,spot,spot,542.9712,543.9333776614709,forward_curve_spot,forward_curve_spot,,exact_source_legacy_null_observation_binding|forward_month_from_quarter_contract|historical_household_statistics_scope_assumed|partial_shape_coverage|retrospective_exact_source_interpretation|spot_forward_curve_with_rolling_365_intraday_shape
2026-07-23,qweosn-paneliankosken-voima-oy-kosken-markkinawoima,18000,changed,spot,spot,1829.8964,1833.3601595812952,forward_curve_spot,forward_curve_spot,,exact_source_legacy_null_observation_binding|forward_month_from_quarter_contract|historical_household_statistics_scope_assumed|partial_shape_coverage|retrospective_exact_source_interpretation|spot_forward_curve_with_rolling_365_intraday_shape
2026-07-23,qwmpo0-porvoon-energia-oy-ilmastoviisas-24-kk-co2-paastottomasti-tuotettu,2000,changed,fixed_term_24,fixed_term_24,236.8,236.8,none,none,,exact_source_legacy_null_observation_binding|historical_household_statistics_scope_assumed|retrospective_exact_source_interpretation
2026-07-23,qwmpo0-porvoon-energia-oy-ilmastoviisas-24-kk-co2-paastottomasti-tuotettu,5000,changed,fixed_term_24,fixed_term_24,521.8,521.8000000000001,none,none,,exact_source_legacy_null_observation_binding|historical_household_statistics_scope_assumed|retrospective_exact_source_interpretation
2026-07-23,qwmpo0-porvoon-energia-oy-ilmastoviisas-24-kk-co2-paastottomasti-tuotettu,18000,changed,fixed_term_24,fixed_term_24,1756.8,1756.7999999999997,none,none,,exact_source_legacy_null_observation_binding|historical_household_statistics_scope_assumed|retrospective_exact_source_interpretation
2026-07-23,rc3xem-aanekosken-energia-oy-maalaisjarkisahko-yleissahko-12-kk-paastoton,2000,changed,fixed_term_12,fixed_term_12,251.88,251.88000000000002,none,none,,exact_source_legacy_null_observation_binding|historical_household_statistics_scope_assumed|retrospective_exact_source_interpretation
2026-07-23,rc3xem-aanekosken-energia-oy-maalaisjarkisahko-yleissahko-12-kk-paastoton,5000,changed,fixed_term_12,fixed_term_12,557.88,557.8800000000001,none,none,,exact_source_legacy_null_observation_binding|historical_household_statistics_scope_assumed|retrospective_exact_source_interpretation
2026-07-23,rc3xem-aanekosken-energia-oy-maalaisjarkisahko-yleissahko-12-kk-paastoton,18000,changed,fixed_term_12,fixed_term_12,1883.88,1883.88,none,none,,exact_source_legacy_null_observation_binding|historical_household_statistics_scope_assumed|retrospective_exact_source_interpretation
2026-07-23,reyxvv-koylion-sakylan-sahko-oy-lallin-maaris-1v-aikasahko,2000,changed,fixed_term_12,fixed_term_12,270.68,270.68,none,none,,exact_source_legacy_null_observation_binding|historical_household_statistics_scope_assumed|retrospective_exact_source_interpretation
2026-07-23,reyxvv-koylion-sakylan-sahko-oy-lallin-maaris-1v-aikasahko,5000,changed,fixed_term_12,fixed_term_12,588.68,588.6799999999998,none,none,,exact_source_legacy_null_observation_binding|historical_household_statistics_scope_assumed|retrospective_exact_source_interpretation
2026-07-23,reyxvv-koylion-sakylan-sahko-oy-lallin-maaris-1v-aikasahko,18000,changed,fixed_term_12,fixed_term_12,1966.68,1966.6800000000003,none,none,,exact_source_legacy_null_observation_binding|historical_household_statistics_scope_assumed|retrospective_exact_source_interpretation
2026-07-23,rl6kxz-hehku-energia-oy-hehku-porssi-0-kuukausimaksu-ensimmaiset-3-kk,2000,changed,spot,spot,236.2885,236.67335106458836,forward_curve_spot,forward_curve_spot,,exact_source_legacy_null_observation_binding|forward_month_from_quarter_contract|historical_household_statistics_scope_assumed|partial_shape_coverage|retrospective_exact_source_interpretation|spot_forward_curve_with_rolling_365_intraday_shape
2026-07-23,rl6kxz-hehku-energia-oy-hehku-porssi-0-kuukausimaksu-ensimmaiset-3-kk,5000,changed,spot,spot,529.9712,530.9333776614708,forward_curve_spot,forward_curve_spot,,exact_source_legacy_null_observation_binding|forward_month_from_quarter_contract|historical_household_statistics_scope_assumed|partial_shape_coverage|retrospective_exact_source_interpretation|spot_forward_curve_with_rolling_365_intraday_shape
2026-07-23,rl6kxz-hehku-energia-oy-hehku-porssi-0-kuukausimaksu-ensimmaiset-3-kk,18000,changed,spot,spot,1802.5964,1806.060159581295,forward_curve_spot,forward_curve_spot,,exact_source_legacy_null_observation_binding|forward_month_from_quarter_contract|historical_household_statistics_scope_assumed|partial_shape_coverage|retrospective_exact_source_interpretation|spot_forward_curve_with_rolling_365_intraday_shape
2026-07-23,rlnhww-nurmijarven-sahko-oy-kausisahko-2-vuotta,2000,changed,fixed_term_24,fixed_term_24,258.0175,258.01750000000004,none,none,,exact_source_legacy_null_observation_binding|historical_household_statistics_scope_assumed|retrospective_exact_source_interpretation
2026-07-23,rlnhww-nurmijarven-sahko-oy-kausisahko-2-vuotta,5000,changed,fixed_term_24,fixed_term_24,544.4238,544.42375,none,none,,exact_source_legacy_null_observation_binding|historical_household_statistics_scope_assumed|retrospective_exact_source_interpretation
2026-07-23,rlnhww-nurmijarven-sahko-oy-kausisahko-2-vuotta,18000,changed,fixed_term_24,fixed_term_24,1785.5175,1785.5175000000002,none,none,,exact_source_legacy_null_observation_binding|historical_household_statistics_scope_assumed|retrospective_exact_source_interpretation
2026-07-23,rwzpqh-vattenfall-oy-helppo-porssisahko,2000,changed,spot,spot,295.7734,305.77335106458827,forward_curve_spot,forward_curve_spot,,exact_source_legacy_null_observation_binding|forward_month_from_quarter_contract|historical_household_statistics_scope_assumed|partial_shape_coverage|retrospective_exact_source_interpretation|spot_forward_curve_with_rolling_365_intraday_shape
2026-07-23,ryficp-pohjois-karjalan-sahko-oy-oiva-plus,5000,changed,open_ended,open_ended,500.72,624.8373914650537,none,recurring_forward_curve_shift,,exact_source_legacy_null_observation_binding|forward_month_from_quarter_contract|historical_household_statistics_scope_assumed|reset_tail_shifted_on_forward_curve|retrospective_exact_source_interpretation|unknown_periods_use_latest_applicable_price_or_disclosed_normal
2026-07-23,ryficp-pohjois-karjalan-sahko-oy-oiva-plus,18000,changed,open_ended,open_ended,1660.32,2107.1426092741935,none,recurring_forward_curve_shift,,exact_source_legacy_null_observation_binding|forward_month_from_quarter_contract|historical_household_statistics_scope_assumed|reset_tail_shifted_on_forward_curve|retrospective_exact_source_interpretation|unknown_periods_use_latest_applicable_price_or_disclosed_normal
2026-07-23,s0tgg8-lammaisten-energia-oy-iisi-kulutusjousto-yleissahko-12-kk,2000,changed,hybrid,hybrid,246.8,246.79999999999995,none,hybrid_base_only,,exact_source_legacy_null_observation_binding|excludes_consumption_effect|historical_household_statistics_scope_assumed|retrospective_exact_source_interpretation
2026-07-23,s0tgg8-lammaisten-energia-oy-iisi-kulutusjousto-yleissahko-12-kk,5000,changed,hybrid,hybrid,535.1,535.1,none,hybrid_base_only,,exact_source_legacy_null_observation_binding|excludes_consumption_effect|historical_household_statistics_scope_assumed|retrospective_exact_source_interpretation
2026-07-23,s0tgg8-lammaisten-energia-oy-iisi-kulutusjousto-yleissahko-12-kk,18000,changed,hybrid,hybrid,1784.4,1784.4,none,hybrid_base_only,,exact_source_legacy_null_observation_binding|excludes_consumption_effect|historical_household_statistics_scope_assumed|retrospective_exact_source_interpretation
2026-07-23,s91uya-keravan-energia-oy-perussahko-yleis-12-kk,2000,changed,fixed_term_12,fixed_term_12,274,274,none,none,,exact_source_legacy_null_observation_binding|historical_household_statistics_scope_assumed|retrospective_exact_source_interpretation
2026-07-23,s91uya-keravan-energia-oy-perussahko-yleis-12-kk,5000,changed,fixed_term_12,fixed_term_12,586,586,none,none,,exact_source_legacy_null_observation_binding|historical_household_statistics_scope_assumed|retrospective_exact_source_interpretation
2026-07-23,s91uya-keravan-energia-oy-perussahko-yleis-12-kk,18000,changed,fixed_term_12,fixed_term_12,1938,1938,none,none,,exact_source_legacy_null_observation_binding|historical_household_statistics_scope_assumed|retrospective_exact_source_interpretation
2026-07-23,sdylbi-alajarven-sahko-oy-yleissahko-24-kk,2000,changed,fixed_term_24,fixed_term_24,244,244,none,none,,exact_source_legacy_null_observation_binding|historical_household_statistics_scope_assumed|retrospective_exact_source_interpretation
2026-07-23,sdylbi-alajarven-sahko-oy-yleissahko-24-kk,5000,changed,fixed_term_24,fixed_term_24,529,529,none,none,,exact_source_legacy_null_observation_binding|historical_household_statistics_scope_assumed|retrospective_exact_source_interpretation
2026-07-23,sdylbi-alajarven-sahko-oy-yleissahko-24-kk,18000,changed,fixed_term_24,fixed_term_24,1764,1764,none,none,,exact_source_legacy_null_observation_binding|historical_household_statistics_scope_assumed|retrospective_exact_source_interpretation
2026-07-23,sfes56-pohjois-karjalan-sahko-oy-optimi-takuu-6-kuukautta,2000,changed,fixed_term_6,fixed_term_6,286.2158,288.2535483870967,none,term_price_annualized,,exact_source_legacy_null_observation_binding|historical_household_statistics_scope_assumed|retrospective_exact_source_interpretation|term_price_annualized
2026-07-23,sfes56-pohjois-karjalan-sahko-oy-optimi-takuu-6-kuukautta,5000,changed,fixed_term_6,fixed_term_6,633.4596,638.5538709677419,none,term_price_annualized,,exact_source_legacy_null_observation_binding|historical_household_statistics_scope_assumed|retrospective_exact_source_interpretation|term_price_annualized
2026-07-23,sfes56-pohjois-karjalan-sahko-oy-optimi-takuu-6-kuukautta,18000,changed,fixed_term_6,fixed_term_6,2138.1825,2156.521935483871,none,term_price_annualized,,exact_source_legacy_null_observation_binding|historical_household_statistics_scope_assumed|retrospective_exact_source_interpretation|term_price_annualized
2026-07-23,shnxdx-helen-oy-porssisahko,2000,changed,spot,spot,257.3085,257.69335106458834,forward_curve_spot,forward_curve_spot,,exact_source_legacy_null_observation_binding|forward_month_from_quarter_contract|historical_household_statistics_scope_assumed|partial_shape_coverage|retrospective_exact_source_interpretation|spot_forward_curve_with_rolling_365_intraday_shape
2026-07-23,shnxdx-helen-oy-porssisahko,5000,changed,spot,spot,553.9912,554.9533776614708,forward_curve_spot,forward_curve_spot,,exact_source_legacy_null_observation_binding|forward_month_from_quarter_contract|historical_household_statistics_scope_assumed|partial_shape_coverage|retrospective_exact_source_interpretation|spot_forward_curve_with_rolling_365_intraday_shape
2026-07-23,shnxdx-helen-oy-porssisahko,18000,changed,spot,spot,1839.6164,1843.080159581295,forward_curve_spot,forward_curve_spot,,exact_source_legacy_null_observation_binding|forward_month_from_quarter_contract|historical_household_statistics_scope_assumed|partial_shape_coverage|retrospective_exact_source_interpretation|spot_forward_curve_with_rolling_365_intraday_shape
2026-07-23,skj5fb-vaasan-sahko-myynti-oy-kiintea-6-kk-yosahko,2000,changed,fixed_term_6,fixed_term_6,314.88,308.97999999999996,none,term_price_annualized,,exact_source_legacy_null_observation_binding|historical_household_statistics_scope_assumed|retrospective_exact_source_interpretation|term_price_annualized
2026-07-23,skj5fb-vaasan-sahko-myynti-oy-kiintea-6-kk-yosahko,5000,changed,fixed_term_6,fixed_term_6,689.85,683.95,none,term_price_annualized,,exact_source_legacy_null_observation_binding|historical_household_statistics_scope_assumed|retrospective_exact_source_interpretation|term_price_annualized
2026-07-23,skj5fb-vaasan-sahko-myynti-oy-kiintea-6-kk-yosahko,18000,changed,fixed_term_6,fixed_term_6,2314.72,2308.82,none,term_price_annualized,,exact_source_legacy_null_observation_binding|historical_household_statistics_scope_assumed|retrospective_exact_source_interpretation|term_price_annualized
2026-07-23,spl6pm-aanekosken-energia-oy-maalaisjarkisahko-kausisahko-24-kk-paastoton,2000,changed,fixed_term_24,fixed_term_24,236.505,236.50500000000002,none,none,,exact_source_legacy_null_observation_binding|historical_household_statistics_scope_assumed|retrospective_exact_source_interpretation
2026-07-23,spl6pm-aanekosken-energia-oy-maalaisjarkisahko-kausisahko-24-kk-paastoton,5000,changed,fixed_term_24,fixed_term_24,519.4425,519.4425,none,none,,exact_source_legacy_null_observation_binding|historical_household_statistics_scope_assumed|retrospective_exact_source_interpretation
2026-07-23,spl6pm-aanekosken-energia-oy-maalaisjarkisahko-kausisahko-24-kk-paastoton,18000,changed,fixed_term_24,fixed_term_24,1745.505,1745.5049999999997,none,none,,exact_source_legacy_null_observation_binding|historical_household_statistics_scope_assumed|retrospective_exact_source_interpretation
2026-07-23,sqbosc-nurmijarven-sahko-oy-porssisahko,2000,changed,spot,spot,248.3885,248.7733510645883,forward_curve_spot,forward_curve_spot,,exact_source_legacy_null_observation_binding|forward_month_from_quarter_contract|historical_household_statistics_scope_assumed|partial_shape_coverage|retrospective_exact_source_interpretation|spot_forward_curve_with_rolling_365_intraday_shape
2026-07-23,sqbosc-nurmijarven-sahko-oy-porssisahko,5000,changed,spot,spot,548.0712,549.0333776614709,forward_curve_spot,forward_curve_spot,,exact_source_legacy_null_observation_binding|forward_month_from_quarter_contract|historical_household_statistics_scope_assumed|partial_shape_coverage|retrospective_exact_source_interpretation|spot_forward_curve_with_rolling_365_intraday_shape
2026-07-23,sqbosc-nurmijarven-sahko-oy-porssisahko,18000,changed,spot,spot,1846.6964,1850.1601595812947,forward_curve_spot,forward_curve_spot,,exact_source_legacy_null_observation_binding|forward_month_from_quarter_contract|historical_household_statistics_scope_assumed|partial_shape_coverage|retrospective_exact_source_interpretation|spot_forward_curve_with_rolling_365_intraday_shape
2026-07-23,srhu1r-keravan-energia-oy-perussahko-luonnonvoima-24-kk,2000,changed,fixed_term_24,fixed_term_24,251.2,251.20000000000005,none,none,,exact_source_legacy_null_observation_binding|historical_household_statistics_scope_assumed|retrospective_exact_source_interpretation
2026-07-23,srhu1r-keravan-energia-oy-perussahko-luonnonvoima-24-kk,5000,changed,fixed_term_24,fixed_term_24,529,529.0000000000001,none,none,,exact_source_legacy_null_observation_binding|historical_household_statistics_scope_assumed|retrospective_exact_source_interpretation
2026-07-23,srhu1r-keravan-energia-oy-perussahko-luonnonvoima-24-kk,18000,changed,fixed_term_24,fixed_term_24,1732.8,1732.8000000000002,none,none,,exact_source_legacy_null_observation_binding|historical_household_statistics_scope_assumed|retrospective_exact_source_interpretation
2026-07-23,tbua5f-porvoon-energia-oy-eko-12kk-luonnonsuojeluliiton-sertifioima-ekoenergia,2000,changed,fixed_term_12,fixed_term_12,294.1,294.1,none,none,,exact_source_legacy_null_observation_binding|historical_household_statistics_scope_assumed|retrospective_exact_source_interpretation
2026-07-23,tbua5f-porvoon-energia-oy-eko-12kk-luonnonsuojeluliiton-sertifioima-ekoenergia,5000,changed,fixed_term_12,fixed_term_12,665.05,665.05,none,none,,exact_source_legacy_null_observation_binding|historical_household_statistics_scope_assumed|retrospective_exact_source_interpretation
2026-07-23,tbua5f-porvoon-energia-oy-eko-12kk-luonnonsuojeluliiton-sertifioima-ekoenergia,18000,changed,fixed_term_12,fixed_term_12,2272.5,2272.5,none,none,,exact_source_legacy_null_observation_binding|historical_household_statistics_scope_assumed|retrospective_exact_source_interpretation
2026-07-23,tjuqfo-porvoon-energia-oy-wind-24-kk-kotimainen-tuulisahko,2000,changed,fixed_term_24,fixed_term_24,240.8,240.79999999999995,none,none,,exact_source_legacy_null_observation_binding|historical_household_statistics_scope_assumed|retrospective_exact_source_interpretation
2026-07-23,tjuqfo-porvoon-energia-oy-wind-24-kk-kotimainen-tuulisahko,5000,changed,fixed_term_24,fixed_term_24,531.8,531.8,none,none,,exact_source_legacy_null_observation_binding|historical_household_statistics_scope_assumed|retrospective_exact_source_interpretation
2026-07-23,tjuqfo-porvoon-energia-oy-wind-24-kk-kotimainen-tuulisahko,18000,changed,fixed_term_24,fixed_term_24,1792.8,1792.7999999999997,none,none,,exact_source_legacy_null_observation_binding|historical_household_statistics_scope_assumed|retrospective_exact_source_interpretation
2026-07-23,tkqczm-pohjois-karjalan-sahko-oy-optimi-takuu-6-kuukautta,2000,changed,fixed_term_6,fixed_term_6,270.52,270.5199999999999,none,term_price_annualized,,exact_source_legacy_null_observation_binding|historical_household_statistics_scope_assumed|retrospective_exact_source_interpretation|term_price_annualized
2026-07-23,tkqczm-pohjois-karjalan-sahko-oy-optimi-takuu-6-kuukautta,5000,changed,fixed_term_6,fixed_term_6,594.22,594.22,none,term_price_annualized,,exact_source_legacy_null_observation_binding|historical_household_statistics_scope_assumed|retrospective_exact_source_interpretation|term_price_annualized
2026-07-23,tkqczm-pohjois-karjalan-sahko-oy-optimi-takuu-6-kuukautta,18000,changed,fixed_term_6,fixed_term_6,1996.92,1996.9199999999998,none,term_price_annualized,,exact_source_legacy_null_observation_binding|historical_household_statistics_scope_assumed|retrospective_exact_source_interpretation|term_price_annualized
2026-07-23,tp1vms-koylion-sakylan-sahko-oy-lallin-maaris-2v-kausisahko,2000,changed,fixed_term_24,fixed_term_24,246.68,246.67999999999998,none,none,,exact_source_legacy_null_observation_binding|historical_household_statistics_scope_assumed|retrospective_exact_source_interpretation
2026-07-23,tp1vms-koylion-sakylan-sahko-oy-lallin-maaris-2v-kausisahko,5000,changed,fixed_term_24,fixed_term_24,528.68,528.6800000000001,none,none,,exact_source_legacy_null_observation_binding|historical_household_statistics_scope_assumed|retrospective_exact_source_interpretation
2026-07-23,tp1vms-koylion-sakylan-sahko-oy-lallin-maaris-2v-kausisahko,18000,changed,fixed_term_24,fixed_term_24,1750.68,1750.68,none,none,,exact_source_legacy_null_observation_binding|historical_household_statistics_scope_assumed|retrospective_exact_source_interpretation
2026-07-23,ttpvga-vaasan-sahko-myynti-oy-toimitusvelvollinen-porssisahko,2000,changed,spot,spot,256.3885,256.7733510645883,forward_curve_spot,forward_curve_spot,,exact_source_legacy_null_observation_binding|forward_month_from_quarter_contract|historical_household_statistics_scope_assumed|partial_shape_coverage|retrospective_exact_source_interpretation|spot_forward_curve_with_rolling_365_intraday_shape
2026-07-23,ttpvga-vaasan-sahko-myynti-oy-toimitusvelvollinen-porssisahko,5000,changed,spot,spot,552.7712,553.733377661471,forward_curve_spot,forward_curve_spot,,exact_source_legacy_null_observation_binding|forward_month_from_quarter_contract|historical_household_statistics_scope_assumed|partial_shape_coverage|retrospective_exact_source_interpretation|spot_forward_curve_with_rolling_365_intraday_shape
2026-07-23,ttpvga-vaasan-sahko-myynti-oy-toimitusvelvollinen-porssisahko,18000,changed,spot,spot,1837.0964,1840.560159581295,forward_curve_spot,forward_curve_spot,,exact_source_legacy_null_observation_binding|forward_month_from_quarter_contract|historical_household_statistics_scope_assumed|partial_shape_coverage|retrospective_exact_source_interpretation|spot_forward_curve_with_rolling_365_intraday_shape
2026-07-23,ufstl2-kokkolan-energia-oy-surffari-vihrea,2000,changed,spot,spot,236.7485,237.1333510645883,forward_curve_spot,forward_curve_spot,,exact_source_legacy_null_observation_binding|forward_month_from_quarter_contract|historical_household_statistics_scope_assumed|partial_shape_coverage|retrospective_exact_source_interpretation|spot_forward_curve_with_rolling_365_intraday_shape
2026-07-23,ufstl2-kokkolan-energia-oy-surffari-vihrea,5000,changed,spot,spot,546.3312,547.2933776614709,forward_curve_spot,forward_curve_spot,,exact_source_legacy_null_observation_binding|forward_month_from_quarter_contract|historical_household_statistics_scope_assumed|partial_shape_coverage|retrospective_exact_source_interpretation|spot_forward_curve_with_rolling_365_intraday_shape
2026-07-23,ufstl2-kokkolan-energia-oy-surffari-vihrea,18000,changed,spot,spot,1887.8564,1891.320159581295,forward_curve_spot,forward_curve_spot,,exact_source_legacy_null_observation_binding|forward_month_from_quarter_contract|historical_household_statistics_scope_assumed|partial_shape_coverage|retrospective_exact_source_interpretation|spot_forward_curve_with_rolling_365_intraday_shape
2026-07-23,uio8ny-iin-energia-oy-ien-spot,2000,changed,spot,spot,268.4285,268.81335106458835,forward_curve_spot,forward_curve_spot,,exact_source_legacy_null_observation_binding|forward_month_from_quarter_contract|historical_household_statistics_scope_assumed|partial_shape_coverage|retrospective_exact_source_interpretation|spot_forward_curve_with_rolling_365_intraday_shape
2026-07-23,uio8ny-iin-energia-oy-ien-spot,5000,changed,spot,spot,561.8112,562.7733776614709,forward_curve_spot,forward_curve_spot,,exact_source_legacy_null_observation_binding|forward_month_from_quarter_contract|historical_household_statistics_scope_assumed|partial_shape_coverage|retrospective_exact_source_interpretation|spot_forward_curve_with_rolling_365_intraday_shape
2026-07-23,uio8ny-iin-energia-oy-ien-spot,18000,changed,spot,spot,1833.1364,1836.6001595812954,forward_curve_spot,forward_curve_spot,,exact_source_legacy_null_observation_binding|forward_month_from_quarter_contract|historical_household_statistics_scope_assumed|partial_shape_coverage|retrospective_exact_source_interpretation|spot_forward_curve_with_rolling_365_intraday_shape
2026-07-23,uobgsl-pohjois-karjalan-sahko-oy-optimi-takuu-24-kuukautta,2000,changed,fixed_term_24,fixed_term_24,266.79,266.78999999999996,none,none,,exact_source_legacy_null_observation_binding|historical_household_statistics_scope_assumed|retrospective_exact_source_interpretation
2026-07-23,uobgsl-pohjois-karjalan-sahko-oy-optimi-takuu-24-kuukautta,5000,changed,fixed_term_24,fixed_term_24,584.895,584.895,none,none,,exact_source_legacy_null_observation_binding|historical_household_statistics_scope_assumed|retrospective_exact_source_interpretation
2026-07-23,uobgsl-pohjois-karjalan-sahko-oy-optimi-takuu-24-kuukautta,18000,changed,fixed_term_24,fixed_term_24,1963.35,1963.35,none,none,,exact_source_legacy_null_observation_binding|historical_household_statistics_scope_assumed|retrospective_exact_source_interpretation
2026-07-23,upeylu-porvoon-energia-oy-ilmastoviisas-24-kk-co2-paastottomasti-tuotettu,2000,changed,fixed_term_24,fixed_term_24,261.9,261.9,none,none,,exact_source_legacy_null_observation_binding|historical_household_statistics_scope_assumed|retrospective_exact_source_interpretation
2026-07-23,upeylu-porvoon-energia-oy-ilmastoviisas-24-kk-co2-paastottomasti-tuotettu,5000,changed,fixed_term_24,fixed_term_24,584.55,584.55,none,none,,exact_source_legacy_null_observation_binding|historical_household_statistics_scope_assumed|retrospective_exact_source_interpretation
2026-07-23,upeylu-porvoon-energia-oy-ilmastoviisas-24-kk-co2-paastottomasti-tuotettu,18000,changed,fixed_term_24,fixed_term_24,1982.7,1982.7,none,none,,exact_source_legacy_null_observation_binding|historical_household_statistics_scope_assumed|retrospective_exact_source_interpretation
2026-07-23,urlxpl-koillis-satakunnan-sahko-oy-tuntiwirta,2000,changed,spot,spot,251.0285,251.4133510645883,forward_curve_spot,forward_curve_spot,,exact_source_legacy_null_observation_binding|forward_month_from_quarter_contract|historical_household_statistics_scope_assumed|partial_shape_coverage|retrospective_exact_source_interpretation|spot_forward_curve_with_rolling_365_intraday_shape
2026-07-23,urlxpl-koillis-satakunnan-sahko-oy-tuntiwirta,5000,changed,spot,spot,546.2112,547.1733776614709,forward_curve_spot,forward_curve_spot,,exact_source_legacy_null_observation_binding|forward_month_from_quarter_contract|historical_household_statistics_scope_assumed|partial_shape_coverage|retrospective_exact_source_interpretation|spot_forward_curve_with_rolling_365_intraday_shape
2026-07-23,urlxpl-koillis-satakunnan-sahko-oy-tuntiwirta,18000,changed,spot,spot,1825.3364,1828.8001595812948,forward_curve_spot,forward_curve_spot,,exact_source_legacy_null_observation_binding|forward_month_from_quarter_contract|historical_household_statistics_scope_assumed|partial_shape_coverage|retrospective_exact_source_interpretation|spot_forward_curve_with_rolling_365_intraday_shape
2026-07-23,uvaiw9-lammaisten-energia-oy-iisi-kulutusjousto-aikasahko-24-kk,2000,changed,hybrid,hybrid,230.8,230.79999999999998,none,hybrid_base_only,,exact_source_legacy_null_observation_binding|excludes_consumption_effect|historical_household_statistics_scope_assumed|retrospective_exact_source_interpretation
2026-07-23,uvaiw9-lammaisten-energia-oy-iisi-kulutusjousto-aikasahko-24-kk,5000,changed,hybrid,hybrid,495.1,495.1000000000001,none,hybrid_base_only,,exact_source_legacy_null_observation_binding|excludes_consumption_effect|historical_household_statistics_scope_assumed|retrospective_exact_source_interpretation
2026-07-23,uvaiw9-lammaisten-energia-oy-iisi-kulutusjousto-aikasahko-24-kk,18000,changed,hybrid,hybrid,1640.4,1640.3999999999999,none,hybrid_base_only,,exact_source_legacy_null_observation_binding|excludes_consumption_effect|historical_household_statistics_scope_assumed|retrospective_exact_source_interpretation
2026-07-23,uxxof7-nordic-green-energy-ilmasto-hybridi-24kk,2000,changed,hybrid,hybrid,231.56,231.56000000000003,none,hybrid_base_only,,exact_source_legacy_null_observation_binding|excludes_consumption_effect|historical_household_statistics_scope_assumed|retrospective_exact_source_interpretation
2026-07-23,v7juwr-aanekosken-energia-oy-kausisahko,2000,changed,open_ended,open_ended,273.1917,279.2974849462365,none,supplier_adjusted_forward_premium,,calendar_gap_within_observed_price_episode|exact_source_legacy_null_observation_binding|historical_exact_contract_only|historical_household_statistics_scope_assumed|lower_confidence_energy_episode_proxy|missing_own_reference_using_comparable_premium|price_episode_left_censored|price_episode_observed_proxy|price_episode_uses_dedicated_historical_interpretation|price_episode_uses_retrospective_exact_source_interpretation|retrospective_exact_source_interpretation|supplier_adjusted_monthly_fee_held_flat|supplier_adjusted_tail_uses_comparable_forward_premium
2026-07-23,v7juwr-aanekosken-energia-oy-kausisahko,5000,changed,open_ended,open_ended,616.3792,631.6437123655915,none,supplier_adjusted_forward_premium,,calendar_gap_within_observed_price_episode|exact_source_legacy_null_observation_binding|historical_exact_contract_only|historical_household_statistics_scope_assumed|lower_confidence_energy_episode_proxy|missing_own_reference_using_comparable_premium|price_episode_left_censored|price_episode_observed_proxy|price_episode_uses_dedicated_historical_interpretation|price_episode_uses_retrospective_exact_source_interpretation|retrospective_exact_source_interpretation|supplier_adjusted_monthly_fee_held_flat|supplier_adjusted_tail_uses_comparable_forward_premium
2026-07-23,v7juwr-aanekosken-energia-oy-kausisahko,18000,changed,open_ended,open_ended,2103.525,2158.477364516129,none,supplier_adjusted_forward_premium,,calendar_gap_within_observed_price_episode|exact_source_legacy_null_observation_binding|historical_exact_contract_only|historical_household_statistics_scope_assumed|lower_confidence_energy_episode_proxy|missing_own_reference_using_comparable_premium|price_episode_left_censored|price_episode_observed_proxy|price_episode_uses_dedicated_historical_interpretation|price_episode_uses_retrospective_exact_source_interpretation|retrospective_exact_source_interpretation|supplier_adjusted_monthly_fee_held_flat|supplier_adjusted_tail_uses_comparable_forward_premium
2026-07-23,v7syfz-iin-energia-oy-yleissahko,2000,changed,open_ended,open_ended,271.84,316.0361411962365,none,supplier_adjusted_forward_premium,,exact_source_legacy_null_observation_binding|historical_exact_contract_only|historical_household_statistics_scope_assumed|lower_confidence_energy_episode_proxy|missing_own_reference_using_comparable_premium|price_episode_left_censored|price_episode_observed_proxy|price_episode_uses_dedicated_historical_interpretation|price_episode_uses_retrospective_exact_source_interpretation|retrospective_exact_source_interpretation|supplier_adjusted_monthly_fee_held_flat|supplier_adjusted_tail_uses_comparable_forward_premium
2026-07-23,v7syfz-iin-energia-oy-yleissahko,5000,changed,open_ended,open_ended,570.34,680.8303529905913,none,supplier_adjusted_forward_premium,,exact_source_legacy_null_observation_binding|historical_exact_contract_only|historical_household_statistics_scope_assumed|lower_confidence_energy_episode_proxy|missing_own_reference_using_comparable_premium|price_episode_left_censored|price_episode_observed_proxy|price_episode_uses_dedicated_historical_interpretation|price_episode_uses_retrospective_exact_source_interpretation|retrospective_exact_source_interpretation|supplier_adjusted_monthly_fee_held_flat|supplier_adjusted_tail_uses_comparable_forward_premium
2026-07-23,v7syfz-iin-energia-oy-yleissahko,18000,changed,open_ended,open_ended,1863.84,2261.6052707661293,none,supplier_adjusted_forward_premium,,exact_source_legacy_null_observation_binding|historical_exact_contract_only|historical_household_statistics_scope_assumed|lower_confidence_energy_episode_proxy|missing_own_reference_using_comparable_premium|price_episode_left_censored|price_episode_observed_proxy|price_episode_uses_dedicated_historical_interpretation|price_episode_uses_retrospective_exact_source_interpretation|retrospective_exact_source_interpretation|supplier_adjusted_monthly_fee_held_flat|supplier_adjusted_tail_uses_comparable_forward_premium
2026-07-23,v7tqpw-porvoon-energia-oy-eko-24-kk-luonnonsuojeluliiton-sertifioima-ekoenergia,2000,changed,fixed_term_24,fixed_term_24,240.8,240.79999999999995,none,none,,exact_source_legacy_null_observation_binding|historical_household_statistics_scope_assumed|retrospective_exact_source_interpretation
2026-07-23,v7tqpw-porvoon-energia-oy-eko-24-kk-luonnonsuojeluliiton-sertifioima-ekoenergia,5000,changed,fixed_term_24,fixed_term_24,531.8,531.8,none,none,,exact_source_legacy_null_observation_binding|historical_household_statistics_scope_assumed|retrospective_exact_source_interpretation
2026-07-23,v7tqpw-porvoon-energia-oy-eko-24-kk-luonnonsuojeluliiton-sertifioima-ekoenergia,18000,changed,fixed_term_24,fixed_term_24,1792.8,1792.7999999999997,none,none,,exact_source_legacy_null_observation_binding|historical_household_statistics_scope_assumed|retrospective_exact_source_interpretation
2026-07-23,vfbzyt-lammaisten-energia-oy-iisi-kulutusjousto-kausisahko-24-kk,2000,changed,hybrid,hybrid,230.8,230.8,none,hybrid_base_only,,exact_source_legacy_null_observation_binding|excludes_consumption_effect|historical_household_statistics_scope_assumed|retrospective_exact_source_interpretation
2026-07-23,vfbzyt-lammaisten-energia-oy-iisi-kulutusjousto-kausisahko-24-kk,5000,changed,hybrid,hybrid,495.1,495.1000000000001,none,hybrid_base_only,,exact_source_legacy_null_observation_binding|excludes_consumption_effect|historical_household_statistics_scope_assumed|retrospective_exact_source_interpretation
2026-07-23,vfbzyt-lammaisten-energia-oy-iisi-kulutusjousto-kausisahko-24-kk,18000,changed,hybrid,hybrid,1640.4,1640.3999999999999,none,hybrid_base_only,,exact_source_legacy_null_observation_binding|excludes_consumption_effect|historical_household_statistics_scope_assumed|retrospective_exact_source_interpretation
2026-07-23,vgornb-lumme-energia-porssisahko-3-kk-ilman-kk-maksua,2000,changed,spot,spot,242.1785,242.56335106458832,forward_curve_spot,forward_curve_spot,,exact_source_legacy_null_observation_binding|forward_month_from_quarter_contract|historical_household_statistics_scope_assumed|partial_shape_coverage|retrospective_exact_source_interpretation|spot_forward_curve_with_rolling_365_intraday_shape
2026-07-23,vgornb-lumme-energia-porssisahko-3-kk-ilman-kk-maksua,5000,changed,spot,spot,539.1612,540.1233776614708,forward_curve_spot,forward_curve_spot,,exact_source_legacy_null_observation_binding|forward_month_from_quarter_contract|historical_household_statistics_scope_assumed|partial_shape_coverage|retrospective_exact_source_interpretation|spot_forward_curve_with_rolling_365_intraday_shape
2026-07-23,vgornb-lumme-energia-porssisahko-3-kk-ilman-kk-maksua,18000,changed,spot,spot,1826.0864,1829.550159581295,forward_curve_spot,forward_curve_spot,,exact_source_legacy_null_observation_binding|forward_month_from_quarter_contract|historical_household_statistics_scope_assumed|partial_shape_coverage|retrospective_exact_source_interpretation|spot_forward_curve_with_rolling_365_intraday_shape
2026-07-23,vizdvz-nurmijarven-sahko-oy-aikasahko-1-vuotta,2000,changed,fixed_term_12,fixed_term_12,322.13,322.12999999999994,none,none,,exact_source_legacy_null_observation_binding|historical_household_statistics_scope_assumed|retrospective_exact_source_interpretation
2026-07-23,vizdvz-nurmijarven-sahko-oy-aikasahko-1-vuotta,5000,changed,fixed_term_12,fixed_term_12,704.705,704.7050000000002,none,none,,exact_source_legacy_null_observation_binding|historical_household_statistics_scope_assumed|retrospective_exact_source_interpretation
2026-07-23,vizdvz-nurmijarven-sahko-oy-aikasahko-1-vuotta,18000,changed,fixed_term_12,fixed_term_12,2362.53,2362.5299999999997,none,none,,exact_source_legacy_null_observation_binding|historical_household_statistics_scope_assumed|retrospective_exact_source_interpretation
2026-07-23,vmqvel-keravan-energia-oy-perussahko-yleissahko,2000,changed,fixed_term_24,fixed_term_24,246,246,none,none,,exact_source_legacy_null_observation_binding|historical_household_statistics_scope_assumed|retrospective_exact_source_interpretation
2026-07-23,vmqvel-keravan-energia-oy-perussahko-yleissahko,5000,changed,fixed_term_24,fixed_term_24,516,516,none,none,,exact_source_legacy_null_observation_binding|historical_household_statistics_scope_assumed|retrospective_exact_source_interpretation
2026-07-23,vmqvel-keravan-energia-oy-perussahko-yleissahko,18000,changed,fixed_term_24,fixed_term_24,1686,1686,none,none,,exact_source_legacy_null_observation_binding|historical_household_statistics_scope_assumed|retrospective_exact_source_interpretation
2026-07-23,vnbjjz-helen-oy-maaraaikainen-perussahko-12-kk,2000,changed,fixed_term_12,fixed_term_12,299.48,299.4800000000001,none,none,,exact_source_legacy_null_observation_binding|historical_household_statistics_scope_assumed|retrospective_exact_source_interpretation
2026-07-23,vnbjjz-helen-oy-maaraaikainen-perussahko-12-kk,5000,changed,fixed_term_12,fixed_term_12,640.88,640.8800000000002,none,none,,exact_source_legacy_null_observation_binding|historical_household_statistics_scope_assumed|retrospective_exact_source_interpretation
2026-07-23,vnbjjz-helen-oy-maaraaikainen-perussahko-12-kk,18000,changed,fixed_term_12,fixed_term_12,2120.28,2120.28,none,none,,exact_source_legacy_null_observation_binding|historical_household_statistics_scope_assumed|retrospective_exact_source_interpretation
2026-07-23,vrekdo-alajarven-sahko-oy-yleissahko-12-kk,2000,changed,fixed_term_12,fixed_term_12,252,252,none,none,,exact_source_legacy_null_observation_binding|historical_household_statistics_scope_assumed|retrospective_exact_source_interpretation
2026-07-23,vrekdo-alajarven-sahko-oy-yleissahko-12-kk,5000,changed,fixed_term_12,fixed_term_12,549,549,none,none,,exact_source_legacy_null_observation_binding|historical_household_statistics_scope_assumed|retrospective_exact_source_interpretation
2026-07-23,vrekdo-alajarven-sahko-oy-yleissahko-12-kk,18000,changed,fixed_term_12,fixed_term_12,1836,1836,none,none,,exact_source_legacy_null_observation_binding|historical_household_statistics_scope_assumed|retrospective_exact_source_interpretation
2026-07-23,vt6gp0-keuruun-sahko-oy-spot-sahko,2000,changed,spot,spot,246.7885,247.17335106458833,forward_curve_spot,forward_curve_spot,,exact_source_legacy_null_observation_binding|forward_month_from_quarter_contract|historical_household_statistics_scope_assumed|partial_shape_coverage|retrospective_exact_source_interpretation|spot_forward_curve_with_rolling_365_intraday_shape
2026-07-23,vt6gp0-keuruun-sahko-oy-spot-sahko,5000,changed,spot,spot,544.0712,545.0333776614708,forward_curve_spot,forward_curve_spot,,exact_source_legacy_null_observation_binding|forward_month_from_quarter_contract|historical_household_statistics_scope_assumed|partial_shape_coverage|retrospective_exact_source_interpretation|spot_forward_curve_with_rolling_365_intraday_shape
2026-07-23,vt6gp0-keuruun-sahko-oy-spot-sahko,18000,changed,spot,spot,1832.2964,1835.7601595812948,forward_curve_spot,forward_curve_spot,,exact_source_legacy_null_observation_binding|forward_month_from_quarter_contract|historical_household_statistics_scope_assumed|partial_shape_coverage|retrospective_exact_source_interpretation|spot_forward_curve_with_rolling_365_intraday_shape
2026-07-23,vu1pv5-alajarven-sahko-oy-porssisahko,2000,changed,spot,spot,250.9885,251.37335106458832,forward_curve_spot,forward_curve_spot,,exact_source_legacy_null_observation_binding|forward_month_from_quarter_contract|historical_household_statistics_scope_assumed|partial_shape_coverage|retrospective_exact_source_interpretation|spot_forward_curve_with_rolling_365_intraday_shape
2026-07-23,vu1pv5-alajarven-sahko-oy-porssisahko,5000,changed,spot,spot,546.4712,547.4333776614709,forward_curve_spot,forward_curve_spot,,exact_source_legacy_null_observation_binding|forward_month_from_quarter_contract|historical_household_statistics_scope_assumed|partial_shape_coverage|retrospective_exact_source_interpretation|spot_forward_curve_with_rolling_365_intraday_shape
2026-07-23,vu1pv5-alajarven-sahko-oy-porssisahko,18000,changed,spot,spot,1826.8964,1830.3601595812947,forward_curve_spot,forward_curve_spot,,exact_source_legacy_null_observation_binding|forward_month_from_quarter_contract|historical_household_statistics_scope_assumed|partial_shape_coverage|retrospective_exact_source_interpretation|spot_forward_curve_with_rolling_365_intraday_shape
2026-07-23,wghlwf-paneliankosken-voima-oy-kosken-vuosiwoima-24-kk,2000,changed,fixed_term_24,fixed_term_24,231,230.99999999999994,none,none,,exact_source_legacy_null_observation_binding|historical_household_statistics_scope_assumed|retrospective_exact_source_interpretation
2026-07-23,wghlwf-paneliankosken-voima-oy-kosken-vuosiwoima-24-kk,5000,changed,fixed_term_24,fixed_term_24,505.5,505.5,none,none,,exact_source_legacy_null_observation_binding|historical_household_statistics_scope_assumed|retrospective_exact_source_interpretation
2026-07-23,wghlwf-paneliankosken-voima-oy-kosken-vuosiwoima-24-kk,18000,changed,fixed_term_24,fixed_term_24,1695,1695,none,none,,exact_source_legacy_null_observation_binding|historical_household_statistics_scope_assumed|retrospective_exact_source_interpretation
2026-07-23,wliup0-omavoima-oy-oma-24kk-yleis,2000,changed,fixed_term_24,fixed_term_24,239.6,239.60000000000002,none,none,,exact_source_legacy_null_observation_binding|historical_household_statistics_scope_assumed|retrospective_exact_source_interpretation
2026-07-23,wliup0-omavoima-oy-oma-24kk-yleis,5000,changed,fixed_term_24,fixed_term_24,509,509,none,none,,exact_source_legacy_null_observation_binding|historical_household_statistics_scope_assumed|retrospective_exact_source_interpretation
2026-07-23,wliup0-omavoima-oy-oma-24kk-yleis,18000,changed,fixed_term_24,fixed_term_24,1676.4,1676.4,none,none,,exact_source_legacy_null_observation_binding|historical_household_statistics_scope_assumed|retrospective_exact_source_interpretation
2026-07-23,wokjrt-hehku-energia-oy-hehku-kiintea-15-kk-0-kuukausimaksu-ensimmaiset-3-kk,2000,changed,fixed_term_13_23,fixed_term_13_23,236.9,236.9,none,none,,canonical_interpretation_rejected_by_exact_target_validation|exact_source_legacy_null_observation_binding|historical_household_statistics_scope_assumed|historical_temporal_source_validation_unavailable|retrospective_exact_source_interpretation
2026-07-23,wokjrt-hehku-energia-oy-hehku-kiintea-15-kk-0-kuukausimaksu-ensimmaiset-3-kk,5000,changed,fixed_term_13_23,fixed_term_13_23,512.6,512.6,none,none,,canonical_interpretation_rejected_by_exact_target_validation|exact_source_legacy_null_observation_binding|historical_household_statistics_scope_assumed|historical_temporal_source_validation_unavailable|retrospective_exact_source_interpretation
2026-07-23,wokjrt-hehku-energia-oy-hehku-kiintea-15-kk-0-kuukausimaksu-ensimmaiset-3-kk,18000,changed,fixed_term_13_23,fixed_term_13_23,1707.3,1707.3,none,none,,canonical_interpretation_rejected_by_exact_target_validation|exact_source_legacy_null_observation_binding|historical_household_statistics_scope_assumed|historical_temporal_source_validation_unavailable|retrospective_exact_source_interpretation
2026-07-23,wqatmw-paneliankosken-voima-oy-kosken-vuosiwoima-24-kk,2000,changed,fixed_term_24,fixed_term_24,231,230.99999999999994,none,none,,exact_source_legacy_null_observation_binding|historical_household_statistics_scope_assumed|retrospective_exact_source_interpretation
2026-07-23,wqatmw-paneliankosken-voima-oy-kosken-vuosiwoima-24-kk,5000,changed,fixed_term_24,fixed_term_24,505.5,505.5,none,none,,exact_source_legacy_null_observation_binding|historical_household_statistics_scope_assumed|retrospective_exact_source_interpretation
2026-07-23,wqatmw-paneliankosken-voima-oy-kosken-vuosiwoima-24-kk,18000,changed,fixed_term_24,fixed_term_24,1695,1695,none,none,,exact_source_legacy_null_observation_binding|historical_household_statistics_scope_assumed|retrospective_exact_source_interpretation
2026-07-23,wqyv9k-aanekosken-energia-oy-maalaisjarkisahko-aikasahko-6-kk-paastoton,2000,changed,fixed_term_6,fixed_term_6,286.98,286.97999999999996,none,term_price_annualized,,exact_source_legacy_null_observation_binding|historical_household_statistics_scope_assumed|retrospective_exact_source_interpretation|term_price_annualized
2026-07-23,wqyv9k-aanekosken-energia-oy-maalaisjarkisahko-aikasahko-6-kk-paastoton,5000,changed,fixed_term_6,fixed_term_6,645.63,645.6300000000001,none,term_price_annualized,,exact_source_legacy_null_observation_binding|historical_household_statistics_scope_assumed|retrospective_exact_source_interpretation|term_price_annualized
2026-07-23,wqyv9k-aanekosken-energia-oy-maalaisjarkisahko-aikasahko-6-kk-paastoton,18000,changed,fixed_term_6,fixed_term_6,2199.78,2199.78,none,term_price_annualized,,exact_source_legacy_null_observation_binding|historical_household_statistics_scope_assumed|retrospective_exact_source_interpretation|term_price_annualized
2026-07-23,wsncrl-kokkolan-energia-oy-ranta-12-kk,2000,changed,fixed_term_12,fixed_term_12,268.8,268.8,none,none,,exact_source_legacy_null_observation_binding|historical_household_statistics_scope_assumed|retrospective_exact_source_interpretation
2026-07-23,wsncrl-kokkolan-energia-oy-ranta-12-kk,5000,changed,fixed_term_12,fixed_term_12,608.1,608.1000000000001,none,none,,exact_source_legacy_null_observation_binding|historical_household_statistics_scope_assumed|retrospective_exact_source_interpretation
2026-07-23,wsncrl-kokkolan-energia-oy-ranta-12-kk,18000,changed,fixed_term_12,fixed_term_12,2078.4,2078.4,none,none,,exact_source_legacy_null_observation_binding|historical_household_statistics_scope_assumed|retrospective_exact_source_interpretation
2026-07-23,wsnmgc-nurmijarven-sahko-oy-yleissahko,2000,changed,open_ended,open_ended,440.48,284.0503347446237,none,supplier_adjusted_forward_premium,,calendar_gap_within_observed_price_episode|exact_source_legacy_null_observation_binding|historical_exact_contract_only|historical_household_statistics_scope_assumed|lower_confidence_energy_episode_proxy|missing_own_reference_using_comparable_premium|price_episode_left_censored|price_episode_observed_proxy|price_episode_uses_dedicated_historical_interpretation|price_episode_uses_retrospective_exact_source_interpretation|retrospective_exact_source_interpretation|supplier_adjusted_monthly_fee_held_flat|supplier_adjusted_tail_uses_comparable_forward_premium
2026-07-23,wsnmgc-nurmijarven-sahko-oy-yleissahko,5000,changed,open_ended,open_ended,1047.38,656.3058368615591,none,supplier_adjusted_forward_premium,,calendar_gap_within_observed_price_episode|exact_source_legacy_null_observation_binding|historical_exact_contract_only|historical_household_statistics_scope_assumed|lower_confidence_energy_episode_proxy|missing_own_reference_using_comparable_premium|price_episode_left_censored|price_episode_observed_proxy|price_episode_uses_dedicated_historical_interpretation|price_episode_uses_retrospective_exact_source_interpretation|retrospective_exact_source_interpretation|supplier_adjusted_monthly_fee_held_flat|supplier_adjusted_tail_uses_comparable_forward_premium
2026-07-23,wsnmgc-nurmijarven-sahko-oy-yleissahko,18000,changed,open_ended,open_ended,3677.28,2269.4130127016124,none,supplier_adjusted_forward_premium,,calendar_gap_within_observed_price_episode|exact_source_legacy_null_observation_binding|historical_exact_contract_only|historical_household_statistics_scope_assumed|lower_confidence_energy_episode_proxy|missing_own_reference_using_comparable_premium|price_episode_left_censored|price_episode_observed_proxy|price_episode_uses_dedicated_historical_interpretation|price_episode_uses_retrospective_exact_source_interpretation|retrospective_exact_source_interpretation|supplier_adjusted_monthly_fee_held_flat|supplier_adjusted_tail_uses_comparable_forward_premium
2026-07-23,wzr22t-omavoima-oy-oma-12kk-yopaiva,2000,changed,fixed_term_12,fixed_term_12,287.8,287.79999999999995,none,none,,exact_source_legacy_null_observation_binding|historical_household_statistics_scope_assumed|retrospective_exact_source_interpretation
2026-07-23,wzr22t-omavoima-oy-oma-12kk-yopaiva,5000,changed,fixed_term_12,fixed_term_12,629.5,629.4999999999999,none,none,,exact_source_legacy_null_observation_binding|historical_household_statistics_scope_assumed|retrospective_exact_source_interpretation
2026-07-23,wzr22t-omavoima-oy-oma-12kk-yopaiva,18000,changed,fixed_term_12,fixed_term_12,2110.2,2110.2000000000003,none,none,,exact_source_legacy_null_observation_binding|historical_household_statistics_scope_assumed|retrospective_exact_source_interpretation
2026-07-23,x2zvvw-nordic-green-energy-uusiutuva-porssisahko,2000,changed,spot,spot,297.6685,298.05335106458836,forward_curve_spot,forward_curve_spot,,exact_source_legacy_null_observation_binding|forward_month_from_quarter_contract|historical_household_statistics_scope_assumed|partial_shape_coverage|retrospective_exact_source_interpretation|spot_forward_curve_with_rolling_365_intraday_shape
2026-07-23,x2zvvw-nordic-green-energy-uusiutuva-porssisahko,5000,changed,spot,spot,609.3512,610.3133776614708,forward_curve_spot,forward_curve_spot,,exact_source_legacy_null_observation_binding|forward_month_from_quarter_contract|historical_household_statistics_scope_assumed|partial_shape_coverage|retrospective_exact_source_interpretation|spot_forward_curve_with_rolling_365_intraday_shape
2026-07-23,x2zvvw-nordic-green-energy-uusiutuva-porssisahko,18000,changed,spot,spot,1959.9764,1963.4401595812951,forward_curve_spot,forward_curve_spot,,exact_source_legacy_null_observation_binding|forward_month_from_quarter_contract|historical_household_statistics_scope_assumed|partial_shape_coverage|retrospective_exact_source_interpretation|spot_forward_curve_with_rolling_365_intraday_shape
2026-07-23,x5t18z-helen-oy-helpposahko-m,2000,lost,open_ended,open_ended,502.8,,none,none,canonical_outcome_not_listed,exact_source_legacy_null_observation_binding|historical_household_statistics_scope_assumed|retrospective_exact_source_interpretation
2026-07-23,xcvrus-paneliankosken-voima-oy-kosken-vuosiwoima-12-kk,2000,changed,fixed_term_12,fixed_term_12,242,241.99999999999997,none,none,,exact_source_legacy_null_observation_binding|historical_household_statistics_scope_assumed|retrospective_exact_source_interpretation
2026-07-23,xcvrus-paneliankosken-voima-oy-kosken-vuosiwoima-12-kk,5000,changed,fixed_term_12,fixed_term_12,533,533,none,none,,exact_source_legacy_null_observation_binding|historical_household_statistics_scope_assumed|retrospective_exact_source_interpretation
2026-07-23,xcvrus-paneliankosken-voima-oy-kosken-vuosiwoima-12-kk,18000,changed,fixed_term_12,fixed_term_12,1794,1794,none,none,,exact_source_legacy_null_observation_binding|historical_household_statistics_scope_assumed|retrospective_exact_source_interpretation
2026-07-23,xe9b5i-hehku-energia-oy-hehku-kiintea-12-kk-0-kuukausimaksu-ensimmaiset-3-kk,2000,changed,fixed_term_12,fixed_term_12,241.9,241.89999999999998,none,none,,exact_source_legacy_null_observation_binding|historical_household_statistics_scope_assumed|retrospective_exact_source_interpretation
2026-07-23,xe9b5i-hehku-energia-oy-hehku-kiintea-12-kk-0-kuukausimaksu-ensimmaiset-3-kk,5000,changed,fixed_term_12,fixed_term_12,538.6,538.6,none,none,,exact_source_legacy_null_observation_binding|historical_household_statistics_scope_assumed|retrospective_exact_source_interpretation
2026-07-23,xe9b5i-hehku-energia-oy-hehku-kiintea-12-kk-0-kuukausimaksu-ensimmaiset-3-kk,18000,changed,fixed_term_12,fixed_term_12,1824.3,1824.3,none,none,,exact_source_legacy_null_observation_binding|historical_household_statistics_scope_assumed|retrospective_exact_source_interpretation
2026-07-23,xhm9jf-imatran-seudun-sahko-oy-voima-6-kk,2000,changed,fixed_term_6,fixed_term_6,330.6,330.6,none,term_price_annualized,,exact_source_legacy_null_observation_binding|historical_household_statistics_scope_assumed|retrospective_exact_source_interpretation|term_price_annualized
2026-07-23,xhm9jf-imatran-seudun-sahko-oy-voima-6-kk,5000,changed,fixed_term_6,fixed_term_6,720.3,720.3000000000002,none,term_price_annualized,,exact_source_legacy_null_observation_binding|historical_household_statistics_scope_assumed|retrospective_exact_source_interpretation|term_price_annualized
2026-07-23,xhm9jf-imatran-seudun-sahko-oy-voima-6-kk,18000,changed,fixed_term_6,fixed_term_6,2409,2409,none,term_price_annualized,,exact_source_legacy_null_observation_binding|historical_household_statistics_scope_assumed|retrospective_exact_source_interpretation|term_price_annualized
2026-07-23,xhyxbc-keravan-energia-oy-perussahko-luonnonvoima-12-kk,2000,changed,fixed_term_12,fixed_term_12,279.2,279.19999999999993,none,none,,exact_source_legacy_null_observation_binding|historical_household_statistics_scope_assumed|retrospective_exact_source_interpretation
2026-07-23,xhyxbc-keravan-energia-oy-perussahko-luonnonvoima-12-kk,5000,changed,fixed_term_12,fixed_term_12,599,599,none,none,,exact_source_legacy_null_observation_binding|historical_household_statistics_scope_assumed|retrospective_exact_source_interpretation
2026-07-23,xhyxbc-keravan-energia-oy-perussahko-luonnonvoima-12-kk,18000,changed,fixed_term_12,fixed_term_12,1984.8,1984.8000000000002,none,none,,exact_source_legacy_null_observation_binding|historical_household_statistics_scope_assumed|retrospective_exact_source_interpretation
2026-07-23,xiojoa-hehku-energia-oy-hehku-hiilivapaa-24-kk-0-kuukausimaksu-ensimmaiset-6-kk,2000,changed,fixed_term_24,fixed_term_24,223.2,223.19999999999996,none,none,,exact_source_legacy_null_observation_binding|historical_household_statistics_scope_assumed|retrospective_exact_source_interpretation
2026-07-23,xiojoa-hehku-energia-oy-hehku-hiilivapaa-24-kk-0-kuukausimaksu-ensimmaiset-6-kk,5000,changed,fixed_term_24,fixed_term_24,513.9,513.9000000000001,none,none,,exact_source_legacy_null_observation_binding|historical_household_statistics_scope_assumed|retrospective_exact_source_interpretation
2026-07-23,xiojoa-hehku-energia-oy-hehku-hiilivapaa-24-kk-0-kuukausimaksu-ensimmaiset-6-kk,18000,changed,fixed_term_24,fixed_term_24,1773.6,1773.6,none,none,,exact_source_legacy_null_observation_binding|historical_household_statistics_scope_assumed|retrospective_exact_source_interpretation
2026-07-23,xlclt2-sahkotytot-oy-porssisahko-tarjous-ilmainen-perusmaksu-ensimmaiset-3kk,2000,changed,spot,spot,213.7234,213.33849345595678,forward_curve_spot,forward_curve_spot,,canonical_interpretation_rejected_by_exact_target_validation|canonical_omitted_no_valid_interpretation_as_of_date|forward_month_from_quarter_contract|historical_temporal_source_validation_unavailable|observed_relational_uniform_monthly_consumption|partial_shape_coverage
2026-07-23,xlclt2-sahkotytot-oy-porssisahko-tarjous-ilmainen-perusmaksu-ensimmaiset-3kk,5000,changed,spot,spot,507.9834,507.0212336398917,forward_curve_spot,forward_curve_spot,,canonical_interpretation_rejected_by_exact_target_validation|canonical_omitted_no_valid_interpretation_as_of_date|forward_month_from_quarter_contract|historical_temporal_source_validation_unavailable|observed_relational_uniform_monthly_consumption|partial_shape_coverage
2026-07-23,xlclt2-sahkotytot-oy-porssisahko-tarjous-ilmainen-perusmaksu-ensimmaiset-3kk,18000,changed,spot,spot,1783.1102,1779.6464411036106,forward_curve_spot,forward_curve_spot,,canonical_interpretation_rejected_by_exact_target_validation|canonical_omitted_no_valid_interpretation_as_of_date|forward_month_from_quarter_contract|historical_temporal_source_validation_unavailable|observed_relational_uniform_monthly_consumption|partial_shape_coverage
2026-07-23,xlhswe-lammaisten-energia-oy-iisi-kulutusjousto-kausisahko-12-kk,2000,changed,hybrid,hybrid,246.8,246.79999999999995,none,hybrid_base_only,,exact_source_legacy_null_observation_binding|excludes_consumption_effect|historical_household_statistics_scope_assumed|retrospective_exact_source_interpretation
2026-07-23,xlhswe-lammaisten-energia-oy-iisi-kulutusjousto-kausisahko-12-kk,5000,changed,hybrid,hybrid,535.1,535.1,none,hybrid_base_only,,exact_source_legacy_null_observation_binding|excludes_consumption_effect|historical_household_statistics_scope_assumed|retrospective_exact_source_interpretation
2026-07-23,xlhswe-lammaisten-energia-oy-iisi-kulutusjousto-kausisahko-12-kk,18000,changed,hybrid,hybrid,1784.4,1784.4,none,hybrid_base_only,,exact_source_legacy_null_observation_binding|excludes_consumption_effect|historical_household_statistics_scope_assumed|retrospective_exact_source_interpretation
2026-07-23,xmurz0-porvoon-energia-oy-ilmastoviisas-12-kk-co2-paastottomasti-tuotettu,2000,changed,fixed_term_12,fixed_term_12,260.8,260.7999999999999,none,none,,exact_source_legacy_null_observation_binding|historical_household_statistics_scope_assumed|retrospective_exact_source_interpretation
2026-07-23,xmurz0-porvoon-energia-oy-ilmastoviisas-12-kk-co2-paastottomasti-tuotettu,5000,changed,fixed_term_12,fixed_term_12,581.8,581.8,none,none,,exact_source_legacy_null_observation_binding|historical_household_statistics_scope_assumed|retrospective_exact_source_interpretation
2026-07-23,xmurz0-porvoon-energia-oy-ilmastoviisas-12-kk-co2-paastottomasti-tuotettu,18000,changed,fixed_term_12,fixed_term_12,1972.8,1972.8,none,none,,exact_source_legacy_null_observation_binding|historical_household_statistics_scope_assumed|retrospective_exact_source_interpretation
2026-07-23,xrufmt-koylion-sakylan-sahko-oy-lallin-maaris-2v,2000,changed,fixed_term_24,fixed_term_24,246.68,246.67999999999998,none,none,,exact_source_legacy_null_observation_binding|historical_household_statistics_scope_assumed|retrospective_exact_source_interpretation
2026-07-23,xrufmt-koylion-sakylan-sahko-oy-lallin-maaris-2v,5000,changed,fixed_term_24,fixed_term_24,528.68,528.6800000000001,none,none,,exact_source_legacy_null_observation_binding|historical_household_statistics_scope_assumed|retrospective_exact_source_interpretation
2026-07-23,xrufmt-koylion-sakylan-sahko-oy-lallin-maaris-2v,18000,changed,fixed_term_24,fixed_term_24,1750.68,1750.6799999999998,none,none,,exact_source_legacy_null_observation_binding|historical_household_statistics_scope_assumed|retrospective_exact_source_interpretation
2026-07-23,xsinka-porvoon-energia-oy-eko-24kk-luonnonsuojeluliiton-sertifioima-ekoenergia,2000,changed,fixed_term_24,fixed_term_24,265.9,265.9,none,none,,exact_source_legacy_null_observation_binding|historical_household_statistics_scope_assumed|retrospective_exact_source_interpretation
2026-07-23,xsinka-porvoon-energia-oy-eko-24kk-luonnonsuojeluliiton-sertifioima-ekoenergia,5000,changed,fixed_term_24,fixed_term_24,594.55,594.5500000000001,none,none,,exact_source_legacy_null_observation_binding|historical_household_statistics_scope_assumed|retrospective_exact_source_interpretation
2026-07-23,xsinka-porvoon-energia-oy-eko-24kk-luonnonsuojeluliiton-sertifioima-ekoenergia,18000,changed,fixed_term_24,fixed_term_24,2018.7,2018.6999999999998,none,none,,exact_source_legacy_null_observation_binding|historical_household_statistics_scope_assumed|retrospective_exact_source_interpretation
2026-07-23,xvnarv-porvoon-energia-oy-spot-porssisahko,2000,changed,spot,spot,239.3885,239.77335106458833,forward_curve_spot,forward_curve_spot,,exact_source_legacy_null_observation_binding|forward_month_from_quarter_contract|historical_household_statistics_scope_assumed|partial_shape_coverage|retrospective_exact_source_interpretation|spot_forward_curve_with_rolling_365_intraday_shape
2026-07-23,xvnarv-porvoon-energia-oy-spot-porssisahko,5000,changed,spot,spot,533.6712,534.633377661471,forward_curve_spot,forward_curve_spot,,exact_source_legacy_null_observation_binding|forward_month_from_quarter_contract|historical_household_statistics_scope_assumed|partial_shape_coverage|retrospective_exact_source_interpretation|spot_forward_curve_with_rolling_365_intraday_shape
2026-07-23,xvnarv-porvoon-energia-oy-spot-porssisahko,18000,changed,spot,spot,1808.8964,1812.3601595812952,forward_curve_spot,forward_curve_spot,,exact_source_legacy_null_observation_binding|forward_month_from_quarter_contract|historical_household_statistics_scope_assumed|partial_shape_coverage|retrospective_exact_source_interpretation|spot_forward_curve_with_rolling_365_intraday_shape
2026-07-23,xwfvrr-hehku-energia-oy-hehku-hiilivapaa-porssi-0-kuukausimaksu-ensimmaiset-6-kk,2000,changed,spot,spot,237.1885,237.57335106458828,forward_curve_spot,forward_curve_spot,,exact_source_legacy_null_observation_binding|forward_month_from_quarter_contract|historical_household_statistics_scope_assumed|partial_shape_coverage|retrospective_exact_source_interpretation|spot_forward_curve_with_rolling_365_intraday_shape
2026-07-23,xwfvrr-hehku-energia-oy-hehku-hiilivapaa-porssi-0-kuukausimaksu-ensimmaiset-6-kk,5000,changed,spot,spot,539.8712,540.8333776614709,forward_curve_spot,forward_curve_spot,,exact_source_legacy_null_observation_binding|forward_month_from_quarter_contract|historical_household_statistics_scope_assumed|partial_shape_coverage|retrospective_exact_source_interpretation|spot_forward_curve_with_rolling_365_intraday_shape
2026-07-23,xwfvrr-hehku-energia-oy-hehku-hiilivapaa-porssi-0-kuukausimaksu-ensimmaiset-6-kk,18000,changed,spot,spot,1851.4964,1854.9601595812949,forward_curve_spot,forward_curve_spot,,exact_source_legacy_null_observation_binding|forward_month_from_quarter_contract|historical_household_statistics_scope_assumed|partial_shape_coverage|retrospective_exact_source_interpretation|spot_forward_curve_with_rolling_365_intraday_shape
2026-07-23,xx5uxn-oomi-oy-toimitusvelvollinen-sahko,2000,changed,open_ended,open_ended,377.4783,296.64329139784945,none,supplier_adjusted_forward_premium,,calendar_gap_within_observed_price_episode|exact_source_legacy_null_observation_binding|historical_exact_contract_only|historical_household_statistics_scope_assumed|lower_confidence_energy_episode_proxy|missing_own_reference_using_comparable_premium|price_episode_left_censored|price_episode_observed_proxy|price_episode_uses_dedicated_historical_interpretation|price_episode_uses_retrospective_exact_source_interpretation|retrospective_exact_source_interpretation|supplier_adjusted_monthly_fee_held_flat|supplier_adjusted_tail_uses_comparable_forward_premium
2026-07-23,xx5uxn-oomi-oy-toimitusvelvollinen-sahko,5000,changed,open_ended,open_ended,854.4158,652.3282284946237,none,supplier_adjusted_forward_premium,,calendar_gap_within_observed_price_episode|exact_source_legacy_null_observation_binding|historical_exact_contract_only|historical_household_statistics_scope_assumed|lower_confidence_energy_episode_proxy|missing_own_reference_using_comparable_premium|price_episode_left_censored|price_episode_observed_proxy|price_episode_uses_dedicated_historical_interpretation|price_episode_uses_retrospective_exact_source_interpretation|retrospective_exact_source_interpretation|supplier_adjusted_monthly_fee_held_flat|supplier_adjusted_tail_uses_comparable_forward_premium
2026-07-23,xx5uxn-oomi-oy-toimitusvelvollinen-sahko,18000,changed,open_ended,open_ended,2921.145,2193.6296225806445,none,supplier_adjusted_forward_premium,,calendar_gap_within_observed_price_episode|exact_source_legacy_null_observation_binding|historical_exact_contract_only|historical_household_statistics_scope_assumed|lower_confidence_energy_episode_proxy|missing_own_reference_using_comparable_premium|price_episode_left_censored|price_episode_observed_proxy|price_episode_uses_dedicated_historical_interpretation|price_episode_uses_retrospective_exact_source_interpretation|retrospective_exact_source_interpretation|supplier_adjusted_monthly_fee_held_flat|supplier_adjusted_tail_uses_comparable_forward_premium
2026-07-23,xyhwzz-keravan-energia-oy-joustosahko-12-kk,2000,changed,hybrid,hybrid,264,264,none,hybrid_base_only,,exact_source_legacy_null_observation_binding|excludes_consumption_effect|historical_household_statistics_scope_assumed|retrospective_exact_source_interpretation
2026-07-23,xyhwzz-keravan-energia-oy-joustosahko-12-kk,5000,changed,hybrid,hybrid,561,561.0000000000001,none,hybrid_base_only,,exact_source_legacy_null_observation_binding|excludes_consumption_effect|historical_household_statistics_scope_assumed|retrospective_exact_source_interpretation
2026-07-23,xyhwzz-keravan-energia-oy-joustosahko-12-kk,18000,changed,hybrid,hybrid,1848,1848,none,hybrid_base_only,,exact_source_legacy_null_observation_binding|excludes_consumption_effect|historical_household_statistics_scope_assumed|retrospective_exact_source_interpretation
2026-07-23,xzyppx-helen-oy-maaraaikainen-perussahko-24-kk,2000,changed,fixed_term_24,fixed_term_24,269.68,269.68,none,none,,exact_source_legacy_null_observation_binding|historical_household_statistics_scope_assumed|retrospective_exact_source_interpretation
2026-07-23,xzyppx-helen-oy-maaraaikainen-perussahko-24-kk,5000,changed,fixed_term_24,fixed_term_24,566.38,566.3800000000001,none,none,,exact_source_legacy_null_observation_binding|historical_household_statistics_scope_assumed|retrospective_exact_source_interpretation
2026-07-23,xzyppx-helen-oy-maaraaikainen-perussahko-24-kk,18000,changed,fixed_term_24,fixed_term_24,1852.08,1852.08,none,none,,exact_source_legacy_null_observation_binding|historical_household_statistics_scope_assumed|retrospective_exact_source_interpretation
2026-07-23,y32lx5-seinajoen-energia-oy-se-oikea-aikasahko,2000,changed,open_ended,open_ended,217.97,277.2425704301075,none,supplier_adjusted_forward_curve_shift,,exact_source_legacy_null_observation_binding|forward_month_from_quarter_contract|historical_exact_contract_only|historical_household_statistics_scope_assumed|price_episode_left_censored|price_episode_observed_proxy|price_episode_uses_dedicated_historical_interpretation|price_episode_uses_retrospective_exact_source_interpretation|retrospective_exact_source_interpretation|supplier_adjusted_monthly_fee_held_flat|supplier_adjusted_tail_shifted_on_forward_curve
2026-07-23,y32lx5-seinajoen-energia-oy-se-oikea-aikasahko,5000,changed,open_ended,open_ended,453.845,602.0264260752688,none,supplier_adjusted_forward_curve_shift,,exact_source_legacy_null_observation_binding|forward_month_from_quarter_contract|historical_exact_contract_only|historical_household_statistics_scope_assumed|price_episode_left_censored|price_episode_observed_proxy|price_episode_uses_dedicated_historical_interpretation|price_episode_uses_retrospective_exact_source_interpretation|retrospective_exact_source_interpretation|supplier_adjusted_monthly_fee_held_flat|supplier_adjusted_tail_shifted_on_forward_curve
2026-07-23,y32lx5-seinajoen-energia-oy-se-oikea-aikasahko,18000,changed,open_ended,open_ended,1475.97,2009.4231338709678,none,supplier_adjusted_forward_curve_shift,,exact_source_legacy_null_observation_binding|forward_month_from_quarter_contract|historical_exact_contract_only|historical_household_statistics_scope_assumed|price_episode_left_censored|price_episode_observed_proxy|price_episode_uses_dedicated_historical_interpretation|price_episode_uses_retrospective_exact_source_interpretation|retrospective_exact_source_interpretation|supplier_adjusted_monthly_fee_held_flat|supplier_adjusted_tail_shifted_on_forward_curve
2026-07-23,y3ljwt-koylion-sakylan-sahko-oy-lallin-maaris-2v-yosahko,2000,changed,fixed_term_24,fixed_term_24,246.68,246.67999999999998,none,none,,exact_source_legacy_null_observation_binding|historical_household_statistics_scope_assumed|retrospective_exact_source_interpretation
2026-07-23,y3ljwt-koylion-sakylan-sahko-oy-lallin-maaris-2v-yosahko,5000,changed,fixed_term_24,fixed_term_24,528.68,528.6800000000001,none,none,,exact_source_legacy_null_observation_binding|historical_household_statistics_scope_assumed|retrospective_exact_source_interpretation
2026-07-23,y3ljwt-koylion-sakylan-sahko-oy-lallin-maaris-2v-yosahko,18000,changed,fixed_term_24,fixed_term_24,1750.68,1750.68,none,none,,exact_source_legacy_null_observation_binding|historical_household_statistics_scope_assumed|retrospective_exact_source_interpretation
2026-07-23,yd7lgu-alajarven-sahko-oy-aikasahko,2000,changed,open_ended,open_ended,245.7,288.59990430107524,none,supplier_adjusted_forward_premium,,exact_source_legacy_null_observation_binding|historical_exact_contract_only|historical_household_statistics_scope_assumed|lower_confidence_energy_episode_proxy|missing_own_reference_using_comparable_premium|price_episode_left_censored|price_episode_observed_proxy|price_episode_uses_dedicated_historical_interpretation|price_episode_uses_retrospective_exact_source_interpretation|retrospective_exact_source_interpretation|supplier_adjusted_monthly_fee_held_flat|supplier_adjusted_tail_uses_comparable_forward_premium
2026-07-23,yd7lgu-alajarven-sahko-oy-aikasahko,5000,changed,open_ended,open_ended,533.25,640.4997607526881,none,supplier_adjusted_forward_premium,,exact_source_legacy_null_observation_binding|historical_exact_contract_only|historical_household_statistics_scope_assumed|lower_confidence_energy_episode_proxy|missing_own_reference_using_comparable_premium|price_episode_left_censored|price_episode_observed_proxy|price_episode_uses_dedicated_historical_interpretation|price_episode_uses_retrospective_exact_source_interpretation|retrospective_exact_source_interpretation|supplier_adjusted_monthly_fee_held_flat|supplier_adjusted_tail_uses_comparable_forward_premium
2026-07-23,yd7lgu-alajarven-sahko-oy-aikasahko,18000,changed,open_ended,open_ended,1779.3,2165.3991387096776,none,supplier_adjusted_forward_premium,,exact_source_legacy_null_observation_binding|historical_exact_contract_only|historical_household_statistics_scope_assumed|lower_confidence_energy_episode_proxy|missing_own_reference_using_comparable_premium|price_episode_left_censored|price_episode_observed_proxy|price_episode_uses_dedicated_historical_interpretation|price_episode_uses_retrospective_exact_source_interpretation|retrospective_exact_source_interpretation|supplier_adjusted_monthly_fee_held_flat|supplier_adjusted_tail_uses_comparable_forward_premium
2026-07-23,ydi2at-alajarven-sahko-oy-yleissahko,2000,changed,open_ended,open_ended,244,296.97839926075267,none,supplier_adjusted_forward_premium,,exact_source_legacy_null_observation_binding|historical_exact_contract_only|historical_household_statistics_scope_assumed|lower_confidence_energy_episode_proxy|missing_own_reference_using_comparable_premium|price_episode_left_censored|price_episode_observed_proxy|price_episode_uses_dedicated_historical_interpretation|price_episode_uses_retrospective_exact_source_interpretation|retrospective_exact_source_interpretation|supplier_adjusted_monthly_fee_held_flat|supplier_adjusted_tail_uses_comparable_forward_premium
2026-07-23,ydi2at-alajarven-sahko-oy-yleissahko,5000,changed,open_ended,open_ended,529,661.4459981518819,none,supplier_adjusted_forward_premium,,exact_source_legacy_null_observation_binding|historical_exact_contract_only|historical_household_statistics_scope_assumed|lower_confidence_energy_episode_proxy|missing_own_reference_using_comparable_premium|price_episode_left_censored|price_episode_observed_proxy|price_episode_uses_dedicated_historical_interpretation|price_episode_uses_retrospective_exact_source_interpretation|retrospective_exact_source_interpretation|supplier_adjusted_monthly_fee_held_flat|supplier_adjusted_tail_uses_comparable_forward_premium
2026-07-23,ydi2at-alajarven-sahko-oy-yleissahko,18000,changed,open_ended,open_ended,1764,2240.805593346774,none,supplier_adjusted_forward_premium,,exact_source_legacy_null_observation_binding|historical_exact_contract_only|historical_household_statistics_scope_assumed|lower_confidence_energy_episode_proxy|missing_own_reference_using_comparable_premium|price_episode_left_censored|price_episode_observed_proxy|price_episode_uses_dedicated_historical_interpretation|price_episode_uses_retrospective_exact_source_interpretation|retrospective_exact_source_interpretation|supplier_adjusted_monthly_fee_held_flat|supplier_adjusted_tail_uses_comparable_forward_premium
2026-07-23,ygkgrj-pohjois-karjalan-sahko-oy-oiva,2000,changed,open_ended,open_ended,226.84,276.48695658602145,none,recurring_forward_curve_shift,,exact_source_legacy_null_observation_binding|forward_month_from_quarter_contract|historical_household_statistics_scope_assumed|reset_tail_shifted_on_forward_curve|retrospective_exact_source_interpretation|unknown_periods_use_latest_applicable_price_or_disclosed_normal
2026-07-23,ymqe7v-helen-oy-perussahko,2000,changed,open_ended,open_ended,342.88,316.81807668010754,none,supplier_adjusted_forward_premium,,calendar_gap_within_observed_price_episode|exact_source_legacy_null_observation_binding|historical_exact_contract_only|historical_household_statistics_scope_assumed|lower_confidence_energy_episode_proxy|missing_own_reference_using_comparable_premium|price_episode_left_censored|price_episode_observed_proxy|price_episode_uses_dedicated_historical_interpretation|price_episode_uses_retrospective_exact_source_interpretation|retrospective_exact_source_interpretation|supplier_adjusted_monthly_fee_held_flat|supplier_adjusted_tail_uses_comparable_forward_premium
2026-07-23,ymqe7v-helen-oy-perussahko,5000,changed,open_ended,open_ended,749.38,684.2251917002689,none,supplier_adjusted_forward_premium,,calendar_gap_within_observed_price_episode|exact_source_legacy_null_observation_binding|historical_exact_contract_only|historical_household_statistics_scope_assumed|lower_confidence_energy_episode_proxy|missing_own_reference_using_comparable_premium|price_episode_left_censored|price_episode_observed_proxy|price_episode_uses_dedicated_historical_interpretation|price_episode_uses_retrospective_exact_source_interpretation|retrospective_exact_source_interpretation|supplier_adjusted_monthly_fee_held_flat|supplier_adjusted_tail_uses_comparable_forward_premium
2026-07-23,ymqe7v-helen-oy-perussahko,18000,changed,open_ended,open_ended,2510.88,2276.3226901209673,none,supplier_adjusted_forward_premium,,calendar_gap_within_observed_price_episode|exact_source_legacy_null_observation_binding|historical_exact_contract_only|historical_household_statistics_scope_assumed|lower_confidence_energy_episode_proxy|missing_own_reference_using_comparable_premium|price_episode_left_censored|price_episode_observed_proxy|price_episode_uses_dedicated_historical_interpretation|price_episode_uses_retrospective_exact_source_interpretation|retrospective_exact_source_interpretation|supplier_adjusted_monthly_fee_held_flat|supplier_adjusted_tail_uses_comparable_forward_premium
2026-07-23,yobmdq-lammaisten-energia-oy-wiksu-markkinasahko,2000,changed,spot,spot,253.7885,262.86690667163424,forward_curve_spot,forward_curve_spot,,exact_source_legacy_null_observation_binding|forward_month_from_quarter_contract|historical_household_statistics_scope_assumed|partial_shape_coverage|retrospective_exact_source_interpretation|spot_forward_curve_with_rolling_365_intraday_shape|unknown_periods_use_latest_applicable_price_or_disclosed_normal
2026-07-23,yobmdq-lammaisten-energia-oy-wiksu-markkinasahko,5000,changed,spot,spot,552.5712,575.2672666790857,forward_curve_spot,forward_curve_spot,,exact_source_legacy_null_observation_binding|forward_month_from_quarter_contract|historical_household_statistics_scope_assumed|partial_shape_coverage|retrospective_exact_source_interpretation|spot_forward_curve_with_rolling_365_intraday_shape|unknown_periods_use_latest_applicable_price_or_disclosed_normal
2026-07-23,yobmdq-lammaisten-energia-oy-wiksu-markkinasahko,18000,changed,spot,spot,1847.2964,1929.0021600447085,forward_curve_spot,forward_curve_spot,,exact_source_legacy_null_observation_binding|forward_month_from_quarter_contract|historical_household_statistics_scope_assumed|partial_shape_coverage|retrospective_exact_source_interpretation|spot_forward_curve_with_rolling_365_intraday_shape|unknown_periods_use_latest_applicable_price_or_disclosed_normal
2026-07-23,ytufxf-cheap-energy-finland-oy-cheap-maaraaikainen-36-kk-0-kuukausimaksu-ensimmaiset-3-kk,2000,changed,fixed_term_over24,fixed_term_over24,228.65,228.64999999999995,none,none,,canonical_interpretation_rejected_by_exact_target_validation|exact_source_legacy_null_observation_binding|historical_household_statistics_scope_assumed|historical_temporal_source_validation_unavailable|retrospective_exact_source_interpretation
2026-07-23,ytufxf-cheap-energy-finland-oy-cheap-maaraaikainen-36-kk-0-kuukausimaksu-ensimmaiset-3-kk,5000,changed,fixed_term_over24,fixed_term_over24,498.05,498.05000000000007,none,none,,canonical_interpretation_rejected_by_exact_target_validation|exact_source_legacy_null_observation_binding|historical_household_statistics_scope_assumed|historical_temporal_source_validation_unavailable|retrospective_exact_source_interpretation
2026-07-23,ytufxf-cheap-energy-finland-oy-cheap-maaraaikainen-36-kk-0-kuukausimaksu-ensimmaiset-3-kk,18000,changed,fixed_term_over24,fixed_term_over24,1665.45,1665.4499999999998,none,none,,canonical_interpretation_rejected_by_exact_target_validation|exact_source_legacy_null_observation_binding|historical_household_statistics_scope_assumed|historical_temporal_source_validation_unavailable|retrospective_exact_source_interpretation
2026-07-23,yv3sbk-hehku-energia-oy-hehku-jousto-12-kk-ensimmaiset-3-kk-perusmaksu-0,2000,changed,hybrid,hybrid,223.21,223.20999999999995,none,hybrid_base_only,,exact_source_legacy_null_observation_binding|excludes_consumption_effect|historical_household_statistics_scope_assumed|retrospective_exact_source_interpretation
2026-07-23,yv3sbk-hehku-energia-oy-hehku-jousto-12-kk-ensimmaiset-3-kk-perusmaksu-0,5000,changed,hybrid,hybrid,483.91,483.91,none,hybrid_base_only,,exact_source_legacy_null_observation_binding|excludes_consumption_effect|historical_household_statistics_scope_assumed|retrospective_exact_source_interpretation
2026-07-23,yv3sbk-hehku-energia-oy-hehku-jousto-12-kk-ensimmaiset-3-kk-perusmaksu-0,18000,changed,hybrid,hybrid,1613.61,1613.6100000000001,none,hybrid_base_only,,exact_source_legacy_null_observation_binding|excludes_consumption_effect|historical_household_statistics_scope_assumed|retrospective_exact_source_interpretation
2026-07-23,yzgfln-omavoima-oy-oma-24kk-yopaiva,2000,changed,fixed_term_24,fixed_term_24,270,269.99999999999994,none,none,,exact_source_legacy_null_observation_binding|historical_household_statistics_scope_assumed|retrospective_exact_source_interpretation
2026-07-23,yzgfln-omavoima-oy-oma-24kk-yopaiva,5000,changed,fixed_term_24,fixed_term_24,585,585,none,none,,exact_source_legacy_null_observation_binding|historical_household_statistics_scope_assumed|retrospective_exact_source_interpretation
2026-07-23,yzgfln-omavoima-oy-oma-24kk-yopaiva,18000,changed,fixed_term_24,fixed_term_24,1950,1950,none,none,,exact_source_legacy_null_observation_binding|historical_household_statistics_scope_assumed|retrospective_exact_source_interpretation
2026-07-23,zial89-pohjois-karjalan-sahko-oy-optimi-takuu-12-kuukautta,2000,changed,fixed_term_12,fixed_term_12,256.9575,256.9575,none,none,,exact_source_legacy_null_observation_binding|historical_household_statistics_scope_assumed|retrospective_exact_source_interpretation
2026-07-23,zial89-pohjois-karjalan-sahko-oy-optimi-takuu-12-kuukautta,5000,changed,fixed_term_12,fixed_term_12,560.3138,560.3137500000001,none,none,,exact_source_legacy_null_observation_binding|historical_household_statistics_scope_assumed|retrospective_exact_source_interpretation
2026-07-23,zial89-pohjois-karjalan-sahko-oy-optimi-takuu-12-kuukautta,18000,changed,fixed_term_12,fixed_term_12,1874.8575,1874.8575,none,none,,exact_source_legacy_null_observation_binding|historical_household_statistics_scope_assumed|retrospective_exact_source_interpretation
2026-07-23,zlhj1m-imatran-seudun-sahko-oy-voima-24-kk,2000,changed,fixed_term_24,fixed_term_24,256.6,256.59999999999997,none,none,,exact_source_legacy_null_observation_binding|historical_household_statistics_scope_assumed|retrospective_exact_source_interpretation
2026-07-23,zlhj1m-imatran-seudun-sahko-oy-voima-24-kk,5000,changed,fixed_term_24,fixed_term_24,535.3,535.3,none,none,,exact_source_legacy_null_observation_binding|historical_household_statistics_scope_assumed|retrospective_exact_source_interpretation
2026-07-23,zlhj1m-imatran-seudun-sahko-oy-voima-24-kk,18000,changed,fixed_term_24,fixed_term_24,1743,1743,none,none,,exact_source_legacy_null_observation_binding|historical_household_statistics_scope_assumed|retrospective_exact_source_interpretation
2026-07-23,zp2qud-korpelan-energia-oy-korpela-kvartaali,2000,changed,hybrid,hybrid,186.4,236.0469565860215,none,recurring_forward_curve_shift,,canonical_interpretation_rejected_by_exact_target_validation|exact_source_legacy_null_observation_binding|excludes_consumption_effect|forward_month_from_quarter_contract|historical_household_statistics_scope_assumed|historical_temporal_source_validation_unavailable|reset_tail_shifted_on_forward_curve|retrospective_exact_source_interpretation|unknown_periods_use_latest_applicable_price_or_disclosed_normal
2026-07-23,zp2qud-korpelan-energia-oy-korpela-kvartaali,5000,changed,hybrid,hybrid,394.9,519.0173914650538,none,recurring_forward_curve_shift,,canonical_interpretation_rejected_by_exact_target_validation|exact_source_legacy_null_observation_binding|excludes_consumption_effect|forward_month_from_quarter_contract|historical_household_statistics_scope_assumed|historical_temporal_source_validation_unavailable|reset_tail_shifted_on_forward_curve|retrospective_exact_source_interpretation|unknown_periods_use_latest_applicable_price_or_disclosed_normal
2026-07-23,zp2qud-korpelan-energia-oy-korpela-kvartaali,18000,changed,hybrid,hybrid,1298.4,1745.2226092741937,none,recurring_forward_curve_shift,,canonical_interpretation_rejected_by_exact_target_validation|exact_source_legacy_null_observation_binding|excludes_consumption_effect|forward_month_from_quarter_contract|historical_household_statistics_scope_assumed|historical_temporal_source_validation_unavailable|reset_tail_shifted_on_forward_curve|retrospective_exact_source_interpretation|unknown_periods_use_latest_applicable_price_or_disclosed_normal
2026-07-23,zqskv0-vaasan-sahko-myynti-oy-kuukausipaketti-l,2000,changed,open_ended,open_ended,588,588,none,none,,canonical_interpretation_rejected_by_exact_target_validation|exact_source_legacy_null_observation_binding|historical_household_statistics_scope_assumed|retrospective_exact_source_interpretation
2026-07-23,zqskv0-vaasan-sahko-myynti-oy-kuukausipaketti-l,5000,changed,open_ended,open_ended,720.8,720.8000000000002,none,none,,canonical_interpretation_rejected_by_exact_target_validation|exact_source_legacy_null_observation_binding|historical_household_statistics_scope_assumed|retrospective_exact_source_interpretation
2026-07-23,zqskv0-vaasan-sahko-myynti-oy-kuukausipaketti-l,18000,changed,open_ended,open_ended,2878.8,2878.7999999999997,none,none,,canonical_interpretation_rejected_by_exact_target_validation|exact_source_legacy_null_observation_binding|historical_household_statistics_scope_assumed|retrospective_exact_source_interpretation
2026-07-23,zrpfru-kokkolan-energia-oy-aalto-24-kk,2000,changed,hybrid,hybrid,230.8,230.79999999999995,none,hybrid_base_only,,exact_source_legacy_null_observation_binding|excludes_consumption_effect|historical_household_statistics_scope_assumed|retrospective_exact_source_interpretation
2026-07-23,zrpfru-kokkolan-energia-oy-aalto-24-kk,5000,changed,hybrid,hybrid,513.1,513.1,none,hybrid_base_only,,exact_source_legacy_null_observation_binding|excludes_consumption_effect|historical_household_statistics_scope_assumed|retrospective_exact_source_interpretation
2026-07-23,zrpfru-kokkolan-energia-oy-aalto-24-kk,18000,changed,hybrid,hybrid,1736.4,1736.4,none,hybrid_base_only,,exact_source_legacy_null_observation_binding|excludes_consumption_effect|historical_household_statistics_scope_assumed|retrospective_exact_source_interpretation
2026-07-23,zry8u9-omavoima-oy-oma-12kk-kausi,2000,changed,fixed_term_12,fixed_term_12,275.5833,275.58333333333326,none,none,,exact_source_legacy_null_observation_binding|historical_household_statistics_scope_assumed|retrospective_exact_source_interpretation
2026-07-23,zry8u9-omavoima-oy-oma-12kk-kausi,5000,changed,fixed_term_12,fixed_term_12,598.9583,598.9583333333334,none,none,,exact_source_legacy_null_observation_binding|historical_household_statistics_scope_assumed|retrospective_exact_source_interpretation
2026-07-23,zry8u9-omavoima-oy-oma-12kk-kausi,18000,changed,fixed_term_12,fixed_term_12,2000.25,2000.2500000000002,none,none,,exact_source_legacy_null_observation_binding|historical_household_statistics_scope_assumed|retrospective_exact_source_interpretation
2026-07-23,zsxqiy-oomi-oy-toimitusvelvollinen-sahko,2000,changed,open_ended,open_ended,407.32,297.89651720430106,none,supplier_adjusted_forward_premium,,calendar_gap_within_observed_price_episode|exact_source_legacy_null_observation_binding|historical_exact_contract_only|historical_household_statistics_scope_assumed|lower_confidence_energy_episode_proxy|missing_own_reference_using_comparable_premium|price_episode_left_censored|price_episode_observed_proxy|price_episode_uses_dedicated_historical_interpretation|price_episode_uses_retrospective_exact_source_interpretation|retrospective_exact_source_interpretation|supplier_adjusted_monthly_fee_held_flat|supplier_adjusted_tail_uses_comparable_forward_premium
2026-07-23,zsxqiy-oomi-oy-toimitusvelvollinen-sahko,5000,changed,open_ended,open_ended,929.02,655.4612930107527,none,supplier_adjusted_forward_premium,,calendar_gap_within_observed_price_episode|exact_source_legacy_null_observation_binding|historical_exact_contract_only|historical_household_statistics_scope_assumed|lower_confidence_energy_episode_proxy|missing_own_reference_using_comparable_premium|price_episode_left_censored|price_episode_observed_proxy|price_episode_uses_dedicated_historical_interpretation|price_episode_uses_retrospective_exact_source_interpretation|retrospective_exact_source_interpretation|supplier_adjusted_monthly_fee_held_flat|supplier_adjusted_tail_uses_comparable_forward_premium
2026-07-23,zsxqiy-oomi-oy-toimitusvelvollinen-sahko,18000,changed,open_ended,open_ended,3189.72,2204.908654838709,none,supplier_adjusted_forward_premium,,calendar_gap_within_observed_price_episode|exact_source_legacy_null_observation_binding|historical_exact_contract_only|historical_household_statistics_scope_assumed|lower_confidence_energy_episode_proxy|missing_own_reference_using_comparable_premium|price_episode_left_censored|price_episode_observed_proxy|price_episode_uses_dedicated_historical_interpretation|price_episode_uses_retrospective_exact_source_interpretation|retrospective_exact_source_interpretation|supplier_adjusted_monthly_fee_held_flat|supplier_adjusted_tail_uses_comparable_forward_premium
2026-07-23,ztawud-turku-energia-oy-louna-helppo-s,2000,lost,open_ended,open_ended,441.4,,none,none,canonical_outcome_not_listed,canonical_interpretation_rejected_by_exact_target_validation|exact_source_legacy_null_observation_binding|historical_household_statistics_scope_assumed|retrospective_exact_source_interpretation
2026-07-23,ztawud-turku-energia-oy-louna-helppo-s,5000,lost,open_ended,open_ended,707.5,,none,none,canonical_outcome_not_listed,canonical_interpretation_rejected_by_exact_target_validation|exact_source_legacy_null_observation_binding|historical_household_statistics_scope_assumed|retrospective_exact_source_interpretation
2026-07-23,ztawud-turku-energia-oy-louna-helppo-s,18000,lost,open_ended,open_ended,1860.6,,none,none,canonical_outcome_not_listed,canonical_interpretation_rejected_by_exact_target_validation|exact_source_legacy_null_observation_binding|historical_household_statistics_scope_assumed|retrospective_exact_source_interpretation
2026-07-23,zxt8y9-fortum-markets-oy-fortum-takuu-24-kk,2000,changed,fixed_term_24,fixed_term_24,263.68,263.67999999999995,none,none,,exact_source_legacy_null_observation_binding|historical_household_statistics_scope_assumed|retrospective_exact_source_interpretation
2026-07-23,zxt8y9-fortum-markets-oy-fortum-takuu-24-kk,5000,changed,fixed_term_24,fixed_term_24,551.38,551.3800000000001,none,none,,exact_source_legacy_null_observation_binding|historical_household_statistics_scope_assumed|retrospective_exact_source_interpretation
2026-07-23,zxt8y9-fortum-markets-oy-fortum-takuu-24-kk,18000,changed,fixed_term_24,fixed_term_24,1798.08,1798.08,none,none,,exact_source_legacy_null_observation_binding|historical_household_statistics_scope_assumed|retrospective_exact_source_interpretation
2026-07-24,0uohci-vihrea-alyenergia-oy-opiskelijan-verraton-porssisahko,2000,changed,spot,spot,232.6535,232.243709252758,forward_curve_spot,forward_curve_spot,,canonical_interpretation_rejected_by_exact_target_validation|canonical_omitted_no_valid_interpretation_as_of_date|forward_month_from_quarter_contract|historical_temporal_source_validation_unavailable|observed_relational_uniform_monthly_consumption|partial_shape_coverage
2026-07-24,0uohci-vihrea-alyenergia-oy-opiskelijan-verraton-porssisahko,5000,changed,spot,spot,527.8139,526.7892731318954,forward_curve_spot,forward_curve_spot,,canonical_interpretation_rejected_by_exact_target_validation|canonical_omitted_no_valid_interpretation_as_of_date|forward_month_from_quarter_contract|historical_temporal_source_validation_unavailable|observed_relational_uniform_monthly_consumption|partial_shape_coverage
2026-07-24,1ucmby-cheap-energy-finland-oy-cheap-kvartaalisahko,2000,changed,quarterly,quarterly,299.9243,203.69999999999993,recurring_forward_curve_shift,none,,canonical_interpretation_rejected_by_exact_target_validation|canonical_omitted_no_valid_interpretation_as_of_date|historical_temporal_source_validation_unavailable|observed_relational_uniform_monthly_consumption|relational_open_ended_no_proven_historical_adjustment_mechanism
2026-07-24,1ucmby-cheap-energy-finland-oy-cheap-kvartaalisahko,5000,changed,quarterly,quarterly,668.9608,428.4000000000001,recurring_forward_curve_shift,none,,canonical_interpretation_rejected_by_exact_target_validation|canonical_omitted_no_valid_interpretation_as_of_date|historical_temporal_source_validation_unavailable|observed_relational_uniform_monthly_consumption|relational_open_ended_no_proven_historical_adjustment_mechanism
2026-07-24,1ucmby-cheap-energy-finland-oy-cheap-kvartaalisahko,18000,changed,quarterly,quarterly,2268.1188,1402.1,recurring_forward_curve_shift,none,,canonical_interpretation_rejected_by_exact_target_validation|canonical_omitted_no_valid_interpretation_as_of_date|historical_temporal_source_validation_unavailable|observed_relational_uniform_monthly_consumption|relational_open_ended_no_proven_historical_adjustment_mechanism
2026-07-24,2wzfba-oomi-oy-oomi-vakaa,2000,changed,open_ended,open_ended,337.52,336.5255018817204,hold_current_supplier_price,supplier_adjusted_forward_premium,,canonical_interpretation_rejected_by_exact_target_validation|exact_source_legacy_null_observation_binding|historical_exact_contract_only|historical_household_statistics_scope_assumed|historical_temporal_source_validation_unavailable|lower_confidence_energy_episode_proxy|missing_own_reference_using_comparable_premium|price_episode_left_censored|price_episode_observed_proxy|price_episode_uses_dedicated_historical_interpretation|price_episode_uses_retrospective_exact_source_interpretation|retrospective_exact_source_interpretation|supplier_adjusted_monthly_fee_held_flat|supplier_adjusted_tail_uses_comparable_forward_premium
2026-07-24,2wzfba-oomi-oy-oomi-vakaa,5000,changed,open_ended,open_ended,754.52,752.0337547043011,hold_current_supplier_price,supplier_adjusted_forward_premium,,canonical_interpretation_rejected_by_exact_target_validation|exact_source_legacy_null_observation_binding|historical_exact_contract_only|historical_household_statistics_scope_assumed|historical_temporal_source_validation_unavailable|lower_confidence_energy_episode_proxy|missing_own_reference_using_comparable_premium|price_episode_left_censored|price_episode_observed_proxy|price_episode_uses_dedicated_historical_interpretation|price_episode_uses_retrospective_exact_source_interpretation|retrospective_exact_source_interpretation|supplier_adjusted_monthly_fee_held_flat|supplier_adjusted_tail_uses_comparable_forward_premium
2026-07-24,2wzfba-oomi-oy-oomi-vakaa,18000,changed,open_ended,open_ended,2561.52,2552.569516935483,hold_current_supplier_price,supplier_adjusted_forward_premium,,canonical_interpretation_rejected_by_exact_target_validation|exact_source_legacy_null_observation_binding|historical_exact_contract_only|historical_household_statistics_scope_assumed|historical_temporal_source_validation_unavailable|lower_confidence_energy_episode_proxy|missing_own_reference_using_comparable_premium|price_episode_left_censored|price_episode_observed_proxy|price_episode_uses_dedicated_historical_interpretation|price_episode_uses_retrospective_exact_source_interpretation|retrospective_exact_source_interpretation|supplier_adjusted_monthly_fee_held_flat|supplier_adjusted_tail_uses_comparable_forward_premium
2026-07-24,3bdzoe-paneliankosken-voima-oy-kosken-kayttowoima-12-kk-kulutusjousto,2000,lost,hybrid,hybrid,233,,hybrid_base_only,none,canonical_outcome_not_listed,exact_source_legacy_null_observation_binding|historical_household_statistics_scope_assumed|retrospective_exact_source_interpretation
2026-07-24,3bdzoe-paneliankosken-voima-oy-kosken-kayttowoima-12-kk-kulutusjousto,5000,lost,hybrid,hybrid,510.5,,hybrid_base_only,none,canonical_outcome_not_listed,exact_source_legacy_null_observation_binding|historical_household_statistics_scope_assumed|retrospective_exact_source_interpretation
2026-07-24,3bdzoe-paneliankosken-voima-oy-kosken-kayttowoima-12-kk-kulutusjousto,18000,lost,hybrid,hybrid,1713,,hybrid_base_only,none,canonical_outcome_not_listed,exact_source_legacy_null_observation_binding|historical_household_statistics_scope_assumed|retrospective_exact_source_interpretation
2026-07-24,3sivst-helen-oy-helpposahko-s,2000,new,,open_ended,,334.79999999999995,,none,,canonical_interpretation_rejected_by_exact_target_validation|exact_source_legacy_null_observation_binding|historical_household_statistics_scope_assumed|retrospective_exact_source_interpretation
2026-07-24,4rzdsm-lammaisten-energia-oy-toimitusvelvollinen-yleissahko,2000,changed,open_ended,open_ended,336.6,460.8443252688172,hold_current_supplier_price,supplier_adjusted_forward_curve_shift,,exact_source_legacy_null_observation_binding|forward_month_from_quarter_contract|historical_exact_contract_only|historical_household_statistics_scope_assumed|price_episode_left_censored|price_episode_observed_proxy|prior_energy_evidence_changed_unknown_or_conflicting|supplier_adjusted_monthly_fee_held_flat|supplier_adjusted_tail_shifted_on_forward_curve
2026-07-24,4rzdsm-lammaisten-energia-oy-toimitusvelvollinen-yleissahko,5000,changed,open_ended,open_ended,759.6,1070.2108131720431,hold_current_supplier_price,supplier_adjusted_forward_curve_shift,,exact_source_legacy_null_observation_binding|forward_month_from_quarter_contract|historical_exact_contract_only|historical_household_statistics_scope_assumed|price_episode_left_censored|price_episode_observed_proxy|prior_energy_evidence_changed_unknown_or_conflicting|supplier_adjusted_monthly_fee_held_flat|supplier_adjusted_tail_shifted_on_forward_curve
2026-07-24,4rzdsm-lammaisten-energia-oy-toimitusvelvollinen-yleissahko,18000,changed,open_ended,open_ended,2592.6,3710.7989274193556,hold_current_supplier_price,supplier_adjusted_forward_curve_shift,,exact_source_legacy_null_observation_binding|forward_month_from_quarter_contract|historical_exact_contract_only|historical_household_statistics_scope_assumed|price_episode_left_censored|price_episode_observed_proxy|prior_energy_evidence_changed_unknown_or_conflicting|supplier_adjusted_monthly_fee_held_flat|supplier_adjusted_tail_shifted_on_forward_curve
2026-07-24,68g91h-keuruun-sahko-oy-yosahko,2000,changed,open_ended,open_ended,286.89,340.082242016129,hold_current_supplier_price,supplier_adjusted_forward_premium,,calendar_gap_within_observed_price_episode|canonical_interpretation_rejected_by_exact_target_validation|exact_source_legacy_null_observation_binding|historical_exact_contract_only|historical_household_statistics_scope_assumed|lower_confidence_energy_episode_proxy|missing_own_reference_using_comparable_premium|price_episode_left_censored|price_episode_observed_proxy|price_episode_uses_dedicated_historical_interpretation|price_episode_uses_retrospective_exact_source_interpretation|retrospective_exact_source_interpretation|supplier_adjusted_monthly_fee_held_flat|supplier_adjusted_tail_uses_comparable_forward_premium
2026-07-24,68g91h-keuruun-sahko-oy-yosahko,5000,changed,open_ended,open_ended,635.325,768.3056050403226,hold_current_supplier_price,supplier_adjusted_forward_premium,,calendar_gap_within_observed_price_episode|canonical_interpretation_rejected_by_exact_target_validation|exact_source_legacy_null_observation_binding|historical_exact_contract_only|historical_household_statistics_scope_assumed|lower_confidence_energy_episode_proxy|missing_own_reference_using_comparable_premium|price_episode_left_censored|price_episode_observed_proxy|price_episode_uses_dedicated_historical_interpretation|price_episode_uses_retrospective_exact_source_interpretation|retrospective_exact_source_interpretation|supplier_adjusted_monthly_fee_held_flat|supplier_adjusted_tail_uses_comparable_forward_premium
2026-07-24,68g91h-keuruun-sahko-oy-yosahko,18000,changed,open_ended,open_ended,2145.21,2623.940178145161,hold_current_supplier_price,supplier_adjusted_forward_premium,,calendar_gap_within_observed_price_episode|canonical_interpretation_rejected_by_exact_target_validation|exact_source_legacy_null_observation_binding|historical_exact_contract_only|historical_household_statistics_scope_assumed|lower_confidence_energy_episode_proxy|missing_own_reference_using_comparable_premium|price_episode_left_censored|price_episode_observed_proxy|price_episode_uses_dedicated_historical_interpretation|price_episode_uses_retrospective_exact_source_interpretation|retrospective_exact_source_interpretation|supplier_adjusted_monthly_fee_held_flat|supplier_adjusted_tail_uses_comparable_forward_premium
2026-07-24,6e4ly6-kokkolan-energia-oy-tyyni,2000,changed,open_ended,open_ended,237.792,129.96,recurring_forward_curve_shift,none,,canonical_interpretation_rejected_by_exact_target_validation|canonical_omitted_no_valid_interpretation_as_of_date|historical_temporal_source_validation_unavailable|observed_relational_uniform_monthly_consumption|relational_open_ended_no_proven_historical_adjustment_mechanism
2026-07-24,6e4ly6-kokkolan-energia-oy-tyyni,5000,changed,open_ended,open_ended,548.9401,279.36000000000007,recurring_forward_curve_shift,none,,canonical_interpretation_rejected_by_exact_target_validation|canonical_omitted_no_valid_interpretation_as_of_date|historical_temporal_source_validation_unavailable|observed_relational_uniform_monthly_consumption|relational_open_ended_no_proven_historical_adjustment_mechanism
2026-07-24,6e4ly6-kokkolan-energia-oy-tyyni,18000,changed,open_ended,open_ended,1897.2483,926.7600000000001,recurring_forward_curve_shift,none,,canonical_interpretation_rejected_by_exact_target_validation|canonical_omitted_no_valid_interpretation_as_of_date|historical_temporal_source_validation_unavailable|observed_relational_uniform_monthly_consumption|relational_open_ended_no_proven_historical_adjustment_mechanism
2026-07-24,akhbwv-parikkalan-valo-oy-q-valo,2000,changed,open_ended,open_ended,206.4,301.8597532258065,hold_current_supplier_price,supplier_adjusted_forward_curve_shift,,exact_source_legacy_null_observation_binding|forward_month_from_quarter_contract|historical_exact_contract_only|historical_household_statistics_scope_assumed|price_episode_left_censored|price_episode_observed_proxy|price_episode_uses_dedicated_historical_interpretation|price_episode_uses_retrospective_exact_source_interpretation|retrospective_exact_source_interpretation|supplier_adjusted_monthly_fee_held_flat|supplier_adjusted_tail_shifted_on_forward_curve
2026-07-24,akhbwv-parikkalan-valo-oy-q-valo,5000,changed,open_ended,open_ended,432.3,670.9493830645162,hold_current_supplier_price,supplier_adjusted_forward_curve_shift,,exact_source_legacy_null_observation_binding|forward_month_from_quarter_contract|historical_exact_contract_only|historical_household_statistics_scope_assumed|price_episode_left_censored|price_episode_observed_proxy|price_episode_uses_dedicated_historical_interpretation|price_episode_uses_retrospective_exact_source_interpretation|retrospective_exact_source_interpretation|supplier_adjusted_monthly_fee_held_flat|supplier_adjusted_tail_shifted_on_forward_curve
2026-07-24,akhbwv-parikkalan-valo-oy-q-valo,18000,changed,open_ended,open_ended,1411.2,2270.3377790322584,hold_current_supplier_price,supplier_adjusted_forward_curve_shift,,exact_source_legacy_null_observation_binding|forward_month_from_quarter_contract|historical_exact_contract_only|historical_household_statistics_scope_assumed|price_episode_left_censored|price_episode_observed_proxy|price_episode_uses_dedicated_historical_interpretation|price_episode_uses_retrospective_exact_source_interpretation|retrospective_exact_source_interpretation|supplier_adjusted_monthly_fee_held_flat|supplier_adjusted_tail_shifted_on_forward_curve
2026-07-24,bgbqwj-imatran-seudun-sahko-oy-huoleton,2000,changed,open_ended,open_ended,336.8,459.54615215053764,hold_current_supplier_price,supplier_adjusted_forward_curve_shift,,exact_source_legacy_null_observation_binding|forward_month_from_quarter_contract|historical_exact_contract_only|historical_household_statistics_scope_assumed|price_episode_left_censored|price_episode_observed_proxy|price_episode_uses_retrospective_exact_source_interpretation|prior_energy_evidence_changed_unknown_or_conflicting|retrospective_exact_source_interpretation|supplier_adjusted_monthly_fee_held_flat|supplier_adjusted_tail_shifted_on_forward_curve
2026-07-24,bgbqwj-imatran-seudun-sahko-oy-huoleton,5000,changed,open_ended,open_ended,753.8,1060.665380376344,hold_current_supplier_price,supplier_adjusted_forward_curve_shift,,exact_source_legacy_null_observation_binding|forward_month_from_quarter_contract|historical_exact_contract_only|historical_household_statistics_scope_assumed|price_episode_left_censored|price_episode_observed_proxy|price_episode_uses_retrospective_exact_source_interpretation|prior_energy_evidence_changed_unknown_or_conflicting|retrospective_exact_source_interpretation|supplier_adjusted_monthly_fee_held_flat|supplier_adjusted_tail_shifted_on_forward_curve
2026-07-24,bgbqwj-imatran-seudun-sahko-oy-huoleton,18000,changed,open_ended,open_ended,2560.8,3665.5153693548386,hold_current_supplier_price,supplier_adjusted_forward_curve_shift,,exact_source_legacy_null_observation_binding|forward_month_from_quarter_contract|historical_exact_contract_only|historical_household_statistics_scope_assumed|price_episode_left_censored|price_episode_observed_proxy|price_episode_uses_retrospective_exact_source_interpretation|prior_energy_evidence_changed_unknown_or_conflicting|retrospective_exact_source_interpretation|supplier_adjusted_monthly_fee_held_flat|supplier_adjusted_tail_shifted_on_forward_curve
2026-07-24,bl8nmw-vaasan-sahko-myynti-oy-kuukausipaketti-m,2000,changed,open_ended,open_ended,752,420,none,none,,canonical_interpretation_rejected_by_exact_target_validation|exact_source_legacy_null_observation_binding|historical_household_statistics_scope_assumed|retrospective_exact_source_interpretation
2026-07-24,bl8nmw-vaasan-sahko-myynti-oy-kuukausipaketti-m,5000,changed,open_ended,open_ended,1250,752.0000000000001,none,none,,canonical_interpretation_rejected_by_exact_target_validation|exact_source_legacy_null_observation_binding|historical_household_statistics_scope_assumed|retrospective_exact_source_interpretation
2026-07-24,bl8nmw-vaasan-sahko-myynti-oy-kuukausipaketti-m,18000,changed,open_ended,open_ended,3408,2910,none,none,,canonical_interpretation_rejected_by_exact_target_validation|exact_source_legacy_null_observation_binding|historical_household_statistics_scope_assumed|retrospective_exact_source_interpretation
2026-07-24,ccs6hf-keuruun-sahko-oy-yleissahko,2000,changed,open_ended,open_ended,286,328.2549642473117,hold_current_supplier_price,supplier_adjusted_forward_premium,,calendar_gap_within_observed_price_episode|exact_source_legacy_null_observation_binding|historical_exact_contract_only|historical_household_statistics_scope_assumed|lower_confidence_energy_episode_proxy|missing_own_reference_using_comparable_premium|price_episode_left_censored|price_episode_observed_proxy|price_episode_uses_dedicated_historical_interpretation|price_episode_uses_retrospective_exact_source_interpretation|retrospective_exact_source_interpretation|supplier_adjusted_monthly_fee_held_flat|supplier_adjusted_tail_uses_comparable_forward_premium
2026-07-24,ccs6hf-keuruun-sahko-oy-yleissahko,5000,changed,open_ended,open_ended,636.7,742.3374106182796,hold_current_supplier_price,supplier_adjusted_forward_premium,,calendar_gap_within_observed_price_episode|exact_source_legacy_null_observation_binding|historical_exact_contract_only|historical_household_statistics_scope_assumed|lower_confidence_energy_episode_proxy|missing_own_reference_using_comparable_premium|price_episode_left_censored|price_episode_observed_proxy|price_episode_uses_dedicated_historical_interpretation|price_episode_uses_retrospective_exact_source_interpretation|retrospective_exact_source_interpretation|supplier_adjusted_monthly_fee_held_flat|supplier_adjusted_tail_uses_comparable_forward_premium
2026-07-24,ccs6hf-keuruun-sahko-oy-yleissahko,18000,changed,open_ended,open_ended,2156.4,2536.694678225806,hold_current_supplier_price,supplier_adjusted_forward_premium,,calendar_gap_within_observed_price_episode|exact_source_legacy_null_observation_binding|historical_exact_contract_only|historical_household_statistics_scope_assumed|lower_confidence_energy_episode_proxy|missing_own_reference_using_comparable_premium|price_episode_left_censored|price_episode_observed_proxy|price_episode_uses_dedicated_historical_interpretation|price_episode_uses_retrospective_exact_source_interpretation|retrospective_exact_source_interpretation|supplier_adjusted_monthly_fee_held_flat|supplier_adjusted_tail_uses_comparable_forward_premium
2026-07-24,cxdwul-kokkolan-energia-oy-surffari-kesakampanja,2000,changed,spot,spot,203.3177,230.49483499292603,forward_curve_spot,forward_curve_spot,,canonical_interpretation_rejected_by_exact_target_validation|exact_source_legacy_null_observation_binding|forward_month_from_quarter_contract|historical_household_statistics_scope_assumed|partial_shape_coverage|retrospective_exact_source_interpretation|spot_forward_curve_with_rolling_365_intraday_shape
2026-07-24,cxdwul-kokkolan-energia-oy-surffari-kesakampanja,5000,changed,spot,spot,503.52,530.6970874823149,forward_curve_spot,forward_curve_spot,,canonical_interpretation_rejected_by_exact_target_validation|exact_source_legacy_null_observation_binding|forward_month_from_quarter_contract|historical_household_statistics_scope_assumed|partial_shape_coverage|retrospective_exact_source_interpretation|spot_forward_curve_with_rolling_365_intraday_shape
2026-07-24,cxdwul-kokkolan-energia-oy-surffari-kesakampanja,18000,changed,spot,spot,1804.3964,1831.5735149363338,forward_curve_spot,forward_curve_spot,,canonical_interpretation_rejected_by_exact_target_validation|exact_source_legacy_null_observation_binding|forward_month_from_quarter_contract|historical_household_statistics_scope_assumed|partial_shape_coverage|retrospective_exact_source_interpretation|spot_forward_curve_with_rolling_365_intraday_shape
2026-07-24,djobdk-vihrea-alyenergia-oy-vire-tuuli-opiskelija,2000,changed,spot,spot,220.6535,220.243709252758,forward_curve_spot,forward_curve_spot,,canonical_interpretation_rejected_by_exact_target_validation|canonical_omitted_no_valid_interpretation_as_of_date|forward_month_from_quarter_contract|historical_temporal_source_validation_unavailable|observed_relational_uniform_monthly_consumption|partial_shape_coverage
2026-07-24,djobdk-vihrea-alyenergia-oy-vire-tuuli-opiskelija,5000,changed,spot,spot,533.8139,532.7892731318954,forward_curve_spot,forward_curve_spot,,canonical_interpretation_rejected_by_exact_target_validation|canonical_omitted_no_valid_interpretation_as_of_date|forward_month_from_quarter_contract|historical_temporal_source_validation_unavailable|observed_relational_uniform_monthly_consumption|partial_shape_coverage
2026-07-24,dnxerq-fortum-markets-oy-fortum-kesto-kausisahko,2000,changed,open_ended,open_ended,322.7325,445.47865215053764,hold_current_supplier_price,supplier_adjusted_forward_curve_shift,,canonical_interpretation_rejected_by_exact_target_validation|exact_source_legacy_null_observation_binding|forward_month_from_quarter_contract|historical_exact_contract_only|historical_household_statistics_scope_assumed|price_episode_left_censored|price_episode_observed_proxy|price_episode_uses_retrospective_exact_source_interpretation|prior_energy_evidence_changed_unknown_or_conflicting|retrospective_exact_source_interpretation|supplier_adjusted_monthly_fee_held_flat|supplier_adjusted_tail_shifted_on_forward_curve
2026-07-24,dnxerq-fortum-markets-oy-fortum-kesto-kausisahko,5000,changed,open_ended,open_ended,717.5513,1024.4166303763443,hold_current_supplier_price,supplier_adjusted_forward_curve_shift,,canonical_interpretation_rejected_by_exact_target_validation|exact_source_legacy_null_observation_binding|forward_month_from_quarter_contract|historical_exact_contract_only|historical_household_statistics_scope_assumed|price_episode_left_censored|price_episode_observed_proxy|price_episode_uses_retrospective_exact_source_interpretation|prior_energy_evidence_changed_unknown_or_conflicting|retrospective_exact_source_interpretation|supplier_adjusted_monthly_fee_held_flat|supplier_adjusted_tail_shifted_on_forward_curve
2026-07-24,dnxerq-fortum-markets-oy-fortum-kesto-kausisahko,18000,changed,open_ended,open_ended,2428.4325,3533.147869354839,hold_current_supplier_price,supplier_adjusted_forward_curve_shift,,canonical_interpretation_rejected_by_exact_target_validation|exact_source_legacy_null_observation_binding|forward_month_from_quarter_contract|historical_exact_contract_only|historical_household_statistics_scope_assumed|price_episode_left_censored|price_episode_observed_proxy|price_episode_uses_retrospective_exact_source_interpretation|prior_energy_evidence_changed_unknown_or_conflicting|retrospective_exact_source_interpretation|supplier_adjusted_monthly_fee_held_flat|supplier_adjusted_tail_shifted_on_forward_curve
2026-07-24,frx7ys-lammaisten-energia-oy-toimitusvelvollinen-aikasahko,2000,changed,open_ended,open_ended,342.84,467.08432526881717,hold_current_supplier_price,supplier_adjusted_forward_curve_shift,,exact_source_legacy_null_observation_binding|forward_month_from_quarter_contract|historical_exact_contract_only|historical_household_statistics_scope_assumed|price_episode_left_censored|price_episode_observed_proxy|prior_energy_evidence_changed_unknown_or_conflicting|supplier_adjusted_monthly_fee_held_flat|supplier_adjusted_tail_shifted_on_forward_curve
2026-07-24,frx7ys-lammaisten-energia-oy-toimitusvelvollinen-aikasahko,5000,changed,open_ended,open_ended,775.2,1085.810813172043,hold_current_supplier_price,supplier_adjusted_forward_curve_shift,,exact_source_legacy_null_observation_binding|forward_month_from_quarter_contract|historical_exact_contract_only|historical_household_statistics_scope_assumed|price_episode_left_censored|price_episode_observed_proxy|prior_energy_evidence_changed_unknown_or_conflicting|supplier_adjusted_monthly_fee_held_flat|supplier_adjusted_tail_shifted_on_forward_curve
2026-07-24,frx7ys-lammaisten-energia-oy-toimitusvelvollinen-aikasahko,18000,changed,open_ended,open_ended,2648.76,3766.958927419355,hold_current_supplier_price,supplier_adjusted_forward_curve_shift,,exact_source_legacy_null_observation_binding|forward_month_from_quarter_contract|historical_exact_contract_only|historical_household_statistics_scope_assumed|price_episode_left_censored|price_episode_observed_proxy|prior_energy_evidence_changed_unknown_or_conflicting|supplier_adjusted_monthly_fee_held_flat|supplier_adjusted_tail_shifted_on_forward_curve
2026-07-24,fu2xdq-vattenfall-oy-kesto,2000,changed,open_ended,open_ended,333.8,331.6313083333333,hold_current_supplier_price,supplier_adjusted_forward_premium,,calendar_gap_within_observed_price_episode|exact_source_legacy_null_observation_binding|historical_exact_contract_only|historical_household_statistics_scope_assumed|lower_confidence_energy_episode_proxy|missing_own_reference_using_comparable_premium|price_episode_left_censored|price_episode_observed_proxy|price_episode_uses_dedicated_historical_interpretation|price_episode_uses_retrospective_exact_source_interpretation|retrospective_exact_source_interpretation|supplier_adjusted_monthly_fee_held_flat|supplier_adjusted_tail_uses_comparable_forward_premium
2026-07-24,fu2xdq-vattenfall-oy-kesto,5000,changed,open_ended,open_ended,752.6,747.1782708333334,hold_current_supplier_price,supplier_adjusted_forward_premium,,calendar_gap_within_observed_price_episode|exact_source_legacy_null_observation_binding|historical_exact_contract_only|historical_household_statistics_scope_assumed|lower_confidence_energy_episode_proxy|missing_own_reference_using_comparable_premium|price_episode_left_censored|price_episode_observed_proxy|price_episode_uses_dedicated_historical_interpretation|price_episode_uses_retrospective_exact_source_interpretation|retrospective_exact_source_interpretation|supplier_adjusted_monthly_fee_held_flat|supplier_adjusted_tail_uses_comparable_forward_premium
2026-07-24,fu2xdq-vattenfall-oy-kesto,18000,changed,open_ended,open_ended,2567.4,2547.881775,hold_current_supplier_price,supplier_adjusted_forward_premium,,calendar_gap_within_observed_price_episode|exact_source_legacy_null_observation_binding|historical_exact_contract_only|historical_household_statistics_scope_assumed|lower_confidence_energy_episode_proxy|missing_own_reference_using_comparable_premium|price_episode_left_censored|price_episode_observed_proxy|price_episode_uses_dedicated_historical_interpretation|price_episode_uses_retrospective_exact_source_interpretation|retrospective_exact_source_interpretation|supplier_adjusted_monthly_fee_held_flat|supplier_adjusted_tail_uses_comparable_forward_premium
2026-07-24,gduez1-parikkalan-valo-oy-kesto-valo-kanta-asiakas,2000,changed,open_ended,open_ended,314.2,298.25877634408596,hold_current_supplier_price,supplier_adjusted_forward_premium,,calendar_gap_within_observed_price_episode|exact_source_legacy_null_observation_binding|historical_exact_contract_only|historical_household_statistics_scope_assumed|lower_confidence_energy_episode_proxy|missing_own_reference_using_comparable_premium|price_episode_left_censored|price_episode_observed_proxy|price_episode_uses_dedicated_historical_interpretation|price_episode_uses_retrospective_exact_source_interpretation|retrospective_exact_source_interpretation|supplier_adjusted_monthly_fee_held_flat|supplier_adjusted_tail_uses_comparable_forward_premium
2026-07-24,gduez1-parikkalan-valo-oy-kesto-valo-kanta-asiakas,5000,changed,open_ended,open_ended,701.8,661.9469408602151,hold_current_supplier_price,supplier_adjusted_forward_premium,,calendar_gap_within_observed_price_episode|exact_source_legacy_null_observation_binding|historical_exact_contract_only|historical_household_statistics_scope_assumed|lower_confidence_energy_episode_proxy|missing_own_reference_using_comparable_premium|price_episode_left_censored|price_episode_observed_proxy|price_episode_uses_dedicated_historical_interpretation|price_episode_uses_retrospective_exact_source_interpretation|retrospective_exact_source_interpretation|supplier_adjusted_monthly_fee_held_flat|supplier_adjusted_tail_uses_comparable_forward_premium
2026-07-24,gduez1-parikkalan-valo-oy-kesto-valo-kanta-asiakas,18000,changed,open_ended,open_ended,2381.4,2237.928987096774,hold_current_supplier_price,supplier_adjusted_forward_premium,,calendar_gap_within_observed_price_episode|exact_source_legacy_null_observation_binding|historical_exact_contract_only|historical_household_statistics_scope_assumed|lower_confidence_energy_episode_proxy|missing_own_reference_using_comparable_premium|price_episode_left_censored|price_episode_observed_proxy|price_episode_uses_dedicated_historical_interpretation|price_episode_uses_retrospective_exact_source_interpretation|retrospective_exact_source_interpretation|supplier_adjusted_monthly_fee_held_flat|supplier_adjusted_tail_uses_comparable_forward_premium
2026-07-24,ggpwbi-parikkalan-valo-oy-kesto-valo-kanta-asiakas,2000,changed,open_ended,open_ended,212.8,290.1588747311828,hold_current_supplier_price,supplier_adjusted_forward_curve_shift,,exact_source_legacy_null_observation_binding|forward_month_from_quarter_contract|historical_exact_contract_only|historical_household_statistics_scope_assumed|price_episode_left_censored|price_episode_observed_proxy|price_episode_uses_dedicated_historical_interpretation|price_episode_uses_retrospective_exact_source_interpretation|retrospective_exact_source_interpretation|supplier_adjusted_monthly_fee_held_flat|supplier_adjusted_tail_shifted_on_forward_curve
2026-07-24,ggpwbi-parikkalan-valo-oy-kesto-valo-kanta-asiakas,5000,changed,open_ended,open_ended,448.3,641.6971868279569,hold_current_supplier_price,supplier_adjusted_forward_curve_shift,,exact_source_legacy_null_observation_binding|forward_month_from_quarter_contract|historical_exact_contract_only|historical_household_statistics_scope_assumed|price_episode_left_censored|price_episode_observed_proxy|price_episode_uses_dedicated_historical_interpretation|price_episode_uses_retrospective_exact_source_interpretation|retrospective_exact_source_interpretation|supplier_adjusted_monthly_fee_held_flat|supplier_adjusted_tail_shifted_on_forward_curve
2026-07-24,ggpwbi-parikkalan-valo-oy-kesto-valo-kanta-asiakas,18000,changed,open_ended,open_ended,1468.8,2165.0298725806447,hold_current_supplier_price,supplier_adjusted_forward_curve_shift,,exact_source_legacy_null_observation_binding|forward_month_from_quarter_contract|historical_exact_contract_only|historical_household_statistics_scope_assumed|price_episode_left_censored|price_episode_observed_proxy|price_episode_uses_dedicated_historical_interpretation|price_episode_uses_retrospective_exact_source_interpretation|retrospective_exact_source_interpretation|supplier_adjusted_monthly_fee_held_flat|supplier_adjusted_tail_shifted_on_forward_curve
2026-07-24,gjhzfc-kokkolan-energia-oy-vuodenaika-uusiutuva,2000,changed,quarterly,quarterly,245.8843,194.75999999999996,recurring_forward_curve_shift,none,,canonical_interpretation_rejected_by_exact_target_validation|canonical_omitted_no_valid_interpretation_as_of_date|historical_temporal_source_validation_unavailable|observed_relational_uniform_monthly_consumption|relational_open_ended_no_proven_historical_adjustment_mechanism
2026-07-24,gjhzfc-kokkolan-energia-oy-vuodenaika-uusiutuva,5000,changed,quarterly,quarterly,569.1708,441.3600000000002,recurring_forward_curve_shift,none,,canonical_interpretation_rejected_by_exact_target_validation|canonical_omitted_no_valid_interpretation_as_of_date|historical_temporal_source_validation_unavailable|observed_relational_uniform_monthly_consumption|relational_open_ended_no_proven_historical_adjustment_mechanism
2026-07-24,gjhzfc-kokkolan-energia-oy-vuodenaika-uusiutuva,18000,changed,quarterly,quarterly,1970.0788,1509.96,recurring_forward_curve_shift,none,,canonical_interpretation_rejected_by_exact_target_validation|canonical_omitted_no_valid_interpretation_as_of_date|historical_temporal_source_validation_unavailable|observed_relational_uniform_monthly_consumption|relational_open_ended_no_proven_historical_adjustment_mechanism
2026-07-24,gxeryx-parikkalan-valo-oy-kesto-valo-kanta-asiakas,2000,changed,open_ended,open_ended,212.8,290.1588747311828,hold_current_supplier_price,supplier_adjusted_forward_curve_shift,,exact_source_legacy_null_observation_binding|forward_month_from_quarter_contract|historical_exact_contract_only|historical_household_statistics_scope_assumed|price_episode_left_censored|price_episode_observed_proxy|price_episode_uses_dedicated_historical_interpretation|price_episode_uses_retrospective_exact_source_interpretation|retrospective_exact_source_interpretation|supplier_adjusted_monthly_fee_held_flat|supplier_adjusted_tail_shifted_on_forward_curve
2026-07-24,gxeryx-parikkalan-valo-oy-kesto-valo-kanta-asiakas,5000,changed,open_ended,open_ended,448.3,641.697186827957,hold_current_supplier_price,supplier_adjusted_forward_curve_shift,,exact_source_legacy_null_observation_binding|forward_month_from_quarter_contract|historical_exact_contract_only|historical_household_statistics_scope_assumed|price_episode_left_censored|price_episode_observed_proxy|price_episode_uses_dedicated_historical_interpretation|price_episode_uses_retrospective_exact_source_interpretation|retrospective_exact_source_interpretation|supplier_adjusted_monthly_fee_held_flat|supplier_adjusted_tail_shifted_on_forward_curve
2026-07-24,gxeryx-parikkalan-valo-oy-kesto-valo-kanta-asiakas,18000,changed,open_ended,open_ended,1468.8,2165.0298725806447,hold_current_supplier_price,supplier_adjusted_forward_curve_shift,,exact_source_legacy_null_observation_binding|forward_month_from_quarter_contract|historical_exact_contract_only|historical_household_statistics_scope_assumed|price_episode_left_censored|price_episode_observed_proxy|price_episode_uses_dedicated_historical_interpretation|price_episode_uses_retrospective_exact_source_interpretation|retrospective_exact_source_interpretation|supplier_adjusted_monthly_fee_held_flat|supplier_adjusted_tail_shifted_on_forward_curve
2026-07-24,gywy8t-aanekosken-energia-oy-aikasahko,2000,changed,open_ended,open_ended,282.9,330.01579040322576,hold_current_supplier_price,supplier_adjusted_forward_premium,,calendar_gap_within_observed_price_episode|exact_source_legacy_null_observation_binding|historical_exact_contract_only|historical_household_statistics_scope_assumed|lower_confidence_energy_episode_proxy|missing_own_reference_using_comparable_premium|price_episode_left_censored|price_episode_observed_proxy|price_episode_uses_dedicated_historical_interpretation|price_episode_uses_retrospective_exact_source_interpretation|retrospective_exact_source_interpretation|supplier_adjusted_monthly_fee_held_flat|supplier_adjusted_tail_uses_comparable_forward_premium
2026-07-24,gywy8t-aanekosken-energia-oy-aikasahko,5000,changed,open_ended,open_ended,640.65,758.4394760080645,hold_current_supplier_price,supplier_adjusted_forward_premium,,calendar_gap_within_observed_price_episode|exact_source_legacy_null_observation_binding|historical_exact_contract_only|historical_household_statistics_scope_assumed|lower_confidence_energy_episode_proxy|missing_own_reference_using_comparable_premium|price_episode_left_censored|price_episode_observed_proxy|price_episode_uses_dedicated_historical_interpretation|price_episode_uses_retrospective_exact_source_interpretation|retrospective_exact_source_interpretation|supplier_adjusted_monthly_fee_held_flat|supplier_adjusted_tail_uses_comparable_forward_premium
2026-07-24,gywy8t-aanekosken-energia-oy-aikasahko,18000,changed,open_ended,open_ended,2190.9,2614.9421136290325,hold_current_supplier_price,supplier_adjusted_forward_premium,,calendar_gap_within_observed_price_episode|exact_source_legacy_null_observation_binding|historical_exact_contract_only|historical_household_statistics_scope_assumed|lower_confidence_energy_episode_proxy|missing_own_reference_using_comparable_premium|price_episode_left_censored|price_episode_observed_proxy|price_episode_uses_dedicated_historical_interpretation|price_episode_uses_retrospective_exact_source_interpretation|retrospective_exact_source_interpretation|supplier_adjusted_monthly_fee_held_flat|supplier_adjusted_tail_uses_comparable_forward_premium
2026-07-24,h8icyg-hehku-energia-oy-hehku-jatkuva,2000,lost,open_ended,open_ended,228.9,,none,none,canonical_outcome_not_listed,exact_source_legacy_null_observation_binding|historical_household_statistics_scope_assumed|insufficient_promotion_terms|retrospective_exact_source_interpretation
2026-07-24,h8icyg-hehku-energia-oy-hehku-jatkuva,5000,lost,open_ended,open_ended,491.4,,none,none,canonical_outcome_not_listed,exact_source_legacy_null_observation_binding|historical_household_statistics_scope_assumed|insufficient_promotion_terms|retrospective_exact_source_interpretation
2026-07-24,h8icyg-hehku-energia-oy-hehku-jatkuva,18000,lost,open_ended,open_ended,1628.9,,none,none,canonical_outcome_not_listed,exact_source_legacy_null_observation_binding|historical_household_statistics_scope_assumed|insufficient_promotion_terms|retrospective_exact_source_interpretation
2026-07-24,hbdxeg-vihrea-alyenergia-oy-vakaa-valinta,2000,changed,open_ended,open_ended,344.88,469.12432526881713,hold_current_supplier_price,supplier_adjusted_forward_curve_shift,,exact_source_legacy_null_observation_binding|forward_month_from_quarter_contract|historical_exact_contract_only|historical_household_statistics_scope_assumed|price_episode_left_censored|price_episode_observed_proxy|price_episode_uses_retrospective_exact_source_interpretation|prior_energy_evidence_changed_unknown_or_conflicting|retrospective_exact_source_interpretation|supplier_adjusted_monthly_fee_held_flat|supplier_adjusted_tail_shifted_on_forward_curve
2026-07-24,hwmfco-aalto-energia-oyj-tyyni-jatkuva,2000,changed,open_ended,open_ended,283.45,341.1651793010752,none,supplier_adjusted_forward_premium,,calendar_gap_within_observed_price_episode|exact_source_legacy_null_observation_binding|historical_exact_contract_only|historical_household_statistics_scope_assumed|lower_confidence_energy_episode_proxy|missing_own_reference_using_comparable_premium|price_episode_left_censored|price_episode_observed_proxy|price_episode_uses_dedicated_historical_interpretation|price_episode_uses_retrospective_exact_source_interpretation|retrospective_exact_source_interpretation|supplier_adjusted_monthly_fee_disclosed_phases|supplier_adjusted_tail_uses_comparable_forward_premium
2026-07-24,hwmfco-aalto-energia-oyj-tyyni-jatkuva,5000,changed,open_ended,open_ended,610.45,754.737948252688,none,supplier_adjusted_forward_premium,,calendar_gap_within_observed_price_episode|exact_source_legacy_null_observation_binding|historical_exact_contract_only|historical_household_statistics_scope_assumed|lower_confidence_energy_episode_proxy|missing_own_reference_using_comparable_premium|price_episode_left_censored|price_episode_observed_proxy|price_episode_uses_dedicated_historical_interpretation|price_episode_uses_retrospective_exact_source_interpretation|retrospective_exact_source_interpretation|supplier_adjusted_monthly_fee_disclosed_phases|supplier_adjusted_tail_uses_comparable_forward_premium
2026-07-24,hwmfco-aalto-energia-oyj-tyyni-jatkuva,18000,changed,open_ended,open_ended,2027.45,2546.886613709677,none,supplier_adjusted_forward_premium,,calendar_gap_within_observed_price_episode|exact_source_legacy_null_observation_binding|historical_exact_contract_only|historical_household_statistics_scope_assumed|lower_confidence_energy_episode_proxy|missing_own_reference_using_comparable_premium|price_episode_left_censored|price_episode_observed_proxy|price_episode_uses_dedicated_historical_interpretation|price_episode_uses_retrospective_exact_source_interpretation|retrospective_exact_source_interpretation|supplier_adjusted_monthly_fee_disclosed_phases|supplier_adjusted_tail_uses_comparable_forward_premium
2026-07-24,icbxvy-vimpelin-voima-oy-sulaketariffi,2000,changed,open_ended,open_ended,198.4,258.22288118279573,hold_current_supplier_price,supplier_adjusted_forward_curve_shift,,exact_source_legacy_null_observation_binding|forward_month_from_quarter_contract|historical_exact_contract_only|historical_household_statistics_scope_assumed|price_episode_left_censored|price_episode_observed_proxy|price_episode_uses_dedicated_historical_interpretation|price_episode_uses_retrospective_exact_source_interpretation|retrospective_exact_source_interpretation|supplier_adjusted_monthly_fee_held_flat|supplier_adjusted_tail_shifted_on_forward_curve
2026-07-24,icbxvy-vimpelin-voima-oy-sulaketariffi,5000,changed,open_ended,open_ended,420.4,569.9572029569891,hold_current_supplier_price,supplier_adjusted_forward_curve_shift,,exact_source_legacy_null_observation_binding|forward_month_from_quarter_contract|historical_exact_contract_only|historical_household_statistics_scope_assumed|price_episode_left_censored|price_episode_observed_proxy|price_episode_uses_dedicated_historical_interpretation|price_episode_uses_retrospective_exact_source_interpretation|retrospective_exact_source_interpretation|supplier_adjusted_monthly_fee_held_flat|supplier_adjusted_tail_shifted_on_forward_curve
2026-07-24,icbxvy-vimpelin-voima-oy-sulaketariffi,18000,changed,open_ended,open_ended,1382.4,1920.8059306451612,hold_current_supplier_price,supplier_adjusted_forward_curve_shift,,exact_source_legacy_null_observation_binding|forward_month_from_quarter_contract|historical_exact_contract_only|historical_household_statistics_scope_assumed|price_episode_left_censored|price_episode_observed_proxy|price_episode_uses_dedicated_historical_interpretation|price_episode_uses_retrospective_exact_source_interpretation|retrospective_exact_source_interpretation|supplier_adjusted_monthly_fee_held_flat|supplier_adjusted_tail_shifted_on_forward_curve
2026-07-24,iq7fja-vimpelin-voima-oy-vuodenaikatariffi,2000,lost,open_ended,open_ended,200.0667,,hold_last_known_price,none,canonical_outcome_not_listed,exact_source_legacy_null_observation_binding|historical_household_statistics_scope_assumed|insufficient_promotion_terms|retrospective_exact_source_interpretation
2026-07-24,iq7fja-vimpelin-voima-oy-vuodenaikatariffi,5000,lost,open_ended,open_ended,424.5667,,hold_last_known_price,none,canonical_outcome_not_listed,exact_source_legacy_null_observation_binding|historical_household_statistics_scope_assumed|insufficient_promotion_terms|retrospective_exact_source_interpretation
2026-07-24,iq7fja-vimpelin-voima-oy-vuodenaikatariffi,18000,lost,open_ended,open_ended,1397.4,,hold_last_known_price,none,canonical_outcome_not_listed,exact_source_legacy_null_observation_binding|historical_household_statistics_scope_assumed|insufficient_promotion_terms|retrospective_exact_source_interpretation
2026-07-24,iwjgsd-pohjois-karjalan-sahko-oy-tove-perus,2000,changed,open_ended,open_ended,324.72,331.55345887096775,hold_current_supplier_price,supplier_adjusted_forward_premium,,calendar_gap_within_observed_price_episode|exact_source_legacy_null_observation_binding|historical_exact_contract_only|historical_household_statistics_scope_assumed|lower_confidence_energy_episode_proxy|missing_own_reference_using_comparable_premium|price_episode_left_censored|price_episode_observed_proxy|price_episode_uses_dedicated_historical_interpretation|price_episode_uses_retrospective_exact_source_interpretation|retrospective_exact_source_interpretation|supplier_adjusted_monthly_fee_held_flat|supplier_adjusted_tail_uses_comparable_forward_premium
2026-07-24,iwjgsd-pohjois-karjalan-sahko-oy-tove-perus,5000,changed,open_ended,open_ended,729.72,746.8036471774193,hold_current_supplier_price,supplier_adjusted_forward_premium,,calendar_gap_within_observed_price_episode|exact_source_legacy_null_observation_binding|historical_exact_contract_only|historical_household_statistics_scope_assumed|lower_confidence_energy_episode_proxy|missing_own_reference_using_comparable_premium|price_episode_left_censored|price_episode_observed_proxy|price_episode_uses_dedicated_historical_interpretation|price_episode_uses_retrospective_exact_source_interpretation|retrospective_exact_source_interpretation|supplier_adjusted_monthly_fee_held_flat|supplier_adjusted_tail_uses_comparable_forward_premium
2026-07-24,iwjgsd-pohjois-karjalan-sahko-oy-tove-perus,18000,changed,open_ended,open_ended,2484.72,2546.221129838709,hold_current_supplier_price,supplier_adjusted_forward_premium,,calendar_gap_within_observed_price_episode|exact_source_legacy_null_observation_binding|historical_exact_contract_only|historical_household_statistics_scope_assumed|lower_confidence_energy_episode_proxy|missing_own_reference_using_comparable_premium|price_episode_left_censored|price_episode_observed_proxy|price_episode_uses_dedicated_historical_interpretation|price_episode_uses_retrospective_exact_source_interpretation|retrospective_exact_source_interpretation|supplier_adjusted_monthly_fee_held_flat|supplier_adjusted_tail_uses_comparable_forward_premium
2026-07-24,jbktvc-seinajoen-energia-oy-se-oikea-vuodenaikasahko,2000,changed,open_ended,open_ended,205.9283,265.751214516129,hold_current_supplier_price,supplier_adjusted_forward_curve_shift,,exact_source_legacy_null_observation_binding|forward_month_from_quarter_contract|historical_exact_contract_only|historical_household_statistics_scope_assumed|price_episode_left_censored|price_episode_observed_proxy|price_episode_uses_dedicated_historical_interpretation|price_episode_uses_retrospective_exact_source_interpretation|retrospective_exact_source_interpretation|supplier_adjusted_monthly_fee_held_flat|supplier_adjusted_tail_shifted_on_forward_curve
2026-07-24,jbktvc-seinajoen-energia-oy-se-oikea-vuodenaikasahko,5000,changed,open_ended,open_ended,423.7408,573.2980362903226,hold_current_supplier_price,supplier_adjusted_forward_curve_shift,,exact_source_legacy_null_observation_binding|forward_month_from_quarter_contract|historical_exact_contract_only|historical_household_statistics_scope_assumed|price_episode_left_censored|price_episode_observed_proxy|price_episode_uses_dedicated_historical_interpretation|price_episode_uses_retrospective_exact_source_interpretation|retrospective_exact_source_interpretation|supplier_adjusted_monthly_fee_held_flat|supplier_adjusted_tail_shifted_on_forward_curve
2026-07-24,jbktvc-seinajoen-energia-oy-se-oikea-vuodenaikasahko,18000,changed,open_ended,open_ended,1367.595,1906.0009306451616,hold_current_supplier_price,supplier_adjusted_forward_curve_shift,,exact_source_legacy_null_observation_binding|forward_month_from_quarter_contract|historical_exact_contract_only|historical_household_statistics_scope_assumed|price_episode_left_censored|price_episode_observed_proxy|price_episode_uses_dedicated_historical_interpretation|price_episode_uses_retrospective_exact_source_interpretation|retrospective_exact_source_interpretation|supplier_adjusted_monthly_fee_held_flat|supplier_adjusted_tail_shifted_on_forward_curve
2026-07-24,jhy1qj-vaasan-sahko-myynti-oy-kuukausipaketti-s,2000,changed,open_ended,open_ended,584,285.2,none,none,,canonical_interpretation_rejected_by_exact_target_validation|exact_source_legacy_null_observation_binding|historical_household_statistics_scope_assumed|retrospective_exact_source_interpretation
2026-07-24,jhy1qj-vaasan-sahko-myynti-oy-kuukausipaketti-s,5000,changed,open_ended,open_ended,1082,783.2,none,none,,canonical_interpretation_rejected_by_exact_target_validation|exact_source_legacy_null_observation_binding|historical_household_statistics_scope_assumed|retrospective_exact_source_interpretation
2026-07-24,jhy1qj-vaasan-sahko-myynti-oy-kuukausipaketti-s,18000,changed,open_ended,open_ended,3240,2941.2000000000007,none,none,,canonical_interpretation_rejected_by_exact_target_validation|exact_source_legacy_null_observation_binding|historical_household_statistics_scope_assumed|retrospective_exact_source_interpretation
2026-07-24,jrrlvh-parikkalan-valo-oy-kesto-valo-kanta-asiakas,2000,changed,open_ended,open_ended,212.8,290.1588747311828,hold_current_supplier_price,supplier_adjusted_forward_curve_shift,,exact_source_legacy_null_observation_binding|forward_month_from_quarter_contract|historical_exact_contract_only|historical_household_statistics_scope_assumed|price_episode_left_censored|price_episode_observed_proxy|price_episode_uses_dedicated_historical_interpretation|price_episode_uses_retrospective_exact_source_interpretation|retrospective_exact_source_interpretation|supplier_adjusted_monthly_fee_held_flat|supplier_adjusted_tail_shifted_on_forward_curve
2026-07-24,jrrlvh-parikkalan-valo-oy-kesto-valo-kanta-asiakas,5000,changed,open_ended,open_ended,448.3,641.6971868279569,hold_current_supplier_price,supplier_adjusted_forward_curve_shift,,exact_source_legacy_null_observation_binding|forward_month_from_quarter_contract|historical_exact_contract_only|historical_household_statistics_scope_assumed|price_episode_left_censored|price_episode_observed_proxy|price_episode_uses_dedicated_historical_interpretation|price_episode_uses_retrospective_exact_source_interpretation|retrospective_exact_source_interpretation|supplier_adjusted_monthly_fee_held_flat|supplier_adjusted_tail_shifted_on_forward_curve
2026-07-24,jrrlvh-parikkalan-valo-oy-kesto-valo-kanta-asiakas,18000,changed,open_ended,open_ended,1468.8,2165.0298725806447,hold_current_supplier_price,supplier_adjusted_forward_curve_shift,,exact_source_legacy_null_observation_binding|forward_month_from_quarter_contract|historical_exact_contract_only|historical_household_statistics_scope_assumed|price_episode_left_censored|price_episode_observed_proxy|price_episode_uses_dedicated_historical_interpretation|price_episode_uses_retrospective_exact_source_interpretation|retrospective_exact_source_interpretation|supplier_adjusted_monthly_fee_held_flat|supplier_adjusted_tail_shifted_on_forward_curve
2026-07-24,k5jsrm-turku-energia-oy-louna-arki,2000,changed,open_ended,open_ended,271.68,314.01600806451603,hold_current_supplier_price,supplier_adjusted_forward_curve_shift,,exact_source_legacy_null_observation_binding|forward_month_from_quarter_contract|historical_exact_contract_only|historical_household_statistics_scope_assumed|price_episode_left_censored|price_episode_observed_proxy|price_episode_uses_dedicated_historical_interpretation|price_episode_uses_retrospective_exact_source_interpretation|retrospective_exact_source_interpretation|supplier_adjusted_monthly_fee_held_flat|supplier_adjusted_tail_shifted_on_forward_curve
2026-07-24,k5jsrm-turku-energia-oy-louna-arki,5000,changed,open_ended,open_ended,577.68,683.5200201612903,hold_current_supplier_price,supplier_adjusted_forward_curve_shift,,exact_source_legacy_null_observation_binding|forward_month_from_quarter_contract|historical_exact_contract_only|historical_household_statistics_scope_assumed|price_episode_left_censored|price_episode_observed_proxy|price_episode_uses_dedicated_historical_interpretation|price_episode_uses_retrospective_exact_source_interpretation|retrospective_exact_source_interpretation|supplier_adjusted_monthly_fee_held_flat|supplier_adjusted_tail_shifted_on_forward_curve
2026-07-24,k5jsrm-turku-energia-oy-louna-arki,18000,changed,open_ended,open_ended,1903.68,2284.704072580645,hold_current_supplier_price,supplier_adjusted_forward_curve_shift,,exact_source_legacy_null_observation_binding|forward_month_from_quarter_contract|historical_exact_contract_only|historical_household_statistics_scope_assumed|price_episode_left_censored|price_episode_observed_proxy|price_episode_uses_dedicated_historical_interpretation|price_episode_uses_retrospective_exact_source_interpretation|retrospective_exact_source_interpretation|supplier_adjusted_monthly_fee_held_flat|supplier_adjusted_tail_shifted_on_forward_curve
2026-07-24,kczwlj-kokkolan-energia-oy-ranta-18-kk,2000,changed,fixed_term_other,fixed_term_other,250.2,250.19999999999996,none,none,,canonical_interpretation_rejected_by_exact_target_validation|canonical_omitted_no_valid_interpretation_as_of_date|historical_temporal_source_validation_unavailable|observed_relational_uniform_monthly_consumption
2026-07-24,kczwlj-kokkolan-energia-oy-ranta-18-kk,5000,changed,fixed_term_other,fixed_term_other,561.6,561.6,none,none,,canonical_interpretation_rejected_by_exact_target_validation|canonical_omitted_no_valid_interpretation_as_of_date|historical_temporal_source_validation_unavailable|observed_relational_uniform_monthly_consumption
2026-07-24,kczwlj-kokkolan-energia-oy-ranta-18-kk,18000,changed,fixed_term_other,fixed_term_other,1911,1911.0000000000002,none,none,,canonical_interpretation_rejected_by_exact_target_validation|canonical_omitted_no_valid_interpretation_as_of_date|historical_temporal_source_validation_unavailable|observed_relational_uniform_monthly_consumption
2026-07-24,kvwny9-vihrea-alyenergia-oy-vire-tuuli-porssisahko-tarjous-ensimmaiset-12-kk,2000,changed,spot,spot,227.8735,227.46370925275795,forward_curve_spot,forward_curve_spot,,canonical_interpretation_rejected_by_exact_target_validation|canonical_omitted_no_valid_interpretation_as_of_date|forward_month_from_quarter_contract|historical_temporal_source_validation_unavailable|observed_relational_uniform_monthly_consumption|partial_shape_coverage
2026-07-24,kvwny9-vihrea-alyenergia-oy-vire-tuuli-porssisahko-tarjous-ensimmaiset-12-kk,5000,changed,spot,spot,524.8339,523.8092731318953,forward_curve_spot,forward_curve_spot,,canonical_interpretation_rejected_by_exact_target_validation|canonical_omitted_no_valid_interpretation_as_of_date|forward_month_from_quarter_contract|historical_temporal_source_validation_unavailable|observed_relational_uniform_monthly_consumption|partial_shape_coverage
2026-07-24,kvwny9-vihrea-alyenergia-oy-vire-tuuli-porssisahko-tarjous-ensimmaiset-12-kk,18000,changed,spot,spot,1811.6619,1807.9733832748223,forward_curve_spot,forward_curve_spot,,canonical_interpretation_rejected_by_exact_target_validation|canonical_omitted_no_valid_interpretation_as_of_date|forward_month_from_quarter_contract|historical_temporal_source_validation_unavailable|observed_relational_uniform_monthly_consumption|partial_shape_coverage
2026-07-24,ky5nx5-koillis-satakunnan-sahko-oy-joustowirta-12-kk,2000,changed,hybrid,hybrid,236.24,236.23999999999998,hybrid_base_only,none,,canonical_interpretation_rejected_by_exact_target_validation|canonical_omitted_no_valid_interpretation_as_of_date|historical_temporal_source_validation_unavailable|observed_relational_uniform_monthly_consumption
2026-07-24,ky5nx5-koillis-satakunnan-sahko-oy-joustowirta-12-kk,5000,changed,hybrid,hybrid,509.24,509.24,hybrid_base_only,none,,canonical_interpretation_rejected_by_exact_target_validation|canonical_omitted_no_valid_interpretation_as_of_date|historical_temporal_source_validation_unavailable|observed_relational_uniform_monthly_consumption
2026-07-24,ky5nx5-koillis-satakunnan-sahko-oy-joustowirta-12-kk,18000,changed,hybrid,hybrid,1692.24,1692.24,hybrid_base_only,none,,canonical_interpretation_rejected_by_exact_target_validation|canonical_omitted_no_valid_interpretation_as_of_date|historical_temporal_source_validation_unavailable|observed_relational_uniform_monthly_consumption
2026-07-24,lazesb-keuruun-sahko-oy-kausisahko,2000,changed,open_ended,open_ended,280.85,346.53322308467733,hold_current_supplier_price,supplier_adjusted_forward_premium,,calendar_gap_within_observed_price_episode|exact_source_legacy_null_observation_binding|historical_exact_contract_only|historical_household_statistics_scope_assumed|lower_confidence_energy_episode_proxy|missing_own_reference_using_comparable_premium|price_episode_left_censored|price_episode_observed_proxy|price_episode_uses_dedicated_historical_interpretation|price_episode_uses_retrospective_exact_source_interpretation|retrospective_exact_source_interpretation|supplier_adjusted_monthly_fee_held_flat|supplier_adjusted_tail_uses_comparable_forward_premium
2026-07-24,lazesb-keuruun-sahko-oy-kausisahko,5000,changed,open_ended,open_ended,620.225,784.4330577116936,hold_current_supplier_price,supplier_adjusted_forward_premium,,calendar_gap_within_observed_price_episode|exact_source_legacy_null_observation_binding|historical_exact_contract_only|historical_household_statistics_scope_assumed|lower_confidence_energy_episode_proxy|missing_own_reference_using_comparable_premium|price_episode_left_censored|price_episode_observed_proxy|price_episode_uses_dedicated_historical_interpretation|price_episode_uses_retrospective_exact_source_interpretation|retrospective_exact_source_interpretation|supplier_adjusted_monthly_fee_held_flat|supplier_adjusted_tail_uses_comparable_forward_premium
2026-07-24,lazesb-keuruun-sahko-oy-kausisahko,18000,changed,open_ended,open_ended,2090.85,2681.999007762097,hold_current_supplier_price,supplier_adjusted_forward_premium,,calendar_gap_within_observed_price_episode|exact_source_legacy_null_observation_binding|historical_exact_contract_only|historical_household_statistics_scope_assumed|lower_confidence_energy_episode_proxy|missing_own_reference_using_comparable_premium|price_episode_left_censored|price_episode_observed_proxy|price_episode_uses_dedicated_historical_interpretation|price_episode_uses_retrospective_exact_source_interpretation|retrospective_exact_source_interpretation|supplier_adjusted_monthly_fee_held_flat|supplier_adjusted_tail_uses_comparable_forward_premium
2026-07-24,lecan2-hehku-energia-oy-hehku-kiintea-6-kk,2000,changed,fixed_term_6,fixed_term_6,269.6955,268.8,forward_curve_spot,term_price_annualized,,exact_source_legacy_null_observation_binding|historical_household_statistics_scope_assumed|term_price_annualized
2026-07-24,lecan2-hehku-energia-oy-hehku-kiintea-6-kk,5000,changed,fixed_term_6,fixed_term_6,584.3888,598.5,forward_curve_spot,term_price_annualized,,exact_source_legacy_null_observation_binding|historical_household_statistics_scope_assumed|term_price_annualized
2026-07-24,lecan2-hehku-energia-oy-hehku-kiintea-6-kk,18000,changed,fixed_term_6,fixed_term_6,1948.0595,2027.2000000000003,forward_curve_spot,term_price_annualized,,exact_source_legacy_null_observation_binding|historical_household_statistics_scope_assumed|term_price_annualized
2026-07-24,n2hxzq-vihrea-alyenergia-oy-verraton-porssisahko-tarjous-ensimmaiset-6-kk,2000,changed,spot,spot,243.5635,246.1437092527581,forward_curve_spot,forward_curve_spot,,canonical_interpretation_rejected_by_exact_target_validation|canonical_omitted_no_valid_interpretation_as_of_date|forward_month_from_quarter_contract|observed_relational_uniform_monthly_consumption|partial_shape_coverage
2026-07-24,n2hxzq-vihrea-alyenergia-oy-verraton-porssisahko-tarjous-ensimmaiset-6-kk,5000,changed,spot,spot,541.5739,543.5392731318951,forward_curve_spot,forward_curve_spot,,canonical_interpretation_rejected_by_exact_target_validation|canonical_omitted_no_valid_interpretation_as_of_date|forward_month_from_quarter_contract|observed_relational_uniform_monthly_consumption|partial_shape_coverage
2026-07-24,n2hxzq-vihrea-alyenergia-oy-verraton-porssisahko-tarjous-ensimmaiset-6-kk,18000,changed,spot,spot,1832.9519,1832.2533832748231,forward_curve_spot,forward_curve_spot,,canonical_interpretation_rejected_by_exact_target_validation|canonical_omitted_no_valid_interpretation_as_of_date|forward_month_from_quarter_contract|observed_relational_uniform_monthly_consumption|partial_shape_coverage
2026-07-24,nlac9s-seinajoen-energia-oy-se-oikea-yleissahko,2000,changed,open_ended,open_ended,192.6,252.42288118279572,hold_current_supplier_price,supplier_adjusted_forward_curve_shift,,exact_source_legacy_null_observation_binding|forward_month_from_quarter_contract|historical_exact_contract_only|historical_household_statistics_scope_assumed|price_episode_left_censored|price_episode_observed_proxy|price_episode_uses_dedicated_historical_interpretation|price_episode_uses_retrospective_exact_source_interpretation|retrospective_exact_source_interpretation|supplier_adjusted_monthly_fee_held_flat|supplier_adjusted_tail_shifted_on_forward_curve
2026-07-24,nlac9s-seinajoen-energia-oy-se-oikea-yleissahko,5000,changed,open_ended,open_ended,408.6,558.1572029569893,hold_current_supplier_price,supplier_adjusted_forward_curve_shift,,exact_source_legacy_null_observation_binding|forward_month_from_quarter_contract|historical_exact_contract_only|historical_household_statistics_scope_assumed|price_episode_left_censored|price_episode_observed_proxy|price_episode_uses_dedicated_historical_interpretation|price_episode_uses_retrospective_exact_source_interpretation|retrospective_exact_source_interpretation|supplier_adjusted_monthly_fee_held_flat|supplier_adjusted_tail_shifted_on_forward_curve
2026-07-24,nlac9s-seinajoen-energia-oy-se-oikea-yleissahko,18000,changed,open_ended,open_ended,1344.6,1883.0059306451615,hold_current_supplier_price,supplier_adjusted_forward_curve_shift,,exact_source_legacy_null_observation_binding|forward_month_from_quarter_contract|historical_exact_contract_only|historical_household_statistics_scope_assumed|price_episode_left_censored|price_episode_observed_proxy|price_episode_uses_dedicated_historical_interpretation|price_episode_uses_retrospective_exact_source_interpretation|retrospective_exact_source_interpretation|supplier_adjusted_monthly_fee_held_flat|supplier_adjusted_tail_shifted_on_forward_curve
2026-07-24,okmsyk-cheap-energy-finland-oy-cheap-maaraaikainen-6-kk,2000,new,,fixed_term_6,,248.30000000000007,,none,,canonical_interpretation_rejected_by_exact_target_validation|canonical_omitted_no_valid_interpretation_as_of_date|observed_relational_uniform_monthly_consumption
2026-07-24,okmsyk-cheap-energy-finland-oy-cheap-maaraaikainen-6-kk,5000,new,,fixed_term_6,,563.0000000000002,,none,,canonical_interpretation_rejected_by_exact_target_validation|canonical_omitted_no_valid_interpretation_as_of_date|observed_relational_uniform_monthly_consumption
2026-07-24,okmsyk-cheap-energy-finland-oy-cheap-maaraaikainen-6-kk,18000,new,,fixed_term_6,,1926.6999999999996,,none,,canonical_interpretation_rejected_by_exact_target_validation|canonical_omitted_no_valid_interpretation_as_of_date|observed_relational_uniform_monthly_consumption
2026-07-24,onnuwd-nurmijarven-sahko-oy-aikasahko,2000,changed,open_ended,open_ended,564.81,339.6009516935484,hold_current_supplier_price,supplier_adjusted_forward_premium,,calendar_gap_within_observed_price_episode|exact_source_legacy_null_observation_binding|historical_exact_contract_only|historical_household_statistics_scope_assumed|lower_confidence_energy_episode_proxy|missing_own_reference_using_comparable_premium|price_episode_left_censored|price_episode_observed_proxy|price_episode_uses_dedicated_historical_interpretation|price_episode_uses_retrospective_exact_source_interpretation|retrospective_exact_source_interpretation|supplier_adjusted_monthly_fee_held_flat|supplier_adjusted_tail_uses_comparable_forward_premium
2026-07-24,onnuwd-nurmijarven-sahko-oy-aikasahko,5000,changed,open_ended,open_ended,1340.025,777.002379233871,hold_current_supplier_price,supplier_adjusted_forward_premium,,calendar_gap_within_observed_price_episode|exact_source_legacy_null_observation_binding|historical_exact_contract_only|historical_household_statistics_scope_assumed|lower_confidence_energy_episode_proxy|missing_own_reference_using_comparable_premium|price_episode_left_censored|price_episode_observed_proxy|price_episode_uses_dedicated_historical_interpretation|price_episode_uses_retrospective_exact_source_interpretation|retrospective_exact_source_interpretation|supplier_adjusted_monthly_fee_held_flat|supplier_adjusted_tail_uses_comparable_forward_premium
2026-07-24,onnuwd-nurmijarven-sahko-oy-aikasahko,18000,changed,open_ended,open_ended,4699.29,2672.4085652419353,hold_current_supplier_price,supplier_adjusted_forward_premium,,calendar_gap_within_observed_price_episode|exact_source_legacy_null_observation_binding|historical_exact_contract_only|historical_household_statistics_scope_assumed|lower_confidence_energy_episode_proxy|missing_own_reference_using_comparable_premium|price_episode_left_censored|price_episode_observed_proxy|price_episode_uses_dedicated_historical_interpretation|price_episode_uses_retrospective_exact_source_interpretation|retrospective_exact_source_interpretation|supplier_adjusted_monthly_fee_held_flat|supplier_adjusted_tail_uses_comparable_forward_premium
2026-07-24,osszso-aalto-energia-oyj-luotsi-porssisahko-tarjous-perusmaksu-099-ensimmaiset-12kk,2000,changed,spot,spot,220.6535,220.243709252758,forward_curve_spot,forward_curve_spot,,canonical_interpretation_rejected_by_exact_target_validation|canonical_omitted_no_valid_interpretation_as_of_date|forward_month_from_quarter_contract|historical_temporal_source_validation_unavailable|observed_relational_uniform_monthly_consumption|partial_shape_coverage
2026-07-24,osszso-aalto-energia-oyj-luotsi-porssisahko-tarjous-perusmaksu-099-ensimmaiset-12kk,5000,changed,spot,spot,533.8139,532.7892731318954,forward_curve_spot,forward_curve_spot,,canonical_interpretation_rejected_by_exact_target_validation|canonical_omitted_no_valid_interpretation_as_of_date|forward_month_from_quarter_contract|historical_temporal_source_validation_unavailable|observed_relational_uniform_monthly_consumption|partial_shape_coverage
2026-07-24,osszso-aalto-energia-oyj-luotsi-porssisahko-tarjous-perusmaksu-099-ensimmaiset-12kk,18000,changed,spot,spot,1890.8419,1887.153383274823,forward_curve_spot,forward_curve_spot,,canonical_interpretation_rejected_by_exact_target_validation|canonical_omitted_no_valid_interpretation_as_of_date|forward_month_from_quarter_contract|historical_temporal_source_validation_unavailable|observed_relational_uniform_monthly_consumption|partial_shape_coverage
2026-07-24,ozjhpb-helen-oy-kayttosahko,2000,changed,open_ended,open_ended,342.88,348.73496424731184,hold_current_supplier_price,supplier_adjusted_forward_premium,,calendar_gap_within_observed_price_episode|exact_source_legacy_null_observation_binding|historical_exact_contract_only|historical_household_statistics_scope_assumed|lower_confidence_energy_episode_proxy|missing_own_reference_using_comparable_premium|price_episode_left_censored|price_episode_observed_proxy|price_episode_uses_dedicated_historical_interpretation|price_episode_uses_retrospective_exact_source_interpretation|retrospective_exact_source_interpretation|supplier_adjusted_monthly_fee_held_flat|supplier_adjusted_tail_uses_comparable_forward_premium
2026-07-24,ozjhpb-helen-oy-kayttosahko,5000,changed,open_ended,open_ended,749.38,764.0174106182797,hold_current_supplier_price,supplier_adjusted_forward_premium,,calendar_gap_within_observed_price_episode|exact_source_legacy_null_observation_binding|historical_exact_contract_only|historical_household_statistics_scope_assumed|lower_confidence_energy_episode_proxy|missing_own_reference_using_comparable_premium|price_episode_left_censored|price_episode_observed_proxy|price_episode_uses_dedicated_historical_interpretation|price_episode_uses_retrospective_exact_source_interpretation|retrospective_exact_source_interpretation|supplier_adjusted_monthly_fee_held_flat|supplier_adjusted_tail_uses_comparable_forward_premium
2026-07-24,ozjhpb-helen-oy-kayttosahko,18000,changed,open_ended,open_ended,2510.88,2563.5746782258066,hold_current_supplier_price,supplier_adjusted_forward_premium,,calendar_gap_within_observed_price_episode|exact_source_legacy_null_observation_binding|historical_exact_contract_only|historical_household_statistics_scope_assumed|lower_confidence_energy_episode_proxy|missing_own_reference_using_comparable_premium|price_episode_left_censored|price_episode_observed_proxy|price_episode_uses_dedicated_historical_interpretation|price_episode_uses_retrospective_exact_source_interpretation|retrospective_exact_source_interpretation|supplier_adjusted_monthly_fee_held_flat|supplier_adjusted_tail_uses_comparable_forward_premium
2026-07-24,plbcxh-kokkolan-energia-oy-vuodenaika,2000,changed,quarterly,quarterly,240.8843,189.76,recurring_forward_curve_shift,none,,canonical_interpretation_rejected_by_exact_target_validation|canonical_omitted_no_valid_interpretation_as_of_date|historical_temporal_source_validation_unavailable|observed_relational_uniform_monthly_consumption|relational_open_ended_no_proven_historical_adjustment_mechanism
2026-07-24,plbcxh-kokkolan-energia-oy-vuodenaika,5000,changed,quarterly,quarterly,556.6708,428.86000000000007,recurring_forward_curve_shift,none,,canonical_interpretation_rejected_by_exact_target_validation|canonical_omitted_no_valid_interpretation_as_of_date|historical_temporal_source_validation_unavailable|observed_relational_uniform_monthly_consumption|relational_open_ended_no_proven_historical_adjustment_mechanism
2026-07-24,plbcxh-kokkolan-energia-oy-vuodenaika,18000,changed,quarterly,quarterly,1925.0788,1464.9599999999998,recurring_forward_curve_shift,none,,canonical_interpretation_rejected_by_exact_target_validation|canonical_omitted_no_valid_interpretation_as_of_date|historical_temporal_source_validation_unavailable|observed_relational_uniform_monthly_consumption|relational_open_ended_no_proven_historical_adjustment_mechanism
2026-07-24,ppiuwo-herrfors-oy-ab-yleissahko,2000,changed,open_ended,open_ended,264.2,386.94615215053767,hold_current_supplier_price,supplier_adjusted_forward_curve_shift,,exact_source_legacy_null_observation_binding|forward_month_from_quarter_contract|historical_exact_contract_only|historical_household_statistics_scope_assumed|price_episode_left_censored|price_episode_observed_proxy|price_episode_uses_retrospective_exact_source_interpretation|prior_energy_evidence_changed_unknown_or_conflicting|retrospective_exact_source_interpretation|supplier_adjusted_monthly_fee_held_flat|supplier_adjusted_tail_shifted_on_forward_curve
2026-07-24,ppiuwo-herrfors-oy-ab-yleissahko,5000,changed,open_ended,open_ended,587.6,894.4653803763441,hold_current_supplier_price,supplier_adjusted_forward_curve_shift,,exact_source_legacy_null_observation_binding|forward_month_from_quarter_contract|historical_exact_contract_only|historical_household_statistics_scope_assumed|price_episode_left_censored|price_episode_observed_proxy|price_episode_uses_retrospective_exact_source_interpretation|prior_energy_evidence_changed_unknown_or_conflicting|retrospective_exact_source_interpretation|supplier_adjusted_monthly_fee_held_flat|supplier_adjusted_tail_shifted_on_forward_curve
2026-07-24,ppiuwo-herrfors-oy-ab-yleissahko,18000,changed,open_ended,open_ended,1989,3093.715369354838,hold_current_supplier_price,supplier_adjusted_forward_curve_shift,,exact_source_legacy_null_observation_binding|forward_month_from_quarter_contract|historical_exact_contract_only|historical_household_statistics_scope_assumed|price_episode_left_censored|price_episode_observed_proxy|price_episode_uses_retrospective_exact_source_interpretation|prior_energy_evidence_changed_unknown_or_conflicting|retrospective_exact_source_interpretation|supplier_adjusted_monthly_fee_held_flat|supplier_adjusted_tail_shifted_on_forward_curve
2026-07-24,ppwyv2-lammaisten-energia-oy-toimitusvelvollinen-kausisahko,2000,changed,open_ended,open_ended,309.9167,434.1609919354839,hold_current_supplier_price,supplier_adjusted_forward_curve_shift,,exact_source_legacy_null_observation_binding|forward_month_from_quarter_contract|historical_exact_contract_only|historical_household_statistics_scope_assumed|price_episode_left_censored|price_episode_observed_proxy|prior_energy_evidence_changed_unknown_or_conflicting|supplier_adjusted_monthly_fee_held_flat|supplier_adjusted_tail_shifted_on_forward_curve
2026-07-24,ppwyv2-lammaisten-energia-oy-toimitusvelvollinen-kausisahko,5000,changed,open_ended,open_ended,692.8917,1003.5024798387097,hold_current_supplier_price,supplier_adjusted_forward_curve_shift,,exact_source_legacy_null_observation_binding|forward_month_from_quarter_contract|historical_exact_contract_only|historical_household_statistics_scope_assumed|price_episode_left_censored|price_episode_observed_proxy|prior_energy_evidence_changed_unknown_or_conflicting|supplier_adjusted_monthly_fee_held_flat|supplier_adjusted_tail_shifted_on_forward_curve
2026-07-24,ppwyv2-lammaisten-energia-oy-toimitusvelvollinen-kausisahko,18000,changed,open_ended,open_ended,2352.45,3470.6489274193545,hold_current_supplier_price,supplier_adjusted_forward_curve_shift,,exact_source_legacy_null_observation_binding|forward_month_from_quarter_contract|historical_exact_contract_only|historical_household_statistics_scope_assumed|price_episode_left_censored|price_episode_observed_proxy|prior_energy_evidence_changed_unknown_or_conflicting|supplier_adjusted_monthly_fee_held_flat|supplier_adjusted_tail_shifted_on_forward_curve
2026-07-24,pszotq-nurmijarven-sahko-oy-kausisahko,2000,changed,open_ended,open_ended,452.5417,342.53967469758055,hold_current_supplier_price,supplier_adjusted_forward_premium,,calendar_gap_within_observed_price_episode|exact_source_legacy_null_observation_binding|historical_exact_contract_only|historical_household_statistics_scope_assumed|lower_confidence_energy_episode_proxy|missing_own_reference_using_comparable_premium|price_episode_left_censored|price_episode_observed_proxy|price_episode_uses_dedicated_historical_interpretation|price_episode_uses_retrospective_exact_source_interpretation|retrospective_exact_source_interpretation|supplier_adjusted_monthly_fee_held_flat|supplier_adjusted_tail_uses_comparable_forward_premium
2026-07-24,pszotq-nurmijarven-sahko-oy-kausisahko,5000,changed,open_ended,open_ended,1059.3542,784.3491867439516,hold_current_supplier_price,supplier_adjusted_forward_premium,,calendar_gap_within_observed_price_episode|exact_source_legacy_null_observation_binding|historical_exact_contract_only|historical_household_statistics_scope_assumed|lower_confidence_energy_episode_proxy|missing_own_reference_using_comparable_premium|price_episode_left_censored|price_episode_observed_proxy|price_episode_uses_dedicated_historical_interpretation|price_episode_uses_retrospective_exact_source_interpretation|retrospective_exact_source_interpretation|supplier_adjusted_monthly_fee_held_flat|supplier_adjusted_tail_uses_comparable_forward_premium
2026-07-24,pszotq-nurmijarven-sahko-oy-kausisahko,18000,changed,open_ended,open_ended,3688.875,2698.857072278225,hold_current_supplier_price,supplier_adjusted_forward_premium,,calendar_gap_within_observed_price_episode|exact_source_legacy_null_observation_binding|historical_exact_contract_only|historical_household_statistics_scope_assumed|lower_confidence_energy_episode_proxy|missing_own_reference_using_comparable_premium|price_episode_left_censored|price_episode_observed_proxy|price_episode_uses_dedicated_historical_interpretation|price_episode_uses_retrospective_exact_source_interpretation|retrospective_exact_source_interpretation|supplier_adjusted_monthly_fee_held_flat|supplier_adjusted_tail_uses_comparable_forward_premium
2026-07-24,pyhgkn-vaasan-sahko-myynti-oy-kuukausipaketti-xs,2000,changed,open_ended,open_ended,458,308.6,none,none,,canonical_interpretation_rejected_by_exact_target_validation|exact_source_legacy_null_observation_binding|historical_household_statistics_scope_assumed|retrospective_exact_source_interpretation
2026-07-24,pyhgkn-vaasan-sahko-myynti-oy-kuukausipaketti-xs,5000,changed,open_ended,open_ended,956,806.5999999999999,none,none,,canonical_interpretation_rejected_by_exact_target_validation|exact_source_legacy_null_observation_binding|historical_household_statistics_scope_assumed|retrospective_exact_source_interpretation
2026-07-24,pyhgkn-vaasan-sahko-myynti-oy-kuukausipaketti-xs,18000,changed,open_ended,open_ended,3114,2964.6,none,none,,canonical_interpretation_rejected_by_exact_target_validation|exact_source_legacy_null_observation_binding|historical_household_statistics_scope_assumed|retrospective_exact_source_interpretation
2026-07-24,qftxhb-oomi-oy-toimitusvelvollinen-sahko,2000,changed,open_ended,open_ended,377.52,337.38571693548386,hold_current_supplier_price,supplier_adjusted_forward_premium,,calendar_gap_within_observed_price_episode|exact_source_legacy_null_observation_binding|historical_exact_contract_only|historical_household_statistics_scope_assumed|lower_confidence_energy_episode_proxy|missing_own_reference_using_comparable_premium|price_episode_left_censored|price_episode_observed_proxy|price_episode_uses_dedicated_historical_interpretation|price_episode_uses_retrospective_exact_source_interpretation|retrospective_exact_source_interpretation|supplier_adjusted_monthly_fee_held_flat|supplier_adjusted_tail_uses_comparable_forward_premium
2026-07-24,qftxhb-oomi-oy-toimitusvelvollinen-sahko,5000,changed,open_ended,open_ended,854.52,754.1842923387098,hold_current_supplier_price,supplier_adjusted_forward_premium,,calendar_gap_within_observed_price_episode|exact_source_legacy_null_observation_binding|historical_exact_contract_only|historical_household_statistics_scope_assumed|lower_confidence_energy_episode_proxy|missing_own_reference_using_comparable_premium|price_episode_left_censored|price_episode_observed_proxy|price_episode_uses_dedicated_historical_interpretation|price_episode_uses_retrospective_exact_source_interpretation|retrospective_exact_source_interpretation|supplier_adjusted_monthly_fee_held_flat|supplier_adjusted_tail_uses_comparable_forward_premium
2026-07-24,qftxhb-oomi-oy-toimitusvelvollinen-sahko,18000,changed,open_ended,open_ended,2921.52,2560.3114524193543,hold_current_supplier_price,supplier_adjusted_forward_premium,,calendar_gap_within_observed_price_episode|exact_source_legacy_null_observation_binding|historical_exact_contract_only|historical_household_statistics_scope_assumed|lower_confidence_energy_episode_proxy|missing_own_reference_using_comparable_premium|price_episode_left_censored|price_episode_observed_proxy|price_episode_uses_dedicated_historical_interpretation|price_episode_uses_retrospective_exact_source_interpretation|retrospective_exact_source_interpretation|supplier_adjusted_monthly_fee_held_flat|supplier_adjusted_tail_uses_comparable_forward_premium
2026-07-24,qgpgvd-herrfors-oy-ab-vakaa,2000,changed,open_ended,open_ended,223.4,318.85975322580646,hold_current_supplier_price,supplier_adjusted_forward_curve_shift,,exact_source_legacy_null_observation_binding|forward_month_from_quarter_contract|historical_exact_contract_only|historical_household_statistics_scope_assumed|price_episode_left_censored|price_episode_observed_proxy|price_episode_uses_dedicated_historical_interpretation|price_episode_uses_retrospective_exact_source_interpretation|retrospective_exact_source_interpretation|supplier_adjusted_monthly_fee_held_flat|supplier_adjusted_tail_shifted_on_forward_curve
2026-07-24,qgpgvd-herrfors-oy-ab-vakaa,5000,changed,open_ended,open_ended,485.6,724.2493830645161,hold_current_supplier_price,supplier_adjusted_forward_curve_shift,,exact_source_legacy_null_observation_binding|forward_month_from_quarter_contract|historical_exact_contract_only|historical_household_statistics_scope_assumed|price_episode_left_censored|price_episode_observed_proxy|price_episode_uses_dedicated_historical_interpretation|price_episode_uses_retrospective_exact_source_interpretation|retrospective_exact_source_interpretation|supplier_adjusted_monthly_fee_held_flat|supplier_adjusted_tail_shifted_on_forward_curve
2026-07-24,qgpgvd-herrfors-oy-ab-vakaa,18000,changed,open_ended,open_ended,1621.8,2480.9377790322583,hold_current_supplier_price,supplier_adjusted_forward_curve_shift,,exact_source_legacy_null_observation_binding|forward_month_from_quarter_contract|historical_exact_contract_only|historical_household_statistics_scope_assumed|price_episode_left_censored|price_episode_observed_proxy|price_episode_uses_dedicated_historical_interpretation|price_episode_uses_retrospective_exact_source_interpretation|retrospective_exact_source_interpretation|supplier_adjusted_monthly_fee_held_flat|supplier_adjusted_tail_shifted_on_forward_curve
2026-07-24,quvnfq-fortum-markets-oy-fortum-kesto-aikasahko,2000,changed,open_ended,open_ended,278.86,401.6061521505376,hold_current_supplier_price,supplier_adjusted_forward_curve_shift,,exact_source_legacy_null_observation_binding|forward_month_from_quarter_contract|historical_exact_contract_only|historical_household_statistics_scope_assumed|price_episode_left_censored|price_episode_observed_proxy|price_episode_uses_retrospective_exact_source_interpretation|prior_energy_evidence_changed_unknown_or_conflicting|retrospective_exact_source_interpretation|supplier_adjusted_monthly_fee_held_flat|supplier_adjusted_tail_shifted_on_forward_curve
2026-07-24,quvnfq-fortum-markets-oy-fortum-kesto-aikasahko,5000,changed,open_ended,open_ended,607.87,914.7353803763441,hold_current_supplier_price,supplier_adjusted_forward_curve_shift,,exact_source_legacy_null_observation_binding|forward_month_from_quarter_contract|historical_exact_contract_only|historical_household_statistics_scope_assumed|price_episode_left_censored|price_episode_observed_proxy|price_episode_uses_retrospective_exact_source_interpretation|prior_energy_evidence_changed_unknown_or_conflicting|retrospective_exact_source_interpretation|supplier_adjusted_monthly_fee_held_flat|supplier_adjusted_tail_shifted_on_forward_curve
2026-07-24,quvnfq-fortum-markets-oy-fortum-kesto-aikasahko,18000,changed,open_ended,open_ended,2033.58,3138.295369354839,hold_current_supplier_price,supplier_adjusted_forward_curve_shift,,exact_source_legacy_null_observation_binding|forward_month_from_quarter_contract|historical_exact_contract_only|historical_household_statistics_scope_assumed|price_episode_left_censored|price_episode_observed_proxy|price_episode_uses_retrospective_exact_source_interpretation|prior_energy_evidence_changed_unknown_or_conflicting|retrospective_exact_source_interpretation|supplier_adjusted_monthly_fee_held_flat|supplier_adjusted_tail_shifted_on_forward_curve
2026-07-24,qvnrc1-aanekosken-energia-oy-yleissahko,2000,changed,open_ended,open_ended,273.4,311.54528682795694,hold_current_supplier_price,supplier_adjusted_forward_premium,,calendar_gap_within_observed_price_episode|exact_source_legacy_null_observation_binding|historical_exact_contract_only|historical_household_statistics_scope_assumed|lower_confidence_energy_episode_proxy|missing_own_reference_using_comparable_premium|price_episode_left_censored|price_episode_observed_proxy|price_episode_uses_dedicated_historical_interpretation|price_episode_uses_retrospective_exact_source_interpretation|retrospective_exact_source_interpretation|supplier_adjusted_monthly_fee_held_flat|supplier_adjusted_tail_uses_comparable_forward_premium
2026-07-24,qvnrc1-aanekosken-energia-oy-yleissahko,5000,changed,open_ended,open_ended,630.4,725.7632170698923,hold_current_supplier_price,supplier_adjusted_forward_premium,,calendar_gap_within_observed_price_episode|exact_source_legacy_null_observation_binding|historical_exact_contract_only|historical_household_statistics_scope_assumed|lower_confidence_energy_episode_proxy|missing_own_reference_using_comparable_premium|price_episode_left_censored|price_episode_observed_proxy|price_episode_uses_dedicated_historical_interpretation|price_episode_uses_retrospective_exact_source_interpretation|retrospective_exact_source_interpretation|supplier_adjusted_monthly_fee_held_flat|supplier_adjusted_tail_uses_comparable_forward_premium
2026-07-24,qvnrc1-aanekosken-energia-oy-yleissahko,18000,changed,open_ended,open_ended,2177.4,2520.7075814516124,hold_current_supplier_price,supplier_adjusted_forward_premium,,calendar_gap_within_observed_price_episode|exact_source_legacy_null_observation_binding|historical_exact_contract_only|historical_household_statistics_scope_assumed|lower_confidence_energy_episode_proxy|missing_own_reference_using_comparable_premium|price_episode_left_censored|price_episode_observed_proxy|price_episode_uses_dedicated_historical_interpretation|price_episode_uses_retrospective_exact_source_interpretation|retrospective_exact_source_interpretation|supplier_adjusted_monthly_fee_held_flat|supplier_adjusted_tail_uses_comparable_forward_premium
2026-07-24,rwzpqh-vattenfall-oy-helppo-porssisahko,2000,changed,spot,spot,305.0348,306.3735446703454,forward_curve_spot,forward_curve_spot,,exact_source_legacy_null_observation_binding|forward_month_from_quarter_contract|historical_household_statistics_scope_assumed|partial_shape_coverage|retrospective_exact_source_interpretation|spot_forward_curve_with_rolling_365_intraday_shape
2026-07-24,v7juwr-aanekosken-energia-oy-kausisahko,2000,changed,open_ended,open_ended,273.1917,336.3848359879033,hold_current_supplier_price,supplier_adjusted_forward_premium,,calendar_gap_within_observed_price_episode|exact_source_legacy_null_observation_binding|historical_exact_contract_only|historical_household_statistics_scope_assumed|lower_confidence_energy_episode_proxy|missing_own_reference_using_comparable_premium|price_episode_left_censored|price_episode_observed_proxy|price_episode_uses_dedicated_historical_interpretation|price_episode_uses_retrospective_exact_source_interpretation|retrospective_exact_source_interpretation|supplier_adjusted_monthly_fee_held_flat|supplier_adjusted_tail_uses_comparable_forward_premium
2026-07-24,v7juwr-aanekosken-energia-oy-kausisahko,5000,changed,open_ended,open_ended,616.3792,774.3620899697581,hold_current_supplier_price,supplier_adjusted_forward_premium,,calendar_gap_within_observed_price_episode|exact_source_legacy_null_observation_binding|historical_exact_contract_only|historical_household_statistics_scope_assumed|lower_confidence_energy_episode_proxy|missing_own_reference_using_comparable_premium|price_episode_left_censored|price_episode_observed_proxy|price_episode_uses_dedicated_historical_interpretation|price_episode_uses_retrospective_exact_source_interpretation|retrospective_exact_source_interpretation|supplier_adjusted_monthly_fee_held_flat|supplier_adjusted_tail_uses_comparable_forward_premium
2026-07-24,v7juwr-aanekosken-energia-oy-kausisahko,18000,changed,open_ended,open_ended,2103.525,2672.2635238911294,hold_current_supplier_price,supplier_adjusted_forward_premium,,calendar_gap_within_observed_price_episode|exact_source_legacy_null_observation_binding|historical_exact_contract_only|historical_household_statistics_scope_assumed|lower_confidence_energy_episode_proxy|missing_own_reference_using_comparable_premium|price_episode_left_censored|price_episode_observed_proxy|price_episode_uses_dedicated_historical_interpretation|price_episode_uses_retrospective_exact_source_interpretation|retrospective_exact_source_interpretation|supplier_adjusted_monthly_fee_held_flat|supplier_adjusted_tail_uses_comparable_forward_premium
2026-07-24,v7syfz-iin-energia-oy-yleissahko,2000,changed,open_ended,open_ended,271.84,348.14657715053767,hold_current_supplier_price,supplier_adjusted_forward_premium,,exact_source_legacy_null_observation_binding|historical_exact_contract_only|historical_household_statistics_scope_assumed|lower_confidence_energy_episode_proxy|missing_own_reference_using_comparable_premium|price_episode_left_censored|price_episode_observed_proxy|price_episode_uses_dedicated_historical_interpretation|price_episode_uses_retrospective_exact_source_interpretation|retrospective_exact_source_interpretation|supplier_adjusted_monthly_fee_held_flat|supplier_adjusted_tail_uses_comparable_forward_premium
2026-07-24,v7syfz-iin-energia-oy-yleissahko,5000,changed,open_ended,open_ended,570.34,761.1064428763441,hold_current_supplier_price,supplier_adjusted_forward_premium,,exact_source_legacy_null_observation_binding|historical_exact_contract_only|historical_household_statistics_scope_assumed|lower_confidence_energy_episode_proxy|missing_own_reference_using_comparable_premium|price_episode_left_censored|price_episode_observed_proxy|price_episode_uses_dedicated_historical_interpretation|price_episode_uses_retrospective_exact_source_interpretation|retrospective_exact_source_interpretation|supplier_adjusted_monthly_fee_held_flat|supplier_adjusted_tail_uses_comparable_forward_premium
2026-07-24,v7syfz-iin-energia-oy-yleissahko,18000,changed,open_ended,open_ended,1863.84,2550.599194354839,hold_current_supplier_price,supplier_adjusted_forward_premium,,exact_source_legacy_null_observation_binding|historical_exact_contract_only|historical_household_statistics_scope_assumed|lower_confidence_energy_episode_proxy|missing_own_reference_using_comparable_premium|price_episode_left_censored|price_episode_observed_proxy|price_episode_uses_dedicated_historical_interpretation|price_episode_uses_retrospective_exact_source_interpretation|retrospective_exact_source_interpretation|supplier_adjusted_monthly_fee_held_flat|supplier_adjusted_tail_uses_comparable_forward_premium
2026-07-24,wsnmgc-nurmijarven-sahko-oy-yleissahko,2000,changed,open_ended,open_ended,440.48,315.60808252688173,hold_current_supplier_price,supplier_adjusted_forward_premium,,calendar_gap_within_observed_price_episode|exact_source_legacy_null_observation_binding|historical_exact_contract_only|historical_household_statistics_scope_assumed|lower_confidence_energy_episode_proxy|missing_own_reference_using_comparable_premium|price_episode_left_censored|price_episode_observed_proxy|price_episode_uses_dedicated_historical_interpretation|price_episode_uses_retrospective_exact_source_interpretation|retrospective_exact_source_interpretation|supplier_adjusted_monthly_fee_held_flat|supplier_adjusted_tail_uses_comparable_forward_premium
2026-07-24,wsnmgc-nurmijarven-sahko-oy-yleissahko,5000,changed,open_ended,open_ended,1047.38,735.2002063172043,hold_current_supplier_price,supplier_adjusted_forward_premium,,calendar_gap_within_observed_price_episode|exact_source_legacy_null_observation_binding|historical_exact_contract_only|historical_household_statistics_scope_assumed|lower_confidence_energy_episode_proxy|missing_own_reference_using_comparable_premium|price_episode_left_censored|price_episode_observed_proxy|price_episode_uses_dedicated_historical_interpretation|price_episode_uses_retrospective_exact_source_interpretation|retrospective_exact_source_interpretation|supplier_adjusted_monthly_fee_held_flat|supplier_adjusted_tail_uses_comparable_forward_premium
2026-07-24,wsnmgc-nurmijarven-sahko-oy-yleissahko,18000,changed,open_ended,open_ended,3677.28,2553.4327427419357,hold_current_supplier_price,supplier_adjusted_forward_premium,,calendar_gap_within_observed_price_episode|exact_source_legacy_null_observation_binding|historical_exact_contract_only|historical_household_statistics_scope_assumed|lower_confidence_energy_episode_proxy|missing_own_reference_using_comparable_premium|price_episode_left_censored|price_episode_observed_proxy|price_episode_uses_dedicated_historical_interpretation|price_episode_uses_retrospective_exact_source_interpretation|retrospective_exact_source_interpretation|supplier_adjusted_monthly_fee_held_flat|supplier_adjusted_tail_uses_comparable_forward_premium
2026-07-24,xlclt2-sahkotytot-oy-porssisahko-tarjous-ilmainen-perusmaksu-ensimmaiset-3kk,2000,changed,spot,spot,214.3235,213.91370925275805,forward_curve_spot,forward_curve_spot,,canonical_interpretation_rejected_by_exact_target_validation|canonical_omitted_no_valid_interpretation_as_of_date|forward_month_from_quarter_contract|historical_temporal_source_validation_unavailable|observed_relational_uniform_monthly_consumption|partial_shape_coverage
2026-07-24,xlclt2-sahkotytot-oy-porssisahko-tarjous-ilmainen-perusmaksu-ensimmaiset-3kk,5000,changed,spot,spot,509.4839,508.4592731318952,forward_curve_spot,forward_curve_spot,,canonical_interpretation_rejected_by_exact_target_validation|canonical_omitted_no_valid_interpretation_as_of_date|forward_month_from_quarter_contract|historical_temporal_source_validation_unavailable|observed_relational_uniform_monthly_consumption|partial_shape_coverage
2026-07-24,xlclt2-sahkotytot-oy-porssisahko-tarjous-ilmainen-perusmaksu-ensimmaiset-3kk,18000,changed,spot,spot,1788.5119,1784.8233832748222,forward_curve_spot,forward_curve_spot,,canonical_interpretation_rejected_by_exact_target_validation|canonical_omitted_no_valid_interpretation_as_of_date|forward_month_from_quarter_contract|historical_temporal_source_validation_unavailable|observed_relational_uniform_monthly_consumption|partial_shape_coverage
2026-07-24,xx5uxn-oomi-oy-toimitusvelvollinen-sahko,2000,changed,open_ended,open_ended,377.4783,353.48333061155915,hold_current_supplier_price,supplier_adjusted_forward_premium,,calendar_gap_within_observed_price_episode|exact_source_legacy_null_observation_binding|historical_exact_contract_only|historical_household_statistics_scope_assumed|lower_confidence_energy_episode_proxy|missing_own_reference_using_comparable_premium|price_episode_left_censored|price_episode_observed_proxy|price_episode_uses_dedicated_historical_interpretation|price_episode_uses_retrospective_exact_source_interpretation|retrospective_exact_source_interpretation|supplier_adjusted_monthly_fee_held_flat|supplier_adjusted_tail_uses_comparable_forward_premium
2026-07-24,xx5uxn-oomi-oy-toimitusvelvollinen-sahko,5000,changed,open_ended,open_ended,854.4158,794.428326528898,hold_current_supplier_price,supplier_adjusted_forward_premium,,calendar_gap_within_observed_price_episode|exact_source_legacy_null_observation_binding|historical_exact_contract_only|historical_household_statistics_scope_assumed|lower_confidence_energy_episode_proxy|missing_own_reference_using_comparable_premium|price_episode_left_censored|price_episode_observed_proxy|price_episode_uses_dedicated_historical_interpretation|price_episode_uses_retrospective_exact_source_interpretation|retrospective_exact_source_interpretation|supplier_adjusted_monthly_fee_held_flat|supplier_adjusted_tail_uses_comparable_forward_premium
2026-07-24,xx5uxn-oomi-oy-toimitusvelvollinen-sahko,18000,changed,open_ended,open_ended,2921.145,2705.1899755040317,hold_current_supplier_price,supplier_adjusted_forward_premium,,calendar_gap_within_observed_price_episode|exact_source_legacy_null_observation_binding|historical_exact_contract_only|historical_household_statistics_scope_assumed|lower_confidence_energy_episode_proxy|missing_own_reference_using_comparable_premium|price_episode_left_censored|price_episode_observed_proxy|price_episode_uses_dedicated_historical_interpretation|price_episode_uses_retrospective_exact_source_interpretation|retrospective_exact_source_interpretation|supplier_adjusted_monthly_fee_held_flat|supplier_adjusted_tail_uses_comparable_forward_premium
2026-07-24,y32lx5-seinajoen-energia-oy-se-oikea-aikasahko,2000,changed,open_ended,open_ended,217.97,277.79288118279567,hold_current_supplier_price,supplier_adjusted_forward_curve_shift,,exact_source_legacy_null_observation_binding|forward_month_from_quarter_contract|historical_exact_contract_only|historical_household_statistics_scope_assumed|price_episode_left_censored|price_episode_observed_proxy|price_episode_uses_dedicated_historical_interpretation|price_episode_uses_retrospective_exact_source_interpretation|retrospective_exact_source_interpretation|supplier_adjusted_monthly_fee_held_flat|supplier_adjusted_tail_shifted_on_forward_curve
2026-07-24,y32lx5-seinajoen-energia-oy-se-oikea-aikasahko,5000,changed,open_ended,open_ended,453.845,603.4022029569892,hold_current_supplier_price,supplier_adjusted_forward_curve_shift,,exact_source_legacy_null_observation_binding|forward_month_from_quarter_contract|historical_exact_contract_only|historical_household_statistics_scope_assumed|price_episode_left_censored|price_episode_observed_proxy|price_episode_uses_dedicated_historical_interpretation|price_episode_uses_retrospective_exact_source_interpretation|retrospective_exact_source_interpretation|supplier_adjusted_monthly_fee_held_flat|supplier_adjusted_tail_shifted_on_forward_curve
2026-07-24,y32lx5-seinajoen-energia-oy-se-oikea-aikasahko,18000,changed,open_ended,open_ended,1475.97,2014.3759306451611,hold_current_supplier_price,supplier_adjusted_forward_curve_shift,,exact_source_legacy_null_observation_binding|forward_month_from_quarter_contract|historical_exact_contract_only|historical_household_statistics_scope_assumed|price_episode_left_censored|price_episode_observed_proxy|price_episode_uses_dedicated_historical_interpretation|price_episode_uses_retrospective_exact_source_interpretation|retrospective_exact_source_interpretation|supplier_adjusted_monthly_fee_held_flat|supplier_adjusted_tail_shifted_on_forward_curve
2026-07-24,yd7lgu-alajarven-sahko-oy-aikasahko,2000,changed,open_ended,open_ended,245.7,338.6093387903225,hold_current_supplier_price,supplier_adjusted_forward_premium,,exact_source_legacy_null_observation_binding|historical_exact_contract_only|historical_household_statistics_scope_assumed|lower_confidence_energy_episode_proxy|missing_own_reference_using_comparable_premium|price_episode_left_censored|price_episode_observed_proxy|price_episode_uses_dedicated_historical_interpretation|price_episode_uses_retrospective_exact_source_interpretation|retrospective_exact_source_interpretation|supplier_adjusted_monthly_fee_held_flat|supplier_adjusted_tail_uses_comparable_forward_premium
2026-07-24,yd7lgu-alajarven-sahko-oy-aikasahko,5000,changed,open_ended,open_ended,533.25,765.5233469758065,hold_current_supplier_price,supplier_adjusted_forward_premium,,exact_source_legacy_null_observation_binding|historical_exact_contract_only|historical_household_statistics_scope_assumed|lower_confidence_energy_episode_proxy|missing_own_reference_using_comparable_premium|price_episode_left_censored|price_episode_observed_proxy|price_episode_uses_dedicated_historical_interpretation|price_episode_uses_retrospective_exact_source_interpretation|retrospective_exact_source_interpretation|supplier_adjusted_monthly_fee_held_flat|supplier_adjusted_tail_uses_comparable_forward_premium
2026-07-24,yd7lgu-alajarven-sahko-oy-aikasahko,18000,changed,open_ended,open_ended,1779.3,2615.4840491129034,hold_current_supplier_price,supplier_adjusted_forward_premium,,exact_source_legacy_null_observation_binding|historical_exact_contract_only|historical_household_statistics_scope_assumed|lower_confidence_energy_episode_proxy|missing_own_reference_using_comparable_premium|price_episode_left_censored|price_episode_observed_proxy|price_episode_uses_dedicated_historical_interpretation|price_episode_uses_retrospective_exact_source_interpretation|retrospective_exact_source_interpretation|supplier_adjusted_monthly_fee_held_flat|supplier_adjusted_tail_uses_comparable_forward_premium
2026-07-24,ydi2at-alajarven-sahko-oy-yleissahko,2000,changed,open_ended,open_ended,244,329.11302876344087,hold_current_supplier_price,supplier_adjusted_forward_premium,,exact_source_legacy_null_observation_binding|historical_exact_contract_only|historical_household_statistics_scope_assumed|lower_confidence_energy_episode_proxy|missing_own_reference_using_comparable_premium|price_episode_left_censored|price_episode_observed_proxy|price_episode_uses_dedicated_historical_interpretation|price_episode_uses_retrospective_exact_source_interpretation|retrospective_exact_source_interpretation|supplier_adjusted_monthly_fee_held_flat|supplier_adjusted_tail_uses_comparable_forward_premium
2026-07-24,ydi2at-alajarven-sahko-oy-yleissahko,5000,changed,open_ended,open_ended,529,741.7825719086021,hold_current_supplier_price,supplier_adjusted_forward_premium,,exact_source_legacy_null_observation_binding|historical_exact_contract_only|historical_household_statistics_scope_assumed|lower_confidence_energy_episode_proxy|missing_own_reference_using_comparable_premium|price_episode_left_censored|price_episode_observed_proxy|price_episode_uses_dedicated_historical_interpretation|price_episode_uses_retrospective_exact_source_interpretation|retrospective_exact_source_interpretation|supplier_adjusted_monthly_fee_held_flat|supplier_adjusted_tail_uses_comparable_forward_premium
2026-07-24,ydi2at-alajarven-sahko-oy-yleissahko,18000,changed,open_ended,open_ended,1764,2530.0172588709675,hold_current_supplier_price,supplier_adjusted_forward_premium,,exact_source_legacy_null_observation_binding|historical_exact_contract_only|historical_household_statistics_scope_assumed|lower_confidence_energy_episode_proxy|missing_own_reference_using_comparable_premium|price_episode_left_censored|price_episode_observed_proxy|price_episode_uses_dedicated_historical_interpretation|price_episode_uses_retrospective_exact_source_interpretation|retrospective_exact_source_interpretation|supplier_adjusted_monthly_fee_held_flat|supplier_adjusted_tail_uses_comparable_forward_premium
2026-07-24,ymqe7v-helen-oy-perussahko,2000,changed,open_ended,open_ended,342.88,348.73496424731184,hold_current_supplier_price,supplier_adjusted_forward_premium,,calendar_gap_within_observed_price_episode|exact_source_legacy_null_observation_binding|historical_exact_contract_only|historical_household_statistics_scope_assumed|lower_confidence_energy_episode_proxy|missing_own_reference_using_comparable_premium|price_episode_left_censored|price_episode_observed_proxy|price_episode_uses_dedicated_historical_interpretation|price_episode_uses_retrospective_exact_source_interpretation|retrospective_exact_source_interpretation|supplier_adjusted_monthly_fee_held_flat|supplier_adjusted_tail_uses_comparable_forward_premium
2026-07-24,ymqe7v-helen-oy-perussahko,5000,changed,open_ended,open_ended,749.38,764.0174106182797,hold_current_supplier_price,supplier_adjusted_forward_premium,,calendar_gap_within_observed_price_episode|exact_source_legacy_null_observation_binding|historical_exact_contract_only|historical_household_statistics_scope_assumed|lower_confidence_energy_episode_proxy|missing_own_reference_using_comparable_premium|price_episode_left_censored|price_episode_observed_proxy|price_episode_uses_dedicated_historical_interpretation|price_episode_uses_retrospective_exact_source_interpretation|retrospective_exact_source_interpretation|supplier_adjusted_monthly_fee_held_flat|supplier_adjusted_tail_uses_comparable_forward_premium
2026-07-24,ymqe7v-helen-oy-perussahko,18000,changed,open_ended,open_ended,2510.88,2563.5746782258066,hold_current_supplier_price,supplier_adjusted_forward_premium,,calendar_gap_within_observed_price_episode|exact_source_legacy_null_observation_binding|historical_exact_contract_only|historical_household_statistics_scope_assumed|lower_confidence_energy_episode_proxy|missing_own_reference_using_comparable_premium|price_episode_left_censored|price_episode_observed_proxy|price_episode_uses_dedicated_historical_interpretation|price_episode_uses_retrospective_exact_source_interpretation|retrospective_exact_source_interpretation|supplier_adjusted_monthly_fee_held_flat|supplier_adjusted_tail_uses_comparable_forward_premium
2026-07-24,yobmdq-lammaisten-energia-oy-wiksu-markkinasahko,2000,changed,spot,spot,254.7735,263.43477712095273,forward_curve_spot,forward_curve_spot,,exact_source_legacy_null_observation_binding|forward_month_from_quarter_contract|historical_household_statistics_scope_assumed|partial_shape_coverage|retrospective_exact_source_interpretation|spot_forward_curve_with_rolling_365_intraday_shape|unknown_periods_use_latest_applicable_price_or_disclosed_normal
2026-07-24,yobmdq-lammaisten-energia-oy-wiksu-markkinasahko,5000,changed,spot,spot,555.0339,576.6869428023819,forward_curve_spot,forward_curve_spot,,exact_source_legacy_null_observation_binding|forward_month_from_quarter_contract|historical_household_statistics_scope_assumed|partial_shape_coverage|retrospective_exact_source_interpretation|spot_forward_curve_with_rolling_365_intraday_shape|unknown_periods_use_latest_applicable_price_or_disclosed_normal
2026-07-24,yobmdq-lammaisten-energia-oy-wiksu-markkinasahko,18000,changed,spot,spot,1856.1619,1934.1129940885746,forward_curve_spot,forward_curve_spot,,exact_source_legacy_null_observation_binding|forward_month_from_quarter_contract|historical_household_statistics_scope_assumed|partial_shape_coverage|retrospective_exact_source_interpretation|spot_forward_curve_with_rolling_365_intraday_shape|unknown_periods_use_latest_applicable_price_or_disclosed_normal
2026-07-24,zqskv0-vaasan-sahko-myynti-oy-kuukausipaketti-l,2000,changed,open_ended,open_ended,920,588,none,none,,canonical_interpretation_rejected_by_exact_target_validation|exact_source_legacy_null_observation_binding|historical_household_statistics_scope_assumed|retrospective_exact_source_interpretation
2026-07-24,zqskv0-vaasan-sahko-myynti-oy-kuukausipaketti-l,5000,changed,open_ended,open_ended,1418,720.8,none,none,,canonical_interpretation_rejected_by_exact_target_validation|exact_source_legacy_null_observation_binding|historical_household_statistics_scope_assumed|retrospective_exact_source_interpretation
2026-07-24,zqskv0-vaasan-sahko-myynti-oy-kuukausipaketti-l,18000,changed,open_ended,open_ended,3576,2878.7999999999997,none,none,,canonical_interpretation_rejected_by_exact_target_validation|exact_source_legacy_null_observation_binding|historical_household_statistics_scope_assumed|retrospective_exact_source_interpretation
2026-07-24,zsxqiy-oomi-oy-toimitusvelvollinen-sahko,2000,changed,open_ended,open_ended,407.32,347.48632803763445,hold_current_supplier_price,supplier_adjusted_forward_premium,,calendar_gap_within_observed_price_episode|exact_source_legacy_null_observation_binding|historical_exact_contract_only|historical_household_statistics_scope_assumed|lower_confidence_energy_episode_proxy|missing_own_reference_using_comparable_premium|price_episode_left_censored|price_episode_observed_proxy|price_episode_uses_dedicated_historical_interpretation|price_episode_uses_retrospective_exact_source_interpretation|retrospective_exact_source_interpretation|supplier_adjusted_monthly_fee_held_flat|supplier_adjusted_tail_uses_comparable_forward_premium
2026-07-24,zsxqiy-oomi-oy-toimitusvelvollinen-sahko,5000,changed,open_ended,open_ended,929.02,779.435820094086,hold_current_supplier_price,supplier_adjusted_forward_premium,,calendar_gap_within_observed_price_episode|exact_source_legacy_null_observation_binding|historical_exact_contract_only|historical_household_statistics_scope_assumed|lower_confidence_energy_episode_proxy|missing_own_reference_using_comparable_premium|price_episode_left_censored|price_episode_observed_proxy|price_episode_uses_dedicated_historical_interpretation|price_episode_uses_retrospective_exact_source_interpretation|retrospective_exact_source_interpretation|supplier_adjusted_monthly_fee_held_flat|supplier_adjusted_tail_uses_comparable_forward_premium
2026-07-24,zsxqiy-oomi-oy-toimitusvelvollinen-sahko,18000,changed,open_ended,open_ended,3189.72,2651.2169523387092,hold_current_supplier_price,supplier_adjusted_forward_premium,,calendar_gap_within_observed_price_episode|exact_source_legacy_null_observation_binding|historical_exact_contract_only|historical_household_statistics_scope_assumed|lower_confidence_energy_episode_proxy|missing_own_reference_using_comparable_premium|price_episode_left_censored|price_episode_observed_proxy|price_episode_uses_dedicated_historical_interpretation|price_episode_uses_retrospective_exact_source_interpretation|retrospective_exact_source_interpretation|supplier_adjusted_monthly_fee_held_flat|supplier_adjusted_tail_uses_comparable_forward_premium
2026-09-11,2wzfba-oomi-oy-oomi-vakaa,2000,changed,open_ended,open_ended,337.52,374.5083694444444,hold_current_supplier_price,supplier_adjusted_forward_premium,,canonical_interpretation_rejected_by_exact_target_validation|exact_source_legacy_null_observation_binding|historical_exact_contract_only|historical_household_statistics_scope_assumed|historical_temporal_source_validation_unavailable|lower_confidence_energy_episode_proxy|missing_own_reference_using_comparable_premium|price_episode_left_censored|price_episode_observed_proxy|price_episode_uses_dedicated_historical_interpretation|price_episode_uses_retrospective_exact_source_interpretation|supplier_adjusted_monthly_fee_held_flat|supplier_adjusted_tail_uses_comparable_forward_premium
2026-09-11,2wzfba-oomi-oy-oomi-vakaa,5000,changed,open_ended,open_ended,754.52,846.990923611111,hold_current_supplier_price,supplier_adjusted_forward_premium,,canonical_interpretation_rejected_by_exact_target_validation|exact_source_legacy_null_observation_binding|historical_exact_contract_only|historical_household_statistics_scope_assumed|historical_temporal_source_validation_unavailable|lower_confidence_energy_episode_proxy|missing_own_reference_using_comparable_premium|price_episode_left_censored|price_episode_observed_proxy|price_episode_uses_dedicated_historical_interpretation|price_episode_uses_retrospective_exact_source_interpretation|supplier_adjusted_monthly_fee_held_flat|supplier_adjusted_tail_uses_comparable_forward_premium
2026-09-11,2wzfba-oomi-oy-oomi-vakaa,18000,changed,open_ended,open_ended,2561.52,2894.415325,hold_current_supplier_price,supplier_adjusted_forward_premium,,canonical_interpretation_rejected_by_exact_target_validation|exact_source_legacy_null_observation_binding|historical_exact_contract_only|historical_household_statistics_scope_assumed|historical_temporal_source_validation_unavailable|lower_confidence_energy_episode_proxy|missing_own_reference_using_comparable_premium|price_episode_left_censored|price_episode_observed_proxy|price_episode_uses_dedicated_historical_interpretation|price_episode_uses_retrospective_exact_source_interpretation|supplier_adjusted_monthly_fee_held_flat|supplier_adjusted_tail_uses_comparable_forward_premium
2026-09-11,4rzdsm-lammaisten-energia-oy-toimitusvelvollinen-yleissahko,2000,changed,open_ended,open_ended,336.6,475.5319861111111,hold_current_supplier_price,supplier_adjusted_forward_curve_shift,,exact_source_legacy_null_observation_binding|forward_month_from_quarter_contract|historical_exact_contract_only|historical_household_statistics_scope_assumed|price_episode_left_censored|price_episode_observed_proxy|prior_energy_evidence_changed_unknown_or_conflicting|supplier_adjusted_monthly_fee_held_flat|supplier_adjusted_tail_shifted_on_forward_curve
2026-09-11,4rzdsm-lammaisten-energia-oy-toimitusvelvollinen-yleissahko,5000,changed,open_ended,open_ended,759.6,1106.9299652777777,hold_current_supplier_price,supplier_adjusted_forward_curve_shift,,exact_source_legacy_null_observation_binding|forward_month_from_quarter_contract|historical_exact_contract_only|historical_household_statistics_scope_assumed|price_episode_left_censored|price_episode_observed_proxy|prior_energy_evidence_changed_unknown_or_conflicting|supplier_adjusted_monthly_fee_held_flat|supplier_adjusted_tail_shifted_on_forward_curve
2026-09-11,4rzdsm-lammaisten-energia-oy-toimitusvelvollinen-yleissahko,18000,changed,open_ended,open_ended,2592.6,3842.9878750000003,hold_current_supplier_price,supplier_adjusted_forward_curve_shift,,exact_source_legacy_null_observation_binding|forward_month_from_quarter_contract|historical_exact_contract_only|historical_household_statistics_scope_assumed|price_episode_left_censored|price_episode_observed_proxy|prior_energy_evidence_changed_unknown_or_conflicting|supplier_adjusted_monthly_fee_held_flat|supplier_adjusted_tail_shifted_on_forward_curve
2026-09-11,68g91h-keuruun-sahko-oy-yosahko,2000,changed,open_ended,open_ended,286.89,405.02396416666653,hold_current_supplier_price,supplier_adjusted_forward_premium,,calendar_gap_within_observed_price_episode|canonical_interpretation_rejected_by_exact_target_validation|exact_source_legacy_null_observation_binding|historical_exact_contract_only|historical_household_statistics_scope_assumed|lower_confidence_energy_episode_proxy|missing_own_reference_using_comparable_premium|price_episode_left_censored|price_episode_observed_proxy|price_episode_uses_dedicated_historical_interpretation|price_episode_uses_retrospective_exact_source_interpretation|supplier_adjusted_monthly_fee_held_flat|supplier_adjusted_tail_uses_comparable_forward_premium
2026-09-11,68g91h-keuruun-sahko-oy-yosahko,5000,changed,open_ended,open_ended,635.325,930.6599104166667,hold_current_supplier_price,supplier_adjusted_forward_premium,,calendar_gap_within_observed_price_episode|canonical_interpretation_rejected_by_exact_target_validation|exact_source_legacy_null_observation_binding|historical_exact_contract_only|historical_household_statistics_scope_assumed|lower_confidence_energy_episode_proxy|missing_own_reference_using_comparable_premium|price_episode_left_censored|price_episode_observed_proxy|price_episode_uses_dedicated_historical_interpretation|price_episode_uses_retrospective_exact_source_interpretation|supplier_adjusted_monthly_fee_held_flat|supplier_adjusted_tail_uses_comparable_forward_premium
2026-09-11,68g91h-keuruun-sahko-oy-yosahko,18000,changed,open_ended,open_ended,2145.21,3208.4156775000006,hold_current_supplier_price,supplier_adjusted_forward_premium,,calendar_gap_within_observed_price_episode|canonical_interpretation_rejected_by_exact_target_validation|exact_source_legacy_null_observation_binding|historical_exact_contract_only|historical_household_statistics_scope_assumed|lower_confidence_energy_episode_proxy|missing_own_reference_using_comparable_premium|price_episode_left_censored|price_episode_observed_proxy|price_episode_uses_dedicated_historical_interpretation|price_episode_uses_retrospective_exact_source_interpretation|supplier_adjusted_monthly_fee_held_flat|supplier_adjusted_tail_uses_comparable_forward_premium
2026-09-11,akhbwv-parikkalan-valo-oy-q-valo,2000,changed,open_ended,open_ended,206.4,317.54907499999996,hold_current_supplier_price,supplier_adjusted_forward_curve_shift,,exact_source_legacy_null_observation_binding|forward_month_from_quarter_contract|historical_exact_contract_only|historical_household_statistics_scope_assumed|price_episode_left_censored|price_episode_observed_proxy|price_episode_uses_dedicated_historical_interpretation|price_episode_uses_retrospective_exact_source_interpretation|supplier_adjusted_monthly_fee_held_flat|supplier_adjusted_tail_shifted_on_forward_curve
2026-09-11,akhbwv-parikkalan-valo-oy-q-valo,5000,changed,open_ended,open_ended,432.3,710.1726874999999,hold_current_supplier_price,supplier_adjusted_forward_curve_shift,,exact_source_legacy_null_observation_binding|forward_month_from_quarter_contract|historical_exact_contract_only|historical_household_statistics_scope_assumed|price_episode_left_censored|price_episode_observed_proxy|price_episode_uses_dedicated_historical_interpretation|price_episode_uses_retrospective_exact_source_interpretation|supplier_adjusted_monthly_fee_held_flat|supplier_adjusted_tail_shifted_on_forward_curve
2026-09-11,akhbwv-parikkalan-valo-oy-q-valo,18000,changed,open_ended,open_ended,1411.2,2411.5416749999995,hold_current_supplier_price,supplier_adjusted_forward_curve_shift,,exact_source_legacy_null_observation_binding|forward_month_from_quarter_contract|historical_exact_contract_only|historical_household_statistics_scope_assumed|price_episode_left_censored|price_episode_observed_proxy|price_episode_uses_dedicated_historical_interpretation|price_episode_uses_retrospective_exact_source_interpretation|supplier_adjusted_monthly_fee_held_flat|supplier_adjusted_tail_shifted_on_forward_curve
2026-09-11,bcbofi-kokkolan-energia-oy-ranta-18-kk,2000,changed,fixed_term_13_23,fixed_term_13_23,295.28,295.2799999999999,none,none,,canonical_interpretation_rejected_by_exact_target_validation|canonical_omitted_no_valid_interpretation_as_of_date|historical_temporal_source_validation_unavailable|observed_relational_uniform_monthly_consumption
2026-09-11,bcbofi-kokkolan-energia-oy-ranta-18-kk,5000,changed,fixed_term_13_23,fixed_term_13_23,666.38,666.3800000000001,none,none,,canonical_interpretation_rejected_by_exact_target_validation|canonical_omitted_no_valid_interpretation_as_of_date|historical_temporal_source_validation_unavailable|observed_relational_uniform_monthly_consumption
2026-09-11,bcbofi-kokkolan-energia-oy-ranta-18-kk,18000,changed,fixed_term_13_23,fixed_term_13_23,2274.48,2274.48,none,none,,canonical_interpretation_rejected_by_exact_target_validation|canonical_omitted_no_valid_interpretation_as_of_date|historical_temporal_source_validation_unavailable|observed_relational_uniform_monthly_consumption
2026-09-11,bcztkj-iin-energia-oy-yleissahko,2000,changed,open_ended,open_ended,271.84,383.4394805555555,hold_current_supplier_price,supplier_adjusted_forward_curve_shift,,exact_source_legacy_null_observation_binding|forward_month_from_quarter_contract|historical_exact_contract_only|historical_household_statistics_scope_assumed|price_episode_left_censored|price_episode_observed_proxy|supplier_adjusted_monthly_fee_held_flat|supplier_adjusted_tail_shifted_on_forward_curve
2026-09-11,bcztkj-iin-energia-oy-yleissahko,5000,changed,open_ended,open_ended,570.34,849.3387013888888,hold_current_supplier_price,supplier_adjusted_forward_curve_shift,,exact_source_legacy_null_observation_binding|forward_month_from_quarter_contract|historical_exact_contract_only|historical_household_statistics_scope_assumed|price_episode_left_censored|price_episode_observed_proxy|supplier_adjusted_monthly_fee_held_flat|supplier_adjusted_tail_shifted_on_forward_curve
2026-09-11,bcztkj-iin-energia-oy-yleissahko,18000,changed,open_ended,open_ended,1863.84,2868.235324999999,hold_current_supplier_price,supplier_adjusted_forward_curve_shift,,exact_source_legacy_null_observation_binding|forward_month_from_quarter_contract|historical_exact_contract_only|historical_household_statistics_scope_assumed|price_episode_left_censored|price_episode_observed_proxy|supplier_adjusted_monthly_fee_held_flat|supplier_adjusted_tail_shifted_on_forward_curve
2026-09-11,bgbqwj-imatran-seudun-sahko-oy-huoleton,2000,changed,open_ended,open_ended,336.8,474.28594722222215,hold_current_supplier_price,supplier_adjusted_forward_curve_shift,,exact_source_legacy_null_observation_binding|forward_month_from_quarter_contract|historical_exact_contract_only|historical_household_statistics_scope_assumed|price_episode_left_censored|price_episode_observed_proxy|price_episode_uses_retrospective_exact_source_interpretation|prior_energy_evidence_changed_unknown_or_conflicting|supplier_adjusted_monthly_fee_held_flat|supplier_adjusted_tail_shifted_on_forward_curve
2026-09-11,bgbqwj-imatran-seudun-sahko-oy-huoleton,5000,changed,open_ended,open_ended,753.8,1097.5148680555556,hold_current_supplier_price,supplier_adjusted_forward_curve_shift,,exact_source_legacy_null_observation_binding|forward_month_from_quarter_contract|historical_exact_contract_only|historical_household_statistics_scope_assumed|price_episode_left_censored|price_episode_observed_proxy|price_episode_uses_retrospective_exact_source_interpretation|prior_energy_evidence_changed_unknown_or_conflicting|supplier_adjusted_monthly_fee_held_flat|supplier_adjusted_tail_shifted_on_forward_curve
2026-09-11,bgbqwj-imatran-seudun-sahko-oy-huoleton,18000,changed,open_ended,open_ended,2560.8,3798.1735249999997,hold_current_supplier_price,supplier_adjusted_forward_curve_shift,,exact_source_legacy_null_observation_binding|forward_month_from_quarter_contract|historical_exact_contract_only|historical_household_statistics_scope_assumed|price_episode_left_censored|price_episode_observed_proxy|price_episode_uses_retrospective_exact_source_interpretation|prior_energy_evidence_changed_unknown_or_conflicting|supplier_adjusted_monthly_fee_held_flat|supplier_adjusted_tail_shifted_on_forward_curve
2026-09-11,ccs6hf-keuruun-sahko-oy-yleissahko,2000,changed,open_ended,open_ended,286,364.73281388888887,hold_current_supplier_price,supplier_adjusted_forward_premium,,calendar_gap_within_observed_price_episode|exact_source_legacy_null_observation_binding|historical_exact_contract_only|historical_household_statistics_scope_assumed|lower_confidence_energy_episode_proxy|missing_own_reference_using_comparable_premium|price_episode_left_censored|price_episode_observed_proxy|price_episode_uses_dedicated_historical_interpretation|price_episode_uses_retrospective_exact_source_interpretation|supplier_adjusted_monthly_fee_held_flat|supplier_adjusted_tail_uses_comparable_forward_premium
2026-09-11,ccs6hf-keuruun-sahko-oy-yleissahko,5000,changed,open_ended,open_ended,636.7,833.5320347222221,hold_current_supplier_price,supplier_adjusted_forward_premium,,calendar_gap_within_observed_price_episode|exact_source_legacy_null_observation_binding|historical_exact_contract_only|historical_household_statistics_scope_assumed|lower_confidence_energy_episode_proxy|missing_own_reference_using_comparable_premium|price_episode_left_censored|price_episode_observed_proxy|price_episode_uses_dedicated_historical_interpretation|price_episode_uses_retrospective_exact_source_interpretation|supplier_adjusted_monthly_fee_held_flat|supplier_adjusted_tail_uses_comparable_forward_premium
2026-09-11,ccs6hf-keuruun-sahko-oy-yleissahko,18000,changed,open_ended,open_ended,2156.4,2864.9953249999994,hold_current_supplier_price,supplier_adjusted_forward_premium,,calendar_gap_within_observed_price_episode|exact_source_legacy_null_observation_binding|historical_exact_contract_only|historical_household_statistics_scope_assumed|lower_confidence_energy_episode_proxy|missing_own_reference_using_comparable_premium|price_episode_left_censored|price_episode_observed_proxy|price_episode_uses_dedicated_historical_interpretation|price_episode_uses_retrospective_exact_source_interpretation|supplier_adjusted_monthly_fee_held_flat|supplier_adjusted_tail_uses_comparable_forward_premium
2026-09-11,djobdk-vihrea-alyenergia-oy-vire-tuuli-opiskelija,2000,lost,spot,spot,241.6852,,forward_curve_spot,,exact_date_components_unavailable,canonical_interpretation_rejected_by_exact_target_validation|canonical_omitted_no_valid_interpretation_as_of_date|historical_temporal_source_validation_unavailable|observed_relational_uniform_monthly_consumption
2026-09-11,djobdk-vihrea-alyenergia-oy-vire-tuuli-opiskelija,5000,lost,spot,spot,586.393,,forward_curve_spot,,exact_date_components_unavailable,canonical_interpretation_rejected_by_exact_target_validation|canonical_omitted_no_valid_interpretation_as_of_date|historical_temporal_source_validation_unavailable|observed_relational_uniform_monthly_consumption
2026-09-11,dnxerq-fortum-markets-oy-fortum-kesto-kausisahko,2000,changed,open_ended,open_ended,322.7325,460.21844722222215,hold_current_supplier_price,supplier_adjusted_forward_curve_shift,,canonical_interpretation_rejected_by_exact_target_validation|exact_source_legacy_null_observation_binding|forward_month_from_quarter_contract|historical_exact_contract_only|historical_household_statistics_scope_assumed|price_episode_left_censored|price_episode_observed_proxy|price_episode_uses_retrospective_exact_source_interpretation|prior_energy_evidence_changed_unknown_or_conflicting|supplier_adjusted_monthly_fee_held_flat|supplier_adjusted_tail_shifted_on_forward_curve
2026-09-11,dnxerq-fortum-markets-oy-fortum-kesto-kausisahko,5000,changed,open_ended,open_ended,717.5513,1061.2661180555554,hold_current_supplier_price,supplier_adjusted_forward_curve_shift,,canonical_interpretation_rejected_by_exact_target_validation|exact_source_legacy_null_observation_binding|forward_month_from_quarter_contract|historical_exact_contract_only|historical_household_statistics_scope_assumed|price_episode_left_censored|price_episode_observed_proxy|price_episode_uses_retrospective_exact_source_interpretation|prior_energy_evidence_changed_unknown_or_conflicting|supplier_adjusted_monthly_fee_held_flat|supplier_adjusted_tail_shifted_on_forward_curve
2026-09-11,dnxerq-fortum-markets-oy-fortum-kesto-kausisahko,18000,changed,open_ended,open_ended,2428.4325,3665.806025,hold_current_supplier_price,supplier_adjusted_forward_curve_shift,,canonical_interpretation_rejected_by_exact_target_validation|exact_source_legacy_null_observation_binding|forward_month_from_quarter_contract|historical_exact_contract_only|historical_household_statistics_scope_assumed|price_episode_left_censored|price_episode_observed_proxy|price_episode_uses_retrospective_exact_source_interpretation|prior_energy_evidence_changed_unknown_or_conflicting|supplier_adjusted_monthly_fee_held_flat|supplier_adjusted_tail_shifted_on_forward_curve
2026-09-11,frx7ys-lammaisten-energia-oy-toimitusvelvollinen-aikasahko,2000,changed,open_ended,open_ended,342.84,481.77198611111106,hold_current_supplier_price,supplier_adjusted_forward_curve_shift,,exact_source_legacy_null_observation_binding|forward_month_from_quarter_contract|historical_exact_contract_only|historical_household_statistics_scope_assumed|price_episode_left_censored|price_episode_observed_proxy|prior_energy_evidence_changed_unknown_or_conflicting|supplier_adjusted_monthly_fee_held_flat|supplier_adjusted_tail_shifted_on_forward_curve
2026-09-11,frx7ys-lammaisten-energia-oy-toimitusvelvollinen-aikasahko,5000,changed,open_ended,open_ended,775.2,1122.5299652777778,hold_current_supplier_price,supplier_adjusted_forward_curve_shift,,exact_source_legacy_null_observation_binding|forward_month_from_quarter_contract|historical_exact_contract_only|historical_household_statistics_scope_assumed|price_episode_left_censored|price_episode_observed_proxy|prior_energy_evidence_changed_unknown_or_conflicting|supplier_adjusted_monthly_fee_held_flat|supplier_adjusted_tail_shifted_on_forward_curve
2026-09-11,frx7ys-lammaisten-energia-oy-toimitusvelvollinen-aikasahko,18000,changed,open_ended,open_ended,2648.76,3899.1478749999997,hold_current_supplier_price,supplier_adjusted_forward_curve_shift,,exact_source_legacy_null_observation_binding|forward_month_from_quarter_contract|historical_exact_contract_only|historical_household_statistics_scope_assumed|price_episode_left_censored|price_episode_observed_proxy|prior_energy_evidence_changed_unknown_or_conflicting|supplier_adjusted_monthly_fee_held_flat|supplier_adjusted_tail_shifted_on_forward_curve
2026-09-11,fu2xdq-vattenfall-oy-kesto,2000,changed,open_ended,open_ended,333.8,369.65503611111103,hold_current_supplier_price,supplier_adjusted_forward_premium,,calendar_gap_within_observed_price_episode|exact_source_legacy_null_observation_binding|historical_exact_contract_only|historical_household_statistics_scope_assumed|lower_confidence_energy_episode_proxy|missing_own_reference_using_comparable_premium|price_episode_left_censored|price_episode_observed_proxy|price_episode_uses_dedicated_historical_interpretation|price_episode_uses_retrospective_exact_source_interpretation|supplier_adjusted_monthly_fee_held_flat|supplier_adjusted_tail_uses_comparable_forward_premium
2026-09-11,fu2xdq-vattenfall-oy-kesto,5000,changed,open_ended,open_ended,752.6,842.2375902777777,hold_current_supplier_price,supplier_adjusted_forward_premium,,calendar_gap_within_observed_price_episode|exact_source_legacy_null_observation_binding|historical_exact_contract_only|historical_household_statistics_scope_assumed|lower_confidence_energy_episode_proxy|missing_own_reference_using_comparable_premium|price_episode_left_censored|price_episode_observed_proxy|price_episode_uses_dedicated_historical_interpretation|price_episode_uses_retrospective_exact_source_interpretation|supplier_adjusted_monthly_fee_held_flat|supplier_adjusted_tail_uses_comparable_forward_premium
2026-09-11,fu2xdq-vattenfall-oy-kesto,18000,changed,open_ended,open_ended,2567.4,2890.0953249999993,hold_current_supplier_price,supplier_adjusted_forward_premium,,calendar_gap_within_observed_price_episode|exact_source_legacy_null_observation_binding|historical_exact_contract_only|historical_household_statistics_scope_assumed|lower_confidence_energy_episode_proxy|missing_own_reference_using_comparable_premium|price_episode_left_censored|price_episode_observed_proxy|price_episode_uses_dedicated_historical_interpretation|price_episode_uses_retrospective_exact_source_interpretation|supplier_adjusted_monthly_fee_held_flat|supplier_adjusted_tail_uses_comparable_forward_premium
2026-09-11,gaclxq-koillis-satakunnan-sahko-oy-joustowirta-12-kk,2000,changed,hybrid,hybrid,258.84,258.84,hybrid_base_only,none,,canonical_interpretation_rejected_by_exact_target_validation|canonical_omitted_no_valid_interpretation_as_of_date|historical_temporal_source_validation_unavailable|observed_relational_uniform_monthly_consumption
2026-09-11,gaclxq-koillis-satakunnan-sahko-oy-joustowirta-12-kk,5000,changed,hybrid,hybrid,565.74,565.7399999999999,hybrid_base_only,none,,canonical_interpretation_rejected_by_exact_target_validation|canonical_omitted_no_valid_interpretation_as_of_date|historical_temporal_source_validation_unavailable|observed_relational_uniform_monthly_consumption
2026-09-11,gaclxq-koillis-satakunnan-sahko-oy-joustowirta-12-kk,18000,changed,hybrid,hybrid,1895.64,1895.64,hybrid_base_only,none,,canonical_interpretation_rejected_by_exact_target_validation|canonical_omitted_no_valid_interpretation_as_of_date|historical_temporal_source_validation_unavailable|observed_relational_uniform_monthly_consumption
2026-09-11,gduez1-parikkalan-valo-oy-kesto-valo-kanta-asiakas,2000,changed,open_ended,open_ended,314.2,323.53796388888884,hold_current_supplier_price,supplier_adjusted_forward_premium,,calendar_gap_within_observed_price_episode|exact_source_legacy_null_observation_binding|historical_exact_contract_only|historical_household_statistics_scope_assumed|lower_confidence_energy_episode_proxy|missing_own_reference_using_comparable_premium|price_episode_left_censored|price_episode_observed_proxy|price_episode_uses_dedicated_historical_interpretation|price_episode_uses_retrospective_exact_source_interpretation|supplier_adjusted_monthly_fee_held_flat|supplier_adjusted_tail_uses_comparable_forward_premium
2026-09-11,gduez1-parikkalan-valo-oy-kesto-valo-kanta-asiakas,5000,changed,open_ended,open_ended,701.8,725.1449097222221,hold_current_supplier_price,supplier_adjusted_forward_premium,,calendar_gap_within_observed_price_episode|exact_source_legacy_null_observation_binding|historical_exact_contract_only|historical_household_statistics_scope_assumed|lower_confidence_energy_episode_proxy|missing_own_reference_using_comparable_premium|price_episode_left_censored|price_episode_observed_proxy|price_episode_uses_dedicated_historical_interpretation|price_episode_uses_retrospective_exact_source_interpretation|supplier_adjusted_monthly_fee_held_flat|supplier_adjusted_tail_uses_comparable_forward_premium
2026-09-11,gduez1-parikkalan-valo-oy-kesto-valo-kanta-asiakas,18000,changed,open_ended,open_ended,2381.4,2465.4416749999996,hold_current_supplier_price,supplier_adjusted_forward_premium,,calendar_gap_within_observed_price_episode|exact_source_legacy_null_observation_binding|historical_exact_contract_only|historical_household_statistics_scope_assumed|lower_confidence_energy_episode_proxy|missing_own_reference_using_comparable_premium|price_episode_left_censored|price_episode_observed_proxy|price_episode_uses_dedicated_historical_interpretation|price_episode_uses_retrospective_exact_source_interpretation|supplier_adjusted_monthly_fee_held_flat|supplier_adjusted_tail_uses_comparable_forward_premium
2026-09-11,gjhzfc-kokkolan-energia-oy-vuodenaika-uusiutuva,2000,changed,quarterly,quarterly,270.1967,194.75999999999996,recurring_forward_curve_shift,none,,canonical_interpretation_rejected_by_exact_target_validation|canonical_omitted_no_valid_interpretation_as_of_date|historical_temporal_source_validation_unavailable|observed_relational_uniform_monthly_consumption|relational_open_ended_no_proven_historical_adjustment_mechanism
2026-09-11,gjhzfc-kokkolan-energia-oy-vuodenaika-uusiutuva,5000,changed,quarterly,quarterly,629.9516,441.3600000000002,recurring_forward_curve_shift,none,,canonical_interpretation_rejected_by_exact_target_validation|canonical_omitted_no_valid_interpretation_as_of_date|historical_temporal_source_validation_unavailable|observed_relational_uniform_monthly_consumption|relational_open_ended_no_proven_historical_adjustment_mechanism
2026-09-11,gjhzfc-kokkolan-energia-oy-vuodenaika-uusiutuva,18000,changed,quarterly,quarterly,2188.8899,1509.96,recurring_forward_curve_shift,none,,canonical_interpretation_rejected_by_exact_target_validation|canonical_omitted_no_valid_interpretation_as_of_date|historical_temporal_source_validation_unavailable|observed_relational_uniform_monthly_consumption|relational_open_ended_no_proven_historical_adjustment_mechanism
2026-09-11,gnvooq-cheap-energy-finland-oy-cheap-maaraaikainen-36-kk-0-kuukausimaksu-ensimmaiset-3-kk,2000,changed,fixed_term_over24,fixed_term_over24,237.65,237.65000000000003,none,none,,canonical_interpretation_rejected_by_exact_target_validation|canonical_omitted_no_valid_interpretation_as_of_date|historical_temporal_source_validation_unavailable|observed_relational_uniform_monthly_consumption
2026-09-11,gnvooq-cheap-energy-finland-oy-cheap-maaraaikainen-36-kk-0-kuukausimaksu-ensimmaiset-3-kk,5000,changed,fixed_term_over24,fixed_term_over24,531.35,531.3499999999999,none,none,,canonical_interpretation_rejected_by_exact_target_validation|canonical_omitted_no_valid_interpretation_as_of_date|historical_temporal_source_validation_unavailable|observed_relational_uniform_monthly_consumption
2026-09-11,gnvooq-cheap-energy-finland-oy-cheap-maaraaikainen-36-kk-0-kuukausimaksu-ensimmaiset-3-kk,18000,changed,fixed_term_over24,fixed_term_over24,1804.05,1804.05,none,none,,canonical_interpretation_rejected_by_exact_target_validation|canonical_omitted_no_valid_interpretation_as_of_date|historical_temporal_source_validation_unavailable|observed_relational_uniform_monthly_consumption
2026-09-11,gywy8t-aanekosken-energia-oy-aikasahko,2000,changed,open_ended,open_ended,282.9,395.1689641666667,hold_current_supplier_price,supplier_adjusted_forward_premium,,calendar_gap_within_observed_price_episode|exact_source_legacy_null_observation_binding|historical_exact_contract_only|historical_household_statistics_scope_assumed|lower_confidence_energy_episode_proxy|missing_own_reference_using_comparable_premium|price_episode_left_censored|price_episode_observed_proxy|price_episode_uses_dedicated_historical_interpretation|price_episode_uses_retrospective_exact_source_interpretation|supplier_adjusted_monthly_fee_held_flat|supplier_adjusted_tail_uses_comparable_forward_premium
2026-09-11,gywy8t-aanekosken-energia-oy-aikasahko,5000,changed,open_ended,open_ended,640.65,921.3224104166667,hold_current_supplier_price,supplier_adjusted_forward_premium,,calendar_gap_within_observed_price_episode|exact_source_legacy_null_observation_binding|historical_exact_contract_only|historical_household_statistics_scope_assumed|lower_confidence_energy_episode_proxy|missing_own_reference_using_comparable_premium|price_episode_left_censored|price_episode_observed_proxy|price_episode_uses_dedicated_historical_interpretation|price_episode_uses_retrospective_exact_source_interpretation|supplier_adjusted_monthly_fee_held_flat|supplier_adjusted_tail_uses_comparable_forward_premium
2026-09-11,gywy8t-aanekosken-energia-oy-aikasahko,18000,changed,open_ended,open_ended,2190.9,3201.3206775,hold_current_supplier_price,supplier_adjusted_forward_premium,,calendar_gap_within_observed_price_episode|exact_source_legacy_null_observation_binding|historical_exact_contract_only|historical_household_statistics_scope_assumed|lower_confidence_energy_episode_proxy|missing_own_reference_using_comparable_premium|price_episode_left_censored|price_episode_observed_proxy|price_episode_uses_dedicated_historical_interpretation|price_episode_uses_retrospective_exact_source_interpretation|supplier_adjusted_monthly_fee_held_flat|supplier_adjusted_tail_uses_comparable_forward_premium
2026-09-11,hbdxeg-vihrea-alyenergia-oy-vakaa-valinta,2000,changed,open_ended,open_ended,344.88,483.811986111111,hold_current_supplier_price,supplier_adjusted_forward_curve_shift,,exact_source_legacy_null_observation_binding|forward_month_from_quarter_contract|historical_exact_contract_only|historical_household_statistics_scope_assumed|price_episode_left_censored|price_episode_observed_proxy|price_episode_uses_retrospective_exact_source_interpretation|prior_energy_evidence_changed_unknown_or_conflicting|supplier_adjusted_monthly_fee_held_flat|supplier_adjusted_tail_shifted_on_forward_curve
2026-09-11,hwmfco-aalto-energia-oyj-tyyni-jatkuva,2000,changed,open_ended,open_ended,283.45,377.1050361111111,none,supplier_adjusted_forward_premium,,calendar_gap_within_observed_price_episode|exact_source_legacy_null_observation_binding|historical_exact_contract_only|historical_household_statistics_scope_assumed|lower_confidence_energy_episode_proxy|missing_own_reference_using_comparable_premium|price_episode_left_censored|price_episode_observed_proxy|price_episode_uses_dedicated_historical_interpretation|price_episode_uses_retrospective_exact_source_interpretation|supplier_adjusted_monthly_fee_disclosed_phases|supplier_adjusted_tail_uses_comparable_forward_premium
2026-09-11,hwmfco-aalto-energia-oyj-tyyni-jatkuva,5000,changed,open_ended,open_ended,610.45,844.5875902777777,none,supplier_adjusted_forward_premium,,calendar_gap_within_observed_price_episode|exact_source_legacy_null_observation_binding|historical_exact_contract_only|historical_household_statistics_scope_assumed|lower_confidence_energy_episode_proxy|missing_own_reference_using_comparable_premium|price_episode_left_censored|price_episode_observed_proxy|price_episode_uses_dedicated_historical_interpretation|price_episode_uses_retrospective_exact_source_interpretation|supplier_adjusted_monthly_fee_disclosed_phases|supplier_adjusted_tail_uses_comparable_forward_premium
2026-09-11,hwmfco-aalto-energia-oyj-tyyni-jatkuva,18000,changed,open_ended,open_ended,2027.45,2870.3453249999993,none,supplier_adjusted_forward_premium,,calendar_gap_within_observed_price_episode|exact_source_legacy_null_observation_binding|historical_exact_contract_only|historical_household_statistics_scope_assumed|lower_confidence_energy_episode_proxy|missing_own_reference_using_comparable_premium|price_episode_left_censored|price_episode_observed_proxy|price_episode_uses_dedicated_historical_interpretation|price_episode_uses_retrospective_exact_source_interpretation|supplier_adjusted_monthly_fee_disclosed_phases|supplier_adjusted_tail_uses_comparable_forward_premium
2026-09-11,iwjgsd-pohjois-karjalan-sahko-oy-tove-perus,2000,changed,open_ended,open_ended,324.72,369.2639249999999,hold_current_supplier_price,supplier_adjusted_forward_premium,,calendar_gap_within_observed_price_episode|exact_source_legacy_null_observation_binding|historical_exact_contract_only|historical_household_statistics_scope_assumed|lower_confidence_energy_episode_proxy|missing_own_reference_using_comparable_premium|price_episode_left_censored|price_episode_observed_proxy|price_episode_uses_dedicated_historical_interpretation|price_episode_uses_retrospective_exact_source_interpretation|supplier_adjusted_monthly_fee_held_flat|supplier_adjusted_tail_uses_comparable_forward_premium
2026-09-11,iwjgsd-pohjois-karjalan-sahko-oy-tove-perus,5000,changed,open_ended,open_ended,729.72,841.0798124999999,hold_current_supplier_price,supplier_adjusted_forward_premium,,calendar_gap_within_observed_price_episode|exact_source_legacy_null_observation_binding|historical_exact_contract_only|historical_household_statistics_scope_assumed|lower_confidence_energy_episode_proxy|missing_own_reference_using_comparable_premium|price_episode_left_censored|price_episode_observed_proxy|price_episode_uses_dedicated_historical_interpretation|price_episode_uses_retrospective_exact_source_interpretation|supplier_adjusted_monthly_fee_held_flat|supplier_adjusted_tail_uses_comparable_forward_premium
2026-09-11,iwjgsd-pohjois-karjalan-sahko-oy-tove-perus,18000,changed,open_ended,open_ended,2484.72,2885.6153249999993,hold_current_supplier_price,supplier_adjusted_forward_premium,,calendar_gap_within_observed_price_episode|exact_source_legacy_null_observation_binding|historical_exact_contract_only|historical_household_statistics_scope_assumed|lower_confidence_energy_episode_proxy|missing_own_reference_using_comparable_premium|price_episode_left_censored|price_episode_observed_proxy|price_episode_uses_dedicated_historical_interpretation|price_episode_uses_retrospective_exact_source_interpretation|supplier_adjusted_monthly_fee_held_flat|supplier_adjusted_tail_uses_comparable_forward_premium
2026-09-11,ixbpnc-kokkolan-energia-oy-tyyni,2000,changed,market_reset,market_reset,251.7657,250.16,recurring_forward_curve_shift,none,,canonical_interpretation_rejected_by_exact_target_validation|canonical_omitted_no_valid_interpretation_as_of_date|historical_temporal_source_validation_unavailable|observed_relational_uniform_monthly_consumption|relational_open_ended_no_proven_historical_adjustment_mechanism
2026-09-11,ixbpnc-kokkolan-energia-oy-tyyni,5000,changed,market_reset,market_reset,583.8743,579.86,recurring_forward_curve_shift,none,,canonical_interpretation_rejected_by_exact_target_validation|canonical_omitted_no_valid_interpretation_as_of_date|historical_temporal_source_validation_unavailable|observed_relational_uniform_monthly_consumption|relational_open_ended_no_proven_historical_adjustment_mechanism
2026-09-11,ixbpnc-kokkolan-energia-oy-tyyni,18000,changed,market_reset,market_reset,2023.0113,2008.5600000000004,recurring_forward_curve_shift,none,,canonical_interpretation_rejected_by_exact_target_validation|canonical_omitted_no_valid_interpretation_as_of_date|historical_temporal_source_validation_unavailable|observed_relational_uniform_monthly_consumption|relational_open_ended_no_proven_historical_adjustment_mechanism
2026-09-11,k5jsrm-turku-energia-oy-louna-arki,2000,changed,open_ended,open_ended,271.68,331.5539583333333,hold_current_supplier_price,supplier_adjusted_forward_curve_shift,,exact_source_legacy_null_observation_binding|forward_month_from_quarter_contract|historical_exact_contract_only|historical_household_statistics_scope_assumed|price_episode_left_censored|price_episode_observed_proxy|price_episode_uses_dedicated_historical_interpretation|price_episode_uses_retrospective_exact_source_interpretation|supplier_adjusted_monthly_fee_held_flat|supplier_adjusted_tail_shifted_on_forward_curve
2026-09-11,k5jsrm-turku-energia-oy-louna-arki,5000,changed,open_ended,open_ended,577.68,727.3648958333333,hold_current_supplier_price,supplier_adjusted_forward_curve_shift,,exact_source_legacy_null_observation_binding|forward_month_from_quarter_contract|historical_exact_contract_only|historical_household_statistics_scope_assumed|price_episode_left_censored|price_episode_observed_proxy|price_episode_uses_dedicated_historical_interpretation|price_episode_uses_retrospective_exact_source_interpretation|supplier_adjusted_monthly_fee_held_flat|supplier_adjusted_tail_shifted_on_forward_curve
2026-09-11,k5jsrm-turku-energia-oy-louna-arki,18000,changed,open_ended,open_ended,1903.68,2442.5456249999993,hold_current_supplier_price,supplier_adjusted_forward_curve_shift,,exact_source_legacy_null_observation_binding|forward_month_from_quarter_contract|historical_exact_contract_only|historical_household_statistics_scope_assumed|price_episode_left_censored|price_episode_observed_proxy|price_episode_uses_dedicated_historical_interpretation|price_episode_uses_retrospective_exact_source_interpretation|supplier_adjusted_monthly_fee_held_flat|supplier_adjusted_tail_shifted_on_forward_curve
2026-09-11,kngjot-keravan-energia-oy-tuulikvartaalisahko,2000,changed,quarterly,quarterly,373.3167,297.87999999999994,recurring_forward_curve_shift,none,,canonical_interpretation_rejected_by_exact_target_validation|canonical_omitted_no_valid_interpretation_as_of_date|historical_temporal_source_validation_unavailable|observed_relational_uniform_monthly_consumption|relational_open_ended_no_proven_historical_adjustment_mechanism
2026-09-11,kngjot-keravan-energia-oy-tuulikvartaalisahko,5000,changed,quarterly,quarterly,861.4716,672.8800000000001,recurring_forward_curve_shift,none,,canonical_interpretation_rejected_by_exact_target_validation|canonical_omitted_no_valid_interpretation_as_of_date|historical_temporal_source_validation_unavailable|observed_relational_uniform_monthly_consumption|relational_open_ended_no_proven_historical_adjustment_mechanism
2026-09-11,kngjot-keravan-energia-oy-tuulikvartaalisahko,18000,changed,quarterly,quarterly,2976.8099,2297.88,recurring_forward_curve_shift,none,,canonical_interpretation_rejected_by_exact_target_validation|canonical_omitted_no_valid_interpretation_as_of_date|historical_temporal_source_validation_unavailable|observed_relational_uniform_monthly_consumption|relational_open_ended_no_proven_historical_adjustment_mechanism
2026-09-11,kvwny9-vihrea-alyenergia-oy-vire-tuuli-porssisahko-tarjous-ensimmaiset-12-kk,2000,lost,spot,spot,248.9052,,forward_curve_spot,,exact_date_components_unavailable,canonical_interpretation_rejected_by_exact_target_validation|canonical_omitted_no_valid_interpretation_as_of_date|historical_temporal_source_validation_unavailable|observed_relational_uniform_monthly_consumption
2026-09-11,kvwny9-vihrea-alyenergia-oy-vire-tuuli-porssisahko-tarjous-ensimmaiset-12-kk,5000,lost,spot,spot,577.413,,forward_curve_spot,,exact_date_components_unavailable,canonical_interpretation_rejected_by_exact_target_validation|canonical_omitted_no_valid_interpretation_as_of_date|historical_temporal_source_validation_unavailable|observed_relational_uniform_monthly_consumption
2026-09-11,kvwny9-vihrea-alyenergia-oy-vire-tuuli-porssisahko-tarjous-ensimmaiset-12-kk,18000,lost,spot,spot,2000.9468,,forward_curve_spot,,exact_date_components_unavailable,canonical_interpretation_rejected_by_exact_target_validation|canonical_omitted_no_valid_interpretation_as_of_date|historical_temporal_source_validation_unavailable|observed_relational_uniform_monthly_consumption
2026-09-11,lazesb-keuruun-sahko-oy-kausisahko,2000,changed,open_ended,open_ended,280.85,416.80777708333324,hold_current_supplier_price,supplier_adjusted_forward_premium,,calendar_gap_within_observed_price_episode|exact_source_legacy_null_observation_binding|historical_exact_contract_only|historical_household_statistics_scope_assumed|lower_confidence_energy_episode_proxy|missing_own_reference_using_comparable_premium|price_episode_left_censored|price_episode_observed_proxy|price_episode_uses_dedicated_historical_interpretation|price_episode_uses_retrospective_exact_source_interpretation|supplier_adjusted_monthly_fee_held_flat|supplier_adjusted_tail_uses_comparable_forward_premium
2026-09-11,lazesb-keuruun-sahko-oy-kausisahko,5000,changed,open_ended,open_ended,620.225,960.1194427083333,hold_current_supplier_price,supplier_adjusted_forward_premium,,calendar_gap_within_observed_price_episode|exact_source_legacy_null_observation_binding|historical_exact_contract_only|historical_household_statistics_scope_assumed|lower_confidence_energy_episode_proxy|missing_own_reference_using_comparable_premium|price_episode_left_censored|price_episode_observed_proxy|price_episode_uses_dedicated_historical_interpretation|price_episode_uses_retrospective_exact_source_interpretation|supplier_adjusted_monthly_fee_held_flat|supplier_adjusted_tail_uses_comparable_forward_premium
2026-09-11,lazesb-keuruun-sahko-oy-kausisahko,18000,changed,open_ended,open_ended,2090.85,3314.4699937499995,hold_current_supplier_price,supplier_adjusted_forward_premium,,calendar_gap_within_observed_price_episode|exact_source_legacy_null_observation_binding|historical_exact_contract_only|historical_household_statistics_scope_assumed|lower_confidence_energy_episode_proxy|missing_own_reference_using_comparable_premium|price_episode_left_censored|price_episode_observed_proxy|price_episode_uses_dedicated_historical_interpretation|price_episode_uses_retrospective_exact_source_interpretation|supplier_adjusted_monthly_fee_held_flat|supplier_adjusted_tail_uses_comparable_forward_premium
2026-09-11,onnuwd-nurmijarven-sahko-oy-aikasahko,2000,changed,open_ended,open_ended,564.81,414.23063083333324,hold_current_supplier_price,supplier_adjusted_forward_premium,,calendar_gap_within_observed_price_episode|exact_source_legacy_null_observation_binding|historical_exact_contract_only|historical_household_statistics_scope_assumed|lower_confidence_energy_episode_proxy|missing_own_reference_using_comparable_premium|price_episode_left_censored|price_episode_observed_proxy|price_episode_uses_dedicated_historical_interpretation|price_episode_uses_retrospective_exact_source_interpretation|supplier_adjusted_monthly_fee_held_flat|supplier_adjusted_tail_uses_comparable_forward_premium
2026-09-11,onnuwd-nurmijarven-sahko-oy-aikasahko,5000,changed,open_ended,open_ended,1340.025,963.5765770833332,hold_current_supplier_price,supplier_adjusted_forward_premium,,calendar_gap_within_observed_price_episode|exact_source_legacy_null_observation_binding|historical_exact_contract_only|historical_household_statistics_scope_assumed|lower_confidence_energy_episode_proxy|missing_own_reference_using_comparable_premium|price_episode_left_censored|price_episode_observed_proxy|price_episode_uses_dedicated_historical_interpretation|price_episode_uses_retrospective_exact_source_interpretation|supplier_adjusted_monthly_fee_held_flat|supplier_adjusted_tail_uses_comparable_forward_premium
2026-09-11,onnuwd-nurmijarven-sahko-oy-aikasahko,18000,changed,open_ended,open_ended,4699.29,3344.0756775,hold_current_supplier_price,supplier_adjusted_forward_premium,,calendar_gap_within_observed_price_episode|exact_source_legacy_null_observation_binding|historical_exact_contract_only|historical_household_statistics_scope_assumed|lower_confidence_energy_episode_proxy|missing_own_reference_using_comparable_premium|price_episode_left_censored|price_episode_observed_proxy|price_episode_uses_dedicated_historical_interpretation|price_episode_uses_retrospective_exact_source_interpretation|supplier_adjusted_monthly_fee_held_flat|supplier_adjusted_tail_uses_comparable_forward_premium
2026-09-11,osszso-aalto-energia-oyj-luotsi-porssisahko-tarjous-perusmaksu-099-ensimmaiset-12kk,2000,lost,spot,spot,241.6852,,forward_curve_spot,,exact_date_components_unavailable,canonical_interpretation_rejected_by_exact_target_validation|canonical_omitted_no_valid_interpretation_as_of_date|historical_temporal_source_validation_unavailable|observed_relational_uniform_monthly_consumption
2026-09-11,osszso-aalto-energia-oyj-luotsi-porssisahko-tarjous-perusmaksu-099-ensimmaiset-12kk,5000,lost,spot,spot,586.393,,forward_curve_spot,,exact_date_components_unavailable,canonical_interpretation_rejected_by_exact_target_validation|canonical_omitted_no_valid_interpretation_as_of_date|historical_temporal_source_validation_unavailable|observed_relational_uniform_monthly_consumption
2026-09-11,osszso-aalto-energia-oyj-luotsi-porssisahko-tarjous-perusmaksu-099-ensimmaiset-12kk,18000,lost,spot,spot,2080.1268,,forward_curve_spot,,exact_date_components_unavailable,canonical_interpretation_rejected_by_exact_target_validation|canonical_omitted_no_valid_interpretation_as_of_date|historical_temporal_source_validation_unavailable|observed_relational_uniform_monthly_consumption
2026-09-11,ozjhpb-helen-oy-kayttosahko,2000,changed,open_ended,open_ended,342.88,386.4794805555555,hold_current_supplier_price,supplier_adjusted_forward_premium,,calendar_gap_within_observed_price_episode|exact_source_legacy_null_observation_binding|historical_exact_contract_only|historical_household_statistics_scope_assumed|lower_confidence_energy_episode_proxy|missing_own_reference_using_comparable_premium|price_episode_left_censored|price_episode_observed_proxy|price_episode_uses_dedicated_historical_interpretation|price_episode_uses_retrospective_exact_source_interpretation|supplier_adjusted_monthly_fee_held_flat|supplier_adjusted_tail_uses_comparable_forward_premium
2026-09-11,ozjhpb-helen-oy-kayttosahko,5000,changed,open_ended,open_ended,749.38,858.3787013888887,hold_current_supplier_price,supplier_adjusted_forward_premium,,calendar_gap_within_observed_price_episode|exact_source_legacy_null_observation_binding|historical_exact_contract_only|historical_household_statistics_scope_assumed|lower_confidence_energy_episode_proxy|missing_own_reference_using_comparable_premium|price_episode_left_censored|price_episode_observed_proxy|price_episode_uses_dedicated_historical_interpretation|price_episode_uses_retrospective_exact_source_interpretation|supplier_adjusted_monthly_fee_held_flat|supplier_adjusted_tail_uses_comparable_forward_premium
2026-09-11,ozjhpb-helen-oy-kayttosahko,18000,changed,open_ended,open_ended,2510.88,2903.2753249999996,hold_current_supplier_price,supplier_adjusted_forward_premium,,calendar_gap_within_observed_price_episode|exact_source_legacy_null_observation_binding|historical_exact_contract_only|historical_household_statistics_scope_assumed|lower_confidence_energy_episode_proxy|missing_own_reference_using_comparable_premium|price_episode_left_censored|price_episode_observed_proxy|price_episode_uses_dedicated_historical_interpretation|price_episode_uses_retrospective_exact_source_interpretation|supplier_adjusted_monthly_fee_held_flat|supplier_adjusted_tail_uses_comparable_forward_premium
2026-09-11,ppiuwo-herrfors-oy-ab-yleissahko,2000,changed,open_ended,open_ended,264.2,401.6859472222221,hold_current_supplier_price,supplier_adjusted_forward_curve_shift,,exact_source_legacy_null_observation_binding|forward_month_from_quarter_contract|historical_exact_contract_only|historical_household_statistics_scope_assumed|price_episode_left_censored|price_episode_observed_proxy|price_episode_uses_retrospective_exact_source_interpretation|prior_energy_evidence_changed_unknown_or_conflicting|supplier_adjusted_monthly_fee_held_flat|supplier_adjusted_tail_shifted_on_forward_curve
2026-09-11,ppiuwo-herrfors-oy-ab-yleissahko,5000,changed,open_ended,open_ended,587.6,931.3148680555556,hold_current_supplier_price,supplier_adjusted_forward_curve_shift,,exact_source_legacy_null_observation_binding|forward_month_from_quarter_contract|historical_exact_contract_only|historical_household_statistics_scope_assumed|price_episode_left_censored|price_episode_observed_proxy|price_episode_uses_retrospective_exact_source_interpretation|prior_energy_evidence_changed_unknown_or_conflicting|supplier_adjusted_monthly_fee_held_flat|supplier_adjusted_tail_shifted_on_forward_curve
2026-09-11,ppiuwo-herrfors-oy-ab-yleissahko,18000,changed,open_ended,open_ended,1989,3226.3735250000004,hold_current_supplier_price,supplier_adjusted_forward_curve_shift,,exact_source_legacy_null_observation_binding|forward_month_from_quarter_contract|historical_exact_contract_only|historical_household_statistics_scope_assumed|price_episode_left_censored|price_episode_observed_proxy|price_episode_uses_retrospective_exact_source_interpretation|prior_energy_evidence_changed_unknown_or_conflicting|supplier_adjusted_monthly_fee_held_flat|supplier_adjusted_tail_shifted_on_forward_curve
2026-09-11,ppwyv2-lammaisten-energia-oy-toimitusvelvollinen-kausisahko,2000,changed,open_ended,open_ended,309.9167,448.8486527777777,hold_current_supplier_price,supplier_adjusted_forward_curve_shift,,exact_source_legacy_null_observation_binding|forward_month_from_quarter_contract|historical_exact_contract_only|historical_household_statistics_scope_assumed|price_episode_left_censored|price_episode_observed_proxy|prior_energy_evidence_changed_unknown_or_conflicting|supplier_adjusted_monthly_fee_held_flat|supplier_adjusted_tail_shifted_on_forward_curve
2026-09-11,ppwyv2-lammaisten-energia-oy-toimitusvelvollinen-kausisahko,5000,changed,open_ended,open_ended,692.8917,1040.2216319444444,hold_current_supplier_price,supplier_adjusted_forward_curve_shift,,exact_source_legacy_null_observation_binding|forward_month_from_quarter_contract|historical_exact_contract_only|historical_household_statistics_scope_assumed|price_episode_left_censored|price_episode_observed_proxy|prior_energy_evidence_changed_unknown_or_conflicting|supplier_adjusted_monthly_fee_held_flat|supplier_adjusted_tail_shifted_on_forward_curve
2026-09-11,ppwyv2-lammaisten-energia-oy-toimitusvelvollinen-kausisahko,18000,changed,open_ended,open_ended,2352.45,3602.837875,hold_current_supplier_price,supplier_adjusted_forward_curve_shift,,exact_source_legacy_null_observation_binding|forward_month_from_quarter_contract|historical_exact_contract_only|historical_household_statistics_scope_assumed|price_episode_left_censored|price_episode_observed_proxy|prior_energy_evidence_changed_unknown_or_conflicting|supplier_adjusted_monthly_fee_held_flat|supplier_adjusted_tail_shifted_on_forward_curve
2026-09-11,pszotq-nurmijarven-sahko-oy-kausisahko,2000,changed,open_ended,open_ended,452.5417,416.94111041666673,hold_current_supplier_price,supplier_adjusted_forward_premium,,calendar_gap_within_observed_price_episode|exact_source_legacy_null_observation_binding|historical_exact_contract_only|historical_household_statistics_scope_assumed|lower_confidence_energy_episode_proxy|missing_own_reference_using_comparable_premium|price_episode_left_censored|price_episode_observed_proxy|price_episode_uses_dedicated_historical_interpretation|price_episode_uses_retrospective_exact_source_interpretation|supplier_adjusted_monthly_fee_held_flat|supplier_adjusted_tail_uses_comparable_forward_premium
2026-09-11,pszotq-nurmijarven-sahko-oy-kausisahko,5000,changed,open_ended,open_ended,1059.3542,970.3527760416665,hold_current_supplier_price,supplier_adjusted_forward_premium,,calendar_gap_within_observed_price_episode|exact_source_legacy_null_observation_binding|historical_exact_contract_only|historical_household_statistics_scope_assumed|lower_confidence_energy_episode_proxy|missing_own_reference_using_comparable_premium|price_episode_left_censored|price_episode_observed_proxy|price_episode_uses_dedicated_historical_interpretation|price_episode_uses_retrospective_exact_source_interpretation|supplier_adjusted_monthly_fee_held_flat|supplier_adjusted_tail_uses_comparable_forward_premium
2026-09-11,pszotq-nurmijarven-sahko-oy-kausisahko,18000,changed,open_ended,open_ended,3688.875,3368.4699937499995,hold_current_supplier_price,supplier_adjusted_forward_premium,,calendar_gap_within_observed_price_episode|exact_source_legacy_null_observation_binding|historical_exact_contract_only|historical_household_statistics_scope_assumed|lower_confidence_energy_episode_proxy|missing_own_reference_using_comparable_premium|price_episode_left_censored|price_episode_observed_proxy|price_episode_uses_dedicated_historical_interpretation|price_episode_uses_retrospective_exact_source_interpretation|supplier_adjusted_monthly_fee_held_flat|supplier_adjusted_tail_uses_comparable_forward_premium
2026-09-11,qftxhb-oomi-oy-toimitusvelvollinen-sahko,2000,changed,open_ended,open_ended,377.52,376.73059166666656,hold_current_supplier_price,supplier_adjusted_forward_premium,,calendar_gap_within_observed_price_episode|exact_source_legacy_null_observation_binding|historical_exact_contract_only|historical_household_statistics_scope_assumed|lower_confidence_energy_episode_proxy|missing_own_reference_using_comparable_premium|price_episode_left_censored|price_episode_observed_proxy|price_episode_uses_dedicated_historical_interpretation|price_episode_uses_retrospective_exact_source_interpretation|supplier_adjusted_monthly_fee_held_flat|supplier_adjusted_tail_uses_comparable_forward_premium
2026-09-11,qftxhb-oomi-oy-toimitusvelvollinen-sahko,5000,changed,open_ended,open_ended,854.52,852.5464791666666,hold_current_supplier_price,supplier_adjusted_forward_premium,,calendar_gap_within_observed_price_episode|exact_source_legacy_null_observation_binding|historical_exact_contract_only|historical_household_statistics_scope_assumed|lower_confidence_energy_episode_proxy|missing_own_reference_using_comparable_premium|price_episode_left_censored|price_episode_observed_proxy|price_episode_uses_dedicated_historical_interpretation|price_episode_uses_retrospective_exact_source_interpretation|supplier_adjusted_monthly_fee_held_flat|supplier_adjusted_tail_uses_comparable_forward_premium
2026-09-11,qftxhb-oomi-oy-toimitusvelvollinen-sahko,18000,changed,open_ended,open_ended,2921.52,2914.415325,hold_current_supplier_price,supplier_adjusted_forward_premium,,calendar_gap_within_observed_price_episode|exact_source_legacy_null_observation_binding|historical_exact_contract_only|historical_household_statistics_scope_assumed|lower_confidence_energy_episode_proxy|missing_own_reference_using_comparable_premium|price_episode_left_censored|price_episode_observed_proxy|price_episode_uses_dedicated_historical_interpretation|price_episode_uses_retrospective_exact_source_interpretation|supplier_adjusted_monthly_fee_held_flat|supplier_adjusted_tail_uses_comparable_forward_premium
2026-09-11,qgpgvd-herrfors-oy-ab-vakaa,2000,changed,open_ended,open_ended,223.4,334.54907499999996,hold_current_supplier_price,supplier_adjusted_forward_curve_shift,,exact_source_legacy_null_observation_binding|forward_month_from_quarter_contract|historical_exact_contract_only|historical_household_statistics_scope_assumed|price_episode_left_censored|price_episode_observed_proxy|price_episode_uses_dedicated_historical_interpretation|price_episode_uses_retrospective_exact_source_interpretation|supplier_adjusted_monthly_fee_held_flat|supplier_adjusted_tail_shifted_on_forward_curve
2026-09-11,qgpgvd-herrfors-oy-ab-vakaa,5000,changed,open_ended,open_ended,485.6,763.4726874999999,hold_current_supplier_price,supplier_adjusted_forward_curve_shift,,exact_source_legacy_null_observation_binding|forward_month_from_quarter_contract|historical_exact_contract_only|historical_household_statistics_scope_assumed|price_episode_left_censored|price_episode_observed_proxy|price_episode_uses_dedicated_historical_interpretation|price_episode_uses_retrospective_exact_source_interpretation|supplier_adjusted_monthly_fee_held_flat|supplier_adjusted_tail_shifted_on_forward_curve
2026-09-11,qgpgvd-herrfors-oy-ab-vakaa,18000,changed,open_ended,open_ended,1621.8,2622.141675,hold_current_supplier_price,supplier_adjusted_forward_curve_shift,,exact_source_legacy_null_observation_binding|forward_month_from_quarter_contract|historical_exact_contract_only|historical_household_statistics_scope_assumed|price_episode_left_censored|price_episode_observed_proxy|price_episode_uses_dedicated_historical_interpretation|price_episode_uses_retrospective_exact_source_interpretation|supplier_adjusted_monthly_fee_held_flat|supplier_adjusted_tail_shifted_on_forward_curve
2026-09-11,qu8iem-seinajoen-energia-oy-se-oikea-aikasahko,2000,changed,open_ended,open_ended,257,258.60570277777776,hold_current_supplier_price,supplier_adjusted_forward_curve_shift,,exact_source_legacy_null_observation_binding|forward_month_from_quarter_contract|historical_exact_contract_only|historical_household_statistics_scope_assumed|price_episode_left_censored|price_episode_observed_proxy|supplier_adjusted_monthly_fee_held_flat|supplier_adjusted_tail_shifted_on_forward_curve
2026-09-11,qu8iem-seinajoen-energia-oy-se-oikea-aikasahko,5000,changed,open_ended,open_ended,551.42,555.4342569444444,hold_current_supplier_price,supplier_adjusted_forward_curve_shift,,exact_source_legacy_null_observation_binding|forward_month_from_quarter_contract|historical_exact_contract_only|historical_household_statistics_scope_assumed|price_episode_left_censored|price_episode_observed_proxy|supplier_adjusted_monthly_fee_held_flat|supplier_adjusted_tail_shifted_on_forward_curve
2026-09-11,qu8iem-seinajoen-energia-oy-se-oikea-aikasahko,18000,changed,open_ended,open_ended,1827.24,1841.691325,hold_current_supplier_price,supplier_adjusted_forward_curve_shift,,exact_source_legacy_null_observation_binding|forward_month_from_quarter_contract|historical_exact_contract_only|historical_household_statistics_scope_assumed|price_episode_left_censored|price_episode_observed_proxy|supplier_adjusted_monthly_fee_held_flat|supplier_adjusted_tail_shifted_on_forward_curve
2026-09-11,qutzbc-kokkolan-energia-oy-vuodenaika-uusiutuva,2000,changed,quarterly,quarterly,217.8707,194.75999999999996,recurring_forward_curve_shift,none,,canonical_interpretation_rejected_by_exact_target_validation|canonical_omitted_no_valid_interpretation_as_of_date|historical_temporal_source_validation_unavailable|observed_relational_uniform_monthly_consumption|relational_open_ended_no_proven_historical_adjustment_mechanism
2026-09-11,qutzbc-kokkolan-energia-oy-vuodenaika-uusiutuva,5000,changed,quarterly,quarterly,499.1367,441.3600000000002,recurring_forward_curve_shift,none,,canonical_interpretation_rejected_by_exact_target_validation|canonical_omitted_no_valid_interpretation_as_of_date|historical_temporal_source_validation_unavailable|observed_relational_uniform_monthly_consumption|relational_open_ended_no_proven_historical_adjustment_mechanism
2026-09-11,qutzbc-kokkolan-energia-oy-vuodenaika-uusiutuva,18000,changed,quarterly,quarterly,1717.956,1509.96,recurring_forward_curve_shift,none,,canonical_interpretation_rejected_by_exact_target_validation|canonical_omitted_no_valid_interpretation_as_of_date|historical_temporal_source_validation_unavailable|observed_relational_uniform_monthly_consumption|relational_open_ended_no_proven_historical_adjustment_mechanism
2026-09-11,quvnfq-fortum-markets-oy-fortum-kesto-aikasahko,2000,changed,open_ended,open_ended,278.86,416.3459472222222,hold_current_supplier_price,supplier_adjusted_forward_curve_shift,,exact_source_legacy_null_observation_binding|forward_month_from_quarter_contract|historical_exact_contract_only|historical_household_statistics_scope_assumed|price_episode_left_censored|price_episode_observed_proxy|price_episode_uses_retrospective_exact_source_interpretation|prior_energy_evidence_changed_unknown_or_conflicting|supplier_adjusted_monthly_fee_held_flat|supplier_adjusted_tail_shifted_on_forward_curve
2026-09-11,quvnfq-fortum-markets-oy-fortum-kesto-aikasahko,5000,changed,open_ended,open_ended,607.87,951.5848680555556,hold_current_supplier_price,supplier_adjusted_forward_curve_shift,,exact_source_legacy_null_observation_binding|forward_month_from_quarter_contract|historical_exact_contract_only|historical_household_statistics_scope_assumed|price_episode_left_censored|price_episode_observed_proxy|price_episode_uses_retrospective_exact_source_interpretation|prior_energy_evidence_changed_unknown_or_conflicting|supplier_adjusted_monthly_fee_held_flat|supplier_adjusted_tail_shifted_on_forward_curve
2026-09-11,quvnfq-fortum-markets-oy-fortum-kesto-aikasahko,18000,changed,open_ended,open_ended,2033.58,3270.953524999999,hold_current_supplier_price,supplier_adjusted_forward_curve_shift,,exact_source_legacy_null_observation_binding|forward_month_from_quarter_contract|historical_exact_contract_only|historical_household_statistics_scope_assumed|price_episode_left_censored|price_episode_observed_proxy|price_episode_uses_retrospective_exact_source_interpretation|prior_energy_evidence_changed_unknown_or_conflicting|supplier_adjusted_monthly_fee_held_flat|supplier_adjusted_tail_shifted_on_forward_curve
2026-09-11,r25sux-aanekosken-energia-oy-yleissahko,2000,changed,open_ended,open_ended,353.4,381.50851388888884,hold_current_supplier_price,supplier_adjusted_forward_curve_shift,,exact_source_legacy_null_observation_binding|forward_month_from_quarter_contract|historical_exact_contract_only|historical_household_statistics_scope_assumed|price_episode_left_censored|price_episode_observed_proxy|supplier_adjusted_monthly_fee_held_flat|supplier_adjusted_tail_shifted_on_forward_curve
2026-09-11,r25sux-aanekosken-energia-oy-yleissahko,5000,changed,open_ended,open_ended,830.4,900.6712847222223,hold_current_supplier_price,supplier_adjusted_forward_curve_shift,,exact_source_legacy_null_observation_binding|forward_month_from_quarter_contract|historical_exact_contract_only|historical_household_statistics_scope_assumed|price_episode_left_censored|price_episode_observed_proxy|supplier_adjusted_monthly_fee_held_flat|supplier_adjusted_tail_shifted_on_forward_curve
2026-09-11,r25sux-aanekosken-energia-oy-yleissahko,18000,changed,open_ended,open_ended,2897.4,3150.376625000001,hold_current_supplier_price,supplier_adjusted_forward_curve_shift,,exact_source_legacy_null_observation_binding|forward_month_from_quarter_contract|historical_exact_contract_only|historical_household_statistics_scope_assumed|price_episode_left_censored|price_episode_observed_proxy|supplier_adjusted_monthly_fee_held_flat|supplier_adjusted_tail_shifted_on_forward_curve
2026-09-11,rlqfli-seinajoen-energia-oy-se-oikea-yleissahko,2000,changed,open_ended,open_ended,228.8,230.40570277777772,hold_current_supplier_price,supplier_adjusted_forward_curve_shift,,exact_source_legacy_null_observation_binding|forward_month_from_quarter_contract|historical_exact_contract_only|historical_household_statistics_scope_assumed|price_episode_left_censored|price_episode_observed_proxy|supplier_adjusted_monthly_fee_held_flat|supplier_adjusted_tail_shifted_on_forward_curve
2026-09-11,rlqfli-seinajoen-energia-oy-se-oikea-yleissahko,5000,changed,open_ended,open_ended,499.1,503.11425694444443,hold_current_supplier_price,supplier_adjusted_forward_curve_shift,,exact_source_legacy_null_observation_binding|forward_month_from_quarter_contract|historical_exact_contract_only|historical_household_statistics_scope_assumed|price_episode_left_censored|price_episode_observed_proxy|supplier_adjusted_monthly_fee_held_flat|supplier_adjusted_tail_shifted_on_forward_curve
2026-09-11,rlqfli-seinajoen-energia-oy-se-oikea-yleissahko,18000,changed,open_ended,open_ended,1670.4,1684.8513249999999,hold_current_supplier_price,supplier_adjusted_forward_curve_shift,,exact_source_legacy_null_observation_binding|forward_month_from_quarter_contract|historical_exact_contract_only|historical_household_statistics_scope_assumed|price_episode_left_censored|price_episode_observed_proxy|supplier_adjusted_monthly_fee_held_flat|supplier_adjusted_tail_shifted_on_forward_curve
2026-09-11,rrjczl-seinajoen-energia-oy-se-oikea-vuodenaikasahko,2000,changed,open_ended,open_ended,242.195,243.80070277777773,hold_current_supplier_price,supplier_adjusted_forward_curve_shift,,exact_source_legacy_null_observation_binding|forward_month_from_quarter_contract|historical_exact_contract_only|historical_household_statistics_scope_assumed|price_episode_left_censored|price_episode_observed_proxy|supplier_adjusted_monthly_fee_held_flat|supplier_adjusted_tail_shifted_on_forward_curve
2026-09-11,rrjczl-seinajoen-energia-oy-se-oikea-vuodenaikasahko,5000,changed,open_ended,open_ended,514.4075,518.4217569444445,hold_current_supplier_price,supplier_adjusted_forward_curve_shift,,exact_source_legacy_null_observation_binding|forward_month_from_quarter_contract|historical_exact_contract_only|historical_household_statistics_scope_assumed|price_episode_left_censored|price_episode_observed_proxy|supplier_adjusted_monthly_fee_held_flat|supplier_adjusted_tail_shifted_on_forward_curve
2026-09-11,rrjczl-seinajoen-energia-oy-se-oikea-vuodenaikasahko,18000,changed,open_ended,open_ended,1693.995,1708.4463250000001,hold_current_supplier_price,supplier_adjusted_forward_curve_shift,,exact_source_legacy_null_observation_binding|forward_month_from_quarter_contract|historical_exact_contract_only|historical_household_statistics_scope_assumed|price_episode_left_censored|price_episode_observed_proxy|supplier_adjusted_monthly_fee_held_flat|supplier_adjusted_tail_shifted_on_forward_curve
2026-09-11,tiwz85-iin-energia-oy-kulutusvaikutustuote,2000,changed,quarterly,quarterly,190.3115,251.84000000000003,recurring_forward_curve_shift,none,,canonical_interpretation_rejected_by_exact_target_validation|canonical_omitted_no_valid_interpretation_as_of_date|observed_relational_uniform_monthly_consumption
2026-09-11,tiwz85-iin-energia-oy-kulutusvaikutustuote,5000,changed,quarterly,quarterly,366.5188,520.34,recurring_forward_curve_shift,none,,canonical_interpretation_rejected_by_exact_target_validation|canonical_omitted_no_valid_interpretation_as_of_date|observed_relational_uniform_monthly_consumption
2026-09-11,tiwz85-iin-energia-oy-kulutusvaikutustuote,18000,changed,quarterly,quarterly,1130.0838,1683.8399999999995,recurring_forward_curve_shift,none,,canonical_interpretation_rejected_by_exact_target_validation|canonical_omitted_no_valid_interpretation_as_of_date|observed_relational_uniform_monthly_consumption
2026-09-11,v7juwr-aanekosken-energia-oy-kausisahko,2000,changed,open_ended,open_ended,273.1917,406.74111041666663,hold_current_supplier_price,supplier_adjusted_forward_premium,,calendar_gap_within_observed_price_episode|exact_source_legacy_null_observation_binding|historical_exact_contract_only|historical_household_statistics_scope_assumed|lower_confidence_energy_episode_proxy|missing_own_reference_using_comparable_premium|price_episode_left_censored|price_episode_observed_proxy|price_episode_uses_dedicated_historical_interpretation|price_episode_uses_retrospective_exact_source_interpretation|supplier_adjusted_monthly_fee_held_flat|supplier_adjusted_tail_uses_comparable_forward_premium
2026-09-11,v7juwr-aanekosken-energia-oy-kausisahko,5000,changed,open_ended,open_ended,616.3792,950.2527760416668,hold_current_supplier_price,supplier_adjusted_forward_premium,,calendar_gap_within_observed_price_episode|exact_source_legacy_null_observation_binding|historical_exact_contract_only|historical_household_statistics_scope_assumed|lower_confidence_energy_episode_proxy|missing_own_reference_using_comparable_premium|price_episode_left_censored|price_episode_observed_proxy|price_episode_uses_dedicated_historical_interpretation|price_episode_uses_retrospective_exact_source_interpretation|supplier_adjusted_monthly_fee_held_flat|supplier_adjusted_tail_uses_comparable_forward_premium
2026-09-11,v7juwr-aanekosken-energia-oy-kausisahko,18000,changed,open_ended,open_ended,2103.525,3305.4699937500004,hold_current_supplier_price,supplier_adjusted_forward_premium,,calendar_gap_within_observed_price_episode|exact_source_legacy_null_observation_binding|historical_exact_contract_only|historical_household_statistics_scope_assumed|lower_confidence_energy_episode_proxy|missing_own_reference_using_comparable_premium|price_episode_left_censored|price_episode_observed_proxy|price_episode_uses_dedicated_historical_interpretation|price_episode_uses_retrospective_exact_source_interpretation|supplier_adjusted_monthly_fee_held_flat|supplier_adjusted_tail_uses_comparable_forward_premium
2026-09-11,w4k6um-keravan-energia-oy-perusfiksu-24kk,2000,lost,hybrid,hybrid,287.0052,,forward_curve_spot,none,canonical_outcome_not_listed,ambiguous_energy_mechanisms|exact_source_legacy_null_observation_binding|historical_household_statistics_scope_assumed
2026-09-11,w4k6um-keravan-energia-oy-perusfiksu-24kk,5000,lost,hybrid,hybrid,618.513,,forward_curve_spot,none,canonical_outcome_not_listed,ambiguous_energy_mechanisms|exact_source_legacy_null_observation_binding|historical_household_statistics_scope_assumed
2026-09-11,w4k6um-keravan-energia-oy-perusfiksu-24kk,18000,lost,hybrid,hybrid,2055.0468,,forward_curve_spot,none,canonical_outcome_not_listed,ambiguous_energy_mechanisms|exact_source_legacy_null_observation_binding|historical_household_statistics_scope_assumed
2026-09-11,wsnmgc-nurmijarven-sahko-oy-yleissahko,2000,changed,open_ended,open_ended,440.48,357.9017027777777,hold_current_supplier_price,supplier_adjusted_forward_premium,,calendar_gap_within_observed_price_episode|exact_source_legacy_null_observation_binding|historical_exact_contract_only|historical_household_statistics_scope_assumed|lower_confidence_energy_episode_proxy|missing_own_reference_using_comparable_premium|price_episode_left_censored|price_episode_observed_proxy|price_episode_uses_dedicated_historical_interpretation|price_episode_uses_retrospective_exact_source_interpretation|supplier_adjusted_monthly_fee_held_flat|supplier_adjusted_tail_uses_comparable_forward_premium
2026-09-11,wsnmgc-nurmijarven-sahko-oy-yleissahko,5000,changed,open_ended,open_ended,1047.38,840.9342569444443,hold_current_supplier_price,supplier_adjusted_forward_premium,,calendar_gap_within_observed_price_episode|exact_source_legacy_null_observation_binding|historical_exact_contract_only|historical_household_statistics_scope_assumed|lower_confidence_energy_episode_proxy|missing_own_reference_using_comparable_premium|price_episode_left_censored|price_episode_observed_proxy|price_episode_uses_dedicated_historical_interpretation|price_episode_uses_retrospective_exact_source_interpretation|supplier_adjusted_monthly_fee_held_flat|supplier_adjusted_tail_uses_comparable_forward_premium
2026-09-11,wsnmgc-nurmijarven-sahko-oy-yleissahko,18000,changed,open_ended,open_ended,3677.28,2934.075324999999,hold_current_supplier_price,supplier_adjusted_forward_premium,,calendar_gap_within_observed_price_episode|exact_source_legacy_null_observation_binding|historical_exact_contract_only|historical_household_statistics_scope_assumed|lower_confidence_energy_episode_proxy|missing_own_reference_using_comparable_premium|price_episode_left_censored|price_episode_observed_proxy|price_episode_uses_dedicated_historical_interpretation|price_episode_uses_retrospective_exact_source_interpretation|supplier_adjusted_monthly_fee_held_flat|supplier_adjusted_tail_uses_comparable_forward_premium
2026-09-11,xam9ev-hehku-energia-oy-hehku-jatkuva,2000,lost,open_ended,open_ended,351.9,,none,none,canonical_outcome_not_listed,exact_source_legacy_null_observation_binding|historical_household_statistics_scope_assumed|insufficient_promotion_terms
2026-09-11,xam9ev-hehku-energia-oy-hehku-jatkuva,5000,lost,open_ended,open_ended,798.9,,none,none,canonical_outcome_not_listed,exact_source_legacy_null_observation_binding|historical_household_statistics_scope_assumed|insufficient_promotion_terms
2026-09-11,xam9ev-hehku-energia-oy-hehku-jatkuva,18000,lost,open_ended,open_ended,2735.9,,none,none,canonical_outcome_not_listed,exact_source_legacy_null_observation_binding|historical_household_statistics_scope_assumed|insufficient_promotion_terms
2026-09-11,xlclt2-sahkotytot-oy-porssisahko-tarjous-ilmainen-perusmaksu-ensimmaiset-3kk,2000,lost,spot,spot,235.3552,,forward_curve_spot,,exact_date_components_unavailable,canonical_interpretation_rejected_by_exact_target_validation|canonical_omitted_no_valid_interpretation_as_of_date|historical_temporal_source_validation_unavailable|observed_relational_uniform_monthly_consumption
2026-09-11,xlclt2-sahkotytot-oy-porssisahko-tarjous-ilmainen-perusmaksu-ensimmaiset-3kk,5000,lost,spot,spot,562.063,,forward_curve_spot,,exact_date_components_unavailable,canonical_interpretation_rejected_by_exact_target_validation|canonical_omitted_no_valid_interpretation_as_of_date|historical_temporal_source_validation_unavailable|observed_relational_uniform_monthly_consumption
2026-09-11,xlclt2-sahkotytot-oy-porssisahko-tarjous-ilmainen-perusmaksu-ensimmaiset-3kk,18000,lost,spot,spot,1977.7968,,forward_curve_spot,,exact_date_components_unavailable,canonical_interpretation_rejected_by_exact_target_validation|canonical_omitted_no_valid_interpretation_as_of_date|historical_temporal_source_validation_unavailable|observed_relational_uniform_monthly_consumption
2026-09-11,xx5uxn-oomi-oy-toimitusvelvollinen-sahko,2000,changed,open_ended,open_ended,377.4783,426.9722215277777,hold_current_supplier_price,supplier_adjusted_forward_premium,,calendar_gap_within_observed_price_episode|exact_source_legacy_null_observation_binding|historical_exact_contract_only|historical_household_statistics_scope_assumed|lower_confidence_energy_episode_proxy|missing_own_reference_using_comparable_premium|price_episode_left_censored|price_episode_observed_proxy|price_episode_uses_dedicated_historical_interpretation|price_episode_uses_retrospective_exact_source_interpretation|supplier_adjusted_monthly_fee_held_flat|supplier_adjusted_tail_uses_comparable_forward_premium
2026-09-11,xx5uxn-oomi-oy-toimitusvelvollinen-sahko,5000,changed,open_ended,open_ended,854.4158,978.1505538194446,hold_current_supplier_price,supplier_adjusted_forward_premium,,calendar_gap_within_observed_price_episode|exact_source_legacy_null_observation_binding|historical_exact_contract_only|historical_household_statistics_scope_assumed|lower_confidence_energy_episode_proxy|missing_own_reference_using_comparable_premium|price_episode_left_censored|price_episode_observed_proxy|price_episode_uses_dedicated_historical_interpretation|price_episode_uses_retrospective_exact_source_interpretation|supplier_adjusted_monthly_fee_held_flat|supplier_adjusted_tail_uses_comparable_forward_premium
2026-09-11,xx5uxn-oomi-oy-toimitusvelvollinen-sahko,18000,changed,open_ended,open_ended,2921.145,3366.5899937499994,hold_current_supplier_price,supplier_adjusted_forward_premium,,calendar_gap_within_observed_price_episode|exact_source_legacy_null_observation_binding|historical_exact_contract_only|historical_household_statistics_scope_assumed|lower_confidence_energy_episode_proxy|missing_own_reference_using_comparable_premium|price_episode_left_censored|price_episode_observed_proxy|price_episode_uses_dedicated_historical_interpretation|price_episode_uses_retrospective_exact_source_interpretation|supplier_adjusted_monthly_fee_held_flat|supplier_adjusted_tail_uses_comparable_forward_premium
2026-09-11,ymqe7v-helen-oy-perussahko,2000,changed,open_ended,open_ended,342.88,386.4794805555555,hold_current_supplier_price,supplier_adjusted_forward_premium,,calendar_gap_within_observed_price_episode|exact_source_legacy_null_observation_binding|historical_exact_contract_only|historical_household_statistics_scope_assumed|lower_confidence_energy_episode_proxy|missing_own_reference_using_comparable_premium|price_episode_left_censored|price_episode_observed_proxy|price_episode_uses_dedicated_historical_interpretation|price_episode_uses_retrospective_exact_source_interpretation|supplier_adjusted_monthly_fee_held_flat|supplier_adjusted_tail_uses_comparable_forward_premium
2026-09-11,ymqe7v-helen-oy-perussahko,5000,changed,open_ended,open_ended,749.38,858.3787013888887,hold_current_supplier_price,supplier_adjusted_forward_premium,,calendar_gap_within_observed_price_episode|exact_source_legacy_null_observation_binding|historical_exact_contract_only|historical_household_statistics_scope_assumed|lower_confidence_energy_episode_proxy|missing_own_reference_using_comparable_premium|price_episode_left_censored|price_episode_observed_proxy|price_episode_uses_dedicated_historical_interpretation|price_episode_uses_retrospective_exact_source_interpretation|supplier_adjusted_monthly_fee_held_flat|supplier_adjusted_tail_uses_comparable_forward_premium
2026-09-11,ymqe7v-helen-oy-perussahko,18000,changed,open_ended,open_ended,2510.88,2903.2753249999996,hold_current_supplier_price,supplier_adjusted_forward_premium,,calendar_gap_within_observed_price_episode|exact_source_legacy_null_observation_binding|historical_exact_contract_only|historical_household_statistics_scope_assumed|lower_confidence_energy_episode_proxy|missing_own_reference_using_comparable_premium|price_episode_left_censored|price_episode_observed_proxy|price_episode_uses_dedicated_historical_interpretation|price_episode_uses_retrospective_exact_source_interpretation|supplier_adjusted_monthly_fee_held_flat|supplier_adjusted_tail_uses_comparable_forward_premium
2026-09-11,yzrni3-aanekosken-energia-oy-yleissahko,2000,changed,open_ended,open_ended,273.4,301.5085138888889,hold_current_supplier_price,supplier_adjusted_forward_curve_shift,,exact_source_legacy_null_observation_binding|forward_month_from_quarter_contract|historical_exact_contract_only|historical_household_statistics_scope_assumed|price_episode_left_censored|price_episode_observed_proxy|supplier_adjusted_monthly_fee_held_flat|supplier_adjusted_tail_shifted_on_forward_curve
2026-09-11,yzrni3-aanekosken-energia-oy-yleissahko,5000,changed,open_ended,open_ended,630.4,700.6712847222223,hold_current_supplier_price,supplier_adjusted_forward_curve_shift,,exact_source_legacy_null_observation_binding|forward_month_from_quarter_contract|historical_exact_contract_only|historical_household_statistics_scope_assumed|price_episode_left_censored|price_episode_observed_proxy|supplier_adjusted_monthly_fee_held_flat|supplier_adjusted_tail_shifted_on_forward_curve
2026-09-11,yzrni3-aanekosken-energia-oy-yleissahko,18000,changed,open_ended,open_ended,2177.4,2430.376625,hold_current_supplier_price,supplier_adjusted_forward_curve_shift,,exact_source_legacy_null_observation_binding|forward_month_from_quarter_contract|historical_exact_contract_only|historical_household_statistics_scope_assumed|price_episode_left_censored|price_episode_observed_proxy|supplier_adjusted_monthly_fee_held_flat|supplier_adjusted_tail_shifted_on_forward_curve
2026-09-11,zols7u-vaasan-sahko-myynti-oy-kiintea-6-kk-yosahko,2000,changed,fixed_term_6,fixed_term_6,366.65,360.20922939068095,none,term_price_annualized,,exact_source_legacy_null_observation_binding|historical_household_statistics_scope_assumed|term_price_annualized
2026-09-11,zols7u-vaasan-sahko-myynti-oy-kiintea-6-kk-yosahko,5000,changed,fixed_term_6,fixed_term_6,819.275,812.0230734767026,none,term_price_annualized,,exact_source_legacy_null_observation_binding|historical_household_statistics_scope_assumed|term_price_annualized
2026-09-11,zols7u-vaasan-sahko-myynti-oy-kiintea-6-kk-yosahko,18000,changed,fixed_term_6,fixed_term_6,2780.65,2769.883064516129,none,term_price_annualized,,exact_source_legacy_null_observation_binding|historical_household_statistics_scope_assumed|term_price_annualized
2026-09-11,zrxwlb-vaasan-sahko-myynti-oy-toimitusvelvollinen-perussahko,2000,changed,quarterly,quarterly,292.2367,216.79999999999998,recurring_forward_curve_shift,none,,canonical_interpretation_rejected_by_exact_target_validation|canonical_omitted_no_valid_interpretation_as_of_date|observed_relational_uniform_monthly_consumption|relational_open_ended_no_proven_historical_adjustment_mechanism
2026-09-11,zrxwlb-vaasan-sahko-myynti-oy-toimitusvelvollinen-perussahko,5000,changed,quarterly,quarterly,642.3916,453.8,recurring_forward_curve_shift,none,,canonical_interpretation_rejected_by_exact_target_validation|canonical_omitted_no_valid_interpretation_as_of_date|observed_relational_uniform_monthly_consumption|relational_open_ended_no_proven_historical_adjustment_mechanism
2026-09-11,zrxwlb-vaasan-sahko-myynti-oy-toimitusvelvollinen-perussahko,18000,changed,quarterly,quarterly,2159.7299,1480.8000000000002,recurring_forward_curve_shift,none,,canonical_interpretation_rejected_by_exact_target_validation|canonical_omitted_no_valid_interpretation_as_of_date|observed_relational_uniform_monthly_consumption|relational_open_ended_no_proven_historical_adjustment_mechanism
2026-09-11,zsxqiy-oomi-oy-toimitusvelvollinen-sahko,2000,changed,open_ended,open_ended,407.32,416.3611863888889,hold_current_supplier_price,supplier_adjusted_forward_premium,,calendar_gap_within_observed_price_episode|exact_source_legacy_null_observation_binding|historical_exact_contract_only|historical_household_statistics_scope_assumed|lower_confidence_energy_episode_proxy|missing_own_reference_using_comparable_premium|price_episode_left_censored|price_episode_observed_proxy|price_episode_uses_dedicated_historical_interpretation|price_episode_uses_retrospective_exact_source_interpretation|supplier_adjusted_monthly_fee_held_flat|supplier_adjusted_tail_uses_comparable_forward_premium
2026-09-11,zsxqiy-oomi-oy-toimitusvelvollinen-sahko,5000,changed,open_ended,open_ended,929.02,951.6229659722222,hold_current_supplier_price,supplier_adjusted_forward_premium,,calendar_gap_within_observed_price_episode|exact_source_legacy_null_observation_binding|historical_exact_contract_only|historical_household_statistics_scope_assumed|lower_confidence_energy_episode_proxy|missing_own_reference_using_comparable_premium|price_episode_left_censored|price_episode_observed_proxy|price_episode_uses_dedicated_historical_interpretation|price_episode_uses_retrospective_exact_source_interpretation|supplier_adjusted_monthly_fee_held_flat|supplier_adjusted_tail_uses_comparable_forward_premium
2026-09-11,zsxqiy-oomi-oy-toimitusvelvollinen-sahko,18000,changed,open_ended,open_ended,3189.72,3271.0906775000003,hold_current_supplier_price,supplier_adjusted_forward_premium,,calendar_gap_within_observed_price_episode|exact_source_legacy_null_observation_binding|historical_exact_contract_only|historical_household_statistics_scope_assumed|lower_confidence_energy_episode_proxy|missing_own_reference_using_comparable_premium|price_episode_left_censored|price_episode_observed_proxy|price_episode_uses_dedicated_historical_interpretation|price_episode_uses_retrospective_exact_source_interpretation|supplier_adjusted_monthly_fee_held_flat|supplier_adjusted_tail_uses_comparable_forward_premium
2026-09-12,2wzfba-oomi-oy-oomi-vakaa,2000,changed,open_ended,open_ended,265.6362,370.3866419444444,supplier_adjusted_spot_seasonal_index,supplier_adjusted_forward_premium,,canonical_interpretation_rejected_by_exact_target_validation|exact_source_legacy_null_observation_binding|historical_exact_contract_only|historical_household_statistics_scope_assumed|historical_temporal_source_validation_unavailable|lower_confidence_energy_episode_proxy|missing_own_reference_using_comparable_premium|price_episode_left_censored|price_episode_observed_proxy|price_episode_uses_dedicated_historical_interpretation|price_episode_uses_retrospective_exact_source_interpretation|supplier_adjusted_monthly_fee_held_flat|supplier_adjusted_tail_uses_comparable_forward_premium
2026-09-12,2wzfba-oomi-oy-oomi-vakaa,5000,changed,open_ended,open_ended,574.8104,836.6866048611112,supplier_adjusted_spot_seasonal_index,supplier_adjusted_forward_premium,,canonical_interpretation_rejected_by_exact_target_validation|exact_source_legacy_null_observation_binding|historical_exact_contract_only|historical_household_statistics_scope_assumed|historical_temporal_source_validation_unavailable|lower_confidence_energy_episode_proxy|missing_own_reference_using_comparable_premium|price_episode_left_censored|price_episode_observed_proxy|price_episode_uses_dedicated_historical_interpretation|price_episode_uses_retrospective_exact_source_interpretation|supplier_adjusted_monthly_fee_held_flat|supplier_adjusted_tail_uses_comparable_forward_premium
2026-09-12,2wzfba-oomi-oy-oomi-vakaa,18000,changed,open_ended,open_ended,1914.5656,2857.3197775000003,supplier_adjusted_spot_seasonal_index,supplier_adjusted_forward_premium,,canonical_interpretation_rejected_by_exact_target_validation|exact_source_legacy_null_observation_binding|historical_exact_contract_only|historical_household_statistics_scope_assumed|historical_temporal_source_validation_unavailable|lower_confidence_energy_episode_proxy|missing_own_reference_using_comparable_premium|price_episode_left_censored|price_episode_observed_proxy|price_episode_uses_dedicated_historical_interpretation|price_episode_uses_retrospective_exact_source_interpretation|supplier_adjusted_monthly_fee_held_flat|supplier_adjusted_tail_uses_comparable_forward_premium
2026-09-12,4rzdsm-lammaisten-energia-oy-toimitusvelvollinen-yleissahko,2000,changed,open_ended,open_ended,263.6819,471.71009277777773,supplier_adjusted_spot_seasonal_index,supplier_adjusted_forward_curve_shift,,exact_source_legacy_null_observation_binding|forward_month_from_quarter_contract|historical_exact_contract_only|historical_household_statistics_scope_assumed|price_episode_left_censored|price_episode_observed_proxy|prior_energy_evidence_changed_unknown_or_conflicting|supplier_adjusted_monthly_fee_held_flat|supplier_adjusted_tail_shifted_on_forward_curve
2026-09-12,4rzdsm-lammaisten-energia-oy-toimitusvelvollinen-yleissahko,5000,changed,open_ended,open_ended,577.3047,1097.3752319444445,supplier_adjusted_spot_seasonal_index,supplier_adjusted_forward_curve_shift,,exact_source_legacy_null_observation_binding|forward_month_from_quarter_contract|historical_exact_contract_only|historical_household_statistics_scope_assumed|price_episode_left_censored|price_episode_observed_proxy|prior_energy_evidence_changed_unknown_or_conflicting|supplier_adjusted_monthly_fee_held_flat|supplier_adjusted_tail_shifted_on_forward_curve
2026-09-12,4rzdsm-lammaisten-energia-oy-toimitusvelvollinen-yleissahko,18000,changed,open_ended,open_ended,1936.3369,3808.5908349999995,supplier_adjusted_spot_seasonal_index,supplier_adjusted_forward_curve_shift,,exact_source_legacy_null_observation_binding|forward_month_from_quarter_contract|historical_exact_contract_only|historical_household_statistics_scope_assumed|price_episode_left_censored|price_episode_observed_proxy|prior_energy_evidence_changed_unknown_or_conflicting|supplier_adjusted_monthly_fee_held_flat|supplier_adjusted_tail_shifted_on_forward_curve
2026-09-12,68g91h-keuruun-sahko-oy-yosahko,2000,changed,open_ended,open_ended,229.3506,401.14090018055555,supplier_adjusted_spot_seasonal_index,supplier_adjusted_forward_premium,,calendar_gap_within_observed_price_episode|canonical_interpretation_rejected_by_exact_target_validation|exact_source_legacy_null_observation_binding|historical_exact_contract_only|historical_household_statistics_scope_assumed|lower_confidence_energy_episode_proxy|missing_own_reference_using_comparable_premium|price_episode_left_censored|price_episode_observed_proxy|price_episode_uses_dedicated_historical_interpretation|price_episode_uses_retrospective_exact_source_interpretation|supplier_adjusted_monthly_fee_held_flat|supplier_adjusted_tail_uses_comparable_forward_premium
2026-09-12,68g91h-keuruun-sahko-oy-yosahko,5000,changed,open_ended,open_ended,491.4765,920.9522504513891,supplier_adjusted_spot_seasonal_index,supplier_adjusted_forward_premium,,calendar_gap_within_observed_price_episode|canonical_interpretation_rejected_by_exact_target_validation|exact_source_legacy_null_observation_binding|historical_exact_contract_only|historical_household_statistics_scope_assumed|lower_confidence_energy_episode_proxy|missing_own_reference_using_comparable_premium|price_episode_left_censored|price_episode_observed_proxy|price_episode_uses_dedicated_historical_interpretation|price_episode_uses_retrospective_exact_source_interpretation|supplier_adjusted_monthly_fee_held_flat|supplier_adjusted_tail_uses_comparable_forward_premium
2026-09-12,68g91h-keuruun-sahko-oy-yosahko,18000,changed,open_ended,open_ended,1627.3556,3173.468101625,supplier_adjusted_spot_seasonal_index,supplier_adjusted_forward_premium,,calendar_gap_within_observed_price_episode|canonical_interpretation_rejected_by_exact_target_validation|exact_source_legacy_null_observation_binding|historical_exact_contract_only|historical_household_statistics_scope_assumed|lower_confidence_energy_episode_proxy|missing_own_reference_using_comparable_premium|price_episode_left_censored|price_episode_observed_proxy|price_episode_uses_dedicated_historical_interpretation|price_episode_uses_retrospective_exact_source_interpretation|supplier_adjusted_monthly_fee_held_flat|supplier_adjusted_tail_uses_comparable_forward_premium
2026-09-12,bcbofi-kokkolan-energia-oy-ranta-18-kk,2000,changed,fixed_term_13_23,fixed_term_13_23,295.28,295.2799999999999,none,none,,canonical_interpretation_rejected_by_exact_target_validation|canonical_omitted_no_valid_interpretation_as_of_date|historical_temporal_source_validation_unavailable|observed_relational_uniform_monthly_consumption
2026-09-12,bcbofi-kokkolan-energia-oy-ranta-18-kk,5000,changed,fixed_term_13_23,fixed_term_13_23,666.38,666.3800000000001,none,none,,canonical_interpretation_rejected_by_exact_target_validation|canonical_omitted_no_valid_interpretation_as_of_date|historical_temporal_source_validation_unavailable|observed_relational_uniform_monthly_consumption
2026-09-12,bcbofi-kokkolan-energia-oy-ranta-18-kk,18000,changed,fixed_term_13_23,fixed_term_13_23,2274.48,2274.48,none,none,,canonical_interpretation_rejected_by_exact_target_validation|canonical_omitted_no_valid_interpretation_as_of_date|historical_temporal_source_validation_unavailable|observed_relational_uniform_monthly_consumption
2026-09-12,bgbqwj-imatran-seudun-sahko-oy-huoleton,2000,changed,open_ended,open_ended,398.5871,470.45980083333325,supplier_adjusted_forward_curve_shift,supplier_adjusted_forward_curve_shift,,exact_source_legacy_null_observation_binding|forward_month_from_quarter_contract|historical_exact_contract_only|historical_household_statistics_scope_assumed|price_episode_left_censored|price_episode_observed_proxy|price_episode_uses_retrospective_exact_source_interpretation|prior_energy_evidence_changed_unknown_or_conflicting|supplier_adjusted_monthly_fee_held_flat|supplier_adjusted_tail_shifted_on_forward_curve
2026-09-12,bgbqwj-imatran-seudun-sahko-oy-huoleton,5000,changed,open_ended,open_ended,908.2678,1087.9495020833333,supplier_adjusted_forward_curve_shift,supplier_adjusted_forward_curve_shift,,exact_source_legacy_null_observation_binding|forward_month_from_quarter_contract|historical_exact_contract_only|historical_household_statistics_scope_assumed|price_episode_left_censored|price_episode_observed_proxy|price_episode_uses_retrospective_exact_source_interpretation|prior_energy_evidence_changed_unknown_or_conflicting|supplier_adjusted_monthly_fee_held_flat|supplier_adjusted_tail_shifted_on_forward_curve
2026-09-12,bgbqwj-imatran-seudun-sahko-oy-huoleton,18000,changed,open_ended,open_ended,3116.8842,3763.7382075,supplier_adjusted_forward_curve_shift,supplier_adjusted_forward_curve_shift,,exact_source_legacy_null_observation_binding|forward_month_from_quarter_contract|historical_exact_contract_only|historical_household_statistics_scope_assumed|price_episode_left_censored|price_episode_observed_proxy|price_episode_uses_retrospective_exact_source_interpretation|prior_energy_evidence_changed_unknown_or_conflicting|supplier_adjusted_monthly_fee_held_flat|supplier_adjusted_tail_shifted_on_forward_curve
2026-09-12,ccs6hf-keuruun-sahko-oy-yleissahko,2000,changed,open_ended,open_ended,225.5452,360.7338641666666,supplier_adjusted_spot_seasonal_index,supplier_adjusted_forward_premium,,calendar_gap_within_observed_price_episode|exact_source_legacy_null_observation_binding|historical_exact_contract_only|historical_household_statistics_scope_assumed|lower_confidence_energy_episode_proxy|missing_own_reference_using_comparable_premium|price_episode_left_censored|price_episode_observed_proxy|price_episode_uses_dedicated_historical_interpretation|price_episode_uses_retrospective_exact_source_interpretation|supplier_adjusted_monthly_fee_held_flat|supplier_adjusted_tail_uses_comparable_forward_premium
2026-09-12,ccs6hf-keuruun-sahko-oy-yleissahko,5000,changed,open_ended,open_ended,485.563,823.5346604166667,supplier_adjusted_spot_seasonal_index,supplier_adjusted_forward_premium,,calendar_gap_within_observed_price_episode|exact_source_legacy_null_observation_binding|historical_exact_contract_only|historical_household_statistics_scope_assumed|lower_confidence_energy_episode_proxy|missing_own_reference_using_comparable_premium|price_episode_left_censored|price_episode_observed_proxy|price_episode_uses_dedicated_historical_interpretation|price_episode_uses_retrospective_exact_source_interpretation|supplier_adjusted_monthly_fee_held_flat|supplier_adjusted_tail_uses_comparable_forward_premium
2026-09-12,ccs6hf-keuruun-sahko-oy-yleissahko,18000,changed,open_ended,open_ended,1612.3067,2829.0047775,supplier_adjusted_spot_seasonal_index,supplier_adjusted_forward_premium,,calendar_gap_within_observed_price_episode|exact_source_legacy_null_observation_binding|historical_exact_contract_only|historical_household_statistics_scope_assumed|lower_confidence_energy_episode_proxy|missing_own_reference_using_comparable_premium|price_episode_left_censored|price_episode_observed_proxy|price_episode_uses_dedicated_historical_interpretation|price_episode_uses_retrospective_exact_source_interpretation|supplier_adjusted_monthly_fee_held_flat|supplier_adjusted_tail_uses_comparable_forward_premium
2026-09-12,djobdk-vihrea-alyenergia-oy-vire-tuuli-opiskelija,2000,lost,spot,spot,237.5708,,forward_curve_spot,,exact_date_components_unavailable,canonical_interpretation_rejected_by_exact_target_validation|canonical_omitted_no_valid_interpretation_as_of_date|historical_temporal_source_validation_unavailable|observed_relational_uniform_monthly_consumption
2026-09-12,djobdk-vihrea-alyenergia-oy-vire-tuuli-opiskelija,5000,lost,spot,spot,576.107,,forward_curve_spot,,exact_date_components_unavailable,canonical_interpretation_rejected_by_exact_target_validation|canonical_omitted_no_valid_interpretation_as_of_date|historical_temporal_source_validation_unavailable|observed_relational_uniform_monthly_consumption
2026-09-12,dnxerq-fortum-markets-oy-fortum-kesto-kausisahko,2000,changed,open_ended,open_ended,376.7213,456.3923008333333,supplier_adjusted_forward_curve_shift,supplier_adjusted_forward_curve_shift,,canonical_interpretation_rejected_by_exact_target_validation|exact_source_legacy_null_observation_binding|forward_month_from_quarter_contract|historical_exact_contract_only|historical_household_statistics_scope_assumed|price_episode_left_censored|price_episode_observed_proxy|price_episode_uses_retrospective_exact_source_interpretation|prior_energy_evidence_changed_unknown_or_conflicting|supplier_adjusted_monthly_fee_held_flat|supplier_adjusted_tail_shifted_on_forward_curve
2026-09-12,dnxerq-fortum-markets-oy-fortum-kesto-kausisahko,5000,changed,open_ended,open_ended,852.5234,1051.7007520833333,supplier_adjusted_forward_curve_shift,supplier_adjusted_forward_curve_shift,,canonical_interpretation_rejected_by_exact_target_validation|exact_source_legacy_null_observation_binding|forward_month_from_quarter_contract|historical_exact_contract_only|historical_household_statistics_scope_assumed|price_episode_left_censored|price_episode_observed_proxy|price_episode_uses_retrospective_exact_source_interpretation|prior_energy_evidence_changed_unknown_or_conflicting|supplier_adjusted_monthly_fee_held_flat|supplier_adjusted_tail_shifted_on_forward_curve
2026-09-12,dnxerq-fortum-markets-oy-fortum-kesto-kausisahko,18000,changed,open_ended,open_ended,2914.3321,3631.3707075,supplier_adjusted_forward_curve_shift,supplier_adjusted_forward_curve_shift,,canonical_interpretation_rejected_by_exact_target_validation|exact_source_legacy_null_observation_binding|forward_month_from_quarter_contract|historical_exact_contract_only|historical_household_statistics_scope_assumed|price_episode_left_censored|price_episode_observed_proxy|price_episode_uses_retrospective_exact_source_interpretation|prior_energy_evidence_changed_unknown_or_conflicting|supplier_adjusted_monthly_fee_held_flat|supplier_adjusted_tail_shifted_on_forward_curve
2026-09-12,frx7ys-lammaisten-energia-oy-toimitusvelvollinen-aikasahko,2000,changed,open_ended,open_ended,272.1715,477.9500927777778,supplier_adjusted_spot_seasonal_index,supplier_adjusted_forward_curve_shift,,exact_source_legacy_null_observation_binding|forward_month_from_quarter_contract|historical_exact_contract_only|historical_household_statistics_scope_assumed|price_episode_left_censored|price_episode_observed_proxy|prior_energy_evidence_changed_unknown_or_conflicting|supplier_adjusted_monthly_fee_held_flat|supplier_adjusted_tail_shifted_on_forward_curve
2026-09-12,frx7ys-lammaisten-energia-oy-toimitusvelvollinen-aikasahko,5000,changed,open_ended,open_ended,598.5287,1112.9752319444447,supplier_adjusted_spot_seasonal_index,supplier_adjusted_forward_curve_shift,,exact_source_legacy_null_observation_binding|forward_month_from_quarter_contract|historical_exact_contract_only|historical_household_statistics_scope_assumed|price_episode_left_censored|price_episode_observed_proxy|prior_energy_evidence_changed_unknown_or_conflicting|supplier_adjusted_monthly_fee_held_flat|supplier_adjusted_tail_shifted_on_forward_curve
2026-09-12,frx7ys-lammaisten-energia-oy-toimitusvelvollinen-aikasahko,18000,changed,open_ended,open_ended,2012.7433,3864.750835,supplier_adjusted_spot_seasonal_index,supplier_adjusted_forward_curve_shift,,exact_source_legacy_null_observation_binding|forward_month_from_quarter_contract|historical_exact_contract_only|historical_household_statistics_scope_assumed|price_episode_left_censored|price_episode_observed_proxy|prior_energy_evidence_changed_unknown_or_conflicting|supplier_adjusted_monthly_fee_held_flat|supplier_adjusted_tail_shifted_on_forward_curve
2026-09-12,fu2xdq-vattenfall-oy-kesto,2000,changed,open_ended,open_ended,261.6059,365.5299752777777,supplier_adjusted_spot_seasonal_index,supplier_adjusted_forward_premium,,calendar_gap_within_observed_price_episode|exact_source_legacy_null_observation_binding|historical_exact_contract_only|historical_household_statistics_scope_assumed|lower_confidence_energy_episode_proxy|missing_own_reference_using_comparable_premium|price_episode_left_censored|price_episode_observed_proxy|price_episode_uses_dedicated_historical_interpretation|price_episode_uses_retrospective_exact_source_interpretation|supplier_adjusted_monthly_fee_held_flat|supplier_adjusted_tail_uses_comparable_forward_premium
2026-09-12,fu2xdq-vattenfall-oy-kesto,5000,changed,open_ended,open_ended,572.1147,831.9249381944444,supplier_adjusted_spot_seasonal_index,supplier_adjusted_forward_premium,,calendar_gap_within_observed_price_episode|exact_source_legacy_null_observation_binding|historical_exact_contract_only|historical_household_statistics_scope_assumed|lower_confidence_energy_episode_proxy|missing_own_reference_using_comparable_premium|price_episode_left_censored|price_episode_observed_proxy|price_episode_uses_dedicated_historical_interpretation|price_episode_uses_retrospective_exact_source_interpretation|supplier_adjusted_monthly_fee_held_flat|supplier_adjusted_tail_uses_comparable_forward_premium
2026-09-12,fu2xdq-vattenfall-oy-kesto,18000,changed,open_ended,open_ended,1917.653,2852.9697775000004,supplier_adjusted_spot_seasonal_index,supplier_adjusted_forward_premium,,calendar_gap_within_observed_price_episode|exact_source_legacy_null_observation_binding|historical_exact_contract_only|historical_household_statistics_scope_assumed|lower_confidence_energy_episode_proxy|missing_own_reference_using_comparable_premium|price_episode_left_censored|price_episode_observed_proxy|price_episode_uses_dedicated_historical_interpretation|price_episode_uses_retrospective_exact_source_interpretation|supplier_adjusted_monthly_fee_held_flat|supplier_adjusted_tail_uses_comparable_forward_premium
2026-09-12,gaclxq-koillis-satakunnan-sahko-oy-joustowirta-12-kk,2000,changed,hybrid,hybrid,258.84,258.84,hybrid_base_only,none,,canonical_interpretation_rejected_by_exact_target_validation|canonical_omitted_no_valid_interpretation_as_of_date|historical_temporal_source_validation_unavailable|observed_relational_uniform_monthly_consumption
2026-09-12,gaclxq-koillis-satakunnan-sahko-oy-joustowirta-12-kk,5000,changed,hybrid,hybrid,565.74,565.7399999999999,hybrid_base_only,none,,canonical_interpretation_rejected_by_exact_target_validation|canonical_omitted_no_valid_interpretation_as_of_date|historical_temporal_source_validation_unavailable|observed_relational_uniform_monthly_consumption
2026-09-12,gaclxq-koillis-satakunnan-sahko-oy-joustowirta-12-kk,18000,changed,hybrid,hybrid,1895.64,1895.64,hybrid_base_only,none,,canonical_interpretation_rejected_by_exact_target_validation|canonical_omitted_no_valid_interpretation_as_of_date|historical_temporal_source_validation_unavailable|observed_relational_uniform_monthly_consumption
2026-09-12,gduez1-parikkalan-valo-oy-kesto-valo-kanta-asiakas,2000,changed,open_ended,open_ended,247.3842,319.33491166666676,supplier_adjusted_spot_seasonal_index,supplier_adjusted_forward_premium,,calendar_gap_within_observed_price_episode|exact_source_legacy_null_observation_binding|historical_exact_contract_only|historical_household_statistics_scope_assumed|lower_confidence_energy_episode_proxy|missing_own_reference_using_comparable_premium|price_episode_left_censored|price_episode_observed_proxy|price_episode_uses_dedicated_historical_interpretation|price_episode_uses_retrospective_exact_source_interpretation|supplier_adjusted_monthly_fee_held_flat|supplier_adjusted_tail_uses_comparable_forward_premium
2026-09-12,gduez1-parikkalan-valo-oy-kesto-valo-kanta-asiakas,5000,changed,open_ended,open_ended,534.7606,714.6372791666668,supplier_adjusted_spot_seasonal_index,supplier_adjusted_forward_premium,,calendar_gap_within_observed_price_episode|exact_source_legacy_null_observation_binding|historical_exact_contract_only|historical_household_statistics_scope_assumed|lower_confidence_energy_episode_proxy|missing_own_reference_using_comparable_premium|price_episode_left_censored|price_episode_observed_proxy|price_episode_uses_dedicated_historical_interpretation|price_episode_uses_retrospective_exact_source_interpretation|supplier_adjusted_monthly_fee_held_flat|supplier_adjusted_tail_uses_comparable_forward_premium
2026-09-12,gduez1-parikkalan-valo-oy-kesto-valo-kanta-asiakas,18000,changed,open_ended,open_ended,1780.0582,2427.6142050000003,supplier_adjusted_spot_seasonal_index,supplier_adjusted_forward_premium,,calendar_gap_within_observed_price_episode|exact_source_legacy_null_observation_binding|historical_exact_contract_only|historical_household_statistics_scope_assumed|lower_confidence_energy_episode_proxy|missing_own_reference_using_comparable_premium|price_episode_left_censored|price_episode_observed_proxy|price_episode_uses_dedicated_historical_interpretation|price_episode_uses_retrospective_exact_source_interpretation|supplier_adjusted_monthly_fee_held_flat|supplier_adjusted_tail_uses_comparable_forward_premium
2026-09-12,gjhzfc-kokkolan-energia-oy-vuodenaika-uusiutuva,2000,changed,quarterly,quarterly,266.188,194.75999999999996,recurring_forward_curve_shift,none,,canonical_interpretation_rejected_by_exact_target_validation|canonical_omitted_no_valid_interpretation_as_of_date|historical_temporal_source_validation_unavailable|observed_relational_uniform_monthly_consumption|relational_open_ended_no_proven_historical_adjustment_mechanism
2026-09-12,gjhzfc-kokkolan-energia-oy-vuodenaika-uusiutuva,5000,changed,quarterly,quarterly,619.93,441.3600000000002,recurring_forward_curve_shift,none,,canonical_interpretation_rejected_by_exact_target_validation|canonical_omitted_no_valid_interpretation_as_of_date|historical_temporal_source_validation_unavailable|observed_relational_uniform_monthly_consumption|relational_open_ended_no_proven_historical_adjustment_mechanism
2026-09-12,gjhzfc-kokkolan-energia-oy-vuodenaika-uusiutuva,18000,changed,quarterly,quarterly,2152.8121,1509.96,recurring_forward_curve_shift,none,,canonical_interpretation_rejected_by_exact_target_validation|canonical_omitted_no_valid_interpretation_as_of_date|historical_temporal_source_validation_unavailable|observed_relational_uniform_monthly_consumption|relational_open_ended_no_proven_historical_adjustment_mechanism
2026-09-12,gywy8t-aanekosken-energia-oy-aikasahko,2000,changed,open_ended,open_ended,224.1389,391.2686501805555,supplier_adjusted_spot_seasonal_index,supplier_adjusted_forward_premium,,calendar_gap_within_observed_price_episode|exact_source_legacy_null_observation_binding|historical_exact_contract_only|historical_household_statistics_scope_assumed|lower_confidence_energy_episode_proxy|missing_own_reference_using_comparable_premium|price_episode_left_censored|price_episode_observed_proxy|price_episode_uses_dedicated_historical_interpretation|price_episode_uses_retrospective_exact_source_interpretation|supplier_adjusted_monthly_fee_held_flat|supplier_adjusted_tail_uses_comparable_forward_premium
2026-09-12,gywy8t-aanekosken-energia-oy-aikasahko,5000,changed,open_ended,open_ended,493.7471,911.571625451389,supplier_adjusted_spot_seasonal_index,supplier_adjusted_forward_premium,,calendar_gap_within_observed_price_episode|exact_source_legacy_null_observation_binding|historical_exact_contract_only|historical_household_statistics_scope_assumed|lower_confidence_energy_episode_proxy|missing_own_reference_using_comparable_premium|price_episode_left_censored|price_episode_observed_proxy|price_episode_uses_dedicated_historical_interpretation|price_episode_uses_retrospective_exact_source_interpretation|supplier_adjusted_monthly_fee_held_flat|supplier_adjusted_tail_uses_comparable_forward_premium
2026-09-12,gywy8t-aanekosken-energia-oy-aikasahko,18000,changed,open_ended,open_ended,1662.0497,3166.2178516250005,supplier_adjusted_spot_seasonal_index,supplier_adjusted_forward_premium,,calendar_gap_within_observed_price_episode|exact_source_legacy_null_observation_binding|historical_exact_contract_only|historical_household_statistics_scope_assumed|lower_confidence_energy_episode_proxy|missing_own_reference_using_comparable_premium|price_episode_left_censored|price_episode_observed_proxy|price_episode_uses_dedicated_historical_interpretation|price_episode_uses_retrospective_exact_source_interpretation|supplier_adjusted_monthly_fee_held_flat|supplier_adjusted_tail_uses_comparable_forward_premium
2026-09-12,hwmfco-aalto-energia-oyj-tyyni-jatkuva,2000,changed,open_ended,open_ended,283.45,373.14997527777774,none,supplier_adjusted_forward_premium,,calendar_gap_within_observed_price_episode|exact_source_legacy_null_observation_binding|historical_exact_contract_only|historical_household_statistics_scope_assumed|lower_confidence_energy_episode_proxy|missing_own_reference_using_comparable_premium|price_episode_left_censored|price_episode_observed_proxy|price_episode_uses_dedicated_historical_interpretation|price_episode_uses_retrospective_exact_source_interpretation|supplier_adjusted_monthly_fee_disclosed_phases|supplier_adjusted_tail_uses_comparable_forward_premium
2026-09-12,hwmfco-aalto-energia-oyj-tyyni-jatkuva,5000,changed,open_ended,open_ended,610.45,834.6999381944445,none,supplier_adjusted_forward_premium,,calendar_gap_within_observed_price_episode|exact_source_legacy_null_observation_binding|historical_exact_contract_only|historical_household_statistics_scope_assumed|lower_confidence_energy_episode_proxy|missing_own_reference_using_comparable_premium|price_episode_left_censored|price_episode_observed_proxy|price_episode_uses_dedicated_historical_interpretation|price_episode_uses_retrospective_exact_source_interpretation|supplier_adjusted_monthly_fee_disclosed_phases|supplier_adjusted_tail_uses_comparable_forward_premium
2026-09-12,hwmfco-aalto-energia-oyj-tyyni-jatkuva,18000,changed,open_ended,open_ended,2027.45,2834.7497774999997,none,supplier_adjusted_forward_premium,,calendar_gap_within_observed_price_episode|exact_source_legacy_null_observation_binding|historical_exact_contract_only|historical_household_statistics_scope_assumed|lower_confidence_energy_episode_proxy|missing_own_reference_using_comparable_premium|price_episode_left_censored|price_episode_observed_proxy|price_episode_uses_dedicated_historical_interpretation|price_episode_uses_retrospective_exact_source_interpretation|supplier_adjusted_monthly_fee_disclosed_phases|supplier_adjusted_tail_uses_comparable_forward_premium
2026-09-12,iwjgsd-pohjois-karjalan-sahko-oy-tove-perus,2000,changed,open_ended,open_ended,254.9048,365.1644197222221,supplier_adjusted_spot_seasonal_index,supplier_adjusted_forward_premium,,calendar_gap_within_observed_price_episode|exact_source_legacy_null_observation_binding|historical_exact_contract_only|historical_household_statistics_scope_assumed|lower_confidence_energy_episode_proxy|missing_own_reference_using_comparable_premium|price_episode_left_censored|price_episode_observed_proxy|price_episode_uses_dedicated_historical_interpretation|price_episode_uses_retrospective_exact_source_interpretation|supplier_adjusted_monthly_fee_held_flat|supplier_adjusted_tail_uses_comparable_forward_premium
2026-09-12,iwjgsd-pohjois-karjalan-sahko-oy-tove-perus,5000,changed,open_ended,open_ended,555.1819,830.8310493055556,supplier_adjusted_spot_seasonal_index,supplier_adjusted_forward_premium,,calendar_gap_within_observed_price_episode|exact_source_legacy_null_observation_binding|historical_exact_contract_only|historical_household_statistics_scope_assumed|lower_confidence_energy_episode_proxy|missing_own_reference_using_comparable_premium|price_episode_left_censored|price_episode_observed_proxy|price_episode_uses_dedicated_historical_interpretation|price_episode_uses_retrospective_exact_source_interpretation|supplier_adjusted_monthly_fee_held_flat|supplier_adjusted_tail_uses_comparable_forward_premium
2026-09-12,iwjgsd-pohjois-karjalan-sahko-oy-tove-perus,18000,changed,open_ended,open_ended,1856.383,2848.7197775,supplier_adjusted_spot_seasonal_index,supplier_adjusted_forward_premium,,calendar_gap_within_observed_price_episode|exact_source_legacy_null_observation_binding|historical_exact_contract_only|historical_household_statistics_scope_assumed|lower_confidence_energy_episode_proxy|missing_own_reference_using_comparable_premium|price_episode_left_censored|price_episode_observed_proxy|price_episode_uses_dedicated_historical_interpretation|price_episode_uses_retrospective_exact_source_interpretation|supplier_adjusted_monthly_fee_held_flat|supplier_adjusted_tail_uses_comparable_forward_premium
2026-09-12,ixbpnc-kokkolan-energia-oy-tyyni,2000,changed,market_reset,market_reset,247.5399,250.16,recurring_forward_curve_shift,none,,canonical_interpretation_rejected_by_exact_target_validation|canonical_omitted_no_valid_interpretation_as_of_date|historical_temporal_source_validation_unavailable|observed_relational_uniform_monthly_consumption|relational_open_ended_no_proven_historical_adjustment_mechanism
2026-09-12,ixbpnc-kokkolan-energia-oy-tyyni,5000,changed,market_reset,market_reset,573.3098,579.86,recurring_forward_curve_shift,none,,canonical_interpretation_rejected_by_exact_target_validation|canonical_omitted_no_valid_interpretation_as_of_date|historical_temporal_source_validation_unavailable|observed_relational_uniform_monthly_consumption|relational_open_ended_no_proven_historical_adjustment_mechanism
2026-09-12,ixbpnc-kokkolan-energia-oy-tyyni,18000,changed,market_reset,market_reset,1984.9792,2008.5600000000004,recurring_forward_curve_shift,none,,canonical_interpretation_rejected_by_exact_target_validation|canonical_omitted_no_valid_interpretation_as_of_date|historical_temporal_source_validation_unavailable|observed_relational_uniform_monthly_consumption|relational_open_ended_no_proven_historical_adjustment_mechanism
2026-09-12,kngjot-keravan-energia-oy-tuulikvartaalisahko,2000,changed,quarterly,quarterly,369.308,297.87999999999994,recurring_forward_curve_shift,none,,canonical_interpretation_rejected_by_exact_target_validation|canonical_omitted_no_valid_interpretation_as_of_date|historical_temporal_source_validation_unavailable|observed_relational_uniform_monthly_consumption|relational_open_ended_no_proven_historical_adjustment_mechanism
2026-09-12,kngjot-keravan-energia-oy-tuulikvartaalisahko,5000,changed,quarterly,quarterly,851.45,672.8800000000001,recurring_forward_curve_shift,none,,canonical_interpretation_rejected_by_exact_target_validation|canonical_omitted_no_valid_interpretation_as_of_date|historical_temporal_source_validation_unavailable|observed_relational_uniform_monthly_consumption|relational_open_ended_no_proven_historical_adjustment_mechanism
2026-09-12,kngjot-keravan-energia-oy-tuulikvartaalisahko,18000,changed,quarterly,quarterly,2940.7321,2297.88,recurring_forward_curve_shift,none,,canonical_interpretation_rejected_by_exact_target_validation|canonical_omitted_no_valid_interpretation_as_of_date|historical_temporal_source_validation_unavailable|observed_relational_uniform_monthly_consumption|relational_open_ended_no_proven_historical_adjustment_mechanism
2026-09-12,kvwny9-vihrea-alyenergia-oy-vire-tuuli-porssisahko-tarjous-ensimmaiset-12-kk,2000,lost,spot,spot,244.7908,,forward_curve_spot,,exact_date_components_unavailable,canonical_interpretation_rejected_by_exact_target_validation|canonical_omitted_no_valid_interpretation_as_of_date|historical_temporal_source_validation_unavailable|observed_relational_uniform_monthly_consumption
2026-09-12,kvwny9-vihrea-alyenergia-oy-vire-tuuli-porssisahko-tarjous-ensimmaiset-12-kk,5000,lost,spot,spot,567.127,,forward_curve_spot,,exact_date_components_unavailable,canonical_interpretation_rejected_by_exact_target_validation|canonical_omitted_no_valid_interpretation_as_of_date|historical_temporal_source_validation_unavailable|observed_relational_uniform_monthly_consumption
2026-09-12,kvwny9-vihrea-alyenergia-oy-vire-tuuli-porssisahko-tarjous-ensimmaiset-12-kk,18000,lost,spot,spot,1963.9173,,forward_curve_spot,,exact_date_components_unavailable,canonical_interpretation_rejected_by_exact_target_validation|canonical_omitted_no_valid_interpretation_as_of_date|historical_temporal_source_validation_unavailable|observed_relational_uniform_monthly_consumption
2026-09-12,lazesb-keuruun-sahko-oy-kausisahko,2000,changed,open_ended,open_ended,221.2226,413.0697726388889,supplier_adjusted_spot_seasonal_index,supplier_adjusted_forward_premium,,calendar_gap_within_observed_price_episode|exact_source_legacy_null_observation_binding|historical_exact_contract_only|historical_household_statistics_scope_assumed|lower_confidence_energy_episode_proxy|missing_own_reference_using_comparable_premium|price_episode_left_censored|price_episode_observed_proxy|price_episode_uses_dedicated_historical_interpretation|price_episode_uses_retrospective_exact_source_interpretation|supplier_adjusted_monthly_fee_held_flat|supplier_adjusted_tail_uses_comparable_forward_premium
2026-09-12,lazesb-keuruun-sahko-oy-kausisahko,5000,changed,open_ended,open_ended,471.1566,950.7744315972222,supplier_adjusted_spot_seasonal_index,supplier_adjusted_forward_premium,,calendar_gap_within_observed_price_episode|exact_source_legacy_null_observation_binding|historical_exact_contract_only|historical_household_statistics_scope_assumed|lower_confidence_energy_episode_proxy|missing_own_reference_using_comparable_premium|price_episode_left_censored|price_episode_observed_proxy|price_episode_uses_dedicated_historical_interpretation|price_episode_uses_retrospective_exact_source_interpretation|supplier_adjusted_monthly_fee_held_flat|supplier_adjusted_tail_uses_comparable_forward_premium
2026-09-12,lazesb-keuruun-sahko-oy-kausisahko,18000,changed,open_ended,open_ended,1554.2036,3280.82795375,supplier_adjusted_spot_seasonal_index,supplier_adjusted_forward_premium,,calendar_gap_within_observed_price_episode|exact_source_legacy_null_observation_binding|historical_exact_contract_only|historical_household_statistics_scope_assumed|lower_confidence_energy_episode_proxy|missing_own_reference_using_comparable_premium|price_episode_left_censored|price_episode_observed_proxy|price_episode_uses_dedicated_historical_interpretation|price_episode_uses_retrospective_exact_source_interpretation|supplier_adjusted_monthly_fee_held_flat|supplier_adjusted_tail_uses_comparable_forward_premium
2026-09-12,onnuwd-nurmijarven-sahko-oy-aikasahko,2000,changed,open_ended,open_ended,444.5921,409.55723351388883,supplier_adjusted_spot_seasonal_index,supplier_adjusted_forward_premium,,calendar_gap_within_observed_price_episode|exact_source_legacy_null_observation_binding|historical_exact_contract_only|historical_household_statistics_scope_assumed|lower_confidence_energy_episode_proxy|missing_own_reference_using_comparable_premium|price_episode_left_censored|price_episode_observed_proxy|price_episode_uses_dedicated_historical_interpretation|price_episode_uses_retrospective_exact_source_interpretation|supplier_adjusted_monthly_fee_held_flat|supplier_adjusted_tail_uses_comparable_forward_premium
2026-09-12,onnuwd-nurmijarven-sahko-oy-aikasahko,5000,changed,open_ended,open_ended,1039.4801,951.8930837847223,supplier_adjusted_spot_seasonal_index,supplier_adjusted_forward_premium,,calendar_gap_within_observed_price_episode|exact_source_legacy_null_observation_binding|historical_exact_contract_only|historical_household_statistics_scope_assumed|lower_confidence_energy_episode_proxy|missing_own_reference_using_comparable_premium|price_episode_left_censored|price_episode_observed_proxy|price_episode_uses_dedicated_historical_interpretation|price_episode_uses_retrospective_exact_source_interpretation|supplier_adjusted_monthly_fee_held_flat|supplier_adjusted_tail_uses_comparable_forward_premium
2026-09-12,onnuwd-nurmijarven-sahko-oy-aikasahko,18000,changed,open_ended,open_ended,3617.3285,3302.0151016249997,supplier_adjusted_spot_seasonal_index,supplier_adjusted_forward_premium,,calendar_gap_within_observed_price_episode|exact_source_legacy_null_observation_binding|historical_exact_contract_only|historical_household_statistics_scope_assumed|lower_confidence_energy_episode_proxy|missing_own_reference_using_comparable_premium|price_episode_left_censored|price_episode_observed_proxy|price_episode_uses_dedicated_historical_interpretation|price_episode_uses_retrospective_exact_source_interpretation|supplier_adjusted_monthly_fee_held_flat|supplier_adjusted_tail_uses_comparable_forward_premium
2026-09-12,osszso-aalto-energia-oyj-luotsi-porssisahko-tarjous-perusmaksu-099-ensimmaiset-12kk,2000,lost,spot,spot,237.5708,,forward_curve_spot,,exact_date_components_unavailable,canonical_interpretation_rejected_by_exact_target_validation|canonical_omitted_no_valid_interpretation_as_of_date|historical_temporal_source_validation_unavailable|observed_relational_uniform_monthly_consumption
2026-09-12,osszso-aalto-energia-oyj-luotsi-porssisahko-tarjous-perusmaksu-099-ensimmaiset-12kk,5000,lost,spot,spot,576.107,,forward_curve_spot,,exact_date_components_unavailable,canonical_interpretation_rejected_by_exact_target_validation|canonical_omitted_no_valid_interpretation_as_of_date|historical_temporal_source_validation_unavailable|observed_relational_uniform_monthly_consumption
2026-09-12,osszso-aalto-energia-oyj-luotsi-porssisahko-tarjous-perusmaksu-099-ensimmaiset-12kk,18000,lost,spot,spot,2043.0973,,forward_curve_spot,,exact_date_components_unavailable,canonical_interpretation_rejected_by_exact_target_validation|canonical_omitted_no_valid_interpretation_as_of_date|historical_temporal_source_validation_unavailable|observed_relational_uniform_monthly_consumption
2026-09-12,ozjhpb-helen-oy-kayttosahko,2000,changed,open_ended,open_ended,272.8062,382.3771974999999,supplier_adjusted_spot_seasonal_index,supplier_adjusted_forward_premium,,calendar_gap_within_observed_price_episode|exact_source_legacy_null_observation_binding|historical_exact_contract_only|historical_household_statistics_scope_assumed|lower_confidence_energy_episode_proxy|missing_own_reference_using_comparable_premium|price_episode_left_censored|price_episode_observed_proxy|price_episode_uses_dedicated_historical_interpretation|price_episode_uses_retrospective_exact_source_interpretation|supplier_adjusted_monthly_fee_held_flat|supplier_adjusted_tail_uses_comparable_forward_premium
2026-09-12,ozjhpb-helen-oy-kayttosahko,5000,changed,open_ended,open_ended,574.1955,848.1229937500001,supplier_adjusted_spot_seasonal_index,supplier_adjusted_forward_premium,,calendar_gap_within_observed_price_episode|exact_source_legacy_null_observation_binding|historical_exact_contract_only|historical_household_statistics_scope_assumed|lower_confidence_energy_episode_proxy|missing_own_reference_using_comparable_premium|price_episode_left_censored|price_episode_observed_proxy|price_episode_uses_dedicated_historical_interpretation|price_episode_uses_retrospective_exact_source_interpretation|supplier_adjusted_monthly_fee_held_flat|supplier_adjusted_tail_uses_comparable_forward_premium
2026-09-12,ozjhpb-helen-oy-kayttosahko,18000,changed,open_ended,open_ended,1880.2158,2866.3547775,supplier_adjusted_spot_seasonal_index,supplier_adjusted_forward_premium,,calendar_gap_within_observed_price_episode|exact_source_legacy_null_observation_binding|historical_exact_contract_only|historical_household_statistics_scope_assumed|lower_confidence_energy_episode_proxy|missing_own_reference_using_comparable_premium|price_episode_left_censored|price_episode_observed_proxy|price_episode_uses_dedicated_historical_interpretation|price_episode_uses_retrospective_exact_source_interpretation|supplier_adjusted_monthly_fee_held_flat|supplier_adjusted_tail_uses_comparable_forward_premium
2026-09-12,ppiuwo-herrfors-oy-ab-yleissahko,2000,changed,open_ended,open_ended,371.4455,397.85980083333334,supplier_adjusted_forward_curve_shift,supplier_adjusted_forward_curve_shift,,exact_source_legacy_null_observation_binding|forward_month_from_quarter_contract|historical_exact_contract_only|historical_household_statistics_scope_assumed|price_episode_left_censored|price_episode_observed_proxy|price_episode_uses_retrospective_exact_source_interpretation|prior_energy_evidence_changed_unknown_or_conflicting|supplier_adjusted_monthly_fee_held_flat|supplier_adjusted_tail_shifted_on_forward_curve
2026-09-12,ppiuwo-herrfors-oy-ab-yleissahko,5000,changed,open_ended,open_ended,855.7137,921.7495020833333,supplier_adjusted_forward_curve_shift,supplier_adjusted_forward_curve_shift,,exact_source_legacy_null_observation_binding|forward_month_from_quarter_contract|historical_exact_contract_only|historical_household_statistics_scope_assumed|price_episode_left_censored|price_episode_observed_proxy|price_episode_uses_retrospective_exact_source_interpretation|prior_energy_evidence_changed_unknown_or_conflicting|supplier_adjusted_monthly_fee_held_flat|supplier_adjusted_tail_shifted_on_forward_curve
2026-09-12,ppiuwo-herrfors-oy-ab-yleissahko,18000,changed,open_ended,open_ended,2954.2092,3191.9382075,supplier_adjusted_forward_curve_shift,supplier_adjusted_forward_curve_shift,,exact_source_legacy_null_observation_binding|forward_month_from_quarter_contract|historical_exact_contract_only|historical_household_statistics_scope_assumed|price_episode_left_censored|price_episode_observed_proxy|price_episode_uses_retrospective_exact_source_interpretation|prior_energy_evidence_changed_unknown_or_conflicting|supplier_adjusted_monthly_fee_held_flat|supplier_adjusted_tail_shifted_on_forward_curve
2026-09-12,ppwyv2-lammaisten-energia-oy-toimitusvelvollinen-kausisahko,2000,changed,open_ended,open_ended,242.8251,445.0267594444444,supplier_adjusted_spot_seasonal_index,supplier_adjusted_forward_curve_shift,,exact_source_legacy_null_observation_binding|forward_month_from_quarter_contract|historical_exact_contract_only|historical_household_statistics_scope_assumed|price_episode_left_censored|price_episode_observed_proxy|prior_energy_evidence_changed_unknown_or_conflicting|supplier_adjusted_monthly_fee_held_flat|supplier_adjusted_tail_shifted_on_forward_curve
2026-09-12,ppwyv2-lammaisten-energia-oy-toimitusvelvollinen-kausisahko,5000,changed,open_ended,open_ended,525.1627,1030.6668986111113,supplier_adjusted_spot_seasonal_index,supplier_adjusted_forward_curve_shift,,exact_source_legacy_null_observation_binding|forward_month_from_quarter_contract|historical_exact_contract_only|historical_household_statistics_scope_assumed|price_episode_left_censored|price_episode_observed_proxy|prior_energy_evidence_changed_unknown_or_conflicting|supplier_adjusted_monthly_fee_held_flat|supplier_adjusted_tail_shifted_on_forward_curve
2026-09-12,ppwyv2-lammaisten-energia-oy-toimitusvelvollinen-kausisahko,18000,changed,open_ended,open_ended,1748.6259,3568.4408349999994,supplier_adjusted_spot_seasonal_index,supplier_adjusted_forward_curve_shift,,exact_source_legacy_null_observation_binding|forward_month_from_quarter_contract|historical_exact_contract_only|historical_household_statistics_scope_assumed|price_episode_left_censored|price_episode_observed_proxy|prior_energy_evidence_changed_unknown_or_conflicting|supplier_adjusted_monthly_fee_held_flat|supplier_adjusted_tail_shifted_on_forward_curve
2026-09-12,pszotq-nurmijarven-sahko-oy-kausisahko,2000,changed,open_ended,open_ended,344.2074,412.8664393055555,supplier_adjusted_spot_seasonal_index,supplier_adjusted_forward_premium,,calendar_gap_within_observed_price_episode|exact_source_legacy_null_observation_binding|historical_exact_contract_only|historical_household_statistics_scope_assumed|lower_confidence_energy_episode_proxy|missing_own_reference_using_comparable_premium|price_episode_left_censored|price_episode_observed_proxy|price_episode_uses_dedicated_historical_interpretation|price_episode_uses_retrospective_exact_source_interpretation|supplier_adjusted_monthly_fee_held_flat|supplier_adjusted_tail_uses_comparable_forward_premium
2026-09-12,pszotq-nurmijarven-sahko-oy-kausisahko,5000,changed,open_ended,open_ended,788.5185,960.1660982638889,supplier_adjusted_spot_seasonal_index,supplier_adjusted_forward_premium,,calendar_gap_within_observed_price_episode|exact_source_legacy_null_observation_binding|historical_exact_contract_only|historical_household_statistics_scope_assumed|lower_confidence_energy_episode_proxy|missing_own_reference_using_comparable_premium|price_episode_left_censored|price_episode_observed_proxy|price_episode_uses_dedicated_historical_interpretation|price_episode_uses_retrospective_exact_source_interpretation|supplier_adjusted_monthly_fee_held_flat|supplier_adjusted_tail_uses_comparable_forward_premium
2026-09-12,pszotq-nurmijarven-sahko-oy-kausisahko,18000,changed,open_ended,open_ended,2713.8666,3331.7979537500005,supplier_adjusted_spot_seasonal_index,supplier_adjusted_forward_premium,,calendar_gap_within_observed_price_episode|exact_source_legacy_null_observation_binding|historical_exact_contract_only|historical_household_statistics_scope_assumed|lower_confidence_energy_episode_proxy|missing_own_reference_using_comparable_premium|price_episode_left_censored|price_episode_observed_proxy|price_episode_uses_dedicated_historical_interpretation|price_episode_uses_retrospective_exact_source_interpretation|supplier_adjusted_monthly_fee_held_flat|supplier_adjusted_tail_uses_comparable_forward_premium
2026-09-12,qftxhb-oomi-oy-toimitusvelvollinen-sahko,2000,changed,open_ended,open_ended,295.2932,372.4977530555555,supplier_adjusted_spot_seasonal_index,supplier_adjusted_forward_premium,,calendar_gap_within_observed_price_episode|exact_source_legacy_null_observation_binding|historical_exact_contract_only|historical_household_statistics_scope_assumed|lower_confidence_energy_episode_proxy|missing_own_reference_using_comparable_premium|price_episode_left_censored|price_episode_observed_proxy|price_episode_uses_dedicated_historical_interpretation|price_episode_uses_retrospective_exact_source_interpretation|supplier_adjusted_monthly_fee_held_flat|supplier_adjusted_tail_uses_comparable_forward_premium
2026-09-12,qftxhb-oomi-oy-toimitusvelvollinen-sahko,5000,changed,open_ended,open_ended,648.9529,841.964382638889,supplier_adjusted_spot_seasonal_index,supplier_adjusted_forward_premium,,calendar_gap_within_observed_price_episode|exact_source_legacy_null_observation_binding|historical_exact_contract_only|historical_household_statistics_scope_assumed|lower_confidence_energy_episode_proxy|missing_own_reference_using_comparable_premium|price_episode_left_censored|price_episode_observed_proxy|price_episode_uses_dedicated_historical_interpretation|price_episode_uses_retrospective_exact_source_interpretation|supplier_adjusted_monthly_fee_held_flat|supplier_adjusted_tail_uses_comparable_forward_premium
2026-09-12,qftxhb-oomi-oy-toimitusvelvollinen-sahko,18000,changed,open_ended,open_ended,2181.4786,2876.3197775000003,supplier_adjusted_spot_seasonal_index,supplier_adjusted_forward_premium,,calendar_gap_within_observed_price_episode|exact_source_legacy_null_observation_binding|historical_exact_contract_only|historical_household_statistics_scope_assumed|lower_confidence_energy_episode_proxy|missing_own_reference_using_comparable_premium|price_episode_left_censored|price_episode_observed_proxy|price_episode_uses_dedicated_historical_interpretation|price_episode_uses_retrospective_exact_source_interpretation|supplier_adjusted_monthly_fee_held_flat|supplier_adjusted_tail_uses_comparable_forward_premium
2026-09-12,qutzbc-kokkolan-energia-oy-vuodenaika-uusiutuva,2000,changed,quarterly,quarterly,219.3212,194.75999999999996,recurring_forward_curve_shift,none,,canonical_interpretation_rejected_by_exact_target_validation|canonical_omitted_no_valid_interpretation_as_of_date|historical_temporal_source_validation_unavailable|observed_relational_uniform_monthly_consumption|relational_open_ended_no_proven_historical_adjustment_mechanism
2026-09-12,qutzbc-kokkolan-energia-oy-vuodenaika-uusiutuva,5000,changed,quarterly,quarterly,502.7629,441.3600000000002,recurring_forward_curve_shift,none,,canonical_interpretation_rejected_by_exact_target_validation|canonical_omitted_no_valid_interpretation_as_of_date|historical_temporal_source_validation_unavailable|observed_relational_uniform_monthly_consumption|relational_open_ended_no_proven_historical_adjustment_mechanism
2026-09-12,qutzbc-kokkolan-energia-oy-vuodenaika-uusiutuva,18000,changed,quarterly,quarterly,1731.0104,1509.96,recurring_forward_curve_shift,none,,canonical_interpretation_rejected_by_exact_target_validation|canonical_omitted_no_valid_interpretation_as_of_date|historical_temporal_source_validation_unavailable|observed_relational_uniform_monthly_consumption|relational_open_ended_no_proven_historical_adjustment_mechanism
2026-09-12,quvnfq-fortum-markets-oy-fortum-kesto-aikasahko,2000,changed,open_ended,open_ended,332.8488,412.5198008333333,supplier_adjusted_forward_curve_shift,supplier_adjusted_forward_curve_shift,,exact_source_legacy_null_observation_binding|forward_month_from_quarter_contract|historical_exact_contract_only|historical_household_statistics_scope_assumed|price_episode_left_censored|price_episode_observed_proxy|price_episode_uses_retrospective_exact_source_interpretation|prior_energy_evidence_changed_unknown_or_conflicting|supplier_adjusted_monthly_fee_held_flat|supplier_adjusted_tail_shifted_on_forward_curve
2026-09-12,quvnfq-fortum-markets-oy-fortum-kesto-aikasahko,5000,changed,open_ended,open_ended,742.8421,942.0195020833336,supplier_adjusted_forward_curve_shift,supplier_adjusted_forward_curve_shift,,exact_source_legacy_null_observation_binding|forward_month_from_quarter_contract|historical_exact_contract_only|historical_household_statistics_scope_assumed|price_episode_left_censored|price_episode_observed_proxy|price_episode_uses_retrospective_exact_source_interpretation|prior_energy_evidence_changed_unknown_or_conflicting|supplier_adjusted_monthly_fee_held_flat|supplier_adjusted_tail_shifted_on_forward_curve
2026-09-12,quvnfq-fortum-markets-oy-fortum-kesto-aikasahko,18000,changed,open_ended,open_ended,2519.4796,3236.5182075000002,supplier_adjusted_forward_curve_shift,supplier_adjusted_forward_curve_shift,,exact_source_legacy_null_observation_binding|forward_month_from_quarter_contract|historical_exact_contract_only|historical_household_statistics_scope_assumed|price_episode_left_censored|price_episode_observed_proxy|price_episode_uses_retrospective_exact_source_interpretation|prior_energy_evidence_changed_unknown_or_conflicting|supplier_adjusted_monthly_fee_held_flat|supplier_adjusted_tail_shifted_on_forward_curve
2026-09-12,tiwz85-iin-energia-oy-kulutusvaikutustuote,2000,changed,quarterly,quarterly,191.4269,251.84000000000003,recurring_forward_curve_shift,none,,canonical_interpretation_rejected_by_exact_target_validation|canonical_omitted_no_valid_interpretation_as_of_date|observed_relational_uniform_monthly_consumption
2026-09-12,tiwz85-iin-energia-oy-kulutusvaikutustuote,5000,changed,quarterly,quarterly,369.3074,520.34,recurring_forward_curve_shift,none,,canonical_interpretation_rejected_by_exact_target_validation|canonical_omitted_no_valid_interpretation_as_of_date|observed_relational_uniform_monthly_consumption
2026-09-12,tiwz85-iin-energia-oy-kulutusvaikutustuote,18000,changed,quarterly,quarterly,1140.1225,1683.8399999999995,recurring_forward_curve_shift,none,,canonical_interpretation_rejected_by_exact_target_validation|canonical_omitted_no_valid_interpretation_as_of_date|observed_relational_uniform_monthly_consumption
2026-09-12,v7juwr-aanekosken-energia-oy-kausisahko,2000,changed,open_ended,open_ended,212.9006,402.99643930555555,supplier_adjusted_spot_seasonal_index,supplier_adjusted_forward_premium,,calendar_gap_within_observed_price_episode|exact_source_legacy_null_observation_binding|historical_exact_contract_only|historical_household_statistics_scope_assumed|lower_confidence_energy_episode_proxy|missing_own_reference_using_comparable_premium|price_episode_left_censored|price_episode_observed_proxy|price_episode_uses_dedicated_historical_interpretation|price_episode_uses_retrospective_exact_source_interpretation|supplier_adjusted_monthly_fee_held_flat|supplier_adjusted_tail_uses_comparable_forward_premium
2026-09-12,v7juwr-aanekosken-energia-oy-kausisahko,5000,changed,open_ended,open_ended,465.6515,940.8910982638889,supplier_adjusted_spot_seasonal_index,supplier_adjusted_forward_premium,,calendar_gap_within_observed_price_episode|exact_source_legacy_null_observation_binding|historical_exact_contract_only|historical_household_statistics_scope_assumed|lower_confidence_energy_episode_proxy|missing_own_reference_using_comparable_premium|price_episode_left_censored|price_episode_observed_proxy|price_episode_uses_dedicated_historical_interpretation|price_episode_uses_retrospective_exact_source_interpretation|supplier_adjusted_monthly_fee_held_flat|supplier_adjusted_tail_uses_comparable_forward_premium
2026-09-12,v7juwr-aanekosken-energia-oy-kausisahko,18000,changed,open_ended,open_ended,1560.9055,3271.76795375,supplier_adjusted_spot_seasonal_index,supplier_adjusted_forward_premium,,calendar_gap_within_observed_price_episode|exact_source_legacy_null_observation_binding|historical_exact_contract_only|historical_household_statistics_scope_assumed|lower_confidence_energy_episode_proxy|missing_own_reference_using_comparable_premium|price_episode_left_censored|price_episode_observed_proxy|price_episode_uses_dedicated_historical_interpretation|price_episode_uses_retrospective_exact_source_interpretation|supplier_adjusted_monthly_fee_held_flat|supplier_adjusted_tail_uses_comparable_forward_premium
2026-09-12,wsnmgc-nurmijarven-sahko-oy-yleissahko,2000,changed,open_ended,open_ended,335.8606,353.42830861111105,supplier_adjusted_spot_seasonal_index,supplier_adjusted_forward_premium,,calendar_gap_within_observed_price_episode|exact_source_legacy_null_observation_binding|historical_exact_contract_only|historical_household_statistics_scope_assumed|lower_confidence_energy_episode_proxy|missing_own_reference_using_comparable_premium|price_episode_left_censored|price_episode_observed_proxy|price_episode_uses_dedicated_historical_interpretation|price_episode_uses_retrospective_exact_source_interpretation|supplier_adjusted_monthly_fee_held_flat|supplier_adjusted_tail_uses_comparable_forward_premium
2026-09-12,wsnmgc-nurmijarven-sahko-oy-yleissahko,5000,changed,open_ended,open_ended,785.8315,829.7507715277778,supplier_adjusted_spot_seasonal_index,supplier_adjusted_forward_premium,,calendar_gap_within_observed_price_episode|exact_source_legacy_null_observation_binding|historical_exact_contract_only|historical_household_statistics_scope_assumed|lower_confidence_energy_episode_proxy|missing_own_reference_using_comparable_premium|price_episode_left_censored|price_episode_observed_proxy|price_episode_uses_dedicated_historical_interpretation|price_episode_uses_retrospective_exact_source_interpretation|supplier_adjusted_monthly_fee_held_flat|supplier_adjusted_tail_uses_comparable_forward_premium
2026-09-12,wsnmgc-nurmijarven-sahko-oy-yleissahko,18000,changed,open_ended,open_ended,2735.7053,2893.8147775,supplier_adjusted_spot_seasonal_index,supplier_adjusted_forward_premium,,calendar_gap_within_observed_price_episode|exact_source_legacy_null_observation_binding|historical_exact_contract_only|historical_household_statistics_scope_assumed|lower_confidence_energy_episode_proxy|missing_own_reference_using_comparable_premium|price_episode_left_censored|price_episode_observed_proxy|price_episode_uses_dedicated_historical_interpretation|price_episode_uses_retrospective_exact_source_interpretation|supplier_adjusted_monthly_fee_held_flat|supplier_adjusted_tail_uses_comparable_forward_premium
2026-09-12,xam9ev-hehku-energia-oy-hehku-jatkuva,2000,lost,open_ended,open_ended,351.9,,none,none,canonical_outcome_not_listed,exact_source_legacy_null_observation_binding|historical_household_statistics_scope_assumed|insufficient_promotion_terms
2026-09-12,xam9ev-hehku-energia-oy-hehku-jatkuva,5000,lost,open_ended,open_ended,798.9,,none,none,canonical_outcome_not_listed,exact_source_legacy_null_observation_binding|historical_household_statistics_scope_assumed|insufficient_promotion_terms
2026-09-12,xam9ev-hehku-energia-oy-hehku-jatkuva,18000,lost,open_ended,open_ended,2735.9,,none,none,canonical_outcome_not_listed,exact_source_legacy_null_observation_binding|historical_household_statistics_scope_assumed|insufficient_promotion_terms
2026-09-12,xlclt2-sahkotytot-oy-porssisahko-tarjous-ilmainen-perusmaksu-ensimmaiset-3kk,2000,lost,spot,spot,231.2408,,forward_curve_spot,,exact_date_components_unavailable,canonical_interpretation_rejected_by_exact_target_validation|canonical_omitted_no_valid_interpretation_as_of_date|historical_temporal_source_validation_unavailable|observed_relational_uniform_monthly_consumption
2026-09-12,xlclt2-sahkotytot-oy-porssisahko-tarjous-ilmainen-perusmaksu-ensimmaiset-3kk,5000,lost,spot,spot,551.777,,forward_curve_spot,,exact_date_components_unavailable,canonical_interpretation_rejected_by_exact_target_validation|canonical_omitted_no_valid_interpretation_as_of_date|historical_temporal_source_validation_unavailable|observed_relational_uniform_monthly_consumption
2026-09-12,xlclt2-sahkotytot-oy-porssisahko-tarjous-ilmainen-perusmaksu-ensimmaiset-3kk,18000,lost,spot,spot,1940.7673,,forward_curve_spot,,exact_date_components_unavailable,canonical_interpretation_rejected_by_exact_target_validation|canonical_omitted_no_valid_interpretation_as_of_date|historical_temporal_source_validation_unavailable|observed_relational_uniform_monthly_consumption
2026-09-12,xx5uxn-oomi-oy-toimitusvelvollinen-sahko,2000,changed,open_ended,open_ended,294.2603,422.97199486111106,supplier_adjusted_spot_seasonal_index,supplier_adjusted_forward_premium,,calendar_gap_within_observed_price_episode|exact_source_legacy_null_observation_binding|historical_exact_contract_only|historical_household_statistics_scope_assumed|lower_confidence_energy_episode_proxy|missing_own_reference_using_comparable_premium|price_episode_left_censored|price_episode_observed_proxy|price_episode_uses_dedicated_historical_interpretation|price_episode_uses_retrospective_exact_source_interpretation|supplier_adjusted_monthly_fee_held_flat|supplier_adjusted_tail_uses_comparable_forward_premium
2026-09-12,xx5uxn-oomi-oy-toimitusvelvollinen-sahko,5000,changed,open_ended,open_ended,646.3708,968.149987152778,supplier_adjusted_spot_seasonal_index,supplier_adjusted_forward_premium,,calendar_gap_within_observed_price_episode|exact_source_legacy_null_observation_binding|historical_exact_contract_only|historical_household_statistics_scope_assumed|lower_confidence_energy_episode_proxy|missing_own_reference_using_comparable_premium|price_episode_left_censored|price_episode_observed_proxy|price_episode_uses_dedicated_historical_interpretation|price_episode_uses_retrospective_exact_source_interpretation|supplier_adjusted_monthly_fee_held_flat|supplier_adjusted_tail_uses_comparable_forward_premium
2026-09-12,xx5uxn-oomi-oy-toimitusvelvollinen-sahko,18000,changed,open_ended,open_ended,2172.1828,3330.5879537500005,supplier_adjusted_spot_seasonal_index,supplier_adjusted_forward_premium,,calendar_gap_within_observed_price_episode|exact_source_legacy_null_observation_binding|historical_exact_contract_only|historical_household_statistics_scope_assumed|lower_confidence_energy_episode_proxy|missing_own_reference_using_comparable_premium|price_episode_left_censored|price_episode_observed_proxy|price_episode_uses_dedicated_historical_interpretation|price_episode_uses_retrospective_exact_source_interpretation|supplier_adjusted_monthly_fee_held_flat|supplier_adjusted_tail_uses_comparable_forward_premium
2026-09-12,ymqe7v-helen-oy-perussahko,2000,changed,open_ended,open_ended,272.8062,382.3771974999999,supplier_adjusted_spot_seasonal_index,supplier_adjusted_forward_premium,,calendar_gap_within_observed_price_episode|exact_source_legacy_null_observation_binding|historical_exact_contract_only|historical_household_statistics_scope_assumed|lower_confidence_energy_episode_proxy|missing_own_reference_using_comparable_premium|price_episode_left_censored|price_episode_observed_proxy|price_episode_uses_dedicated_historical_interpretation|price_episode_uses_retrospective_exact_source_interpretation|supplier_adjusted_monthly_fee_held_flat|supplier_adjusted_tail_uses_comparable_forward_premium
2026-09-12,ymqe7v-helen-oy-perussahko,5000,changed,open_ended,open_ended,574.1955,848.1229937500001,supplier_adjusted_spot_seasonal_index,supplier_adjusted_forward_premium,,calendar_gap_within_observed_price_episode|exact_source_legacy_null_observation_binding|historical_exact_contract_only|historical_household_statistics_scope_assumed|lower_confidence_energy_episode_proxy|missing_own_reference_using_comparable_premium|price_episode_left_censored|price_episode_observed_proxy|price_episode_uses_dedicated_historical_interpretation|price_episode_uses_retrospective_exact_source_interpretation|supplier_adjusted_monthly_fee_held_flat|supplier_adjusted_tail_uses_comparable_forward_premium
2026-09-12,ymqe7v-helen-oy-perussahko,18000,changed,open_ended,open_ended,1880.2158,2866.3547775,supplier_adjusted_spot_seasonal_index,supplier_adjusted_forward_premium,,calendar_gap_within_observed_price_episode|exact_source_legacy_null_observation_binding|historical_exact_contract_only|historical_household_statistics_scope_assumed|lower_confidence_energy_episode_proxy|missing_own_reference_using_comparable_premium|price_episode_left_censored|price_episode_observed_proxy|price_episode_uses_dedicated_historical_interpretation|price_episode_uses_retrospective_exact_source_interpretation|supplier_adjusted_monthly_fee_held_flat|supplier_adjusted_tail_uses_comparable_forward_premium
2026-09-12,zols7u-vaasan-sahko-myynti-oy-kiintea-6-kk-yosahko,2000,changed,fixed_term_6,fixed_term_6,366.65,360.155152329749,none,term_price_annualized,,exact_source_legacy_null_observation_binding|historical_household_statistics_scope_assumed|term_price_annualized
2026-09-12,zols7u-vaasan-sahko-myynti-oy-kiintea-6-kk-yosahko,5000,changed,fixed_term_6,fixed_term_6,819.275,811.8878808243728,none,term_price_annualized,,exact_source_legacy_null_observation_binding|historical_household_statistics_scope_assumed|term_price_annualized
2026-09-12,zols7u-vaasan-sahko-myynti-oy-kiintea-6-kk-yosahko,18000,changed,fixed_term_6,fixed_term_6,2780.65,2769.3963709677414,none,term_price_annualized,,exact_source_legacy_null_observation_binding|historical_household_statistics_scope_assumed|term_price_annualized
2026-09-12,zrxwlb-vaasan-sahko-myynti-oy-toimitusvelvollinen-perussahko,2000,changed,quarterly,quarterly,288.228,216.79999999999998,recurring_forward_curve_shift,none,,canonical_interpretation_rejected_by_exact_target_validation|canonical_omitted_no_valid_interpretation_as_of_date|observed_relational_uniform_monthly_consumption|relational_open_ended_no_proven_historical_adjustment_mechanism
2026-09-12,zrxwlb-vaasan-sahko-myynti-oy-toimitusvelvollinen-perussahko,5000,changed,quarterly,quarterly,632.37,453.8,recurring_forward_curve_shift,none,,canonical_interpretation_rejected_by_exact_target_validation|canonical_omitted_no_valid_interpretation_as_of_date|observed_relational_uniform_monthly_consumption|relational_open_ended_no_proven_historical_adjustment_mechanism
2026-09-12,zrxwlb-vaasan-sahko-myynti-oy-toimitusvelvollinen-perussahko,18000,changed,quarterly,quarterly,2123.6521,1480.8000000000002,recurring_forward_curve_shift,none,,canonical_interpretation_rejected_by_exact_target_validation|canonical_omitted_no_valid_interpretation_as_of_date|observed_relational_uniform_monthly_consumption|relational_open_ended_no_proven_historical_adjustment_mechanism
2026-09-12,zsxqiy-oomi-oy-toimitusvelvollinen-sahko,2000,changed,open_ended,open_ended,321.3438,412.15726129166666,supplier_adjusted_spot_seasonal_index,supplier_adjusted_forward_premium,,calendar_gap_within_observed_price_episode|exact_source_legacy_null_observation_binding|historical_exact_contract_only|historical_household_statistics_scope_assumed|lower_confidence_energy_episode_proxy|missing_own_reference_using_comparable_premium|price_episode_left_censored|price_episode_observed_proxy|price_episode_uses_dedicated_historical_interpretation|price_episode_uses_retrospective_exact_source_interpretation|supplier_adjusted_monthly_fee_held_flat|supplier_adjusted_tail_uses_comparable_forward_premium
2026-09-12,zsxqiy-oomi-oy-toimitusvelvollinen-sahko,5000,changed,open_ended,open_ended,714.0796,941.1131532291668,supplier_adjusted_spot_seasonal_index,supplier_adjusted_forward_premium,,calendar_gap_within_observed_price_episode|exact_source_legacy_null_observation_binding|historical_exact_contract_only|historical_household_statistics_scope_assumed|lower_confidence_energy_episode_proxy|missing_own_reference_using_comparable_premium|price_episode_left_censored|price_episode_observed_proxy|price_episode_uses_dedicated_historical_interpretation|price_episode_uses_retrospective_exact_source_interpretation|supplier_adjusted_monthly_fee_held_flat|supplier_adjusted_tail_uses_comparable_forward_premium
2026-09-12,zsxqiy-oomi-oy-toimitusvelvollinen-sahko,18000,changed,open_ended,open_ended,2415.9346,3233.255351625,supplier_adjusted_spot_seasonal_index,supplier_adjusted_forward_premium,,calendar_gap_within_observed_price_episode|exact_source_legacy_null_observation_binding|historical_exact_contract_only|historical_household_statistics_scope_assumed|lower_confidence_energy_episode_proxy|missing_own_reference_using_comparable_premium|price_episode_left_censored|price_episode_observed_proxy|price_episode_uses_dedicated_historical_interpretation|price_episode_uses_retrospective_exact_source_interpretation|supplier_adjusted_monthly_fee_held_flat|supplier_adjusted_tail_uses_comparable_forward_premium
2026-09-17,2wzfba-oomi-oy-oomi-vakaa,2000,changed,open_ended,open_ended,348.3603,350.4919199999999,supplier_adjusted_forward_premium,supplier_adjusted_forward_premium,,canonical_interpretation_rejected_by_exact_target_validation|exact_source_legacy_null_observation_binding|historical_exact_contract_only|historical_household_statistics_scope_assumed|historical_temporal_source_validation_unavailable|lower_confidence_energy_episode_proxy|missing_own_reference_using_comparable_premium|price_episode_left_censored|price_episode_observed_proxy|price_episode_uses_dedicated_historical_interpretation|price_episode_uses_retrospective_exact_source_interpretation|supplier_adjusted_monthly_fee_held_flat|supplier_adjusted_tail_uses_comparable_forward_premium
2026-09-17,2wzfba-oomi-oy-oomi-vakaa,5000,changed,open_ended,open_ended,781.6207,786.9497999999999,supplier_adjusted_forward_premium,supplier_adjusted_forward_premium,,canonical_interpretation_rejected_by_exact_target_validation|exact_source_legacy_null_observation_binding|historical_exact_contract_only|historical_household_statistics_scope_assumed|historical_temporal_source_validation_unavailable|lower_confidence_energy_episode_proxy|missing_own_reference_using_comparable_premium|price_episode_left_censored|price_episode_observed_proxy|price_episode_uses_dedicated_historical_interpretation|price_episode_uses_retrospective_exact_source_interpretation|supplier_adjusted_monthly_fee_held_flat|supplier_adjusted_tail_uses_comparable_forward_premium
2026-09-17,2wzfba-oomi-oy-oomi-vakaa,18000,changed,open_ended,open_ended,2659.0824,2678.2672800000005,supplier_adjusted_forward_premium,supplier_adjusted_forward_premium,,canonical_interpretation_rejected_by_exact_target_validation|exact_source_legacy_null_observation_binding|historical_exact_contract_only|historical_household_statistics_scope_assumed|historical_temporal_source_validation_unavailable|lower_confidence_energy_episode_proxy|missing_own_reference_using_comparable_premium|price_episode_left_censored|price_episode_observed_proxy|price_episode_uses_dedicated_historical_interpretation|price_episode_uses_retrospective_exact_source_interpretation|supplier_adjusted_monthly_fee_held_flat|supplier_adjusted_tail_uses_comparable_forward_premium
2026-09-17,4rzdsm-lammaisten-energia-oy-toimitusvelvollinen-yleissahko,2000,changed,open_ended,open_ended,460.2195,345.72747555555554,supplier_adjusted_forward_curve_shift,supplier_adjusted_forward_curve_shift,,exact_source_legacy_null_observation_binding|forward_month_from_quarter_contract|historical_exact_contract_only|historical_household_statistics_scope_assumed|price_episode_left_censored|price_episode_observed_proxy|prior_energy_evidence_changed_unknown_or_conflicting|supplier_adjusted_monthly_fee_held_flat|supplier_adjusted_tail_shifted_on_forward_curve
2026-09-17,4rzdsm-lammaisten-energia-oy-toimitusvelvollinen-yleissahko,5000,changed,open_ended,open_ended,1068.6486,782.4186888888888,supplier_adjusted_forward_curve_shift,supplier_adjusted_forward_curve_shift,,exact_source_legacy_null_observation_binding|forward_month_from_quarter_contract|historical_exact_contract_only|historical_household_statistics_scope_assumed|price_episode_left_censored|price_episode_observed_proxy|prior_energy_evidence_changed_unknown_or_conflicting|supplier_adjusted_monthly_fee_held_flat|supplier_adjusted_tail_shifted_on_forward_curve
2026-09-17,4rzdsm-lammaisten-energia-oy-toimitusvelvollinen-yleissahko,18000,changed,open_ended,open_ended,3705.1751,2674.7472799999996,supplier_adjusted_forward_curve_shift,supplier_adjusted_forward_curve_shift,,exact_source_legacy_null_observation_binding|forward_month_from_quarter_contract|historical_exact_contract_only|historical_household_statistics_scope_assumed|price_episode_left_censored|price_episode_observed_proxy|prior_energy_evidence_changed_unknown_or_conflicting|supplier_adjusted_monthly_fee_held_flat|supplier_adjusted_tail_shifted_on_forward_curve
2026-09-17,68g91h-keuruun-sahko-oy-yosahko,2000,changed,open_ended,open_ended,315.7524,349.79164222222215,supplier_adjusted_forward_premium,supplier_adjusted_forward_premium,,calendar_gap_within_observed_price_episode|canonical_interpretation_rejected_by_exact_target_validation|exact_source_legacy_null_observation_binding|historical_exact_contract_only|historical_household_statistics_scope_assumed|lower_confidence_energy_episode_proxy|missing_own_reference_using_comparable_premium|price_episode_left_censored|price_episode_observed_proxy|price_episode_uses_dedicated_historical_interpretation|price_episode_uses_retrospective_exact_source_interpretation|supplier_adjusted_monthly_fee_held_flat|supplier_adjusted_tail_uses_comparable_forward_premium
2026-09-17,68g91h-keuruun-sahko-oy-yosahko,5000,changed,open_ended,open_ended,707.4809,792.5791055555555,supplier_adjusted_forward_premium,supplier_adjusted_forward_premium,,calendar_gap_within_observed_price_episode|canonical_interpretation_rejected_by_exact_target_validation|exact_source_legacy_null_observation_binding|historical_exact_contract_only|historical_household_statistics_scope_assumed|lower_confidence_energy_episode_proxy|missing_own_reference_using_comparable_premium|price_episode_left_censored|price_episode_observed_proxy|price_episode_uses_dedicated_historical_interpretation|price_episode_uses_retrospective_exact_source_interpretation|supplier_adjusted_monthly_fee_held_flat|supplier_adjusted_tail_uses_comparable_forward_premium
2026-09-17,68g91h-keuruun-sahko-oy-yosahko,18000,changed,open_ended,open_ended,2404.9712,2711.3247800000004,supplier_adjusted_forward_premium,supplier_adjusted_forward_premium,,calendar_gap_within_observed_price_episode|canonical_interpretation_rejected_by_exact_target_validation|exact_source_legacy_null_observation_binding|historical_exact_contract_only|historical_household_statistics_scope_assumed|lower_confidence_energy_episode_proxy|missing_own_reference_using_comparable_premium|price_episode_left_censored|price_episode_observed_proxy|price_episode_uses_dedicated_historical_interpretation|price_episode_uses_retrospective_exact_source_interpretation|supplier_adjusted_monthly_fee_held_flat|supplier_adjusted_tail_uses_comparable_forward_premium
2026-09-17,bcbofi-kokkolan-energia-oy-ranta-18-kk,2000,changed,fixed_term_13_23,fixed_term_13_23,295.28,295.2799999999999,none,none,,canonical_interpretation_rejected_by_exact_target_validation|canonical_omitted_no_valid_interpretation_as_of_date|historical_temporal_source_validation_unavailable|observed_relational_uniform_monthly_consumption
2026-09-17,bcbofi-kokkolan-energia-oy-ranta-18-kk,5000,changed,fixed_term_13_23,fixed_term_13_23,666.38,666.3800000000001,none,none,,canonical_interpretation_rejected_by_exact_target_validation|canonical_omitted_no_valid_interpretation_as_of_date|historical_temporal_source_validation_unavailable|observed_relational_uniform_monthly_consumption
2026-09-17,bcbofi-kokkolan-energia-oy-ranta-18-kk,18000,changed,fixed_term_13_23,fixed_term_13_23,2274.48,2274.48,none,none,,canonical_interpretation_rejected_by_exact_target_validation|canonical_omitted_no_valid_interpretation_as_of_date|historical_temporal_source_validation_unavailable|observed_relational_uniform_monthly_consumption
2026-09-17,bcztkj-iin-energia-oy-yleissahko,2000,changed,open_ended,open_ended,358.608,367.6446083333333,supplier_adjusted_forward_premium,supplier_adjusted_forward_curve_shift,,exact_source_legacy_null_observation_binding|forward_month_from_quarter_contract|historical_exact_contract_only|historical_household_statistics_scope_assumed|price_episode_left_censored|price_episode_observed_proxy|supplier_adjusted_monthly_fee_held_flat|supplier_adjusted_tail_shifted_on_forward_curve
2026-09-17,bcztkj-iin-energia-oy-yleissahko,5000,changed,open_ended,open_ended,787.2601,809.8515208333331,supplier_adjusted_forward_premium,supplier_adjusted_forward_curve_shift,,exact_source_legacy_null_observation_binding|forward_month_from_quarter_contract|historical_exact_contract_only|historical_household_statistics_scope_assumed|price_episode_left_censored|price_episode_observed_proxy|supplier_adjusted_monthly_fee_held_flat|supplier_adjusted_tail_shifted_on_forward_curve
2026-09-17,bcztkj-iin-energia-oy-yleissahko,18000,changed,open_ended,open_ended,2644.7524,2726.081475,supplier_adjusted_forward_premium,supplier_adjusted_forward_curve_shift,,exact_source_legacy_null_observation_binding|forward_month_from_quarter_contract|historical_exact_contract_only|historical_household_statistics_scope_assumed|price_episode_left_censored|price_episode_observed_proxy|supplier_adjusted_monthly_fee_held_flat|supplier_adjusted_tail_shifted_on_forward_curve
2026-09-17,bgbqwj-imatran-seudun-sahko-oy-huoleton,2000,changed,open_ended,open_ended,347.6403,458.947895,supplier_adjusted_forward_premium,supplier_adjusted_forward_curve_shift,,exact_source_legacy_null_observation_binding|forward_month_from_quarter_contract|historical_exact_contract_only|historical_household_statistics_scope_assumed|price_episode_left_censored|price_episode_observed_proxy|price_episode_uses_retrospective_exact_source_interpretation|prior_energy_evidence_changed_unknown_or_conflicting|supplier_adjusted_monthly_fee_held_flat|supplier_adjusted_tail_shifted_on_forward_curve
2026-09-17,bgbqwj-imatran-seudun-sahko-oy-huoleton,5000,changed,open_ended,open_ended,780.9007,1059.1697375,supplier_adjusted_forward_premium,supplier_adjusted_forward_curve_shift,,exact_source_legacy_null_observation_binding|forward_month_from_quarter_contract|historical_exact_contract_only|historical_household_statistics_scope_assumed|price_episode_left_censored|price_episode_observed_proxy|price_episode_uses_retrospective_exact_source_interpretation|prior_energy_evidence_changed_unknown_or_conflicting|supplier_adjusted_monthly_fee_held_flat|supplier_adjusted_tail_shifted_on_forward_curve
2026-09-17,bgbqwj-imatran-seudun-sahko-oy-huoleton,18000,changed,open_ended,open_ended,2658.3624,3660.1310550000003,supplier_adjusted_forward_premium,supplier_adjusted_forward_curve_shift,,exact_source_legacy_null_observation_binding|forward_month_from_quarter_contract|historical_exact_contract_only|historical_household_statistics_scope_assumed|price_episode_left_censored|price_episode_observed_proxy|price_episode_uses_retrospective_exact_source_interpretation|prior_energy_evidence_changed_unknown_or_conflicting|supplier_adjusted_monthly_fee_held_flat|supplier_adjusted_tail_shifted_on_forward_curve
2026-09-17,ccs6hf-keuruun-sahko-oy-yleissahko,2000,changed,open_ended,open_ended,339.3214,341.45303111111104,supplier_adjusted_forward_premium,supplier_adjusted_forward_premium,,calendar_gap_within_observed_price_episode|exact_source_legacy_null_observation_binding|historical_exact_contract_only|historical_household_statistics_scope_assumed|lower_confidence_energy_episode_proxy|missing_own_reference_using_comparable_premium|price_episode_left_censored|price_episode_observed_proxy|price_episode_uses_dedicated_historical_interpretation|price_episode_uses_retrospective_exact_source_interpretation|supplier_adjusted_monthly_fee_held_flat|supplier_adjusted_tail_uses_comparable_forward_premium
2026-09-17,ccs6hf-keuruun-sahko-oy-yleissahko,5000,changed,open_ended,open_ended,770.0035,775.3325777777776,supplier_adjusted_forward_premium,supplier_adjusted_forward_premium,,calendar_gap_within_observed_price_episode|exact_source_legacy_null_observation_binding|historical_exact_contract_only|historical_household_statistics_scope_assumed|lower_confidence_energy_episode_proxy|missing_own_reference_using_comparable_premium|price_episode_left_censored|price_episode_observed_proxy|price_episode_uses_dedicated_historical_interpretation|price_episode_uses_retrospective_exact_source_interpretation|supplier_adjusted_monthly_fee_held_flat|supplier_adjusted_tail_uses_comparable_forward_premium
2026-09-17,ccs6hf-keuruun-sahko-oy-yleissahko,18000,changed,open_ended,open_ended,2636.2924,2655.47728,supplier_adjusted_forward_premium,supplier_adjusted_forward_premium,,calendar_gap_within_observed_price_episode|exact_source_legacy_null_observation_binding|historical_exact_contract_only|historical_household_statistics_scope_assumed|lower_confidence_energy_episode_proxy|missing_own_reference_using_comparable_premium|price_episode_left_censored|price_episode_observed_proxy|price_episode_uses_dedicated_historical_interpretation|price_episode_uses_retrospective_exact_source_interpretation|supplier_adjusted_monthly_fee_held_flat|supplier_adjusted_tail_uses_comparable_forward_premium
2026-09-17,dhw1tj-koillis-satakunnan-sahko-oy-joustowirta-12-kk,2000,changed,hybrid,hybrid,262.64,262.63999999999993,hybrid_base_only,none,,canonical_interpretation_rejected_by_exact_target_validation|canonical_omitted_no_valid_interpretation_as_of_date|historical_temporal_source_validation_unavailable|observed_relational_uniform_monthly_consumption
2026-09-17,dhw1tj-koillis-satakunnan-sahko-oy-joustowirta-12-kk,5000,changed,hybrid,hybrid,575.24,575.24,hybrid_base_only,none,,canonical_interpretation_rejected_by_exact_target_validation|canonical_omitted_no_valid_interpretation_as_of_date|historical_temporal_source_validation_unavailable|observed_relational_uniform_monthly_consumption
2026-09-17,dhw1tj-koillis-satakunnan-sahko-oy-joustowirta-12-kk,18000,changed,hybrid,hybrid,1929.84,1929.84,hybrid_base_only,none,,canonical_interpretation_rejected_by_exact_target_validation|canonical_omitted_no_valid_interpretation_as_of_date|historical_temporal_source_validation_unavailable|observed_relational_uniform_monthly_consumption
2026-09-17,djobdk-vihrea-alyenergia-oy-vire-tuuli-opiskelija,2000,lost,spot,spot,224.024,,forward_curve_spot,,exact_date_components_unavailable,canonical_interpretation_rejected_by_exact_target_validation|canonical_omitted_no_valid_interpretation_as_of_date|historical_temporal_source_validation_unavailable|observed_relational_uniform_monthly_consumption
2026-09-17,djobdk-vihrea-alyenergia-oy-vire-tuuli-opiskelija,5000,lost,spot,spot,542.2399,,forward_curve_spot,,exact_date_components_unavailable,canonical_interpretation_rejected_by_exact_target_validation|canonical_omitted_no_valid_interpretation_as_of_date|historical_temporal_source_validation_unavailable|observed_relational_uniform_monthly_consumption
2026-09-17,dnxerq-fortum-markets-oy-fortum-kesto-kausisahko,2000,changed,open_ended,open_ended,364.0412,444.8803949999999,supplier_adjusted_forward_curve_shift,supplier_adjusted_forward_curve_shift,,canonical_interpretation_rejected_by_exact_target_validation|exact_source_legacy_null_observation_binding|forward_month_from_quarter_contract|historical_exact_contract_only|historical_household_statistics_scope_assumed|price_episode_left_censored|price_episode_observed_proxy|price_episode_uses_retrospective_exact_source_interpretation|prior_energy_evidence_changed_unknown_or_conflicting|supplier_adjusted_monthly_fee_held_flat|supplier_adjusted_tail_shifted_on_forward_curve
2026-09-17,dnxerq-fortum-markets-oy-fortum-kesto-kausisahko,5000,changed,open_ended,open_ended,820.8231,1022.9209875,supplier_adjusted_forward_curve_shift,supplier_adjusted_forward_curve_shift,,canonical_interpretation_rejected_by_exact_target_validation|exact_source_legacy_null_observation_binding|forward_month_from_quarter_contract|historical_exact_contract_only|historical_household_statistics_scope_assumed|price_episode_left_censored|price_episode_observed_proxy|price_episode_uses_retrospective_exact_source_interpretation|prior_energy_evidence_changed_unknown_or_conflicting|supplier_adjusted_monthly_fee_held_flat|supplier_adjusted_tail_shifted_on_forward_curve
2026-09-17,dnxerq-fortum-markets-oy-fortum-kesto-kausisahko,18000,changed,open_ended,open_ended,2800.2112,3527.7635549999995,supplier_adjusted_forward_curve_shift,supplier_adjusted_forward_curve_shift,,canonical_interpretation_rejected_by_exact_target_validation|exact_source_legacy_null_observation_binding|forward_month_from_quarter_contract|historical_exact_contract_only|historical_household_statistics_scope_assumed|price_episode_left_censored|price_episode_observed_proxy|price_episode_uses_retrospective_exact_source_interpretation|prior_energy_evidence_changed_unknown_or_conflicting|supplier_adjusted_monthly_fee_held_flat|supplier_adjusted_tail_shifted_on_forward_curve
2026-09-17,frx7ys-lammaisten-energia-oy-toimitusvelvollinen-aikasahko,2000,changed,open_ended,open_ended,466.4595,351.9674755555555,supplier_adjusted_forward_curve_shift,supplier_adjusted_forward_curve_shift,,exact_source_legacy_null_observation_binding|forward_month_from_quarter_contract|historical_exact_contract_only|historical_household_statistics_scope_assumed|price_episode_left_censored|price_episode_observed_proxy|prior_energy_evidence_changed_unknown_or_conflicting|supplier_adjusted_monthly_fee_held_flat|supplier_adjusted_tail_shifted_on_forward_curve
2026-09-17,frx7ys-lammaisten-energia-oy-toimitusvelvollinen-aikasahko,5000,changed,open_ended,open_ended,1084.2486,798.0186888888888,supplier_adjusted_forward_curve_shift,supplier_adjusted_forward_curve_shift,,exact_source_legacy_null_observation_binding|forward_month_from_quarter_contract|historical_exact_contract_only|historical_household_statistics_scope_assumed|price_episode_left_censored|price_episode_observed_proxy|prior_energy_evidence_changed_unknown_or_conflicting|supplier_adjusted_monthly_fee_held_flat|supplier_adjusted_tail_shifted_on_forward_curve
2026-09-17,frx7ys-lammaisten-energia-oy-toimitusvelvollinen-aikasahko,18000,changed,open_ended,open_ended,3761.3351,2730.9072800000004,supplier_adjusted_forward_curve_shift,supplier_adjusted_forward_curve_shift,,exact_source_legacy_null_observation_binding|forward_month_from_quarter_contract|historical_exact_contract_only|historical_household_statistics_scope_assumed|price_episode_left_censored|price_episode_observed_proxy|prior_energy_evidence_changed_unknown_or_conflicting|supplier_adjusted_monthly_fee_held_flat|supplier_adjusted_tail_shifted_on_forward_curve
2026-09-17,fu2xdq-vattenfall-oy-kesto,2000,changed,open_ended,open_ended,343.4869,345.61858666666666,supplier_adjusted_forward_premium,supplier_adjusted_forward_premium,,calendar_gap_within_observed_price_episode|exact_source_legacy_null_observation_binding|historical_exact_contract_only|historical_household_statistics_scope_assumed|lower_confidence_energy_episode_proxy|missing_own_reference_using_comparable_premium|price_episode_left_censored|price_episode_observed_proxy|price_episode_uses_dedicated_historical_interpretation|price_episode_uses_retrospective_exact_source_interpretation|supplier_adjusted_monthly_fee_held_flat|supplier_adjusted_tail_uses_comparable_forward_premium
2026-09-17,fu2xdq-vattenfall-oy-kesto,5000,changed,open_ended,open_ended,776.8173,782.1464666666666,supplier_adjusted_forward_premium,supplier_adjusted_forward_premium,,calendar_gap_within_observed_price_episode|exact_source_legacy_null_observation_binding|historical_exact_contract_only|historical_household_statistics_scope_assumed|lower_confidence_energy_episode_proxy|missing_own_reference_using_comparable_premium|price_episode_left_censored|price_episode_observed_proxy|price_episode_uses_dedicated_historical_interpretation|price_episode_uses_retrospective_exact_source_interpretation|supplier_adjusted_monthly_fee_held_flat|supplier_adjusted_tail_uses_comparable_forward_premium
2026-09-17,fu2xdq-vattenfall-oy-kesto,18000,changed,open_ended,open_ended,2654.5824,2673.767279999999,supplier_adjusted_forward_premium,supplier_adjusted_forward_premium,,calendar_gap_within_observed_price_episode|exact_source_legacy_null_observation_binding|historical_exact_contract_only|historical_household_statistics_scope_assumed|lower_confidence_energy_episode_proxy|missing_own_reference_using_comparable_premium|price_episode_left_censored|price_episode_observed_proxy|price_episode_uses_dedicated_historical_interpretation|price_episode_uses_retrospective_exact_source_interpretation|supplier_adjusted_monthly_fee_held_flat|supplier_adjusted_tail_uses_comparable_forward_premium
2026-09-17,gduez1-parikkalan-valo-oy-kesto-valo-kanta-asiakas,2000,changed,open_ended,open_ended,325.4986,305.9384766666666,supplier_adjusted_forward_curve_shift,supplier_adjusted_forward_premium,,calendar_gap_within_observed_price_episode|exact_source_legacy_null_observation_binding|historical_exact_contract_only|historical_household_statistics_scope_assumed|lower_confidence_energy_episode_proxy|missing_own_reference_using_comparable_premium|price_episode_left_censored|price_episode_observed_proxy|price_episode_uses_dedicated_historical_interpretation|price_episode_uses_retrospective_exact_source_interpretation|supplier_adjusted_monthly_fee_held_flat|supplier_adjusted_tail_uses_comparable_forward_premium
2026-09-17,gduez1-parikkalan-valo-oy-kesto-valo-kanta-asiakas,5000,changed,open_ended,open_ended,730.0466,681.1461916666667,supplier_adjusted_forward_curve_shift,supplier_adjusted_forward_premium,,calendar_gap_within_observed_price_episode|exact_source_legacy_null_observation_binding|historical_exact_contract_only|historical_household_statistics_scope_assumed|lower_confidence_energy_episode_proxy|missing_own_reference_using_comparable_premium|price_episode_left_censored|price_episode_observed_proxy|price_episode_uses_dedicated_historical_interpretation|price_episode_uses_retrospective_exact_source_interpretation|supplier_adjusted_monthly_fee_held_flat|supplier_adjusted_tail_uses_comparable_forward_premium
2026-09-17,gduez1-parikkalan-valo-oy-kesto-valo-kanta-asiakas,18000,changed,open_ended,open_ended,2483.0876,2307.0462899999998,supplier_adjusted_forward_curve_shift,supplier_adjusted_forward_premium,,calendar_gap_within_observed_price_episode|exact_source_legacy_null_observation_binding|historical_exact_contract_only|historical_household_statistics_scope_assumed|lower_confidence_energy_episode_proxy|missing_own_reference_using_comparable_premium|price_episode_left_censored|price_episode_observed_proxy|price_episode_uses_dedicated_historical_interpretation|price_episode_uses_retrospective_exact_source_interpretation|supplier_adjusted_monthly_fee_held_flat|supplier_adjusted_tail_uses_comparable_forward_premium
2026-09-17,gjhzfc-kokkolan-energia-oy-vuodenaika-uusiutuva,2000,changed,quarterly,quarterly,253.7636,194.75999999999996,recurring_forward_curve_shift,none,,canonical_interpretation_rejected_by_exact_target_validation|canonical_omitted_no_valid_interpretation_as_of_date|historical_temporal_source_validation_unavailable|observed_relational_uniform_monthly_consumption|relational_open_ended_no_proven_historical_adjustment_mechanism
2026-09-17,gjhzfc-kokkolan-energia-oy-vuodenaika-uusiutuva,5000,changed,quarterly,quarterly,588.869,441.3600000000002,recurring_forward_curve_shift,none,,canonical_interpretation_rejected_by_exact_target_validation|canonical_omitted_no_valid_interpretation_as_of_date|historical_temporal_source_validation_unavailable|observed_relational_uniform_monthly_consumption|relational_open_ended_no_proven_historical_adjustment_mechanism
2026-09-17,gjhzfc-kokkolan-energia-oy-vuodenaika-uusiutuva,18000,changed,quarterly,quarterly,2040.9925,1509.96,recurring_forward_curve_shift,none,,canonical_interpretation_rejected_by_exact_target_validation|canonical_omitted_no_valid_interpretation_as_of_date|historical_temporal_source_validation_unavailable|observed_relational_uniform_monthly_consumption|relational_open_ended_no_proven_historical_adjustment_mechanism
2026-09-17,gywy8t-aanekosken-energia-oy-aikasahko,2000,changed,open_ended,open_ended,305.7939,339.83314222222225,supplier_adjusted_forward_premium,supplier_adjusted_forward_premium,,calendar_gap_within_observed_price_episode|exact_source_legacy_null_observation_binding|historical_exact_contract_only|historical_household_statistics_scope_assumed|lower_confidence_energy_episode_proxy|missing_own_reference_using_comparable_premium|price_episode_left_censored|price_episode_observed_proxy|price_episode_uses_dedicated_historical_interpretation|price_episode_uses_retrospective_exact_source_interpretation|supplier_adjusted_monthly_fee_held_flat|supplier_adjusted_tail_uses_comparable_forward_premium
2026-09-17,gywy8t-aanekosken-energia-oy-aikasahko,5000,changed,open_ended,open_ended,697.8846,782.9828555555557,supplier_adjusted_forward_premium,supplier_adjusted_forward_premium,,calendar_gap_within_observed_price_episode|exact_source_legacy_null_observation_binding|historical_exact_contract_only|historical_household_statistics_scope_assumed|lower_confidence_energy_episode_proxy|missing_own_reference_using_comparable_premium|price_episode_left_censored|price_episode_observed_proxy|price_episode_uses_dedicated_historical_interpretation|price_episode_uses_retrospective_exact_source_interpretation|supplier_adjusted_monthly_fee_held_flat|supplier_adjusted_tail_uses_comparable_forward_premium
2026-09-17,gywy8t-aanekosken-energia-oy-aikasahko,18000,changed,open_ended,open_ended,2396.9447,2703.298280000001,supplier_adjusted_forward_premium,supplier_adjusted_forward_premium,,calendar_gap_within_observed_price_episode|exact_source_legacy_null_observation_binding|historical_exact_contract_only|historical_household_statistics_scope_assumed|lower_confidence_energy_episode_proxy|missing_own_reference_using_comparable_premium|price_episode_left_censored|price_episode_observed_proxy|price_episode_uses_dedicated_historical_interpretation|price_episode_uses_retrospective_exact_source_interpretation|supplier_adjusted_monthly_fee_held_flat|supplier_adjusted_tail_uses_comparable_forward_premium
2026-09-17,hbdxeg-vihrea-alyenergia-oy-vakaa-valinta,2000,changed,open_ended,open_ended,467.0279,468.4994522222222,supplier_adjusted_forward_curve_shift,supplier_adjusted_forward_curve_shift,,exact_source_legacy_null_observation_binding|forward_month_from_quarter_contract|historical_exact_contract_only|historical_household_statistics_scope_assumed|price_episode_left_censored|price_episode_observed_proxy|price_episode_uses_retrospective_exact_source_interpretation|prior_energy_evidence_changed_unknown_or_conflicting|supplier_adjusted_monthly_fee_held_flat|supplier_adjusted_tail_shifted_on_forward_curve
2026-09-17,hwmfco-aalto-energia-oyj-tyyni-jatkuva,2000,changed,open_ended,open_ended,351.9569,354.08858666666663,supplier_adjusted_forward_premium,supplier_adjusted_forward_premium,,calendar_gap_within_observed_price_episode|exact_source_legacy_null_observation_binding|historical_exact_contract_only|historical_household_statistics_scope_assumed|lower_confidence_energy_episode_proxy|missing_own_reference_using_comparable_premium|price_episode_left_censored|price_episode_observed_proxy|price_episode_uses_dedicated_historical_interpretation|price_episode_uses_retrospective_exact_source_interpretation|supplier_adjusted_monthly_fee_disclosed_phases|supplier_adjusted_tail_uses_comparable_forward_premium
2026-09-17,hwmfco-aalto-energia-oyj-tyyni-jatkuva,5000,changed,open_ended,open_ended,781.7173,787.0464666666667,supplier_adjusted_forward_premium,supplier_adjusted_forward_premium,,calendar_gap_within_observed_price_episode|exact_source_legacy_null_observation_binding|historical_exact_contract_only|historical_household_statistics_scope_assumed|lower_confidence_energy_episode_proxy|missing_own_reference_using_comparable_premium|price_episode_left_censored|price_episode_observed_proxy|price_episode_uses_dedicated_historical_interpretation|price_episode_uses_retrospective_exact_source_interpretation|supplier_adjusted_monthly_fee_disclosed_phases|supplier_adjusted_tail_uses_comparable_forward_premium
2026-09-17,hwmfco-aalto-energia-oyj-tyyni-jatkuva,18000,changed,open_ended,open_ended,2644.0124,2663.1972799999994,supplier_adjusted_forward_premium,supplier_adjusted_forward_premium,,calendar_gap_within_observed_price_episode|exact_source_legacy_null_observation_binding|historical_exact_contract_only|historical_household_statistics_scope_assumed|lower_confidence_energy_episode_proxy|missing_own_reference_using_comparable_premium|price_episode_left_censored|price_episode_observed_proxy|price_episode_uses_dedicated_historical_interpretation|price_episode_uses_retrospective_exact_source_interpretation|supplier_adjusted_monthly_fee_disclosed_phases|supplier_adjusted_tail_uses_comparable_forward_premium
2026-09-17,iwjgsd-pohjois-karjalan-sahko-oy-tove-perus,2000,changed,open_ended,open_ended,343.2492,345.3808088888888,supplier_adjusted_forward_premium,supplier_adjusted_forward_premium,,calendar_gap_within_observed_price_episode|exact_source_legacy_null_observation_binding|historical_exact_contract_only|historical_household_statistics_scope_assumed|lower_confidence_energy_episode_proxy|missing_own_reference_using_comparable_premium|price_episode_left_censored|price_episode_observed_proxy|price_episode_uses_dedicated_historical_interpretation|price_episode_uses_retrospective_exact_source_interpretation|supplier_adjusted_monthly_fee_held_flat|supplier_adjusted_tail_uses_comparable_forward_premium
2026-09-17,iwjgsd-pohjois-karjalan-sahko-oy-tove-perus,5000,changed,open_ended,open_ended,776.0429,781.3720222222221,supplier_adjusted_forward_premium,supplier_adjusted_forward_premium,,calendar_gap_within_observed_price_episode|exact_source_legacy_null_observation_binding|historical_exact_contract_only|historical_household_statistics_scope_assumed|lower_confidence_energy_episode_proxy|missing_own_reference_using_comparable_premium|price_episode_left_censored|price_episode_observed_proxy|price_episode_uses_dedicated_historical_interpretation|price_episode_uses_retrospective_exact_source_interpretation|supplier_adjusted_monthly_fee_held_flat|supplier_adjusted_tail_uses_comparable_forward_premium
2026-09-17,iwjgsd-pohjois-karjalan-sahko-oy-tove-perus,18000,changed,open_ended,open_ended,2651.4824,2670.667279999999,supplier_adjusted_forward_premium,supplier_adjusted_forward_premium,,calendar_gap_within_observed_price_episode|exact_source_legacy_null_observation_binding|historical_exact_contract_only|historical_household_statistics_scope_assumed|lower_confidence_energy_episode_proxy|missing_own_reference_using_comparable_premium|price_episode_left_censored|price_episode_observed_proxy|price_episode_uses_dedicated_historical_interpretation|price_episode_uses_retrospective_exact_source_interpretation|supplier_adjusted_monthly_fee_held_flat|supplier_adjusted_tail_uses_comparable_forward_premium
2026-09-17,ixbpnc-kokkolan-energia-oy-tyyni,2000,changed,market_reset,market_reset,234.0298,250.16,recurring_forward_curve_shift,none,,canonical_interpretation_rejected_by_exact_target_validation|canonical_omitted_no_valid_interpretation_as_of_date|historical_temporal_source_validation_unavailable|observed_relational_uniform_monthly_consumption|relational_open_ended_no_proven_historical_adjustment_mechanism
2026-09-17,ixbpnc-kokkolan-energia-oy-tyyni,5000,changed,market_reset,market_reset,539.5344,579.86,recurring_forward_curve_shift,none,,canonical_interpretation_rejected_by_exact_target_validation|canonical_omitted_no_valid_interpretation_as_of_date|historical_temporal_source_validation_unavailable|observed_relational_uniform_monthly_consumption|relational_open_ended_no_proven_historical_adjustment_mechanism
2026-09-17,ixbpnc-kokkolan-energia-oy-tyyni,18000,changed,market_reset,market_reset,1863.3879,2008.5600000000004,recurring_forward_curve_shift,none,,canonical_interpretation_rejected_by_exact_target_validation|canonical_omitted_no_valid_interpretation_as_of_date|historical_temporal_source_validation_unavailable|observed_relational_uniform_monthly_consumption|relational_open_ended_no_proven_historical_adjustment_mechanism
2026-09-17,kngjot-keravan-energia-oy-tuulikvartaalisahko,2000,changed,quarterly,quarterly,356.8836,297.87999999999994,recurring_forward_curve_shift,none,,canonical_interpretation_rejected_by_exact_target_validation|canonical_omitted_no_valid_interpretation_as_of_date|historical_temporal_source_validation_unavailable|observed_relational_uniform_monthly_consumption|relational_open_ended_no_proven_historical_adjustment_mechanism
2026-09-17,kngjot-keravan-energia-oy-tuulikvartaalisahko,5000,changed,quarterly,quarterly,820.389,672.8800000000001,recurring_forward_curve_shift,none,,canonical_interpretation_rejected_by_exact_target_validation|canonical_omitted_no_valid_interpretation_as_of_date|historical_temporal_source_validation_unavailable|observed_relational_uniform_monthly_consumption|relational_open_ended_no_proven_historical_adjustment_mechanism
2026-09-17,kngjot-keravan-energia-oy-tuulikvartaalisahko,18000,changed,quarterly,quarterly,2828.9125,2297.88,recurring_forward_curve_shift,none,,canonical_interpretation_rejected_by_exact_target_validation|canonical_omitted_no_valid_interpretation_as_of_date|historical_temporal_source_validation_unavailable|observed_relational_uniform_monthly_consumption|relational_open_ended_no_proven_historical_adjustment_mechanism
2026-09-17,kvwny9-vihrea-alyenergia-oy-vire-tuuli-porssisahko-tarjous-ensimmaiset-12-kk,2000,lost,spot,spot,231.244,,forward_curve_spot,,exact_date_components_unavailable,canonical_interpretation_rejected_by_exact_target_validation|canonical_omitted_no_valid_interpretation_as_of_date|historical_temporal_source_validation_unavailable|observed_relational_uniform_monthly_consumption
2026-09-17,kvwny9-vihrea-alyenergia-oy-vire-tuuli-porssisahko-tarjous-ensimmaiset-12-kk,5000,lost,spot,spot,533.2599,,forward_curve_spot,,exact_date_components_unavailable,canonical_interpretation_rejected_by_exact_target_validation|canonical_omitted_no_valid_interpretation_as_of_date|historical_temporal_source_validation_unavailable|observed_relational_uniform_monthly_consumption
2026-09-17,kvwny9-vihrea-alyenergia-oy-vire-tuuli-porssisahko-tarjous-ensimmaiset-12-kk,18000,lost,spot,spot,1841.9957,,forward_curve_spot,,exact_date_components_unavailable,canonical_interpretation_rejected_by_exact_target_validation|canonical_omitted_no_valid_interpretation_as_of_date|historical_temporal_source_validation_unavailable|observed_relational_uniform_monthly_consumption
2026-09-17,lazesb-keuruun-sahko-oy-kausisahko,2000,changed,open_ended,open_ended,355.6757,317.8696977777777,supplier_adjusted_forward_premium,supplier_adjusted_forward_premium,,calendar_gap_within_observed_price_episode|exact_source_legacy_null_observation_binding|historical_exact_contract_only|historical_household_statistics_scope_assumed|lower_confidence_energy_episode_proxy|missing_own_reference_using_comparable_premium|price_episode_left_censored|price_episode_observed_proxy|price_episode_uses_dedicated_historical_interpretation|price_episode_uses_retrospective_exact_source_interpretation|supplier_adjusted_monthly_fee_held_flat|supplier_adjusted_tail_uses_comparable_forward_premium
2026-09-17,lazesb-keuruun-sahko-oy-kausisahko,5000,changed,open_ended,open_ended,807.2892,712.7742444444442,supplier_adjusted_forward_premium,supplier_adjusted_forward_premium,,calendar_gap_within_observed_price_episode|exact_source_legacy_null_observation_binding|historical_exact_contract_only|historical_household_statistics_scope_assumed|lower_confidence_energy_episode_proxy|missing_own_reference_using_comparable_premium|price_episode_left_censored|price_episode_observed_proxy|price_episode_uses_dedicated_historical_interpretation|price_episode_uses_retrospective_exact_source_interpretation|supplier_adjusted_monthly_fee_held_flat|supplier_adjusted_tail_uses_comparable_forward_premium
2026-09-17,lazesb-keuruun-sahko-oy-kausisahko,18000,changed,open_ended,open_ended,2764.2812,2424.0272800000002,supplier_adjusted_forward_premium,supplier_adjusted_forward_premium,,calendar_gap_within_observed_price_episode|exact_source_legacy_null_observation_binding|historical_exact_contract_only|historical_household_statistics_scope_assumed|lower_confidence_energy_episode_proxy|missing_own_reference_using_comparable_premium|price_episode_left_censored|price_episode_observed_proxy|price_episode_uses_dedicated_historical_interpretation|price_episode_uses_retrospective_exact_source_interpretation|supplier_adjusted_monthly_fee_held_flat|supplier_adjusted_tail_uses_comparable_forward_premium
2026-09-17,onnuwd-nurmijarven-sahko-oy-aikasahko,2000,changed,open_ended,open_ended,320.217,354.25630888888884,supplier_adjusted_forward_premium,supplier_adjusted_forward_premium,,calendar_gap_within_observed_price_episode|exact_source_legacy_null_observation_binding|historical_exact_contract_only|historical_household_statistics_scope_assumed|lower_confidence_energy_episode_proxy|missing_own_reference_using_comparable_premium|price_episode_left_censored|price_episode_observed_proxy|price_episode_uses_dedicated_historical_interpretation|price_episode_uses_retrospective_exact_source_interpretation|supplier_adjusted_monthly_fee_held_flat|supplier_adjusted_tail_uses_comparable_forward_premium
2026-09-17,onnuwd-nurmijarven-sahko-oy-aikasahko,5000,changed,open_ended,open_ended,728.5426,813.6407722222222,supplier_adjusted_forward_premium,supplier_adjusted_forward_premium,,calendar_gap_within_observed_price_episode|exact_source_legacy_null_observation_binding|historical_exact_contract_only|historical_household_statistics_scope_assumed|lower_confidence_energy_episode_proxy|missing_own_reference_using_comparable_premium|price_episode_left_censored|price_episode_observed_proxy|price_episode_uses_dedicated_historical_interpretation|price_episode_uses_retrospective_exact_source_interpretation|supplier_adjusted_monthly_fee_held_flat|supplier_adjusted_tail_uses_comparable_forward_premium
2026-09-17,onnuwd-nurmijarven-sahko-oy-aikasahko,18000,changed,open_ended,open_ended,2497.9532,2804.3067799999994,supplier_adjusted_forward_premium,supplier_adjusted_forward_premium,,calendar_gap_within_observed_price_episode|exact_source_legacy_null_observation_binding|historical_exact_contract_only|historical_household_statistics_scope_assumed|lower_confidence_energy_episode_proxy|missing_own_reference_using_comparable_premium|price_episode_left_censored|price_episode_observed_proxy|price_episode_uses_dedicated_historical_interpretation|price_episode_uses_retrospective_exact_source_interpretation|supplier_adjusted_monthly_fee_held_flat|supplier_adjusted_tail_uses_comparable_forward_premium
2026-09-17,osszso-aalto-energia-oyj-luotsi-porssisahko-tarjous-perusmaksu-099-ensimmaiset-12kk,2000,lost,spot,spot,224.024,,forward_curve_spot,,exact_date_components_unavailable,canonical_interpretation_rejected_by_exact_target_validation|canonical_omitted_no_valid_interpretation_as_of_date|historical_temporal_source_validation_unavailable|observed_relational_uniform_monthly_consumption
2026-09-17,osszso-aalto-energia-oyj-luotsi-porssisahko-tarjous-perusmaksu-099-ensimmaiset-12kk,5000,lost,spot,spot,542.2399,,forward_curve_spot,,exact_date_components_unavailable,canonical_interpretation_rejected_by_exact_target_validation|canonical_omitted_no_valid_interpretation_as_of_date|historical_temporal_source_validation_unavailable|observed_relational_uniform_monthly_consumption
2026-09-17,osszso-aalto-energia-oyj-luotsi-porssisahko-tarjous-perusmaksu-099-ensimmaiset-12kk,18000,lost,spot,spot,1921.1757,,forward_curve_spot,,exact_date_components_unavailable,canonical_interpretation_rejected_by_exact_target_validation|canonical_omitted_no_valid_interpretation_as_of_date|historical_temporal_source_validation_unavailable|observed_relational_uniform_monthly_consumption
2026-09-17,ozjhpb-helen-oy-kayttosahko,2000,changed,open_ended,open_ended,360.448,362.57969777777777,supplier_adjusted_forward_premium,supplier_adjusted_forward_premium,,calendar_gap_within_observed_price_episode|exact_source_legacy_null_observation_binding|historical_exact_contract_only|historical_household_statistics_scope_assumed|lower_confidence_energy_episode_proxy|missing_own_reference_using_comparable_premium|price_episode_left_censored|price_episode_observed_proxy|price_episode_uses_dedicated_historical_interpretation|price_episode_uses_retrospective_exact_source_interpretation|supplier_adjusted_monthly_fee_held_flat|supplier_adjusted_tail_uses_comparable_forward_premium
2026-09-17,ozjhpb-helen-oy-kayttosahko,5000,changed,open_ended,open_ended,793.3001,798.6292444444442,supplier_adjusted_forward_premium,supplier_adjusted_forward_premium,,calendar_gap_within_observed_price_episode|exact_source_legacy_null_observation_binding|historical_exact_contract_only|historical_household_statistics_scope_assumed|lower_confidence_energy_episode_proxy|missing_own_reference_using_comparable_premium|price_episode_left_censored|price_episode_observed_proxy|price_episode_uses_dedicated_historical_interpretation|price_episode_uses_retrospective_exact_source_interpretation|supplier_adjusted_monthly_fee_held_flat|supplier_adjusted_tail_uses_comparable_forward_premium
2026-09-17,ozjhpb-helen-oy-kayttosahko,18000,changed,open_ended,open_ended,2668.9924,2688.1772799999994,supplier_adjusted_forward_premium,supplier_adjusted_forward_premium,,calendar_gap_within_observed_price_episode|exact_source_legacy_null_observation_binding|historical_exact_contract_only|historical_household_statistics_scope_assumed|lower_confidence_energy_episode_proxy|missing_own_reference_using_comparable_premium|price_episode_left_censored|price_episode_observed_proxy|price_episode_uses_dedicated_historical_interpretation|price_episode_uses_retrospective_exact_source_interpretation|supplier_adjusted_monthly_fee_held_flat|supplier_adjusted_tail_uses_comparable_forward_premium
2026-09-17,ppiuwo-herrfors-oy-ab-yleissahko,2000,changed,open_ended,open_ended,359.5463,386.34789499999994,supplier_adjusted_forward_curve_shift,supplier_adjusted_forward_curve_shift,,exact_source_legacy_null_observation_binding|forward_month_from_quarter_contract|historical_exact_contract_only|historical_household_statistics_scope_assumed|price_episode_left_censored|price_episode_observed_proxy|price_episode_uses_retrospective_exact_source_interpretation|prior_energy_evidence_changed_unknown_or_conflicting|supplier_adjusted_monthly_fee_held_flat|supplier_adjusted_tail_shifted_on_forward_curve
2026-09-17,ppiuwo-herrfors-oy-ab-yleissahko,5000,changed,open_ended,open_ended,825.9656,892.9697374999998,supplier_adjusted_forward_curve_shift,supplier_adjusted_forward_curve_shift,,exact_source_legacy_null_observation_binding|forward_month_from_quarter_contract|historical_exact_contract_only|historical_household_statistics_scope_assumed|price_episode_left_censored|price_episode_observed_proxy|price_episode_uses_retrospective_exact_source_interpretation|prior_energy_evidence_changed_unknown_or_conflicting|supplier_adjusted_monthly_fee_held_flat|supplier_adjusted_tail_shifted_on_forward_curve
2026-09-17,ppiuwo-herrfors-oy-ab-yleissahko,18000,changed,open_ended,open_ended,2847.1163,3088.3310549999987,supplier_adjusted_forward_curve_shift,supplier_adjusted_forward_curve_shift,,exact_source_legacy_null_observation_binding|forward_month_from_quarter_contract|historical_exact_contract_only|historical_household_statistics_scope_assumed|price_episode_left_censored|price_episode_observed_proxy|price_episode_uses_retrospective_exact_source_interpretation|prior_energy_evidence_changed_unknown_or_conflicting|supplier_adjusted_monthly_fee_held_flat|supplier_adjusted_tail_shifted_on_forward_curve
2026-09-17,ppwyv2-lammaisten-energia-oy-toimitusvelvollinen-kausisahko,2000,changed,open_ended,open_ended,433.5361,319.04414222222215,supplier_adjusted_forward_curve_shift,supplier_adjusted_forward_curve_shift,,exact_source_legacy_null_observation_binding|forward_month_from_quarter_contract|historical_exact_contract_only|historical_household_statistics_scope_assumed|price_episode_left_censored|price_episode_observed_proxy|prior_energy_evidence_changed_unknown_or_conflicting|supplier_adjusted_monthly_fee_held_flat|supplier_adjusted_tail_shifted_on_forward_curve
2026-09-17,ppwyv2-lammaisten-energia-oy-toimitusvelvollinen-kausisahko,5000,changed,open_ended,open_ended,1001.9403,715.7103555555553,supplier_adjusted_forward_curve_shift,supplier_adjusted_forward_curve_shift,,exact_source_legacy_null_observation_binding|forward_month_from_quarter_contract|historical_exact_contract_only|historical_household_statistics_scope_assumed|price_episode_left_censored|price_episode_observed_proxy|prior_energy_evidence_changed_unknown_or_conflicting|supplier_adjusted_monthly_fee_held_flat|supplier_adjusted_tail_shifted_on_forward_curve
2026-09-17,ppwyv2-lammaisten-energia-oy-toimitusvelvollinen-kausisahko,18000,changed,open_ended,open_ended,3465.0251,2434.59728,supplier_adjusted_forward_curve_shift,supplier_adjusted_forward_curve_shift,,exact_source_legacy_null_observation_binding|forward_month_from_quarter_contract|historical_exact_contract_only|historical_household_statistics_scope_assumed|price_episode_left_censored|price_episode_observed_proxy|prior_energy_evidence_changed_unknown_or_conflicting|supplier_adjusted_monthly_fee_held_flat|supplier_adjusted_tail_shifted_on_forward_curve
2026-09-17,pszotq-nurmijarven-sahko-oy-kausisahko,2000,changed,open_ended,open_ended,353.789,315.98303111111113,supplier_adjusted_forward_premium,supplier_adjusted_forward_premium,,calendar_gap_within_observed_price_episode|exact_source_legacy_null_observation_binding|historical_exact_contract_only|historical_household_statistics_scope_assumed|lower_confidence_energy_episode_proxy|missing_own_reference_using_comparable_premium|price_episode_left_censored|price_episode_observed_proxy|price_episode_uses_dedicated_historical_interpretation|price_episode_uses_retrospective_exact_source_interpretation|supplier_adjusted_monthly_fee_held_flat|supplier_adjusted_tail_uses_comparable_forward_premium
2026-09-17,pszotq-nurmijarven-sahko-oy-kausisahko,5000,changed,open_ended,open_ended,812.4726,717.9575777777778,supplier_adjusted_forward_premium,supplier_adjusted_forward_premium,,calendar_gap_within_observed_price_episode|exact_source_legacy_null_observation_binding|historical_exact_contract_only|historical_household_statistics_scope_assumed|lower_confidence_energy_episode_proxy|missing_own_reference_using_comparable_premium|price_episode_left_censored|price_episode_observed_proxy|price_episode_uses_dedicated_historical_interpretation|price_episode_uses_retrospective_exact_source_interpretation|supplier_adjusted_monthly_fee_held_flat|supplier_adjusted_tail_uses_comparable_forward_premium
2026-09-17,pszotq-nurmijarven-sahko-oy-kausisahko,18000,changed,open_ended,open_ended,2800.1012,2459.84728,supplier_adjusted_forward_premium,supplier_adjusted_forward_premium,,calendar_gap_within_observed_price_episode|exact_source_legacy_null_observation_binding|historical_exact_contract_only|historical_household_statistics_scope_assumed|lower_confidence_energy_episode_proxy|missing_own_reference_using_comparable_premium|price_episode_left_censored|price_episode_observed_proxy|price_episode_uses_dedicated_historical_interpretation|price_episode_uses_retrospective_exact_source_interpretation|supplier_adjusted_monthly_fee_held_flat|supplier_adjusted_tail_uses_comparable_forward_premium
2026-09-17,qftxhb-oomi-oy-toimitusvelvollinen-sahko,2000,changed,open_ended,open_ended,349.9158,352.0474755555555,supplier_adjusted_forward_premium,supplier_adjusted_forward_premium,,calendar_gap_within_observed_price_episode|exact_source_legacy_null_observation_binding|historical_exact_contract_only|historical_household_statistics_scope_assumed|lower_confidence_energy_episode_proxy|missing_own_reference_using_comparable_premium|price_episode_left_censored|price_episode_observed_proxy|price_episode_uses_dedicated_historical_interpretation|price_episode_uses_retrospective_exact_source_interpretation|supplier_adjusted_monthly_fee_held_flat|supplier_adjusted_tail_uses_comparable_forward_premium
2026-09-17,qftxhb-oomi-oy-toimitusvelvollinen-sahko,5000,changed,open_ended,open_ended,785.5096,790.8386888888888,supplier_adjusted_forward_premium,supplier_adjusted_forward_premium,,calendar_gap_within_observed_price_episode|exact_source_legacy_null_observation_binding|historical_exact_contract_only|historical_household_statistics_scope_assumed|lower_confidence_energy_episode_proxy|missing_own_reference_using_comparable_premium|price_episode_left_censored|price_episode_observed_proxy|price_episode_uses_dedicated_historical_interpretation|price_episode_uses_retrospective_exact_source_interpretation|supplier_adjusted_monthly_fee_held_flat|supplier_adjusted_tail_uses_comparable_forward_premium
2026-09-17,qftxhb-oomi-oy-toimitusvelvollinen-sahko,18000,changed,open_ended,open_ended,2673.0824,2692.2672800000005,supplier_adjusted_forward_premium,supplier_adjusted_forward_premium,,calendar_gap_within_observed_price_episode|exact_source_legacy_null_observation_binding|historical_exact_contract_only|historical_household_statistics_scope_assumed|lower_confidence_energy_episode_proxy|missing_own_reference_using_comparable_premium|price_episode_left_censored|price_episode_observed_proxy|price_episode_uses_dedicated_historical_interpretation|price_episode_uses_retrospective_exact_source_interpretation|supplier_adjusted_monthly_fee_held_flat|supplier_adjusted_tail_uses_comparable_forward_premium
2026-09-17,qutzbc-kokkolan-energia-oy-vuodenaika-uusiutuva,2000,changed,quarterly,quarterly,226.4169,194.75999999999996,recurring_forward_curve_shift,none,,canonical_interpretation_rejected_by_exact_target_validation|canonical_omitted_no_valid_interpretation_as_of_date|historical_temporal_source_validation_unavailable|observed_relational_uniform_monthly_consumption|relational_open_ended_no_proven_historical_adjustment_mechanism
2026-09-17,qutzbc-kokkolan-energia-oy-vuodenaika-uusiutuva,5000,changed,quarterly,quarterly,520.5021,441.3600000000002,recurring_forward_curve_shift,none,,canonical_interpretation_rejected_by_exact_target_validation|canonical_omitted_no_valid_interpretation_as_of_date|historical_temporal_source_validation_unavailable|observed_relational_uniform_monthly_consumption|relational_open_ended_no_proven_historical_adjustment_mechanism
2026-09-17,qutzbc-kokkolan-energia-oy-vuodenaika-uusiutuva,18000,changed,quarterly,quarterly,1794.8717,1509.96,recurring_forward_curve_shift,none,,canonical_interpretation_rejected_by_exact_target_validation|canonical_omitted_no_valid_interpretation_as_of_date|historical_temporal_source_validation_unavailable|observed_relational_uniform_monthly_consumption|relational_open_ended_no_proven_historical_adjustment_mechanism
2026-09-17,quvnfq-fortum-markets-oy-fortum-kesto-aikasahko,2000,changed,open_ended,open_ended,320.1687,401.00789499999996,supplier_adjusted_forward_curve_shift,supplier_adjusted_forward_curve_shift,,exact_source_legacy_null_observation_binding|forward_month_from_quarter_contract|historical_exact_contract_only|historical_household_statistics_scope_assumed|price_episode_left_censored|price_episode_observed_proxy|price_episode_uses_retrospective_exact_source_interpretation|prior_energy_evidence_changed_unknown_or_conflicting|supplier_adjusted_monthly_fee_held_flat|supplier_adjusted_tail_shifted_on_forward_curve
2026-09-17,quvnfq-fortum-markets-oy-fortum-kesto-aikasahko,5000,changed,open_ended,open_ended,711.1419,913.2397375,supplier_adjusted_forward_curve_shift,supplier_adjusted_forward_curve_shift,,exact_source_legacy_null_observation_binding|forward_month_from_quarter_contract|historical_exact_contract_only|historical_household_statistics_scope_assumed|price_episode_left_censored|price_episode_observed_proxy|price_episode_uses_retrospective_exact_source_interpretation|prior_energy_evidence_changed_unknown_or_conflicting|supplier_adjusted_monthly_fee_held_flat|supplier_adjusted_tail_shifted_on_forward_curve
2026-09-17,quvnfq-fortum-markets-oy-fortum-kesto-aikasahko,18000,changed,open_ended,open_ended,2405.3587,3132.911055,supplier_adjusted_forward_curve_shift,supplier_adjusted_forward_curve_shift,,exact_source_legacy_null_observation_binding|forward_month_from_quarter_contract|historical_exact_contract_only|historical_household_statistics_scope_assumed|price_episode_left_censored|price_episode_observed_proxy|price_episode_uses_retrospective_exact_source_interpretation|prior_energy_evidence_changed_unknown_or_conflicting|supplier_adjusted_monthly_fee_held_flat|supplier_adjusted_tail_shifted_on_forward_curve
2026-09-17,tiwz85-iin-energia-oy-kulutusvaikutustuote,2000,changed,quarterly,quarterly,197.5585,251.84000000000003,recurring_forward_curve_shift,none,,canonical_interpretation_rejected_by_exact_target_validation|canonical_omitted_no_valid_interpretation_as_of_date|observed_relational_uniform_monthly_consumption
2026-09-17,tiwz85-iin-energia-oy-kulutusvaikutustuote,5000,changed,quarterly,quarterly,384.6362,520.34,recurring_forward_curve_shift,none,,canonical_interpretation_rejected_by_exact_target_validation|canonical_omitted_no_valid_interpretation_as_of_date|observed_relational_uniform_monthly_consumption
2026-09-17,tiwz85-iin-energia-oy-kulutusvaikutustuote,18000,changed,quarterly,quarterly,1195.3062,1683.8399999999995,recurring_forward_curve_shift,none,,canonical_interpretation_rejected_by_exact_target_validation|canonical_omitted_no_valid_interpretation_as_of_date|observed_relational_uniform_monthly_consumption
2026-09-17,v7juwr-aanekosken-energia-oy-kausisahko,2000,changed,open_ended,open_ended,345.569,307.76303111111105,supplier_adjusted_forward_premium,supplier_adjusted_forward_premium,,calendar_gap_within_observed_price_episode|exact_source_legacy_null_observation_binding|historical_exact_contract_only|historical_household_statistics_scope_assumed|lower_confidence_energy_episode_proxy|missing_own_reference_using_comparable_premium|price_episode_left_censored|price_episode_observed_proxy|price_episode_uses_dedicated_historical_interpretation|price_episode_uses_retrospective_exact_source_interpretation|supplier_adjusted_monthly_fee_held_flat|supplier_adjusted_tail_uses_comparable_forward_premium
2026-09-17,v7juwr-aanekosken-energia-oy-kausisahko,5000,changed,open_ended,open_ended,797.3226,702.807577777778,supplier_adjusted_forward_premium,supplier_adjusted_forward_premium,,calendar_gap_within_observed_price_episode|exact_source_legacy_null_observation_binding|historical_exact_contract_only|historical_household_statistics_scope_assumed|lower_confidence_energy_episode_proxy|missing_own_reference_using_comparable_premium|price_episode_left_censored|price_episode_observed_proxy|price_episode_uses_dedicated_historical_interpretation|price_episode_uses_retrospective_exact_source_interpretation|supplier_adjusted_monthly_fee_held_flat|supplier_adjusted_tail_uses_comparable_forward_premium
2026-09-17,v7juwr-aanekosken-energia-oy-kausisahko,18000,changed,open_ended,open_ended,2754.9212,2414.6672799999997,supplier_adjusted_forward_premium,supplier_adjusted_forward_premium,,calendar_gap_within_observed_price_episode|exact_source_legacy_null_observation_binding|historical_exact_contract_only|historical_household_statistics_scope_assumed|lower_confidence_energy_episode_proxy|missing_own_reference_using_comparable_premium|price_episode_left_censored|price_episode_observed_proxy|price_episode_uses_dedicated_historical_interpretation|price_episode_uses_retrospective_exact_source_interpretation|supplier_adjusted_monthly_fee_held_flat|supplier_adjusted_tail_uses_comparable_forward_premium
2026-09-17,wsnmgc-nurmijarven-sahko-oy-yleissahko,2000,changed,open_ended,open_ended,329.6436,331.7752533333333,supplier_adjusted_forward_premium,supplier_adjusted_forward_premium,,calendar_gap_within_observed_price_episode|exact_source_legacy_null_observation_binding|historical_exact_contract_only|historical_household_statistics_scope_assumed|lower_confidence_energy_episode_proxy|missing_own_reference_using_comparable_premium|price_episode_left_censored|price_episode_observed_proxy|price_episode_uses_dedicated_historical_interpretation|price_episode_uses_retrospective_exact_source_interpretation|supplier_adjusted_monthly_fee_held_flat|supplier_adjusted_tail_uses_comparable_forward_premium
2026-09-17,wsnmgc-nurmijarven-sahko-oy-yleissahko,5000,changed,open_ended,open_ended,770.289,775.6181333333333,supplier_adjusted_forward_premium,supplier_adjusted_forward_premium,,calendar_gap_within_observed_price_episode|exact_source_legacy_null_observation_binding|historical_exact_contract_only|historical_household_statistics_scope_assumed|lower_confidence_energy_episode_proxy|missing_own_reference_using_comparable_premium|price_episode_left_censored|price_episode_observed_proxy|price_episode_uses_dedicated_historical_interpretation|price_episode_uses_retrospective_exact_source_interpretation|supplier_adjusted_monthly_fee_held_flat|supplier_adjusted_tail_uses_comparable_forward_premium
2026-09-17,wsnmgc-nurmijarven-sahko-oy-yleissahko,18000,changed,open_ended,open_ended,2679.7524,2698.9372799999996,supplier_adjusted_forward_premium,supplier_adjusted_forward_premium,,calendar_gap_within_observed_price_episode|exact_source_legacy_null_observation_binding|historical_exact_contract_only|historical_household_statistics_scope_assumed|lower_confidence_energy_episode_proxy|missing_own_reference_using_comparable_premium|price_episode_left_censored|price_episode_observed_proxy|price_episode_uses_dedicated_historical_interpretation|price_episode_uses_retrospective_exact_source_interpretation|supplier_adjusted_monthly_fee_held_flat|supplier_adjusted_tail_uses_comparable_forward_premium
2026-09-17,xlclt2-sahkotytot-oy-porssisahko-tarjous-ilmainen-perusmaksu-ensimmaiset-3kk,2000,lost,spot,spot,217.694,,forward_curve_spot,,exact_date_components_unavailable,canonical_interpretation_rejected_by_exact_target_validation|canonical_omitted_no_valid_interpretation_as_of_date|historical_temporal_source_validation_unavailable|observed_relational_uniform_monthly_consumption
2026-09-17,xlclt2-sahkotytot-oy-porssisahko-tarjous-ilmainen-perusmaksu-ensimmaiset-3kk,5000,lost,spot,spot,517.9099,,forward_curve_spot,,exact_date_components_unavailable,canonical_interpretation_rejected_by_exact_target_validation|canonical_omitted_no_valid_interpretation_as_of_date|historical_temporal_source_validation_unavailable|observed_relational_uniform_monthly_consumption
2026-09-17,xlclt2-sahkotytot-oy-porssisahko-tarjous-ilmainen-perusmaksu-ensimmaiset-3kk,18000,lost,spot,spot,1818.8457,,forward_curve_spot,,exact_date_components_unavailable,canonical_interpretation_rejected_by_exact_target_validation|canonical_omitted_no_valid_interpretation_as_of_date|historical_temporal_source_validation_unavailable|observed_relational_uniform_monthly_consumption
2026-09-17,xx5uxn-oomi-oy-toimitusvelvollinen-sahko,2000,changed,open_ended,open_ended,364.2668,326.46080888888883,supplier_adjusted_forward_premium,supplier_adjusted_forward_premium,,calendar_gap_within_observed_price_episode|exact_source_legacy_null_observation_binding|historical_exact_contract_only|historical_household_statistics_scope_assumed|lower_confidence_energy_episode_proxy|missing_own_reference_using_comparable_premium|price_episode_left_censored|price_episode_observed_proxy|price_episode_uses_dedicated_historical_interpretation|price_episode_uses_retrospective_exact_source_interpretation|supplier_adjusted_monthly_fee_held_flat|supplier_adjusted_tail_uses_comparable_forward_premium
2026-09-17,xx5uxn-oomi-oy-toimitusvelvollinen-sahko,5000,changed,open_ended,open_ended,821.387,726.8720222222223,supplier_adjusted_forward_premium,supplier_adjusted_forward_premium,,calendar_gap_within_observed_price_episode|exact_source_legacy_null_observation_binding|historical_exact_contract_only|historical_household_statistics_scope_assumed|lower_confidence_energy_episode_proxy|missing_own_reference_using_comparable_premium|price_episode_left_censored|price_episode_observed_proxy|price_episode_uses_dedicated_historical_interpretation|price_episode_uses_retrospective_exact_source_interpretation|supplier_adjusted_monthly_fee_held_flat|supplier_adjusted_tail_uses_comparable_forward_premium
2026-09-17,xx5uxn-oomi-oy-toimitusvelvollinen-sahko,18000,changed,open_ended,open_ended,2802.2412,2461.98728,supplier_adjusted_forward_premium,supplier_adjusted_forward_premium,,calendar_gap_within_observed_price_episode|exact_source_legacy_null_observation_binding|historical_exact_contract_only|historical_household_statistics_scope_assumed|lower_confidence_energy_episode_proxy|missing_own_reference_using_comparable_premium|price_episode_left_censored|price_episode_observed_proxy|price_episode_uses_dedicated_historical_interpretation|price_episode_uses_retrospective_exact_source_interpretation|supplier_adjusted_monthly_fee_held_flat|supplier_adjusted_tail_uses_comparable_forward_premium
2026-09-17,ymqe7v-helen-oy-perussahko,2000,changed,open_ended,open_ended,360.448,362.57969777777777,supplier_adjusted_forward_premium,supplier_adjusted_forward_premium,,calendar_gap_within_observed_price_episode|exact_source_legacy_null_observation_binding|historical_exact_contract_only|historical_household_statistics_scope_assumed|lower_confidence_energy_episode_proxy|missing_own_reference_using_comparable_premium|price_episode_left_censored|price_episode_observed_proxy|price_episode_uses_dedicated_historical_interpretation|price_episode_uses_retrospective_exact_source_interpretation|supplier_adjusted_monthly_fee_held_flat|supplier_adjusted_tail_uses_comparable_forward_premium
2026-09-17,ymqe7v-helen-oy-perussahko,5000,changed,open_ended,open_ended,793.3001,798.6292444444442,supplier_adjusted_forward_premium,supplier_adjusted_forward_premium,,calendar_gap_within_observed_price_episode|exact_source_legacy_null_observation_binding|historical_exact_contract_only|historical_household_statistics_scope_assumed|lower_confidence_energy_episode_proxy|missing_own_reference_using_comparable_premium|price_episode_left_censored|price_episode_observed_proxy|price_episode_uses_dedicated_historical_interpretation|price_episode_uses_retrospective_exact_source_interpretation|supplier_adjusted_monthly_fee_held_flat|supplier_adjusted_tail_uses_comparable_forward_premium
2026-09-17,ymqe7v-helen-oy-perussahko,18000,changed,open_ended,open_ended,2668.9924,2688.1772799999994,supplier_adjusted_forward_premium,supplier_adjusted_forward_premium,,calendar_gap_within_observed_price_episode|exact_source_legacy_null_observation_binding|historical_exact_contract_only|historical_household_statistics_scope_assumed|lower_confidence_energy_episode_proxy|missing_own_reference_using_comparable_premium|price_episode_left_censored|price_episode_observed_proxy|price_episode_uses_dedicated_historical_interpretation|price_episode_uses_retrospective_exact_source_interpretation|supplier_adjusted_monthly_fee_held_flat|supplier_adjusted_tail_uses_comparable_forward_premium
2026-09-17,zrxwlb-vaasan-sahko-myynti-oy-toimitusvelvollinen-perussahko,2000,changed,quarterly,quarterly,275.8036,216.79999999999998,recurring_forward_curve_shift,none,,canonical_interpretation_rejected_by_exact_target_validation|canonical_omitted_no_valid_interpretation_as_of_date|observed_relational_uniform_monthly_consumption|relational_open_ended_no_proven_historical_adjustment_mechanism
2026-09-17,zrxwlb-vaasan-sahko-myynti-oy-toimitusvelvollinen-perussahko,5000,changed,quarterly,quarterly,601.309,453.8,recurring_forward_curve_shift,none,,canonical_interpretation_rejected_by_exact_target_validation|canonical_omitted_no_valid_interpretation_as_of_date|observed_relational_uniform_monthly_consumption|relational_open_ended_no_proven_historical_adjustment_mechanism
2026-09-17,zrxwlb-vaasan-sahko-myynti-oy-toimitusvelvollinen-perussahko,18000,changed,quarterly,quarterly,2011.8325,1480.8000000000002,recurring_forward_curve_shift,none,,canonical_interpretation_rejected_by_exact_target_validation|canonical_omitted_no_valid_interpretation_as_of_date|observed_relational_uniform_monthly_consumption|relational_open_ended_no_proven_historical_adjustment_mechanism
2026-09-17,zsxqiy-oomi-oy-toimitusvelvollinen-sahko,2000,changed,open_ended,open_ended,325.1644,359.20369777777773,supplier_adjusted_forward_premium,supplier_adjusted_forward_premium,,calendar_gap_within_observed_price_episode|exact_source_legacy_null_observation_binding|historical_exact_contract_only|historical_household_statistics_scope_assumed|lower_confidence_energy_episode_proxy|missing_own_reference_using_comparable_premium|price_episode_left_censored|price_episode_observed_proxy|price_episode_uses_dedicated_historical_interpretation|price_episode_uses_retrospective_exact_source_interpretation|supplier_adjusted_monthly_fee_held_flat|supplier_adjusted_tail_uses_comparable_forward_premium
2026-09-17,zsxqiy-oomi-oy-toimitusvelvollinen-sahko,5000,changed,open_ended,open_ended,723.631,808.7292444444445,supplier_adjusted_forward_premium,supplier_adjusted_forward_premium,,calendar_gap_within_observed_price_episode|exact_source_legacy_null_observation_binding|historical_exact_contract_only|historical_household_statistics_scope_assumed|lower_confidence_energy_episode_proxy|missing_own_reference_using_comparable_premium|price_episode_left_censored|price_episode_observed_proxy|price_episode_uses_dedicated_historical_interpretation|price_episode_uses_retrospective_exact_source_interpretation|supplier_adjusted_monthly_fee_held_flat|supplier_adjusted_tail_uses_comparable_forward_premium
2026-09-17,zsxqiy-oomi-oy-toimitusvelvollinen-sahko,18000,changed,open_ended,open_ended,2450.3197,2756.6732799999995,supplier_adjusted_forward_premium,supplier_adjusted_forward_premium,,calendar_gap_within_observed_price_episode|exact_source_legacy_null_observation_binding|historical_exact_contract_only|historical_household_statistics_scope_assumed|lower_confidence_energy_episode_proxy|missing_own_reference_using_comparable_premium|price_episode_left_censored|price_episode_observed_proxy|price_episode_uses_dedicated_historical_interpretation|price_episode_uses_retrospective_exact_source_interpretation|supplier_adjusted_monthly_fee_held_flat|supplier_adjusted_tail_uses_comparable_forward_premium
2026-09-20,2wzfba-oomi-oy-oomi-vakaa,2000,changed,open_ended,open_ended,353.6394,355.78949027777776,supplier_adjusted_forward_premium,supplier_adjusted_forward_premium,,canonical_interpretation_rejected_by_exact_target_validation|exact_source_legacy_null_observation_binding|historical_exact_contract_only|historical_household_statistics_scope_assumed|historical_temporal_source_validation_unavailable|lower_confidence_energy_episode_proxy|missing_own_reference_using_comparable_premium|price_episode_left_censored|price_episode_observed_proxy|price_episode_uses_dedicated_historical_interpretation|price_episode_uses_retrospective_exact_source_interpretation|supplier_adjusted_monthly_fee_held_flat|supplier_adjusted_tail_uses_comparable_forward_premium
2026-09-20,2wzfba-oomi-oy-oomi-vakaa,5000,changed,open_ended,open_ended,794.8184,800.1937256944443,supplier_adjusted_forward_premium,supplier_adjusted_forward_premium,,canonical_interpretation_rejected_by_exact_target_validation|exact_source_legacy_null_observation_binding|historical_exact_contract_only|historical_household_statistics_scope_assumed|historical_temporal_source_validation_unavailable|lower_confidence_energy_episode_proxy|missing_own_reference_using_comparable_premium|price_episode_left_censored|price_episode_observed_proxy|price_episode_uses_dedicated_historical_interpretation|price_episode_uses_retrospective_exact_source_interpretation|supplier_adjusted_monthly_fee_held_flat|supplier_adjusted_tail_uses_comparable_forward_premium
2026-09-20,2wzfba-oomi-oy-oomi-vakaa,18000,changed,open_ended,open_ended,2706.5942,2725.9454124999993,supplier_adjusted_forward_premium,supplier_adjusted_forward_premium,,canonical_interpretation_rejected_by_exact_target_validation|exact_source_legacy_null_observation_binding|historical_exact_contract_only|historical_household_statistics_scope_assumed|historical_temporal_source_validation_unavailable|lower_confidence_energy_episode_proxy|missing_own_reference_using_comparable_premium|price_episode_left_censored|price_episode_observed_proxy|price_episode_uses_dedicated_historical_interpretation|price_episode_uses_retrospective_exact_source_interpretation|supplier_adjusted_monthly_fee_held_flat|supplier_adjusted_tail_uses_comparable_forward_premium
2026-09-20,4rzdsm-lammaisten-energia-oy-toimitusvelvollinen-yleissahko,2000,changed,open_ended,open_ended,466.4764,350.99171249999995,supplier_adjusted_forward_curve_shift,supplier_adjusted_forward_curve_shift,,exact_source_legacy_null_observation_binding|forward_month_from_quarter_contract|historical_exact_contract_only|historical_household_statistics_scope_assumed|price_episode_left_censored|price_episode_observed_proxy|prior_energy_evidence_changed_unknown_or_conflicting|supplier_adjusted_monthly_fee_held_flat|supplier_adjusted_tail_shifted_on_forward_curve
2026-09-20,4rzdsm-lammaisten-energia-oy-toimitusvelvollinen-yleissahko,5000,changed,open_ended,open_ended,1084.291,795.57928125,supplier_adjusted_forward_curve_shift,supplier_adjusted_forward_curve_shift,,exact_source_legacy_null_observation_binding|forward_month_from_quarter_contract|historical_exact_contract_only|historical_household_statistics_scope_assumed|price_episode_left_censored|price_episode_observed_proxy|prior_energy_evidence_changed_unknown_or_conflicting|supplier_adjusted_monthly_fee_held_flat|supplier_adjusted_tail_shifted_on_forward_curve
2026-09-20,4rzdsm-lammaisten-energia-oy-toimitusvelvollinen-yleissahko,18000,changed,open_ended,open_ended,3761.4875,2722.1254124999996,supplier_adjusted_forward_curve_shift,supplier_adjusted_forward_curve_shift,,exact_source_legacy_null_observation_binding|forward_month_from_quarter_contract|historical_exact_contract_only|historical_household_statistics_scope_assumed|price_episode_left_censored|price_episode_observed_proxy|prior_energy_evidence_changed_unknown_or_conflicting|supplier_adjusted_monthly_fee_held_flat|supplier_adjusted_tail_shifted_on_forward_curve
2026-09-20,68g91h-keuruun-sahko-oy-yosahko,2000,changed,open_ended,open_ended,321.1877,355.5221291666667,supplier_adjusted_forward_premium,supplier_adjusted_forward_premium,,calendar_gap_within_observed_price_episode|canonical_interpretation_rejected_by_exact_target_validation|exact_source_legacy_null_observation_binding|historical_exact_contract_only|historical_household_statistics_scope_assumed|lower_confidence_energy_episode_proxy|missing_own_reference_using_comparable_premium|price_episode_left_censored|price_episode_observed_proxy|price_episode_uses_dedicated_historical_interpretation|price_episode_uses_retrospective_exact_source_interpretation|supplier_adjusted_monthly_fee_held_flat|supplier_adjusted_tail_uses_comparable_forward_premium
2026-09-20,68g91h-keuruun-sahko-oy-yosahko,5000,changed,open_ended,open_ended,721.0693,806.9053229166667,supplier_adjusted_forward_premium,supplier_adjusted_forward_premium,,calendar_gap_within_observed_price_episode|canonical_interpretation_rejected_by_exact_target_validation|exact_source_legacy_null_observation_binding|historical_exact_contract_only|historical_household_statistics_scope_assumed|lower_confidence_energy_episode_proxy|missing_own_reference_using_comparable_premium|price_episode_left_censored|price_episode_observed_proxy|price_episode_uses_dedicated_historical_interpretation|price_episode_uses_retrospective_exact_source_interpretation|supplier_adjusted_monthly_fee_held_flat|supplier_adjusted_tail_uses_comparable_forward_premium
2026-09-20,68g91h-keuruun-sahko-oy-yosahko,18000,changed,open_ended,open_ended,2453.8893,2762.8991624999994,supplier_adjusted_forward_premium,supplier_adjusted_forward_premium,,calendar_gap_within_observed_price_episode|canonical_interpretation_rejected_by_exact_target_validation|exact_source_legacy_null_observation_binding|historical_exact_contract_only|historical_household_statistics_scope_assumed|lower_confidence_energy_episode_proxy|missing_own_reference_using_comparable_premium|price_episode_left_censored|price_episode_observed_proxy|price_episode_uses_dedicated_historical_interpretation|price_episode_uses_retrospective_exact_source_interpretation|supplier_adjusted_monthly_fee_held_flat|supplier_adjusted_tail_uses_comparable_forward_premium
2026-09-20,bcztkj-iin-energia-oy-yleissahko,2000,changed,open_ended,open_ended,364.5455,373.66038111111106,supplier_adjusted_forward_premium,supplier_adjusted_forward_curve_shift,,exact_source_legacy_null_observation_binding|forward_month_from_quarter_contract|historical_exact_contract_only|historical_household_statistics_scope_assumed|price_episode_left_censored|price_episode_observed_proxy|supplier_adjusted_monthly_fee_held_flat|supplier_adjusted_tail_shifted_on_forward_curve
2026-09-20,bcztkj-iin-energia-oy-yleissahko,5000,changed,open_ended,open_ended,802.1037,824.8909527777777,supplier_adjusted_forward_premium,supplier_adjusted_forward_curve_shift,,exact_source_legacy_null_observation_binding|forward_month_from_quarter_contract|historical_exact_contract_only|historical_household_statistics_scope_assumed|price_episode_left_censored|price_episode_observed_proxy|supplier_adjusted_monthly_fee_held_flat|supplier_adjusted_tail_shifted_on_forward_curve
2026-09-20,bcztkj-iin-energia-oy-yleissahko,18000,changed,open_ended,open_ended,2698.1892,2780.2234299999996,supplier_adjusted_forward_premium,supplier_adjusted_forward_curve_shift,,exact_source_legacy_null_observation_binding|forward_month_from_quarter_contract|historical_exact_contract_only|historical_household_statistics_scope_assumed|price_episode_left_censored|price_episode_observed_proxy|supplier_adjusted_monthly_fee_held_flat|supplier_adjusted_tail_shifted_on_forward_curve
2026-09-20,bgbqwj-imatran-seudun-sahko-oy-huoleton,2000,changed,open_ended,open_ended,352.9194,465.1920777777777,supplier_adjusted_forward_premium,supplier_adjusted_forward_curve_shift,,exact_source_legacy_null_observation_binding|forward_month_from_quarter_contract|historical_exact_contract_only|historical_household_statistics_scope_assumed|price_episode_left_censored|price_episode_observed_proxy|price_episode_uses_retrospective_exact_source_interpretation|prior_energy_evidence_changed_unknown_or_conflicting|supplier_adjusted_monthly_fee_held_flat|supplier_adjusted_tail_shifted_on_forward_curve
2026-09-20,bgbqwj-imatran-seudun-sahko-oy-huoleton,5000,changed,open_ended,open_ended,794.0984,1074.7801944444443,supplier_adjusted_forward_premium,supplier_adjusted_forward_curve_shift,,exact_source_legacy_null_observation_binding|forward_month_from_quarter_contract|historical_exact_contract_only|historical_household_statistics_scope_assumed|price_episode_left_censored|price_episode_observed_proxy|price_episode_uses_retrospective_exact_source_interpretation|prior_energy_evidence_changed_unknown_or_conflicting|supplier_adjusted_monthly_fee_held_flat|supplier_adjusted_tail_shifted_on_forward_curve
2026-09-20,bgbqwj-imatran-seudun-sahko-oy-huoleton,18000,changed,open_ended,open_ended,2705.8742,3716.3287,supplier_adjusted_forward_premium,supplier_adjusted_forward_curve_shift,,exact_source_legacy_null_observation_binding|forward_month_from_quarter_contract|historical_exact_contract_only|historical_household_statistics_scope_assumed|price_episode_left_censored|price_episode_observed_proxy|price_episode_uses_retrospective_exact_source_interpretation|prior_energy_evidence_changed_unknown_or_conflicting|supplier_adjusted_monthly_fee_held_flat|supplier_adjusted_tail_shifted_on_forward_curve
2026-09-20,ccs6hf-keuruun-sahko-oy-yleissahko,2000,changed,open_ended,open_ended,344.9688,347.11893472222215,supplier_adjusted_forward_premium,supplier_adjusted_forward_premium,,calendar_gap_within_observed_price_episode|exact_source_legacy_null_observation_binding|historical_exact_contract_only|historical_household_statistics_scope_assumed|lower_confidence_energy_episode_proxy|missing_own_reference_using_comparable_premium|price_episode_left_censored|price_episode_observed_proxy|price_episode_uses_dedicated_historical_interpretation|price_episode_uses_retrospective_exact_source_interpretation|supplier_adjusted_monthly_fee_held_flat|supplier_adjusted_tail_uses_comparable_forward_premium
2026-09-20,ccs6hf-keuruun-sahko-oy-yleissahko,5000,changed,open_ended,open_ended,784.122,789.4973368055555,supplier_adjusted_forward_premium,supplier_adjusted_forward_premium,,calendar_gap_within_observed_price_episode|exact_source_legacy_null_observation_binding|historical_exact_contract_only|historical_household_statistics_scope_assumed|lower_confidence_energy_episode_proxy|missing_own_reference_using_comparable_premium|price_episode_left_censored|price_episode_observed_proxy|price_episode_uses_dedicated_historical_interpretation|price_episode_uses_retrospective_exact_source_interpretation|supplier_adjusted_monthly_fee_held_flat|supplier_adjusted_tail_uses_comparable_forward_premium
2026-09-20,ccs6hf-keuruun-sahko-oy-yleissahko,18000,changed,open_ended,open_ended,2687.1192,2706.4704124999994,supplier_adjusted_forward_premium,supplier_adjusted_forward_premium,,calendar_gap_within_observed_price_episode|exact_source_legacy_null_observation_binding|historical_exact_contract_only|historical_household_statistics_scope_assumed|lower_confidence_energy_episode_proxy|missing_own_reference_using_comparable_premium|price_episode_left_censored|price_episode_observed_proxy|price_episode_uses_dedicated_historical_interpretation|price_episode_uses_retrospective_exact_source_interpretation|supplier_adjusted_monthly_fee_held_flat|supplier_adjusted_tail_uses_comparable_forward_premium
2026-09-20,dhw1tj-koillis-satakunnan-sahko-oy-joustowirta-12-kk,2000,changed,hybrid,hybrid,262.64,262.63999999999993,hybrid_base_only,none,,canonical_interpretation_rejected_by_exact_target_validation|canonical_omitted_no_valid_interpretation_as_of_date|historical_temporal_source_validation_unavailable|observed_relational_uniform_monthly_consumption
2026-09-20,dhw1tj-koillis-satakunnan-sahko-oy-joustowirta-12-kk,5000,changed,hybrid,hybrid,575.24,575.24,hybrid_base_only,none,,canonical_interpretation_rejected_by_exact_target_validation|canonical_omitted_no_valid_interpretation_as_of_date|historical_temporal_source_validation_unavailable|observed_relational_uniform_monthly_consumption
2026-09-20,dhw1tj-koillis-satakunnan-sahko-oy-joustowirta-12-kk,18000,changed,hybrid,hybrid,1929.84,1929.84,hybrid_base_only,none,,canonical_interpretation_rejected_by_exact_target_validation|canonical_omitted_no_valid_interpretation_as_of_date|historical_temporal_source_validation_unavailable|observed_relational_uniform_monthly_consumption
2026-09-20,djobdk-vihrea-alyenergia-oy-vire-tuuli-opiskelija,2000,lost,spot,spot,228.9291,,forward_curve_spot,,exact_date_components_unavailable,canonical_interpretation_rejected_by_exact_target_validation|canonical_omitted_no_valid_interpretation_as_of_date|historical_temporal_source_validation_unavailable|observed_relational_uniform_monthly_consumption
2026-09-20,djobdk-vihrea-alyenergia-oy-vire-tuuli-opiskelija,5000,lost,spot,spot,554.5028,,forward_curve_spot,,exact_date_components_unavailable,canonical_interpretation_rejected_by_exact_target_validation|canonical_omitted_no_valid_interpretation_as_of_date|historical_temporal_source_validation_unavailable|observed_relational_uniform_monthly_consumption
2026-09-20,dnxerq-fortum-markets-oy-fortum-kesto-kausisahko,2000,changed,open_ended,open_ended,369.5845,451.12457777777774,supplier_adjusted_forward_curve_shift,supplier_adjusted_forward_curve_shift,,canonical_interpretation_rejected_by_exact_target_validation|exact_source_legacy_null_observation_binding|forward_month_from_quarter_contract|historical_exact_contract_only|historical_household_statistics_scope_assumed|price_episode_left_censored|price_episode_observed_proxy|price_episode_uses_retrospective_exact_source_interpretation|prior_energy_evidence_changed_unknown_or_conflicting|supplier_adjusted_monthly_fee_held_flat|supplier_adjusted_tail_shifted_on_forward_curve
2026-09-20,dnxerq-fortum-markets-oy-fortum-kesto-kausisahko,5000,changed,open_ended,open_ended,834.6813,1038.5314444444446,supplier_adjusted_forward_curve_shift,supplier_adjusted_forward_curve_shift,,canonical_interpretation_rejected_by_exact_target_validation|exact_source_legacy_null_observation_binding|forward_month_from_quarter_contract|historical_exact_contract_only|historical_household_statistics_scope_assumed|price_episode_left_censored|price_episode_observed_proxy|price_episode_uses_retrospective_exact_source_interpretation|prior_energy_evidence_changed_unknown_or_conflicting|supplier_adjusted_monthly_fee_held_flat|supplier_adjusted_tail_shifted_on_forward_curve
2026-09-20,dnxerq-fortum-markets-oy-fortum-kesto-kausisahko,18000,changed,open_ended,open_ended,2850.1006,3583.9612,supplier_adjusted_forward_curve_shift,supplier_adjusted_forward_curve_shift,,canonical_interpretation_rejected_by_exact_target_validation|exact_source_legacy_null_observation_binding|forward_month_from_quarter_contract|historical_exact_contract_only|historical_household_statistics_scope_assumed|price_episode_left_censored|price_episode_observed_proxy|price_episode_uses_retrospective_exact_source_interpretation|prior_energy_evidence_changed_unknown_or_conflicting|supplier_adjusted_monthly_fee_held_flat|supplier_adjusted_tail_shifted_on_forward_curve
2026-09-20,frx7ys-lammaisten-energia-oy-toimitusvelvollinen-aikasahko,2000,changed,open_ended,open_ended,472.7164,357.2317125,supplier_adjusted_forward_curve_shift,supplier_adjusted_forward_curve_shift,,exact_source_legacy_null_observation_binding|forward_month_from_quarter_contract|historical_exact_contract_only|historical_household_statistics_scope_assumed|price_episode_left_censored|price_episode_observed_proxy|prior_energy_evidence_changed_unknown_or_conflicting|supplier_adjusted_monthly_fee_held_flat|supplier_adjusted_tail_shifted_on_forward_curve
2026-09-20,frx7ys-lammaisten-energia-oy-toimitusvelvollinen-aikasahko,5000,changed,open_ended,open_ended,1099.891,811.17928125,supplier_adjusted_forward_curve_shift,supplier_adjusted_forward_curve_shift,,exact_source_legacy_null_observation_binding|forward_month_from_quarter_contract|historical_exact_contract_only|historical_household_statistics_scope_assumed|price_episode_left_censored|price_episode_observed_proxy|prior_energy_evidence_changed_unknown_or_conflicting|supplier_adjusted_monthly_fee_held_flat|supplier_adjusted_tail_shifted_on_forward_curve
2026-09-20,frx7ys-lammaisten-energia-oy-toimitusvelvollinen-aikasahko,18000,changed,open_ended,open_ended,3817.6475,2778.2854124999994,supplier_adjusted_forward_curve_shift,supplier_adjusted_forward_curve_shift,,exact_source_legacy_null_observation_binding|forward_month_from_quarter_contract|historical_exact_contract_only|historical_household_statistics_scope_assumed|price_episode_left_censored|price_episode_observed_proxy|prior_energy_evidence_changed_unknown_or_conflicting|supplier_adjusted_monthly_fee_held_flat|supplier_adjusted_tail_shifted_on_forward_curve
2026-09-20,fu2xdq-vattenfall-oy-kesto,2000,changed,open_ended,open_ended,348.756,350.9061569444444,supplier_adjusted_forward_premium,supplier_adjusted_forward_premium,,calendar_gap_within_observed_price_episode|exact_source_legacy_null_observation_binding|historical_exact_contract_only|historical_household_statistics_scope_assumed|lower_confidence_energy_episode_proxy|missing_own_reference_using_comparable_premium|price_episode_left_censored|price_episode_observed_proxy|price_episode_uses_dedicated_historical_interpretation|price_episode_uses_retrospective_exact_source_interpretation|supplier_adjusted_monthly_fee_held_flat|supplier_adjusted_tail_uses_comparable_forward_premium
2026-09-20,fu2xdq-vattenfall-oy-kesto,5000,changed,open_ended,open_ended,789.9901,795.365392361111,supplier_adjusted_forward_premium,supplier_adjusted_forward_premium,,calendar_gap_within_observed_price_episode|exact_source_legacy_null_observation_binding|historical_exact_contract_only|historical_household_statistics_scope_assumed|lower_confidence_energy_episode_proxy|missing_own_reference_using_comparable_premium|price_episode_left_censored|price_episode_observed_proxy|price_episode_uses_dedicated_historical_interpretation|price_episode_uses_retrospective_exact_source_interpretation|supplier_adjusted_monthly_fee_held_flat|supplier_adjusted_tail_uses_comparable_forward_premium
2026-09-20,fu2xdq-vattenfall-oy-kesto,18000,changed,open_ended,open_ended,2702.0042,2721.3554125,supplier_adjusted_forward_premium,supplier_adjusted_forward_premium,,calendar_gap_within_observed_price_episode|exact_source_legacy_null_observation_binding|historical_exact_contract_only|historical_household_statistics_scope_assumed|lower_confidence_energy_episode_proxy|missing_own_reference_using_comparable_premium|price_episode_left_censored|price_episode_observed_proxy|price_episode_uses_dedicated_historical_interpretation|price_episode_uses_retrospective_exact_source_interpretation|supplier_adjusted_monthly_fee_held_flat|supplier_adjusted_tail_uses_comparable_forward_premium
2026-09-20,gduez1-parikkalan-valo-oy-kesto-valo-kanta-asiakas,2000,changed,open_ended,open_ended,330.7817,311.0519419444445,supplier_adjusted_forward_curve_shift,supplier_adjusted_forward_premium,,calendar_gap_within_observed_price_episode|exact_source_legacy_null_observation_binding|historical_exact_contract_only|historical_household_statistics_scope_assumed|lower_confidence_energy_episode_proxy|missing_own_reference_using_comparable_premium|price_episode_left_censored|price_episode_observed_proxy|price_episode_uses_dedicated_historical_interpretation|price_episode_uses_retrospective_exact_source_interpretation|supplier_adjusted_monthly_fee_held_flat|supplier_adjusted_tail_uses_comparable_forward_premium
2026-09-20,gduez1-parikkalan-valo-oy-kesto-valo-kanta-asiakas,5000,changed,open_ended,open_ended,743.2542,693.9298548611112,supplier_adjusted_forward_curve_shift,supplier_adjusted_forward_premium,,calendar_gap_within_observed_price_episode|exact_source_legacy_null_observation_binding|historical_exact_contract_only|historical_household_statistics_scope_assumed|lower_confidence_energy_episode_proxy|missing_own_reference_using_comparable_premium|price_episode_left_censored|price_episode_observed_proxy|price_episode_uses_dedicated_historical_interpretation|price_episode_uses_retrospective_exact_source_interpretation|supplier_adjusted_monthly_fee_held_flat|supplier_adjusted_tail_uses_comparable_forward_premium
2026-09-20,gduez1-parikkalan-valo-oy-kesto-valo-kanta-asiakas,18000,changed,open_ended,open_ended,2530.6352,2353.0674775,supplier_adjusted_forward_curve_shift,supplier_adjusted_forward_premium,,calendar_gap_within_observed_price_episode|exact_source_legacy_null_observation_binding|historical_exact_contract_only|historical_household_statistics_scope_assumed|lower_confidence_energy_episode_proxy|missing_own_reference_using_comparable_premium|price_episode_left_censored|price_episode_observed_proxy|price_episode_uses_dedicated_historical_interpretation|price_episode_uses_retrospective_exact_source_interpretation|supplier_adjusted_monthly_fee_held_flat|supplier_adjusted_tail_uses_comparable_forward_premium
2026-09-20,gjhzfc-kokkolan-energia-oy-vuodenaika-uusiutuva,2000,changed,quarterly,quarterly,259.4603,194.75999999999996,recurring_forward_curve_shift,none,,canonical_interpretation_rejected_by_exact_target_validation|canonical_omitted_no_valid_interpretation_as_of_date|historical_temporal_source_validation_unavailable|observed_relational_uniform_monthly_consumption|relational_open_ended_no_proven_historical_adjustment_mechanism
2026-09-20,gjhzfc-kokkolan-energia-oy-vuodenaika-uusiutuva,5000,changed,quarterly,quarterly,603.1108,441.3600000000002,recurring_forward_curve_shift,none,,canonical_interpretation_rejected_by_exact_target_validation|canonical_omitted_no_valid_interpretation_as_of_date|historical_temporal_source_validation_unavailable|observed_relational_uniform_monthly_consumption|relational_open_ended_no_proven_historical_adjustment_mechanism
2026-09-20,gjhzfc-kokkolan-energia-oy-vuodenaika-uusiutuva,18000,changed,quarterly,quarterly,2092.2627,1509.96,recurring_forward_curve_shift,none,,canonical_interpretation_rejected_by_exact_target_validation|canonical_omitted_no_valid_interpretation_as_of_date|historical_temporal_source_validation_unavailable|observed_relational_uniform_monthly_consumption|relational_open_ended_no_proven_historical_adjustment_mechanism
2026-09-20,gywy8t-aanekosken-energia-oy-aikasahko,2000,changed,open_ended,open_ended,311.1775,345.51187916666663,supplier_adjusted_forward_premium,supplier_adjusted_forward_premium,,calendar_gap_within_observed_price_episode|exact_source_legacy_null_observation_binding|historical_exact_contract_only|historical_household_statistics_scope_assumed|lower_confidence_energy_episode_proxy|missing_own_reference_using_comparable_premium|price_episode_left_censored|price_episode_observed_proxy|price_episode_uses_dedicated_historical_interpretation|price_episode_uses_retrospective_exact_source_interpretation|supplier_adjusted_monthly_fee_held_flat|supplier_adjusted_tail_uses_comparable_forward_premium
2026-09-20,gywy8t-aanekosken-energia-oy-aikasahko,5000,changed,open_ended,open_ended,711.3436,797.1796979166668,supplier_adjusted_forward_premium,supplier_adjusted_forward_premium,,calendar_gap_within_observed_price_episode|exact_source_legacy_null_observation_binding|historical_exact_contract_only|historical_household_statistics_scope_assumed|lower_confidence_energy_episode_proxy|missing_own_reference_using_comparable_premium|price_episode_left_censored|price_episode_observed_proxy|price_episode_uses_dedicated_historical_interpretation|price_episode_uses_retrospective_exact_source_interpretation|supplier_adjusted_monthly_fee_held_flat|supplier_adjusted_tail_uses_comparable_forward_premium
2026-09-20,gywy8t-aanekosken-energia-oy-aikasahko,18000,changed,open_ended,open_ended,2445.3971,2754.4069125,supplier_adjusted_forward_premium,supplier_adjusted_forward_premium,,calendar_gap_within_observed_price_episode|exact_source_legacy_null_observation_binding|historical_exact_contract_only|historical_household_statistics_scope_assumed|lower_confidence_energy_episode_proxy|missing_own_reference_using_comparable_premium|price_episode_left_censored|price_episode_observed_proxy|price_episode_uses_dedicated_historical_interpretation|price_episode_uses_retrospective_exact_source_interpretation|supplier_adjusted_monthly_fee_held_flat|supplier_adjusted_tail_uses_comparable_forward_premium
2026-09-20,hbdxeg-vihrea-alyenergia-oy-vakaa-valinta,2000,changed,open_ended,open_ended,473.2721,474.7563941666666,supplier_adjusted_forward_curve_shift,supplier_adjusted_forward_curve_shift,,exact_source_legacy_null_observation_binding|forward_month_from_quarter_contract|historical_exact_contract_only|historical_household_statistics_scope_assumed|price_episode_left_censored|price_episode_observed_proxy|price_episode_uses_retrospective_exact_source_interpretation|prior_energy_evidence_changed_unknown_or_conflicting|supplier_adjusted_monthly_fee_held_flat|supplier_adjusted_tail_shifted_on_forward_curve
2026-09-20,hwmfco-aalto-energia-oyj-tyyni-jatkuva,2000,changed,open_ended,open_ended,357.736,359.88615694444445,supplier_adjusted_forward_premium,supplier_adjusted_forward_premium,,calendar_gap_within_observed_price_episode|exact_source_legacy_null_observation_binding|historical_exact_contract_only|historical_household_statistics_scope_assumed|lower_confidence_energy_episode_proxy|missing_own_reference_using_comparable_premium|price_episode_left_censored|price_episode_observed_proxy|price_episode_uses_dedicated_historical_interpretation|price_episode_uses_retrospective_exact_source_interpretation|supplier_adjusted_monthly_fee_disclosed_phases|supplier_adjusted_tail_uses_comparable_forward_premium
2026-09-20,hwmfco-aalto-energia-oyj-tyyni-jatkuva,5000,changed,open_ended,open_ended,796.1651,801.5403923611111,supplier_adjusted_forward_premium,supplier_adjusted_forward_premium,,calendar_gap_within_observed_price_episode|exact_source_legacy_null_observation_binding|historical_exact_contract_only|historical_household_statistics_scope_assumed|lower_confidence_energy_episode_proxy|missing_own_reference_using_comparable_premium|price_episode_left_censored|price_episode_observed_proxy|price_episode_uses_dedicated_historical_interpretation|price_episode_uses_retrospective_exact_source_interpretation|supplier_adjusted_monthly_fee_disclosed_phases|supplier_adjusted_tail_uses_comparable_forward_premium
2026-09-20,hwmfco-aalto-energia-oyj-tyyni-jatkuva,18000,changed,open_ended,open_ended,2696.0242,2715.3754124999996,supplier_adjusted_forward_premium,supplier_adjusted_forward_premium,,calendar_gap_within_observed_price_episode|exact_source_legacy_null_observation_binding|historical_exact_contract_only|historical_household_statistics_scope_assumed|lower_confidence_energy_episode_proxy|missing_own_reference_using_comparable_premium|price_episode_left_censored|price_episode_observed_proxy|price_episode_uses_dedicated_historical_interpretation|price_episode_uses_retrospective_exact_source_interpretation|supplier_adjusted_monthly_fee_disclosed_phases|supplier_adjusted_tail_uses_comparable_forward_premium
2026-09-20,iwjgsd-pohjois-karjalan-sahko-oy-tove-perus,2000,changed,open_ended,open_ended,348.5949,350.7450458333333,supplier_adjusted_forward_premium,supplier_adjusted_forward_premium,,calendar_gap_within_observed_price_episode|exact_source_legacy_null_observation_binding|historical_exact_contract_only|historical_household_statistics_scope_assumed|lower_confidence_energy_episode_proxy|missing_own_reference_using_comparable_premium|price_episode_left_censored|price_episode_observed_proxy|price_episode_uses_dedicated_historical_interpretation|price_episode_uses_retrospective_exact_source_interpretation|supplier_adjusted_monthly_fee_held_flat|supplier_adjusted_tail_uses_comparable_forward_premium
2026-09-20,iwjgsd-pohjois-karjalan-sahko-oy-tove-perus,5000,changed,open_ended,open_ended,789.4073,794.7826145833332,supplier_adjusted_forward_premium,supplier_adjusted_forward_premium,,calendar_gap_within_observed_price_episode|exact_source_legacy_null_observation_binding|historical_exact_contract_only|historical_household_statistics_scope_assumed|lower_confidence_energy_episode_proxy|missing_own_reference_using_comparable_premium|price_episode_left_censored|price_episode_observed_proxy|price_episode_uses_dedicated_historical_interpretation|price_episode_uses_retrospective_exact_source_interpretation|supplier_adjusted_monthly_fee_held_flat|supplier_adjusted_tail_uses_comparable_forward_premium
2026-09-20,iwjgsd-pohjois-karjalan-sahko-oy-tove-perus,18000,changed,open_ended,open_ended,2699.5942,2718.9454124999997,supplier_adjusted_forward_premium,supplier_adjusted_forward_premium,,calendar_gap_within_observed_price_episode|exact_source_legacy_null_observation_binding|historical_exact_contract_only|historical_household_statistics_scope_assumed|lower_confidence_energy_episode_proxy|missing_own_reference_using_comparable_premium|price_episode_left_censored|price_episode_observed_proxy|price_episode_uses_dedicated_historical_interpretation|price_episode_uses_retrospective_exact_source_interpretation|supplier_adjusted_monthly_fee_held_flat|supplier_adjusted_tail_uses_comparable_forward_premium
2026-09-20,kngjot-keravan-energia-oy-tuulikvartaalisahko,2000,changed,quarterly,quarterly,362.5803,297.87999999999994,recurring_forward_curve_shift,none,,canonical_interpretation_rejected_by_exact_target_validation|canonical_omitted_no_valid_interpretation_as_of_date|historical_temporal_source_validation_unavailable|observed_relational_uniform_monthly_consumption|relational_open_ended_no_proven_historical_adjustment_mechanism
2026-09-20,kngjot-keravan-energia-oy-tuulikvartaalisahko,5000,changed,quarterly,quarterly,834.6308,672.8800000000001,recurring_forward_curve_shift,none,,canonical_interpretation_rejected_by_exact_target_validation|canonical_omitted_no_valid_interpretation_as_of_date|historical_temporal_source_validation_unavailable|observed_relational_uniform_monthly_consumption|relational_open_ended_no_proven_historical_adjustment_mechanism
2026-09-20,kngjot-keravan-energia-oy-tuulikvartaalisahko,18000,changed,quarterly,quarterly,2880.1827,2297.88,recurring_forward_curve_shift,none,,canonical_interpretation_rejected_by_exact_target_validation|canonical_omitted_no_valid_interpretation_as_of_date|historical_temporal_source_validation_unavailable|observed_relational_uniform_monthly_consumption|relational_open_ended_no_proven_historical_adjustment_mechanism
2026-09-20,kvwny9-vihrea-alyenergia-oy-vire-tuuli-porssisahko-tarjous-ensimmaiset-12-kk,2000,lost,spot,spot,236.1491,,forward_curve_spot,,exact_date_components_unavailable,canonical_interpretation_rejected_by_exact_target_validation|canonical_omitted_no_valid_interpretation_as_of_date|historical_temporal_source_validation_unavailable|observed_relational_uniform_monthly_consumption
2026-09-20,kvwny9-vihrea-alyenergia-oy-vire-tuuli-porssisahko-tarjous-ensimmaiset-12-kk,5000,lost,spot,spot,545.5228,,forward_curve_spot,,exact_date_components_unavailable,canonical_interpretation_rejected_by_exact_target_validation|canonical_omitted_no_valid_interpretation_as_of_date|historical_temporal_source_validation_unavailable|observed_relational_uniform_monthly_consumption
2026-09-20,kvwny9-vihrea-alyenergia-oy-vire-tuuli-porssisahko-tarjous-ensimmaiset-12-kk,18000,lost,spot,spot,1886.1419,,forward_curve_spot,,exact_date_components_unavailable,canonical_interpretation_rejected_by_exact_target_validation|canonical_omitted_no_valid_interpretation_as_of_date|historical_temporal_source_validation_unavailable|observed_relational_uniform_monthly_consumption
2026-09-20,lazesb-keuruun-sahko-oy-kausisahko,2000,changed,open_ended,open_ended,361.9573,323.3856013888888,supplier_adjusted_forward_premium,supplier_adjusted_forward_premium,,calendar_gap_within_observed_price_episode|exact_source_legacy_null_observation_binding|historical_exact_contract_only|historical_household_statistics_scope_assumed|lower_confidence_energy_episode_proxy|missing_own_reference_using_comparable_premium|price_episode_left_censored|price_episode_observed_proxy|price_episode_uses_dedicated_historical_interpretation|price_episode_uses_retrospective_exact_source_interpretation|supplier_adjusted_monthly_fee_held_flat|supplier_adjusted_tail_uses_comparable_forward_premium
2026-09-20,lazesb-keuruun-sahko-oy-kausisahko,5000,changed,open_ended,open_ended,822.9932,726.5640034722222,supplier_adjusted_forward_premium,supplier_adjusted_forward_premium,,calendar_gap_within_observed_price_episode|exact_source_legacy_null_observation_binding|historical_exact_contract_only|historical_household_statistics_scope_assumed|lower_confidence_energy_episode_proxy|missing_own_reference_using_comparable_premium|price_episode_left_censored|price_episode_observed_proxy|price_episode_uses_dedicated_historical_interpretation|price_episode_uses_retrospective_exact_source_interpretation|supplier_adjusted_monthly_fee_held_flat|supplier_adjusted_tail_uses_comparable_forward_premium
2026-09-20,lazesb-keuruun-sahko-oy-kausisahko,18000,changed,open_ended,open_ended,2820.8156,2473.670412499999,supplier_adjusted_forward_premium,supplier_adjusted_forward_premium,,calendar_gap_within_observed_price_episode|exact_source_legacy_null_observation_binding|historical_exact_contract_only|historical_household_statistics_scope_assumed|lower_confidence_energy_episode_proxy|missing_own_reference_using_comparable_premium|price_episode_left_censored|price_episode_observed_proxy|price_episode_uses_dedicated_historical_interpretation|price_episode_uses_retrospective_exact_source_interpretation|supplier_adjusted_monthly_fee_held_flat|supplier_adjusted_tail_uses_comparable_forward_premium
2026-09-20,onnuwd-nurmijarven-sahko-oy-aikasahko,2000,changed,open_ended,open_ended,323.2814,357.61579583333327,supplier_adjusted_forward_premium,supplier_adjusted_forward_premium,,calendar_gap_within_observed_price_episode|exact_source_legacy_null_observation_binding|historical_exact_contract_only|historical_household_statistics_scope_assumed|lower_confidence_energy_episode_proxy|missing_own_reference_using_comparable_premium|price_episode_left_censored|price_episode_observed_proxy|price_episode_uses_dedicated_historical_interpretation|price_episode_uses_retrospective_exact_source_interpretation|supplier_adjusted_monthly_fee_held_flat|supplier_adjusted_tail_uses_comparable_forward_premium
2026-09-20,onnuwd-nurmijarven-sahko-oy-aikasahko,5000,changed,open_ended,open_ended,736.2034,822.0394895833332,supplier_adjusted_forward_premium,supplier_adjusted_forward_premium,,calendar_gap_within_observed_price_episode|exact_source_legacy_null_observation_binding|historical_exact_contract_only|historical_household_statistics_scope_assumed|lower_confidence_energy_episode_proxy|missing_own_reference_using_comparable_premium|price_episode_left_censored|price_episode_observed_proxy|price_episode_uses_dedicated_historical_interpretation|price_episode_uses_retrospective_exact_source_interpretation|supplier_adjusted_monthly_fee_held_flat|supplier_adjusted_tail_uses_comparable_forward_premium
2026-09-20,onnuwd-nurmijarven-sahko-oy-aikasahko,18000,changed,open_ended,open_ended,2525.5323,2834.5421625,supplier_adjusted_forward_premium,supplier_adjusted_forward_premium,,calendar_gap_within_observed_price_episode|exact_source_legacy_null_observation_binding|historical_exact_contract_only|historical_household_statistics_scope_assumed|lower_confidence_energy_episode_proxy|missing_own_reference_using_comparable_premium|price_episode_left_censored|price_episode_observed_proxy|price_episode_uses_dedicated_historical_interpretation|price_episode_uses_retrospective_exact_source_interpretation|supplier_adjusted_monthly_fee_held_flat|supplier_adjusted_tail_uses_comparable_forward_premium
2026-09-20,osszso-aalto-energia-oyj-luotsi-porssisahko-tarjous-perusmaksu-099-ensimmaiset-12kk,2000,lost,spot,spot,228.9291,,forward_curve_spot,,exact_date_components_unavailable,canonical_interpretation_rejected_by_exact_target_validation|canonical_omitted_no_valid_interpretation_as_of_date|historical_temporal_source_validation_unavailable|observed_relational_uniform_monthly_consumption
2026-09-20,osszso-aalto-energia-oyj-luotsi-porssisahko-tarjous-perusmaksu-099-ensimmaiset-12kk,5000,lost,spot,spot,554.5028,,forward_curve_spot,,exact_date_components_unavailable,canonical_interpretation_rejected_by_exact_target_validation|canonical_omitted_no_valid_interpretation_as_of_date|historical_temporal_source_validation_unavailable|observed_relational_uniform_monthly_consumption
2026-09-20,osszso-aalto-energia-oyj-luotsi-porssisahko-tarjous-perusmaksu-099-ensimmaiset-12kk,18000,lost,spot,spot,1965.3219,,forward_curve_spot,,exact_date_components_unavailable,canonical_interpretation_rejected_by_exact_target_validation|canonical_omitted_no_valid_interpretation_as_of_date|historical_temporal_source_validation_unavailable|observed_relational_uniform_monthly_consumption
2026-09-20,ozjhpb-helen-oy-kayttosahko,2000,changed,open_ended,open_ended,365.7855,367.9356013888888,supplier_adjusted_forward_premium,supplier_adjusted_forward_premium,,calendar_gap_within_observed_price_episode|exact_source_legacy_null_observation_binding|historical_exact_contract_only|historical_household_statistics_scope_assumed|lower_confidence_energy_episode_proxy|missing_own_reference_using_comparable_premium|price_episode_left_censored|price_episode_observed_proxy|price_episode_uses_dedicated_historical_interpretation|price_episode_uses_retrospective_exact_source_interpretation|supplier_adjusted_monthly_fee_held_flat|supplier_adjusted_tail_uses_comparable_forward_premium
2026-09-20,ozjhpb-helen-oy-kayttosahko,5000,changed,open_ended,open_ended,806.6437,812.0190034722223,supplier_adjusted_forward_premium,supplier_adjusted_forward_premium,,calendar_gap_within_observed_price_episode|exact_source_legacy_null_observation_binding|historical_exact_contract_only|historical_household_statistics_scope_assumed|lower_confidence_energy_episode_proxy|missing_own_reference_using_comparable_premium|price_episode_left_censored|price_episode_observed_proxy|price_episode_uses_dedicated_historical_interpretation|price_episode_uses_retrospective_exact_source_interpretation|supplier_adjusted_monthly_fee_held_flat|supplier_adjusted_tail_uses_comparable_forward_premium
2026-09-20,ozjhpb-helen-oy-kayttosahko,18000,changed,open_ended,open_ended,2717.0292,2736.3804125,supplier_adjusted_forward_premium,supplier_adjusted_forward_premium,,calendar_gap_within_observed_price_episode|exact_source_legacy_null_observation_binding|historical_exact_contract_only|historical_household_statistics_scope_assumed|lower_confidence_energy_episode_proxy|missing_own_reference_using_comparable_premium|price_episode_left_censored|price_episode_observed_proxy|price_episode_uses_dedicated_historical_interpretation|price_episode_uses_retrospective_exact_source_interpretation|supplier_adjusted_monthly_fee_held_flat|supplier_adjusted_tail_uses_comparable_forward_premium
2026-09-20,ppiuwo-herrfors-oy-ab-yleissahko,2000,changed,open_ended,open_ended,365.5581,392.5920777777778,supplier_adjusted_forward_curve_shift,supplier_adjusted_forward_curve_shift,,exact_source_legacy_null_observation_binding|forward_month_from_quarter_contract|historical_exact_contract_only|historical_household_statistics_scope_assumed|price_episode_left_censored|price_episode_observed_proxy|price_episode_uses_retrospective_exact_source_interpretation|prior_energy_evidence_changed_unknown_or_conflicting|supplier_adjusted_monthly_fee_held_flat|supplier_adjusted_tail_shifted_on_forward_curve
2026-09-20,ppiuwo-herrfors-oy-ab-yleissahko,5000,changed,open_ended,open_ended,840.9951,908.5801944444445,supplier_adjusted_forward_curve_shift,supplier_adjusted_forward_curve_shift,,exact_source_legacy_null_observation_binding|forward_month_from_quarter_contract|historical_exact_contract_only|historical_household_statistics_scope_assumed|price_episode_left_censored|price_episode_observed_proxy|price_episode_uses_retrospective_exact_source_interpretation|prior_energy_evidence_changed_unknown_or_conflicting|supplier_adjusted_monthly_fee_held_flat|supplier_adjusted_tail_shifted_on_forward_curve
2026-09-20,ppiuwo-herrfors-oy-ab-yleissahko,18000,changed,open_ended,open_ended,2901.2225,3144.5287,supplier_adjusted_forward_curve_shift,supplier_adjusted_forward_curve_shift,,exact_source_legacy_null_observation_binding|forward_month_from_quarter_contract|historical_exact_contract_only|historical_household_statistics_scope_assumed|price_episode_left_censored|price_episode_observed_proxy|price_episode_uses_retrospective_exact_source_interpretation|prior_energy_evidence_changed_unknown_or_conflicting|supplier_adjusted_monthly_fee_held_flat|supplier_adjusted_tail_shifted_on_forward_curve
2026-09-20,ppwyv2-lammaisten-energia-oy-toimitusvelvollinen-kausisahko,2000,changed,open_ended,open_ended,439.7931,324.30837916666655,supplier_adjusted_forward_curve_shift,supplier_adjusted_forward_curve_shift,,exact_source_legacy_null_observation_binding|forward_month_from_quarter_contract|historical_exact_contract_only|historical_household_statistics_scope_assumed|price_episode_left_censored|price_episode_observed_proxy|prior_energy_evidence_changed_unknown_or_conflicting|supplier_adjusted_monthly_fee_held_flat|supplier_adjusted_tail_shifted_on_forward_curve
2026-09-20,ppwyv2-lammaisten-energia-oy-toimitusvelvollinen-kausisahko,5000,changed,open_ended,open_ended,1017.5827,728.8709479166666,supplier_adjusted_forward_curve_shift,supplier_adjusted_forward_curve_shift,,exact_source_legacy_null_observation_binding|forward_month_from_quarter_contract|historical_exact_contract_only|historical_household_statistics_scope_assumed|price_episode_left_censored|price_episode_observed_proxy|prior_energy_evidence_changed_unknown_or_conflicting|supplier_adjusted_monthly_fee_held_flat|supplier_adjusted_tail_shifted_on_forward_curve
2026-09-20,ppwyv2-lammaisten-energia-oy-toimitusvelvollinen-kausisahko,18000,changed,open_ended,open_ended,3521.3375,2481.9754124999995,supplier_adjusted_forward_curve_shift,supplier_adjusted_forward_curve_shift,,exact_source_legacy_null_observation_binding|forward_month_from_quarter_contract|historical_exact_contract_only|historical_household_statistics_scope_assumed|price_episode_left_censored|price_episode_observed_proxy|prior_energy_evidence_changed_unknown_or_conflicting|supplier_adjusted_monthly_fee_held_flat|supplier_adjusted_tail_shifted_on_forward_curve
2026-09-20,pszotq-nurmijarven-sahko-oy-kausisahko,2000,changed,open_ended,open_ended,359.0606,320.4889347222222,supplier_adjusted_forward_premium,supplier_adjusted_forward_premium,,calendar_gap_within_observed_price_episode|exact_source_legacy_null_observation_binding|historical_exact_contract_only|historical_household_statistics_scope_assumed|lower_confidence_energy_episode_proxy|missing_own_reference_using_comparable_premium|price_episode_left_censored|price_episode_observed_proxy|price_episode_uses_dedicated_historical_interpretation|price_episode_uses_retrospective_exact_source_interpretation|supplier_adjusted_monthly_fee_held_flat|supplier_adjusted_tail_uses_comparable_forward_premium
2026-09-20,pszotq-nurmijarven-sahko-oy-kausisahko,5000,changed,open_ended,open_ended,825.6515,729.2223368055556,supplier_adjusted_forward_premium,supplier_adjusted_forward_premium,,calendar_gap_within_observed_price_episode|exact_source_legacy_null_observation_binding|historical_exact_contract_only|historical_household_statistics_scope_assumed|lower_confidence_energy_episode_proxy|missing_own_reference_using_comparable_premium|price_episode_left_censored|price_episode_observed_proxy|price_episode_uses_dedicated_historical_interpretation|price_episode_uses_retrospective_exact_source_interpretation|supplier_adjusted_monthly_fee_held_flat|supplier_adjusted_tail_uses_comparable_forward_premium
2026-09-20,pszotq-nurmijarven-sahko-oy-kausisahko,18000,changed,open_ended,open_ended,2847.5456,2500.4004125,supplier_adjusted_forward_premium,supplier_adjusted_forward_premium,,calendar_gap_within_observed_price_episode|exact_source_legacy_null_observation_binding|historical_exact_contract_only|historical_household_statistics_scope_assumed|lower_confidence_energy_episode_proxy|missing_own_reference_using_comparable_premium|price_episode_left_censored|price_episode_observed_proxy|price_episode_uses_dedicated_historical_interpretation|price_episode_uses_retrospective_exact_source_interpretation|supplier_adjusted_monthly_fee_held_flat|supplier_adjusted_tail_uses_comparable_forward_premium
2026-09-20,qftxhb-oomi-oy-toimitusvelvollinen-sahko,2000,changed,open_ended,open_ended,354.8616,357.0117125,supplier_adjusted_forward_premium,supplier_adjusted_forward_premium,,calendar_gap_within_observed_price_episode|exact_source_legacy_null_observation_binding|historical_exact_contract_only|historical_household_statistics_scope_assumed|lower_confidence_energy_episode_proxy|missing_own_reference_using_comparable_premium|price_episode_left_censored|price_episode_observed_proxy|price_episode_uses_dedicated_historical_interpretation|price_episode_uses_retrospective_exact_source_interpretation|supplier_adjusted_monthly_fee_held_flat|supplier_adjusted_tail_uses_comparable_forward_premium
2026-09-20,qftxhb-oomi-oy-toimitusvelvollinen-sahko,5000,changed,open_ended,open_ended,797.874,803.2492812499999,supplier_adjusted_forward_premium,supplier_adjusted_forward_premium,,calendar_gap_within_observed_price_episode|exact_source_legacy_null_observation_binding|historical_exact_contract_only|historical_household_statistics_scope_assumed|lower_confidence_energy_episode_proxy|missing_own_reference_using_comparable_premium|price_episode_left_censored|price_episode_observed_proxy|price_episode_uses_dedicated_historical_interpretation|price_episode_uses_retrospective_exact_source_interpretation|supplier_adjusted_monthly_fee_held_flat|supplier_adjusted_tail_uses_comparable_forward_premium
2026-09-20,qftxhb-oomi-oy-toimitusvelvollinen-sahko,18000,changed,open_ended,open_ended,2717.5942,2736.9454124999993,supplier_adjusted_forward_premium,supplier_adjusted_forward_premium,,calendar_gap_within_observed_price_episode|exact_source_legacy_null_observation_binding|historical_exact_contract_only|historical_household_statistics_scope_assumed|lower_confidence_energy_episode_proxy|missing_own_reference_using_comparable_premium|price_episode_left_censored|price_episode_observed_proxy|price_episode_uses_dedicated_historical_interpretation|price_episode_uses_retrospective_exact_source_interpretation|supplier_adjusted_monthly_fee_held_flat|supplier_adjusted_tail_uses_comparable_forward_premium
2026-09-20,qutzbc-kokkolan-energia-oy-vuodenaika-uusiutuva,2000,changed,quarterly,quarterly,225.8926,194.75999999999996,recurring_forward_curve_shift,none,,canonical_interpretation_rejected_by_exact_target_validation|canonical_omitted_no_valid_interpretation_as_of_date|historical_temporal_source_validation_unavailable|observed_relational_uniform_monthly_consumption|relational_open_ended_no_proven_historical_adjustment_mechanism
2026-09-20,qutzbc-kokkolan-energia-oy-vuodenaika-uusiutuva,5000,changed,quarterly,quarterly,519.1914,441.3600000000002,recurring_forward_curve_shift,none,,canonical_interpretation_rejected_by_exact_target_validation|canonical_omitted_no_valid_interpretation_as_of_date|historical_temporal_source_validation_unavailable|observed_relational_uniform_monthly_consumption|relational_open_ended_no_proven_historical_adjustment_mechanism
2026-09-20,qutzbc-kokkolan-energia-oy-vuodenaika-uusiutuva,18000,changed,quarterly,quarterly,1790.1532,1509.96,recurring_forward_curve_shift,none,,canonical_interpretation_rejected_by_exact_target_validation|canonical_omitted_no_valid_interpretation_as_of_date|historical_temporal_source_validation_unavailable|observed_relational_uniform_monthly_consumption|relational_open_ended_no_proven_historical_adjustment_mechanism
2026-09-20,quvnfq-fortum-markets-oy-fortum-kesto-aikasahko,2000,changed,open_ended,open_ended,325.712,407.2520777777777,supplier_adjusted_forward_curve_shift,supplier_adjusted_forward_curve_shift,,exact_source_legacy_null_observation_binding|forward_month_from_quarter_contract|historical_exact_contract_only|historical_household_statistics_scope_assumed|price_episode_left_censored|price_episode_observed_proxy|price_episode_uses_retrospective_exact_source_interpretation|prior_energy_evidence_changed_unknown_or_conflicting|supplier_adjusted_monthly_fee_held_flat|supplier_adjusted_tail_shifted_on_forward_curve
2026-09-20,quvnfq-fortum-markets-oy-fortum-kesto-aikasahko,5000,changed,open_ended,open_ended,725,928.8501944444445,supplier_adjusted_forward_curve_shift,supplier_adjusted_forward_curve_shift,,exact_source_legacy_null_observation_binding|forward_month_from_quarter_contract|historical_exact_contract_only|historical_household_statistics_scope_assumed|price_episode_left_censored|price_episode_observed_proxy|price_episode_uses_retrospective_exact_source_interpretation|prior_energy_evidence_changed_unknown_or_conflicting|supplier_adjusted_monthly_fee_held_flat|supplier_adjusted_tail_shifted_on_forward_curve
2026-09-20,quvnfq-fortum-markets-oy-fortum-kesto-aikasahko,18000,changed,open_ended,open_ended,2455.2481,3189.1087,supplier_adjusted_forward_curve_shift,supplier_adjusted_forward_curve_shift,,exact_source_legacy_null_observation_binding|forward_month_from_quarter_contract|historical_exact_contract_only|historical_household_statistics_scope_assumed|price_episode_left_censored|price_episode_observed_proxy|price_episode_uses_retrospective_exact_source_interpretation|prior_energy_evidence_changed_unknown_or_conflicting|supplier_adjusted_monthly_fee_held_flat|supplier_adjusted_tail_shifted_on_forward_curve
2026-09-20,r9izcq-kokkolan-energia-oy-tyyni,2000,changed,market_reset,market_reset,244.7827,250.16,recurring_forward_curve_shift,none,,canonical_interpretation_rejected_by_exact_target_validation|canonical_omitted_no_valid_interpretation_as_of_date|historical_temporal_source_validation_unavailable|observed_relational_uniform_monthly_consumption|relational_open_ended_no_proven_historical_adjustment_mechanism
2026-09-20,r9izcq-kokkolan-energia-oy-tyyni,5000,changed,market_reset,market_reset,566.4168,579.86,recurring_forward_curve_shift,none,,canonical_interpretation_rejected_by_exact_target_validation|canonical_omitted_no_valid_interpretation_as_of_date|historical_temporal_source_validation_unavailable|observed_relational_uniform_monthly_consumption|relational_open_ended_no_proven_historical_adjustment_mechanism
2026-09-20,r9izcq-kokkolan-energia-oy-tyyni,18000,changed,market_reset,market_reset,1960.1643,2008.5600000000004,recurring_forward_curve_shift,none,,canonical_interpretation_rejected_by_exact_target_validation|canonical_omitted_no_valid_interpretation_as_of_date|historical_temporal_source_validation_unavailable|observed_relational_uniform_monthly_consumption|relational_open_ended_no_proven_historical_adjustment_mechanism
2026-09-20,t5zemu-kokkolan-energia-oy-ranta-18-kk,2000,changed,fixed_term_13_23,fixed_term_13_23,287.28,287.28,none,none,,canonical_interpretation_rejected_by_exact_target_validation|canonical_omitted_no_valid_interpretation_as_of_date|historical_temporal_source_validation_unavailable|observed_relational_uniform_monthly_consumption
2026-09-20,t5zemu-kokkolan-energia-oy-ranta-18-kk,5000,changed,fixed_term_13_23,fixed_term_13_23,646.38,646.3800000000001,none,none,,canonical_interpretation_rejected_by_exact_target_validation|canonical_omitted_no_valid_interpretation_as_of_date|historical_temporal_source_validation_unavailable|observed_relational_uniform_monthly_consumption
2026-09-20,t5zemu-kokkolan-energia-oy-ranta-18-kk,18000,changed,fixed_term_13_23,fixed_term_13_23,2202.48,2202.48,none,none,,canonical_interpretation_rejected_by_exact_target_validation|canonical_omitted_no_valid_interpretation_as_of_date|historical_temporal_source_validation_unavailable|observed_relational_uniform_monthly_consumption
2026-09-20,tiwz85-iin-energia-oy-kulutusvaikutustuote,2000,changed,quarterly,quarterly,196.1628,251.84000000000003,recurring_forward_curve_shift,none,,canonical_interpretation_rejected_by_exact_target_validation|canonical_omitted_no_valid_interpretation_as_of_date|observed_relational_uniform_monthly_consumption
2026-09-20,tiwz85-iin-energia-oy-kulutusvaikutustuote,5000,changed,quarterly,quarterly,381.1471,520.34,recurring_forward_curve_shift,none,,canonical_interpretation_rejected_by_exact_target_validation|canonical_omitted_no_valid_interpretation_as_of_date|observed_relational_uniform_monthly_consumption
2026-09-20,tiwz85-iin-energia-oy-kulutusvaikutustuote,18000,changed,quarterly,quarterly,1182.7455,1683.8399999999995,recurring_forward_curve_shift,none,,canonical_interpretation_rejected_by_exact_target_validation|canonical_omitted_no_valid_interpretation_as_of_date|observed_relational_uniform_monthly_consumption
2026-09-20,v7juwr-aanekosken-energia-oy-kausisahko,2000,changed,open_ended,open_ended,351.8306,313.25893472222225,supplier_adjusted_forward_premium,supplier_adjusted_forward_premium,,calendar_gap_within_observed_price_episode|exact_source_legacy_null_observation_binding|historical_exact_contract_only|historical_household_statistics_scope_assumed|lower_confidence_energy_episode_proxy|missing_own_reference_using_comparable_premium|price_episode_left_censored|price_episode_observed_proxy|price_episode_uses_dedicated_historical_interpretation|price_episode_uses_retrospective_exact_source_interpretation|supplier_adjusted_monthly_fee_held_flat|supplier_adjusted_tail_uses_comparable_forward_premium
2026-09-20,v7juwr-aanekosken-energia-oy-kausisahko,5000,changed,open_ended,open_ended,812.9765,716.5473368055553,supplier_adjusted_forward_premium,supplier_adjusted_forward_premium,,calendar_gap_within_observed_price_episode|exact_source_legacy_null_observation_binding|historical_exact_contract_only|historical_household_statistics_scope_assumed|lower_confidence_energy_episode_proxy|missing_own_reference_using_comparable_premium|price_episode_left_censored|price_episode_observed_proxy|price_episode_uses_dedicated_historical_interpretation|price_episode_uses_retrospective_exact_source_interpretation|supplier_adjusted_monthly_fee_held_flat|supplier_adjusted_tail_uses_comparable_forward_premium
2026-09-20,v7juwr-aanekosken-energia-oy-kausisahko,18000,changed,open_ended,open_ended,2811.2756,2464.1304125,supplier_adjusted_forward_premium,supplier_adjusted_forward_premium,,calendar_gap_within_observed_price_episode|exact_source_legacy_null_observation_binding|historical_exact_contract_only|historical_household_statistics_scope_assumed|lower_confidence_energy_episode_proxy|missing_own_reference_using_comparable_premium|price_episode_left_censored|price_episode_observed_proxy|price_episode_uses_dedicated_historical_interpretation|price_episode_uses_retrospective_exact_source_interpretation|supplier_adjusted_monthly_fee_held_flat|supplier_adjusted_tail_uses_comparable_forward_premium
2026-09-20,wsnmgc-nurmijarven-sahko-oy-yleissahko,2000,changed,open_ended,open_ended,333.8677,336.01782361111106,supplier_adjusted_forward_premium,supplier_adjusted_forward_premium,,calendar_gap_within_observed_price_episode|exact_source_legacy_null_observation_binding|historical_exact_contract_only|historical_household_statistics_scope_assumed|lower_confidence_energy_episode_proxy|missing_own_reference_using_comparable_premium|price_episode_left_censored|price_episode_observed_proxy|price_episode_uses_dedicated_historical_interpretation|price_episode_uses_retrospective_exact_source_interpretation|supplier_adjusted_monthly_fee_held_flat|supplier_adjusted_tail_uses_comparable_forward_premium
2026-09-20,wsnmgc-nurmijarven-sahko-oy-yleissahko,5000,changed,open_ended,open_ended,780.8492,786.2245590277778,supplier_adjusted_forward_premium,supplier_adjusted_forward_premium,,calendar_gap_within_observed_price_episode|exact_source_legacy_null_observation_binding|historical_exact_contract_only|historical_household_statistics_scope_assumed|lower_confidence_energy_episode_proxy|missing_own_reference_using_comparable_premium|price_episode_left_censored|price_episode_observed_proxy|price_episode_uses_dedicated_historical_interpretation|price_episode_uses_retrospective_exact_source_interpretation|supplier_adjusted_monthly_fee_held_flat|supplier_adjusted_tail_uses_comparable_forward_premium
2026-09-20,wsnmgc-nurmijarven-sahko-oy-yleissahko,18000,changed,open_ended,open_ended,2717.7692,2737.1204125000004,supplier_adjusted_forward_premium,supplier_adjusted_forward_premium,,calendar_gap_within_observed_price_episode|exact_source_legacy_null_observation_binding|historical_exact_contract_only|historical_household_statistics_scope_assumed|lower_confidence_energy_episode_proxy|missing_own_reference_using_comparable_premium|price_episode_left_censored|price_episode_observed_proxy|price_episode_uses_dedicated_historical_interpretation|price_episode_uses_retrospective_exact_source_interpretation|supplier_adjusted_monthly_fee_held_flat|supplier_adjusted_tail_uses_comparable_forward_premium
2026-09-20,xlclt2-sahkotytot-oy-porssisahko-tarjous-ilmainen-perusmaksu-ensimmaiset-3kk,2000,lost,spot,spot,222.5991,,forward_curve_spot,,exact_date_components_unavailable,canonical_interpretation_rejected_by_exact_target_validation|canonical_omitted_no_valid_interpretation_as_of_date|historical_temporal_source_validation_unavailable|observed_relational_uniform_monthly_consumption
2026-09-20,xlclt2-sahkotytot-oy-porssisahko-tarjous-ilmainen-perusmaksu-ensimmaiset-3kk,5000,lost,spot,spot,530.1728,,forward_curve_spot,,exact_date_components_unavailable,canonical_interpretation_rejected_by_exact_target_validation|canonical_omitted_no_valid_interpretation_as_of_date|historical_temporal_source_validation_unavailable|observed_relational_uniform_monthly_consumption
2026-09-20,xlclt2-sahkotytot-oy-porssisahko-tarjous-ilmainen-perusmaksu-ensimmaiset-3kk,18000,lost,spot,spot,1862.9919,,forward_curve_spot,,exact_date_components_unavailable,canonical_interpretation_rejected_by_exact_target_validation|canonical_omitted_no_valid_interpretation_as_of_date|historical_temporal_source_validation_unavailable|observed_relational_uniform_monthly_consumption
2026-09-20,xx5uxn-oomi-oy-toimitusvelvollinen-sahko,2000,changed,open_ended,open_ended,369.7617,331.19004583333333,supplier_adjusted_forward_premium,supplier_adjusted_forward_premium,,calendar_gap_within_observed_price_episode|exact_source_legacy_null_observation_binding|historical_exact_contract_only|historical_household_statistics_scope_assumed|lower_confidence_energy_episode_proxy|missing_own_reference_using_comparable_premium|price_episode_left_censored|price_episode_observed_proxy|price_episode_uses_dedicated_historical_interpretation|price_episode_uses_retrospective_exact_source_interpretation|supplier_adjusted_monthly_fee_held_flat|supplier_adjusted_tail_uses_comparable_forward_premium
2026-09-20,xx5uxn-oomi-oy-toimitusvelvollinen-sahko,5000,changed,open_ended,open_ended,835.1243,738.6951145833332,supplier_adjusted_forward_premium,supplier_adjusted_forward_premium,,calendar_gap_within_observed_price_episode|exact_source_legacy_null_observation_binding|historical_exact_contract_only|historical_household_statistics_scope_assumed|lower_confidence_energy_episode_proxy|missing_own_reference_using_comparable_premium|price_episode_left_censored|price_episode_observed_proxy|price_episode_uses_dedicated_historical_interpretation|price_episode_uses_retrospective_exact_source_interpretation|supplier_adjusted_monthly_fee_held_flat|supplier_adjusted_tail_uses_comparable_forward_premium
2026-09-20,xx5uxn-oomi-oy-toimitusvelvollinen-sahko,18000,changed,open_ended,open_ended,2851.6956,2504.5504124999998,supplier_adjusted_forward_premium,supplier_adjusted_forward_premium,,calendar_gap_within_observed_price_episode|exact_source_legacy_null_observation_binding|historical_exact_contract_only|historical_household_statistics_scope_assumed|lower_confidence_energy_episode_proxy|missing_own_reference_using_comparable_premium|price_episode_left_censored|price_episode_observed_proxy|price_episode_uses_dedicated_historical_interpretation|price_episode_uses_retrospective_exact_source_interpretation|supplier_adjusted_monthly_fee_held_flat|supplier_adjusted_tail_uses_comparable_forward_premium
2026-09-20,ymqe7v-helen-oy-perussahko,2000,changed,open_ended,open_ended,365.7855,367.9356013888888,supplier_adjusted_forward_premium,supplier_adjusted_forward_premium,,calendar_gap_within_observed_price_episode|exact_source_legacy_null_observation_binding|historical_exact_contract_only|historical_household_statistics_scope_assumed|lower_confidence_energy_episode_proxy|missing_own_reference_using_comparable_premium|price_episode_left_censored|price_episode_observed_proxy|price_episode_uses_dedicated_historical_interpretation|price_episode_uses_retrospective_exact_source_interpretation|supplier_adjusted_monthly_fee_held_flat|supplier_adjusted_tail_uses_comparable_forward_premium
2026-09-20,ymqe7v-helen-oy-perussahko,5000,changed,open_ended,open_ended,806.6437,812.0190034722223,supplier_adjusted_forward_premium,supplier_adjusted_forward_premium,,calendar_gap_within_observed_price_episode|exact_source_legacy_null_observation_binding|historical_exact_contract_only|historical_household_statistics_scope_assumed|lower_confidence_energy_episode_proxy|missing_own_reference_using_comparable_premium|price_episode_left_censored|price_episode_observed_proxy|price_episode_uses_dedicated_historical_interpretation|price_episode_uses_retrospective_exact_source_interpretation|supplier_adjusted_monthly_fee_held_flat|supplier_adjusted_tail_uses_comparable_forward_premium
2026-09-20,ymqe7v-helen-oy-perussahko,18000,changed,open_ended,open_ended,2717.0292,2736.3804125,supplier_adjusted_forward_premium,supplier_adjusted_forward_premium,,calendar_gap_within_observed_price_episode|exact_source_legacy_null_observation_binding|historical_exact_contract_only|historical_household_statistics_scope_assumed|lower_confidence_energy_episode_proxy|missing_own_reference_using_comparable_premium|price_episode_left_censored|price_episode_observed_proxy|price_episode_uses_dedicated_historical_interpretation|price_episode_uses_retrospective_exact_source_interpretation|supplier_adjusted_monthly_fee_held_flat|supplier_adjusted_tail_uses_comparable_forward_premium
2026-09-20,zrxwlb-vaasan-sahko-myynti-oy-toimitusvelvollinen-perussahko,2000,changed,quarterly,quarterly,281.5003,216.79999999999998,recurring_forward_curve_shift,none,,canonical_interpretation_rejected_by_exact_target_validation|canonical_omitted_no_valid_interpretation_as_of_date|observed_relational_uniform_monthly_consumption|relational_open_ended_no_proven_historical_adjustment_mechanism
2026-09-20,zrxwlb-vaasan-sahko-myynti-oy-toimitusvelvollinen-perussahko,5000,changed,quarterly,quarterly,615.5508,453.8,recurring_forward_curve_shift,none,,canonical_interpretation_rejected_by_exact_target_validation|canonical_omitted_no_valid_interpretation_as_of_date|observed_relational_uniform_monthly_consumption|relational_open_ended_no_proven_historical_adjustment_mechanism
2026-09-20,zrxwlb-vaasan-sahko-myynti-oy-toimitusvelvollinen-perussahko,18000,changed,quarterly,quarterly,2063.1027,1480.8000000000002,recurring_forward_curve_shift,none,,canonical_interpretation_rejected_by_exact_target_validation|canonical_omitted_no_valid_interpretation_as_of_date|observed_relational_uniform_monthly_consumption|relational_open_ended_no_proven_historical_adjustment_mechanism
2026-09-20,zsxqiy-oomi-oy-toimitusvelvollinen-sahko,2000,changed,open_ended,open_ended,329.6372,363.9716013888889,supplier_adjusted_forward_premium,supplier_adjusted_forward_premium,,calendar_gap_within_observed_price_episode|exact_source_legacy_null_observation_binding|historical_exact_contract_only|historical_household_statistics_scope_assumed|lower_confidence_energy_episode_proxy|missing_own_reference_using_comparable_premium|price_episode_left_censored|price_episode_observed_proxy|price_episode_uses_dedicated_historical_interpretation|price_episode_uses_retrospective_exact_source_interpretation|supplier_adjusted_monthly_fee_held_flat|supplier_adjusted_tail_uses_comparable_forward_premium
2026-09-20,zsxqiy-oomi-oy-toimitusvelvollinen-sahko,5000,changed,open_ended,open_ended,734.8129,820.6490034722221,supplier_adjusted_forward_premium,supplier_adjusted_forward_premium,,calendar_gap_within_observed_price_episode|exact_source_legacy_null_observation_binding|historical_exact_contract_only|historical_household_statistics_scope_assumed|lower_confidence_energy_episode_proxy|missing_own_reference_using_comparable_premium|price_episode_left_censored|price_episode_observed_proxy|price_episode_uses_dedicated_historical_interpretation|price_episode_uses_retrospective_exact_source_interpretation|supplier_adjusted_monthly_fee_held_flat|supplier_adjusted_tail_uses_comparable_forward_premium
2026-09-20,zsxqiy-oomi-oy-toimitusvelvollinen-sahko,18000,changed,open_ended,open_ended,2490.5746,2799.5844125000003,supplier_adjusted_forward_premium,supplier_adjusted_forward_premium,,calendar_gap_within_observed_price_episode|exact_source_legacy_null_observation_binding|historical_exact_contract_only|historical_household_statistics_scope_assumed|lower_confidence_energy_episode_proxy|missing_own_reference_using_comparable_premium|price_episode_left_censored|price_episode_observed_proxy|price_episode_uses_dedicated_historical_interpretation|price_episode_uses_retrospective_exact_source_interpretation|supplier_adjusted_monthly_fee_held_flat|supplier_adjusted_tail_uses_comparable_forward_premium
