panel,supplier,term,basis,horizon_days,start_dates_with_target_in_study,exact_pairs,unchanged_endpoints,changed_endpoints,complete_daily_windows,no_observed_change_complete,observed_change_complete,returned_to_start_complete,series_with_pairs,series_with_complete_windows,p_unchanged_endpoints,p_no_observed_change_complete,exact_pair_selection_rate
same_id,Aalto energia Oyj,12,observed_seller_data,7,56,49,49,0,49,49,0,0,1,1,1.0,1.0,0.875
same_id,ALL,ALL,ALL,7,11179,6632,6629,3,6632,6629,3,0,429,429,0.9995476477683957,0.9995476477683957,0.59325521066285
same_id,Aalto energia Oyj,12,observed_seller_data,14,56,42,42,0,42,42,0,0,1,1,1.0,1.0,0.75
same_id,ALL,ALL,ALL,14,10735,4234,4234,0,4234,4234,0,0,245,245,1.0,1.0,0.3944108057755007
same_id,Aalto energia Oyj,12,observed_seller_data,30,56,26,26,0,26,26,0,0,1,1,1.0,1.0,0.4642857142857143
same_id,ALL,ALL,ALL,30,9711,1641,1641,0,1641,1641,0,0,85,85,1.0,1.0,0.1689836268149521
same_id,Aalto energia Oyj,12,observed_seller_data,45,56,11,11,0,11,11,0,0,1,1,1.0,1.0,0.19642857142857142
same_id,ALL,ALL,ALL,45,8730,707,707,0,707,707,0,0,39,39,1.0,1.0,0.08098510882016037
same_id,Aalto energia Oyj,12,observed_seller_data,60,56,0,0,0,0,0,0,0,0,0,,,0.0
same_id,ALL,ALL,ALL,60,7669,252,252,0,252,252,0,0,20,20,1.0,1.0,0.03285956448037554
same_id,Aalto energia Oyj,12,observed_seller_data,90,56,0,0,0,0,0,0,0,0,0,,,0.0
same_id,ALL,ALL,ALL,90,5436,20,20,0,20,20,0,0,3,3,1.0,1.0,0.003679175864606328
same_id,Aalto energia Oyj,24,observed_seller_data,7,56,49,49,0,49,49,0,0,1,1,1.0,1.0,0.875
same_id,Aalto energia Oyj,24,observed_seller_data,14,56,42,42,0,42,42,0,0,1,1,1.0,1.0,0.75
same_id,Aalto energia Oyj,24,observed_seller_data,30,56,26,26,0,26,26,0,0,1,1,1.0,1.0,0.4642857142857143
same_id,Aalto energia Oyj,24,observed_seller_data,45,56,11,11,0,11,11,0,0,1,1,1.0,1.0,0.19642857142857142
same_id,Aalto energia Oyj,24,observed_seller_data,60,56,0,0,0,0,0,0,0,0,0,,,0.0
same_id,Aalto energia Oyj,24,observed_seller_data,90,56,0,0,0,0,0,0,0,0,0,,,0.0
same_id,Alajärven Sähkö Oy,12,canonical_calculation,7,42,35,35,0,35,35,0,0,2,2,1.0,1.0,0.8333333333333334
same_id,Alajärven Sähkö Oy,12,canonical_calculation,14,35,24,24,0,24,24,0,0,1,1,1.0,1.0,0.6857142857142857
same_id,Alajärven Sähkö Oy,12,canonical_calculation,30,19,8,8,0,8,8,0,0,1,1,1.0,1.0,0.42105263157894735
same_id,Alajärven Sähkö Oy,12,canonical_calculation,45,4,0,0,0,0,0,0,0,0,0,,,0.0
same_id,Alajärven Sähkö Oy,12,canonical_calculation,60,0,0,0,0,0,0,0,0,0,0,,,
same_id,Alajärven Sähkö Oy,12,canonical_calculation,90,0,0,0,0,0,0,0,0,0,0,,,
same_id,Alajärven Sähkö Oy,12,observed_seller_data,7,110,99,99,0,99,99,0,0,1,1,1.0,1.0,0.9
same_id,Alajärven Sähkö Oy,12,observed_seller_data,14,110,92,92,0,92,92,0,0,1,1,1.0,1.0,0.8363636363636363
same_id,Alajärven Sähkö Oy,12,observed_seller_data,30,110,76,76,0,76,76,0,0,1,1,1.0,1.0,0.6909090909090909
same_id,Alajärven Sähkö Oy,12,observed_seller_data,45,110,61,61,0,61,61,0,0,1,1,1.0,1.0,0.5545454545454546
same_id,Alajärven Sähkö Oy,12,observed_seller_data,60,99,46,46,0,46,46,0,0,1,1,1.0,1.0,0.46464646464646464
same_id,Alajärven Sähkö Oy,12,observed_seller_data,90,69,16,16,0,16,16,0,0,1,1,1.0,1.0,0.2318840579710145
same_id,Alajärven Sähkö Oy,24,canonical_calculation,7,42,35,35,0,35,35,0,0,2,2,1.0,1.0,0.8333333333333334
same_id,Alajärven Sähkö Oy,24,canonical_calculation,14,35,24,24,0,24,24,0,0,1,1,1.0,1.0,0.6857142857142857
same_id,Alajärven Sähkö Oy,24,canonical_calculation,30,19,8,8,0,8,8,0,0,1,1,1.0,1.0,0.42105263157894735
same_id,Alajärven Sähkö Oy,24,canonical_calculation,45,4,0,0,0,0,0,0,0,0,0,,,0.0
same_id,Alajärven Sähkö Oy,24,canonical_calculation,60,0,0,0,0,0,0,0,0,0,0,,,
same_id,Alajärven Sähkö Oy,24,canonical_calculation,90,0,0,0,0,0,0,0,0,0,0,,,
same_id,Alajärven Sähkö Oy,24,observed_seller_data,7,110,92,92,0,92,92,0,0,2,2,1.0,1.0,0.8363636363636363
same_id,Alajärven Sähkö Oy,24,observed_seller_data,14,110,78,78,0,78,78,0,0,2,2,1.0,1.0,0.7090909090909091
same_id,Alajärven Sähkö Oy,24,observed_seller_data,30,110,46,46,0,46,46,0,0,2,2,1.0,1.0,0.41818181818181815
same_id,Alajärven Sähkö Oy,24,observed_seller_data,45,110,16,16,0,16,16,0,0,2,2,1.0,1.0,0.14545454545454545
same_id,Alajärven Sähkö Oy,24,observed_seller_data,60,99,0,0,0,0,0,0,0,0,0,,,0.0
same_id,Alajärven Sähkö Oy,24,observed_seller_data,90,69,0,0,0,0,0,0,0,0,0,,,0.0
same_id,Cheap Energy Finland Oy,6,canonical_calculation,7,3,0,0,0,0,0,0,0,0,0,,,0.0
same_id,Cheap Energy Finland Oy,6,canonical_calculation,14,3,0,0,0,0,0,0,0,0,0,,,0.0
same_id,Cheap Energy Finland Oy,6,canonical_calculation,30,3,0,0,0,0,0,0,0,0,0,,,0.0
same_id,Cheap Energy Finland Oy,6,canonical_calculation,45,1,0,0,0,0,0,0,0,0,0,,,0.0
same_id,Cheap Energy Finland Oy,6,canonical_calculation,60,0,0,0,0,0,0,0,0,0,0,,,
same_id,Cheap Energy Finland Oy,6,canonical_calculation,90,0,0,0,0,0,0,0,0,0,0,,,
same_id,Cheap Energy Finland Oy,6,observed_seller_data,7,108,74,74,0,74,74,0,0,3,3,1.0,1.0,0.6851851851851852
same_id,Cheap Energy Finland Oy,6,observed_seller_data,14,108,53,53,0,53,53,0,0,3,3,1.0,1.0,0.49074074074074076
same_id,Cheap Energy Finland Oy,6,observed_seller_data,30,108,5,5,0,5,5,0,0,1,1,1.0,1.0,0.046296296296296294
same_id,Cheap Energy Finland Oy,6,observed_seller_data,45,108,0,0,0,0,0,0,0,0,0,,,0.0
same_id,Cheap Energy Finland Oy,6,observed_seller_data,60,99,0,0,0,0,0,0,0,0,0,,,0.0
same_id,Cheap Energy Finland Oy,6,observed_seller_data,90,69,0,0,0,0,0,0,0,0,0,,,0.0
same_id,Cheap Energy Finland Oy,12,canonical_calculation,7,4,2,2,0,2,2,0,0,1,1,1.0,1.0,0.5
same_id,Cheap Energy Finland Oy,12,canonical_calculation,14,0,0,0,0,0,0,0,0,0,0,,,
same_id,Cheap Energy Finland Oy,12,canonical_calculation,30,0,0,0,0,0,0,0,0,0,0,,,
same_id,Cheap Energy Finland Oy,12,canonical_calculation,45,0,0,0,0,0,0,0,0,0,0,,,
same_id,Cheap Energy Finland Oy,12,canonical_calculation,60,0,0,0,0,0,0,0,0,0,0,,,
same_id,Cheap Energy Finland Oy,12,canonical_calculation,90,0,0,0,0,0,0,0,0,0,0,,,
same_id,Cheap Energy Finland Oy,24,canonical_calculation,7,44,25,25,0,25,25,0,0,3,3,1.0,1.0,0.5681818181818182
same_id,Cheap Energy Finland Oy,24,canonical_calculation,14,37,14,14,0,14,14,0,0,1,1,1.0,1.0,0.3783783783783784
same_id,Cheap Energy Finland Oy,24,canonical_calculation,30,21,0,0,0,0,0,0,0,0,0,,,0.0
same_id,Cheap Energy Finland Oy,24,canonical_calculation,45,4,0,0,0,0,0,0,0,0,0,,,0.0
same_id,Cheap Energy Finland Oy,24,canonical_calculation,60,0,0,0,0,0,0,0,0,0,0,,,
same_id,Cheap Energy Finland Oy,24,canonical_calculation,90,0,0,0,0,0,0,0,0,0,0,,,
same_id,Cheap Energy Finland Oy,24,observed_seller_data,7,111,57,57,0,57,57,0,0,5,5,1.0,1.0,0.5135135135135135
same_id,Cheap Energy Finland Oy,24,observed_seller_data,14,111,27,27,0,27,27,0,0,3,3,1.0,1.0,0.24324324324324326
same_id,Cheap Energy Finland Oy,24,observed_seller_data,30,111,0,0,0,0,0,0,0,0,0,,,0.0
same_id,Cheap Energy Finland Oy,24,observed_seller_data,45,111,0,0,0,0,0,0,0,0,0,,,0.0
same_id,Cheap Energy Finland Oy,24,observed_seller_data,60,100,0,0,0,0,0,0,0,0,0,,,0.0
same_id,Cheap Energy Finland Oy,24,observed_seller_data,90,69,0,0,0,0,0,0,0,0,0,,,0.0
same_id,Fortum Markets Oy,24,canonical_calculation,7,42,42,42,0,42,42,0,0,1,1,1.0,1.0,1.0
same_id,Fortum Markets Oy,24,canonical_calculation,14,35,35,35,0,35,35,0,0,1,1,1.0,1.0,1.0
same_id,Fortum Markets Oy,24,canonical_calculation,30,19,19,19,0,19,19,0,0,1,1,1.0,1.0,1.0
same_id,Fortum Markets Oy,24,canonical_calculation,45,4,4,4,0,4,4,0,0,1,1,1.0,1.0,1.0
same_id,Fortum Markets Oy,24,canonical_calculation,60,0,0,0,0,0,0,0,0,0,0,,,
same_id,Fortum Markets Oy,24,canonical_calculation,90,0,0,0,0,0,0,0,0,0,0,,,
same_id,Fortum Markets Oy,24,observed_seller_data,7,75,24,24,0,24,24,0,0,1,1,1.0,1.0,0.32
same_id,Fortum Markets Oy,24,observed_seller_data,14,75,17,17,0,17,17,0,0,1,1,1.0,1.0,0.22666666666666666
same_id,Fortum Markets Oy,24,observed_seller_data,30,75,1,1,0,1,1,0,0,1,1,1.0,1.0,0.013333333333333334
same_id,Fortum Markets Oy,24,observed_seller_data,45,75,0,0,0,0,0,0,0,0,0,,,0.0
same_id,Fortum Markets Oy,24,observed_seller_data,60,59,0,0,0,0,0,0,0,0,0,,,0.0
same_id,Fortum Markets Oy,24,observed_seller_data,90,12,0,0,0,0,0,0,0,0,0,,,0.0
same_id,Hehku Energia Oy,6,canonical_calculation,7,1,0,0,0,0,0,0,0,0,0,,,0.0
same_id,Hehku Energia Oy,6,canonical_calculation,14,1,0,0,0,0,0,0,0,0,0,,,0.0
same_id,Hehku Energia Oy,6,canonical_calculation,30,1,0,0,0,0,0,0,0,0,0,,,0.0
same_id,Hehku Energia Oy,6,canonical_calculation,45,1,0,0,0,0,0,0,0,0,0,,,0.0
same_id,Hehku Energia Oy,6,canonical_calculation,60,0,0,0,0,0,0,0,0,0,0,,,
same_id,Hehku Energia Oy,6,canonical_calculation,90,0,0,0,0,0,0,0,0,0,0,,,
same_id,Hehku Energia Oy,6,observed_seller_data,7,104,63,60,3,63,60,3,0,5,5,0.9523809523809523,0.9523809523809523,0.6057692307692307
same_id,Hehku Energia Oy,6,observed_seller_data,14,104,37,37,0,37,37,0,0,3,3,1.0,1.0,0.3557692307692308
same_id,Hehku Energia Oy,6,observed_seller_data,30,104,1,1,0,1,1,0,0,1,1,1.0,1.0,0.009615384615384616
same_id,Hehku Energia Oy,6,observed_seller_data,45,104,0,0,0,0,0,0,0,0,0,,,0.0
same_id,Hehku Energia Oy,6,observed_seller_data,60,95,0,0,0,0,0,0,0,0,0,,,0.0
same_id,Hehku Energia Oy,6,observed_seller_data,90,69,0,0,0,0,0,0,0,0,0,,,0.0
same_id,Hehku Energia Oy,12,canonical_calculation,7,82,40,40,0,40,40,0,0,5,5,1.0,1.0,0.4878048780487805
same_id,Hehku Energia Oy,12,canonical_calculation,14,68,22,22,0,22,22,0,0,2,2,1.0,1.0,0.3235294117647059
same_id,Hehku Energia Oy,12,canonical_calculation,30,36,3,3,0,3,3,0,0,1,1,1.0,1.0,0.08333333333333333
same_id,Hehku Energia Oy,12,canonical_calculation,45,8,0,0,0,0,0,0,0,0,0,,,0.0
same_id,Hehku Energia Oy,12,canonical_calculation,60,0,0,0,0,0,0,0,0,0,0,,,
same_id,Hehku Energia Oy,12,canonical_calculation,90,0,0,0,0,0,0,0,0,0,0,,,
same_id,Hehku Energia Oy,12,observed_seller_data,7,220,168,168,0,168,168,0,0,4,4,1.0,1.0,0.7636363636363637
same_id,Hehku Energia Oy,12,observed_seller_data,14,220,140,140,0,140,140,0,0,4,4,1.0,1.0,0.6363636363636364
same_id,Hehku Energia Oy,12,observed_seller_data,30,220,76,76,0,76,76,0,0,2,2,1.0,1.0,0.34545454545454546
same_id,Hehku Energia Oy,12,observed_seller_data,45,220,46,46,0,46,46,0,0,2,2,1.0,1.0,0.20909090909090908
same_id,Hehku Energia Oy,12,observed_seller_data,60,198,16,16,0,16,16,0,0,2,2,1.0,1.0,0.08080808080808081
same_id,Hehku Energia Oy,12,observed_seller_data,90,138,0,0,0,0,0,0,0,0,0,,,0.0
same_id,Hehku Energia Oy,24,canonical_calculation,7,82,63,63,0,63,63,0,0,2,2,1.0,1.0,0.7682926829268293
same_id,Hehku Energia Oy,24,canonical_calculation,14,68,49,49,0,49,49,0,0,2,2,1.0,1.0,0.7205882352941176
same_id,Hehku Energia Oy,24,canonical_calculation,30,36,17,17,0,17,17,0,0,2,2,1.0,1.0,0.4722222222222222
same_id,Hehku Energia Oy,24,canonical_calculation,45,8,0,0,0,0,0,0,0,0,0,,,0.0
same_id,Hehku Energia Oy,24,canonical_calculation,60,0,0,0,0,0,0,0,0,0,0,,,
same_id,Hehku Energia Oy,24,canonical_calculation,90,0,0,0,0,0,0,0,0,0,0,,,
same_id,Hehku Energia Oy,24,observed_seller_data,7,221,134,134,0,134,134,0,0,8,8,1.0,1.0,0.6063348416289592
same_id,Hehku Energia Oy,24,observed_seller_data,14,221,83,83,0,83,83,0,0,6,6,1.0,1.0,0.3755656108597285
same_id,Hehku Energia Oy,24,observed_seller_data,30,221,12,12,0,12,12,0,0,1,1,1.0,1.0,0.05429864253393665
same_id,Hehku Energia Oy,24,observed_seller_data,45,221,0,0,0,0,0,0,0,0,0,,,0.0
same_id,Hehku Energia Oy,24,observed_seller_data,60,199,0,0,0,0,0,0,0,0,0,,,0.0
same_id,Hehku Energia Oy,24,observed_seller_data,90,138,0,0,0,0,0,0,0,0,0,,,0.0
same_id,Helen Oy,6,canonical_calculation,7,40,0,0,0,0,0,0,0,0,0,,,0.0
same_id,Helen Oy,6,canonical_calculation,14,33,0,0,0,0,0,0,0,0,0,,,0.0
same_id,Helen Oy,6,canonical_calculation,30,17,0,0,0,0,0,0,0,0,0,,,0.0
same_id,Helen Oy,6,canonical_calculation,45,3,0,0,0,0,0,0,0,0,0,,,0.0
same_id,Helen Oy,6,canonical_calculation,60,0,0,0,0,0,0,0,0,0,0,,,
same_id,Helen Oy,6,canonical_calculation,90,0,0,0,0,0,0,0,0,0,0,,,
same_id,Helen Oy,6,observed_seller_data,7,110,11,11,0,11,11,0,0,3,3,1.0,1.0,0.1
same_id,Helen Oy,6,observed_seller_data,14,110,0,0,0,0,0,0,0,0,0,,,0.0
same_id,Helen Oy,6,observed_seller_data,30,110,0,0,0,0,0,0,0,0,0,,,0.0
same_id,Helen Oy,6,observed_seller_data,45,110,0,0,0,0,0,0,0,0,0,,,0.0
same_id,Helen Oy,6,observed_seller_data,60,99,0,0,0,0,0,0,0,0,0,,,0.0
same_id,Helen Oy,6,observed_seller_data,90,69,0,0,0,0,0,0,0,0,0,,,0.0
same_id,Helen Oy,12,canonical_calculation,7,40,0,0,0,0,0,0,0,0,0,,,0.0
same_id,Helen Oy,12,canonical_calculation,14,33,0,0,0,0,0,0,0,0,0,,,0.0
same_id,Helen Oy,12,canonical_calculation,30,17,0,0,0,0,0,0,0,0,0,,,0.0
same_id,Helen Oy,12,canonical_calculation,45,3,0,0,0,0,0,0,0,0,0,,,0.0
same_id,Helen Oy,12,canonical_calculation,60,0,0,0,0,0,0,0,0,0,0,,,
same_id,Helen Oy,12,canonical_calculation,90,0,0,0,0,0,0,0,0,0,0,,,
same_id,Helen Oy,12,observed_seller_data,7,110,25,25,0,25,25,0,0,3,3,1.0,1.0,0.22727272727272727
same_id,Helen Oy,12,observed_seller_data,14,110,10,10,0,10,10,0,0,1,1,1.0,1.0,0.09090909090909091
same_id,Helen Oy,12,observed_seller_data,30,110,0,0,0,0,0,0,0,0,0,,,0.0
same_id,Helen Oy,12,observed_seller_data,45,110,0,0,0,0,0,0,0,0,0,,,0.0
same_id,Helen Oy,12,observed_seller_data,60,99,0,0,0,0,0,0,0,0,0,,,0.0
same_id,Helen Oy,12,observed_seller_data,90,69,0,0,0,0,0,0,0,0,0,,,0.0
same_id,Helen Oy,24,canonical_calculation,7,40,7,7,0,7,7,0,0,1,1,1.0,1.0,0.175
same_id,Helen Oy,24,canonical_calculation,14,33,0,0,0,0,0,0,0,0,0,,,0.0
same_id,Helen Oy,24,canonical_calculation,30,17,0,0,0,0,0,0,0,0,0,,,0.0
same_id,Helen Oy,24,canonical_calculation,45,3,0,0,0,0,0,0,0,0,0,,,0.0
same_id,Helen Oy,24,canonical_calculation,60,0,0,0,0,0,0,0,0,0,0,,,
same_id,Helen Oy,24,canonical_calculation,90,0,0,0,0,0,0,0,0,0,0,,,
same_id,Helen Oy,24,observed_seller_data,7,110,18,18,0,18,18,0,0,4,4,1.0,1.0,0.16363636363636364
same_id,Helen Oy,24,observed_seller_data,14,110,0,0,0,0,0,0,0,0,0,,,0.0
same_id,Helen Oy,24,observed_seller_data,30,110,0,0,0,0,0,0,0,0,0,,,0.0
same_id,Helen Oy,24,observed_seller_data,45,110,0,0,0,0,0,0,0,0,0,,,0.0
same_id,Helen Oy,24,observed_seller_data,60,99,0,0,0,0,0,0,0,0,0,,,0.0
same_id,Helen Oy,24,observed_seller_data,90,69,0,0,0,0,0,0,0,0,0,,,0.0
same_id,Imatran Seudun Sähkö Oy,6,canonical_calculation,7,41,1,1,0,1,1,0,0,1,1,1.0,1.0,0.024390243902439025
same_id,Imatran Seudun Sähkö Oy,6,canonical_calculation,14,34,0,0,0,0,0,0,0,0,0,,,0.0
same_id,Imatran Seudun Sähkö Oy,6,canonical_calculation,30,18,0,0,0,0,0,0,0,0,0,,,0.0
same_id,Imatran Seudun Sähkö Oy,6,canonical_calculation,45,3,0,0,0,0,0,0,0,0,0,,,0.0
same_id,Imatran Seudun Sähkö Oy,6,canonical_calculation,60,0,0,0,0,0,0,0,0,0,0,,,
same_id,Imatran Seudun Sähkö Oy,6,canonical_calculation,90,0,0,0,0,0,0,0,0,0,0,,,
same_id,Imatran Seudun Sähkö Oy,6,observed_seller_data,7,110,51,51,0,51,51,0,0,6,6,1.0,1.0,0.4636363636363636
same_id,Imatran Seudun Sähkö Oy,6,observed_seller_data,14,110,22,22,0,22,22,0,0,3,3,1.0,1.0,0.2
same_id,Imatran Seudun Sähkö Oy,6,observed_seller_data,30,110,0,0,0,0,0,0,0,0,0,,,0.0
same_id,Imatran Seudun Sähkö Oy,6,observed_seller_data,45,110,0,0,0,0,0,0,0,0,0,,,0.0
same_id,Imatran Seudun Sähkö Oy,6,observed_seller_data,60,99,0,0,0,0,0,0,0,0,0,,,0.0
same_id,Imatran Seudun Sähkö Oy,6,observed_seller_data,90,69,0,0,0,0,0,0,0,0,0,,,0.0
same_id,Imatran Seudun Sähkö Oy,12,canonical_calculation,7,42,10,10,0,10,10,0,0,4,4,1.0,1.0,0.23809523809523808
same_id,Imatran Seudun Sähkö Oy,12,canonical_calculation,14,35,0,0,0,0,0,0,0,0,0,,,0.0
same_id,Imatran Seudun Sähkö Oy,12,canonical_calculation,30,19,0,0,0,0,0,0,0,0,0,,,0.0
same_id,Imatran Seudun Sähkö Oy,12,canonical_calculation,45,4,0,0,0,0,0,0,0,0,0,,,0.0
same_id,Imatran Seudun Sähkö Oy,12,canonical_calculation,60,0,0,0,0,0,0,0,0,0,0,,,
same_id,Imatran Seudun Sähkö Oy,12,canonical_calculation,90,0,0,0,0,0,0,0,0,0,0,,,
same_id,Imatran Seudun Sähkö Oy,12,observed_seller_data,7,110,43,43,0,43,43,0,0,6,6,1.0,1.0,0.39090909090909093
same_id,Imatran Seudun Sähkö Oy,12,observed_seller_data,14,110,9,9,0,9,9,0,0,3,3,1.0,1.0,0.08181818181818182
same_id,Imatran Seudun Sähkö Oy,12,observed_seller_data,30,110,0,0,0,0,0,0,0,0,0,,,0.0
same_id,Imatran Seudun Sähkö Oy,12,observed_seller_data,45,110,0,0,0,0,0,0,0,0,0,,,0.0
same_id,Imatran Seudun Sähkö Oy,12,observed_seller_data,60,99,0,0,0,0,0,0,0,0,0,,,0.0
same_id,Imatran Seudun Sähkö Oy,12,observed_seller_data,90,69,0,0,0,0,0,0,0,0,0,,,0.0
same_id,Imatran Seudun Sähkö Oy,24,canonical_calculation,7,41,7,7,0,7,7,0,0,2,2,1.0,1.0,0.17073170731707318
same_id,Imatran Seudun Sähkö Oy,24,canonical_calculation,14,34,0,0,0,0,0,0,0,0,0,,,0.0
same_id,Imatran Seudun Sähkö Oy,24,canonical_calculation,30,18,0,0,0,0,0,0,0,0,0,,,0.0
same_id,Imatran Seudun Sähkö Oy,24,canonical_calculation,45,3,0,0,0,0,0,0,0,0,0,,,0.0
same_id,Imatran Seudun Sähkö Oy,24,canonical_calculation,60,0,0,0,0,0,0,0,0,0,0,,,
same_id,Imatran Seudun Sähkö Oy,24,canonical_calculation,90,0,0,0,0,0,0,0,0,0,0,,,
same_id,Imatran Seudun Sähkö Oy,24,observed_seller_data,7,114,50,50,0,50,50,0,0,5,5,1.0,1.0,0.43859649122807015
same_id,Imatran Seudun Sähkö Oy,24,observed_seller_data,14,114,15,15,0,15,15,0,0,4,4,1.0,1.0,0.13157894736842105
same_id,Imatran Seudun Sähkö Oy,24,observed_seller_data,30,114,0,0,0,0,0,0,0,0,0,,,0.0
same_id,Imatran Seudun Sähkö Oy,24,observed_seller_data,45,114,0,0,0,0,0,0,0,0,0,,,0.0
same_id,Imatran Seudun Sähkö Oy,24,observed_seller_data,60,103,0,0,0,0,0,0,0,0,0,,,0.0
same_id,Imatran Seudun Sähkö Oy,24,observed_seller_data,90,69,0,0,0,0,0,0,0,0,0,,,0.0
same_id,Keravan Energia Oy,6,canonical_calculation,7,41,22,22,0,22,22,0,0,1,1,1.0,1.0,0.5365853658536586
same_id,Keravan Energia Oy,6,canonical_calculation,14,34,15,15,0,15,15,0,0,1,1,1.0,1.0,0.4411764705882353
same_id,Keravan Energia Oy,6,canonical_calculation,30,18,0,0,0,0,0,0,0,0,0,,,0.0
same_id,Keravan Energia Oy,6,canonical_calculation,45,4,0,0,0,0,0,0,0,0,0,,,0.0
same_id,Keravan Energia Oy,6,canonical_calculation,60,0,0,0,0,0,0,0,0,0,0,,,
same_id,Keravan Energia Oy,6,canonical_calculation,90,0,0,0,0,0,0,0,0,0,0,,,
same_id,Keravan Energia Oy,6,observed_seller_data,7,110,58,58,0,58,58,0,0,3,3,1.0,1.0,0.5272727272727272
same_id,Keravan Energia Oy,6,observed_seller_data,14,110,37,37,0,37,37,0,0,3,3,1.0,1.0,0.33636363636363636
same_id,Keravan Energia Oy,6,observed_seller_data,30,110,5,5,0,5,5,0,0,1,1,1.0,1.0,0.045454545454545456
same_id,Keravan Energia Oy,6,observed_seller_data,45,110,0,0,0,0,0,0,0,0,0,,,0.0
same_id,Keravan Energia Oy,6,observed_seller_data,60,99,0,0,0,0,0,0,0,0,0,,,0.0
same_id,Keravan Energia Oy,6,observed_seller_data,90,69,0,0,0,0,0,0,0,0,0,,,0.0
same_id,Keravan Energia Oy,12,canonical_calculation,7,83,46,46,0,46,46,0,0,3,3,1.0,1.0,0.5542168674698795
same_id,Keravan Energia Oy,12,canonical_calculation,14,69,30,30,0,30,30,0,0,2,2,1.0,1.0,0.43478260869565216
same_id,Keravan Energia Oy,12,canonical_calculation,30,37,0,0,0,0,0,0,0,0,0,,,0.0
same_id,Keravan Energia Oy,12,canonical_calculation,45,7,0,0,0,0,0,0,0,0,0,,,0.0
same_id,Keravan Energia Oy,12,canonical_calculation,60,0,0,0,0,0,0,0,0,0,0,,,
same_id,Keravan Energia Oy,12,canonical_calculation,90,0,0,0,0,0,0,0,0,0,0,,,
same_id,Keravan Energia Oy,12,observed_seller_data,7,296,206,206,0,206,206,0,0,9,9,1.0,1.0,0.6959459459459459
same_id,Keravan Energia Oy,12,observed_seller_data,14,296,147,147,0,147,147,0,0,7,7,1.0,1.0,0.4966216216216216
same_id,Keravan Energia Oy,12,observed_seller_data,30,296,51,51,0,51,51,0,0,2,2,1.0,1.0,0.17229729729729729
same_id,Keravan Energia Oy,12,observed_seller_data,45,296,31,31,0,31,31,0,0,1,1,1.0,1.0,0.10472972972972973
same_id,Keravan Energia Oy,12,observed_seller_data,60,274,16,16,0,16,16,0,0,1,1,1.0,1.0,0.058394160583941604
same_id,Keravan Energia Oy,12,observed_seller_data,90,207,0,0,0,0,0,0,0,0,0,,,0.0
same_id,Keravan Energia Oy,24,canonical_calculation,7,80,32,32,0,32,32,0,0,4,4,1.0,1.0,0.4
same_id,Keravan Energia Oy,24,canonical_calculation,14,66,6,6,0,6,6,0,0,2,2,1.0,1.0,0.09090909090909091
same_id,Keravan Energia Oy,24,canonical_calculation,30,34,0,0,0,0,0,0,0,0,0,,,0.0
same_id,Keravan Energia Oy,24,canonical_calculation,45,6,0,0,0,0,0,0,0,0,0,,,0.0
same_id,Keravan Energia Oy,24,canonical_calculation,60,0,0,0,0,0,0,0,0,0,0,,,
same_id,Keravan Energia Oy,24,canonical_calculation,90,0,0,0,0,0,0,0,0,0,0,,,
same_id,Keravan Energia Oy,24,observed_seller_data,7,220,143,143,0,143,143,0,0,10,10,1.0,1.0,0.65
same_id,Keravan Energia Oy,24,observed_seller_data,14,220,85,85,0,85,85,0,0,6,6,1.0,1.0,0.38636363636363635
same_id,Keravan Energia Oy,24,observed_seller_data,30,220,0,0,0,0,0,0,0,0,0,,,0.0
same_id,Keravan Energia Oy,24,observed_seller_data,45,220,0,0,0,0,0,0,0,0,0,,,0.0
same_id,Keravan Energia Oy,24,observed_seller_data,60,198,0,0,0,0,0,0,0,0,0,,,0.0
same_id,Keravan Energia Oy,24,observed_seller_data,90,138,0,0,0,0,0,0,0,0,0,,,0.0
same_id,Koillis-Satakunnan Sähkö Oy,12,canonical_calculation,7,82,58,58,0,58,58,0,0,4,4,1.0,1.0,0.7073170731707317
same_id,Koillis-Satakunnan Sähkö Oy,12,canonical_calculation,14,68,30,30,0,30,30,0,0,4,4,1.0,1.0,0.4411764705882353
same_id,Koillis-Satakunnan Sähkö Oy,12,canonical_calculation,30,36,0,0,0,0,0,0,0,0,0,,,0.0
same_id,Koillis-Satakunnan Sähkö Oy,12,canonical_calculation,45,6,0,0,0,0,0,0,0,0,0,,,0.0
same_id,Koillis-Satakunnan Sähkö Oy,12,canonical_calculation,60,0,0,0,0,0,0,0,0,0,0,,,
same_id,Koillis-Satakunnan Sähkö Oy,12,canonical_calculation,90,0,0,0,0,0,0,0,0,0,0,,,
same_id,Koillis-Satakunnan Sähkö Oy,12,observed_seller_data,7,220,174,174,0,174,174,0,0,6,6,1.0,1.0,0.7909090909090909
same_id,Koillis-Satakunnan Sähkö Oy,12,observed_seller_data,14,220,144,144,0,144,144,0,0,4,4,1.0,1.0,0.6545454545454545
same_id,Koillis-Satakunnan Sähkö Oy,12,observed_seller_data,30,220,80,80,0,80,80,0,0,4,4,1.0,1.0,0.36363636363636365
same_id,Koillis-Satakunnan Sähkö Oy,12,observed_seller_data,45,220,30,30,0,30,30,0,0,2,2,1.0,1.0,0.13636363636363635
same_id,Koillis-Satakunnan Sähkö Oy,12,observed_seller_data,60,198,0,0,0,0,0,0,0,0,0,,,0.0
same_id,Koillis-Satakunnan Sähkö Oy,12,observed_seller_data,90,138,0,0,0,0,0,0,0,0,0,,,0.0
same_id,Koillis-Satakunnan Sähkö Oy,24,canonical_calculation,7,41,29,29,0,29,29,0,0,2,2,1.0,1.0,0.7073170731707317
same_id,Koillis-Satakunnan Sähkö Oy,24,canonical_calculation,14,34,15,15,0,15,15,0,0,2,2,1.0,1.0,0.4411764705882353
same_id,Koillis-Satakunnan Sähkö Oy,24,canonical_calculation,30,18,0,0,0,0,0,0,0,0,0,,,0.0
same_id,Koillis-Satakunnan Sähkö Oy,24,canonical_calculation,45,3,0,0,0,0,0,0,0,0,0,,,0.0
same_id,Koillis-Satakunnan Sähkö Oy,24,canonical_calculation,60,0,0,0,0,0,0,0,0,0,0,,,
same_id,Koillis-Satakunnan Sähkö Oy,24,canonical_calculation,90,0,0,0,0,0,0,0,0,0,0,,,
same_id,Koillis-Satakunnan Sähkö Oy,24,observed_seller_data,7,110,80,80,0,80,80,0,0,4,4,1.0,1.0,0.7272727272727273
same_id,Koillis-Satakunnan Sähkö Oy,24,observed_seller_data,14,110,58,58,0,58,58,0,0,2,2,1.0,1.0,0.5272727272727272
same_id,Koillis-Satakunnan Sähkö Oy,24,observed_seller_data,30,110,26,26,0,26,26,0,0,2,2,1.0,1.0,0.23636363636363636
same_id,Koillis-Satakunnan Sähkö Oy,24,observed_seller_data,45,110,1,1,0,1,1,0,0,1,1,1.0,1.0,0.00909090909090909
same_id,Koillis-Satakunnan Sähkö Oy,24,observed_seller_data,60,99,0,0,0,0,0,0,0,0,0,,,0.0
same_id,Koillis-Satakunnan Sähkö Oy,24,observed_seller_data,90,69,0,0,0,0,0,0,0,0,0,,,0.0
same_id,Kokkolan Energia Oy,6,canonical_calculation,7,42,4,4,0,4,4,0,0,2,2,1.0,1.0,0.09523809523809523
same_id,Kokkolan Energia Oy,6,canonical_calculation,14,35,0,0,0,0,0,0,0,0,0,,,0.0
same_id,Kokkolan Energia Oy,6,canonical_calculation,30,19,0,0,0,0,0,0,0,0,0,,,0.0
same_id,Kokkolan Energia Oy,6,canonical_calculation,45,4,0,0,0,0,0,0,0,0,0,,,0.0
same_id,Kokkolan Energia Oy,6,canonical_calculation,60,0,0,0,0,0,0,0,0,0,0,,,
same_id,Kokkolan Energia Oy,6,canonical_calculation,90,0,0,0,0,0,0,0,0,0,0,,,
same_id,Kokkolan Energia Oy,6,observed_seller_data,7,191,132,132,0,132,132,0,0,7,7,1.0,1.0,0.6910994764397905
same_id,Kokkolan Energia Oy,6,observed_seller_data,14,191,83,83,0,83,83,0,0,7,7,1.0,1.0,0.43455497382198954
same_id,Kokkolan Energia Oy,6,observed_seller_data,30,191,32,32,0,32,32,0,0,2,2,1.0,1.0,0.16753926701570682
same_id,Kokkolan Energia Oy,6,observed_seller_data,45,191,2,2,0,2,2,0,0,2,2,1.0,1.0,0.010471204188481676
same_id,Kokkolan Energia Oy,6,observed_seller_data,60,171,0,0,0,0,0,0,0,0,0,,,0.0
same_id,Kokkolan Energia Oy,6,observed_seller_data,90,111,0,0,0,0,0,0,0,0,0,,,0.0
same_id,Kokkolan Energia Oy,12,canonical_calculation,7,42,22,22,0,22,22,0,0,2,2,1.0,1.0,0.5238095238095238
same_id,Kokkolan Energia Oy,12,canonical_calculation,14,35,8,8,0,8,8,0,0,2,2,1.0,1.0,0.22857142857142856
same_id,Kokkolan Energia Oy,12,canonical_calculation,30,19,0,0,0,0,0,0,0,0,0,,,0.0
same_id,Kokkolan Energia Oy,12,canonical_calculation,45,4,0,0,0,0,0,0,0,0,0,,,0.0
same_id,Kokkolan Energia Oy,12,canonical_calculation,60,0,0,0,0,0,0,0,0,0,0,,,
same_id,Kokkolan Energia Oy,12,canonical_calculation,90,0,0,0,0,0,0,0,0,0,0,,,
same_id,Kokkolan Energia Oy,12,observed_seller_data,7,110,83,83,0,83,83,0,0,3,3,1.0,1.0,0.7545454545454545
same_id,Kokkolan Energia Oy,12,observed_seller_data,14,110,62,62,0,62,62,0,0,3,3,1.0,1.0,0.5636363636363636
same_id,Kokkolan Energia Oy,12,observed_seller_data,30,110,31,31,0,31,31,0,0,1,1,1.0,1.0,0.2818181818181818
same_id,Kokkolan Energia Oy,12,observed_seller_data,45,110,16,16,0,16,16,0,0,1,1,1.0,1.0,0.14545454545454545
same_id,Kokkolan Energia Oy,12,observed_seller_data,60,99,1,1,0,1,1,0,0,1,1,1.0,1.0,0.010101010101010102
same_id,Kokkolan Energia Oy,12,observed_seller_data,90,69,0,0,0,0,0,0,0,0,0,,,0.0
same_id,Kokkolan Energia Oy,24,canonical_calculation,7,42,29,29,0,29,29,0,0,1,1,1.0,1.0,0.6904761904761905
same_id,Kokkolan Energia Oy,24,canonical_calculation,14,35,22,22,0,22,22,0,0,1,1,1.0,1.0,0.6285714285714286
same_id,Kokkolan Energia Oy,24,canonical_calculation,30,19,6,6,0,6,6,0,0,1,1,1.0,1.0,0.3157894736842105
same_id,Kokkolan Energia Oy,24,canonical_calculation,45,4,0,0,0,0,0,0,0,0,0,,,0.0
same_id,Kokkolan Energia Oy,24,canonical_calculation,60,0,0,0,0,0,0,0,0,0,0,,,
same_id,Kokkolan Energia Oy,24,canonical_calculation,90,0,0,0,0,0,0,0,0,0,0,,,
same_id,Kokkolan Energia Oy,24,observed_seller_data,7,110,70,70,0,70,70,0,0,4,4,1.0,1.0,0.6363636363636364
same_id,Kokkolan Energia Oy,24,observed_seller_data,14,110,42,42,0,42,42,0,0,4,4,1.0,1.0,0.38181818181818183
same_id,Kokkolan Energia Oy,24,observed_seller_data,30,110,13,13,0,13,13,0,0,1,1,1.0,1.0,0.11818181818181818
same_id,Kokkolan Energia Oy,24,observed_seller_data,45,110,0,0,0,0,0,0,0,0,0,,,0.0
same_id,Kokkolan Energia Oy,24,observed_seller_data,60,99,0,0,0,0,0,0,0,0,0,,,0.0
same_id,Kokkolan Energia Oy,24,observed_seller_data,90,69,0,0,0,0,0,0,0,0,0,,,0.0
same_id,Korpelan Energia Oy,12,canonical_calculation,7,41,23,23,0,23,23,0,0,2,2,1.0,1.0,0.5609756097560976
same_id,Korpelan Energia Oy,12,canonical_calculation,14,34,15,15,0,15,15,0,0,1,1,1.0,1.0,0.4411764705882353
same_id,Korpelan Energia Oy,12,canonical_calculation,30,18,0,0,0,0,0,0,0,0,0,,,0.0
same_id,Korpelan Energia Oy,12,canonical_calculation,45,4,0,0,0,0,0,0,0,0,0,,,0.0
same_id,Korpelan Energia Oy,12,canonical_calculation,60,0,0,0,0,0,0,0,0,0,0,,,
same_id,Korpelan Energia Oy,12,canonical_calculation,90,0,0,0,0,0,0,0,0,0,0,,,
same_id,Korpelan Energia Oy,12,observed_seller_data,7,110,77,77,0,77,77,0,0,3,3,1.0,1.0,0.7
same_id,Korpelan Energia Oy,12,observed_seller_data,14,110,56,56,0,56,56,0,0,3,3,1.0,1.0,0.509090909090909
same_id,Korpelan Energia Oy,12,observed_seller_data,30,110,32,32,0,32,32,0,0,1,1,1.0,1.0,0.2909090909090909
same_id,Korpelan Energia Oy,12,observed_seller_data,45,110,17,17,0,17,17,0,0,1,1,1.0,1.0,0.15454545454545454
same_id,Korpelan Energia Oy,12,observed_seller_data,60,99,2,2,0,2,2,0,0,1,1,1.0,1.0,0.020202020202020204
same_id,Korpelan Energia Oy,12,observed_seller_data,90,69,0,0,0,0,0,0,0,0,0,,,0.0
same_id,Korpelan Energia Oy,24,canonical_calculation,7,6,2,2,0,2,2,0,0,1,1,1.0,1.0,0.3333333333333333
same_id,Korpelan Energia Oy,24,canonical_calculation,14,0,0,0,0,0,0,0,0,0,0,,,
same_id,Korpelan Energia Oy,24,canonical_calculation,30,0,0,0,0,0,0,0,0,0,0,,,
same_id,Korpelan Energia Oy,24,canonical_calculation,45,0,0,0,0,0,0,0,0,0,0,,,
same_id,Korpelan Energia Oy,24,canonical_calculation,60,0,0,0,0,0,0,0,0,0,0,,,
same_id,Korpelan Energia Oy,24,canonical_calculation,90,0,0,0,0,0,0,0,0,0,0,,,
same_id,Köyliön-Säkylän Sähkö Oy,12,canonical_calculation,7,42,33,33,0,33,33,0,0,2,2,1.0,1.0,0.7857142857142857
same_id,Köyliön-Säkylän Sähkö Oy,12,canonical_calculation,14,35,21,21,0,21,21,0,0,1,1,1.0,1.0,0.6
same_id,Köyliön-Säkylän Sähkö Oy,12,canonical_calculation,30,19,5,5,0,5,5,0,0,1,1,1.0,1.0,0.2631578947368421
same_id,Köyliön-Säkylän Sähkö Oy,12,canonical_calculation,45,4,0,0,0,0,0,0,0,0,0,,,0.0
same_id,Köyliön-Säkylän Sähkö Oy,12,canonical_calculation,60,0,0,0,0,0,0,0,0,0,0,,,
same_id,Köyliön-Säkylän Sähkö Oy,12,canonical_calculation,90,0,0,0,0,0,0,0,0,0,0,,,
same_id,Köyliön-Säkylän Sähkö Oy,12,observed_seller_data,7,111,90,90,0,90,90,0,0,3,3,1.0,1.0,0.8108108108108109
same_id,Köyliön-Säkylän Sähkö Oy,12,observed_seller_data,14,111,78,78,0,78,78,0,0,1,1,1.0,1.0,0.7027027027027027
same_id,Köyliön-Säkylän Sähkö Oy,12,observed_seller_data,30,111,62,62,0,62,62,0,0,1,1,1.0,1.0,0.5585585585585585
same_id,Köyliön-Säkylän Sähkö Oy,12,observed_seller_data,45,111,47,47,0,47,47,0,0,1,1,1.0,1.0,0.42342342342342343
same_id,Köyliön-Säkylän Sähkö Oy,12,observed_seller_data,60,100,32,32,0,32,32,0,0,1,1,1.0,1.0,0.32
same_id,Köyliön-Säkylän Sähkö Oy,12,observed_seller_data,90,70,2,2,0,2,2,0,0,1,1,1.0,1.0,0.02857142857142857
same_id,Köyliön-Säkylän Sähkö Oy,24,canonical_calculation,7,42,33,33,0,33,33,0,0,2,2,1.0,1.0,0.7857142857142857
same_id,Köyliön-Säkylän Sähkö Oy,24,canonical_calculation,14,35,21,21,0,21,21,0,0,1,1,1.0,1.0,0.6
same_id,Köyliön-Säkylän Sähkö Oy,24,canonical_calculation,30,19,5,5,0,5,5,0,0,1,1,1.0,1.0,0.2631578947368421
same_id,Köyliön-Säkylän Sähkö Oy,24,canonical_calculation,45,4,0,0,0,0,0,0,0,0,0,,,0.0
same_id,Köyliön-Säkylän Sähkö Oy,24,canonical_calculation,60,0,0,0,0,0,0,0,0,0,0,,,
same_id,Köyliön-Säkylän Sähkö Oy,24,canonical_calculation,90,0,0,0,0,0,0,0,0,0,0,,,
same_id,Köyliön-Säkylän Sähkö Oy,24,observed_seller_data,7,110,89,89,0,89,89,0,0,3,3,1.0,1.0,0.8090909090909091
same_id,Köyliön-Säkylän Sähkö Oy,24,observed_seller_data,14,110,78,78,0,78,78,0,0,1,1,1.0,1.0,0.7090909090909091
same_id,Köyliön-Säkylän Sähkö Oy,24,observed_seller_data,30,110,62,62,0,62,62,0,0,1,1,1.0,1.0,0.5636363636363636
same_id,Köyliön-Säkylän Sähkö Oy,24,observed_seller_data,45,110,47,47,0,47,47,0,0,1,1,1.0,1.0,0.42727272727272725
same_id,Köyliön-Säkylän Sähkö Oy,24,observed_seller_data,60,99,32,32,0,32,32,0,0,1,1,1.0,1.0,0.32323232323232326
same_id,Köyliön-Säkylän Sähkö Oy,24,observed_seller_data,90,69,2,2,0,2,2,0,0,1,1,1.0,1.0,0.028985507246376812
same_id,Lammaisten Energia Oy,6,observed_seller_data,7,27,20,20,0,20,20,0,0,1,1,1.0,1.0,0.7407407407407407
same_id,Lammaisten Energia Oy,6,observed_seller_data,14,27,13,13,0,13,13,0,0,1,1,1.0,1.0,0.48148148148148145
same_id,Lammaisten Energia Oy,6,observed_seller_data,30,27,0,0,0,0,0,0,0,0,0,,,0.0
same_id,Lammaisten Energia Oy,6,observed_seller_data,45,27,0,0,0,0,0,0,0,0,0,,,0.0
same_id,Lammaisten Energia Oy,6,observed_seller_data,60,27,0,0,0,0,0,0,0,0,0,,,0.0
same_id,Lammaisten Energia Oy,6,observed_seller_data,90,27,0,0,0,0,0,0,0,0,0,,,0.0
same_id,Lammaisten Energia Oy,12,canonical_calculation,7,41,35,35,0,35,35,0,0,1,1,1.0,1.0,0.8536585365853658
same_id,Lammaisten Energia Oy,12,canonical_calculation,14,34,28,28,0,28,28,0,0,1,1,1.0,1.0,0.8235294117647058
same_id,Lammaisten Energia Oy,12,canonical_calculation,30,18,12,12,0,12,12,0,0,1,1,1.0,1.0,0.6666666666666666
same_id,Lammaisten Energia Oy,12,canonical_calculation,45,4,0,0,0,0,0,0,0,0,0,,,0.0
same_id,Lammaisten Energia Oy,12,canonical_calculation,60,0,0,0,0,0,0,0,0,0,0,,,
same_id,Lammaisten Energia Oy,12,canonical_calculation,90,0,0,0,0,0,0,0,0,0,0,,,
same_id,Lammaisten Energia Oy,12,observed_seller_data,7,110,89,89,0,89,89,0,0,3,3,1.0,1.0,0.8090909090909091
same_id,Lammaisten Energia Oy,12,observed_seller_data,14,110,68,68,0,68,68,0,0,3,3,1.0,1.0,0.6181818181818182
same_id,Lammaisten Energia Oy,12,observed_seller_data,30,110,38,38,0,38,38,0,0,1,1,1.0,1.0,0.34545454545454546
same_id,Lammaisten Energia Oy,12,observed_seller_data,45,110,23,23,0,23,23,0,0,1,1,1.0,1.0,0.20909090909090908
same_id,Lammaisten Energia Oy,12,observed_seller_data,60,99,8,8,0,8,8,0,0,1,1,1.0,1.0,0.08080808080808081
same_id,Lammaisten Energia Oy,12,observed_seller_data,90,69,0,0,0,0,0,0,0,0,0,,,0.0
same_id,Lammaisten Energia Oy,24,canonical_calculation,7,41,35,35,0,35,35,0,0,1,1,1.0,1.0,0.8536585365853658
same_id,Lammaisten Energia Oy,24,canonical_calculation,14,34,28,28,0,28,28,0,0,1,1,1.0,1.0,0.8235294117647058
same_id,Lammaisten Energia Oy,24,canonical_calculation,30,18,12,12,0,12,12,0,0,1,1,1.0,1.0,0.6666666666666666
same_id,Lammaisten Energia Oy,24,canonical_calculation,45,4,0,0,0,0,0,0,0,0,0,,,0.0
same_id,Lammaisten Energia Oy,24,canonical_calculation,60,0,0,0,0,0,0,0,0,0,0,,,
same_id,Lammaisten Energia Oy,24,canonical_calculation,90,0,0,0,0,0,0,0,0,0,0,,,
same_id,Lammaisten Energia Oy,24,observed_seller_data,7,110,96,96,0,96,96,0,0,2,2,1.0,1.0,0.8727272727272727
same_id,Lammaisten Energia Oy,24,observed_seller_data,14,110,82,82,0,82,82,0,0,2,2,1.0,1.0,0.7454545454545455
same_id,Lammaisten Energia Oy,24,observed_seller_data,30,110,50,50,0,50,50,0,0,2,2,1.0,1.0,0.45454545454545453
same_id,Lammaisten Energia Oy,24,observed_seller_data,45,110,23,23,0,23,23,0,0,1,1,1.0,1.0,0.20909090909090908
same_id,Lammaisten Energia Oy,24,observed_seller_data,60,99,8,8,0,8,8,0,0,1,1,1.0,1.0,0.08080808080808081
same_id,Lammaisten Energia Oy,24,observed_seller_data,90,69,0,0,0,0,0,0,0,0,0,,,0.0
same_id,Lumme Energia,6,observed_seller_data,7,86,15,15,0,15,15,0,0,2,2,1.0,1.0,0.1744186046511628
same_id,Lumme Energia,6,observed_seller_data,14,86,4,4,0,4,4,0,0,1,1,1.0,1.0,0.046511627906976744
same_id,Lumme Energia,6,observed_seller_data,30,86,0,0,0,0,0,0,0,0,0,,,0.0
same_id,Lumme Energia,6,observed_seller_data,45,86,0,0,0,0,0,0,0,0,0,,,0.0
same_id,Lumme Energia,6,observed_seller_data,60,86,0,0,0,0,0,0,0,0,0,,,0.0
same_id,Lumme Energia,6,observed_seller_data,90,69,0,0,0,0,0,0,0,0,0,,,0.0
same_id,Lumme Energia,12,canonical_calculation,7,22,5,5,0,5,5,0,0,1,1,1.0,1.0,0.22727272727272727
same_id,Lumme Energia,12,canonical_calculation,14,22,0,0,0,0,0,0,0,0,0,,,0.0
same_id,Lumme Energia,12,canonical_calculation,30,19,0,0,0,0,0,0,0,0,0,,,0.0
same_id,Lumme Energia,12,canonical_calculation,45,4,0,0,0,0,0,0,0,0,0,,,0.0
same_id,Lumme Energia,12,canonical_calculation,60,0,0,0,0,0,0,0,0,0,0,,,
same_id,Lumme Energia,12,canonical_calculation,90,0,0,0,0,0,0,0,0,0,0,,,
same_id,Lumme Energia,12,observed_seller_data,7,110,25,25,0,25,25,0,0,4,4,1.0,1.0,0.22727272727272727
same_id,Lumme Energia,12,observed_seller_data,14,110,4,4,0,4,4,0,0,1,1,1.0,1.0,0.03636363636363636
same_id,Lumme Energia,12,observed_seller_data,30,110,0,0,0,0,0,0,0,0,0,,,0.0
same_id,Lumme Energia,12,observed_seller_data,45,110,0,0,0,0,0,0,0,0,0,,,0.0
same_id,Lumme Energia,12,observed_seller_data,60,99,0,0,0,0,0,0,0,0,0,,,0.0
same_id,Lumme Energia,12,observed_seller_data,90,69,0,0,0,0,0,0,0,0,0,,,0.0
same_id,Lumme Energia,24,canonical_calculation,7,21,0,0,0,0,0,0,0,0,0,,,0.0
same_id,Lumme Energia,24,canonical_calculation,14,21,0,0,0,0,0,0,0,0,0,,,0.0
same_id,Lumme Energia,24,canonical_calculation,30,18,0,0,0,0,0,0,0,0,0,,,0.0
same_id,Lumme Energia,24,canonical_calculation,45,4,0,0,0,0,0,0,0,0,0,,,0.0
same_id,Lumme Energia,24,canonical_calculation,60,0,0,0,0,0,0,0,0,0,0,,,
same_id,Lumme Energia,24,canonical_calculation,90,0,0,0,0,0,0,0,0,0,0,,,
same_id,Lumme Energia,24,observed_seller_data,7,110,14,14,0,14,14,0,0,4,4,1.0,1.0,0.12727272727272726
same_id,Lumme Energia,24,observed_seller_data,14,110,0,0,0,0,0,0,0,0,0,,,0.0
same_id,Lumme Energia,24,observed_seller_data,30,110,0,0,0,0,0,0,0,0,0,,,0.0
same_id,Lumme Energia,24,observed_seller_data,45,110,0,0,0,0,0,0,0,0,0,,,0.0
same_id,Lumme Energia,24,observed_seller_data,60,99,0,0,0,0,0,0,0,0,0,,,0.0
same_id,Lumme Energia,24,observed_seller_data,90,69,0,0,0,0,0,0,0,0,0,,,0.0
same_id,Nurmijärven Sähkö Oy,12,canonical_calculation,7,42,35,35,0,35,35,0,0,2,2,1.0,1.0,0.8333333333333334
same_id,Nurmijärven Sähkö Oy,12,canonical_calculation,14,35,25,25,0,25,25,0,0,1,1,1.0,1.0,0.7142857142857143
same_id,Nurmijärven Sähkö Oy,12,canonical_calculation,30,19,9,9,0,9,9,0,0,1,1,1.0,1.0,0.47368421052631576
same_id,Nurmijärven Sähkö Oy,12,canonical_calculation,45,4,0,0,0,0,0,0,0,0,0,,,0.0
same_id,Nurmijärven Sähkö Oy,12,canonical_calculation,60,0,0,0,0,0,0,0,0,0,0,,,
same_id,Nurmijärven Sähkö Oy,12,canonical_calculation,90,0,0,0,0,0,0,0,0,0,0,,,
same_id,Nurmijärven Sähkö Oy,12,observed_seller_data,7,110,96,96,0,96,96,0,0,2,2,1.0,1.0,0.8727272727272727
same_id,Nurmijärven Sähkö Oy,12,observed_seller_data,14,110,82,82,0,82,82,0,0,2,2,1.0,1.0,0.7454545454545455
same_id,Nurmijärven Sähkö Oy,12,observed_seller_data,30,110,50,50,0,50,50,0,0,2,2,1.0,1.0,0.45454545454545453
same_id,Nurmijärven Sähkö Oy,12,observed_seller_data,45,110,20,20,0,20,20,0,0,2,2,1.0,1.0,0.18181818181818182
same_id,Nurmijärven Sähkö Oy,12,observed_seller_data,60,99,0,0,0,0,0,0,0,0,0,,,0.0
same_id,Nurmijärven Sähkö Oy,12,observed_seller_data,90,69,0,0,0,0,0,0,0,0,0,,,0.0
same_id,Nurmijärven Sähkö Oy,24,canonical_calculation,7,42,35,35,0,35,35,0,0,2,2,1.0,1.0,0.8333333333333334
same_id,Nurmijärven Sähkö Oy,24,canonical_calculation,14,35,25,25,0,25,25,0,0,1,1,1.0,1.0,0.7142857142857143
same_id,Nurmijärven Sähkö Oy,24,canonical_calculation,30,19,9,9,0,9,9,0,0,1,1,1.0,1.0,0.47368421052631576
same_id,Nurmijärven Sähkö Oy,24,canonical_calculation,45,4,0,0,0,0,0,0,0,0,0,,,0.0
same_id,Nurmijärven Sähkö Oy,24,canonical_calculation,60,0,0,0,0,0,0,0,0,0,0,,,
same_id,Nurmijärven Sähkö Oy,24,canonical_calculation,90,0,0,0,0,0,0,0,0,0,0,,,
same_id,Nurmijärven Sähkö Oy,24,observed_seller_data,7,110,96,96,0,96,96,0,0,2,2,1.0,1.0,0.8727272727272727
same_id,Nurmijärven Sähkö Oy,24,observed_seller_data,14,110,82,82,0,82,82,0,0,2,2,1.0,1.0,0.7454545454545455
same_id,Nurmijärven Sähkö Oy,24,observed_seller_data,30,110,50,50,0,50,50,0,0,2,2,1.0,1.0,0.45454545454545453
same_id,Nurmijärven Sähkö Oy,24,observed_seller_data,45,110,20,20,0,20,20,0,0,2,2,1.0,1.0,0.18181818181818182
same_id,Nurmijärven Sähkö Oy,24,observed_seller_data,60,99,0,0,0,0,0,0,0,0,0,,,0.0
same_id,Nurmijärven Sähkö Oy,24,observed_seller_data,90,69,0,0,0,0,0,0,0,0,0,,,0.0
same_id,Omavoima Oy,12,canonical_calculation,7,41,26,26,0,26,26,0,0,3,3,1.0,1.0,0.6341463414634146
same_id,Omavoima Oy,12,canonical_calculation,14,34,14,14,0,14,14,0,0,1,1,1.0,1.0,0.4117647058823529
same_id,Omavoima Oy,12,canonical_calculation,30,18,0,0,0,0,0,0,0,0,0,,,0.0
same_id,Omavoima Oy,12,canonical_calculation,45,3,0,0,0,0,0,0,0,0,0,,,0.0
same_id,Omavoima Oy,12,canonical_calculation,60,0,0,0,0,0,0,0,0,0,0,,,
same_id,Omavoima Oy,12,canonical_calculation,90,0,0,0,0,0,0,0,0,0,0,,,
same_id,Omavoima Oy,12,observed_seller_data,7,110,90,90,0,90,90,0,0,2,2,1.0,1.0,0.8181818181818182
same_id,Omavoima Oy,12,observed_seller_data,14,110,76,76,0,76,76,0,0,2,2,1.0,1.0,0.6909090909090909
same_id,Omavoima Oy,12,observed_seller_data,30,110,44,44,0,44,44,0,0,2,2,1.0,1.0,0.4
same_id,Omavoima Oy,12,observed_seller_data,45,110,17,17,0,17,17,0,0,1,1,1.0,1.0,0.15454545454545454
same_id,Omavoima Oy,12,observed_seller_data,60,99,2,2,0,2,2,0,0,1,1,1.0,1.0,0.020202020202020204
same_id,Omavoima Oy,12,observed_seller_data,90,69,0,0,0,0,0,0,0,0,0,,,0.0
same_id,Omavoima Oy,24,canonical_calculation,7,41,33,33,0,33,33,0,0,2,2,1.0,1.0,0.8048780487804879
same_id,Omavoima Oy,24,canonical_calculation,14,34,23,23,0,23,23,0,0,1,1,1.0,1.0,0.6764705882352942
same_id,Omavoima Oy,24,canonical_calculation,30,18,7,7,0,7,7,0,0,1,1,1.0,1.0,0.3888888888888889
same_id,Omavoima Oy,24,canonical_calculation,45,3,0,0,0,0,0,0,0,0,0,,,0.0
same_id,Omavoima Oy,24,canonical_calculation,60,0,0,0,0,0,0,0,0,0,0,,,
same_id,Omavoima Oy,24,canonical_calculation,90,0,0,0,0,0,0,0,0,0,0,,,
same_id,Omavoima Oy,24,observed_seller_data,7,110,90,90,0,90,90,0,0,2,2,1.0,1.0,0.8181818181818182
same_id,Omavoima Oy,24,observed_seller_data,14,110,76,76,0,76,76,0,0,2,2,1.0,1.0,0.6909090909090909
same_id,Omavoima Oy,24,observed_seller_data,30,110,44,44,0,44,44,0,0,2,2,1.0,1.0,0.4
same_id,Omavoima Oy,24,observed_seller_data,45,110,17,17,0,17,17,0,0,1,1,1.0,1.0,0.15454545454545454
same_id,Omavoima Oy,24,observed_seller_data,60,99,2,2,0,2,2,0,0,1,1,1.0,1.0,0.020202020202020204
same_id,Omavoima Oy,24,observed_seller_data,90,69,0,0,0,0,0,0,0,0,0,,,0.0
same_id,Oomi Oy,6,observed_seller_data,7,77,18,18,0,18,18,0,0,3,3,1.0,1.0,0.23376623376623376
same_id,Oomi Oy,6,observed_seller_data,14,77,4,4,0,4,4,0,0,1,1,1.0,1.0,0.05194805194805195
same_id,Oomi Oy,6,observed_seller_data,30,77,0,0,0,0,0,0,0,0,0,,,0.0
same_id,Oomi Oy,6,observed_seller_data,45,77,0,0,0,0,0,0,0,0,0,,,0.0
same_id,Oomi Oy,6,observed_seller_data,60,77,0,0,0,0,0,0,0,0,0,,,0.0
same_id,Oomi Oy,6,observed_seller_data,90,60,0,0,0,0,0,0,0,0,0,,,0.0
same_id,Oomi Oy,12,canonical_calculation,7,42,18,18,0,18,18,0,0,2,2,1.0,1.0,0.42857142857142855
same_id,Oomi Oy,12,canonical_calculation,14,35,7,7,0,7,7,0,0,1,1,1.0,1.0,0.2
same_id,Oomi Oy,12,canonical_calculation,30,19,0,0,0,0,0,0,0,0,0,,,0.0
same_id,Oomi Oy,12,canonical_calculation,45,4,0,0,0,0,0,0,0,0,0,,,0.0
same_id,Oomi Oy,12,canonical_calculation,60,0,0,0,0,0,0,0,0,0,0,,,
same_id,Oomi Oy,12,canonical_calculation,90,0,0,0,0,0,0,0,0,0,0,,,
same_id,Oomi Oy,12,observed_seller_data,7,109,31,31,0,31,31,0,0,4,4,1.0,1.0,0.28440366972477066
same_id,Oomi Oy,12,observed_seller_data,14,109,8,8,0,8,8,0,0,2,2,1.0,1.0,0.07339449541284404
same_id,Oomi Oy,12,observed_seller_data,30,109,0,0,0,0,0,0,0,0,0,,,0.0
same_id,Oomi Oy,12,observed_seller_data,45,109,0,0,0,0,0,0,0,0,0,,,0.0
same_id,Oomi Oy,12,observed_seller_data,60,99,0,0,0,0,0,0,0,0,0,,,0.0
same_id,Oomi Oy,12,observed_seller_data,90,69,0,0,0,0,0,0,0,0,0,,,0.0
same_id,Oomi Oy,24,canonical_calculation,7,41,14,14,0,14,14,0,0,1,1,1.0,1.0,0.34146341463414637
same_id,Oomi Oy,24,canonical_calculation,14,34,7,7,0,7,7,0,0,1,1,1.0,1.0,0.20588235294117646
same_id,Oomi Oy,24,canonical_calculation,30,18,0,0,0,0,0,0,0,0,0,,,0.0
same_id,Oomi Oy,24,canonical_calculation,45,4,0,0,0,0,0,0,0,0,0,,,0.0
same_id,Oomi Oy,24,canonical_calculation,60,0,0,0,0,0,0,0,0,0,0,,,
same_id,Oomi Oy,24,canonical_calculation,90,0,0,0,0,0,0,0,0,0,0,,,
same_id,Oomi Oy,24,observed_seller_data,7,109,17,17,0,17,17,0,0,6,6,1.0,1.0,0.1559633027522936
same_id,Oomi Oy,24,observed_seller_data,14,109,0,0,0,0,0,0,0,0,0,,,0.0
same_id,Oomi Oy,24,observed_seller_data,30,109,0,0,0,0,0,0,0,0,0,,,0.0
same_id,Oomi Oy,24,observed_seller_data,45,109,0,0,0,0,0,0,0,0,0,,,0.0
same_id,Oomi Oy,24,observed_seller_data,60,99,0,0,0,0,0,0,0,0,0,,,0.0
same_id,Oomi Oy,24,observed_seller_data,90,69,0,0,0,0,0,0,0,0,0,,,0.0
same_id,Paneliankosken Voima Oy,12,canonical_calculation,7,39,30,30,0,30,30,0,0,2,2,1.0,1.0,0.7692307692307693
same_id,Paneliankosken Voima Oy,12,canonical_calculation,14,32,16,16,0,16,16,0,0,2,2,1.0,1.0,0.5
same_id,Paneliankosken Voima Oy,12,canonical_calculation,30,17,0,0,0,0,0,0,0,0,0,,,0.0
same_id,Paneliankosken Voima Oy,12,canonical_calculation,45,2,0,0,0,0,0,0,0,0,0,,,0.0
same_id,Paneliankosken Voima Oy,12,canonical_calculation,60,0,0,0,0,0,0,0,0,0,0,,,
same_id,Paneliankosken Voima Oy,12,canonical_calculation,90,0,0,0,0,0,0,0,0,0,0,,,
same_id,Paneliankosken Voima Oy,12,observed_seller_data,7,110,83,83,0,83,83,0,0,3,3,1.0,1.0,0.7545454545454545
same_id,Paneliankosken Voima Oy,12,observed_seller_data,14,110,68,68,0,68,68,0,0,2,2,1.0,1.0,0.6181818181818182
same_id,Paneliankosken Voima Oy,12,observed_seller_data,30,110,36,36,0,36,36,0,0,2,2,1.0,1.0,0.32727272727272727
same_id,Paneliankosken Voima Oy,12,observed_seller_data,45,110,16,16,0,16,16,0,0,1,1,1.0,1.0,0.14545454545454545
same_id,Paneliankosken Voima Oy,12,observed_seller_data,60,99,1,1,0,1,1,0,0,1,1,1.0,1.0,0.010101010101010102
same_id,Paneliankosken Voima Oy,12,observed_seller_data,90,69,0,0,0,0,0,0,0,0,0,,,0.0
same_id,Paneliankosken Voima Oy,24,canonical_calculation,7,40,30,30,0,30,30,0,0,2,2,1.0,1.0,0.75
same_id,Paneliankosken Voima Oy,24,canonical_calculation,14,33,16,16,0,16,16,0,0,2,2,1.0,1.0,0.48484848484848486
same_id,Paneliankosken Voima Oy,24,canonical_calculation,30,18,0,0,0,0,0,0,0,0,0,,,0.0
same_id,Paneliankosken Voima Oy,24,canonical_calculation,45,3,0,0,0,0,0,0,0,0,0,,,0.0
same_id,Paneliankosken Voima Oy,24,canonical_calculation,60,0,0,0,0,0,0,0,0,0,0,,,
same_id,Paneliankosken Voima Oy,24,canonical_calculation,90,0,0,0,0,0,0,0,0,0,0,,,
same_id,Paneliankosken Voima Oy,24,observed_seller_data,7,110,76,76,0,76,76,0,0,4,4,1.0,1.0,0.6909090909090909
same_id,Paneliankosken Voima Oy,24,observed_seller_data,14,110,54,54,0,54,54,0,0,3,3,1.0,1.0,0.4909090909090909
same_id,Paneliankosken Voima Oy,24,observed_seller_data,30,110,14,14,0,14,14,0,0,2,2,1.0,1.0,0.12727272727272726
same_id,Paneliankosken Voima Oy,24,observed_seller_data,45,110,0,0,0,0,0,0,0,0,0,,,0.0
same_id,Paneliankosken Voima Oy,24,observed_seller_data,60,99,0,0,0,0,0,0,0,0,0,,,0.0
same_id,Paneliankosken Voima Oy,24,observed_seller_data,90,69,0,0,0,0,0,0,0,0,0,,,0.0
same_id,Pohjois-Karjalan Sähkö Oy,6,canonical_calculation,7,45,28,28,0,28,28,0,0,3,3,1.0,1.0,0.6222222222222222
same_id,Pohjois-Karjalan Sähkö Oy,6,canonical_calculation,14,38,12,12,0,12,12,0,0,1,1,1.0,1.0,0.3157894736842105
same_id,Pohjois-Karjalan Sähkö Oy,6,canonical_calculation,30,22,0,0,0,0,0,0,0,0,0,,,0.0
same_id,Pohjois-Karjalan Sähkö Oy,6,canonical_calculation,45,7,0,0,0,0,0,0,0,0,0,,,0.0
same_id,Pohjois-Karjalan Sähkö Oy,6,canonical_calculation,60,0,0,0,0,0,0,0,0,0,0,,,
same_id,Pohjois-Karjalan Sähkö Oy,6,canonical_calculation,90,0,0,0,0,0,0,0,0,0,0,,,
same_id,Pohjois-Karjalan Sähkö Oy,6,observed_seller_data,7,129,101,101,0,101,101,0,0,4,4,1.0,1.0,0.7829457364341085
same_id,Pohjois-Karjalan Sähkö Oy,6,observed_seller_data,14,129,73,73,0,73,73,0,0,4,4,1.0,1.0,0.5658914728682171
same_id,Pohjois-Karjalan Sähkö Oy,6,observed_seller_data,30,129,22,22,0,22,22,0,0,1,1,1.0,1.0,0.17054263565891473
same_id,Pohjois-Karjalan Sähkö Oy,6,observed_seller_data,45,129,7,7,0,7,7,0,0,1,1,1.0,1.0,0.05426356589147287
same_id,Pohjois-Karjalan Sähkö Oy,6,observed_seller_data,60,107,0,0,0,0,0,0,0,0,0,,,0.0
same_id,Pohjois-Karjalan Sähkö Oy,6,observed_seller_data,90,69,0,0,0,0,0,0,0,0,0,,,0.0
same_id,Pohjois-Karjalan Sähkö Oy,12,canonical_calculation,7,45,35,35,0,35,35,0,0,2,2,1.0,1.0,0.7777777777777778
same_id,Pohjois-Karjalan Sähkö Oy,12,canonical_calculation,14,38,21,21,0,21,21,0,0,2,2,1.0,1.0,0.5526315789473685
same_id,Pohjois-Karjalan Sähkö Oy,12,canonical_calculation,30,22,2,2,0,2,2,0,0,1,1,1.0,1.0,0.09090909090909091
same_id,Pohjois-Karjalan Sähkö Oy,12,canonical_calculation,45,7,0,0,0,0,0,0,0,0,0,,,0.0
same_id,Pohjois-Karjalan Sähkö Oy,12,canonical_calculation,60,0,0,0,0,0,0,0,0,0,0,,,
same_id,Pohjois-Karjalan Sähkö Oy,12,canonical_calculation,90,0,0,0,0,0,0,0,0,0,0,,,
same_id,Pohjois-Karjalan Sähkö Oy,12,observed_seller_data,7,112,89,89,0,89,89,0,0,3,3,1.0,1.0,0.7946428571428571
same_id,Pohjois-Karjalan Sähkö Oy,12,observed_seller_data,14,112,68,68,0,68,68,0,0,3,3,1.0,1.0,0.6071428571428571
same_id,Pohjois-Karjalan Sähkö Oy,12,observed_seller_data,30,112,22,22,0,22,22,0,0,1,1,1.0,1.0,0.19642857142857142
same_id,Pohjois-Karjalan Sähkö Oy,12,observed_seller_data,45,112,7,7,0,7,7,0,0,1,1,1.0,1.0,0.0625
same_id,Pohjois-Karjalan Sähkö Oy,12,observed_seller_data,60,99,0,0,0,0,0,0,0,0,0,,,0.0
same_id,Pohjois-Karjalan Sähkö Oy,12,observed_seller_data,90,69,0,0,0,0,0,0,0,0,0,,,0.0
same_id,Pohjois-Karjalan Sähkö Oy,24,canonical_calculation,7,42,35,35,0,35,35,0,0,2,2,1.0,1.0,0.8333333333333334
same_id,Pohjois-Karjalan Sähkö Oy,24,canonical_calculation,14,35,21,21,0,21,21,0,0,2,2,1.0,1.0,0.6
same_id,Pohjois-Karjalan Sähkö Oy,24,canonical_calculation,30,19,3,3,0,3,3,0,0,1,1,1.0,1.0,0.15789473684210525
same_id,Pohjois-Karjalan Sähkö Oy,24,canonical_calculation,45,4,0,0,0,0,0,0,0,0,0,,,0.0
same_id,Pohjois-Karjalan Sähkö Oy,24,canonical_calculation,60,0,0,0,0,0,0,0,0,0,0,,,
same_id,Pohjois-Karjalan Sähkö Oy,24,canonical_calculation,90,0,0,0,0,0,0,0,0,0,0,,,
same_id,Pohjois-Karjalan Sähkö Oy,24,observed_seller_data,7,111,90,90,0,90,90,0,0,3,3,1.0,1.0,0.8108108108108109
same_id,Pohjois-Karjalan Sähkö Oy,24,observed_seller_data,14,111,70,70,0,70,70,0,0,2,2,1.0,1.0,0.6306306306306306
same_id,Pohjois-Karjalan Sähkö Oy,24,observed_seller_data,30,111,40,40,0,40,40,0,0,1,1,1.0,1.0,0.36036036036036034
same_id,Pohjois-Karjalan Sähkö Oy,24,observed_seller_data,45,111,25,25,0,25,25,0,0,1,1,1.0,1.0,0.22522522522522523
same_id,Pohjois-Karjalan Sähkö Oy,24,observed_seller_data,60,100,10,10,0,10,10,0,0,1,1,1.0,1.0,0.1
same_id,Pohjois-Karjalan Sähkö Oy,24,observed_seller_data,90,69,0,0,0,0,0,0,0,0,0,,,0.0
same_id,Porvoon Energia Oy,6,observed_seller_data,7,70,47,47,0,47,47,0,0,3,3,1.0,1.0,0.6714285714285714
same_id,Porvoon Energia Oy,6,observed_seller_data,14,70,26,26,0,26,26,0,0,2,2,1.0,1.0,0.37142857142857144
same_id,Porvoon Energia Oy,6,observed_seller_data,30,70,0,0,0,0,0,0,0,0,0,,,0.0
same_id,Porvoon Energia Oy,6,observed_seller_data,45,70,0,0,0,0,0,0,0,0,0,,,0.0
same_id,Porvoon Energia Oy,6,observed_seller_data,60,70,0,0,0,0,0,0,0,0,0,,,0.0
same_id,Porvoon Energia Oy,6,observed_seller_data,90,69,0,0,0,0,0,0,0,0,0,,,0.0
same_id,Porvoon Energia Oy,12,canonical_calculation,7,126,90,90,0,90,90,0,0,6,6,1.0,1.0,0.7142857142857143
same_id,Porvoon Energia Oy,12,canonical_calculation,14,105,63,63,0,63,63,0,0,3,3,1.0,1.0,0.6
same_id,Porvoon Energia Oy,12,canonical_calculation,30,57,15,15,0,15,15,0,0,3,3,1.0,1.0,0.2631578947368421
same_id,Porvoon Energia Oy,12,canonical_calculation,45,12,0,0,0,0,0,0,0,0,0,,,0.0
same_id,Porvoon Energia Oy,12,canonical_calculation,60,0,0,0,0,0,0,0,0,0,0,,,
same_id,Porvoon Energia Oy,12,canonical_calculation,90,0,0,0,0,0,0,0,0,0,0,,,
same_id,Porvoon Energia Oy,12,observed_seller_data,7,330,129,129,0,129,129,0,0,15,15,1.0,1.0,0.39090909090909093
same_id,Porvoon Energia Oy,12,observed_seller_data,14,330,42,42,0,42,42,0,0,3,3,1.0,1.0,0.12727272727272726
same_id,Porvoon Energia Oy,12,observed_seller_data,30,330,0,0,0,0,0,0,0,0,0,,,0.0
same_id,Porvoon Energia Oy,12,observed_seller_data,45,330,0,0,0,0,0,0,0,0,0,,,0.0
same_id,Porvoon Energia Oy,12,observed_seller_data,60,297,0,0,0,0,0,0,0,0,0,,,0.0
same_id,Porvoon Energia Oy,12,observed_seller_data,90,207,0,0,0,0,0,0,0,0,0,,,0.0
same_id,Porvoon Energia Oy,24,canonical_calculation,7,132,104,104,0,104,104,0,0,3,3,1.0,1.0,0.7878787878787878
same_id,Porvoon Energia Oy,24,canonical_calculation,14,105,83,83,0,83,83,0,0,3,3,1.0,1.0,0.7904761904761904
same_id,Porvoon Energia Oy,24,canonical_calculation,30,57,35,35,0,35,35,0,0,3,3,1.0,1.0,0.6140350877192983
same_id,Porvoon Energia Oy,24,canonical_calculation,45,12,0,0,0,0,0,0,0,0,0,,,0.0
same_id,Porvoon Energia Oy,24,canonical_calculation,60,0,0,0,0,0,0,0,0,0,0,,,
same_id,Porvoon Energia Oy,24,canonical_calculation,90,0,0,0,0,0,0,0,0,0,0,,,
same_id,Porvoon Energia Oy,24,observed_seller_data,7,330,159,159,0,159,159,0,0,18,18,1.0,1.0,0.4818181818181818
same_id,Porvoon Energia Oy,24,observed_seller_data,14,330,63,63,0,63,63,0,0,6,6,1.0,1.0,0.19090909090909092
same_id,Porvoon Energia Oy,24,observed_seller_data,30,330,0,0,0,0,0,0,0,0,0,,,0.0
same_id,Porvoon Energia Oy,24,observed_seller_data,45,330,0,0,0,0,0,0,0,0,0,,,0.0
same_id,Porvoon Energia Oy,24,observed_seller_data,60,297,0,0,0,0,0,0,0,0,0,,,0.0
same_id,Porvoon Energia Oy,24,observed_seller_data,90,207,0,0,0,0,0,0,0,0,0,,,0.0
same_id,Sähkötytöt Oy,6,observed_seller_data,7,42,35,35,0,35,35,0,0,1,1,1.0,1.0,0.8333333333333334
same_id,Sähkötytöt Oy,6,observed_seller_data,14,42,28,28,0,28,28,0,0,1,1,1.0,1.0,0.6666666666666666
same_id,Sähkötytöt Oy,6,observed_seller_data,30,42,12,12,0,12,12,0,0,1,1,1.0,1.0,0.2857142857142857
same_id,Sähkötytöt Oy,6,observed_seller_data,45,42,0,0,0,0,0,0,0,0,0,,,0.0
same_id,Sähkötytöt Oy,6,observed_seller_data,60,42,0,0,0,0,0,0,0,0,0,,,0.0
same_id,Sähkötytöt Oy,6,observed_seller_data,90,42,0,0,0,0,0,0,0,0,0,,,0.0
same_id,Sähkötytöt Oy,12,observed_seller_data,7,56,49,49,0,49,49,0,0,1,1,1.0,1.0,0.875
same_id,Sähkötytöt Oy,12,observed_seller_data,14,56,42,42,0,42,42,0,0,1,1,1.0,1.0,0.75
same_id,Sähkötytöt Oy,12,observed_seller_data,30,56,26,26,0,26,26,0,0,1,1,1.0,1.0,0.4642857142857143
same_id,Sähkötytöt Oy,12,observed_seller_data,45,56,11,11,0,11,11,0,0,1,1,1.0,1.0,0.19642857142857142
same_id,Sähkötytöt Oy,12,observed_seller_data,60,56,0,0,0,0,0,0,0,0,0,,,0.0
same_id,Sähkötytöt Oy,12,observed_seller_data,90,56,0,0,0,0,0,0,0,0,0,,,0.0
same_id,Sähkötytöt Oy,24,observed_seller_data,7,51,44,44,0,44,44,0,0,1,1,1.0,1.0,0.8627450980392157
same_id,Sähkötytöt Oy,24,observed_seller_data,14,51,37,37,0,37,37,0,0,1,1,1.0,1.0,0.7254901960784313
same_id,Sähkötytöt Oy,24,observed_seller_data,30,51,21,21,0,21,21,0,0,1,1,1.0,1.0,0.4117647058823529
same_id,Sähkötytöt Oy,24,observed_seller_data,45,51,6,6,0,6,6,0,0,1,1,1.0,1.0,0.11764705882352941
same_id,Sähkötytöt Oy,24,observed_seller_data,60,51,0,0,0,0,0,0,0,0,0,,,0.0
same_id,Sähkötytöt Oy,24,observed_seller_data,90,51,0,0,0,0,0,0,0,0,0,,,0.0
same_id,Turku Energia Oy,6,canonical_calculation,7,41,24,24,0,24,24,0,0,3,3,1.0,1.0,0.5853658536585366
same_id,Turku Energia Oy,6,canonical_calculation,14,34,4,4,0,4,4,0,0,2,2,1.0,1.0,0.11764705882352941
same_id,Turku Energia Oy,6,canonical_calculation,30,18,0,0,0,0,0,0,0,0,0,,,0.0
same_id,Turku Energia Oy,6,canonical_calculation,45,3,0,0,0,0,0,0,0,0,0,,,0.0
same_id,Turku Energia Oy,6,canonical_calculation,60,0,0,0,0,0,0,0,0,0,0,,,
same_id,Turku Energia Oy,6,canonical_calculation,90,0,0,0,0,0,0,0,0,0,0,,,
same_id,Turku Energia Oy,6,observed_seller_data,7,104,62,62,0,62,62,0,0,6,6,1.0,1.0,0.5961538461538461
same_id,Turku Energia Oy,6,observed_seller_data,14,104,24,24,0,24,24,0,0,3,3,1.0,1.0,0.23076923076923078
same_id,Turku Energia Oy,6,observed_seller_data,30,104,4,4,0,4,4,0,0,1,1,1.0,1.0,0.038461538461538464
same_id,Turku Energia Oy,6,observed_seller_data,45,104,0,0,0,0,0,0,0,0,0,,,0.0
same_id,Turku Energia Oy,6,observed_seller_data,60,93,0,0,0,0,0,0,0,0,0,,,0.0
same_id,Turku Energia Oy,6,observed_seller_data,90,63,0,0,0,0,0,0,0,0,0,,,0.0
same_id,Turku Energia Oy,12,canonical_calculation,7,41,24,24,0,24,24,0,0,3,3,1.0,1.0,0.5853658536585366
same_id,Turku Energia Oy,12,canonical_calculation,14,34,8,8,0,8,8,0,0,2,2,1.0,1.0,0.23529411764705882
same_id,Turku Energia Oy,12,canonical_calculation,30,18,0,0,0,0,0,0,0,0,0,,,0.0
same_id,Turku Energia Oy,12,canonical_calculation,45,3,0,0,0,0,0,0,0,0,0,,,0.0
same_id,Turku Energia Oy,12,canonical_calculation,60,0,0,0,0,0,0,0,0,0,0,,,
same_id,Turku Energia Oy,12,canonical_calculation,90,0,0,0,0,0,0,0,0,0,0,,,
same_id,Turku Energia Oy,12,observed_seller_data,7,110,75,75,0,75,75,0,0,5,5,1.0,1.0,0.6818181818181818
same_id,Turku Energia Oy,12,observed_seller_data,14,110,44,44,0,44,44,0,0,3,3,1.0,1.0,0.4
same_id,Turku Energia Oy,12,observed_seller_data,30,110,24,24,0,24,24,0,0,1,1,1.0,1.0,0.21818181818181817
same_id,Turku Energia Oy,12,observed_seller_data,45,110,9,9,0,9,9,0,0,1,1,1.0,1.0,0.08181818181818182
same_id,Turku Energia Oy,12,observed_seller_data,60,99,0,0,0,0,0,0,0,0,0,,,0.0
same_id,Turku Energia Oy,12,observed_seller_data,90,69,0,0,0,0,0,0,0,0,0,,,0.0
same_id,Turku Energia Oy,24,canonical_calculation,7,43,14,14,0,14,14,0,0,5,5,1.0,1.0,0.32558139534883723
same_id,Turku Energia Oy,24,canonical_calculation,14,34,0,0,0,0,0,0,0,0,0,,,0.0
same_id,Turku Energia Oy,24,canonical_calculation,30,18,0,0,0,0,0,0,0,0,0,,,0.0
same_id,Turku Energia Oy,24,canonical_calculation,45,3,0,0,0,0,0,0,0,0,0,,,0.0
same_id,Turku Energia Oy,24,canonical_calculation,60,0,0,0,0,0,0,0,0,0,0,,,
same_id,Turku Energia Oy,24,canonical_calculation,90,0,0,0,0,0,0,0,0,0,0,,,
same_id,Turku Energia Oy,24,observed_seller_data,7,76,46,46,0,46,46,0,0,4,4,1.0,1.0,0.6052631578947368
same_id,Turku Energia Oy,24,observed_seller_data,14,76,22,22,0,22,22,0,0,3,3,1.0,1.0,0.2894736842105263
same_id,Turku Energia Oy,24,observed_seller_data,30,76,0,0,0,0,0,0,0,0,0,,,0.0
same_id,Turku Energia Oy,24,observed_seller_data,45,76,0,0,0,0,0,0,0,0,0,,,0.0
same_id,Turku Energia Oy,24,observed_seller_data,60,65,0,0,0,0,0,0,0,0,0,,,0.0
same_id,Turku Energia Oy,24,observed_seller_data,90,33,0,0,0,0,0,0,0,0,0,,,0.0
same_id,Vaasan Sähkö Myynti Oy,6,canonical_calculation,7,41,21,21,0,21,21,0,0,3,3,1.0,1.0,0.5121951219512195
same_id,Vaasan Sähkö Myynti Oy,6,canonical_calculation,14,34,6,6,0,6,6,0,0,1,1,1.0,1.0,0.17647058823529413
same_id,Vaasan Sähkö Myynti Oy,6,canonical_calculation,30,18,0,0,0,0,0,0,0,0,0,,,0.0
same_id,Vaasan Sähkö Myynti Oy,6,canonical_calculation,45,4,0,0,0,0,0,0,0,0,0,,,0.0
same_id,Vaasan Sähkö Myynti Oy,6,canonical_calculation,60,0,0,0,0,0,0,0,0,0,0,,,
same_id,Vaasan Sähkö Myynti Oy,6,canonical_calculation,90,0,0,0,0,0,0,0,0,0,0,,,
same_id,Vaasan Sähkö Myynti Oy,6,observed_seller_data,7,110,40,40,0,40,40,0,0,6,6,1.0,1.0,0.36363636363636365
same_id,Vaasan Sähkö Myynti Oy,6,observed_seller_data,14,110,8,8,0,8,8,0,0,1,1,1.0,1.0,0.07272727272727272
same_id,Vaasan Sähkö Myynti Oy,6,observed_seller_data,30,110,0,0,0,0,0,0,0,0,0,,,0.0
same_id,Vaasan Sähkö Myynti Oy,6,observed_seller_data,45,110,0,0,0,0,0,0,0,0,0,,,0.0
same_id,Vaasan Sähkö Myynti Oy,6,observed_seller_data,60,99,0,0,0,0,0,0,0,0,0,,,0.0
same_id,Vaasan Sähkö Myynti Oy,6,observed_seller_data,90,69,0,0,0,0,0,0,0,0,0,,,0.0
same_id,Vaasan Sähkö Myynti Oy,12,canonical_calculation,7,22,8,8,0,8,8,0,0,1,1,1.0,1.0,0.36363636363636365
same_id,Vaasan Sähkö Myynti Oy,12,canonical_calculation,14,22,1,1,0,1,1,0,0,1,1,1.0,1.0,0.045454545454545456
same_id,Vaasan Sähkö Myynti Oy,12,canonical_calculation,30,18,0,0,0,0,0,0,0,0,0,,,0.0
same_id,Vaasan Sähkö Myynti Oy,12,canonical_calculation,45,4,0,0,0,0,0,0,0,0,0,,,0.0
same_id,Vaasan Sähkö Myynti Oy,12,canonical_calculation,60,0,0,0,0,0,0,0,0,0,0,,,
same_id,Vaasan Sähkö Myynti Oy,12,canonical_calculation,90,0,0,0,0,0,0,0,0,0,0,,,
same_id,Vaasan Sähkö Myynti Oy,12,observed_seller_data,7,110,21,21,0,21,21,0,0,4,4,1.0,1.0,0.19090909090909092
same_id,Vaasan Sähkö Myynti Oy,12,observed_seller_data,14,110,2,2,0,2,2,0,0,1,1,1.0,1.0,0.01818181818181818
same_id,Vaasan Sähkö Myynti Oy,12,observed_seller_data,30,110,0,0,0,0,0,0,0,0,0,,,0.0
same_id,Vaasan Sähkö Myynti Oy,12,observed_seller_data,45,110,0,0,0,0,0,0,0,0,0,,,0.0
same_id,Vaasan Sähkö Myynti Oy,12,observed_seller_data,60,99,0,0,0,0,0,0,0,0,0,,,0.0
same_id,Vaasan Sähkö Myynti Oy,12,observed_seller_data,90,69,0,0,0,0,0,0,0,0,0,,,0.0
same_id,Vaasan Sähkö Myynti Oy,24,canonical_calculation,7,41,21,21,0,21,21,0,0,2,2,1.0,1.0,0.5121951219512195
same_id,Vaasan Sähkö Myynti Oy,24,canonical_calculation,14,34,7,7,0,7,7,0,0,2,2,1.0,1.0,0.20588235294117646
same_id,Vaasan Sähkö Myynti Oy,24,canonical_calculation,30,18,0,0,0,0,0,0,0,0,0,,,0.0
same_id,Vaasan Sähkö Myynti Oy,24,canonical_calculation,45,4,0,0,0,0,0,0,0,0,0,,,0.0
same_id,Vaasan Sähkö Myynti Oy,24,canonical_calculation,60,0,0,0,0,0,0,0,0,0,0,,,
same_id,Vaasan Sähkö Myynti Oy,24,canonical_calculation,90,0,0,0,0,0,0,0,0,0,0,,,
same_id,Vaasan Sähkö Myynti Oy,24,observed_seller_data,7,110,27,27,0,27,27,0,0,4,4,1.0,1.0,0.24545454545454545
same_id,Vaasan Sähkö Myynti Oy,24,observed_seller_data,14,110,8,8,0,8,8,0,0,1,1,1.0,1.0,0.07272727272727272
same_id,Vaasan Sähkö Myynti Oy,24,observed_seller_data,30,110,0,0,0,0,0,0,0,0,0,,,0.0
same_id,Vaasan Sähkö Myynti Oy,24,observed_seller_data,45,110,0,0,0,0,0,0,0,0,0,,,0.0
same_id,Vaasan Sähkö Myynti Oy,24,observed_seller_data,60,99,0,0,0,0,0,0,0,0,0,,,0.0
same_id,Vaasan Sähkö Myynti Oy,24,observed_seller_data,90,69,0,0,0,0,0,0,0,0,0,,,0.0
same_id,Vattenfall Oy,6,canonical_calculation,7,11,4,4,0,4,4,0,0,1,1,1.0,1.0,0.36363636363636365
same_id,Vattenfall Oy,6,canonical_calculation,14,10,0,0,0,0,0,0,0,0,0,,,0.0
same_id,Vattenfall Oy,6,canonical_calculation,30,0,0,0,0,0,0,0,0,0,0,,,
same_id,Vattenfall Oy,6,canonical_calculation,45,0,0,0,0,0,0,0,0,0,0,,,
same_id,Vattenfall Oy,6,canonical_calculation,60,0,0,0,0,0,0,0,0,0,0,,,
same_id,Vattenfall Oy,6,canonical_calculation,90,0,0,0,0,0,0,0,0,0,0,,,
same_id,Vattenfall Oy,6,observed_seller_data,7,100,58,58,0,58,58,0,0,6,6,1.0,1.0,0.58
same_id,Vattenfall Oy,6,observed_seller_data,14,100,22,22,0,22,22,0,0,4,4,1.0,1.0,0.22
same_id,Vattenfall Oy,6,observed_seller_data,30,100,0,0,0,0,0,0,0,0,0,,,0.0
same_id,Vattenfall Oy,6,observed_seller_data,45,100,0,0,0,0,0,0,0,0,0,,,0.0
same_id,Vattenfall Oy,6,observed_seller_data,60,91,0,0,0,0,0,0,0,0,0,,,0.0
same_id,Vattenfall Oy,6,observed_seller_data,90,61,0,0,0,0,0,0,0,0,0,,,0.0
same_id,Vattenfall Oy,12,canonical_calculation,7,114,51,51,0,51,51,0,0,6,6,1.0,1.0,0.4473684210526316
same_id,Vattenfall Oy,12,canonical_calculation,14,102,18,18,0,18,18,0,0,3,3,1.0,1.0,0.17647058823529413
same_id,Vattenfall Oy,12,canonical_calculation,30,54,0,0,0,0,0,0,0,0,0,,,0.0
same_id,Vattenfall Oy,12,canonical_calculation,45,12,0,0,0,0,0,0,0,0,0,,,0.0
same_id,Vattenfall Oy,12,canonical_calculation,60,0,0,0,0,0,0,0,0,0,0,,,
same_id,Vattenfall Oy,12,canonical_calculation,90,0,0,0,0,0,0,0,0,0,0,,,
same_id,Vattenfall Oy,12,observed_seller_data,7,329,193,193,0,193,193,0,0,17,17,1.0,1.0,0.5866261398176292
same_id,Vattenfall Oy,12,observed_seller_data,14,329,95,95,0,95,95,0,0,11,11,1.0,1.0,0.2887537993920973
same_id,Vattenfall Oy,12,observed_seller_data,30,329,7,7,0,7,7,0,0,1,1,1.0,1.0,0.02127659574468085
same_id,Vattenfall Oy,12,observed_seller_data,45,329,0,0,0,0,0,0,0,0,0,,,0.0
same_id,Vattenfall Oy,12,observed_seller_data,60,296,0,0,0,0,0,0,0,0,0,,,0.0
same_id,Vattenfall Oy,12,observed_seller_data,90,206,0,0,0,0,0,0,0,0,0,,,0.0
same_id,Vattenfall Oy,24,canonical_calculation,7,123,48,48,0,48,48,0,0,12,12,1.0,1.0,0.3902439024390244
same_id,Vattenfall Oy,24,canonical_calculation,14,102,6,6,0,6,6,0,0,3,3,1.0,1.0,0.058823529411764705
same_id,Vattenfall Oy,24,canonical_calculation,30,54,0,0,0,0,0,0,0,0,0,,,0.0
same_id,Vattenfall Oy,24,canonical_calculation,45,12,0,0,0,0,0,0,0,0,0,,,0.0
same_id,Vattenfall Oy,24,canonical_calculation,60,0,0,0,0,0,0,0,0,0,0,,,
same_id,Vattenfall Oy,24,canonical_calculation,90,0,0,0,0,0,0,0,0,0,0,,,
same_id,Vattenfall Oy,24,observed_seller_data,7,331,151,151,0,151,151,0,0,19,19,1.0,1.0,0.4561933534743202
same_id,Vattenfall Oy,24,observed_seller_data,14,331,39,39,0,39,39,0,0,12,12,1.0,1.0,0.11782477341389729
same_id,Vattenfall Oy,24,observed_seller_data,30,331,0,0,0,0,0,0,0,0,0,,,0.0
same_id,Vattenfall Oy,24,observed_seller_data,45,331,0,0,0,0,0,0,0,0,0,,,0.0
same_id,Vattenfall Oy,24,observed_seller_data,60,298,0,0,0,0,0,0,0,0,0,,,0.0
same_id,Vattenfall Oy,24,observed_seller_data,90,207,0,0,0,0,0,0,0,0,0,,,0.0
same_id,Vihreä Älyenergia Oy,12,canonical_calculation,7,53,39,39,0,39,39,0,0,3,3,1.0,1.0,0.7358490566037735
same_id,Vihreä Älyenergia Oy,12,canonical_calculation,14,46,24,24,0,24,24,0,0,1,1,1.0,1.0,0.5217391304347826
same_id,Vihreä Älyenergia Oy,12,canonical_calculation,30,30,8,8,0,8,8,0,0,1,1,1.0,1.0,0.26666666666666666
same_id,Vihreä Älyenergia Oy,12,canonical_calculation,45,8,0,0,0,0,0,0,0,0,0,,,0.0
same_id,Vihreä Älyenergia Oy,12,canonical_calculation,60,0,0,0,0,0,0,0,0,0,0,,,
same_id,Vihreä Älyenergia Oy,12,canonical_calculation,90,0,0,0,0,0,0,0,0,0,0,,,
same_id,Vihreä Älyenergia Oy,12,observed_seller_data,7,222,170,170,0,170,170,0,0,4,4,1.0,1.0,0.7657657657657657
same_id,Vihreä Älyenergia Oy,12,observed_seller_data,14,222,142,142,0,142,142,0,0,4,4,1.0,1.0,0.6396396396396397
same_id,Vihreä Älyenergia Oy,12,observed_seller_data,30,222,94,94,0,94,94,0,0,2,2,1.0,1.0,0.42342342342342343
same_id,Vihreä Älyenergia Oy,12,observed_seller_data,45,222,64,64,0,64,64,0,0,2,2,1.0,1.0,0.2882882882882883
same_id,Vihreä Älyenergia Oy,12,observed_seller_data,60,200,34,34,0,34,34,0,0,2,2,1.0,1.0,0.17
same_id,Vihreä Älyenergia Oy,12,observed_seller_data,90,140,0,0,0,0,0,0,0,0,0,,,0.0
same_id,Vihreä Älyenergia Oy,24,canonical_calculation,7,53,39,39,0,39,39,0,0,3,3,1.0,1.0,0.7358490566037735
same_id,Vihreä Älyenergia Oy,24,canonical_calculation,14,46,24,24,0,24,24,0,0,1,1,1.0,1.0,0.5217391304347826
same_id,Vihreä Älyenergia Oy,24,canonical_calculation,30,30,8,8,0,8,8,0,0,1,1,1.0,1.0,0.26666666666666666
same_id,Vihreä Älyenergia Oy,24,canonical_calculation,45,8,0,0,0,0,0,0,0,0,0,,,0.0
same_id,Vihreä Älyenergia Oy,24,canonical_calculation,60,0,0,0,0,0,0,0,0,0,0,,,
same_id,Vihreä Älyenergia Oy,24,canonical_calculation,90,0,0,0,0,0,0,0,0,0,0,,,
same_id,Vihreä Älyenergia Oy,24,observed_seller_data,7,220,172,172,0,172,172,0,0,4,4,1.0,1.0,0.7818181818181819
same_id,Vihreä Älyenergia Oy,24,observed_seller_data,14,220,144,144,0,144,144,0,0,4,4,1.0,1.0,0.6545454545454545
same_id,Vihreä Älyenergia Oy,24,observed_seller_data,30,220,94,94,0,94,94,0,0,2,2,1.0,1.0,0.42727272727272725
same_id,Vihreä Älyenergia Oy,24,observed_seller_data,45,220,64,64,0,64,64,0,0,2,2,1.0,1.0,0.2909090909090909
same_id,Vihreä Älyenergia Oy,24,observed_seller_data,60,198,34,34,0,34,34,0,0,2,2,1.0,1.0,0.1717171717171717
same_id,Vihreä Älyenergia Oy,24,observed_seller_data,90,138,0,0,0,0,0,0,0,0,0,,,0.0
same_id,Väre Oy,6,observed_seller_data,7,15,1,1,0,1,1,0,0,1,1,1.0,1.0,0.06666666666666667
same_id,Väre Oy,6,observed_seller_data,14,15,0,0,0,0,0,0,0,0,0,,,0.0
same_id,Väre Oy,6,observed_seller_data,30,15,0,0,0,0,0,0,0,0,0,,,0.0
same_id,Väre Oy,6,observed_seller_data,45,15,0,0,0,0,0,0,0,0,0,,,0.0
same_id,Väre Oy,6,observed_seller_data,60,15,0,0,0,0,0,0,0,0,0,,,0.0
same_id,Väre Oy,6,observed_seller_data,90,15,0,0,0,0,0,0,0,0,0,,,0.0
same_id,Väre Oy,12,observed_seller_data,7,15,1,1,0,1,1,0,0,1,1,1.0,1.0,0.06666666666666667
same_id,Väre Oy,12,observed_seller_data,14,15,0,0,0,0,0,0,0,0,0,,,0.0
same_id,Väre Oy,12,observed_seller_data,30,15,0,0,0,0,0,0,0,0,0,,,0.0
same_id,Väre Oy,12,observed_seller_data,45,15,0,0,0,0,0,0,0,0,0,,,0.0
same_id,Väre Oy,12,observed_seller_data,60,15,0,0,0,0,0,0,0,0,0,,,0.0
same_id,Väre Oy,12,observed_seller_data,90,15,0,0,0,0,0,0,0,0,0,,,0.0
same_id,Väre Oy,24,observed_seller_data,7,15,1,1,0,1,1,0,0,1,1,1.0,1.0,0.06666666666666667
same_id,Väre Oy,24,observed_seller_data,14,15,0,0,0,0,0,0,0,0,0,,,0.0
same_id,Väre Oy,24,observed_seller_data,30,15,0,0,0,0,0,0,0,0,0,,,0.0
same_id,Väre Oy,24,observed_seller_data,45,15,0,0,0,0,0,0,0,0,0,,,0.0
same_id,Väre Oy,24,observed_seller_data,60,15,0,0,0,0,0,0,0,0,0,,,0.0
same_id,Väre Oy,24,observed_seller_data,90,15,0,0,0,0,0,0,0,0,0,,,0.0
same_id,Äänekosken Energia Oy,6,canonical_calculation,7,32,14,14,0,14,14,0,0,2,2,1.0,1.0,0.4375
same_id,Äänekosken Energia Oy,6,canonical_calculation,14,32,4,4,0,4,4,0,0,1,1,1.0,1.0,0.125
same_id,Äänekosken Energia Oy,6,canonical_calculation,30,18,0,0,0,0,0,0,0,0,0,,,0.0
same_id,Äänekosken Energia Oy,6,canonical_calculation,45,4,0,0,0,0,0,0,0,0,0,,,0.0
same_id,Äänekosken Energia Oy,6,canonical_calculation,60,0,0,0,0,0,0,0,0,0,0,,,
same_id,Äänekosken Energia Oy,6,canonical_calculation,90,0,0,0,0,0,0,0,0,0,0,,,
same_id,Äänekosken Energia Oy,6,observed_seller_data,7,110,75,75,0,75,75,0,0,4,4,1.0,1.0,0.6818181818181818
same_id,Äänekosken Energia Oy,6,observed_seller_data,14,110,49,49,0,49,49,0,0,3,3,1.0,1.0,0.44545454545454544
same_id,Äänekosken Energia Oy,6,observed_seller_data,30,110,3,3,0,3,3,0,0,1,1,1.0,1.0,0.02727272727272727
same_id,Äänekosken Energia Oy,6,observed_seller_data,45,110,0,0,0,0,0,0,0,0,0,,,0.0
same_id,Äänekosken Energia Oy,6,observed_seller_data,60,99,0,0,0,0,0,0,0,0,0,,,0.0
same_id,Äänekosken Energia Oy,6,observed_seller_data,90,69,0,0,0,0,0,0,0,0,0,,,0.0
same_id,Äänekosken Energia Oy,12,canonical_calculation,7,41,33,33,0,33,33,0,0,1,1,1.0,1.0,0.8048780487804879
same_id,Äänekosken Energia Oy,12,canonical_calculation,14,34,26,26,0,26,26,0,0,1,1,1.0,1.0,0.7647058823529411
same_id,Äänekosken Energia Oy,12,canonical_calculation,30,18,10,10,0,10,10,0,0,1,1,1.0,1.0,0.5555555555555556
same_id,Äänekosken Energia Oy,12,canonical_calculation,45,4,0,0,0,0,0,0,0,0,0,,,0.0
same_id,Äänekosken Energia Oy,12,canonical_calculation,60,0,0,0,0,0,0,0,0,0,0,,,
same_id,Äänekosken Energia Oy,12,canonical_calculation,90,0,0,0,0,0,0,0,0,0,0,,,
same_id,Äänekosken Energia Oy,12,observed_seller_data,7,110,82,82,0,82,82,0,0,3,3,1.0,1.0,0.7454545454545455
same_id,Äänekosken Energia Oy,12,observed_seller_data,14,110,63,63,0,63,63,0,0,2,2,1.0,1.0,0.5727272727272728
same_id,Äänekosken Energia Oy,12,observed_seller_data,30,110,33,33,0,33,33,0,0,1,1,1.0,1.0,0.3
same_id,Äänekosken Energia Oy,12,observed_seller_data,45,110,18,18,0,18,18,0,0,1,1,1.0,1.0,0.16363636363636364
same_id,Äänekosken Energia Oy,12,observed_seller_data,60,99,3,3,0,3,3,0,0,1,1,1.0,1.0,0.030303030303030304
same_id,Äänekosken Energia Oy,12,observed_seller_data,90,69,0,0,0,0,0,0,0,0,0,,,0.0
same_id,Äänekosken Energia Oy,24,canonical_calculation,7,41,30,30,0,30,30,0,0,2,2,1.0,1.0,0.7317073170731707
same_id,Äänekosken Energia Oy,24,canonical_calculation,14,34,20,20,0,20,20,0,0,1,1,1.0,1.0,0.5882352941176471
same_id,Äänekosken Energia Oy,24,canonical_calculation,30,18,4,4,0,4,4,0,0,1,1,1.0,1.0,0.2222222222222222
same_id,Äänekosken Energia Oy,24,canonical_calculation,45,4,0,0,0,0,0,0,0,0,0,,,0.0
same_id,Äänekosken Energia Oy,24,canonical_calculation,60,0,0,0,0,0,0,0,0,0,0,,,
same_id,Äänekosken Energia Oy,24,canonical_calculation,90,0,0,0,0,0,0,0,0,0,0,,,
same_id,Äänekosken Energia Oy,24,observed_seller_data,7,110,91,91,0,91,91,0,0,2,2,1.0,1.0,0.8272727272727273
same_id,Äänekosken Energia Oy,24,observed_seller_data,14,110,77,77,0,77,77,0,0,2,2,1.0,1.0,0.7
same_id,Äänekosken Energia Oy,24,observed_seller_data,30,110,45,45,0,45,45,0,0,2,2,1.0,1.0,0.4090909090909091
same_id,Äänekosken Energia Oy,24,observed_seller_data,45,110,20,20,0,20,20,0,0,1,1,1.0,1.0,0.18181818181818182
same_id,Äänekosken Energia Oy,24,observed_seller_data,60,99,5,5,0,5,5,0,0,1,1,1.0,1.0,0.050505050505050504
same_id,Äänekosken Energia Oy,24,observed_seller_data,90,69,0,0,0,0,0,0,0,0,0,,,0.0
same_id_no_discount,Alajärven Sähkö Oy,12,canonical_calculation,7,42,35,35,0,35,35,0,0,2,2,1.0,1.0,0.8333333333333334
same_id_no_discount,ALL,ALL,ALL,7,8816,5248,5248,0,5248,5248,0,0,337,337,1.0,1.0,0.5952813067150635
same_id_no_discount,Alajärven Sähkö Oy,12,canonical_calculation,14,35,24,24,0,24,24,0,0,1,1,1.0,1.0,0.6857142857142857
same_id_no_discount,ALL,ALL,ALL,14,8453,3348,3348,0,3348,3348,0,0,193,193,1.0,1.0,0.39607240033124336
same_id_no_discount,Alajärven Sähkö Oy,12,canonical_calculation,30,19,8,8,0,8,8,0,0,1,1,1.0,1.0,0.42105263157894735
same_id_no_discount,ALL,ALL,ALL,30,7625,1310,1310,0,1310,1310,0,0,66,66,1.0,1.0,0.1718032786885246
same_id_no_discount,Alajärven Sähkö Oy,12,canonical_calculation,45,4,0,0,0,0,0,0,0,0,0,,,0.0
same_id_no_discount,ALL,ALL,ALL,45,6875,591,591,0,591,591,0,0,30,30,1.0,1.0,0.08596363636363637
same_id_no_discount,Alajärven Sähkö Oy,12,canonical_calculation,60,0,0,0,0,0,0,0,0,0,0,,,
same_id_no_discount,ALL,ALL,ALL,60,6052,236,236,0,236,236,0,0,18,18,1.0,1.0,0.038995373430270985
same_id_no_discount,Alajärven Sähkö Oy,12,canonical_calculation,90,0,0,0,0,0,0,0,0,0,0,,,
same_id_no_discount,ALL,ALL,ALL,90,4283,20,20,0,20,20,0,0,3,3,1.0,1.0,0.0046696240952603316
same_id_no_discount,Alajärven Sähkö Oy,12,observed_seller_data,7,110,99,99,0,99,99,0,0,1,1,1.0,1.0,0.9
same_id_no_discount,Alajärven Sähkö Oy,12,observed_seller_data,14,110,92,92,0,92,92,0,0,1,1,1.0,1.0,0.8363636363636363
same_id_no_discount,Alajärven Sähkö Oy,12,observed_seller_data,30,110,76,76,0,76,76,0,0,1,1,1.0,1.0,0.6909090909090909
same_id_no_discount,Alajärven Sähkö Oy,12,observed_seller_data,45,110,61,61,0,61,61,0,0,1,1,1.0,1.0,0.5545454545454546
same_id_no_discount,Alajärven Sähkö Oy,12,observed_seller_data,60,99,46,46,0,46,46,0,0,1,1,1.0,1.0,0.46464646464646464
same_id_no_discount,Alajärven Sähkö Oy,12,observed_seller_data,90,69,16,16,0,16,16,0,0,1,1,1.0,1.0,0.2318840579710145
same_id_no_discount,Alajärven Sähkö Oy,24,canonical_calculation,7,42,35,35,0,35,35,0,0,2,2,1.0,1.0,0.8333333333333334
same_id_no_discount,Alajärven Sähkö Oy,24,canonical_calculation,14,35,24,24,0,24,24,0,0,1,1,1.0,1.0,0.6857142857142857
same_id_no_discount,Alajärven Sähkö Oy,24,canonical_calculation,30,19,8,8,0,8,8,0,0,1,1,1.0,1.0,0.42105263157894735
same_id_no_discount,Alajärven Sähkö Oy,24,canonical_calculation,45,4,0,0,0,0,0,0,0,0,0,,,0.0
same_id_no_discount,Alajärven Sähkö Oy,24,canonical_calculation,60,0,0,0,0,0,0,0,0,0,0,,,
same_id_no_discount,Alajärven Sähkö Oy,24,canonical_calculation,90,0,0,0,0,0,0,0,0,0,0,,,
same_id_no_discount,Alajärven Sähkö Oy,24,observed_seller_data,7,110,92,92,0,92,92,0,0,2,2,1.0,1.0,0.8363636363636363
same_id_no_discount,Alajärven Sähkö Oy,24,observed_seller_data,14,110,78,78,0,78,78,0,0,2,2,1.0,1.0,0.7090909090909091
same_id_no_discount,Alajärven Sähkö Oy,24,observed_seller_data,30,110,46,46,0,46,46,0,0,2,2,1.0,1.0,0.41818181818181815
same_id_no_discount,Alajärven Sähkö Oy,24,observed_seller_data,45,110,16,16,0,16,16,0,0,2,2,1.0,1.0,0.14545454545454545
same_id_no_discount,Alajärven Sähkö Oy,24,observed_seller_data,60,99,0,0,0,0,0,0,0,0,0,,,0.0
same_id_no_discount,Alajärven Sähkö Oy,24,observed_seller_data,90,69,0,0,0,0,0,0,0,0,0,,,0.0
same_id_no_discount,Cheap Energy Finland Oy,6,observed_seller_data,7,33,23,23,0,23,23,0,0,1,1,1.0,1.0,0.696969696969697
same_id_no_discount,Cheap Energy Finland Oy,6,observed_seller_data,14,33,16,16,0,16,16,0,0,1,1,1.0,1.0,0.48484848484848486
same_id_no_discount,Cheap Energy Finland Oy,6,observed_seller_data,30,33,0,0,0,0,0,0,0,0,0,,,0.0
same_id_no_discount,Cheap Energy Finland Oy,6,observed_seller_data,45,33,0,0,0,0,0,0,0,0,0,,,0.0
same_id_no_discount,Cheap Energy Finland Oy,6,observed_seller_data,60,33,0,0,0,0,0,0,0,0,0,,,0.0
same_id_no_discount,Cheap Energy Finland Oy,6,observed_seller_data,90,33,0,0,0,0,0,0,0,0,0,,,0.0
same_id_no_discount,Cheap Energy Finland Oy,12,canonical_calculation,7,4,2,2,0,2,2,0,0,1,1,1.0,1.0,0.5
same_id_no_discount,Cheap Energy Finland Oy,12,canonical_calculation,14,0,0,0,0,0,0,0,0,0,0,,,
same_id_no_discount,Cheap Energy Finland Oy,12,canonical_calculation,30,0,0,0,0,0,0,0,0,0,0,,,
same_id_no_discount,Cheap Energy Finland Oy,12,canonical_calculation,45,0,0,0,0,0,0,0,0,0,0,,,
same_id_no_discount,Cheap Energy Finland Oy,12,canonical_calculation,60,0,0,0,0,0,0,0,0,0,0,,,
same_id_no_discount,Cheap Energy Finland Oy,12,canonical_calculation,90,0,0,0,0,0,0,0,0,0,0,,,
same_id_no_discount,Cheap Energy Finland Oy,24,canonical_calculation,7,0,0,0,0,0,0,0,0,0,0,,,
same_id_no_discount,Cheap Energy Finland Oy,24,canonical_calculation,14,0,0,0,0,0,0,0,0,0,0,,,
same_id_no_discount,Cheap Energy Finland Oy,24,canonical_calculation,30,0,0,0,0,0,0,0,0,0,0,,,
same_id_no_discount,Cheap Energy Finland Oy,24,canonical_calculation,45,0,0,0,0,0,0,0,0,0,0,,,
same_id_no_discount,Cheap Energy Finland Oy,24,canonical_calculation,60,0,0,0,0,0,0,0,0,0,0,,,
same_id_no_discount,Cheap Energy Finland Oy,24,canonical_calculation,90,0,0,0,0,0,0,0,0,0,0,,,
same_id_no_discount,Fortum Markets Oy,24,canonical_calculation,7,42,42,42,0,42,42,0,0,1,1,1.0,1.0,1.0
same_id_no_discount,Fortum Markets Oy,24,canonical_calculation,14,35,35,35,0,35,35,0,0,1,1,1.0,1.0,1.0
same_id_no_discount,Fortum Markets Oy,24,canonical_calculation,30,19,19,19,0,19,19,0,0,1,1,1.0,1.0,1.0
same_id_no_discount,Fortum Markets Oy,24,canonical_calculation,45,4,4,4,0,4,4,0,0,1,1,1.0,1.0,1.0
same_id_no_discount,Fortum Markets Oy,24,canonical_calculation,60,0,0,0,0,0,0,0,0,0,0,,,
same_id_no_discount,Fortum Markets Oy,24,canonical_calculation,90,0,0,0,0,0,0,0,0,0,0,,,
same_id_no_discount,Fortum Markets Oy,24,observed_seller_data,7,75,24,24,0,24,24,0,0,1,1,1.0,1.0,0.32
same_id_no_discount,Fortum Markets Oy,24,observed_seller_data,14,75,17,17,0,17,17,0,0,1,1,1.0,1.0,0.22666666666666666
same_id_no_discount,Fortum Markets Oy,24,observed_seller_data,30,75,1,1,0,1,1,0,0,1,1,1.0,1.0,0.013333333333333334
same_id_no_discount,Fortum Markets Oy,24,observed_seller_data,45,75,0,0,0,0,0,0,0,0,0,,,0.0
same_id_no_discount,Fortum Markets Oy,24,observed_seller_data,60,59,0,0,0,0,0,0,0,0,0,,,0.0
same_id_no_discount,Fortum Markets Oy,24,observed_seller_data,90,12,0,0,0,0,0,0,0,0,0,,,0.0
same_id_no_discount,Hehku Energia Oy,6,observed_seller_data,7,63,36,36,0,36,36,0,0,3,3,1.0,1.0,0.5714285714285714
same_id_no_discount,Hehku Energia Oy,6,observed_seller_data,14,63,20,20,0,20,20,0,0,2,2,1.0,1.0,0.31746031746031744
same_id_no_discount,Hehku Energia Oy,6,observed_seller_data,30,63,0,0,0,0,0,0,0,0,0,,,0.0
same_id_no_discount,Hehku Energia Oy,6,observed_seller_data,45,63,0,0,0,0,0,0,0,0,0,,,0.0
same_id_no_discount,Hehku Energia Oy,6,observed_seller_data,60,63,0,0,0,0,0,0,0,0,0,,,0.0
same_id_no_discount,Hehku Energia Oy,6,observed_seller_data,90,63,0,0,0,0,0,0,0,0,0,,,0.0
same_id_no_discount,Hehku Energia Oy,24,canonical_calculation,7,0,0,0,0,0,0,0,0,0,0,,,
same_id_no_discount,Hehku Energia Oy,24,canonical_calculation,14,0,0,0,0,0,0,0,0,0,0,,,
same_id_no_discount,Hehku Energia Oy,24,canonical_calculation,30,0,0,0,0,0,0,0,0,0,0,,,
same_id_no_discount,Hehku Energia Oy,24,canonical_calculation,45,0,0,0,0,0,0,0,0,0,0,,,
same_id_no_discount,Hehku Energia Oy,24,canonical_calculation,60,0,0,0,0,0,0,0,0,0,0,,,
same_id_no_discount,Hehku Energia Oy,24,canonical_calculation,90,0,0,0,0,0,0,0,0,0,0,,,
same_id_no_discount,Helen Oy,6,canonical_calculation,7,40,0,0,0,0,0,0,0,0,0,,,0.0
same_id_no_discount,Helen Oy,6,canonical_calculation,14,33,0,0,0,0,0,0,0,0,0,,,0.0
same_id_no_discount,Helen Oy,6,canonical_calculation,30,17,0,0,0,0,0,0,0,0,0,,,0.0
same_id_no_discount,Helen Oy,6,canonical_calculation,45,3,0,0,0,0,0,0,0,0,0,,,0.0
same_id_no_discount,Helen Oy,6,canonical_calculation,60,0,0,0,0,0,0,0,0,0,0,,,
same_id_no_discount,Helen Oy,6,canonical_calculation,90,0,0,0,0,0,0,0,0,0,0,,,
same_id_no_discount,Helen Oy,6,observed_seller_data,7,110,11,11,0,11,11,0,0,3,3,1.0,1.0,0.1
same_id_no_discount,Helen Oy,6,observed_seller_data,14,110,0,0,0,0,0,0,0,0,0,,,0.0
same_id_no_discount,Helen Oy,6,observed_seller_data,30,110,0,0,0,0,0,0,0,0,0,,,0.0
same_id_no_discount,Helen Oy,6,observed_seller_data,45,110,0,0,0,0,0,0,0,0,0,,,0.0
same_id_no_discount,Helen Oy,6,observed_seller_data,60,99,0,0,0,0,0,0,0,0,0,,,0.0
same_id_no_discount,Helen Oy,6,observed_seller_data,90,69,0,0,0,0,0,0,0,0,0,,,0.0
same_id_no_discount,Helen Oy,12,canonical_calculation,7,40,0,0,0,0,0,0,0,0,0,,,0.0
same_id_no_discount,Helen Oy,12,canonical_calculation,14,33,0,0,0,0,0,0,0,0,0,,,0.0
same_id_no_discount,Helen Oy,12,canonical_calculation,30,17,0,0,0,0,0,0,0,0,0,,,0.0
same_id_no_discount,Helen Oy,12,canonical_calculation,45,3,0,0,0,0,0,0,0,0,0,,,0.0
same_id_no_discount,Helen Oy,12,canonical_calculation,60,0,0,0,0,0,0,0,0,0,0,,,
same_id_no_discount,Helen Oy,12,canonical_calculation,90,0,0,0,0,0,0,0,0,0,0,,,
same_id_no_discount,Helen Oy,12,observed_seller_data,7,110,25,25,0,25,25,0,0,3,3,1.0,1.0,0.22727272727272727
same_id_no_discount,Helen Oy,12,observed_seller_data,14,110,10,10,0,10,10,0,0,1,1,1.0,1.0,0.09090909090909091
same_id_no_discount,Helen Oy,12,observed_seller_data,30,110,0,0,0,0,0,0,0,0,0,,,0.0
same_id_no_discount,Helen Oy,12,observed_seller_data,45,110,0,0,0,0,0,0,0,0,0,,,0.0
same_id_no_discount,Helen Oy,12,observed_seller_data,60,99,0,0,0,0,0,0,0,0,0,,,0.0
same_id_no_discount,Helen Oy,12,observed_seller_data,90,69,0,0,0,0,0,0,0,0,0,,,0.0
same_id_no_discount,Helen Oy,24,canonical_calculation,7,40,7,7,0,7,7,0,0,1,1,1.0,1.0,0.175
same_id_no_discount,Helen Oy,24,canonical_calculation,14,33,0,0,0,0,0,0,0,0,0,,,0.0
same_id_no_discount,Helen Oy,24,canonical_calculation,30,17,0,0,0,0,0,0,0,0,0,,,0.0
same_id_no_discount,Helen Oy,24,canonical_calculation,45,3,0,0,0,0,0,0,0,0,0,,,0.0
same_id_no_discount,Helen Oy,24,canonical_calculation,60,0,0,0,0,0,0,0,0,0,0,,,
same_id_no_discount,Helen Oy,24,canonical_calculation,90,0,0,0,0,0,0,0,0,0,0,,,
same_id_no_discount,Helen Oy,24,observed_seller_data,7,110,18,18,0,18,18,0,0,4,4,1.0,1.0,0.16363636363636364
same_id_no_discount,Helen Oy,24,observed_seller_data,14,110,0,0,0,0,0,0,0,0,0,,,0.0
same_id_no_discount,Helen Oy,24,observed_seller_data,30,110,0,0,0,0,0,0,0,0,0,,,0.0
same_id_no_discount,Helen Oy,24,observed_seller_data,45,110,0,0,0,0,0,0,0,0,0,,,0.0
same_id_no_discount,Helen Oy,24,observed_seller_data,60,99,0,0,0,0,0,0,0,0,0,,,0.0
same_id_no_discount,Helen Oy,24,observed_seller_data,90,69,0,0,0,0,0,0,0,0,0,,,0.0
same_id_no_discount,Imatran Seudun Sähkö Oy,6,canonical_calculation,7,41,1,1,0,1,1,0,0,1,1,1.0,1.0,0.024390243902439025
same_id_no_discount,Imatran Seudun Sähkö Oy,6,canonical_calculation,14,34,0,0,0,0,0,0,0,0,0,,,0.0
same_id_no_discount,Imatran Seudun Sähkö Oy,6,canonical_calculation,30,18,0,0,0,0,0,0,0,0,0,,,0.0
same_id_no_discount,Imatran Seudun Sähkö Oy,6,canonical_calculation,45,3,0,0,0,0,0,0,0,0,0,,,0.0
same_id_no_discount,Imatran Seudun Sähkö Oy,6,canonical_calculation,60,0,0,0,0,0,0,0,0,0,0,,,
same_id_no_discount,Imatran Seudun Sähkö Oy,6,canonical_calculation,90,0,0,0,0,0,0,0,0,0,0,,,
same_id_no_discount,Imatran Seudun Sähkö Oy,6,observed_seller_data,7,110,51,51,0,51,51,0,0,6,6,1.0,1.0,0.4636363636363636
same_id_no_discount,Imatran Seudun Sähkö Oy,6,observed_seller_data,14,110,22,22,0,22,22,0,0,3,3,1.0,1.0,0.2
same_id_no_discount,Imatran Seudun Sähkö Oy,6,observed_seller_data,30,110,0,0,0,0,0,0,0,0,0,,,0.0
same_id_no_discount,Imatran Seudun Sähkö Oy,6,observed_seller_data,45,110,0,0,0,0,0,0,0,0,0,,,0.0
same_id_no_discount,Imatran Seudun Sähkö Oy,6,observed_seller_data,60,99,0,0,0,0,0,0,0,0,0,,,0.0
same_id_no_discount,Imatran Seudun Sähkö Oy,6,observed_seller_data,90,69,0,0,0,0,0,0,0,0,0,,,0.0
same_id_no_discount,Imatran Seudun Sähkö Oy,12,canonical_calculation,7,42,10,10,0,10,10,0,0,4,4,1.0,1.0,0.23809523809523808
same_id_no_discount,Imatran Seudun Sähkö Oy,12,canonical_calculation,14,35,0,0,0,0,0,0,0,0,0,,,0.0
same_id_no_discount,Imatran Seudun Sähkö Oy,12,canonical_calculation,30,19,0,0,0,0,0,0,0,0,0,,,0.0
same_id_no_discount,Imatran Seudun Sähkö Oy,12,canonical_calculation,45,4,0,0,0,0,0,0,0,0,0,,,0.0
same_id_no_discount,Imatran Seudun Sähkö Oy,12,canonical_calculation,60,0,0,0,0,0,0,0,0,0,0,,,
same_id_no_discount,Imatran Seudun Sähkö Oy,12,canonical_calculation,90,0,0,0,0,0,0,0,0,0,0,,,
same_id_no_discount,Imatran Seudun Sähkö Oy,12,observed_seller_data,7,110,43,43,0,43,43,0,0,6,6,1.0,1.0,0.39090909090909093
same_id_no_discount,Imatran Seudun Sähkö Oy,12,observed_seller_data,14,110,9,9,0,9,9,0,0,3,3,1.0,1.0,0.08181818181818182
same_id_no_discount,Imatran Seudun Sähkö Oy,12,observed_seller_data,30,110,0,0,0,0,0,0,0,0,0,,,0.0
same_id_no_discount,Imatran Seudun Sähkö Oy,12,observed_seller_data,45,110,0,0,0,0,0,0,0,0,0,,,0.0
same_id_no_discount,Imatran Seudun Sähkö Oy,12,observed_seller_data,60,99,0,0,0,0,0,0,0,0,0,,,0.0
same_id_no_discount,Imatran Seudun Sähkö Oy,12,observed_seller_data,90,69,0,0,0,0,0,0,0,0,0,,,0.0
same_id_no_discount,Imatran Seudun Sähkö Oy,24,canonical_calculation,7,41,7,7,0,7,7,0,0,2,2,1.0,1.0,0.17073170731707318
same_id_no_discount,Imatran Seudun Sähkö Oy,24,canonical_calculation,14,34,0,0,0,0,0,0,0,0,0,,,0.0
same_id_no_discount,Imatran Seudun Sähkö Oy,24,canonical_calculation,30,18,0,0,0,0,0,0,0,0,0,,,0.0
same_id_no_discount,Imatran Seudun Sähkö Oy,24,canonical_calculation,45,3,0,0,0,0,0,0,0,0,0,,,0.0
same_id_no_discount,Imatran Seudun Sähkö Oy,24,canonical_calculation,60,0,0,0,0,0,0,0,0,0,0,,,
same_id_no_discount,Imatran Seudun Sähkö Oy,24,canonical_calculation,90,0,0,0,0,0,0,0,0,0,0,,,
same_id_no_discount,Imatran Seudun Sähkö Oy,24,observed_seller_data,7,114,50,50,0,50,50,0,0,5,5,1.0,1.0,0.43859649122807015
same_id_no_discount,Imatran Seudun Sähkö Oy,24,observed_seller_data,14,114,15,15,0,15,15,0,0,4,4,1.0,1.0,0.13157894736842105
same_id_no_discount,Imatran Seudun Sähkö Oy,24,observed_seller_data,30,114,0,0,0,0,0,0,0,0,0,,,0.0
same_id_no_discount,Imatran Seudun Sähkö Oy,24,observed_seller_data,45,114,0,0,0,0,0,0,0,0,0,,,0.0
same_id_no_discount,Imatran Seudun Sähkö Oy,24,observed_seller_data,60,103,0,0,0,0,0,0,0,0,0,,,0.0
same_id_no_discount,Imatran Seudun Sähkö Oy,24,observed_seller_data,90,69,0,0,0,0,0,0,0,0,0,,,0.0
same_id_no_discount,Keravan Energia Oy,6,canonical_calculation,7,41,22,22,0,22,22,0,0,1,1,1.0,1.0,0.5365853658536586
same_id_no_discount,Keravan Energia Oy,6,canonical_calculation,14,34,15,15,0,15,15,0,0,1,1,1.0,1.0,0.4411764705882353
same_id_no_discount,Keravan Energia Oy,6,canonical_calculation,30,18,0,0,0,0,0,0,0,0,0,,,0.0
same_id_no_discount,Keravan Energia Oy,6,canonical_calculation,45,4,0,0,0,0,0,0,0,0,0,,,0.0
same_id_no_discount,Keravan Energia Oy,6,canonical_calculation,60,0,0,0,0,0,0,0,0,0,0,,,
same_id_no_discount,Keravan Energia Oy,6,canonical_calculation,90,0,0,0,0,0,0,0,0,0,0,,,
same_id_no_discount,Keravan Energia Oy,6,observed_seller_data,7,110,58,58,0,58,58,0,0,3,3,1.0,1.0,0.5272727272727272
same_id_no_discount,Keravan Energia Oy,6,observed_seller_data,14,110,37,37,0,37,37,0,0,3,3,1.0,1.0,0.33636363636363636
same_id_no_discount,Keravan Energia Oy,6,observed_seller_data,30,110,5,5,0,5,5,0,0,1,1,1.0,1.0,0.045454545454545456
same_id_no_discount,Keravan Energia Oy,6,observed_seller_data,45,110,0,0,0,0,0,0,0,0,0,,,0.0
same_id_no_discount,Keravan Energia Oy,6,observed_seller_data,60,99,0,0,0,0,0,0,0,0,0,,,0.0
same_id_no_discount,Keravan Energia Oy,6,observed_seller_data,90,69,0,0,0,0,0,0,0,0,0,,,0.0
same_id_no_discount,Keravan Energia Oy,12,canonical_calculation,7,83,46,46,0,46,46,0,0,3,3,1.0,1.0,0.5542168674698795
same_id_no_discount,Keravan Energia Oy,12,canonical_calculation,14,69,30,30,0,30,30,0,0,2,2,1.0,1.0,0.43478260869565216
same_id_no_discount,Keravan Energia Oy,12,canonical_calculation,30,37,0,0,0,0,0,0,0,0,0,,,0.0
same_id_no_discount,Keravan Energia Oy,12,canonical_calculation,45,7,0,0,0,0,0,0,0,0,0,,,0.0
same_id_no_discount,Keravan Energia Oy,12,canonical_calculation,60,0,0,0,0,0,0,0,0,0,0,,,
same_id_no_discount,Keravan Energia Oy,12,canonical_calculation,90,0,0,0,0,0,0,0,0,0,0,,,
same_id_no_discount,Keravan Energia Oy,12,observed_seller_data,7,296,206,206,0,206,206,0,0,9,9,1.0,1.0,0.6959459459459459
same_id_no_discount,Keravan Energia Oy,12,observed_seller_data,14,296,147,147,0,147,147,0,0,7,7,1.0,1.0,0.4966216216216216
same_id_no_discount,Keravan Energia Oy,12,observed_seller_data,30,296,51,51,0,51,51,0,0,2,2,1.0,1.0,0.17229729729729729
same_id_no_discount,Keravan Energia Oy,12,observed_seller_data,45,296,31,31,0,31,31,0,0,1,1,1.0,1.0,0.10472972972972973
same_id_no_discount,Keravan Energia Oy,12,observed_seller_data,60,274,16,16,0,16,16,0,0,1,1,1.0,1.0,0.058394160583941604
same_id_no_discount,Keravan Energia Oy,12,observed_seller_data,90,207,0,0,0,0,0,0,0,0,0,,,0.0
same_id_no_discount,Keravan Energia Oy,24,canonical_calculation,7,80,32,32,0,32,32,0,0,4,4,1.0,1.0,0.4
same_id_no_discount,Keravan Energia Oy,24,canonical_calculation,14,66,6,6,0,6,6,0,0,2,2,1.0,1.0,0.09090909090909091
same_id_no_discount,Keravan Energia Oy,24,canonical_calculation,30,34,0,0,0,0,0,0,0,0,0,,,0.0
same_id_no_discount,Keravan Energia Oy,24,canonical_calculation,45,6,0,0,0,0,0,0,0,0,0,,,0.0
same_id_no_discount,Keravan Energia Oy,24,canonical_calculation,60,0,0,0,0,0,0,0,0,0,0,,,
same_id_no_discount,Keravan Energia Oy,24,canonical_calculation,90,0,0,0,0,0,0,0,0,0,0,,,
same_id_no_discount,Keravan Energia Oy,24,observed_seller_data,7,220,143,143,0,143,143,0,0,10,10,1.0,1.0,0.65
same_id_no_discount,Keravan Energia Oy,24,observed_seller_data,14,220,85,85,0,85,85,0,0,6,6,1.0,1.0,0.38636363636363635
same_id_no_discount,Keravan Energia Oy,24,observed_seller_data,30,220,0,0,0,0,0,0,0,0,0,,,0.0
same_id_no_discount,Keravan Energia Oy,24,observed_seller_data,45,220,0,0,0,0,0,0,0,0,0,,,0.0
same_id_no_discount,Keravan Energia Oy,24,observed_seller_data,60,198,0,0,0,0,0,0,0,0,0,,,0.0
same_id_no_discount,Keravan Energia Oy,24,observed_seller_data,90,138,0,0,0,0,0,0,0,0,0,,,0.0
same_id_no_discount,Kokkolan Energia Oy,6,canonical_calculation,7,42,4,4,0,4,4,0,0,2,2,1.0,1.0,0.09523809523809523
same_id_no_discount,Kokkolan Energia Oy,6,canonical_calculation,14,35,0,0,0,0,0,0,0,0,0,,,0.0
same_id_no_discount,Kokkolan Energia Oy,6,canonical_calculation,30,19,0,0,0,0,0,0,0,0,0,,,0.0
same_id_no_discount,Kokkolan Energia Oy,6,canonical_calculation,45,4,0,0,0,0,0,0,0,0,0,,,0.0
same_id_no_discount,Kokkolan Energia Oy,6,canonical_calculation,60,0,0,0,0,0,0,0,0,0,0,,,
same_id_no_discount,Kokkolan Energia Oy,6,canonical_calculation,90,0,0,0,0,0,0,0,0,0,0,,,
same_id_no_discount,Kokkolan Energia Oy,6,observed_seller_data,7,191,132,132,0,132,132,0,0,7,7,1.0,1.0,0.6910994764397905
same_id_no_discount,Kokkolan Energia Oy,6,observed_seller_data,14,191,83,83,0,83,83,0,0,7,7,1.0,1.0,0.43455497382198954
same_id_no_discount,Kokkolan Energia Oy,6,observed_seller_data,30,191,32,32,0,32,32,0,0,2,2,1.0,1.0,0.16753926701570682
same_id_no_discount,Kokkolan Energia Oy,6,observed_seller_data,45,191,2,2,0,2,2,0,0,2,2,1.0,1.0,0.010471204188481676
same_id_no_discount,Kokkolan Energia Oy,6,observed_seller_data,60,171,0,0,0,0,0,0,0,0,0,,,0.0
same_id_no_discount,Kokkolan Energia Oy,6,observed_seller_data,90,111,0,0,0,0,0,0,0,0,0,,,0.0
same_id_no_discount,Kokkolan Energia Oy,12,canonical_calculation,7,42,22,22,0,22,22,0,0,2,2,1.0,1.0,0.5238095238095238
same_id_no_discount,Kokkolan Energia Oy,12,canonical_calculation,14,35,8,8,0,8,8,0,0,2,2,1.0,1.0,0.22857142857142856
same_id_no_discount,Kokkolan Energia Oy,12,canonical_calculation,30,19,0,0,0,0,0,0,0,0,0,,,0.0
same_id_no_discount,Kokkolan Energia Oy,12,canonical_calculation,45,4,0,0,0,0,0,0,0,0,0,,,0.0
same_id_no_discount,Kokkolan Energia Oy,12,canonical_calculation,60,0,0,0,0,0,0,0,0,0,0,,,
same_id_no_discount,Kokkolan Energia Oy,12,canonical_calculation,90,0,0,0,0,0,0,0,0,0,0,,,
same_id_no_discount,Kokkolan Energia Oy,12,observed_seller_data,7,110,83,83,0,83,83,0,0,3,3,1.0,1.0,0.7545454545454545
same_id_no_discount,Kokkolan Energia Oy,12,observed_seller_data,14,110,62,62,0,62,62,0,0,3,3,1.0,1.0,0.5636363636363636
same_id_no_discount,Kokkolan Energia Oy,12,observed_seller_data,30,110,31,31,0,31,31,0,0,1,1,1.0,1.0,0.2818181818181818
same_id_no_discount,Kokkolan Energia Oy,12,observed_seller_data,45,110,16,16,0,16,16,0,0,1,1,1.0,1.0,0.14545454545454545
same_id_no_discount,Kokkolan Energia Oy,12,observed_seller_data,60,99,1,1,0,1,1,0,0,1,1,1.0,1.0,0.010101010101010102
same_id_no_discount,Kokkolan Energia Oy,12,observed_seller_data,90,69,0,0,0,0,0,0,0,0,0,,,0.0
same_id_no_discount,Kokkolan Energia Oy,24,canonical_calculation,7,42,29,29,0,29,29,0,0,1,1,1.0,1.0,0.6904761904761905
same_id_no_discount,Kokkolan Energia Oy,24,canonical_calculation,14,35,22,22,0,22,22,0,0,1,1,1.0,1.0,0.6285714285714286
same_id_no_discount,Kokkolan Energia Oy,24,canonical_calculation,30,19,6,6,0,6,6,0,0,1,1,1.0,1.0,0.3157894736842105
same_id_no_discount,Kokkolan Energia Oy,24,canonical_calculation,45,4,0,0,0,0,0,0,0,0,0,,,0.0
same_id_no_discount,Kokkolan Energia Oy,24,canonical_calculation,60,0,0,0,0,0,0,0,0,0,0,,,
same_id_no_discount,Kokkolan Energia Oy,24,canonical_calculation,90,0,0,0,0,0,0,0,0,0,0,,,
same_id_no_discount,Kokkolan Energia Oy,24,observed_seller_data,7,110,70,70,0,70,70,0,0,4,4,1.0,1.0,0.6363636363636364
same_id_no_discount,Kokkolan Energia Oy,24,observed_seller_data,14,110,42,42,0,42,42,0,0,4,4,1.0,1.0,0.38181818181818183
same_id_no_discount,Kokkolan Energia Oy,24,observed_seller_data,30,110,13,13,0,13,13,0,0,1,1,1.0,1.0,0.11818181818181818
same_id_no_discount,Kokkolan Energia Oy,24,observed_seller_data,45,110,0,0,0,0,0,0,0,0,0,,,0.0
same_id_no_discount,Kokkolan Energia Oy,24,observed_seller_data,60,99,0,0,0,0,0,0,0,0,0,,,0.0
same_id_no_discount,Kokkolan Energia Oy,24,observed_seller_data,90,69,0,0,0,0,0,0,0,0,0,,,0.0
same_id_no_discount,Korpelan Energia Oy,12,canonical_calculation,7,41,23,23,0,23,23,0,0,2,2,1.0,1.0,0.5609756097560976
same_id_no_discount,Korpelan Energia Oy,12,canonical_calculation,14,34,15,15,0,15,15,0,0,1,1,1.0,1.0,0.4411764705882353
same_id_no_discount,Korpelan Energia Oy,12,canonical_calculation,30,18,0,0,0,0,0,0,0,0,0,,,0.0
same_id_no_discount,Korpelan Energia Oy,12,canonical_calculation,45,4,0,0,0,0,0,0,0,0,0,,,0.0
same_id_no_discount,Korpelan Energia Oy,12,canonical_calculation,60,0,0,0,0,0,0,0,0,0,0,,,
same_id_no_discount,Korpelan Energia Oy,12,canonical_calculation,90,0,0,0,0,0,0,0,0,0,0,,,
same_id_no_discount,Korpelan Energia Oy,12,observed_seller_data,7,110,77,77,0,77,77,0,0,3,3,1.0,1.0,0.7
same_id_no_discount,Korpelan Energia Oy,12,observed_seller_data,14,110,56,56,0,56,56,0,0,3,3,1.0,1.0,0.509090909090909
same_id_no_discount,Korpelan Energia Oy,12,observed_seller_data,30,110,32,32,0,32,32,0,0,1,1,1.0,1.0,0.2909090909090909
same_id_no_discount,Korpelan Energia Oy,12,observed_seller_data,45,110,17,17,0,17,17,0,0,1,1,1.0,1.0,0.15454545454545454
same_id_no_discount,Korpelan Energia Oy,12,observed_seller_data,60,99,2,2,0,2,2,0,0,1,1,1.0,1.0,0.020202020202020204
same_id_no_discount,Korpelan Energia Oy,12,observed_seller_data,90,69,0,0,0,0,0,0,0,0,0,,,0.0
same_id_no_discount,Korpelan Energia Oy,24,canonical_calculation,7,6,2,2,0,2,2,0,0,1,1,1.0,1.0,0.3333333333333333
same_id_no_discount,Korpelan Energia Oy,24,canonical_calculation,14,0,0,0,0,0,0,0,0,0,0,,,
same_id_no_discount,Korpelan Energia Oy,24,canonical_calculation,30,0,0,0,0,0,0,0,0,0,0,,,
same_id_no_discount,Korpelan Energia Oy,24,canonical_calculation,45,0,0,0,0,0,0,0,0,0,0,,,
same_id_no_discount,Korpelan Energia Oy,24,canonical_calculation,60,0,0,0,0,0,0,0,0,0,0,,,
same_id_no_discount,Korpelan Energia Oy,24,canonical_calculation,90,0,0,0,0,0,0,0,0,0,0,,,
same_id_no_discount,Köyliön-Säkylän Sähkö Oy,12,canonical_calculation,7,42,33,33,0,33,33,0,0,2,2,1.0,1.0,0.7857142857142857
same_id_no_discount,Köyliön-Säkylän Sähkö Oy,12,canonical_calculation,14,35,21,21,0,21,21,0,0,1,1,1.0,1.0,0.6
same_id_no_discount,Köyliön-Säkylän Sähkö Oy,12,canonical_calculation,30,19,5,5,0,5,5,0,0,1,1,1.0,1.0,0.2631578947368421
same_id_no_discount,Köyliön-Säkylän Sähkö Oy,12,canonical_calculation,45,4,0,0,0,0,0,0,0,0,0,,,0.0
same_id_no_discount,Köyliön-Säkylän Sähkö Oy,12,canonical_calculation,60,0,0,0,0,0,0,0,0,0,0,,,
same_id_no_discount,Köyliön-Säkylän Sähkö Oy,12,canonical_calculation,90,0,0,0,0,0,0,0,0,0,0,,,
same_id_no_discount,Köyliön-Säkylän Sähkö Oy,12,observed_seller_data,7,111,90,90,0,90,90,0,0,3,3,1.0,1.0,0.8108108108108109
same_id_no_discount,Köyliön-Säkylän Sähkö Oy,12,observed_seller_data,14,111,78,78,0,78,78,0,0,1,1,1.0,1.0,0.7027027027027027
same_id_no_discount,Köyliön-Säkylän Sähkö Oy,12,observed_seller_data,30,111,62,62,0,62,62,0,0,1,1,1.0,1.0,0.5585585585585585
same_id_no_discount,Köyliön-Säkylän Sähkö Oy,12,observed_seller_data,45,111,47,47,0,47,47,0,0,1,1,1.0,1.0,0.42342342342342343
same_id_no_discount,Köyliön-Säkylän Sähkö Oy,12,observed_seller_data,60,100,32,32,0,32,32,0,0,1,1,1.0,1.0,0.32
same_id_no_discount,Köyliön-Säkylän Sähkö Oy,12,observed_seller_data,90,70,2,2,0,2,2,0,0,1,1,1.0,1.0,0.02857142857142857
same_id_no_discount,Köyliön-Säkylän Sähkö Oy,24,canonical_calculation,7,42,33,33,0,33,33,0,0,2,2,1.0,1.0,0.7857142857142857
same_id_no_discount,Köyliön-Säkylän Sähkö Oy,24,canonical_calculation,14,35,21,21,0,21,21,0,0,1,1,1.0,1.0,0.6
same_id_no_discount,Köyliön-Säkylän Sähkö Oy,24,canonical_calculation,30,19,5,5,0,5,5,0,0,1,1,1.0,1.0,0.2631578947368421
same_id_no_discount,Köyliön-Säkylän Sähkö Oy,24,canonical_calculation,45,4,0,0,0,0,0,0,0,0,0,,,0.0
same_id_no_discount,Köyliön-Säkylän Sähkö Oy,24,canonical_calculation,60,0,0,0,0,0,0,0,0,0,0,,,
same_id_no_discount,Köyliön-Säkylän Sähkö Oy,24,canonical_calculation,90,0,0,0,0,0,0,0,0,0,0,,,
same_id_no_discount,Köyliön-Säkylän Sähkö Oy,24,observed_seller_data,7,110,89,89,0,89,89,0,0,3,3,1.0,1.0,0.8090909090909091
same_id_no_discount,Köyliön-Säkylän Sähkö Oy,24,observed_seller_data,14,110,78,78,0,78,78,0,0,1,1,1.0,1.0,0.7090909090909091
same_id_no_discount,Köyliön-Säkylän Sähkö Oy,24,observed_seller_data,30,110,62,62,0,62,62,0,0,1,1,1.0,1.0,0.5636363636363636
same_id_no_discount,Köyliön-Säkylän Sähkö Oy,24,observed_seller_data,45,110,47,47,0,47,47,0,0,1,1,1.0,1.0,0.42727272727272725
same_id_no_discount,Köyliön-Säkylän Sähkö Oy,24,observed_seller_data,60,99,32,32,0,32,32,0,0,1,1,1.0,1.0,0.32323232323232326
same_id_no_discount,Köyliön-Säkylän Sähkö Oy,24,observed_seller_data,90,69,2,2,0,2,2,0,0,1,1,1.0,1.0,0.028985507246376812
same_id_no_discount,Lammaisten Energia Oy,6,observed_seller_data,7,27,20,20,0,20,20,0,0,1,1,1.0,1.0,0.7407407407407407
same_id_no_discount,Lammaisten Energia Oy,6,observed_seller_data,14,27,13,13,0,13,13,0,0,1,1,1.0,1.0,0.48148148148148145
same_id_no_discount,Lammaisten Energia Oy,6,observed_seller_data,30,27,0,0,0,0,0,0,0,0,0,,,0.0
same_id_no_discount,Lammaisten Energia Oy,6,observed_seller_data,45,27,0,0,0,0,0,0,0,0,0,,,0.0
same_id_no_discount,Lammaisten Energia Oy,6,observed_seller_data,60,27,0,0,0,0,0,0,0,0,0,,,0.0
same_id_no_discount,Lammaisten Energia Oy,6,observed_seller_data,90,27,0,0,0,0,0,0,0,0,0,,,0.0
same_id_no_discount,Lammaisten Energia Oy,12,canonical_calculation,7,41,35,35,0,35,35,0,0,1,1,1.0,1.0,0.8536585365853658
same_id_no_discount,Lammaisten Energia Oy,12,canonical_calculation,14,34,28,28,0,28,28,0,0,1,1,1.0,1.0,0.8235294117647058
same_id_no_discount,Lammaisten Energia Oy,12,canonical_calculation,30,18,12,12,0,12,12,0,0,1,1,1.0,1.0,0.6666666666666666
same_id_no_discount,Lammaisten Energia Oy,12,canonical_calculation,45,4,0,0,0,0,0,0,0,0,0,,,0.0
same_id_no_discount,Lammaisten Energia Oy,12,canonical_calculation,60,0,0,0,0,0,0,0,0,0,0,,,
same_id_no_discount,Lammaisten Energia Oy,12,canonical_calculation,90,0,0,0,0,0,0,0,0,0,0,,,
same_id_no_discount,Lammaisten Energia Oy,12,observed_seller_data,7,110,89,89,0,89,89,0,0,3,3,1.0,1.0,0.8090909090909091
same_id_no_discount,Lammaisten Energia Oy,12,observed_seller_data,14,110,68,68,0,68,68,0,0,3,3,1.0,1.0,0.6181818181818182
same_id_no_discount,Lammaisten Energia Oy,12,observed_seller_data,30,110,38,38,0,38,38,0,0,1,1,1.0,1.0,0.34545454545454546
same_id_no_discount,Lammaisten Energia Oy,12,observed_seller_data,45,110,23,23,0,23,23,0,0,1,1,1.0,1.0,0.20909090909090908
same_id_no_discount,Lammaisten Energia Oy,12,observed_seller_data,60,99,8,8,0,8,8,0,0,1,1,1.0,1.0,0.08080808080808081
same_id_no_discount,Lammaisten Energia Oy,12,observed_seller_data,90,69,0,0,0,0,0,0,0,0,0,,,0.0
same_id_no_discount,Lammaisten Energia Oy,24,canonical_calculation,7,41,35,35,0,35,35,0,0,1,1,1.0,1.0,0.8536585365853658
same_id_no_discount,Lammaisten Energia Oy,24,canonical_calculation,14,34,28,28,0,28,28,0,0,1,1,1.0,1.0,0.8235294117647058
same_id_no_discount,Lammaisten Energia Oy,24,canonical_calculation,30,18,12,12,0,12,12,0,0,1,1,1.0,1.0,0.6666666666666666
same_id_no_discount,Lammaisten Energia Oy,24,canonical_calculation,45,4,0,0,0,0,0,0,0,0,0,,,0.0
same_id_no_discount,Lammaisten Energia Oy,24,canonical_calculation,60,0,0,0,0,0,0,0,0,0,0,,,
same_id_no_discount,Lammaisten Energia Oy,24,canonical_calculation,90,0,0,0,0,0,0,0,0,0,0,,,
same_id_no_discount,Lammaisten Energia Oy,24,observed_seller_data,7,110,96,96,0,96,96,0,0,2,2,1.0,1.0,0.8727272727272727
same_id_no_discount,Lammaisten Energia Oy,24,observed_seller_data,14,110,82,82,0,82,82,0,0,2,2,1.0,1.0,0.7454545454545455
same_id_no_discount,Lammaisten Energia Oy,24,observed_seller_data,30,110,50,50,0,50,50,0,0,2,2,1.0,1.0,0.45454545454545453
same_id_no_discount,Lammaisten Energia Oy,24,observed_seller_data,45,110,23,23,0,23,23,0,0,1,1,1.0,1.0,0.20909090909090908
same_id_no_discount,Lammaisten Energia Oy,24,observed_seller_data,60,99,8,8,0,8,8,0,0,1,1,1.0,1.0,0.08080808080808081
same_id_no_discount,Lammaisten Energia Oy,24,observed_seller_data,90,69,0,0,0,0,0,0,0,0,0,,,0.0
same_id_no_discount,Lumme Energia,6,observed_seller_data,7,86,15,15,0,15,15,0,0,2,2,1.0,1.0,0.1744186046511628
same_id_no_discount,Lumme Energia,6,observed_seller_data,14,86,4,4,0,4,4,0,0,1,1,1.0,1.0,0.046511627906976744
same_id_no_discount,Lumme Energia,6,observed_seller_data,30,86,0,0,0,0,0,0,0,0,0,,,0.0
same_id_no_discount,Lumme Energia,6,observed_seller_data,45,86,0,0,0,0,0,0,0,0,0,,,0.0
same_id_no_discount,Lumme Energia,6,observed_seller_data,60,86,0,0,0,0,0,0,0,0,0,,,0.0
same_id_no_discount,Lumme Energia,6,observed_seller_data,90,69,0,0,0,0,0,0,0,0,0,,,0.0
same_id_no_discount,Lumme Energia,12,canonical_calculation,7,22,5,5,0,5,5,0,0,1,1,1.0,1.0,0.22727272727272727
same_id_no_discount,Lumme Energia,12,canonical_calculation,14,22,0,0,0,0,0,0,0,0,0,,,0.0
same_id_no_discount,Lumme Energia,12,canonical_calculation,30,19,0,0,0,0,0,0,0,0,0,,,0.0
same_id_no_discount,Lumme Energia,12,canonical_calculation,45,4,0,0,0,0,0,0,0,0,0,,,0.0
same_id_no_discount,Lumme Energia,12,canonical_calculation,60,0,0,0,0,0,0,0,0,0,0,,,
same_id_no_discount,Lumme Energia,12,canonical_calculation,90,0,0,0,0,0,0,0,0,0,0,,,
same_id_no_discount,Lumme Energia,12,observed_seller_data,7,110,25,25,0,25,25,0,0,4,4,1.0,1.0,0.22727272727272727
same_id_no_discount,Lumme Energia,12,observed_seller_data,14,110,4,4,0,4,4,0,0,1,1,1.0,1.0,0.03636363636363636
same_id_no_discount,Lumme Energia,12,observed_seller_data,30,110,0,0,0,0,0,0,0,0,0,,,0.0
same_id_no_discount,Lumme Energia,12,observed_seller_data,45,110,0,0,0,0,0,0,0,0,0,,,0.0
same_id_no_discount,Lumme Energia,12,observed_seller_data,60,99,0,0,0,0,0,0,0,0,0,,,0.0
same_id_no_discount,Lumme Energia,12,observed_seller_data,90,69,0,0,0,0,0,0,0,0,0,,,0.0
same_id_no_discount,Lumme Energia,24,canonical_calculation,7,3,0,0,0,0,0,0,0,0,0,,,0.0
same_id_no_discount,Lumme Energia,24,canonical_calculation,14,3,0,0,0,0,0,0,0,0,0,,,0.0
same_id_no_discount,Lumme Energia,24,canonical_calculation,30,0,0,0,0,0,0,0,0,0,0,,,
same_id_no_discount,Lumme Energia,24,canonical_calculation,45,0,0,0,0,0,0,0,0,0,0,,,
same_id_no_discount,Lumme Energia,24,canonical_calculation,60,0,0,0,0,0,0,0,0,0,0,,,
same_id_no_discount,Lumme Energia,24,canonical_calculation,90,0,0,0,0,0,0,0,0,0,0,,,
same_id_no_discount,Lumme Energia,24,observed_seller_data,7,92,13,13,0,13,13,0,0,3,3,1.0,1.0,0.14130434782608695
same_id_no_discount,Lumme Energia,24,observed_seller_data,14,92,0,0,0,0,0,0,0,0,0,,,0.0
same_id_no_discount,Lumme Energia,24,observed_seller_data,30,92,0,0,0,0,0,0,0,0,0,,,0.0
same_id_no_discount,Lumme Energia,24,observed_seller_data,45,92,0,0,0,0,0,0,0,0,0,,,0.0
same_id_no_discount,Lumme Energia,24,observed_seller_data,60,83,0,0,0,0,0,0,0,0,0,,,0.0
same_id_no_discount,Lumme Energia,24,observed_seller_data,90,61,0,0,0,0,0,0,0,0,0,,,0.0
same_id_no_discount,Nurmijärven Sähkö Oy,12,canonical_calculation,7,42,35,35,0,35,35,0,0,2,2,1.0,1.0,0.8333333333333334
same_id_no_discount,Nurmijärven Sähkö Oy,12,canonical_calculation,14,35,25,25,0,25,25,0,0,1,1,1.0,1.0,0.7142857142857143
same_id_no_discount,Nurmijärven Sähkö Oy,12,canonical_calculation,30,19,9,9,0,9,9,0,0,1,1,1.0,1.0,0.47368421052631576
same_id_no_discount,Nurmijärven Sähkö Oy,12,canonical_calculation,45,4,0,0,0,0,0,0,0,0,0,,,0.0
same_id_no_discount,Nurmijärven Sähkö Oy,12,canonical_calculation,60,0,0,0,0,0,0,0,0,0,0,,,
same_id_no_discount,Nurmijärven Sähkö Oy,12,canonical_calculation,90,0,0,0,0,0,0,0,0,0,0,,,
same_id_no_discount,Nurmijärven Sähkö Oy,12,observed_seller_data,7,110,96,96,0,96,96,0,0,2,2,1.0,1.0,0.8727272727272727
same_id_no_discount,Nurmijärven Sähkö Oy,12,observed_seller_data,14,110,82,82,0,82,82,0,0,2,2,1.0,1.0,0.7454545454545455
same_id_no_discount,Nurmijärven Sähkö Oy,12,observed_seller_data,30,110,50,50,0,50,50,0,0,2,2,1.0,1.0,0.45454545454545453
same_id_no_discount,Nurmijärven Sähkö Oy,12,observed_seller_data,45,110,20,20,0,20,20,0,0,2,2,1.0,1.0,0.18181818181818182
same_id_no_discount,Nurmijärven Sähkö Oy,12,observed_seller_data,60,99,0,0,0,0,0,0,0,0,0,,,0.0
same_id_no_discount,Nurmijärven Sähkö Oy,12,observed_seller_data,90,69,0,0,0,0,0,0,0,0,0,,,0.0
same_id_no_discount,Nurmijärven Sähkö Oy,24,canonical_calculation,7,42,35,35,0,35,35,0,0,2,2,1.0,1.0,0.8333333333333334
same_id_no_discount,Nurmijärven Sähkö Oy,24,canonical_calculation,14,35,25,25,0,25,25,0,0,1,1,1.0,1.0,0.7142857142857143
same_id_no_discount,Nurmijärven Sähkö Oy,24,canonical_calculation,30,19,9,9,0,9,9,0,0,1,1,1.0,1.0,0.47368421052631576
same_id_no_discount,Nurmijärven Sähkö Oy,24,canonical_calculation,45,4,0,0,0,0,0,0,0,0,0,,,0.0
same_id_no_discount,Nurmijärven Sähkö Oy,24,canonical_calculation,60,0,0,0,0,0,0,0,0,0,0,,,
same_id_no_discount,Nurmijärven Sähkö Oy,24,canonical_calculation,90,0,0,0,0,0,0,0,0,0,0,,,
same_id_no_discount,Nurmijärven Sähkö Oy,24,observed_seller_data,7,110,96,96,0,96,96,0,0,2,2,1.0,1.0,0.8727272727272727
same_id_no_discount,Nurmijärven Sähkö Oy,24,observed_seller_data,14,110,82,82,0,82,82,0,0,2,2,1.0,1.0,0.7454545454545455
same_id_no_discount,Nurmijärven Sähkö Oy,24,observed_seller_data,30,110,50,50,0,50,50,0,0,2,2,1.0,1.0,0.45454545454545453
same_id_no_discount,Nurmijärven Sähkö Oy,24,observed_seller_data,45,110,20,20,0,20,20,0,0,2,2,1.0,1.0,0.18181818181818182
same_id_no_discount,Nurmijärven Sähkö Oy,24,observed_seller_data,60,99,0,0,0,0,0,0,0,0,0,,,0.0
same_id_no_discount,Nurmijärven Sähkö Oy,24,observed_seller_data,90,69,0,0,0,0,0,0,0,0,0,,,0.0
same_id_no_discount,Omavoima Oy,12,canonical_calculation,7,41,26,26,0,26,26,0,0,3,3,1.0,1.0,0.6341463414634146
same_id_no_discount,Omavoima Oy,12,canonical_calculation,14,34,14,14,0,14,14,0,0,1,1,1.0,1.0,0.4117647058823529
same_id_no_discount,Omavoima Oy,12,canonical_calculation,30,18,0,0,0,0,0,0,0,0,0,,,0.0
same_id_no_discount,Omavoima Oy,12,canonical_calculation,45,3,0,0,0,0,0,0,0,0,0,,,0.0
same_id_no_discount,Omavoima Oy,12,canonical_calculation,60,0,0,0,0,0,0,0,0,0,0,,,
same_id_no_discount,Omavoima Oy,12,canonical_calculation,90,0,0,0,0,0,0,0,0,0,0,,,
same_id_no_discount,Omavoima Oy,12,observed_seller_data,7,110,90,90,0,90,90,0,0,2,2,1.0,1.0,0.8181818181818182
same_id_no_discount,Omavoima Oy,12,observed_seller_data,14,110,76,76,0,76,76,0,0,2,2,1.0,1.0,0.6909090909090909
same_id_no_discount,Omavoima Oy,12,observed_seller_data,30,110,44,44,0,44,44,0,0,2,2,1.0,1.0,0.4
same_id_no_discount,Omavoima Oy,12,observed_seller_data,45,110,17,17,0,17,17,0,0,1,1,1.0,1.0,0.15454545454545454
same_id_no_discount,Omavoima Oy,12,observed_seller_data,60,99,2,2,0,2,2,0,0,1,1,1.0,1.0,0.020202020202020204
same_id_no_discount,Omavoima Oy,12,observed_seller_data,90,69,0,0,0,0,0,0,0,0,0,,,0.0
same_id_no_discount,Omavoima Oy,24,canonical_calculation,7,41,33,33,0,33,33,0,0,2,2,1.0,1.0,0.8048780487804879
same_id_no_discount,Omavoima Oy,24,canonical_calculation,14,34,23,23,0,23,23,0,0,1,1,1.0,1.0,0.6764705882352942
same_id_no_discount,Omavoima Oy,24,canonical_calculation,30,18,7,7,0,7,7,0,0,1,1,1.0,1.0,0.3888888888888889
same_id_no_discount,Omavoima Oy,24,canonical_calculation,45,3,0,0,0,0,0,0,0,0,0,,,0.0
same_id_no_discount,Omavoima Oy,24,canonical_calculation,60,0,0,0,0,0,0,0,0,0,0,,,
same_id_no_discount,Omavoima Oy,24,canonical_calculation,90,0,0,0,0,0,0,0,0,0,0,,,
same_id_no_discount,Omavoima Oy,24,observed_seller_data,7,110,90,90,0,90,90,0,0,2,2,1.0,1.0,0.8181818181818182
same_id_no_discount,Omavoima Oy,24,observed_seller_data,14,110,76,76,0,76,76,0,0,2,2,1.0,1.0,0.6909090909090909
same_id_no_discount,Omavoima Oy,24,observed_seller_data,30,110,44,44,0,44,44,0,0,2,2,1.0,1.0,0.4
same_id_no_discount,Omavoima Oy,24,observed_seller_data,45,110,17,17,0,17,17,0,0,1,1,1.0,1.0,0.15454545454545454
same_id_no_discount,Omavoima Oy,24,observed_seller_data,60,99,2,2,0,2,2,0,0,1,1,1.0,1.0,0.020202020202020204
same_id_no_discount,Omavoima Oy,24,observed_seller_data,90,69,0,0,0,0,0,0,0,0,0,,,0.0
same_id_no_discount,Oomi Oy,6,observed_seller_data,7,77,18,18,0,18,18,0,0,3,3,1.0,1.0,0.23376623376623376
same_id_no_discount,Oomi Oy,6,observed_seller_data,14,77,4,4,0,4,4,0,0,1,1,1.0,1.0,0.05194805194805195
same_id_no_discount,Oomi Oy,6,observed_seller_data,30,77,0,0,0,0,0,0,0,0,0,,,0.0
same_id_no_discount,Oomi Oy,6,observed_seller_data,45,77,0,0,0,0,0,0,0,0,0,,,0.0
same_id_no_discount,Oomi Oy,6,observed_seller_data,60,77,0,0,0,0,0,0,0,0,0,,,0.0
same_id_no_discount,Oomi Oy,6,observed_seller_data,90,60,0,0,0,0,0,0,0,0,0,,,0.0
same_id_no_discount,Oomi Oy,12,canonical_calculation,7,42,18,18,0,18,18,0,0,2,2,1.0,1.0,0.42857142857142855
same_id_no_discount,Oomi Oy,12,canonical_calculation,14,35,7,7,0,7,7,0,0,1,1,1.0,1.0,0.2
same_id_no_discount,Oomi Oy,12,canonical_calculation,30,19,0,0,0,0,0,0,0,0,0,,,0.0
same_id_no_discount,Oomi Oy,12,canonical_calculation,45,4,0,0,0,0,0,0,0,0,0,,,0.0
same_id_no_discount,Oomi Oy,12,canonical_calculation,60,0,0,0,0,0,0,0,0,0,0,,,
same_id_no_discount,Oomi Oy,12,canonical_calculation,90,0,0,0,0,0,0,0,0,0,0,,,
same_id_no_discount,Oomi Oy,12,observed_seller_data,7,109,31,31,0,31,31,0,0,4,4,1.0,1.0,0.28440366972477066
same_id_no_discount,Oomi Oy,12,observed_seller_data,14,109,8,8,0,8,8,0,0,2,2,1.0,1.0,0.07339449541284404
same_id_no_discount,Oomi Oy,12,observed_seller_data,30,109,0,0,0,0,0,0,0,0,0,,,0.0
same_id_no_discount,Oomi Oy,12,observed_seller_data,45,109,0,0,0,0,0,0,0,0,0,,,0.0
same_id_no_discount,Oomi Oy,12,observed_seller_data,60,99,0,0,0,0,0,0,0,0,0,,,0.0
same_id_no_discount,Oomi Oy,12,observed_seller_data,90,69,0,0,0,0,0,0,0,0,0,,,0.0
same_id_no_discount,Oomi Oy,24,canonical_calculation,7,24,14,14,0,14,14,0,0,1,1,1.0,1.0,0.5833333333333334
same_id_no_discount,Oomi Oy,24,canonical_calculation,14,17,7,7,0,7,7,0,0,1,1,1.0,1.0,0.4117647058823529
same_id_no_discount,Oomi Oy,24,canonical_calculation,30,1,0,0,0,0,0,0,0,0,0,,,0.0
same_id_no_discount,Oomi Oy,24,canonical_calculation,45,0,0,0,0,0,0,0,0,0,0,,,
same_id_no_discount,Oomi Oy,24,canonical_calculation,60,0,0,0,0,0,0,0,0,0,0,,,
same_id_no_discount,Oomi Oy,24,canonical_calculation,90,0,0,0,0,0,0,0,0,0,0,,,
same_id_no_discount,Oomi Oy,24,observed_seller_data,7,91,15,15,0,15,15,0,0,4,4,1.0,1.0,0.16483516483516483
same_id_no_discount,Oomi Oy,24,observed_seller_data,14,91,0,0,0,0,0,0,0,0,0,,,0.0
same_id_no_discount,Oomi Oy,24,observed_seller_data,30,91,0,0,0,0,0,0,0,0,0,,,0.0
same_id_no_discount,Oomi Oy,24,observed_seller_data,45,91,0,0,0,0,0,0,0,0,0,,,0.0
same_id_no_discount,Oomi Oy,24,observed_seller_data,60,83,0,0,0,0,0,0,0,0,0,,,0.0
same_id_no_discount,Oomi Oy,24,observed_seller_data,90,60,0,0,0,0,0,0,0,0,0,,,0.0
same_id_no_discount,Paneliankosken Voima Oy,12,canonical_calculation,7,39,30,30,0,30,30,0,0,2,2,1.0,1.0,0.7692307692307693
same_id_no_discount,Paneliankosken Voima Oy,12,canonical_calculation,14,32,16,16,0,16,16,0,0,2,2,1.0,1.0,0.5
same_id_no_discount,Paneliankosken Voima Oy,12,canonical_calculation,30,17,0,0,0,0,0,0,0,0,0,,,0.0
same_id_no_discount,Paneliankosken Voima Oy,12,canonical_calculation,45,2,0,0,0,0,0,0,0,0,0,,,0.0
same_id_no_discount,Paneliankosken Voima Oy,12,canonical_calculation,60,0,0,0,0,0,0,0,0,0,0,,,
same_id_no_discount,Paneliankosken Voima Oy,12,canonical_calculation,90,0,0,0,0,0,0,0,0,0,0,,,
same_id_no_discount,Paneliankosken Voima Oy,12,observed_seller_data,7,110,83,83,0,83,83,0,0,3,3,1.0,1.0,0.7545454545454545
same_id_no_discount,Paneliankosken Voima Oy,12,observed_seller_data,14,110,68,68,0,68,68,0,0,2,2,1.0,1.0,0.6181818181818182
same_id_no_discount,Paneliankosken Voima Oy,12,observed_seller_data,30,110,36,36,0,36,36,0,0,2,2,1.0,1.0,0.32727272727272727
same_id_no_discount,Paneliankosken Voima Oy,12,observed_seller_data,45,110,16,16,0,16,16,0,0,1,1,1.0,1.0,0.14545454545454545
same_id_no_discount,Paneliankosken Voima Oy,12,observed_seller_data,60,99,1,1,0,1,1,0,0,1,1,1.0,1.0,0.010101010101010102
same_id_no_discount,Paneliankosken Voima Oy,12,observed_seller_data,90,69,0,0,0,0,0,0,0,0,0,,,0.0
same_id_no_discount,Paneliankosken Voima Oy,24,canonical_calculation,7,40,30,30,0,30,30,0,0,2,2,1.0,1.0,0.75
same_id_no_discount,Paneliankosken Voima Oy,24,canonical_calculation,14,33,16,16,0,16,16,0,0,2,2,1.0,1.0,0.48484848484848486
same_id_no_discount,Paneliankosken Voima Oy,24,canonical_calculation,30,18,0,0,0,0,0,0,0,0,0,,,0.0
same_id_no_discount,Paneliankosken Voima Oy,24,canonical_calculation,45,3,0,0,0,0,0,0,0,0,0,,,0.0
same_id_no_discount,Paneliankosken Voima Oy,24,canonical_calculation,60,0,0,0,0,0,0,0,0,0,0,,,
same_id_no_discount,Paneliankosken Voima Oy,24,canonical_calculation,90,0,0,0,0,0,0,0,0,0,0,,,
same_id_no_discount,Paneliankosken Voima Oy,24,observed_seller_data,7,110,76,76,0,76,76,0,0,4,4,1.0,1.0,0.6909090909090909
same_id_no_discount,Paneliankosken Voima Oy,24,observed_seller_data,14,110,54,54,0,54,54,0,0,3,3,1.0,1.0,0.4909090909090909
same_id_no_discount,Paneliankosken Voima Oy,24,observed_seller_data,30,110,14,14,0,14,14,0,0,2,2,1.0,1.0,0.12727272727272726
same_id_no_discount,Paneliankosken Voima Oy,24,observed_seller_data,45,110,0,0,0,0,0,0,0,0,0,,,0.0
same_id_no_discount,Paneliankosken Voima Oy,24,observed_seller_data,60,99,0,0,0,0,0,0,0,0,0,,,0.0
same_id_no_discount,Paneliankosken Voima Oy,24,observed_seller_data,90,69,0,0,0,0,0,0,0,0,0,,,0.0
same_id_no_discount,Pohjois-Karjalan Sähkö Oy,6,canonical_calculation,7,45,28,28,0,28,28,0,0,3,3,1.0,1.0,0.6222222222222222
same_id_no_discount,Pohjois-Karjalan Sähkö Oy,6,canonical_calculation,14,38,12,12,0,12,12,0,0,1,1,1.0,1.0,0.3157894736842105
same_id_no_discount,Pohjois-Karjalan Sähkö Oy,6,canonical_calculation,30,22,0,0,0,0,0,0,0,0,0,,,0.0
same_id_no_discount,Pohjois-Karjalan Sähkö Oy,6,canonical_calculation,45,7,0,0,0,0,0,0,0,0,0,,,0.0
same_id_no_discount,Pohjois-Karjalan Sähkö Oy,6,canonical_calculation,60,0,0,0,0,0,0,0,0,0,0,,,
same_id_no_discount,Pohjois-Karjalan Sähkö Oy,6,canonical_calculation,90,0,0,0,0,0,0,0,0,0,0,,,
same_id_no_discount,Pohjois-Karjalan Sähkö Oy,6,observed_seller_data,7,129,101,101,0,101,101,0,0,4,4,1.0,1.0,0.7829457364341085
same_id_no_discount,Pohjois-Karjalan Sähkö Oy,6,observed_seller_data,14,129,73,73,0,73,73,0,0,4,4,1.0,1.0,0.5658914728682171
same_id_no_discount,Pohjois-Karjalan Sähkö Oy,6,observed_seller_data,30,129,22,22,0,22,22,0,0,1,1,1.0,1.0,0.17054263565891473
same_id_no_discount,Pohjois-Karjalan Sähkö Oy,6,observed_seller_data,45,129,7,7,0,7,7,0,0,1,1,1.0,1.0,0.05426356589147287
same_id_no_discount,Pohjois-Karjalan Sähkö Oy,6,observed_seller_data,60,107,0,0,0,0,0,0,0,0,0,,,0.0
same_id_no_discount,Pohjois-Karjalan Sähkö Oy,6,observed_seller_data,90,69,0,0,0,0,0,0,0,0,0,,,0.0
same_id_no_discount,Pohjois-Karjalan Sähkö Oy,12,canonical_calculation,7,45,35,35,0,35,35,0,0,2,2,1.0,1.0,0.7777777777777778
same_id_no_discount,Pohjois-Karjalan Sähkö Oy,12,canonical_calculation,14,38,21,21,0,21,21,0,0,2,2,1.0,1.0,0.5526315789473685
same_id_no_discount,Pohjois-Karjalan Sähkö Oy,12,canonical_calculation,30,22,2,2,0,2,2,0,0,1,1,1.0,1.0,0.09090909090909091
same_id_no_discount,Pohjois-Karjalan Sähkö Oy,12,canonical_calculation,45,7,0,0,0,0,0,0,0,0,0,,,0.0
same_id_no_discount,Pohjois-Karjalan Sähkö Oy,12,canonical_calculation,60,0,0,0,0,0,0,0,0,0,0,,,
same_id_no_discount,Pohjois-Karjalan Sähkö Oy,12,canonical_calculation,90,0,0,0,0,0,0,0,0,0,0,,,
same_id_no_discount,Pohjois-Karjalan Sähkö Oy,12,observed_seller_data,7,112,89,89,0,89,89,0,0,3,3,1.0,1.0,0.7946428571428571
same_id_no_discount,Pohjois-Karjalan Sähkö Oy,12,observed_seller_data,14,112,68,68,0,68,68,0,0,3,3,1.0,1.0,0.6071428571428571
same_id_no_discount,Pohjois-Karjalan Sähkö Oy,12,observed_seller_data,30,112,22,22,0,22,22,0,0,1,1,1.0,1.0,0.19642857142857142
same_id_no_discount,Pohjois-Karjalan Sähkö Oy,12,observed_seller_data,45,112,7,7,0,7,7,0,0,1,1,1.0,1.0,0.0625
same_id_no_discount,Pohjois-Karjalan Sähkö Oy,12,observed_seller_data,60,99,0,0,0,0,0,0,0,0,0,,,0.0
same_id_no_discount,Pohjois-Karjalan Sähkö Oy,12,observed_seller_data,90,69,0,0,0,0,0,0,0,0,0,,,0.0
same_id_no_discount,Pohjois-Karjalan Sähkö Oy,24,canonical_calculation,7,42,35,35,0,35,35,0,0,2,2,1.0,1.0,0.8333333333333334
same_id_no_discount,Pohjois-Karjalan Sähkö Oy,24,canonical_calculation,14,35,21,21,0,21,21,0,0,2,2,1.0,1.0,0.6
same_id_no_discount,Pohjois-Karjalan Sähkö Oy,24,canonical_calculation,30,19,3,3,0,3,3,0,0,1,1,1.0,1.0,0.15789473684210525
same_id_no_discount,Pohjois-Karjalan Sähkö Oy,24,canonical_calculation,45,4,0,0,0,0,0,0,0,0,0,,,0.0
same_id_no_discount,Pohjois-Karjalan Sähkö Oy,24,canonical_calculation,60,0,0,0,0,0,0,0,0,0,0,,,
same_id_no_discount,Pohjois-Karjalan Sähkö Oy,24,canonical_calculation,90,0,0,0,0,0,0,0,0,0,0,,,
same_id_no_discount,Pohjois-Karjalan Sähkö Oy,24,observed_seller_data,7,111,90,90,0,90,90,0,0,3,3,1.0,1.0,0.8108108108108109
same_id_no_discount,Pohjois-Karjalan Sähkö Oy,24,observed_seller_data,14,111,70,70,0,70,70,0,0,2,2,1.0,1.0,0.6306306306306306
same_id_no_discount,Pohjois-Karjalan Sähkö Oy,24,observed_seller_data,30,111,40,40,0,40,40,0,0,1,1,1.0,1.0,0.36036036036036034
same_id_no_discount,Pohjois-Karjalan Sähkö Oy,24,observed_seller_data,45,111,25,25,0,25,25,0,0,1,1,1.0,1.0,0.22522522522522523
same_id_no_discount,Pohjois-Karjalan Sähkö Oy,24,observed_seller_data,60,100,10,10,0,10,10,0,0,1,1,1.0,1.0,0.1
same_id_no_discount,Pohjois-Karjalan Sähkö Oy,24,observed_seller_data,90,69,0,0,0,0,0,0,0,0,0,,,0.0
same_id_no_discount,Porvoon Energia Oy,6,observed_seller_data,7,70,47,47,0,47,47,0,0,3,3,1.0,1.0,0.6714285714285714
same_id_no_discount,Porvoon Energia Oy,6,observed_seller_data,14,70,26,26,0,26,26,0,0,2,2,1.0,1.0,0.37142857142857144
same_id_no_discount,Porvoon Energia Oy,6,observed_seller_data,30,70,0,0,0,0,0,0,0,0,0,,,0.0
same_id_no_discount,Porvoon Energia Oy,6,observed_seller_data,45,70,0,0,0,0,0,0,0,0,0,,,0.0
same_id_no_discount,Porvoon Energia Oy,6,observed_seller_data,60,70,0,0,0,0,0,0,0,0,0,,,0.0
same_id_no_discount,Porvoon Energia Oy,6,observed_seller_data,90,69,0,0,0,0,0,0,0,0,0,,,0.0
same_id_no_discount,Porvoon Energia Oy,12,canonical_calculation,7,126,90,90,0,90,90,0,0,6,6,1.0,1.0,0.7142857142857143
same_id_no_discount,Porvoon Energia Oy,12,canonical_calculation,14,105,63,63,0,63,63,0,0,3,3,1.0,1.0,0.6
same_id_no_discount,Porvoon Energia Oy,12,canonical_calculation,30,57,15,15,0,15,15,0,0,3,3,1.0,1.0,0.2631578947368421
same_id_no_discount,Porvoon Energia Oy,12,canonical_calculation,45,12,0,0,0,0,0,0,0,0,0,,,0.0
same_id_no_discount,Porvoon Energia Oy,12,canonical_calculation,60,0,0,0,0,0,0,0,0,0,0,,,
same_id_no_discount,Porvoon Energia Oy,12,canonical_calculation,90,0,0,0,0,0,0,0,0,0,0,,,
same_id_no_discount,Porvoon Energia Oy,12,observed_seller_data,7,330,129,129,0,129,129,0,0,15,15,1.0,1.0,0.39090909090909093
same_id_no_discount,Porvoon Energia Oy,12,observed_seller_data,14,330,42,42,0,42,42,0,0,3,3,1.0,1.0,0.12727272727272726
same_id_no_discount,Porvoon Energia Oy,12,observed_seller_data,30,330,0,0,0,0,0,0,0,0,0,,,0.0
same_id_no_discount,Porvoon Energia Oy,12,observed_seller_data,45,330,0,0,0,0,0,0,0,0,0,,,0.0
same_id_no_discount,Porvoon Energia Oy,12,observed_seller_data,60,297,0,0,0,0,0,0,0,0,0,,,0.0
same_id_no_discount,Porvoon Energia Oy,12,observed_seller_data,90,207,0,0,0,0,0,0,0,0,0,,,0.0
same_id_no_discount,Porvoon Energia Oy,24,canonical_calculation,7,132,104,104,0,104,104,0,0,3,3,1.0,1.0,0.7878787878787878
same_id_no_discount,Porvoon Energia Oy,24,canonical_calculation,14,105,83,83,0,83,83,0,0,3,3,1.0,1.0,0.7904761904761904
same_id_no_discount,Porvoon Energia Oy,24,canonical_calculation,30,57,35,35,0,35,35,0,0,3,3,1.0,1.0,0.6140350877192983
same_id_no_discount,Porvoon Energia Oy,24,canonical_calculation,45,12,0,0,0,0,0,0,0,0,0,,,0.0
same_id_no_discount,Porvoon Energia Oy,24,canonical_calculation,60,0,0,0,0,0,0,0,0,0,0,,,
same_id_no_discount,Porvoon Energia Oy,24,canonical_calculation,90,0,0,0,0,0,0,0,0,0,0,,,
same_id_no_discount,Porvoon Energia Oy,24,observed_seller_data,7,330,159,159,0,159,159,0,0,18,18,1.0,1.0,0.4818181818181818
same_id_no_discount,Porvoon Energia Oy,24,observed_seller_data,14,330,63,63,0,63,63,0,0,6,6,1.0,1.0,0.19090909090909092
same_id_no_discount,Porvoon Energia Oy,24,observed_seller_data,30,330,0,0,0,0,0,0,0,0,0,,,0.0
same_id_no_discount,Porvoon Energia Oy,24,observed_seller_data,45,330,0,0,0,0,0,0,0,0,0,,,0.0
same_id_no_discount,Porvoon Energia Oy,24,observed_seller_data,60,297,0,0,0,0,0,0,0,0,0,,,0.0
same_id_no_discount,Porvoon Energia Oy,24,observed_seller_data,90,207,0,0,0,0,0,0,0,0,0,,,0.0
same_id_no_discount,Turku Energia Oy,6,canonical_calculation,7,41,24,24,0,24,24,0,0,3,3,1.0,1.0,0.5853658536585366
same_id_no_discount,Turku Energia Oy,6,canonical_calculation,14,34,4,4,0,4,4,0,0,2,2,1.0,1.0,0.11764705882352941
same_id_no_discount,Turku Energia Oy,6,canonical_calculation,30,18,0,0,0,0,0,0,0,0,0,,,0.0
same_id_no_discount,Turku Energia Oy,6,canonical_calculation,45,3,0,0,0,0,0,0,0,0,0,,,0.0
same_id_no_discount,Turku Energia Oy,6,canonical_calculation,60,0,0,0,0,0,0,0,0,0,0,,,
same_id_no_discount,Turku Energia Oy,6,canonical_calculation,90,0,0,0,0,0,0,0,0,0,0,,,
same_id_no_discount,Turku Energia Oy,6,observed_seller_data,7,104,62,62,0,62,62,0,0,6,6,1.0,1.0,0.5961538461538461
same_id_no_discount,Turku Energia Oy,6,observed_seller_data,14,104,24,24,0,24,24,0,0,3,3,1.0,1.0,0.23076923076923078
same_id_no_discount,Turku Energia Oy,6,observed_seller_data,30,104,4,4,0,4,4,0,0,1,1,1.0,1.0,0.038461538461538464
same_id_no_discount,Turku Energia Oy,6,observed_seller_data,45,104,0,0,0,0,0,0,0,0,0,,,0.0
same_id_no_discount,Turku Energia Oy,6,observed_seller_data,60,93,0,0,0,0,0,0,0,0,0,,,0.0
same_id_no_discount,Turku Energia Oy,6,observed_seller_data,90,63,0,0,0,0,0,0,0,0,0,,,0.0
same_id_no_discount,Turku Energia Oy,12,canonical_calculation,7,41,24,24,0,24,24,0,0,3,3,1.0,1.0,0.5853658536585366
same_id_no_discount,Turku Energia Oy,12,canonical_calculation,14,34,8,8,0,8,8,0,0,2,2,1.0,1.0,0.23529411764705882
same_id_no_discount,Turku Energia Oy,12,canonical_calculation,30,18,0,0,0,0,0,0,0,0,0,,,0.0
same_id_no_discount,Turku Energia Oy,12,canonical_calculation,45,3,0,0,0,0,0,0,0,0,0,,,0.0
same_id_no_discount,Turku Energia Oy,12,canonical_calculation,60,0,0,0,0,0,0,0,0,0,0,,,
same_id_no_discount,Turku Energia Oy,12,canonical_calculation,90,0,0,0,0,0,0,0,0,0,0,,,
same_id_no_discount,Turku Energia Oy,12,observed_seller_data,7,110,75,75,0,75,75,0,0,5,5,1.0,1.0,0.6818181818181818
same_id_no_discount,Turku Energia Oy,12,observed_seller_data,14,110,44,44,0,44,44,0,0,3,3,1.0,1.0,0.4
same_id_no_discount,Turku Energia Oy,12,observed_seller_data,30,110,24,24,0,24,24,0,0,1,1,1.0,1.0,0.21818181818181817
same_id_no_discount,Turku Energia Oy,12,observed_seller_data,45,110,9,9,0,9,9,0,0,1,1,1.0,1.0,0.08181818181818182
same_id_no_discount,Turku Energia Oy,12,observed_seller_data,60,99,0,0,0,0,0,0,0,0,0,,,0.0
same_id_no_discount,Turku Energia Oy,12,observed_seller_data,90,69,0,0,0,0,0,0,0,0,0,,,0.0
same_id_no_discount,Turku Energia Oy,24,canonical_calculation,7,43,14,14,0,14,14,0,0,5,5,1.0,1.0,0.32558139534883723
same_id_no_discount,Turku Energia Oy,24,canonical_calculation,14,34,0,0,0,0,0,0,0,0,0,,,0.0
same_id_no_discount,Turku Energia Oy,24,canonical_calculation,30,18,0,0,0,0,0,0,0,0,0,,,0.0
same_id_no_discount,Turku Energia Oy,24,canonical_calculation,45,3,0,0,0,0,0,0,0,0,0,,,0.0
same_id_no_discount,Turku Energia Oy,24,canonical_calculation,60,0,0,0,0,0,0,0,0,0,0,,,
same_id_no_discount,Turku Energia Oy,24,canonical_calculation,90,0,0,0,0,0,0,0,0,0,0,,,
same_id_no_discount,Turku Energia Oy,24,observed_seller_data,7,76,46,46,0,46,46,0,0,4,4,1.0,1.0,0.6052631578947368
same_id_no_discount,Turku Energia Oy,24,observed_seller_data,14,76,22,22,0,22,22,0,0,3,3,1.0,1.0,0.2894736842105263
same_id_no_discount,Turku Energia Oy,24,observed_seller_data,30,76,0,0,0,0,0,0,0,0,0,,,0.0
same_id_no_discount,Turku Energia Oy,24,observed_seller_data,45,76,0,0,0,0,0,0,0,0,0,,,0.0
same_id_no_discount,Turku Energia Oy,24,observed_seller_data,60,65,0,0,0,0,0,0,0,0,0,,,0.0
same_id_no_discount,Turku Energia Oy,24,observed_seller_data,90,33,0,0,0,0,0,0,0,0,0,,,0.0
same_id_no_discount,Vattenfall Oy,6,canonical_calculation,7,11,4,4,0,4,4,0,0,1,1,1.0,1.0,0.36363636363636365
same_id_no_discount,Vattenfall Oy,6,canonical_calculation,14,10,0,0,0,0,0,0,0,0,0,,,0.0
same_id_no_discount,Vattenfall Oy,6,canonical_calculation,30,0,0,0,0,0,0,0,0,0,0,,,
same_id_no_discount,Vattenfall Oy,6,canonical_calculation,45,0,0,0,0,0,0,0,0,0,0,,,
same_id_no_discount,Vattenfall Oy,6,canonical_calculation,60,0,0,0,0,0,0,0,0,0,0,,,
same_id_no_discount,Vattenfall Oy,6,canonical_calculation,90,0,0,0,0,0,0,0,0,0,0,,,
same_id_no_discount,Vattenfall Oy,6,observed_seller_data,7,100,58,58,0,58,58,0,0,6,6,1.0,1.0,0.58
same_id_no_discount,Vattenfall Oy,6,observed_seller_data,14,100,22,22,0,22,22,0,0,4,4,1.0,1.0,0.22
same_id_no_discount,Vattenfall Oy,6,observed_seller_data,30,100,0,0,0,0,0,0,0,0,0,,,0.0
same_id_no_discount,Vattenfall Oy,6,observed_seller_data,45,100,0,0,0,0,0,0,0,0,0,,,0.0
same_id_no_discount,Vattenfall Oy,6,observed_seller_data,60,91,0,0,0,0,0,0,0,0,0,,,0.0
same_id_no_discount,Vattenfall Oy,6,observed_seller_data,90,61,0,0,0,0,0,0,0,0,0,,,0.0
same_id_no_discount,Vattenfall Oy,12,canonical_calculation,7,76,34,34,0,34,34,0,0,4,4,1.0,1.0,0.4473684210526316
same_id_no_discount,Vattenfall Oy,12,canonical_calculation,14,68,12,12,0,12,12,0,0,2,2,1.0,1.0,0.17647058823529413
same_id_no_discount,Vattenfall Oy,12,canonical_calculation,30,36,0,0,0,0,0,0,0,0,0,,,0.0
same_id_no_discount,Vattenfall Oy,12,canonical_calculation,45,8,0,0,0,0,0,0,0,0,0,,,0.0
same_id_no_discount,Vattenfall Oy,12,canonical_calculation,60,0,0,0,0,0,0,0,0,0,0,,,
same_id_no_discount,Vattenfall Oy,12,canonical_calculation,90,0,0,0,0,0,0,0,0,0,0,,,
same_id_no_discount,Vattenfall Oy,12,observed_seller_data,7,266,163,163,0,163,163,0,0,13,13,1.0,1.0,0.6127819548872181
same_id_no_discount,Vattenfall Oy,12,observed_seller_data,14,266,86,86,0,86,86,0,0,9,9,1.0,1.0,0.3233082706766917
same_id_no_discount,Vattenfall Oy,12,observed_seller_data,30,266,7,7,0,7,7,0,0,1,1,1.0,1.0,0.02631578947368421
same_id_no_discount,Vattenfall Oy,12,observed_seller_data,45,266,0,0,0,0,0,0,0,0,0,,,0.0
same_id_no_discount,Vattenfall Oy,12,observed_seller_data,60,244,0,0,0,0,0,0,0,0,0,,,0.0
same_id_no_discount,Vattenfall Oy,12,observed_seller_data,90,184,0,0,0,0,0,0,0,0,0,,,0.0
same_id_no_discount,Vattenfall Oy,24,canonical_calculation,7,82,32,32,0,32,32,0,0,8,8,1.0,1.0,0.3902439024390244
same_id_no_discount,Vattenfall Oy,24,canonical_calculation,14,68,4,4,0,4,4,0,0,2,2,1.0,1.0,0.058823529411764705
same_id_no_discount,Vattenfall Oy,24,canonical_calculation,30,36,0,0,0,0,0,0,0,0,0,,,0.0
same_id_no_discount,Vattenfall Oy,24,canonical_calculation,45,8,0,0,0,0,0,0,0,0,0,,,0.0
same_id_no_discount,Vattenfall Oy,24,canonical_calculation,60,0,0,0,0,0,0,0,0,0,0,,,
same_id_no_discount,Vattenfall Oy,24,canonical_calculation,90,0,0,0,0,0,0,0,0,0,0,,,
same_id_no_discount,Vattenfall Oy,24,observed_seller_data,7,237,111,111,0,111,111,0,0,14,14,1.0,1.0,0.46835443037974683
same_id_no_discount,Vattenfall Oy,24,observed_seller_data,14,237,29,29,0,29,29,0,0,9,9,1.0,1.0,0.12236286919831224
same_id_no_discount,Vattenfall Oy,24,observed_seller_data,30,237,0,0,0,0,0,0,0,0,0,,,0.0
same_id_no_discount,Vattenfall Oy,24,observed_seller_data,45,237,0,0,0,0,0,0,0,0,0,,,0.0
same_id_no_discount,Vattenfall Oy,24,observed_seller_data,60,215,0,0,0,0,0,0,0,0,0,,,0.0
same_id_no_discount,Vattenfall Oy,24,observed_seller_data,90,155,0,0,0,0,0,0,0,0,0,,,0.0
same_id_no_discount,Vihreä Älyenergia Oy,12,canonical_calculation,7,42,35,35,0,35,35,0,0,2,2,1.0,1.0,0.8333333333333334
same_id_no_discount,Vihreä Älyenergia Oy,12,canonical_calculation,14,35,24,24,0,24,24,0,0,1,1,1.0,1.0,0.6857142857142857
same_id_no_discount,Vihreä Älyenergia Oy,12,canonical_calculation,30,19,8,8,0,8,8,0,0,1,1,1.0,1.0,0.42105263157894735
same_id_no_discount,Vihreä Älyenergia Oy,12,canonical_calculation,45,4,0,0,0,0,0,0,0,0,0,,,0.0
same_id_no_discount,Vihreä Älyenergia Oy,12,canonical_calculation,60,0,0,0,0,0,0,0,0,0,0,,,
same_id_no_discount,Vihreä Älyenergia Oy,12,canonical_calculation,90,0,0,0,0,0,0,0,0,0,0,,,
same_id_no_discount,Vihreä Älyenergia Oy,12,observed_seller_data,7,219,170,170,0,170,170,0,0,4,4,1.0,1.0,0.776255707762557
same_id_no_discount,Vihreä Älyenergia Oy,12,observed_seller_data,14,219,142,142,0,142,142,0,0,4,4,1.0,1.0,0.6484018264840182
same_id_no_discount,Vihreä Älyenergia Oy,12,observed_seller_data,30,219,94,94,0,94,94,0,0,2,2,1.0,1.0,0.4292237442922374
same_id_no_discount,Vihreä Älyenergia Oy,12,observed_seller_data,45,219,64,64,0,64,64,0,0,2,2,1.0,1.0,0.2922374429223744
same_id_no_discount,Vihreä Älyenergia Oy,12,observed_seller_data,60,200,34,34,0,34,34,0,0,2,2,1.0,1.0,0.17
same_id_no_discount,Vihreä Älyenergia Oy,12,observed_seller_data,90,140,0,0,0,0,0,0,0,0,0,,,0.0
same_id_no_discount,Vihreä Älyenergia Oy,24,canonical_calculation,7,42,35,35,0,35,35,0,0,2,2,1.0,1.0,0.8333333333333334
same_id_no_discount,Vihreä Älyenergia Oy,24,canonical_calculation,14,35,24,24,0,24,24,0,0,1,1,1.0,1.0,0.6857142857142857
same_id_no_discount,Vihreä Älyenergia Oy,24,canonical_calculation,30,19,8,8,0,8,8,0,0,1,1,1.0,1.0,0.42105263157894735
same_id_no_discount,Vihreä Älyenergia Oy,24,canonical_calculation,45,4,0,0,0,0,0,0,0,0,0,,,0.0
same_id_no_discount,Vihreä Älyenergia Oy,24,canonical_calculation,60,0,0,0,0,0,0,0,0,0,0,,,
same_id_no_discount,Vihreä Älyenergia Oy,24,canonical_calculation,90,0,0,0,0,0,0,0,0,0,0,,,
same_id_no_discount,Vihreä Älyenergia Oy,24,observed_seller_data,7,217,172,172,0,172,172,0,0,4,4,1.0,1.0,0.7926267281105991
same_id_no_discount,Vihreä Älyenergia Oy,24,observed_seller_data,14,217,144,144,0,144,144,0,0,4,4,1.0,1.0,0.663594470046083
same_id_no_discount,Vihreä Älyenergia Oy,24,observed_seller_data,30,217,94,94,0,94,94,0,0,2,2,1.0,1.0,0.43317972350230416
same_id_no_discount,Vihreä Älyenergia Oy,24,observed_seller_data,45,217,64,64,0,64,64,0,0,2,2,1.0,1.0,0.29493087557603687
same_id_no_discount,Vihreä Älyenergia Oy,24,observed_seller_data,60,198,34,34,0,34,34,0,0,2,2,1.0,1.0,0.1717171717171717
same_id_no_discount,Vihreä Älyenergia Oy,24,observed_seller_data,90,138,0,0,0,0,0,0,0,0,0,,,0.0
same_id_no_discount,Väre Oy,6,observed_seller_data,7,15,1,1,0,1,1,0,0,1,1,1.0,1.0,0.06666666666666667
same_id_no_discount,Väre Oy,6,observed_seller_data,14,15,0,0,0,0,0,0,0,0,0,,,0.0
same_id_no_discount,Väre Oy,6,observed_seller_data,30,15,0,0,0,0,0,0,0,0,0,,,0.0
same_id_no_discount,Väre Oy,6,observed_seller_data,45,15,0,0,0,0,0,0,0,0,0,,,0.0
same_id_no_discount,Väre Oy,6,observed_seller_data,60,15,0,0,0,0,0,0,0,0,0,,,0.0
same_id_no_discount,Väre Oy,6,observed_seller_data,90,15,0,0,0,0,0,0,0,0,0,,,0.0
same_id_no_discount,Väre Oy,12,observed_seller_data,7,15,1,1,0,1,1,0,0,1,1,1.0,1.0,0.06666666666666667
same_id_no_discount,Väre Oy,12,observed_seller_data,14,15,0,0,0,0,0,0,0,0,0,,,0.0
same_id_no_discount,Väre Oy,12,observed_seller_data,30,15,0,0,0,0,0,0,0,0,0,,,0.0
same_id_no_discount,Väre Oy,12,observed_seller_data,45,15,0,0,0,0,0,0,0,0,0,,,0.0
same_id_no_discount,Väre Oy,12,observed_seller_data,60,15,0,0,0,0,0,0,0,0,0,,,0.0
same_id_no_discount,Väre Oy,12,observed_seller_data,90,15,0,0,0,0,0,0,0,0,0,,,0.0
same_id_no_discount,Väre Oy,24,observed_seller_data,7,15,1,1,0,1,1,0,0,1,1,1.0,1.0,0.06666666666666667
same_id_no_discount,Väre Oy,24,observed_seller_data,14,15,0,0,0,0,0,0,0,0,0,,,0.0
same_id_no_discount,Väre Oy,24,observed_seller_data,30,15,0,0,0,0,0,0,0,0,0,,,0.0
same_id_no_discount,Väre Oy,24,observed_seller_data,45,15,0,0,0,0,0,0,0,0,0,,,0.0
same_id_no_discount,Väre Oy,24,observed_seller_data,60,15,0,0,0,0,0,0,0,0,0,,,0.0
same_id_no_discount,Väre Oy,24,observed_seller_data,90,15,0,0,0,0,0,0,0,0,0,,,0.0
same_id_no_discount,Äänekosken Energia Oy,6,canonical_calculation,7,32,14,14,0,14,14,0,0,2,2,1.0,1.0,0.4375
same_id_no_discount,Äänekosken Energia Oy,6,canonical_calculation,14,32,4,4,0,4,4,0,0,1,1,1.0,1.0,0.125
same_id_no_discount,Äänekosken Energia Oy,6,canonical_calculation,30,18,0,0,0,0,0,0,0,0,0,,,0.0
same_id_no_discount,Äänekosken Energia Oy,6,canonical_calculation,45,4,0,0,0,0,0,0,0,0,0,,,0.0
same_id_no_discount,Äänekosken Energia Oy,6,canonical_calculation,60,0,0,0,0,0,0,0,0,0,0,,,
same_id_no_discount,Äänekosken Energia Oy,6,canonical_calculation,90,0,0,0,0,0,0,0,0,0,0,,,
same_id_no_discount,Äänekosken Energia Oy,6,observed_seller_data,7,110,75,75,0,75,75,0,0,4,4,1.0,1.0,0.6818181818181818
same_id_no_discount,Äänekosken Energia Oy,6,observed_seller_data,14,110,49,49,0,49,49,0,0,3,3,1.0,1.0,0.44545454545454544
same_id_no_discount,Äänekosken Energia Oy,6,observed_seller_data,30,110,3,3,0,3,3,0,0,1,1,1.0,1.0,0.02727272727272727
same_id_no_discount,Äänekosken Energia Oy,6,observed_seller_data,45,110,0,0,0,0,0,0,0,0,0,,,0.0
same_id_no_discount,Äänekosken Energia Oy,6,observed_seller_data,60,99,0,0,0,0,0,0,0,0,0,,,0.0
same_id_no_discount,Äänekosken Energia Oy,6,observed_seller_data,90,69,0,0,0,0,0,0,0,0,0,,,0.0
same_id_no_discount,Äänekosken Energia Oy,12,canonical_calculation,7,41,33,33,0,33,33,0,0,1,1,1.0,1.0,0.8048780487804879
same_id_no_discount,Äänekosken Energia Oy,12,canonical_calculation,14,34,26,26,0,26,26,0,0,1,1,1.0,1.0,0.7647058823529411
same_id_no_discount,Äänekosken Energia Oy,12,canonical_calculation,30,18,10,10,0,10,10,0,0,1,1,1.0,1.0,0.5555555555555556
same_id_no_discount,Äänekosken Energia Oy,12,canonical_calculation,45,4,0,0,0,0,0,0,0,0,0,,,0.0
same_id_no_discount,Äänekosken Energia Oy,12,canonical_calculation,60,0,0,0,0,0,0,0,0,0,0,,,
same_id_no_discount,Äänekosken Energia Oy,12,canonical_calculation,90,0,0,0,0,0,0,0,0,0,0,,,
same_id_no_discount,Äänekosken Energia Oy,12,observed_seller_data,7,110,82,82,0,82,82,0,0,3,3,1.0,1.0,0.7454545454545455
same_id_no_discount,Äänekosken Energia Oy,12,observed_seller_data,14,110,63,63,0,63,63,0,0,2,2,1.0,1.0,0.5727272727272728
same_id_no_discount,Äänekosken Energia Oy,12,observed_seller_data,30,110,33,33,0,33,33,0,0,1,1,1.0,1.0,0.3
same_id_no_discount,Äänekosken Energia Oy,12,observed_seller_data,45,110,18,18,0,18,18,0,0,1,1,1.0,1.0,0.16363636363636364
same_id_no_discount,Äänekosken Energia Oy,12,observed_seller_data,60,99,3,3,0,3,3,0,0,1,1,1.0,1.0,0.030303030303030304
same_id_no_discount,Äänekosken Energia Oy,12,observed_seller_data,90,69,0,0,0,0,0,0,0,0,0,,,0.0
same_id_no_discount,Äänekosken Energia Oy,24,canonical_calculation,7,41,30,30,0,30,30,0,0,2,2,1.0,1.0,0.7317073170731707
same_id_no_discount,Äänekosken Energia Oy,24,canonical_calculation,14,34,20,20,0,20,20,0,0,1,1,1.0,1.0,0.5882352941176471
same_id_no_discount,Äänekosken Energia Oy,24,canonical_calculation,30,18,4,4,0,4,4,0,0,1,1,1.0,1.0,0.2222222222222222
same_id_no_discount,Äänekosken Energia Oy,24,canonical_calculation,45,4,0,0,0,0,0,0,0,0,0,,,0.0
same_id_no_discount,Äänekosken Energia Oy,24,canonical_calculation,60,0,0,0,0,0,0,0,0,0,0,,,
same_id_no_discount,Äänekosken Energia Oy,24,canonical_calculation,90,0,0,0,0,0,0,0,0,0,0,,,
same_id_no_discount,Äänekosken Energia Oy,24,observed_seller_data,7,110,91,91,0,91,91,0,0,2,2,1.0,1.0,0.8272727272727273
same_id_no_discount,Äänekosken Energia Oy,24,observed_seller_data,14,110,77,77,0,77,77,0,0,2,2,1.0,1.0,0.7
same_id_no_discount,Äänekosken Energia Oy,24,observed_seller_data,30,110,45,45,0,45,45,0,0,2,2,1.0,1.0,0.4090909090909091
same_id_no_discount,Äänekosken Energia Oy,24,observed_seller_data,45,110,20,20,0,20,20,0,0,1,1,1.0,1.0,0.18181818181818182
same_id_no_discount,Äänekosken Energia Oy,24,observed_seller_data,60,99,5,5,0,5,5,0,0,1,1,1.0,1.0,0.050505050505050504
same_id_no_discount,Äänekosken Energia Oy,24,observed_seller_data,90,69,0,0,0,0,0,0,0,0,0,,,0.0
dated_lineage_sensitivity,Alajärven Sähkö Oy,12,canonical_calculation,7,40,37,32,5,32,32,0,0,1,1,0.8648648648648649,1.0,0.925
dated_lineage_sensitivity,ALL,ALL,ALL,7,4375,3812,2589,1223,3281,2567,714,0,85,76,0.6791710388247639,0.7823834196891192,0.8713142857142857
dated_lineage_sensitivity,Alajärven Sähkö Oy,12,canonical_calculation,14,33,32,22,10,22,22,0,0,1,1,0.6875,1.0,0.9696969696969697
dated_lineage_sensitivity,ALL,ALL,ALL,14,4050,3345,1644,1701,2654,1592,1062,6,78,67,0.4914798206278027,0.5998492840994725,0.825925925925926
dated_lineage_sensitivity,Alajärven Sähkö Oy,12,canonical_calculation,30,17,16,6,10,6,6,0,0,1,1,0.375,1.0,0.9411764705882353
dated_lineage_sensitivity,ALL,ALL,ALL,30,3296,2223,605,1618,1753,556,1197,19,70,45,0.2721547458389564,0.31717056474614946,0.6744538834951457
dated_lineage_sensitivity,Alajärven Sähkö Oy,12,canonical_calculation,45,4,3,0,3,0,0,0,0,1,0,0.0,,0.75
dated_lineage_sensitivity,ALL,ALL,ALL,45,2659,1341,238,1103,1230,203,1027,31,67,28,0.17747949291573453,0.16504065040650406,0.5043249341857842
dated_lineage_sensitivity,Alajärven Sähkö Oy,12,canonical_calculation,60,0,0,0,0,0,0,0,0,0,0,,,
dated_lineage_sensitivity,ALL,ALL,ALL,60,2136,871,87,784,847,84,763,3,25,25,0.09988518943742825,0.09917355371900827,0.40777153558052437
dated_lineage_sensitivity,Alajärven Sähkö Oy,12,canonical_calculation,90,0,0,0,0,0,0,0,0,0,0,,,
dated_lineage_sensitivity,ALL,ALL,ALL,90,1388,210,3,207,186,3,183,0,16,16,0.014285714285714285,0.016129032258064516,0.15129682997118155
dated_lineage_sensitivity,Alajärven Sähkö Oy,12,observed_seller_data,7,4,0,0,0,0,0,0,0,0,0,,,0.0
dated_lineage_sensitivity,Alajärven Sähkö Oy,12,observed_seller_data,14,4,0,0,0,0,0,0,0,0,0,,,0.0
dated_lineage_sensitivity,Alajärven Sähkö Oy,12,observed_seller_data,30,4,0,0,0,0,0,0,0,0,0,,,0.0
dated_lineage_sensitivity,Alajärven Sähkö Oy,12,observed_seller_data,45,4,0,0,0,0,0,0,0,0,0,,,0.0
dated_lineage_sensitivity,Alajärven Sähkö Oy,12,observed_seller_data,60,0,0,0,0,0,0,0,0,0,0,,,
dated_lineage_sensitivity,Alajärven Sähkö Oy,12,observed_seller_data,90,0,0,0,0,0,0,0,0,0,0,,,
dated_lineage_sensitivity,Alajärven Sähkö Oy,24,canonical_calculation,7,40,37,32,5,32,32,0,0,1,1,0.8648648648648649,1.0,0.925
dated_lineage_sensitivity,Alajärven Sähkö Oy,24,canonical_calculation,14,33,32,22,10,22,22,0,0,1,1,0.6875,1.0,0.9696969696969697
dated_lineage_sensitivity,Alajärven Sähkö Oy,24,canonical_calculation,30,17,16,6,10,6,6,0,0,1,1,0.375,1.0,0.9411764705882353
dated_lineage_sensitivity,Alajärven Sähkö Oy,24,canonical_calculation,45,4,3,0,3,0,0,0,0,1,0,0.0,,0.75
dated_lineage_sensitivity,Alajärven Sähkö Oy,24,canonical_calculation,60,0,0,0,0,0,0,0,0,0,0,,,
dated_lineage_sensitivity,Alajärven Sähkö Oy,24,canonical_calculation,90,0,0,0,0,0,0,0,0,0,0,,,
dated_lineage_sensitivity,Alajärven Sähkö Oy,24,observed_seller_data,7,4,0,0,0,0,0,0,0,0,0,,,0.0
dated_lineage_sensitivity,Alajärven Sähkö Oy,24,observed_seller_data,14,4,0,0,0,0,0,0,0,0,0,,,0.0
dated_lineage_sensitivity,Alajärven Sähkö Oy,24,observed_seller_data,30,4,0,0,0,0,0,0,0,0,0,,,0.0
dated_lineage_sensitivity,Alajärven Sähkö Oy,24,observed_seller_data,45,4,0,0,0,0,0,0,0,0,0,,,0.0
dated_lineage_sensitivity,Alajärven Sähkö Oy,24,observed_seller_data,60,0,0,0,0,0,0,0,0,0,0,,,
dated_lineage_sensitivity,Alajärven Sähkö Oy,24,observed_seller_data,90,0,0,0,0,0,0,0,0,0,0,,,
dated_lineage_sensitivity,Cheap Energy Finland Oy,12,canonical_calculation,7,4,2,2,0,2,2,0,0,1,1,1.0,1.0,0.5
dated_lineage_sensitivity,Cheap Energy Finland Oy,12,canonical_calculation,14,0,0,0,0,0,0,0,0,0,0,,,
dated_lineage_sensitivity,Cheap Energy Finland Oy,12,canonical_calculation,30,0,0,0,0,0,0,0,0,0,0,,,
dated_lineage_sensitivity,Cheap Energy Finland Oy,12,canonical_calculation,45,0,0,0,0,0,0,0,0,0,0,,,
dated_lineage_sensitivity,Cheap Energy Finland Oy,12,canonical_calculation,60,0,0,0,0,0,0,0,0,0,0,,,
dated_lineage_sensitivity,Cheap Energy Finland Oy,12,canonical_calculation,90,0,0,0,0,0,0,0,0,0,0,,,
dated_lineage_sensitivity,Cheap Energy Finland Oy,24,canonical_calculation,7,0,0,0,0,0,0,0,0,0,0,,,
dated_lineage_sensitivity,Cheap Energy Finland Oy,24,canonical_calculation,14,0,0,0,0,0,0,0,0,0,0,,,
dated_lineage_sensitivity,Cheap Energy Finland Oy,24,canonical_calculation,30,0,0,0,0,0,0,0,0,0,0,,,
dated_lineage_sensitivity,Cheap Energy Finland Oy,24,canonical_calculation,45,0,0,0,0,0,0,0,0,0,0,,,
dated_lineage_sensitivity,Cheap Energy Finland Oy,24,canonical_calculation,60,0,0,0,0,0,0,0,0,0,0,,,
dated_lineage_sensitivity,Cheap Energy Finland Oy,24,canonical_calculation,90,0,0,0,0,0,0,0,0,0,0,,,
dated_lineage_sensitivity,Cheap Energy Finland Oy,24,observed_seller_data,7,103,95,56,39,89,56,33,0,1,1,0.5894736842105263,0.6292134831460674,0.9223300970873787
dated_lineage_sensitivity,Cheap Energy Finland Oy,24,observed_seller_data,14,103,89,27,62,77,27,50,0,1,1,0.30337078651685395,0.35064935064935066,0.8640776699029126
dated_lineage_sensitivity,Cheap Energy Finland Oy,24,observed_seller_data,30,103,73,0,73,61,0,61,0,1,1,0.0,0.0,0.7087378640776699
dated_lineage_sensitivity,Cheap Energy Finland Oy,24,observed_seller_data,45,103,58,0,58,46,0,46,0,1,1,0.0,0.0,0.5631067961165048
dated_lineage_sensitivity,Cheap Energy Finland Oy,24,observed_seller_data,60,96,43,0,43,31,0,31,0,1,1,0.0,0.0,0.4479166666666667
dated_lineage_sensitivity,Cheap Energy Finland Oy,24,observed_seller_data,90,67,13,0,13,1,0,1,0,1,1,0.0,0.0,0.19402985074626866
dated_lineage_sensitivity,Fortum Markets Oy,24,canonical_calculation,7,41,40,40,0,40,40,0,0,1,1,1.0,1.0,0.975609756097561
dated_lineage_sensitivity,Fortum Markets Oy,24,canonical_calculation,14,34,33,33,0,33,33,0,0,1,1,1.0,1.0,0.9705882352941176
dated_lineage_sensitivity,Fortum Markets Oy,24,canonical_calculation,30,18,17,17,0,17,17,0,0,1,1,1.0,1.0,0.9444444444444444
dated_lineage_sensitivity,Fortum Markets Oy,24,canonical_calculation,45,3,2,2,0,2,2,0,0,1,1,1.0,1.0,0.6666666666666666
dated_lineage_sensitivity,Fortum Markets Oy,24,canonical_calculation,60,0,0,0,0,0,0,0,0,0,0,,,
dated_lineage_sensitivity,Fortum Markets Oy,24,canonical_calculation,90,0,0,0,0,0,0,0,0,0,0,,,
dated_lineage_sensitivity,Fortum Markets Oy,24,observed_seller_data,7,2,0,0,0,0,0,0,0,0,0,,,0.0
dated_lineage_sensitivity,Fortum Markets Oy,24,observed_seller_data,14,2,0,0,0,0,0,0,0,0,0,,,0.0
dated_lineage_sensitivity,Fortum Markets Oy,24,observed_seller_data,30,2,0,0,0,0,0,0,0,0,0,,,0.0
dated_lineage_sensitivity,Fortum Markets Oy,24,observed_seller_data,45,2,0,0,0,0,0,0,0,0,0,,,0.0
dated_lineage_sensitivity,Fortum Markets Oy,24,observed_seller_data,60,0,0,0,0,0,0,0,0,0,0,,,
dated_lineage_sensitivity,Fortum Markets Oy,24,observed_seller_data,90,0,0,0,0,0,0,0,0,0,0,,,
dated_lineage_sensitivity,Hehku Energia Oy,6,observed_seller_data,7,2,0,0,0,0,0,0,0,0,0,,,0.0
dated_lineage_sensitivity,Hehku Energia Oy,6,observed_seller_data,14,2,0,0,0,0,0,0,0,0,0,,,0.0
dated_lineage_sensitivity,Hehku Energia Oy,6,observed_seller_data,30,2,0,0,0,0,0,0,0,0,0,,,0.0
dated_lineage_sensitivity,Hehku Energia Oy,6,observed_seller_data,45,2,0,0,0,0,0,0,0,0,0,,,0.0
dated_lineage_sensitivity,Hehku Energia Oy,6,observed_seller_data,60,0,0,0,0,0,0,0,0,0,0,,,
dated_lineage_sensitivity,Hehku Energia Oy,6,observed_seller_data,90,0,0,0,0,0,0,0,0,0,0,,,
dated_lineage_sensitivity,Hehku Energia Oy,12,observed_seller_data,7,152,138,122,16,138,122,16,0,2,2,0.8840579710144928,0.8840579710144928,0.9078947368421053
dated_lineage_sensitivity,Hehku Energia Oy,12,observed_seller_data,14,152,124,108,16,124,108,16,0,2,2,0.8709677419354839,0.8709677419354839,0.8157894736842105
dated_lineage_sensitivity,Hehku Energia Oy,12,observed_seller_data,30,152,92,76,16,92,76,16,0,2,2,0.8260869565217391,0.8260869565217391,0.6052631578947368
dated_lineage_sensitivity,Hehku Energia Oy,12,observed_seller_data,45,152,62,46,16,62,46,16,0,2,2,0.7419354838709677,0.7419354838709677,0.40789473684210525
dated_lineage_sensitivity,Hehku Energia Oy,12,observed_seller_data,60,138,32,16,16,32,16,16,0,2,2,0.5,0.5,0.2318840579710145
dated_lineage_sensitivity,Hehku Energia Oy,12,observed_seller_data,90,78,0,0,0,0,0,0,0,0,0,,,0.0
dated_lineage_sensitivity,Hehku Energia Oy,24,canonical_calculation,7,0,0,0,0,0,0,0,0,0,0,,,
dated_lineage_sensitivity,Hehku Energia Oy,24,canonical_calculation,14,0,0,0,0,0,0,0,0,0,0,,,
dated_lineage_sensitivity,Hehku Energia Oy,24,canonical_calculation,30,0,0,0,0,0,0,0,0,0,0,,,
dated_lineage_sensitivity,Hehku Energia Oy,24,canonical_calculation,45,0,0,0,0,0,0,0,0,0,0,,,
dated_lineage_sensitivity,Hehku Energia Oy,24,canonical_calculation,60,0,0,0,0,0,0,0,0,0,0,,,
dated_lineage_sensitivity,Hehku Energia Oy,24,canonical_calculation,90,0,0,0,0,0,0,0,0,0,0,,,
dated_lineage_sensitivity,Hehku Energia Oy,24,observed_seller_data,7,179,164,110,54,158,110,48,0,2,2,0.6707317073170732,0.6962025316455697,0.9162011173184358
dated_lineage_sensitivity,Hehku Energia Oy,24,observed_seller_data,14,179,151,70,81,139,67,72,0,2,2,0.46357615894039733,0.48201438848920863,0.8435754189944135
dated_lineage_sensitivity,Hehku Energia Oy,24,observed_seller_data,30,179,119,16,103,107,12,95,0,2,2,0.13445378151260504,0.11214953271028037,0.664804469273743
dated_lineage_sensitivity,Hehku Energia Oy,24,observed_seller_data,45,179,89,0,89,77,0,77,0,2,2,0.0,0.0,0.4972067039106145
dated_lineage_sensitivity,Hehku Energia Oy,24,observed_seller_data,60,165,59,0,59,47,0,47,0,2,2,0.0,0.0,0.3575757575757576
dated_lineage_sensitivity,Hehku Energia Oy,24,observed_seller_data,90,106,13,0,13,1,0,1,0,1,1,0.0,0.0,0.12264150943396226
dated_lineage_sensitivity,Helen Oy,6,canonical_calculation,7,34,31,0,31,0,0,0,0,1,0,0.0,,0.9117647058823529
dated_lineage_sensitivity,Helen Oy,6,canonical_calculation,14,28,26,0,26,0,0,0,0,1,0,0.0,,0.9285714285714286
dated_lineage_sensitivity,Helen Oy,6,canonical_calculation,30,14,11,0,11,0,0,0,0,1,0,0.0,,0.7857142857142857
dated_lineage_sensitivity,Helen Oy,6,canonical_calculation,45,3,2,0,2,0,0,0,0,1,0,0.0,,0.6666666666666666
dated_lineage_sensitivity,Helen Oy,6,canonical_calculation,60,0,0,0,0,0,0,0,0,0,0,,,
dated_lineage_sensitivity,Helen Oy,6,canonical_calculation,90,0,0,0,0,0,0,0,0,0,0,,,
dated_lineage_sensitivity,Helen Oy,6,observed_seller_data,7,1,0,0,0,0,0,0,0,0,0,,,0.0
dated_lineage_sensitivity,Helen Oy,6,observed_seller_data,14,1,0,0,0,0,0,0,0,0,0,,,0.0
dated_lineage_sensitivity,Helen Oy,6,observed_seller_data,30,1,0,0,0,0,0,0,0,0,0,,,0.0
dated_lineage_sensitivity,Helen Oy,6,observed_seller_data,45,1,0,0,0,0,0,0,0,0,0,,,0.0
dated_lineage_sensitivity,Helen Oy,6,observed_seller_data,60,0,0,0,0,0,0,0,0,0,0,,,
dated_lineage_sensitivity,Helen Oy,6,observed_seller_data,90,0,0,0,0,0,0,0,0,0,0,,,
dated_lineage_sensitivity,Helen Oy,12,canonical_calculation,7,33,31,0,31,0,0,0,0,1,0,0.0,,0.9393939393939394
dated_lineage_sensitivity,Helen Oy,12,canonical_calculation,14,27,25,6,19,0,0,0,0,1,0,0.24,,0.9259259259259259
dated_lineage_sensitivity,Helen Oy,12,canonical_calculation,30,13,10,0,10,0,0,0,0,1,0,0.0,,0.7692307692307693
dated_lineage_sensitivity,Helen Oy,12,canonical_calculation,45,2,1,0,1,0,0,0,0,1,0,0.0,,0.5
dated_lineage_sensitivity,Helen Oy,12,canonical_calculation,60,0,0,0,0,0,0,0,0,0,0,,,
dated_lineage_sensitivity,Helen Oy,12,canonical_calculation,90,0,0,0,0,0,0,0,0,0,0,,,
dated_lineage_sensitivity,Helen Oy,24,canonical_calculation,7,35,31,6,25,6,6,0,0,1,1,0.1935483870967742,1.0,0.8857142857142857
dated_lineage_sensitivity,Helen Oy,24,canonical_calculation,14,29,26,0,26,0,0,0,0,1,0,0.0,,0.896551724137931
dated_lineage_sensitivity,Helen Oy,24,canonical_calculation,30,14,11,0,11,0,0,0,0,1,0,0.0,,0.7857142857142857
dated_lineage_sensitivity,Helen Oy,24,canonical_calculation,45,3,2,1,1,0,0,0,0,1,0,0.5,,0.6666666666666666
dated_lineage_sensitivity,Helen Oy,24,canonical_calculation,60,0,0,0,0,0,0,0,0,0,0,,,
dated_lineage_sensitivity,Helen Oy,24,canonical_calculation,90,0,0,0,0,0,0,0,0,0,0,,,
dated_lineage_sensitivity,Helen Oy,24,observed_seller_data,7,1,0,0,0,0,0,0,0,0,0,,,0.0
dated_lineage_sensitivity,Helen Oy,24,observed_seller_data,14,1,0,0,0,0,0,0,0,0,0,,,0.0
dated_lineage_sensitivity,Helen Oy,24,observed_seller_data,30,1,0,0,0,0,0,0,0,0,0,,,0.0
dated_lineage_sensitivity,Helen Oy,24,observed_seller_data,45,1,0,0,0,0,0,0,0,0,0,,,0.0
dated_lineage_sensitivity,Helen Oy,24,observed_seller_data,60,0,0,0,0,0,0,0,0,0,0,,,
dated_lineage_sensitivity,Helen Oy,24,observed_seller_data,90,0,0,0,0,0,0,0,0,0,0,,,
dated_lineage_sensitivity,Imatran Seudun Sähkö Oy,6,canonical_calculation,7,32,17,0,17,0,0,0,0,2,0,0.0,,0.53125
dated_lineage_sensitivity,Imatran Seudun Sähkö Oy,6,canonical_calculation,14,27,12,0,12,0,0,0,0,2,0,0.0,,0.4444444444444444
dated_lineage_sensitivity,Imatran Seudun Sähkö Oy,6,canonical_calculation,30,13,0,0,0,0,0,0,0,0,0,,,0.0
dated_lineage_sensitivity,Imatran Seudun Sähkö Oy,6,canonical_calculation,45,3,0,0,0,0,0,0,0,0,0,,,0.0
dated_lineage_sensitivity,Imatran Seudun Sähkö Oy,6,canonical_calculation,60,0,0,0,0,0,0,0,0,0,0,,,
dated_lineage_sensitivity,Imatran Seudun Sähkö Oy,6,canonical_calculation,90,0,0,0,0,0,0,0,0,0,0,,,
dated_lineage_sensitivity,Imatran Seudun Sähkö Oy,6,observed_seller_data,7,89,82,44,38,82,44,38,0,1,1,0.5365853658536586,0.5365853658536586,0.9213483146067416
dated_lineage_sensitivity,Imatran Seudun Sähkö Oy,6,observed_seller_data,14,89,75,22,53,75,22,53,0,1,1,0.29333333333333333,0.29333333333333333,0.8426966292134831
dated_lineage_sensitivity,Imatran Seudun Sähkö Oy,6,observed_seller_data,30,89,59,5,54,59,5,54,0,1,1,0.0847457627118644,0.0847457627118644,0.6629213483146067
dated_lineage_sensitivity,Imatran Seudun Sähkö Oy,6,observed_seller_data,45,89,44,0,44,44,0,44,0,1,1,0.0,0.0,0.4943820224719101
dated_lineage_sensitivity,Imatran Seudun Sähkö Oy,6,observed_seller_data,60,78,29,0,29,29,0,29,0,1,1,0.0,0.0,0.3717948717948718
dated_lineage_sensitivity,Imatran Seudun Sähkö Oy,6,observed_seller_data,90,48,0,0,0,0,0,0,0,0,0,,,0.0
dated_lineage_sensitivity,Imatran Seudun Sähkö Oy,12,canonical_calculation,7,35,20,5,15,5,5,0,0,2,1,0.25,1.0,0.5714285714285714
dated_lineage_sensitivity,Imatran Seudun Sähkö Oy,12,canonical_calculation,14,29,14,5,9,0,0,0,0,2,0,0.35714285714285715,,0.4827586206896552
dated_lineage_sensitivity,Imatran Seudun Sähkö Oy,12,canonical_calculation,30,15,0,0,0,0,0,0,0,0,0,,,0.0
dated_lineage_sensitivity,Imatran Seudun Sähkö Oy,12,canonical_calculation,45,4,0,0,0,0,0,0,0,0,0,,,0.0
dated_lineage_sensitivity,Imatran Seudun Sähkö Oy,12,canonical_calculation,60,0,0,0,0,0,0,0,0,0,0,,,
dated_lineage_sensitivity,Imatran Seudun Sähkö Oy,12,canonical_calculation,90,0,0,0,0,0,0,0,0,0,0,,,
dated_lineage_sensitivity,Imatran Seudun Sähkö Oy,12,observed_seller_data,7,4,0,0,0,0,0,0,0,0,0,,,0.0
dated_lineage_sensitivity,Imatran Seudun Sähkö Oy,12,observed_seller_data,14,4,0,0,0,0,0,0,0,0,0,,,0.0
dated_lineage_sensitivity,Imatran Seudun Sähkö Oy,12,observed_seller_data,30,4,0,0,0,0,0,0,0,0,0,,,0.0
dated_lineage_sensitivity,Imatran Seudun Sähkö Oy,12,observed_seller_data,45,4,0,0,0,0,0,0,0,0,0,,,0.0
dated_lineage_sensitivity,Imatran Seudun Sähkö Oy,12,observed_seller_data,60,0,0,0,0,0,0,0,0,0,0,,,
dated_lineage_sensitivity,Imatran Seudun Sähkö Oy,12,observed_seller_data,90,0,0,0,0,0,0,0,0,0,0,,,
dated_lineage_sensitivity,Imatran Seudun Sähkö Oy,24,canonical_calculation,7,36,18,6,12,6,6,0,0,3,1,0.3333333333333333,1.0,0.5
dated_lineage_sensitivity,Imatran Seudun Sähkö Oy,24,canonical_calculation,14,31,7,0,7,0,0,0,0,1,0,0.0,,0.22580645161290322
dated_lineage_sensitivity,Imatran Seudun Sähkö Oy,24,canonical_calculation,30,17,0,0,0,0,0,0,0,0,0,,,0.0
dated_lineage_sensitivity,Imatran Seudun Sähkö Oy,24,canonical_calculation,45,3,0,0,0,0,0,0,0,0,0,,,0.0
dated_lineage_sensitivity,Imatran Seudun Sähkö Oy,24,canonical_calculation,60,0,0,0,0,0,0,0,0,0,0,,,
dated_lineage_sensitivity,Imatran Seudun Sähkö Oy,24,canonical_calculation,90,0,0,0,0,0,0,0,0,0,0,,,
dated_lineage_sensitivity,Imatran Seudun Sähkö Oy,24,observed_seller_data,7,109,102,57,45,102,57,45,0,1,1,0.5588235294117647,0.5588235294117647,0.9357798165137615
dated_lineage_sensitivity,Imatran Seudun Sähkö Oy,24,observed_seller_data,14,109,95,22,73,95,22,73,0,1,1,0.23157894736842105,0.23157894736842105,0.8715596330275229
dated_lineage_sensitivity,Imatran Seudun Sähkö Oy,24,observed_seller_data,30,109,79,0,79,79,0,79,0,1,1,0.0,0.0,0.7247706422018348
dated_lineage_sensitivity,Imatran Seudun Sähkö Oy,24,observed_seller_data,45,109,64,0,64,64,0,64,0,1,1,0.0,0.0,0.5871559633027523
dated_lineage_sensitivity,Imatran Seudun Sähkö Oy,24,observed_seller_data,60,98,49,0,49,49,0,49,0,1,1,0.0,0.0,0.5
dated_lineage_sensitivity,Imatran Seudun Sähkö Oy,24,observed_seller_data,90,68,19,0,19,19,0,19,0,1,1,0.0,0.0,0.27941176470588236
dated_lineage_sensitivity,Keravan Energia Oy,6,canonical_calculation,7,36,29,21,8,21,21,0,0,1,1,0.7241379310344828,1.0,0.8055555555555556
dated_lineage_sensitivity,Keravan Energia Oy,6,canonical_calculation,14,30,26,14,12,14,14,0,0,1,1,0.5384615384615384,1.0,0.8666666666666667
dated_lineage_sensitivity,Keravan Energia Oy,6,canonical_calculation,30,14,11,0,11,0,0,0,0,1,0,0.0,,0.7857142857142857
dated_lineage_sensitivity,Keravan Energia Oy,6,canonical_calculation,45,4,2,0,2,0,0,0,0,1,0,0.0,,0.5
dated_lineage_sensitivity,Keravan Energia Oy,6,canonical_calculation,60,0,0,0,0,0,0,0,0,0,0,,,
dated_lineage_sensitivity,Keravan Energia Oy,6,canonical_calculation,90,0,0,0,0,0,0,0,0,0,0,,,
dated_lineage_sensitivity,Keravan Energia Oy,6,observed_seller_data,7,4,0,0,0,0,0,0,0,0,0,,,0.0
dated_lineage_sensitivity,Keravan Energia Oy,6,observed_seller_data,14,4,0,0,0,0,0,0,0,0,0,,,0.0
dated_lineage_sensitivity,Keravan Energia Oy,6,observed_seller_data,30,4,0,0,0,0,0,0,0,0,0,,,0.0
dated_lineage_sensitivity,Keravan Energia Oy,6,observed_seller_data,45,4,0,0,0,0,0,0,0,0,0,,,0.0
dated_lineage_sensitivity,Keravan Energia Oy,6,observed_seller_data,60,0,0,0,0,0,0,0,0,0,0,,,
dated_lineage_sensitivity,Keravan Energia Oy,6,observed_seller_data,90,0,0,0,0,0,0,0,0,0,0,,,
dated_lineage_sensitivity,Keravan Energia Oy,12,canonical_calculation,7,70,57,42,15,42,42,0,0,2,2,0.7368421052631579,1.0,0.8142857142857143
dated_lineage_sensitivity,Keravan Energia Oy,12,canonical_calculation,14,58,50,28,22,28,28,0,0,2,2,0.56,1.0,0.8620689655172413
dated_lineage_sensitivity,Keravan Energia Oy,12,canonical_calculation,30,26,20,0,20,0,0,0,0,2,0,0.0,,0.7692307692307693
dated_lineage_sensitivity,Keravan Energia Oy,12,canonical_calculation,45,6,4,0,4,0,0,0,0,2,0,0.0,,0.6666666666666666
dated_lineage_sensitivity,Keravan Energia Oy,12,canonical_calculation,60,0,0,0,0,0,0,0,0,0,0,,,
dated_lineage_sensitivity,Keravan Energia Oy,12,canonical_calculation,90,0,0,0,0,0,0,0,0,0,0,,,
dated_lineage_sensitivity,Keravan Energia Oy,12,observed_seller_data,7,8,0,0,0,0,0,0,0,0,0,,,0.0
dated_lineage_sensitivity,Keravan Energia Oy,12,observed_seller_data,14,8,0,0,0,0,0,0,0,0,0,,,0.0
dated_lineage_sensitivity,Keravan Energia Oy,12,observed_seller_data,30,8,0,0,0,0,0,0,0,0,0,,,0.0
dated_lineage_sensitivity,Keravan Energia Oy,12,observed_seller_data,45,8,0,0,0,0,0,0,0,0,0,,,0.0
dated_lineage_sensitivity,Keravan Energia Oy,12,observed_seller_data,60,0,0,0,0,0,0,0,0,0,0,,,
dated_lineage_sensitivity,Keravan Energia Oy,12,observed_seller_data,90,0,0,0,0,0,0,0,0,0,0,,,
dated_lineage_sensitivity,Keravan Energia Oy,24,canonical_calculation,7,74,62,32,30,30,30,0,0,2,2,0.5161290322580645,1.0,0.8378378378378378
dated_lineage_sensitivity,Keravan Energia Oy,24,canonical_calculation,14,62,50,6,44,6,6,0,0,2,2,0.12,1.0,0.8064516129032258
dated_lineage_sensitivity,Keravan Energia Oy,24,canonical_calculation,30,34,26,0,26,0,0,0,0,2,0,0.0,,0.7647058823529411
dated_lineage_sensitivity,Keravan Energia Oy,24,canonical_calculation,45,6,4,0,4,0,0,0,0,2,0,0.0,,0.6666666666666666
dated_lineage_sensitivity,Keravan Energia Oy,24,canonical_calculation,60,0,0,0,0,0,0,0,0,0,0,,,
dated_lineage_sensitivity,Keravan Energia Oy,24,canonical_calculation,90,0,0,0,0,0,0,0,0,0,0,,,
dated_lineage_sensitivity,Keravan Energia Oy,24,observed_seller_data,7,86,75,54,21,75,54,21,0,1,1,0.72,0.72,0.872093023255814
dated_lineage_sensitivity,Keravan Energia Oy,24,observed_seller_data,14,86,68,32,36,68,32,36,0,1,1,0.47058823529411764,0.47058823529411764,0.7906976744186046
dated_lineage_sensitivity,Keravan Energia Oy,24,observed_seller_data,30,86,52,0,52,52,0,52,0,1,1,0.0,0.0,0.6046511627906976
dated_lineage_sensitivity,Keravan Energia Oy,24,observed_seller_data,45,86,37,0,37,37,0,37,0,1,1,0.0,0.0,0.43023255813953487
dated_lineage_sensitivity,Keravan Energia Oy,24,observed_seller_data,60,71,22,0,22,22,0,22,0,1,1,0.0,0.0,0.30985915492957744
dated_lineage_sensitivity,Keravan Energia Oy,24,observed_seller_data,90,41,0,0,0,0,0,0,0,0,0,,,0.0
dated_lineage_sensitivity,Koillis-Satakunnan Sähkö Oy,12,observed_seller_data,7,104,97,83,14,97,83,14,0,1,1,0.8556701030927835,0.8556701030927835,0.9326923076923077
dated_lineage_sensitivity,Koillis-Satakunnan Sähkö Oy,12,observed_seller_data,14,104,90,68,22,90,68,22,0,1,1,0.7555555555555555,0.7555555555555555,0.8653846153846154
dated_lineage_sensitivity,Koillis-Satakunnan Sähkö Oy,12,observed_seller_data,30,104,74,36,38,74,36,38,0,1,1,0.4864864864864865,0.4864864864864865,0.7115384615384616
dated_lineage_sensitivity,Koillis-Satakunnan Sähkö Oy,12,observed_seller_data,45,104,59,11,48,59,11,48,0,1,1,0.1864406779661017,0.1864406779661017,0.5673076923076923
dated_lineage_sensitivity,Koillis-Satakunnan Sähkö Oy,12,observed_seller_data,60,97,44,0,44,44,0,44,0,1,1,0.0,0.0,0.4536082474226804
dated_lineage_sensitivity,Koillis-Satakunnan Sähkö Oy,12,observed_seller_data,90,67,14,0,14,14,0,14,0,1,1,0.0,0.0,0.208955223880597
dated_lineage_sensitivity,Koillis-Satakunnan Sähkö Oy,24,observed_seller_data,7,104,97,76,21,97,76,21,0,1,1,0.7835051546391752,0.7835051546391752,0.9326923076923077
dated_lineage_sensitivity,Koillis-Satakunnan Sähkö Oy,24,observed_seller_data,14,104,90,54,36,90,54,36,0,1,1,0.6,0.6,0.8653846153846154
dated_lineage_sensitivity,Koillis-Satakunnan Sähkö Oy,24,observed_seller_data,30,104,74,22,52,74,22,52,0,1,1,0.2972972972972973,0.2972972972972973,0.7115384615384616
dated_lineage_sensitivity,Koillis-Satakunnan Sähkö Oy,24,observed_seller_data,45,104,59,0,59,59,0,59,0,1,1,0.0,0.0,0.5673076923076923
dated_lineage_sensitivity,Koillis-Satakunnan Sähkö Oy,24,observed_seller_data,60,97,44,0,44,44,0,44,0,1,1,0.0,0.0,0.4536082474226804
dated_lineage_sensitivity,Koillis-Satakunnan Sähkö Oy,24,observed_seller_data,90,67,14,0,14,14,0,14,0,1,1,0.0,0.0,0.208955223880597
dated_lineage_sensitivity,Kokkolan Energia Oy,6,canonical_calculation,7,33,25,5,20,1,1,0,0,1,1,0.2,1.0,0.7575757575757576
dated_lineage_sensitivity,Kokkolan Energia Oy,6,canonical_calculation,14,28,23,1,22,0,0,0,0,1,0,0.043478260869565216,,0.8214285714285714
dated_lineage_sensitivity,Kokkolan Energia Oy,6,canonical_calculation,30,14,12,0,12,0,0,0,0,1,0,0.0,,0.8571428571428571
dated_lineage_sensitivity,Kokkolan Energia Oy,6,canonical_calculation,45,4,3,0,3,0,0,0,0,1,0,0.0,,0.75
dated_lineage_sensitivity,Kokkolan Energia Oy,6,canonical_calculation,60,0,0,0,0,0,0,0,0,0,0,,,
dated_lineage_sensitivity,Kokkolan Energia Oy,6,canonical_calculation,90,0,0,0,0,0,0,0,0,0,0,,,
dated_lineage_sensitivity,Kokkolan Energia Oy,6,observed_seller_data,7,83,76,56,20,76,56,20,0,1,1,0.7368421052631579,0.7368421052631579,0.9156626506024096
dated_lineage_sensitivity,Kokkolan Energia Oy,6,observed_seller_data,14,83,69,35,34,69,35,34,0,1,1,0.5072463768115942,0.5072463768115942,0.8313253012048193
dated_lineage_sensitivity,Kokkolan Energia Oy,6,observed_seller_data,30,83,53,16,37,53,16,37,0,1,1,0.3018867924528302,0.3018867924528302,0.6385542168674698
dated_lineage_sensitivity,Kokkolan Energia Oy,6,observed_seller_data,45,83,38,1,37,38,1,37,0,1,1,0.02631578947368421,0.02631578947368421,0.4578313253012048
dated_lineage_sensitivity,Kokkolan Energia Oy,6,observed_seller_data,60,72,23,0,23,23,0,23,0,1,1,0.0,0.0,0.3194444444444444
dated_lineage_sensitivity,Kokkolan Energia Oy,6,observed_seller_data,90,42,0,0,0,0,0,0,0,0,0,,,0.0
dated_lineage_sensitivity,Kokkolan Energia Oy,12,canonical_calculation,7,39,34,22,12,21,21,0,0,1,1,0.6470588235294118,1.0,0.8717948717948718
dated_lineage_sensitivity,Kokkolan Energia Oy,12,canonical_calculation,14,34,29,8,21,7,7,0,0,1,1,0.27586206896551724,1.0,0.8529411764705882
dated_lineage_sensitivity,Kokkolan Energia Oy,12,canonical_calculation,30,18,14,0,14,0,0,0,0,1,0,0.0,,0.7777777777777778
dated_lineage_sensitivity,Kokkolan Energia Oy,12,canonical_calculation,45,4,3,0,3,0,0,0,0,1,0,0.0,,0.75
dated_lineage_sensitivity,Kokkolan Energia Oy,12,canonical_calculation,60,0,0,0,0,0,0,0,0,0,0,,,
dated_lineage_sensitivity,Kokkolan Energia Oy,12,canonical_calculation,90,0,0,0,0,0,0,0,0,0,0,,,
dated_lineage_sensitivity,Kokkolan Energia Oy,12,observed_seller_data,7,83,76,63,13,76,63,13,0,1,1,0.8289473684210527,0.8289473684210527,0.9156626506024096
dated_lineage_sensitivity,Kokkolan Energia Oy,12,observed_seller_data,14,83,69,49,20,69,49,20,0,1,1,0.7101449275362319,0.7101449275362319,0.8313253012048193
dated_lineage_sensitivity,Kokkolan Energia Oy,12,observed_seller_data,30,83,53,31,22,53,31,22,0,1,1,0.5849056603773585,0.5849056603773585,0.6385542168674698
dated_lineage_sensitivity,Kokkolan Energia Oy,12,observed_seller_data,45,83,38,16,22,38,16,22,0,1,1,0.42105263157894735,0.42105263157894735,0.4578313253012048
dated_lineage_sensitivity,Kokkolan Energia Oy,12,observed_seller_data,60,72,23,1,22,23,1,22,0,1,1,0.043478260869565216,0.043478260869565216,0.3194444444444444
dated_lineage_sensitivity,Kokkolan Energia Oy,12,observed_seller_data,90,42,0,0,0,0,0,0,0,0,0,,,0.0
dated_lineage_sensitivity,Kokkolan Energia Oy,24,canonical_calculation,7,39,34,30,4,29,29,0,0,1,1,0.8823529411764706,1.0,0.8717948717948718
dated_lineage_sensitivity,Kokkolan Energia Oy,24,canonical_calculation,14,35,30,23,7,22,22,0,0,1,1,0.7666666666666667,1.0,0.8571428571428571
dated_lineage_sensitivity,Kokkolan Energia Oy,24,canonical_calculation,30,19,14,7,7,6,6,0,0,1,1,0.5,1.0,0.7368421052631579
dated_lineage_sensitivity,Kokkolan Energia Oy,24,canonical_calculation,45,4,3,0,3,0,0,0,0,1,0,0.0,,0.75
dated_lineage_sensitivity,Kokkolan Energia Oy,24,canonical_calculation,60,0,0,0,0,0,0,0,0,0,0,,,
dated_lineage_sensitivity,Kokkolan Energia Oy,24,canonical_calculation,90,0,0,0,0,0,0,0,0,0,0,,,
dated_lineage_sensitivity,Kokkolan Energia Oy,24,observed_seller_data,7,67,60,34,26,60,34,26,0,1,1,0.5666666666666667,0.5666666666666667,0.8955223880597015
dated_lineage_sensitivity,Kokkolan Energia Oy,24,observed_seller_data,14,67,53,13,40,53,13,40,0,1,1,0.24528301886792453,0.24528301886792453,0.7910447761194029
dated_lineage_sensitivity,Kokkolan Energia Oy,24,observed_seller_data,30,67,37,0,37,37,0,37,0,1,1,0.0,0.0,0.5522388059701493
dated_lineage_sensitivity,Kokkolan Energia Oy,24,observed_seller_data,45,67,22,0,22,22,0,22,0,1,1,0.0,0.0,0.3283582089552239
dated_lineage_sensitivity,Kokkolan Energia Oy,24,observed_seller_data,60,56,7,0,7,7,0,7,0,1,1,0.0,0.0,0.125
dated_lineage_sensitivity,Kokkolan Energia Oy,24,observed_seller_data,90,26,0,0,0,0,0,0,0,0,0,,,0.0
dated_lineage_sensitivity,Korpelan Energia Oy,12,canonical_calculation,7,38,33,21,12,21,21,0,0,1,1,0.6363636363636364,1.0,0.868421052631579
dated_lineage_sensitivity,Korpelan Energia Oy,12,canonical_calculation,14,31,28,14,14,14,14,0,0,1,1,0.5,1.0,0.9032258064516129
dated_lineage_sensitivity,Korpelan Energia Oy,12,canonical_calculation,30,15,13,0,13,0,0,0,0,1,0,0.0,,0.8666666666666667
dated_lineage_sensitivity,Korpelan Energia Oy,12,canonical_calculation,45,4,2,0,2,0,0,0,0,1,0,0.0,,0.5
dated_lineage_sensitivity,Korpelan Energia Oy,12,canonical_calculation,60,0,0,0,0,0,0,0,0,0,0,,,
dated_lineage_sensitivity,Korpelan Energia Oy,12,canonical_calculation,90,0,0,0,0,0,0,0,0,0,0,,,
dated_lineage_sensitivity,Korpelan Energia Oy,12,observed_seller_data,7,4,0,0,0,0,0,0,0,0,0,,,0.0
dated_lineage_sensitivity,Korpelan Energia Oy,12,observed_seller_data,14,4,0,0,0,0,0,0,0,0,0,,,0.0
dated_lineage_sensitivity,Korpelan Energia Oy,12,observed_seller_data,30,4,0,0,0,0,0,0,0,0,0,,,0.0
dated_lineage_sensitivity,Korpelan Energia Oy,12,observed_seller_data,45,4,0,0,0,0,0,0,0,0,0,,,0.0
dated_lineage_sensitivity,Korpelan Energia Oy,12,observed_seller_data,60,0,0,0,0,0,0,0,0,0,0,,,
dated_lineage_sensitivity,Korpelan Energia Oy,12,observed_seller_data,90,0,0,0,0,0,0,0,0,0,0,,,
dated_lineage_sensitivity,Korpelan Energia Oy,24,canonical_calculation,7,6,4,2,2,2,2,0,0,1,1,0.5,1.0,0.6666666666666666
dated_lineage_sensitivity,Korpelan Energia Oy,24,canonical_calculation,14,0,0,0,0,0,0,0,0,0,0,,,
dated_lineage_sensitivity,Korpelan Energia Oy,24,canonical_calculation,30,0,0,0,0,0,0,0,0,0,0,,,
dated_lineage_sensitivity,Korpelan Energia Oy,24,canonical_calculation,45,0,0,0,0,0,0,0,0,0,0,,,
dated_lineage_sensitivity,Korpelan Energia Oy,24,canonical_calculation,60,0,0,0,0,0,0,0,0,0,0,,,
dated_lineage_sensitivity,Korpelan Energia Oy,24,canonical_calculation,90,0,0,0,0,0,0,0,0,0,0,,,
dated_lineage_sensitivity,Köyliön-Säkylän Sähkö Oy,12,canonical_calculation,7,41,38,32,6,32,32,0,0,1,1,0.8421052631578947,1.0,0.926829268292683
dated_lineage_sensitivity,Köyliön-Säkylän Sähkö Oy,12,canonical_calculation,14,34,32,20,12,20,20,0,0,1,1,0.625,1.0,0.9411764705882353
dated_lineage_sensitivity,Köyliön-Säkylän Sähkö Oy,12,canonical_calculation,30,18,16,4,12,4,4,0,0,1,1,0.25,1.0,0.8888888888888888
dated_lineage_sensitivity,Köyliön-Säkylän Sähkö Oy,12,canonical_calculation,45,4,2,0,2,0,0,0,0,1,0,0.0,,0.5
dated_lineage_sensitivity,Köyliön-Säkylän Sähkö Oy,12,canonical_calculation,60,0,0,0,0,0,0,0,0,0,0,,,
dated_lineage_sensitivity,Köyliön-Säkylän Sähkö Oy,12,canonical_calculation,90,0,0,0,0,0,0,0,0,0,0,,,
dated_lineage_sensitivity,Köyliön-Säkylän Sähkö Oy,12,observed_seller_data,7,100,93,86,7,93,86,7,0,1,1,0.9247311827956989,0.9247311827956989,0.93
dated_lineage_sensitivity,Köyliön-Säkylän Sähkö Oy,12,observed_seller_data,14,100,86,77,9,86,77,9,0,1,1,0.8953488372093024,0.8953488372093024,0.86
dated_lineage_sensitivity,Köyliön-Säkylän Sähkö Oy,12,observed_seller_data,30,100,70,61,9,70,61,9,0,1,1,0.8714285714285714,0.8714285714285714,0.7
dated_lineage_sensitivity,Köyliön-Säkylän Sähkö Oy,12,observed_seller_data,45,100,55,46,9,55,46,9,0,1,1,0.8363636363636363,0.8363636363636363,0.55
dated_lineage_sensitivity,Köyliön-Säkylän Sähkö Oy,12,observed_seller_data,60,89,40,31,9,40,31,9,0,1,1,0.775,0.775,0.449438202247191
dated_lineage_sensitivity,Köyliön-Säkylän Sähkö Oy,12,observed_seller_data,90,59,10,1,9,10,1,9,0,1,1,0.1,0.1,0.1694915254237288
dated_lineage_sensitivity,Köyliön-Säkylän Sähkö Oy,24,canonical_calculation,7,41,38,32,6,32,32,0,0,1,1,0.8421052631578947,1.0,0.926829268292683
dated_lineage_sensitivity,Köyliön-Säkylän Sähkö Oy,24,canonical_calculation,14,34,32,20,12,20,20,0,0,1,1,0.625,1.0,0.9411764705882353
dated_lineage_sensitivity,Köyliön-Säkylän Sähkö Oy,24,canonical_calculation,30,18,16,4,12,4,4,0,0,1,1,0.25,1.0,0.8888888888888888
dated_lineage_sensitivity,Köyliön-Säkylän Sähkö Oy,24,canonical_calculation,45,4,2,0,2,0,0,0,0,1,0,0.0,,0.5
dated_lineage_sensitivity,Köyliön-Säkylän Sähkö Oy,24,canonical_calculation,60,0,0,0,0,0,0,0,0,0,0,,,
dated_lineage_sensitivity,Köyliön-Säkylän Sähkö Oy,24,canonical_calculation,90,0,0,0,0,0,0,0,0,0,0,,,
dated_lineage_sensitivity,Köyliön-Säkylän Sähkö Oy,24,observed_seller_data,7,101,94,87,7,94,87,7,0,1,1,0.925531914893617,0.925531914893617,0.9306930693069307
dated_lineage_sensitivity,Köyliön-Säkylän Sähkö Oy,24,observed_seller_data,14,101,87,78,9,87,78,9,0,1,1,0.896551724137931,0.896551724137931,0.8613861386138614
dated_lineage_sensitivity,Köyliön-Säkylän Sähkö Oy,24,observed_seller_data,30,101,71,62,9,71,62,9,0,1,1,0.8732394366197183,0.8732394366197183,0.7029702970297029
dated_lineage_sensitivity,Köyliön-Säkylän Sähkö Oy,24,observed_seller_data,45,101,56,47,9,56,47,9,0,1,1,0.8392857142857143,0.8392857142857143,0.5544554455445545
dated_lineage_sensitivity,Köyliön-Säkylän Sähkö Oy,24,observed_seller_data,60,90,41,32,9,41,32,9,0,1,1,0.7804878048780488,0.7804878048780488,0.45555555555555555
dated_lineage_sensitivity,Köyliön-Säkylän Sähkö Oy,24,observed_seller_data,90,60,11,2,9,11,2,9,0,1,1,0.18181818181818182,0.18181818181818182,0.18333333333333332
dated_lineage_sensitivity,Lammaisten Energia Oy,12,canonical_calculation,7,41,39,35,4,35,35,0,0,1,1,0.8974358974358975,1.0,0.9512195121951219
dated_lineage_sensitivity,Lammaisten Energia Oy,12,canonical_calculation,14,34,32,28,4,28,28,0,0,1,1,0.875,1.0,0.9411764705882353
dated_lineage_sensitivity,Lammaisten Energia Oy,12,canonical_calculation,30,18,16,12,4,12,12,0,0,1,1,0.75,1.0,0.8888888888888888
dated_lineage_sensitivity,Lammaisten Energia Oy,12,canonical_calculation,45,4,2,0,2,0,0,0,0,1,0,0.0,,0.5
dated_lineage_sensitivity,Lammaisten Energia Oy,12,canonical_calculation,60,0,0,0,0,0,0,0,0,0,0,,,
dated_lineage_sensitivity,Lammaisten Energia Oy,12,canonical_calculation,90,0,0,0,0,0,0,0,0,0,0,,,
dated_lineage_sensitivity,Lammaisten Energia Oy,12,observed_seller_data,7,4,0,0,0,0,0,0,0,0,0,,,0.0
dated_lineage_sensitivity,Lammaisten Energia Oy,12,observed_seller_data,14,4,0,0,0,0,0,0,0,0,0,,,0.0
dated_lineage_sensitivity,Lammaisten Energia Oy,12,observed_seller_data,30,4,0,0,0,0,0,0,0,0,0,,,0.0
dated_lineage_sensitivity,Lammaisten Energia Oy,12,observed_seller_data,45,4,0,0,0,0,0,0,0,0,0,,,0.0
dated_lineage_sensitivity,Lammaisten Energia Oy,12,observed_seller_data,60,0,0,0,0,0,0,0,0,0,0,,,
dated_lineage_sensitivity,Lammaisten Energia Oy,12,observed_seller_data,90,0,0,0,0,0,0,0,0,0,0,,,
dated_lineage_sensitivity,Lammaisten Energia Oy,24,canonical_calculation,7,41,39,35,4,35,35,0,0,1,1,0.8974358974358975,1.0,0.9512195121951219
dated_lineage_sensitivity,Lammaisten Energia Oy,24,canonical_calculation,14,34,32,28,4,28,28,0,0,1,1,0.875,1.0,0.9411764705882353
dated_lineage_sensitivity,Lammaisten Energia Oy,24,canonical_calculation,30,18,16,12,4,12,12,0,0,1,1,0.75,1.0,0.8888888888888888
dated_lineage_sensitivity,Lammaisten Energia Oy,24,canonical_calculation,45,4,2,0,2,0,0,0,0,1,0,0.0,,0.5
dated_lineage_sensitivity,Lammaisten Energia Oy,24,canonical_calculation,60,0,0,0,0,0,0,0,0,0,0,,,
dated_lineage_sensitivity,Lammaisten Energia Oy,24,canonical_calculation,90,0,0,0,0,0,0,0,0,0,0,,,
dated_lineage_sensitivity,Lammaisten Energia Oy,24,observed_seller_data,7,4,0,0,0,0,0,0,0,0,0,,,0.0
dated_lineage_sensitivity,Lammaisten Energia Oy,24,observed_seller_data,14,4,0,0,0,0,0,0,0,0,0,,,0.0
dated_lineage_sensitivity,Lammaisten Energia Oy,24,observed_seller_data,30,4,0,0,0,0,0,0,0,0,0,,,0.0
dated_lineage_sensitivity,Lammaisten Energia Oy,24,observed_seller_data,45,4,0,0,0,0,0,0,0,0,0,,,0.0
dated_lineage_sensitivity,Lammaisten Energia Oy,24,observed_seller_data,60,0,0,0,0,0,0,0,0,0,0,,,
dated_lineage_sensitivity,Lammaisten Energia Oy,24,observed_seller_data,90,0,0,0,0,0,0,0,0,0,0,,,
dated_lineage_sensitivity,Lumme Energia,12,canonical_calculation,7,20,13,7,6,5,5,0,0,1,1,0.5384615384615384,1.0,0.65
dated_lineage_sensitivity,Lumme Energia,12,canonical_calculation,14,20,7,0,7,0,0,0,0,1,0,0.0,,0.35
dated_lineage_sensitivity,Lumme Energia,12,canonical_calculation,30,18,0,0,0,0,0,0,0,0,0,,,0.0
dated_lineage_sensitivity,Lumme Energia,12,canonical_calculation,45,4,0,0,0,0,0,0,0,0,0,,,0.0
dated_lineage_sensitivity,Lumme Energia,12,canonical_calculation,60,0,0,0,0,0,0,0,0,0,0,,,
dated_lineage_sensitivity,Lumme Energia,12,canonical_calculation,90,0,0,0,0,0,0,0,0,0,0,,,
dated_lineage_sensitivity,Lumme Energia,12,observed_seller_data,7,1,0,0,0,0,0,0,0,0,0,,,0.0
dated_lineage_sensitivity,Lumme Energia,12,observed_seller_data,14,1,0,0,0,0,0,0,0,0,0,,,0.0
dated_lineage_sensitivity,Lumme Energia,12,observed_seller_data,30,1,0,0,0,0,0,0,0,0,0,,,0.0
dated_lineage_sensitivity,Lumme Energia,12,observed_seller_data,45,1,0,0,0,0,0,0,0,0,0,,,0.0
dated_lineage_sensitivity,Lumme Energia,12,observed_seller_data,60,0,0,0,0,0,0,0,0,0,0,,,
dated_lineage_sensitivity,Lumme Energia,12,observed_seller_data,90,0,0,0,0,0,0,0,0,0,0,,,
dated_lineage_sensitivity,Lumme Energia,24,canonical_calculation,7,2,0,0,0,0,0,0,0,0,0,,,0.0
dated_lineage_sensitivity,Lumme Energia,24,canonical_calculation,14,2,0,0,0,0,0,0,0,0,0,,,0.0
dated_lineage_sensitivity,Lumme Energia,24,canonical_calculation,30,0,0,0,0,0,0,0,0,0,0,,,
dated_lineage_sensitivity,Lumme Energia,24,canonical_calculation,45,0,0,0,0,0,0,0,0,0,0,,,
dated_lineage_sensitivity,Lumme Energia,24,canonical_calculation,60,0,0,0,0,0,0,0,0,0,0,,,
dated_lineage_sensitivity,Lumme Energia,24,canonical_calculation,90,0,0,0,0,0,0,0,0,0,0,,,
dated_lineage_sensitivity,Nurmijärven Sähkö Oy,12,canonical_calculation,7,42,41,34,7,41,34,7,0,1,1,0.8292682926829268,0.8292682926829268,0.9761904761904762
dated_lineage_sensitivity,Nurmijärven Sähkö Oy,12,canonical_calculation,14,35,34,24,10,34,24,10,0,1,1,0.7058823529411765,0.7058823529411765,0.9714285714285714
dated_lineage_sensitivity,Nurmijärven Sähkö Oy,12,canonical_calculation,30,19,18,8,10,18,8,10,0,1,1,0.4444444444444444,0.4444444444444444,0.9473684210526315
dated_lineage_sensitivity,Nurmijärven Sähkö Oy,12,canonical_calculation,45,4,3,0,3,3,0,3,0,1,1,0.0,0.0,0.75
dated_lineage_sensitivity,Nurmijärven Sähkö Oy,12,canonical_calculation,60,0,0,0,0,0,0,0,0,0,0,,,
dated_lineage_sensitivity,Nurmijärven Sähkö Oy,12,canonical_calculation,90,0,0,0,0,0,0,0,0,0,0,,,
dated_lineage_sensitivity,Nurmijärven Sähkö Oy,12,observed_seller_data,7,4,0,0,0,0,0,0,0,0,0,,,0.0
dated_lineage_sensitivity,Nurmijärven Sähkö Oy,12,observed_seller_data,14,4,0,0,0,0,0,0,0,0,0,,,0.0
dated_lineage_sensitivity,Nurmijärven Sähkö Oy,12,observed_seller_data,30,4,0,0,0,0,0,0,0,0,0,,,0.0
dated_lineage_sensitivity,Nurmijärven Sähkö Oy,12,observed_seller_data,45,4,0,0,0,0,0,0,0,0,0,,,0.0
dated_lineage_sensitivity,Nurmijärven Sähkö Oy,12,observed_seller_data,60,0,0,0,0,0,0,0,0,0,0,,,
dated_lineage_sensitivity,Nurmijärven Sähkö Oy,12,observed_seller_data,90,0,0,0,0,0,0,0,0,0,0,,,
dated_lineage_sensitivity,Nurmijärven Sähkö Oy,24,canonical_calculation,7,42,41,34,7,41,34,7,0,1,1,0.8292682926829268,0.8292682926829268,0.9761904761904762
dated_lineage_sensitivity,Nurmijärven Sähkö Oy,24,canonical_calculation,14,35,34,24,10,34,24,10,0,1,1,0.7058823529411765,0.7058823529411765,0.9714285714285714
dated_lineage_sensitivity,Nurmijärven Sähkö Oy,24,canonical_calculation,30,19,18,8,10,18,8,10,0,1,1,0.4444444444444444,0.4444444444444444,0.9473684210526315
dated_lineage_sensitivity,Nurmijärven Sähkö Oy,24,canonical_calculation,45,4,3,0,3,3,0,3,0,1,1,0.0,0.0,0.75
dated_lineage_sensitivity,Nurmijärven Sähkö Oy,24,canonical_calculation,60,0,0,0,0,0,0,0,0,0,0,,,
dated_lineage_sensitivity,Nurmijärven Sähkö Oy,24,canonical_calculation,90,0,0,0,0,0,0,0,0,0,0,,,
dated_lineage_sensitivity,Nurmijärven Sähkö Oy,24,observed_seller_data,7,4,0,0,0,0,0,0,0,0,0,,,0.0
dated_lineage_sensitivity,Nurmijärven Sähkö Oy,24,observed_seller_data,14,4,0,0,0,0,0,0,0,0,0,,,0.0
dated_lineage_sensitivity,Nurmijärven Sähkö Oy,24,observed_seller_data,30,4,0,0,0,0,0,0,0,0,0,,,0.0
dated_lineage_sensitivity,Nurmijärven Sähkö Oy,24,observed_seller_data,45,4,0,0,0,0,0,0,0,0,0,,,0.0
dated_lineage_sensitivity,Nurmijärven Sähkö Oy,24,observed_seller_data,60,0,0,0,0,0,0,0,0,0,0,,,
dated_lineage_sensitivity,Nurmijärven Sähkö Oy,24,observed_seller_data,90,0,0,0,0,0,0,0,0,0,0,,,
dated_lineage_sensitivity,Omavoima Oy,12,canonical_calculation,7,38,34,22,12,22,22,0,0,1,1,0.6470588235294118,1.0,0.8947368421052632
dated_lineage_sensitivity,Omavoima Oy,12,canonical_calculation,14,32,30,13,17,13,13,0,0,1,1,0.43333333333333335,1.0,0.9375
dated_lineage_sensitivity,Omavoima Oy,12,canonical_calculation,30,16,14,0,14,0,0,0,0,1,0,0.0,,0.875
dated_lineage_sensitivity,Omavoima Oy,12,canonical_calculation,45,3,2,0,2,0,0,0,0,1,0,0.0,,0.6666666666666666
dated_lineage_sensitivity,Omavoima Oy,12,canonical_calculation,60,0,0,0,0,0,0,0,0,0,0,,,
dated_lineage_sensitivity,Omavoima Oy,12,canonical_calculation,90,0,0,0,0,0,0,0,0,0,0,,,
dated_lineage_sensitivity,Omavoima Oy,12,observed_seller_data,7,104,97,90,7,97,90,7,0,1,1,0.9278350515463918,0.9278350515463918,0.9326923076923077
dated_lineage_sensitivity,Omavoima Oy,12,observed_seller_data,14,104,90,76,14,90,76,14,0,1,1,0.8444444444444444,0.8444444444444444,0.8653846153846154
dated_lineage_sensitivity,Omavoima Oy,12,observed_seller_data,30,104,74,44,30,74,44,30,0,1,1,0.5945945945945946,0.5945945945945946,0.7115384615384616
dated_lineage_sensitivity,Omavoima Oy,12,observed_seller_data,45,104,59,17,42,59,17,42,0,1,1,0.288135593220339,0.288135593220339,0.5673076923076923
dated_lineage_sensitivity,Omavoima Oy,12,observed_seller_data,60,93,44,2,42,44,2,42,0,1,1,0.045454545454545456,0.045454545454545456,0.4731182795698925
dated_lineage_sensitivity,Omavoima Oy,12,observed_seller_data,90,63,14,0,14,14,0,14,0,1,1,0.0,0.0,0.2222222222222222
dated_lineage_sensitivity,Omavoima Oy,24,canonical_calculation,7,40,38,31,7,31,31,0,0,1,1,0.8157894736842105,1.0,0.95
dated_lineage_sensitivity,Omavoima Oy,24,canonical_calculation,14,34,32,23,9,23,23,0,0,1,1,0.71875,1.0,0.9411764705882353
dated_lineage_sensitivity,Omavoima Oy,24,canonical_calculation,30,18,16,7,9,7,7,0,0,1,1,0.4375,1.0,0.8888888888888888
dated_lineage_sensitivity,Omavoima Oy,24,canonical_calculation,45,3,2,0,2,0,0,0,0,1,0,0.0,,0.6666666666666666
dated_lineage_sensitivity,Omavoima Oy,24,canonical_calculation,60,0,0,0,0,0,0,0,0,0,0,,,
dated_lineage_sensitivity,Omavoima Oy,24,canonical_calculation,90,0,0,0,0,0,0,0,0,0,0,,,
dated_lineage_sensitivity,Omavoima Oy,24,observed_seller_data,7,104,97,90,7,97,90,7,0,1,1,0.9278350515463918,0.9278350515463918,0.9326923076923077
dated_lineage_sensitivity,Omavoima Oy,24,observed_seller_data,14,104,90,76,14,90,76,14,0,1,1,0.8444444444444444,0.8444444444444444,0.8653846153846154
dated_lineage_sensitivity,Omavoima Oy,24,observed_seller_data,30,104,74,44,30,74,44,30,0,1,1,0.5945945945945946,0.5945945945945946,0.7115384615384616
dated_lineage_sensitivity,Omavoima Oy,24,observed_seller_data,45,104,59,17,42,59,17,42,0,1,1,0.288135593220339,0.288135593220339,0.5673076923076923
dated_lineage_sensitivity,Omavoima Oy,24,observed_seller_data,60,93,44,2,42,44,2,42,0,1,1,0.045454545454545456,0.045454545454545456,0.4731182795698925
dated_lineage_sensitivity,Omavoima Oy,24,observed_seller_data,90,63,14,0,14,14,0,14,0,1,1,0.0,0.0,0.2222222222222222
dated_lineage_sensitivity,Oomi Oy,12,canonical_calculation,7,38,34,16,18,16,16,0,0,1,1,0.47058823529411764,1.0,0.8947368421052632
dated_lineage_sensitivity,Oomi Oy,12,canonical_calculation,14,32,29,12,17,6,6,0,0,1,1,0.41379310344827586,1.0,0.90625
dated_lineage_sensitivity,Oomi Oy,12,canonical_calculation,30,17,13,4,9,0,0,0,0,1,0,0.3076923076923077,,0.7647058823529411
dated_lineage_sensitivity,Oomi Oy,12,canonical_calculation,45,4,2,0,2,0,0,0,0,1,0,0.0,,0.5
dated_lineage_sensitivity,Oomi Oy,12,canonical_calculation,60,0,0,0,0,0,0,0,0,0,0,,,
dated_lineage_sensitivity,Oomi Oy,12,canonical_calculation,90,0,0,0,0,0,0,0,0,0,0,,,
dated_lineage_sensitivity,Oomi Oy,12,observed_seller_data,7,1,0,0,0,0,0,0,0,0,0,,,0.0
dated_lineage_sensitivity,Oomi Oy,12,observed_seller_data,14,1,0,0,0,0,0,0,0,0,0,,,0.0
dated_lineage_sensitivity,Oomi Oy,12,observed_seller_data,30,1,0,0,0,0,0,0,0,0,0,,,0.0
dated_lineage_sensitivity,Oomi Oy,12,observed_seller_data,45,1,0,0,0,0,0,0,0,0,0,,,0.0
dated_lineage_sensitivity,Oomi Oy,12,observed_seller_data,60,0,0,0,0,0,0,0,0,0,0,,,
dated_lineage_sensitivity,Oomi Oy,12,observed_seller_data,90,0,0,0,0,0,0,0,0,0,0,,,
dated_lineage_sensitivity,Oomi Oy,24,canonical_calculation,7,22,20,13,7,13,13,0,0,1,1,0.65,1.0,0.9090909090909091
dated_lineage_sensitivity,Oomi Oy,24,canonical_calculation,14,16,13,6,7,6,6,0,0,1,1,0.46153846153846156,1.0,0.8125
dated_lineage_sensitivity,Oomi Oy,24,canonical_calculation,30,0,0,0,0,0,0,0,0,0,0,,,
dated_lineage_sensitivity,Oomi Oy,24,canonical_calculation,45,0,0,0,0,0,0,0,0,0,0,,,
dated_lineage_sensitivity,Oomi Oy,24,canonical_calculation,60,0,0,0,0,0,0,0,0,0,0,,,
dated_lineage_sensitivity,Oomi Oy,24,canonical_calculation,90,0,0,0,0,0,0,0,0,0,0,,,
dated_lineage_sensitivity,Paneliankosken Voima Oy,12,canonical_calculation,7,38,35,28,7,28,28,0,0,1,1,0.8,1.0,0.9210526315789473
dated_lineage_sensitivity,Paneliankosken Voima Oy,12,canonical_calculation,14,31,28,14,14,14,14,0,0,1,1,0.5,1.0,0.9032258064516129
dated_lineage_sensitivity,Paneliankosken Voima Oy,12,canonical_calculation,30,17,16,0,16,0,0,0,0,1,0,0.0,,0.9411764705882353
dated_lineage_sensitivity,Paneliankosken Voima Oy,12,canonical_calculation,45,2,2,0,2,0,0,0,0,1,0,0.0,,1.0
dated_lineage_sensitivity,Paneliankosken Voima Oy,12,canonical_calculation,60,0,0,0,0,0,0,0,0,0,0,,,
dated_lineage_sensitivity,Paneliankosken Voima Oy,12,canonical_calculation,90,0,0,0,0,0,0,0,0,0,0,,,
dated_lineage_sensitivity,Paneliankosken Voima Oy,12,observed_seller_data,7,4,0,0,0,0,0,0,0,0,0,,,0.0
dated_lineage_sensitivity,Paneliankosken Voima Oy,12,observed_seller_data,14,4,0,0,0,0,0,0,0,0,0,,,0.0
dated_lineage_sensitivity,Paneliankosken Voima Oy,12,observed_seller_data,30,4,0,0,0,0,0,0,0,0,0,,,0.0
dated_lineage_sensitivity,Paneliankosken Voima Oy,12,observed_seller_data,45,4,0,0,0,0,0,0,0,0,0,,,0.0
dated_lineage_sensitivity,Paneliankosken Voima Oy,12,observed_seller_data,60,0,0,0,0,0,0,0,0,0,0,,,
dated_lineage_sensitivity,Paneliankosken Voima Oy,12,observed_seller_data,90,0,0,0,0,0,0,0,0,0,0,,,
dated_lineage_sensitivity,Paneliankosken Voima Oy,24,canonical_calculation,7,39,36,28,8,28,28,0,0,1,1,0.7777777777777778,1.0,0.9230769230769231
dated_lineage_sensitivity,Paneliankosken Voima Oy,24,canonical_calculation,14,32,29,14,15,14,14,0,0,1,1,0.4827586206896552,1.0,0.90625
dated_lineage_sensitivity,Paneliankosken Voima Oy,24,canonical_calculation,30,18,17,0,17,0,0,0,0,1,0,0.0,,0.9444444444444444
dated_lineage_sensitivity,Paneliankosken Voima Oy,24,canonical_calculation,45,3,3,0,3,0,0,0,0,1,0,0.0,,1.0
dated_lineage_sensitivity,Paneliankosken Voima Oy,24,canonical_calculation,60,0,0,0,0,0,0,0,0,0,0,,,
dated_lineage_sensitivity,Paneliankosken Voima Oy,24,canonical_calculation,90,0,0,0,0,0,0,0,0,0,0,,,
dated_lineage_sensitivity,Paneliankosken Voima Oy,24,observed_seller_data,7,4,0,0,0,0,0,0,0,0,0,,,0.0
dated_lineage_sensitivity,Paneliankosken Voima Oy,24,observed_seller_data,14,4,0,0,0,0,0,0,0,0,0,,,0.0
dated_lineage_sensitivity,Paneliankosken Voima Oy,24,observed_seller_data,30,4,0,0,0,0,0,0,0,0,0,,,0.0
dated_lineage_sensitivity,Paneliankosken Voima Oy,24,observed_seller_data,45,4,0,0,0,0,0,0,0,0,0,,,0.0
dated_lineage_sensitivity,Paneliankosken Voima Oy,24,observed_seller_data,60,0,0,0,0,0,0,0,0,0,0,,,
dated_lineage_sensitivity,Paneliankosken Voima Oy,24,observed_seller_data,90,0,0,0,0,0,0,0,0,0,0,,,
dated_lineage_sensitivity,Pohjois-Karjalan Sähkö Oy,6,canonical_calculation,7,40,37,28,9,25,22,3,0,1,1,0.7567567567567568,0.88,0.925
dated_lineage_sensitivity,Pohjois-Karjalan Sähkö Oy,6,canonical_calculation,14,33,31,20,11,10,10,0,0,1,1,0.6451612903225806,1.0,0.9393939393939394
dated_lineage_sensitivity,Pohjois-Karjalan Sähkö Oy,6,canonical_calculation,30,18,17,5,12,0,0,0,0,1,0,0.29411764705882354,,0.9444444444444444
dated_lineage_sensitivity,Pohjois-Karjalan Sähkö Oy,6,canonical_calculation,45,4,3,0,3,0,0,0,0,1,0,0.0,,0.75
dated_lineage_sensitivity,Pohjois-Karjalan Sähkö Oy,6,canonical_calculation,60,0,0,0,0,0,0,0,0,0,0,,,
dated_lineage_sensitivity,Pohjois-Karjalan Sähkö Oy,6,canonical_calculation,90,0,0,0,0,0,0,0,0,0,0,,,
dated_lineage_sensitivity,Pohjois-Karjalan Sähkö Oy,6,observed_seller_data,7,4,0,0,0,0,0,0,0,0,0,,,0.0
dated_lineage_sensitivity,Pohjois-Karjalan Sähkö Oy,6,observed_seller_data,14,4,0,0,0,0,0,0,0,0,0,,,0.0
dated_lineage_sensitivity,Pohjois-Karjalan Sähkö Oy,6,observed_seller_data,30,4,0,0,0,0,0,0,0,0,0,,,0.0
dated_lineage_sensitivity,Pohjois-Karjalan Sähkö Oy,6,observed_seller_data,45,4,0,0,0,0,0,0,0,0,0,,,0.0
dated_lineage_sensitivity,Pohjois-Karjalan Sähkö Oy,6,observed_seller_data,60,0,0,0,0,0,0,0,0,0,0,,,
dated_lineage_sensitivity,Pohjois-Karjalan Sähkö Oy,6,observed_seller_data,90,0,0,0,0,0,0,0,0,0,0,,,
dated_lineage_sensitivity,Pohjois-Karjalan Sähkö Oy,12,canonical_calculation,7,44,33,33,0,33,33,0,0,2,2,1.0,1.0,0.75
dated_lineage_sensitivity,Pohjois-Karjalan Sähkö Oy,12,canonical_calculation,14,37,19,19,0,19,19,0,0,2,2,1.0,1.0,0.5135135135135135
dated_lineage_sensitivity,Pohjois-Karjalan Sähkö Oy,12,canonical_calculation,30,21,3,0,3,0,0,0,0,1,0,0.0,,0.14285714285714285
dated_lineage_sensitivity,Pohjois-Karjalan Sähkö Oy,12,canonical_calculation,45,7,3,0,3,0,0,0,0,1,0,0.0,,0.42857142857142855
dated_lineage_sensitivity,Pohjois-Karjalan Sähkö Oy,12,canonical_calculation,60,0,0,0,0,0,0,0,0,0,0,,,
dated_lineage_sensitivity,Pohjois-Karjalan Sähkö Oy,12,canonical_calculation,90,0,0,0,0,0,0,0,0,0,0,,,
dated_lineage_sensitivity,Pohjois-Karjalan Sähkö Oy,12,observed_seller_data,7,6,0,0,0,0,0,0,0,0,0,,,0.0
dated_lineage_sensitivity,Pohjois-Karjalan Sähkö Oy,12,observed_seller_data,14,6,0,0,0,0,0,0,0,0,0,,,0.0
dated_lineage_sensitivity,Pohjois-Karjalan Sähkö Oy,12,observed_seller_data,30,6,0,0,0,0,0,0,0,0,0,,,0.0
dated_lineage_sensitivity,Pohjois-Karjalan Sähkö Oy,12,observed_seller_data,45,6,0,0,0,0,0,0,0,0,0,,,0.0
dated_lineage_sensitivity,Pohjois-Karjalan Sähkö Oy,12,observed_seller_data,60,0,0,0,0,0,0,0,0,0,0,,,
dated_lineage_sensitivity,Pohjois-Karjalan Sähkö Oy,12,observed_seller_data,90,0,0,0,0,0,0,0,0,0,0,,,
dated_lineage_sensitivity,Pohjois-Karjalan Sähkö Oy,24,canonical_calculation,7,41,39,39,0,33,33,0,0,1,1,1.0,1.0,0.9512195121951219
dated_lineage_sensitivity,Pohjois-Karjalan Sähkö Oy,24,canonical_calculation,14,34,32,32,0,19,19,0,0,1,1,1.0,1.0,0.9411764705882353
dated_lineage_sensitivity,Pohjois-Karjalan Sähkö Oy,24,canonical_calculation,30,18,17,17,0,1,1,0,0,1,1,1.0,1.0,0.9444444444444444
dated_lineage_sensitivity,Pohjois-Karjalan Sähkö Oy,24,canonical_calculation,45,4,3,3,0,0,0,0,0,1,0,1.0,,0.75
dated_lineage_sensitivity,Pohjois-Karjalan Sähkö Oy,24,canonical_calculation,60,0,0,0,0,0,0,0,0,0,0,,,
dated_lineage_sensitivity,Pohjois-Karjalan Sähkö Oy,24,canonical_calculation,90,0,0,0,0,0,0,0,0,0,0,,,
dated_lineage_sensitivity,Pohjois-Karjalan Sähkö Oy,24,observed_seller_data,7,4,0,0,0,0,0,0,0,0,0,,,0.0
dated_lineage_sensitivity,Pohjois-Karjalan Sähkö Oy,24,observed_seller_data,14,4,0,0,0,0,0,0,0,0,0,,,0.0
dated_lineage_sensitivity,Pohjois-Karjalan Sähkö Oy,24,observed_seller_data,30,4,0,0,0,0,0,0,0,0,0,,,0.0
dated_lineage_sensitivity,Pohjois-Karjalan Sähkö Oy,24,observed_seller_data,45,4,0,0,0,0,0,0,0,0,0,,,0.0
dated_lineage_sensitivity,Pohjois-Karjalan Sähkö Oy,24,observed_seller_data,60,0,0,0,0,0,0,0,0,0,0,,,
dated_lineage_sensitivity,Pohjois-Karjalan Sähkö Oy,24,observed_seller_data,90,0,0,0,0,0,0,0,0,0,0,,,
dated_lineage_sensitivity,Porvoon Energia Oy,12,canonical_calculation,7,114,96,81,15,81,81,0,0,3,3,0.84375,1.0,0.8421052631578947
dated_lineage_sensitivity,Porvoon Energia Oy,12,canonical_calculation,14,93,84,60,24,60,60,0,0,3,3,0.7142857142857143,1.0,0.9032258064516129
dated_lineage_sensitivity,Porvoon Energia Oy,12,canonical_calculation,30,45,36,12,24,12,12,0,0,3,3,0.3333333333333333,1.0,0.8
dated_lineage_sensitivity,Porvoon Energia Oy,12,canonical_calculation,45,12,6,0,6,0,0,0,0,3,0,0.0,,0.5
dated_lineage_sensitivity,Porvoon Energia Oy,12,canonical_calculation,60,0,0,0,0,0,0,0,0,0,0,,,
dated_lineage_sensitivity,Porvoon Energia Oy,12,canonical_calculation,90,0,0,0,0,0,0,0,0,0,0,,,
dated_lineage_sensitivity,Porvoon Energia Oy,12,observed_seller_data,7,3,0,0,0,0,0,0,0,0,0,,,0.0
dated_lineage_sensitivity,Porvoon Energia Oy,12,observed_seller_data,14,3,0,0,0,0,0,0,0,0,0,,,0.0
dated_lineage_sensitivity,Porvoon Energia Oy,12,observed_seller_data,30,3,0,0,0,0,0,0,0,0,0,,,0.0
dated_lineage_sensitivity,Porvoon Energia Oy,12,observed_seller_data,45,3,0,0,0,0,0,0,0,0,0,,,0.0
dated_lineage_sensitivity,Porvoon Energia Oy,12,observed_seller_data,60,0,0,0,0,0,0,0,0,0,0,,,
dated_lineage_sensitivity,Porvoon Energia Oy,12,observed_seller_data,90,0,0,0,0,0,0,0,0,0,0,,,
dated_lineage_sensitivity,Porvoon Energia Oy,24,canonical_calculation,7,53,40,32,8,32,32,0,0,3,1,0.8,1.0,0.7547169811320755
dated_lineage_sensitivity,Porvoon Energia Oy,24,canonical_calculation,14,35,31,25,6,25,25,0,0,1,1,0.8064516129032258,1.0,0.8857142857142857
dated_lineage_sensitivity,Porvoon Energia Oy,24,canonical_calculation,30,19,15,9,6,9,9,0,0,1,1,0.6,1.0,0.7894736842105263
dated_lineage_sensitivity,Porvoon Energia Oy,24,canonical_calculation,45,4,2,0,2,0,0,0,0,1,0,0.0,,0.5
dated_lineage_sensitivity,Porvoon Energia Oy,24,canonical_calculation,60,0,0,0,0,0,0,0,0,0,0,,,
dated_lineage_sensitivity,Porvoon Energia Oy,24,canonical_calculation,90,0,0,0,0,0,0,0,0,0,0,,,
dated_lineage_sensitivity,Porvoon Energia Oy,24,observed_seller_data,7,1,0,0,0,0,0,0,0,0,0,,,0.0
dated_lineage_sensitivity,Porvoon Energia Oy,24,observed_seller_data,14,1,0,0,0,0,0,0,0,0,0,,,0.0
dated_lineage_sensitivity,Porvoon Energia Oy,24,observed_seller_data,30,1,0,0,0,0,0,0,0,0,0,,,0.0
dated_lineage_sensitivity,Porvoon Energia Oy,24,observed_seller_data,45,1,0,0,0,0,0,0,0,0,0,,,0.0
dated_lineage_sensitivity,Porvoon Energia Oy,24,observed_seller_data,60,0,0,0,0,0,0,0,0,0,0,,,
dated_lineage_sensitivity,Porvoon Energia Oy,24,observed_seller_data,90,0,0,0,0,0,0,0,0,0,0,,,
dated_lineage_sensitivity,Turku Energia Oy,6,canonical_calculation,7,39,35,22,13,22,22,0,0,1,1,0.6285714285714286,1.0,0.8974358974358975
dated_lineage_sensitivity,Turku Energia Oy,6,canonical_calculation,14,32,28,3,25,3,3,0,0,1,1,0.10714285714285714,1.0,0.875
dated_lineage_sensitivity,Turku Energia Oy,6,canonical_calculation,30,18,15,0,15,0,0,0,0,1,0,0.0,,0.8333333333333334
dated_lineage_sensitivity,Turku Energia Oy,6,canonical_calculation,45,3,1,0,1,0,0,0,0,1,0,0.0,,0.3333333333333333
dated_lineage_sensitivity,Turku Energia Oy,6,canonical_calculation,60,0,0,0,0,0,0,0,0,0,0,,,
dated_lineage_sensitivity,Turku Energia Oy,6,canonical_calculation,90,0,0,0,0,0,0,0,0,0,0,,,
dated_lineage_sensitivity,Turku Energia Oy,6,observed_seller_data,7,89,82,54,28,82,54,28,0,1,1,0.6585365853658537,0.6585365853658537,0.9213483146067416
dated_lineage_sensitivity,Turku Energia Oy,6,observed_seller_data,14,89,75,23,52,75,23,52,0,1,1,0.30666666666666664,0.30666666666666664,0.8426966292134831
dated_lineage_sensitivity,Turku Energia Oy,6,observed_seller_data,30,89,59,4,55,59,4,55,0,1,1,0.06779661016949153,0.06779661016949153,0.6629213483146067
dated_lineage_sensitivity,Turku Energia Oy,6,observed_seller_data,45,89,44,0,44,44,0,44,0,1,1,0.0,0.0,0.4943820224719101
dated_lineage_sensitivity,Turku Energia Oy,6,observed_seller_data,60,78,29,0,29,29,0,29,0,1,1,0.0,0.0,0.3717948717948718
dated_lineage_sensitivity,Turku Energia Oy,6,observed_seller_data,90,48,0,0,0,0,0,0,0,0,0,,,0.0
dated_lineage_sensitivity,Turku Energia Oy,12,canonical_calculation,7,38,33,21,12,21,21,0,0,1,1,0.6363636363636364,1.0,0.868421052631579
dated_lineage_sensitivity,Turku Energia Oy,12,canonical_calculation,14,31,28,6,22,6,6,0,0,1,1,0.21428571428571427,1.0,0.9032258064516129
dated_lineage_sensitivity,Turku Energia Oy,12,canonical_calculation,30,16,13,0,13,0,0,0,0,1,0,0.0,,0.8125
dated_lineage_sensitivity,Turku Energia Oy,12,canonical_calculation,45,3,1,0,1,0,0,0,0,1,0,0.0,,0.3333333333333333
dated_lineage_sensitivity,Turku Energia Oy,12,canonical_calculation,60,0,0,0,0,0,0,0,0,0,0,,,
dated_lineage_sensitivity,Turku Energia Oy,12,canonical_calculation,90,0,0,0,0,0,0,0,0,0,0,,,
dated_lineage_sensitivity,Turku Energia Oy,12,observed_seller_data,7,4,0,0,0,0,0,0,0,0,0,,,0.0
dated_lineage_sensitivity,Turku Energia Oy,12,observed_seller_data,14,4,0,0,0,0,0,0,0,0,0,,,0.0
dated_lineage_sensitivity,Turku Energia Oy,12,observed_seller_data,30,4,0,0,0,0,0,0,0,0,0,,,0.0
dated_lineage_sensitivity,Turku Energia Oy,12,observed_seller_data,45,4,0,0,0,0,0,0,0,0,0,,,0.0
dated_lineage_sensitivity,Turku Energia Oy,12,observed_seller_data,60,0,0,0,0,0,0,0,0,0,0,,,
dated_lineage_sensitivity,Turku Energia Oy,12,observed_seller_data,90,0,0,0,0,0,0,0,0,0,0,,,
dated_lineage_sensitivity,Turku Energia Oy,24,canonical_calculation,7,39,25,7,18,7,7,0,0,2,2,0.28,1.0,0.6410256410256411
dated_lineage_sensitivity,Turku Energia Oy,24,canonical_calculation,14,30,21,0,21,0,0,0,0,1,0,0.0,,0.7
dated_lineage_sensitivity,Turku Energia Oy,24,canonical_calculation,30,16,8,0,8,0,0,0,0,1,0,0.0,,0.5
dated_lineage_sensitivity,Turku Energia Oy,24,canonical_calculation,45,3,0,0,0,0,0,0,0,0,0,,,0.0
dated_lineage_sensitivity,Turku Energia Oy,24,canonical_calculation,60,0,0,0,0,0,0,0,0,0,0,,,
dated_lineage_sensitivity,Turku Energia Oy,24,canonical_calculation,90,0,0,0,0,0,0,0,0,0,0,,,
dated_lineage_sensitivity,Turku Energia Oy,24,observed_seller_data,7,4,0,0,0,0,0,0,0,0,0,,,0.0
dated_lineage_sensitivity,Turku Energia Oy,24,observed_seller_data,14,4,0,0,0,0,0,0,0,0,0,,,0.0
dated_lineage_sensitivity,Turku Energia Oy,24,observed_seller_data,30,4,0,0,0,0,0,0,0,0,0,,,0.0
dated_lineage_sensitivity,Turku Energia Oy,24,observed_seller_data,45,4,0,0,0,0,0,0,0,0,0,,,0.0
dated_lineage_sensitivity,Turku Energia Oy,24,observed_seller_data,60,0,0,0,0,0,0,0,0,0,0,,,
dated_lineage_sensitivity,Turku Energia Oy,24,observed_seller_data,90,0,0,0,0,0,0,0,0,0,0,,,
dated_lineage_sensitivity,Vaasan Sähkö Myynti Oy,6,observed_seller_data,7,98,91,42,49,91,42,49,0,1,1,0.46153846153846156,0.46153846153846156,0.9285714285714286
dated_lineage_sensitivity,Vaasan Sähkö Myynti Oy,6,observed_seller_data,14,98,84,14,70,84,14,70,0,1,1,0.16666666666666666,0.16666666666666666,0.8571428571428571
dated_lineage_sensitivity,Vaasan Sähkö Myynti Oy,6,observed_seller_data,30,98,68,0,68,68,0,68,0,1,1,0.0,0.0,0.6938775510204082
dated_lineage_sensitivity,Vaasan Sähkö Myynti Oy,6,observed_seller_data,45,98,53,0,53,53,0,53,0,1,1,0.0,0.0,0.5408163265306123
dated_lineage_sensitivity,Vaasan Sähkö Myynti Oy,6,observed_seller_data,60,91,38,0,38,38,0,38,0,1,1,0.0,0.0,0.4175824175824176
dated_lineage_sensitivity,Vaasan Sähkö Myynti Oy,6,observed_seller_data,90,61,8,0,8,8,0,8,0,1,1,0.0,0.0,0.13114754098360656
dated_lineage_sensitivity,Vaasan Sähkö Myynti Oy,12,observed_seller_data,7,98,91,22,69,91,22,69,0,1,1,0.24175824175824176,0.24175824175824176,0.9285714285714286
dated_lineage_sensitivity,Vaasan Sähkö Myynti Oy,12,observed_seller_data,14,98,84,8,76,84,8,76,0,1,1,0.09523809523809523,0.09523809523809523,0.8571428571428571
dated_lineage_sensitivity,Vaasan Sähkö Myynti Oy,12,observed_seller_data,30,98,68,0,68,68,0,68,0,1,1,0.0,0.0,0.6938775510204082
dated_lineage_sensitivity,Vaasan Sähkö Myynti Oy,12,observed_seller_data,45,98,53,0,53,53,0,53,0,1,1,0.0,0.0,0.5408163265306123
dated_lineage_sensitivity,Vaasan Sähkö Myynti Oy,12,observed_seller_data,60,91,38,0,38,38,0,38,0,1,1,0.0,0.0,0.4175824175824176
dated_lineage_sensitivity,Vaasan Sähkö Myynti Oy,12,observed_seller_data,90,61,8,0,8,8,0,8,0,1,1,0.0,0.0,0.13114754098360656
dated_lineage_sensitivity,Vaasan Sähkö Myynti Oy,24,observed_seller_data,7,98,91,22,69,91,22,69,0,1,1,0.24175824175824176,0.24175824175824176,0.9285714285714286
dated_lineage_sensitivity,Vaasan Sähkö Myynti Oy,24,observed_seller_data,14,98,84,8,76,84,8,76,0,1,1,0.09523809523809523,0.09523809523809523,0.8571428571428571
dated_lineage_sensitivity,Vaasan Sähkö Myynti Oy,24,observed_seller_data,30,98,68,0,68,68,0,68,0,1,1,0.0,0.0,0.6938775510204082
dated_lineage_sensitivity,Vaasan Sähkö Myynti Oy,24,observed_seller_data,45,98,53,0,53,53,0,53,0,1,1,0.0,0.0,0.5408163265306123
dated_lineage_sensitivity,Vaasan Sähkö Myynti Oy,24,observed_seller_data,60,91,38,0,38,38,0,38,0,1,1,0.0,0.0,0.4175824175824176
dated_lineage_sensitivity,Vaasan Sähkö Myynti Oy,24,observed_seller_data,90,61,8,0,8,8,0,8,0,1,1,0.0,0.0,0.13114754098360656
dated_lineage_sensitivity,Vattenfall Oy,12,canonical_calculation,7,72,56,32,24,32,32,0,0,2,2,0.5714285714285714,1.0,0.7777777777777778
dated_lineage_sensitivity,Vattenfall Oy,12,canonical_calculation,14,66,46,12,34,12,12,0,0,2,2,0.2608695652173913,1.0,0.696969696969697
dated_lineage_sensitivity,Vattenfall Oy,12,canonical_calculation,30,36,16,0,16,0,0,0,0,2,0,0.0,,0.4444444444444444
dated_lineage_sensitivity,Vattenfall Oy,12,canonical_calculation,45,8,2,0,2,0,0,0,0,1,0,0.0,,0.25
dated_lineage_sensitivity,Vattenfall Oy,12,canonical_calculation,60,0,0,0,0,0,0,0,0,0,0,,,
dated_lineage_sensitivity,Vattenfall Oy,12,canonical_calculation,90,0,0,0,0,0,0,0,0,0,0,,,
dated_lineage_sensitivity,Vattenfall Oy,12,observed_seller_data,7,218,204,136,68,204,136,68,0,2,2,0.6666666666666666,0.6666666666666666,0.9357798165137615
dated_lineage_sensitivity,Vattenfall Oy,12,observed_seller_data,14,218,190,78,112,190,72,118,6,2,2,0.4105263157894737,0.37894736842105264,0.8715596330275229
dated_lineage_sensitivity,Vattenfall Oy,12,observed_seller_data,30,218,158,26,132,158,7,151,19,2,2,0.16455696202531644,0.04430379746835443,0.7247706422018348
dated_lineage_sensitivity,Vattenfall Oy,12,observed_seller_data,45,218,128,31,97,128,0,128,31,2,2,0.2421875,0.0,0.5871559633027523
dated_lineage_sensitivity,Vattenfall Oy,12,observed_seller_data,60,196,98,3,95,98,0,98,3,2,2,0.030612244897959183,0.0,0.5
dated_lineage_sensitivity,Vattenfall Oy,12,observed_seller_data,90,136,38,0,38,38,0,38,0,2,2,0.0,0.0,0.27941176470588236
dated_lineage_sensitivity,Vattenfall Oy,24,canonical_calculation,7,74,62,26,36,26,26,0,0,2,2,0.41935483870967744,1.0,0.8378378378378378
dated_lineage_sensitivity,Vattenfall Oy,24,canonical_calculation,14,62,54,4,50,4,4,0,0,2,2,0.07407407407407407,1.0,0.8709677419354839
dated_lineage_sensitivity,Vattenfall Oy,24,canonical_calculation,30,32,28,0,28,0,0,0,0,2,0,0.0,,0.875
dated_lineage_sensitivity,Vattenfall Oy,24,canonical_calculation,45,8,4,0,4,0,0,0,0,2,0,0.0,,0.5
dated_lineage_sensitivity,Vattenfall Oy,24,canonical_calculation,60,0,0,0,0,0,0,0,0,0,0,,,
dated_lineage_sensitivity,Vattenfall Oy,24,canonical_calculation,90,0,0,0,0,0,0,0,0,0,0,,,
dated_lineage_sensitivity,Vattenfall Oy,24,observed_seller_data,7,206,192,101,91,192,101,91,0,2,2,0.5260416666666666,0.5260416666666666,0.9320388349514563
dated_lineage_sensitivity,Vattenfall Oy,24,observed_seller_data,14,206,178,26,152,178,26,152,0,2,2,0.14606741573033707,0.14606741573033707,0.8640776699029126
dated_lineage_sensitivity,Vattenfall Oy,24,observed_seller_data,30,206,146,0,146,146,0,146,0,2,2,0.0,0.0,0.7087378640776699
dated_lineage_sensitivity,Vattenfall Oy,24,observed_seller_data,45,206,116,0,116,116,0,116,0,2,2,0.0,0.0,0.5631067961165048
dated_lineage_sensitivity,Vattenfall Oy,24,observed_seller_data,60,184,86,0,86,86,0,86,0,2,2,0.0,0.0,0.4673913043478261
dated_lineage_sensitivity,Vattenfall Oy,24,observed_seller_data,90,124,26,0,26,26,0,26,0,2,2,0.0,0.0,0.20967741935483872
dated_lineage_sensitivity,Vihreä Älyenergia Oy,12,canonical_calculation,7,40,37,32,5,32,32,0,0,1,1,0.8648648648648649,1.0,0.925
dated_lineage_sensitivity,Vihreä Älyenergia Oy,12,canonical_calculation,14,33,32,22,10,22,22,0,0,1,1,0.6875,1.0,0.9696969696969697
dated_lineage_sensitivity,Vihreä Älyenergia Oy,12,canonical_calculation,30,17,16,6,10,6,6,0,0,1,1,0.375,1.0,0.9411764705882353
dated_lineage_sensitivity,Vihreä Älyenergia Oy,12,canonical_calculation,45,4,3,0,3,0,0,0,0,1,0,0.0,,0.75
dated_lineage_sensitivity,Vihreä Älyenergia Oy,12,canonical_calculation,60,0,0,0,0,0,0,0,0,0,0,,,
dated_lineage_sensitivity,Vihreä Älyenergia Oy,12,canonical_calculation,90,0,0,0,0,0,0,0,0,0,0,,,
dated_lineage_sensitivity,Vihreä Älyenergia Oy,12,observed_seller_data,7,3,0,0,0,0,0,0,0,0,0,,,0.0
dated_lineage_sensitivity,Vihreä Älyenergia Oy,12,observed_seller_data,14,3,0,0,0,0,0,0,0,0,0,,,0.0
dated_lineage_sensitivity,Vihreä Älyenergia Oy,12,observed_seller_data,30,3,0,0,0,0,0,0,0,0,0,,,0.0
dated_lineage_sensitivity,Vihreä Älyenergia Oy,12,observed_seller_data,45,3,0,0,0,0,0,0,0,0,0,,,0.0
dated_lineage_sensitivity,Vihreä Älyenergia Oy,12,observed_seller_data,60,0,0,0,0,0,0,0,0,0,0,,,
dated_lineage_sensitivity,Vihreä Älyenergia Oy,12,observed_seller_data,90,0,0,0,0,0,0,0,0,0,0,,,
dated_lineage_sensitivity,Vihreä Älyenergia Oy,24,canonical_calculation,7,40,37,32,5,32,32,0,0,1,1,0.8648648648648649,1.0,0.925
dated_lineage_sensitivity,Vihreä Älyenergia Oy,24,canonical_calculation,14,33,32,22,10,22,22,0,0,1,1,0.6875,1.0,0.9696969696969697
dated_lineage_sensitivity,Vihreä Älyenergia Oy,24,canonical_calculation,30,17,16,6,10,6,6,0,0,1,1,0.375,1.0,0.9411764705882353
dated_lineage_sensitivity,Vihreä Älyenergia Oy,24,canonical_calculation,45,4,3,0,3,0,0,0,0,1,0,0.0,,0.75
dated_lineage_sensitivity,Vihreä Älyenergia Oy,24,canonical_calculation,60,0,0,0,0,0,0,0,0,0,0,,,
dated_lineage_sensitivity,Vihreä Älyenergia Oy,24,canonical_calculation,90,0,0,0,0,0,0,0,0,0,0,,,
dated_lineage_sensitivity,Vihreä Älyenergia Oy,24,observed_seller_data,7,3,0,0,0,0,0,0,0,0,0,,,0.0
dated_lineage_sensitivity,Vihreä Älyenergia Oy,24,observed_seller_data,14,3,0,0,0,0,0,0,0,0,0,,,0.0
dated_lineage_sensitivity,Vihreä Älyenergia Oy,24,observed_seller_data,30,3,0,0,0,0,0,0,0,0,0,,,0.0
dated_lineage_sensitivity,Vihreä Älyenergia Oy,24,observed_seller_data,45,3,0,0,0,0,0,0,0,0,0,,,0.0
dated_lineage_sensitivity,Vihreä Älyenergia Oy,24,observed_seller_data,60,0,0,0,0,0,0,0,0,0,0,,,
dated_lineage_sensitivity,Vihreä Älyenergia Oy,24,observed_seller_data,90,0,0,0,0,0,0,0,0,0,0,,,
dated_lineage_sensitivity,Äänekosken Energia Oy,6,canonical_calculation,7,31,23,13,10,13,13,0,0,1,1,0.5652173913043478,1.0,0.7419354838709677
dated_lineage_sensitivity,Äänekosken Energia Oy,6,canonical_calculation,14,31,16,3,13,3,3,0,0,1,1,0.1875,1.0,0.5161290322580645
dated_lineage_sensitivity,Äänekosken Energia Oy,6,canonical_calculation,30,17,3,0,3,0,0,0,0,1,0,0.0,,0.17647058823529413
dated_lineage_sensitivity,Äänekosken Energia Oy,6,canonical_calculation,45,4,0,0,0,0,0,0,0,0,0,,,0.0
dated_lineage_sensitivity,Äänekosken Energia Oy,6,canonical_calculation,60,0,0,0,0,0,0,0,0,0,0,,,
dated_lineage_sensitivity,Äänekosken Energia Oy,6,canonical_calculation,90,0,0,0,0,0,0,0,0,0,0,,,
dated_lineage_sensitivity,Äänekosken Energia Oy,6,observed_seller_data,7,4,0,0,0,0,0,0,0,0,0,,,0.0
dated_lineage_sensitivity,Äänekosken Energia Oy,6,observed_seller_data,14,4,0,0,0,0,0,0,0,0,0,,,0.0
dated_lineage_sensitivity,Äänekosken Energia Oy,6,observed_seller_data,30,4,0,0,0,0,0,0,0,0,0,,,0.0
dated_lineage_sensitivity,Äänekosken Energia Oy,6,observed_seller_data,45,4,0,0,0,0,0,0,0,0,0,,,0.0
dated_lineage_sensitivity,Äänekosken Energia Oy,6,observed_seller_data,60,0,0,0,0,0,0,0,0,0,0,,,
dated_lineage_sensitivity,Äänekosken Energia Oy,6,observed_seller_data,90,0,0,0,0,0,0,0,0,0,0,,,
dated_lineage_sensitivity,Äänekosken Energia Oy,12,canonical_calculation,7,41,39,33,6,33,33,0,0,1,1,0.8461538461538461,1.0,0.9512195121951219
dated_lineage_sensitivity,Äänekosken Energia Oy,12,canonical_calculation,14,34,32,26,6,26,26,0,0,1,1,0.8125,1.0,0.9411764705882353
dated_lineage_sensitivity,Äänekosken Energia Oy,12,canonical_calculation,30,18,16,10,6,10,10,0,0,1,1,0.625,1.0,0.8888888888888888
dated_lineage_sensitivity,Äänekosken Energia Oy,12,canonical_calculation,45,4,2,0,2,0,0,0,0,1,0,0.0,,0.5
dated_lineage_sensitivity,Äänekosken Energia Oy,12,canonical_calculation,60,0,0,0,0,0,0,0,0,0,0,,,
dated_lineage_sensitivity,Äänekosken Energia Oy,12,canonical_calculation,90,0,0,0,0,0,0,0,0,0,0,,,
dated_lineage_sensitivity,Äänekosken Energia Oy,12,observed_seller_data,7,4,0,0,0,0,0,0,0,0,0,,,0.0
dated_lineage_sensitivity,Äänekosken Energia Oy,12,observed_seller_data,14,4,0,0,0,0,0,0,0,0,0,,,0.0
dated_lineage_sensitivity,Äänekosken Energia Oy,12,observed_seller_data,30,4,0,0,0,0,0,0,0,0,0,,,0.0
dated_lineage_sensitivity,Äänekosken Energia Oy,12,observed_seller_data,45,4,0,0,0,0,0,0,0,0,0,,,0.0
dated_lineage_sensitivity,Äänekosken Energia Oy,12,observed_seller_data,60,0,0,0,0,0,0,0,0,0,0,,,
dated_lineage_sensitivity,Äänekosken Energia Oy,12,observed_seller_data,90,0,0,0,0,0,0,0,0,0,0,,,
dated_lineage_sensitivity,Äänekosken Energia Oy,24,canonical_calculation,7,40,38,28,10,28,28,0,0,1,1,0.7368421052631579,1.0,0.95
dated_lineage_sensitivity,Äänekosken Energia Oy,24,canonical_calculation,14,33,31,18,13,18,18,0,0,1,1,0.5806451612903226,1.0,0.9393939393939394
dated_lineage_sensitivity,Äänekosken Energia Oy,24,canonical_calculation,30,17,16,2,14,2,2,0,0,1,1,0.125,1.0,0.9411764705882353
dated_lineage_sensitivity,Äänekosken Energia Oy,24,canonical_calculation,45,4,3,0,3,0,0,0,0,1,0,0.0,,0.75
dated_lineage_sensitivity,Äänekosken Energia Oy,24,canonical_calculation,60,0,0,0,0,0,0,0,0,0,0,,,
dated_lineage_sensitivity,Äänekosken Energia Oy,24,canonical_calculation,90,0,0,0,0,0,0,0,0,0,0,,,
dated_lineage_sensitivity,Äänekosken Energia Oy,24,observed_seller_data,7,4,0,0,0,0,0,0,0,0,0,,,0.0
dated_lineage_sensitivity,Äänekosken Energia Oy,24,observed_seller_data,14,4,0,0,0,0,0,0,0,0,0,,,0.0
dated_lineage_sensitivity,Äänekosken Energia Oy,24,observed_seller_data,30,4,0,0,0,0,0,0,0,0,0,,,0.0
dated_lineage_sensitivity,Äänekosken Energia Oy,24,observed_seller_data,45,4,0,0,0,0,0,0,0,0,0,,,0.0
dated_lineage_sensitivity,Äänekosken Energia Oy,24,observed_seller_data,60,0,0,0,0,0,0,0,0,0,0,,,
dated_lineage_sensitivity,Äänekosken Energia Oy,24,observed_seller_data,90,0,0,0,0,0,0,0,0,0,0,,,
supplier_median,Aalto energia Oyj,12,observed_seller_data,7,56,49,49,0,49,49,0,0,1,1,1.0,1.0,0.875
supplier_median,ALL,ALL,ALL,7,8747,8186,5269,2917,8014,5251,2763,17,124,124,0.6436599071585634,0.655228350386823,0.9358637247056133
supplier_median,Aalto energia Oyj,12,observed_seller_data,14,56,42,42,0,42,42,0,0,1,1,1.0,1.0,0.75
supplier_median,ALL,ALL,ALL,14,8396,7341,3536,3805,7118,3447,3671,81,121,121,0.4816782454706443,0.4842652430457994,0.874344926155312
supplier_median,Aalto energia Oyj,12,observed_seller_data,30,56,26,26,0,26,26,0,0,1,1,1.0,1.0,0.4642857142857143
supplier_median,ALL,ALL,ALL,30,7580,5496,1581,3915,5238,1426,3812,146,115,111,0.2876637554585153,0.2722413134784269,0.725065963060686
supplier_median,Aalto energia Oyj,12,observed_seller_data,45,56,11,11,0,11,11,0,0,1,1,1.0,1.0,0.19642857142857142
supplier_median,ALL,ALL,ALL,45,6803,3823,702,3121,3645,618,3027,83,113,88,0.1836254250588543,0.16954732510288065,0.5619579597236514
supplier_median,Aalto energia Oyj,12,observed_seller_data,60,56,0,0,0,0,0,0,0,0,0,,,0.0
supplier_median,ALL,ALL,ALL,60,5999,2747,302,2445,2658,243,2415,59,58,56,0.1099381143065162,0.09142212189616253,0.4579096516086014
supplier_median,Aalto energia Oyj,12,observed_seller_data,90,56,0,0,0,0,0,0,0,0,0,,,0.0
supplier_median,ALL,ALL,ALL,90,4288,1063,79,984,1016,44,972,35,54,52,0.07431796801505174,0.04330708661417323,0.24790111940298507
supplier_median,Aalto energia Oyj,24,observed_seller_data,7,56,49,49,0,49,49,0,0,1,1,1.0,1.0,0.875
supplier_median,Aalto energia Oyj,24,observed_seller_data,14,56,42,42,0,42,42,0,0,1,1,1.0,1.0,0.75
supplier_median,Aalto energia Oyj,24,observed_seller_data,30,56,26,26,0,26,26,0,0,1,1,1.0,1.0,0.4642857142857143
supplier_median,Aalto energia Oyj,24,observed_seller_data,45,56,11,11,0,11,11,0,0,1,1,1.0,1.0,0.19642857142857142
supplier_median,Aalto energia Oyj,24,observed_seller_data,60,56,0,0,0,0,0,0,0,0,0,,,0.0
supplier_median,Aalto energia Oyj,24,observed_seller_data,90,56,0,0,0,0,0,0,0,0,0,,,0.0
supplier_median,Alajärven Sähkö Oy,12,canonical_calculation,7,42,42,35,7,42,35,7,0,1,1,0.8333333333333334,0.8333333333333334,1.0
supplier_median,Alajärven Sähkö Oy,12,canonical_calculation,14,35,35,24,11,35,24,11,0,1,1,0.6857142857142857,0.6857142857142857,1.0
supplier_median,Alajärven Sähkö Oy,12,canonical_calculation,30,19,19,8,11,19,8,11,0,1,1,0.42105263157894735,0.42105263157894735,1.0
supplier_median,Alajärven Sähkö Oy,12,canonical_calculation,45,4,4,0,4,4,0,4,0,1,1,0.0,0.0,1.0
supplier_median,Alajärven Sähkö Oy,12,canonical_calculation,60,0,0,0,0,0,0,0,0,0,0,,,
supplier_median,Alajärven Sähkö Oy,12,canonical_calculation,90,0,0,0,0,0,0,0,0,0,0,,,
supplier_median,Alajärven Sähkö Oy,12,observed_seller_data,7,110,103,99,4,103,99,4,0,1,1,0.9611650485436893,0.9611650485436893,0.9363636363636364
supplier_median,Alajärven Sähkö Oy,12,observed_seller_data,14,110,96,92,4,96,92,4,0,1,1,0.9583333333333334,0.9583333333333334,0.8727272727272727
supplier_median,Alajärven Sähkö Oy,12,observed_seller_data,30,110,80,76,4,80,76,4,0,1,1,0.95,0.95,0.7272727272727273
supplier_median,Alajärven Sähkö Oy,12,observed_seller_data,45,110,65,61,4,65,61,4,0,1,1,0.9384615384615385,0.9384615384615385,0.5909090909090909
supplier_median,Alajärven Sähkö Oy,12,observed_seller_data,60,99,50,46,4,50,46,4,0,1,1,0.92,0.92,0.5050505050505051
supplier_median,Alajärven Sähkö Oy,12,observed_seller_data,90,69,20,16,4,20,16,4,0,1,1,0.8,0.8,0.2898550724637681
supplier_median,Alajärven Sähkö Oy,24,canonical_calculation,7,42,42,35,7,42,35,7,0,1,1,0.8333333333333334,0.8333333333333334,1.0
supplier_median,Alajärven Sähkö Oy,24,canonical_calculation,14,35,35,24,11,35,24,11,0,1,1,0.6857142857142857,0.6857142857142857,1.0
supplier_median,Alajärven Sähkö Oy,24,canonical_calculation,30,19,19,8,11,19,8,11,0,1,1,0.42105263157894735,0.42105263157894735,1.0
supplier_median,Alajärven Sähkö Oy,24,canonical_calculation,45,4,4,0,4,4,0,4,0,1,1,0.0,0.0,1.0
supplier_median,Alajärven Sähkö Oy,24,canonical_calculation,60,0,0,0,0,0,0,0,0,0,0,,,
supplier_median,Alajärven Sähkö Oy,24,canonical_calculation,90,0,0,0,0,0,0,0,0,0,0,,,
supplier_median,Alajärven Sähkö Oy,24,observed_seller_data,7,110,103,92,11,103,92,11,0,1,1,0.8932038834951457,0.8932038834951457,0.9363636363636364
supplier_median,Alajärven Sähkö Oy,24,observed_seller_data,14,110,96,78,18,96,78,18,0,1,1,0.8125,0.8125,0.8727272727272727
supplier_median,Alajärven Sähkö Oy,24,observed_seller_data,30,110,80,46,34,80,46,34,0,1,1,0.575,0.575,0.7272727272727273
supplier_median,Alajärven Sähkö Oy,24,observed_seller_data,45,110,65,16,49,65,16,49,0,1,1,0.24615384615384617,0.24615384615384617,0.5909090909090909
supplier_median,Alajärven Sähkö Oy,24,observed_seller_data,60,99,50,0,50,50,0,50,0,1,1,0.0,0.0,0.5050505050505051
supplier_median,Alajärven Sähkö Oy,24,observed_seller_data,90,69,20,0,20,20,0,20,0,1,1,0.0,0.0,0.2898550724637681
supplier_median,Cheap Energy Finland Oy,6,canonical_calculation,7,3,0,0,0,0,0,0,0,0,0,,,0.0
supplier_median,Cheap Energy Finland Oy,6,canonical_calculation,14,3,0,0,0,0,0,0,0,0,0,,,0.0
supplier_median,Cheap Energy Finland Oy,6,canonical_calculation,30,3,0,0,0,0,0,0,0,0,0,,,0.0
supplier_median,Cheap Energy Finland Oy,6,canonical_calculation,45,1,0,0,0,0,0,0,0,0,0,,,0.0
supplier_median,Cheap Energy Finland Oy,6,canonical_calculation,60,0,0,0,0,0,0,0,0,0,0,,,
supplier_median,Cheap Energy Finland Oy,6,canonical_calculation,90,0,0,0,0,0,0,0,0,0,0,,,
supplier_median,Cheap Energy Finland Oy,6,observed_seller_data,7,108,101,77,24,101,77,24,0,1,1,0.7623762376237624,0.7623762376237624,0.9351851851851852
supplier_median,Cheap Energy Finland Oy,6,observed_seller_data,14,108,94,56,38,94,56,38,0,1,1,0.5957446808510638,0.5957446808510638,0.8703703703703703
supplier_median,Cheap Energy Finland Oy,6,observed_seller_data,30,108,78,8,70,78,8,70,0,1,1,0.10256410256410256,0.10256410256410256,0.7222222222222222
supplier_median,Cheap Energy Finland Oy,6,observed_seller_data,45,108,63,0,63,63,0,63,0,1,1,0.0,0.0,0.5833333333333334
supplier_median,Cheap Energy Finland Oy,6,observed_seller_data,60,99,48,0,48,48,0,48,0,1,1,0.0,0.0,0.48484848484848486
supplier_median,Cheap Energy Finland Oy,6,observed_seller_data,90,69,18,0,18,18,0,18,0,1,1,0.0,0.0,0.2608695652173913
supplier_median,Cheap Energy Finland Oy,12,canonical_calculation,7,4,2,2,0,2,2,0,0,1,1,1.0,1.0,0.5
supplier_median,Cheap Energy Finland Oy,12,canonical_calculation,14,0,0,0,0,0,0,0,0,0,0,,,
supplier_median,Cheap Energy Finland Oy,12,canonical_calculation,30,0,0,0,0,0,0,0,0,0,0,,,
supplier_median,Cheap Energy Finland Oy,12,canonical_calculation,45,0,0,0,0,0,0,0,0,0,0,,,
supplier_median,Cheap Energy Finland Oy,12,canonical_calculation,60,0,0,0,0,0,0,0,0,0,0,,,
supplier_median,Cheap Energy Finland Oy,12,canonical_calculation,90,0,0,0,0,0,0,0,0,0,0,,,
supplier_median,Cheap Energy Finland Oy,24,canonical_calculation,7,42,42,28,14,42,28,14,0,1,1,0.6666666666666666,0.6666666666666666,1.0
supplier_median,Cheap Energy Finland Oy,24,canonical_calculation,14,35,35,20,15,35,20,15,0,1,1,0.5714285714285714,0.5714285714285714,1.0
supplier_median,Cheap Energy Finland Oy,24,canonical_calculation,30,19,19,4,15,19,4,15,0,1,1,0.21052631578947367,0.21052631578947367,1.0
supplier_median,Cheap Energy Finland Oy,24,canonical_calculation,45,4,4,0,4,4,0,4,0,1,1,0.0,0.0,1.0
supplier_median,Cheap Energy Finland Oy,24,canonical_calculation,60,0,0,0,0,0,0,0,0,0,0,,,
supplier_median,Cheap Energy Finland Oy,24,canonical_calculation,90,0,0,0,0,0,0,0,0,0,0,,,
supplier_median,Cheap Energy Finland Oy,24,observed_seller_data,7,110,103,56,47,103,56,47,0,1,1,0.5436893203883495,0.5436893203883495,0.9363636363636364
supplier_median,Cheap Energy Finland Oy,24,observed_seller_data,14,110,96,27,69,96,27,69,0,1,1,0.28125,0.28125,0.8727272727272727
supplier_median,Cheap Energy Finland Oy,24,observed_seller_data,30,110,80,0,80,80,0,80,0,1,1,0.0,0.0,0.7272727272727273
supplier_median,Cheap Energy Finland Oy,24,observed_seller_data,45,110,65,0,65,65,0,65,0,1,1,0.0,0.0,0.5909090909090909
supplier_median,Cheap Energy Finland Oy,24,observed_seller_data,60,99,50,0,50,50,0,50,0,1,1,0.0,0.0,0.5050505050505051
supplier_median,Cheap Energy Finland Oy,24,observed_seller_data,90,69,20,0,20,20,0,20,0,1,1,0.0,0.0,0.2898550724637681
supplier_median,Fortum Markets Oy,24,canonical_calculation,7,42,42,42,0,42,42,0,0,1,1,1.0,1.0,1.0
supplier_median,Fortum Markets Oy,24,canonical_calculation,14,35,35,35,0,35,35,0,0,1,1,1.0,1.0,1.0
supplier_median,Fortum Markets Oy,24,canonical_calculation,30,19,19,19,0,19,19,0,0,1,1,1.0,1.0,1.0
supplier_median,Fortum Markets Oy,24,canonical_calculation,45,4,4,4,0,4,4,0,0,1,1,1.0,1.0,1.0
supplier_median,Fortum Markets Oy,24,canonical_calculation,60,0,0,0,0,0,0,0,0,0,0,,,
supplier_median,Fortum Markets Oy,24,canonical_calculation,90,0,0,0,0,0,0,0,0,0,0,,,
supplier_median,Fortum Markets Oy,24,observed_seller_data,7,51,44,0,44,44,0,44,0,1,1,0.0,0.0,0.8627450980392157
supplier_median,Fortum Markets Oy,24,observed_seller_data,14,51,37,4,33,37,0,37,4,1,1,0.10810810810810811,0.0,0.7254901960784313
supplier_median,Fortum Markets Oy,24,observed_seller_data,30,51,21,0,21,21,0,21,0,1,1,0.0,0.0,0.4117647058823529
supplier_median,Fortum Markets Oy,24,observed_seller_data,45,51,6,0,6,6,0,6,0,1,1,0.0,0.0,0.11764705882352941
supplier_median,Fortum Markets Oy,24,observed_seller_data,60,42,0,0,0,0,0,0,0,0,0,,,0.0
supplier_median,Fortum Markets Oy,24,observed_seller_data,90,12,0,0,0,0,0,0,0,0,0,,,0.0
supplier_median,Hehku Energia Oy,6,canonical_calculation,7,1,0,0,0,0,0,0,0,0,0,,,0.0
supplier_median,Hehku Energia Oy,6,canonical_calculation,14,1,0,0,0,0,0,0,0,0,0,,,0.0
supplier_median,Hehku Energia Oy,6,canonical_calculation,30,1,0,0,0,0,0,0,0,0,0,,,0.0
supplier_median,Hehku Energia Oy,6,canonical_calculation,45,1,0,0,0,0,0,0,0,0,0,,,0.0
supplier_median,Hehku Energia Oy,6,canonical_calculation,60,0,0,0,0,0,0,0,0,0,0,,,
supplier_median,Hehku Energia Oy,6,canonical_calculation,90,0,0,0,0,0,0,0,0,0,0,,,
supplier_median,Hehku Energia Oy,6,observed_seller_data,7,104,93,66,27,90,66,24,0,1,1,0.7096774193548387,0.7333333333333333,0.8942307692307693
supplier_median,Hehku Energia Oy,6,observed_seller_data,14,104,90,38,52,80,38,42,0,1,1,0.4222222222222222,0.475,0.8653846153846154
supplier_median,Hehku Energia Oy,6,observed_seller_data,30,104,74,1,73,64,1,63,0,1,1,0.013513513513513514,0.015625,0.7115384615384616
supplier_median,Hehku Energia Oy,6,observed_seller_data,45,104,59,0,59,49,0,49,0,1,1,0.0,0.0,0.5673076923076923
supplier_median,Hehku Energia Oy,6,observed_seller_data,60,95,44,0,44,34,0,34,0,1,1,0.0,0.0,0.4631578947368421
supplier_median,Hehku Energia Oy,6,observed_seller_data,90,69,14,0,14,4,0,4,0,1,1,0.0,0.0,0.2028985507246377
supplier_median,Hehku Energia Oy,12,canonical_calculation,7,41,40,13,27,34,13,21,0,1,1,0.325,0.38235294117647056,0.975609756097561
supplier_median,Hehku Energia Oy,12,canonical_calculation,14,34,34,3,31,27,3,24,0,1,1,0.08823529411764706,0.1111111111111111,1.0
supplier_median,Hehku Energia Oy,12,canonical_calculation,30,18,18,0,18,11,0,11,0,1,1,0.0,0.0,1.0
supplier_median,Hehku Energia Oy,12,canonical_calculation,45,4,4,0,4,0,0,0,0,1,0,0.0,,1.0
supplier_median,Hehku Energia Oy,12,canonical_calculation,60,0,0,0,0,0,0,0,0,0,0,,,
supplier_median,Hehku Energia Oy,12,canonical_calculation,90,0,0,0,0,0,0,0,0,0,0,,,
supplier_median,Hehku Energia Oy,12,observed_seller_data,7,110,103,84,19,103,84,19,0,1,1,0.8155339805825242,0.8155339805825242,0.9363636363636364
supplier_median,Hehku Energia Oy,12,observed_seller_data,14,110,96,70,26,96,70,26,0,1,1,0.7291666666666666,0.7291666666666666,0.8727272727272727
supplier_median,Hehku Energia Oy,12,observed_seller_data,30,110,80,38,42,80,38,42,0,1,1,0.475,0.475,0.7272727272727273
supplier_median,Hehku Energia Oy,12,observed_seller_data,45,110,65,23,42,65,23,42,0,1,1,0.35384615384615387,0.35384615384615387,0.5909090909090909
supplier_median,Hehku Energia Oy,12,observed_seller_data,60,99,50,8,42,50,8,42,0,1,1,0.16,0.16,0.5050505050505051
supplier_median,Hehku Energia Oy,12,observed_seller_data,90,69,20,0,20,20,0,20,0,1,1,0.0,0.0,0.2898550724637681
supplier_median,Hehku Energia Oy,24,canonical_calculation,7,41,40,29,11,34,29,5,0,1,1,0.725,0.8529411764705882,0.975609756097561
supplier_median,Hehku Energia Oy,24,canonical_calculation,14,34,34,22,12,27,22,5,0,1,1,0.6470588235294118,0.8148148148148148,1.0
supplier_median,Hehku Energia Oy,24,canonical_calculation,30,18,18,6,12,11,6,5,0,1,1,0.3333333333333333,0.5454545454545454,1.0
supplier_median,Hehku Energia Oy,24,canonical_calculation,45,4,4,0,4,0,0,0,0,1,0,0.0,,1.0
supplier_median,Hehku Energia Oy,24,canonical_calculation,60,0,0,0,0,0,0,0,0,0,0,,,
supplier_median,Hehku Energia Oy,24,canonical_calculation,90,0,0,0,0,0,0,0,0,0,0,,,
supplier_median,Hehku Energia Oy,24,observed_seller_data,7,110,103,49,54,103,49,54,0,1,1,0.47572815533980584,0.47572815533980584,0.9363636363636364
supplier_median,Hehku Energia Oy,24,observed_seller_data,14,110,96,23,73,96,20,76,3,1,1,0.23958333333333334,0.20833333333333334,0.8727272727272727
supplier_median,Hehku Energia Oy,24,observed_seller_data,30,110,80,4,76,80,0,80,4,1,1,0.05,0.0,0.7272727272727273
supplier_median,Hehku Energia Oy,24,observed_seller_data,45,110,65,0,65,65,0,65,0,1,1,0.0,0.0,0.5909090909090909
supplier_median,Hehku Energia Oy,24,observed_seller_data,60,99,50,0,50,50,0,50,0,1,1,0.0,0.0,0.5050505050505051
supplier_median,Hehku Energia Oy,24,observed_seller_data,90,69,20,0,20,20,0,20,0,1,1,0.0,0.0,0.2898550724637681
supplier_median,Helen Oy,6,canonical_calculation,7,40,40,0,40,33,0,33,0,1,1,0.0,0.0,1.0
supplier_median,Helen Oy,6,canonical_calculation,14,33,33,0,33,26,0,26,0,1,1,0.0,0.0,1.0
supplier_median,Helen Oy,6,canonical_calculation,30,17,17,0,17,10,0,10,0,1,1,0.0,0.0,1.0
supplier_median,Helen Oy,6,canonical_calculation,45,3,3,0,3,0,0,0,0,1,0,0.0,,1.0
supplier_median,Helen Oy,6,canonical_calculation,60,0,0,0,0,0,0,0,0,0,0,,,
supplier_median,Helen Oy,6,canonical_calculation,90,0,0,0,0,0,0,0,0,0,0,,,
supplier_median,Helen Oy,6,observed_seller_data,7,110,103,11,92,103,11,92,0,1,1,0.10679611650485436,0.10679611650485436,0.9363636363636364
supplier_median,Helen Oy,6,observed_seller_data,14,110,96,0,96,96,0,96,0,1,1,0.0,0.0,0.8727272727272727
supplier_median,Helen Oy,6,observed_seller_data,30,110,80,0,80,80,0,80,0,1,1,0.0,0.0,0.7272727272727273
supplier_median,Helen Oy,6,observed_seller_data,45,110,65,0,65,65,0,65,0,1,1,0.0,0.0,0.5909090909090909
supplier_median,Helen Oy,6,observed_seller_data,60,99,50,0,50,50,0,50,0,1,1,0.0,0.0,0.5050505050505051
supplier_median,Helen Oy,6,observed_seller_data,90,69,20,0,20,20,0,20,0,1,1,0.0,0.0,0.2898550724637681
supplier_median,Helen Oy,12,canonical_calculation,7,40,40,0,40,33,0,33,0,1,1,0.0,0.0,1.0
supplier_median,Helen Oy,12,canonical_calculation,14,33,33,7,26,26,0,26,7,1,1,0.21212121212121213,0.0,1.0
supplier_median,Helen Oy,12,canonical_calculation,30,17,17,1,16,10,0,10,1,1,1,0.058823529411764705,0.0,1.0
supplier_median,Helen Oy,12,canonical_calculation,45,3,3,0,3,0,0,0,0,1,0,0.0,,1.0
supplier_median,Helen Oy,12,canonical_calculation,60,0,0,0,0,0,0,0,0,0,0,,,
supplier_median,Helen Oy,12,canonical_calculation,90,0,0,0,0,0,0,0,0,0,0,,,
supplier_median,Helen Oy,12,observed_seller_data,7,110,103,25,78,103,25,78,0,1,1,0.24271844660194175,0.24271844660194175,0.9363636363636364
supplier_median,Helen Oy,12,observed_seller_data,14,110,96,10,86,96,10,86,0,1,1,0.10416666666666667,0.10416666666666667,0.8727272727272727
supplier_median,Helen Oy,12,observed_seller_data,30,110,80,0,80,80,0,80,0,1,1,0.0,0.0,0.7272727272727273
supplier_median,Helen Oy,12,observed_seller_data,45,110,65,0,65,65,0,65,0,1,1,0.0,0.0,0.5909090909090909
supplier_median,Helen Oy,12,observed_seller_data,60,99,50,3,47,50,0,50,3,1,1,0.06,0.0,0.5050505050505051
supplier_median,Helen Oy,12,observed_seller_data,90,69,20,0,20,20,0,20,0,1,1,0.0,0.0,0.2898550724637681
supplier_median,Helen Oy,24,canonical_calculation,7,40,40,7,33,33,7,26,0,1,1,0.175,0.21212121212121213,1.0
supplier_median,Helen Oy,24,canonical_calculation,14,33,33,0,33,26,0,26,0,1,1,0.0,0.0,1.0
supplier_median,Helen Oy,24,canonical_calculation,30,17,17,1,16,10,0,10,1,1,1,0.058823529411764705,0.0,1.0
supplier_median,Helen Oy,24,canonical_calculation,45,3,3,1,2,0,0,0,0,1,0,0.3333333333333333,,1.0
supplier_median,Helen Oy,24,canonical_calculation,60,0,0,0,0,0,0,0,0,0,0,,,
supplier_median,Helen Oy,24,canonical_calculation,90,0,0,0,0,0,0,0,0,0,0,,,
supplier_median,Helen Oy,24,observed_seller_data,7,110,103,18,85,103,18,85,0,1,1,0.17475728155339806,0.17475728155339806,0.9363636363636364
supplier_median,Helen Oy,24,observed_seller_data,14,110,96,0,96,96,0,96,0,1,1,0.0,0.0,0.8727272727272727
supplier_median,Helen Oy,24,observed_seller_data,30,110,80,0,80,80,0,80,0,1,1,0.0,0.0,0.7272727272727273
supplier_median,Helen Oy,24,observed_seller_data,45,110,65,0,65,65,0,65,0,1,1,0.0,0.0,0.5909090909090909
supplier_median,Helen Oy,24,observed_seller_data,60,99,50,0,50,50,0,50,0,1,1,0.0,0.0,0.5050505050505051
supplier_median,Helen Oy,24,observed_seller_data,90,69,20,0,20,20,0,20,0,1,1,0.0,0.0,0.2898550724637681
supplier_median,Imatran Seudun Sähkö Oy,6,canonical_calculation,7,41,40,1,39,34,1,33,0,1,1,0.025,0.029411764705882353,0.975609756097561
supplier_median,Imatran Seudun Sähkö Oy,6,canonical_calculation,14,34,33,0,33,27,0,27,0,1,1,0.0,0.0,0.9705882352941176
supplier_median,Imatran Seudun Sähkö Oy,6,canonical_calculation,30,18,17,0,17,11,0,11,0,1,1,0.0,0.0,0.9444444444444444
supplier_median,Imatran Seudun Sähkö Oy,6,canonical_calculation,45,3,2,0,2,0,0,0,0,1,0,0.0,,0.6666666666666666
supplier_median,Imatran Seudun Sähkö Oy,6,canonical_calculation,60,0,0,0,0,0,0,0,0,0,0,,,
supplier_median,Imatran Seudun Sähkö Oy,6,canonical_calculation,90,0,0,0,0,0,0,0,0,0,0,,,
supplier_median,Imatran Seudun Sähkö Oy,6,observed_seller_data,7,110,103,58,45,103,58,45,0,1,1,0.5631067961165048,0.5631067961165048,0.9363636363636364
supplier_median,Imatran Seudun Sähkö Oy,6,observed_seller_data,14,110,96,29,67,96,29,67,0,1,1,0.3020833333333333,0.3020833333333333,0.8727272727272727
supplier_median,Imatran Seudun Sähkö Oy,6,observed_seller_data,30,110,80,5,75,80,5,75,0,1,1,0.0625,0.0625,0.7272727272727273
supplier_median,Imatran Seudun Sähkö Oy,6,observed_seller_data,45,110,65,0,65,65,0,65,0,1,1,0.0,0.0,0.5909090909090909
supplier_median,Imatran Seudun Sähkö Oy,6,observed_seller_data,60,99,50,0,50,50,0,50,0,1,1,0.0,0.0,0.5050505050505051
supplier_median,Imatran Seudun Sähkö Oy,6,observed_seller_data,90,69,20,0,20,20,0,20,0,1,1,0.0,0.0,0.2898550724637681
supplier_median,Imatran Seudun Sähkö Oy,12,canonical_calculation,7,42,41,16,25,38,10,28,6,1,1,0.3902439024390244,0.2631578947368421,0.9761904761904762
supplier_median,Imatran Seudun Sähkö Oy,12,canonical_calculation,14,35,34,14,20,31,0,31,14,1,1,0.4117647058823529,0.0,0.9714285714285714
supplier_median,Imatran Seudun Sähkö Oy,12,canonical_calculation,30,19,18,14,4,15,0,15,14,1,1,0.7777777777777778,0.0,0.9473684210526315
supplier_median,Imatran Seudun Sähkö Oy,12,canonical_calculation,45,4,3,0,3,0,0,0,0,1,0,0.0,,0.75
supplier_median,Imatran Seudun Sähkö Oy,12,canonical_calculation,60,0,0,0,0,0,0,0,0,0,0,,,
supplier_median,Imatran Seudun Sähkö Oy,12,canonical_calculation,90,0,0,0,0,0,0,0,0,0,0,,,
supplier_median,Imatran Seudun Sähkö Oy,12,observed_seller_data,7,110,103,43,60,103,43,60,0,1,1,0.4174757281553398,0.4174757281553398,0.9363636363636364
supplier_median,Imatran Seudun Sähkö Oy,12,observed_seller_data,14,110,96,9,87,96,9,87,0,1,1,0.09375,0.09375,0.8727272727272727
supplier_median,Imatran Seudun Sähkö Oy,12,observed_seller_data,30,110,80,0,80,80,0,80,0,1,1,0.0,0.0,0.7272727272727273
supplier_median,Imatran Seudun Sähkö Oy,12,observed_seller_data,45,110,65,0,65,65,0,65,0,1,1,0.0,0.0,0.5909090909090909
supplier_median,Imatran Seudun Sähkö Oy,12,observed_seller_data,60,99,50,0,50,50,0,50,0,1,1,0.0,0.0,0.5050505050505051
supplier_median,Imatran Seudun Sähkö Oy,12,observed_seller_data,90,69,20,0,20,20,0,20,0,1,1,0.0,0.0,0.2898550724637681
supplier_median,Imatran Seudun Sähkö Oy,24,canonical_calculation,7,41,40,7,33,35,7,28,0,1,1,0.175,0.2,0.975609756097561
supplier_median,Imatran Seudun Sähkö Oy,24,canonical_calculation,14,34,33,7,26,28,0,28,7,1,1,0.21212121212121213,0.0,0.9705882352941176
supplier_median,Imatran Seudun Sähkö Oy,24,canonical_calculation,30,18,17,0,17,12,0,12,0,1,1,0.0,0.0,0.9444444444444444
supplier_median,Imatran Seudun Sähkö Oy,24,canonical_calculation,45,3,2,0,2,0,0,0,0,1,0,0.0,,0.6666666666666666
supplier_median,Imatran Seudun Sähkö Oy,24,canonical_calculation,60,0,0,0,0,0,0,0,0,0,0,,,
supplier_median,Imatran Seudun Sähkö Oy,24,canonical_calculation,90,0,0,0,0,0,0,0,0,0,0,,,
supplier_median,Imatran Seudun Sähkö Oy,24,observed_seller_data,7,110,103,52,51,103,49,54,3,1,1,0.5048543689320388,0.47572815533980584,0.9363636363636364
supplier_median,Imatran Seudun Sähkö Oy,24,observed_seller_data,14,110,96,18,78,96,14,82,4,1,1,0.1875,0.14583333333333334,0.8727272727272727
supplier_median,Imatran Seudun Sähkö Oy,24,observed_seller_data,30,110,80,0,80,80,0,80,0,1,1,0.0,0.0,0.7272727272727273
supplier_median,Imatran Seudun Sähkö Oy,24,observed_seller_data,45,110,65,0,65,65,0,65,0,1,1,0.0,0.0,0.5909090909090909
supplier_median,Imatran Seudun Sähkö Oy,24,observed_seller_data,60,99,50,0,50,50,0,50,0,1,1,0.0,0.0,0.5050505050505051
supplier_median,Imatran Seudun Sähkö Oy,24,observed_seller_data,90,69,20,0,20,20,0,20,0,1,1,0.0,0.0,0.2898550724637681
supplier_median,Keravan Energia Oy,6,canonical_calculation,7,41,41,22,19,37,22,15,0,1,1,0.5365853658536586,0.5945945945945946,1.0
supplier_median,Keravan Energia Oy,6,canonical_calculation,14,34,34,15,19,30,15,15,0,1,1,0.4411764705882353,0.5,1.0
supplier_median,Keravan Energia Oy,6,canonical_calculation,30,18,18,0,18,14,0,14,0,1,1,0.0,0.0,1.0
supplier_median,Keravan Energia Oy,6,canonical_calculation,45,4,4,0,4,0,0,0,0,1,0,0.0,,1.0
supplier_median,Keravan Energia Oy,6,canonical_calculation,60,0,0,0,0,0,0,0,0,0,0,,,
supplier_median,Keravan Energia Oy,6,canonical_calculation,90,0,0,0,0,0,0,0,0,0,0,,,
supplier_median,Keravan Energia Oy,6,observed_seller_data,7,110,103,58,45,103,58,45,0,1,1,0.5631067961165048,0.5631067961165048,0.9363636363636364
supplier_median,Keravan Energia Oy,6,observed_seller_data,14,110,96,37,59,96,37,59,0,1,1,0.3854166666666667,0.3854166666666667,0.8727272727272727
supplier_median,Keravan Energia Oy,6,observed_seller_data,30,110,80,10,70,80,5,75,5,1,1,0.125,0.0625,0.7272727272727273
supplier_median,Keravan Energia Oy,6,observed_seller_data,45,110,65,0,65,65,0,65,0,1,1,0.0,0.0,0.5909090909090909
supplier_median,Keravan Energia Oy,6,observed_seller_data,60,99,50,0,50,50,0,50,0,1,1,0.0,0.0,0.5050505050505051
supplier_median,Keravan Energia Oy,6,observed_seller_data,90,69,20,0,20,20,0,20,0,1,1,0.0,0.0,0.2898550724637681
supplier_median,Keravan Energia Oy,12,canonical_calculation,7,42,42,24,18,42,22,20,2,1,1,0.5714285714285714,0.5238095238095238,1.0
supplier_median,Keravan Energia Oy,12,canonical_calculation,14,35,35,15,20,35,15,20,0,1,1,0.42857142857142855,0.42857142857142855,1.0
supplier_median,Keravan Energia Oy,12,canonical_calculation,30,19,19,0,19,19,0,19,0,1,1,0.0,0.0,1.0
supplier_median,Keravan Energia Oy,12,canonical_calculation,45,4,4,0,4,4,0,4,0,1,1,0.0,0.0,1.0
supplier_median,Keravan Energia Oy,12,canonical_calculation,60,0,0,0,0,0,0,0,0,0,0,,,
supplier_median,Keravan Energia Oy,12,canonical_calculation,90,0,0,0,0,0,0,0,0,0,0,,,
supplier_median,Keravan Energia Oy,12,observed_seller_data,7,110,103,66,37,103,66,37,0,1,1,0.6407766990291263,0.6407766990291263,0.9363636363636364
supplier_median,Keravan Energia Oy,12,observed_seller_data,14,110,96,40,56,96,40,56,0,1,1,0.4166666666666667,0.4166666666666667,0.8727272727272727
supplier_median,Keravan Energia Oy,12,observed_seller_data,30,110,80,5,75,80,5,75,0,1,1,0.0625,0.0625,0.7272727272727273
supplier_median,Keravan Energia Oy,12,observed_seller_data,45,110,65,0,65,65,0,65,0,1,1,0.0,0.0,0.5909090909090909
supplier_median,Keravan Energia Oy,12,observed_seller_data,60,99,50,0,50,50,0,50,0,1,1,0.0,0.0,0.5050505050505051
supplier_median,Keravan Energia Oy,12,observed_seller_data,90,69,20,0,20,20,0,20,0,1,1,0.0,0.0,0.2898550724637681
supplier_median,Keravan Energia Oy,24,canonical_calculation,7,40,40,18,22,36,18,18,0,1,1,0.45,0.5,1.0
supplier_median,Keravan Energia Oy,24,canonical_calculation,14,33,33,4,29,29,4,25,0,1,1,0.12121212121212122,0.13793103448275862,1.0
supplier_median,Keravan Energia Oy,24,canonical_calculation,30,17,17,0,17,13,0,13,0,1,1,0.0,0.0,1.0
supplier_median,Keravan Energia Oy,24,canonical_calculation,45,3,3,0,3,0,0,0,0,1,0,0.0,,1.0
supplier_median,Keravan Energia Oy,24,canonical_calculation,60,0,0,0,0,0,0,0,0,0,0,,,
supplier_median,Keravan Energia Oy,24,canonical_calculation,90,0,0,0,0,0,0,0,0,0,0,,,
supplier_median,Keravan Energia Oy,24,observed_seller_data,7,110,103,68,35,103,68,35,0,1,1,0.6601941747572816,0.6601941747572816,0.9363636363636364
supplier_median,Keravan Energia Oy,24,observed_seller_data,14,110,96,39,57,96,39,57,0,1,1,0.40625,0.40625,0.8727272727272727
supplier_median,Keravan Energia Oy,24,observed_seller_data,30,110,80,0,80,80,0,80,0,1,1,0.0,0.0,0.7272727272727273
supplier_median,Keravan Energia Oy,24,observed_seller_data,45,110,65,0,65,65,0,65,0,1,1,0.0,0.0,0.5909090909090909
supplier_median,Keravan Energia Oy,24,observed_seller_data,60,99,50,0,50,50,0,50,0,1,1,0.0,0.0,0.5050505050505051
supplier_median,Keravan Energia Oy,24,observed_seller_data,90,69,20,0,20,20,0,20,0,1,1,0.0,0.0,0.2898550724637681
supplier_median,Koillis-Satakunnan Sähkö Oy,12,canonical_calculation,7,41,40,29,11,36,29,7,0,1,1,0.725,0.8055555555555556,0.975609756097561
supplier_median,Koillis-Satakunnan Sähkö Oy,12,canonical_calculation,14,34,33,15,18,29,15,14,0,1,1,0.45454545454545453,0.5172413793103449,0.9705882352941176
supplier_median,Koillis-Satakunnan Sähkö Oy,12,canonical_calculation,30,18,17,0,17,13,0,13,0,1,1,0.0,0.0,0.9444444444444444
supplier_median,Koillis-Satakunnan Sähkö Oy,12,canonical_calculation,45,3,2,0,2,0,0,0,0,1,0,0.0,,0.6666666666666666
supplier_median,Koillis-Satakunnan Sähkö Oy,12,canonical_calculation,60,0,0,0,0,0,0,0,0,0,0,,,
supplier_median,Koillis-Satakunnan Sähkö Oy,12,canonical_calculation,90,0,0,0,0,0,0,0,0,0,0,,,
supplier_median,Koillis-Satakunnan Sähkö Oy,12,observed_seller_data,7,110,103,87,16,103,87,16,0,1,1,0.8446601941747572,0.8446601941747572,0.9363636363636364
supplier_median,Koillis-Satakunnan Sähkö Oy,12,observed_seller_data,14,110,96,72,24,96,72,24,0,1,1,0.75,0.75,0.8727272727272727
supplier_median,Koillis-Satakunnan Sähkö Oy,12,observed_seller_data,30,110,80,40,40,80,40,40,0,1,1,0.5,0.5,0.7272727272727273
supplier_median,Koillis-Satakunnan Sähkö Oy,12,observed_seller_data,45,110,65,15,50,65,15,50,0,1,1,0.23076923076923078,0.23076923076923078,0.5909090909090909
supplier_median,Koillis-Satakunnan Sähkö Oy,12,observed_seller_data,60,99,50,0,50,50,0,50,0,1,1,0.0,0.0,0.5050505050505051
supplier_median,Koillis-Satakunnan Sähkö Oy,12,observed_seller_data,90,69,20,0,20,20,0,20,0,1,1,0.0,0.0,0.2898550724637681
supplier_median,Koillis-Satakunnan Sähkö Oy,24,canonical_calculation,7,41,39,29,10,36,29,7,0,1,1,0.7435897435897436,0.8055555555555556,0.9512195121951219
supplier_median,Koillis-Satakunnan Sähkö Oy,24,canonical_calculation,14,34,32,15,17,29,15,14,0,1,1,0.46875,0.5172413793103449,0.9411764705882353
supplier_median,Koillis-Satakunnan Sähkö Oy,24,canonical_calculation,30,18,16,0,16,13,0,13,0,1,1,0.0,0.0,0.8888888888888888
supplier_median,Koillis-Satakunnan Sähkö Oy,24,canonical_calculation,45,3,2,0,2,0,0,0,0,1,0,0.0,,0.6666666666666666
supplier_median,Koillis-Satakunnan Sähkö Oy,24,canonical_calculation,60,0,0,0,0,0,0,0,0,0,0,,,
supplier_median,Koillis-Satakunnan Sähkö Oy,24,canonical_calculation,90,0,0,0,0,0,0,0,0,0,0,,,
supplier_median,Koillis-Satakunnan Sähkö Oy,24,observed_seller_data,7,110,103,80,23,103,80,23,0,1,1,0.7766990291262136,0.7766990291262136,0.9363636363636364
supplier_median,Koillis-Satakunnan Sähkö Oy,24,observed_seller_data,14,110,96,58,38,96,58,38,0,1,1,0.6041666666666666,0.6041666666666666,0.8727272727272727
supplier_median,Koillis-Satakunnan Sähkö Oy,24,observed_seller_data,30,110,80,26,54,80,26,54,0,1,1,0.325,0.325,0.7272727272727273
supplier_median,Koillis-Satakunnan Sähkö Oy,24,observed_seller_data,45,110,65,1,64,65,1,64,0,1,1,0.015384615384615385,0.015384615384615385,0.5909090909090909
supplier_median,Koillis-Satakunnan Sähkö Oy,24,observed_seller_data,60,99,50,0,50,50,0,50,0,1,1,0.0,0.0,0.5050505050505051
supplier_median,Koillis-Satakunnan Sähkö Oy,24,observed_seller_data,90,69,20,0,20,20,0,20,0,1,1,0.0,0.0,0.2898550724637681
supplier_median,Kokkolan Energia Oy,6,canonical_calculation,7,42,42,12,30,42,12,30,0,1,1,0.2857142857142857,0.2857142857142857,1.0
supplier_median,Kokkolan Energia Oy,6,canonical_calculation,14,35,35,1,34,35,1,34,0,1,1,0.02857142857142857,0.02857142857142857,1.0
supplier_median,Kokkolan Energia Oy,6,canonical_calculation,30,19,19,0,19,19,0,19,0,1,1,0.0,0.0,1.0
supplier_median,Kokkolan Energia Oy,6,canonical_calculation,45,4,4,0,4,4,0,4,0,1,1,0.0,0.0,1.0
supplier_median,Kokkolan Energia Oy,6,canonical_calculation,60,0,0,0,0,0,0,0,0,0,0,,,
supplier_median,Kokkolan Energia Oy,6,canonical_calculation,90,0,0,0,0,0,0,0,0,0,0,,,
supplier_median,Kokkolan Energia Oy,6,observed_seller_data,7,110,103,83,20,103,83,20,0,1,1,0.8058252427184466,0.8058252427184466,0.9363636363636364
supplier_median,Kokkolan Energia Oy,6,observed_seller_data,14,110,96,62,34,96,62,34,0,1,1,0.6458333333333334,0.6458333333333334,0.8727272727272727
supplier_median,Kokkolan Energia Oy,6,observed_seller_data,30,110,80,17,63,80,17,63,0,1,1,0.2125,0.2125,0.7272727272727273
supplier_median,Kokkolan Energia Oy,6,observed_seller_data,45,110,65,1,64,65,1,64,0,1,1,0.015384615384615385,0.015384615384615385,0.5909090909090909
supplier_median,Kokkolan Energia Oy,6,observed_seller_data,60,99,50,0,50,50,0,50,0,1,1,0.0,0.0,0.5050505050505051
supplier_median,Kokkolan Energia Oy,6,observed_seller_data,90,69,20,0,20,20,0,20,0,1,1,0.0,0.0,0.2898550724637681
supplier_median,Kokkolan Energia Oy,12,canonical_calculation,7,42,42,24,18,42,24,18,0,1,1,0.5714285714285714,0.5714285714285714,1.0
supplier_median,Kokkolan Energia Oy,12,canonical_calculation,14,35,35,10,25,35,10,25,0,1,1,0.2857142857142857,0.2857142857142857,1.0
supplier_median,Kokkolan Energia Oy,12,canonical_calculation,30,19,19,0,19,19,0,19,0,1,1,0.0,0.0,1.0
supplier_median,Kokkolan Energia Oy,12,canonical_calculation,45,4,4,0,4,4,0,4,0,1,1,0.0,0.0,1.0
supplier_median,Kokkolan Energia Oy,12,canonical_calculation,60,0,0,0,0,0,0,0,0,0,0,,,
supplier_median,Kokkolan Energia Oy,12,canonical_calculation,90,0,0,0,0,0,0,0,0,0,0,,,
supplier_median,Kokkolan Energia Oy,12,observed_seller_data,7,110,103,83,20,103,83,20,0,1,1,0.8058252427184466,0.8058252427184466,0.9363636363636364
supplier_median,Kokkolan Energia Oy,12,observed_seller_data,14,110,96,62,34,96,62,34,0,1,1,0.6458333333333334,0.6458333333333334,0.8727272727272727
supplier_median,Kokkolan Energia Oy,12,observed_seller_data,30,110,80,31,49,80,31,49,0,1,1,0.3875,0.3875,0.7272727272727273
supplier_median,Kokkolan Energia Oy,12,observed_seller_data,45,110,65,16,49,65,16,49,0,1,1,0.24615384615384617,0.24615384615384617,0.5909090909090909
supplier_median,Kokkolan Energia Oy,12,observed_seller_data,60,99,50,1,49,50,1,49,0,1,1,0.02,0.02,0.5050505050505051
supplier_median,Kokkolan Energia Oy,12,observed_seller_data,90,69,20,0,20,20,0,20,0,1,1,0.0,0.0,0.2898550724637681
supplier_median,Kokkolan Energia Oy,24,canonical_calculation,7,42,42,31,11,42,31,11,0,1,1,0.7380952380952381,0.7380952380952381,1.0
supplier_median,Kokkolan Energia Oy,24,canonical_calculation,14,35,35,24,11,35,24,11,0,1,1,0.6857142857142857,0.6857142857142857,1.0
supplier_median,Kokkolan Energia Oy,24,canonical_calculation,30,19,19,8,11,19,8,11,0,1,1,0.42105263157894735,0.42105263157894735,1.0
supplier_median,Kokkolan Energia Oy,24,canonical_calculation,45,4,4,0,4,4,0,4,0,1,1,0.0,0.0,1.0
supplier_median,Kokkolan Energia Oy,24,canonical_calculation,60,0,0,0,0,0,0,0,0,0,0,,,
supplier_median,Kokkolan Energia Oy,24,canonical_calculation,90,0,0,0,0,0,0,0,0,0,0,,,
supplier_median,Kokkolan Energia Oy,24,observed_seller_data,7,110,103,70,33,103,70,33,0,1,1,0.6796116504854369,0.6796116504854369,0.9363636363636364
supplier_median,Kokkolan Energia Oy,24,observed_seller_data,14,110,96,42,54,96,42,54,0,1,1,0.4375,0.4375,0.8727272727272727
supplier_median,Kokkolan Energia Oy,24,observed_seller_data,30,110,80,13,67,80,13,67,0,1,1,0.1625,0.1625,0.7272727272727273
supplier_median,Kokkolan Energia Oy,24,observed_seller_data,45,110,65,0,65,65,0,65,0,1,1,0.0,0.0,0.5909090909090909
supplier_median,Kokkolan Energia Oy,24,observed_seller_data,60,99,50,0,50,50,0,50,0,1,1,0.0,0.0,0.5050505050505051
supplier_median,Kokkolan Energia Oy,24,observed_seller_data,90,69,20,0,20,20,0,20,0,1,1,0.0,0.0,0.2898550724637681
supplier_median,Korpelan Energia Oy,12,canonical_calculation,7,41,39,23,16,30,23,7,0,1,1,0.5897435897435898,0.7666666666666667,0.9512195121951219
supplier_median,Korpelan Energia Oy,12,canonical_calculation,14,34,33,15,18,22,15,7,0,1,1,0.45454545454545453,0.6818181818181818,0.9705882352941176
supplier_median,Korpelan Energia Oy,12,canonical_calculation,30,18,17,0,17,6,0,6,0,1,1,0.0,0.0,0.9444444444444444
supplier_median,Korpelan Energia Oy,12,canonical_calculation,45,4,3,0,3,0,0,0,0,1,0,0.0,,0.75
supplier_median,Korpelan Energia Oy,12,canonical_calculation,60,0,0,0,0,0,0,0,0,0,0,,,
supplier_median,Korpelan Energia Oy,12,canonical_calculation,90,0,0,0,0,0,0,0,0,0,0,,,
supplier_median,Korpelan Energia Oy,12,observed_seller_data,7,110,103,78,25,103,77,26,1,1,1,0.7572815533980582,0.7475728155339806,0.9363636363636364
supplier_median,Korpelan Energia Oy,12,observed_seller_data,14,110,96,64,32,96,56,40,8,1,1,0.6666666666666666,0.5833333333333334,0.8727272727272727
supplier_median,Korpelan Energia Oy,12,observed_seller_data,30,110,80,50,30,80,32,48,18,1,1,0.625,0.4,0.7272727272727273
supplier_median,Korpelan Energia Oy,12,observed_seller_data,45,110,65,23,42,65,17,48,6,1,1,0.35384615384615387,0.26153846153846155,0.5909090909090909
supplier_median,Korpelan Energia Oy,12,observed_seller_data,60,99,50,8,42,50,2,48,6,1,1,0.16,0.04,0.5050505050505051
supplier_median,Korpelan Energia Oy,12,observed_seller_data,90,69,20,0,20,20,0,20,0,1,1,0.0,0.0,0.2898550724637681
supplier_median,Korpelan Energia Oy,24,canonical_calculation,7,6,5,2,3,2,2,0,0,1,1,0.4,1.0,0.8333333333333334
supplier_median,Korpelan Energia Oy,24,canonical_calculation,14,0,0,0,0,0,0,0,0,0,0,,,
supplier_median,Korpelan Energia Oy,24,canonical_calculation,30,0,0,0,0,0,0,0,0,0,0,,,
supplier_median,Korpelan Energia Oy,24,canonical_calculation,45,0,0,0,0,0,0,0,0,0,0,,,
supplier_median,Korpelan Energia Oy,24,canonical_calculation,60,0,0,0,0,0,0,0,0,0,0,,,
supplier_median,Korpelan Energia Oy,24,canonical_calculation,90,0,0,0,0,0,0,0,0,0,0,,,
supplier_median,Köyliön-Säkylän Sähkö Oy,12,canonical_calculation,7,42,42,33,9,42,33,9,0,1,1,0.7857142857142857,0.7857142857142857,1.0
supplier_median,Köyliön-Säkylän Sähkö Oy,12,canonical_calculation,14,35,35,21,14,35,21,14,0,1,1,0.6,0.6,1.0
supplier_median,Köyliön-Säkylän Sähkö Oy,12,canonical_calculation,30,19,19,5,14,19,5,14,0,1,1,0.2631578947368421,0.2631578947368421,1.0
supplier_median,Köyliön-Säkylän Sähkö Oy,12,canonical_calculation,45,4,4,0,4,4,0,4,0,1,1,0.0,0.0,1.0
supplier_median,Köyliön-Säkylän Sähkö Oy,12,canonical_calculation,60,0,0,0,0,0,0,0,0,0,0,,,
supplier_median,Köyliön-Säkylän Sähkö Oy,12,canonical_calculation,90,0,0,0,0,0,0,0,0,0,0,,,
supplier_median,Köyliön-Säkylän Sähkö Oy,12,observed_seller_data,7,110,103,88,15,103,88,15,0,1,1,0.8543689320388349,0.8543689320388349,0.9363636363636364
supplier_median,Köyliön-Säkylän Sähkö Oy,12,observed_seller_data,14,110,96,77,19,96,77,19,0,1,1,0.8020833333333334,0.8020833333333334,0.8727272727272727
supplier_median,Köyliön-Säkylän Sähkö Oy,12,observed_seller_data,30,110,80,61,19,80,61,19,0,1,1,0.7625,0.7625,0.7272727272727273
supplier_median,Köyliön-Säkylän Sähkö Oy,12,observed_seller_data,45,110,65,46,19,65,46,19,0,1,1,0.7076923076923077,0.7076923076923077,0.5909090909090909
supplier_median,Köyliön-Säkylän Sähkö Oy,12,observed_seller_data,60,99,50,31,19,50,31,19,0,1,1,0.62,0.62,0.5050505050505051
supplier_median,Köyliön-Säkylän Sähkö Oy,12,observed_seller_data,90,69,20,1,19,20,1,19,0,1,1,0.05,0.05,0.2898550724637681
supplier_median,Köyliön-Säkylän Sähkö Oy,24,canonical_calculation,7,42,42,33,9,42,33,9,0,1,1,0.7857142857142857,0.7857142857142857,1.0
supplier_median,Köyliön-Säkylän Sähkö Oy,24,canonical_calculation,14,35,35,21,14,35,21,14,0,1,1,0.6,0.6,1.0
supplier_median,Köyliön-Säkylän Sähkö Oy,24,canonical_calculation,30,19,19,5,14,19,5,14,0,1,1,0.2631578947368421,0.2631578947368421,1.0
supplier_median,Köyliön-Säkylän Sähkö Oy,24,canonical_calculation,45,4,4,0,4,4,0,4,0,1,1,0.0,0.0,1.0
supplier_median,Köyliön-Säkylän Sähkö Oy,24,canonical_calculation,60,0,0,0,0,0,0,0,0,0,0,,,
supplier_median,Köyliön-Säkylän Sähkö Oy,24,canonical_calculation,90,0,0,0,0,0,0,0,0,0,0,,,
supplier_median,Köyliön-Säkylän Sähkö Oy,24,observed_seller_data,7,110,103,89,14,103,89,14,0,1,1,0.8640776699029126,0.8640776699029126,0.9363636363636364
supplier_median,Köyliön-Säkylän Sähkö Oy,24,observed_seller_data,14,110,96,78,18,96,78,18,0,1,1,0.8125,0.8125,0.8727272727272727
supplier_median,Köyliön-Säkylän Sähkö Oy,24,observed_seller_data,30,110,80,62,18,80,62,18,0,1,1,0.775,0.775,0.7272727272727273
supplier_median,Köyliön-Säkylän Sähkö Oy,24,observed_seller_data,45,110,65,47,18,65,47,18,0,1,1,0.7230769230769231,0.7230769230769231,0.5909090909090909
supplier_median,Köyliön-Säkylän Sähkö Oy,24,observed_seller_data,60,99,50,32,18,50,32,18,0,1,1,0.64,0.64,0.5050505050505051
supplier_median,Köyliön-Säkylän Sähkö Oy,24,observed_seller_data,90,69,20,2,18,20,2,18,0,1,1,0.1,0.1,0.2898550724637681
supplier_median,Lammaisten Energia Oy,6,observed_seller_data,7,27,20,20,0,20,20,0,0,1,1,1.0,1.0,0.7407407407407407
supplier_median,Lammaisten Energia Oy,6,observed_seller_data,14,27,13,13,0,13,13,0,0,1,1,1.0,1.0,0.48148148148148145
supplier_median,Lammaisten Energia Oy,6,observed_seller_data,30,27,0,0,0,0,0,0,0,0,0,,,0.0
supplier_median,Lammaisten Energia Oy,6,observed_seller_data,45,27,0,0,0,0,0,0,0,0,0,,,0.0
supplier_median,Lammaisten Energia Oy,6,observed_seller_data,60,27,0,0,0,0,0,0,0,0,0,,,0.0
supplier_median,Lammaisten Energia Oy,6,observed_seller_data,90,27,0,0,0,0,0,0,0,0,0,,,0.0
supplier_median,Lammaisten Energia Oy,12,canonical_calculation,7,41,41,35,6,37,35,2,0,1,1,0.8536585365853658,0.9459459459459459,1.0
supplier_median,Lammaisten Energia Oy,12,canonical_calculation,14,34,34,28,6,30,28,2,0,1,1,0.8235294117647058,0.9333333333333333,1.0
supplier_median,Lammaisten Energia Oy,12,canonical_calculation,30,18,18,12,6,14,12,2,0,1,1,0.6666666666666666,0.8571428571428571,1.0
supplier_median,Lammaisten Energia Oy,12,canonical_calculation,45,4,4,0,4,0,0,0,0,1,0,0.0,,1.0
supplier_median,Lammaisten Energia Oy,12,canonical_calculation,60,0,0,0,0,0,0,0,0,0,0,,,
supplier_median,Lammaisten Energia Oy,12,canonical_calculation,90,0,0,0,0,0,0,0,0,0,0,,,
supplier_median,Lammaisten Energia Oy,12,observed_seller_data,7,110,103,89,14,103,89,14,0,1,1,0.8640776699029126,0.8640776699029126,0.9363636363636364
supplier_median,Lammaisten Energia Oy,12,observed_seller_data,14,110,96,68,28,96,68,28,0,1,1,0.7083333333333334,0.7083333333333334,0.8727272727272727
supplier_median,Lammaisten Energia Oy,12,observed_seller_data,30,110,80,53,27,80,38,42,15,1,1,0.6625,0.475,0.7272727272727273
supplier_median,Lammaisten Energia Oy,12,observed_seller_data,45,110,65,50,15,65,23,42,27,1,1,0.7692307692307693,0.35384615384615387,0.5909090909090909
supplier_median,Lammaisten Energia Oy,12,observed_seller_data,60,99,50,35,15,50,8,42,27,1,1,0.7,0.16,0.5050505050505051
supplier_median,Lammaisten Energia Oy,12,observed_seller_data,90,69,20,20,0,20,0,20,20,1,1,1.0,0.0,0.2898550724637681
supplier_median,Lammaisten Energia Oy,24,canonical_calculation,7,41,41,35,6,37,35,2,0,1,1,0.8536585365853658,0.9459459459459459,1.0
supplier_median,Lammaisten Energia Oy,24,canonical_calculation,14,34,34,28,6,30,28,2,0,1,1,0.8235294117647058,0.9333333333333333,1.0
supplier_median,Lammaisten Energia Oy,24,canonical_calculation,30,18,18,12,6,14,12,2,0,1,1,0.6666666666666666,0.8571428571428571,1.0
supplier_median,Lammaisten Energia Oy,24,canonical_calculation,45,4,4,0,4,0,0,0,0,1,0,0.0,,1.0
supplier_median,Lammaisten Energia Oy,24,canonical_calculation,60,0,0,0,0,0,0,0,0,0,0,,,
supplier_median,Lammaisten Energia Oy,24,canonical_calculation,90,0,0,0,0,0,0,0,0,0,0,,,
supplier_median,Lammaisten Energia Oy,24,observed_seller_data,7,110,103,96,7,103,96,7,0,1,1,0.9320388349514563,0.9320388349514563,0.9363636363636364
supplier_median,Lammaisten Energia Oy,24,observed_seller_data,14,110,96,82,14,96,82,14,0,1,1,0.8541666666666666,0.8541666666666666,0.8727272727272727
supplier_median,Lammaisten Energia Oy,24,observed_seller_data,30,110,80,50,30,80,50,30,0,1,1,0.625,0.625,0.7272727272727273
supplier_median,Lammaisten Energia Oy,24,observed_seller_data,45,110,65,23,42,65,23,42,0,1,1,0.35384615384615387,0.35384615384615387,0.5909090909090909
supplier_median,Lammaisten Energia Oy,24,observed_seller_data,60,99,50,8,42,50,8,42,0,1,1,0.16,0.16,0.5050505050505051
supplier_median,Lammaisten Energia Oy,24,observed_seller_data,90,69,20,0,20,20,0,20,0,1,1,0.0,0.0,0.2898550724637681
supplier_median,Lumme Energia,6,observed_seller_data,7,86,79,18,61,79,18,61,0,1,1,0.22784810126582278,0.22784810126582278,0.9186046511627907
supplier_median,Lumme Energia,6,observed_seller_data,14,86,72,4,68,72,4,68,0,1,1,0.05555555555555555,0.05555555555555555,0.8372093023255814
supplier_median,Lumme Energia,6,observed_seller_data,30,86,56,0,56,56,0,56,0,1,1,0.0,0.0,0.6511627906976745
supplier_median,Lumme Energia,6,observed_seller_data,45,86,41,0,41,41,0,41,0,1,1,0.0,0.0,0.47674418604651164
supplier_median,Lumme Energia,6,observed_seller_data,60,86,26,0,26,26,0,26,0,1,1,0.0,0.0,0.3023255813953488
supplier_median,Lumme Energia,6,observed_seller_data,90,69,0,0,0,0,0,0,0,0,0,,,0.0
supplier_median,Lumme Energia,12,canonical_calculation,7,22,15,8,7,15,8,7,0,1,1,0.5333333333333333,0.5333333333333333,0.6818181818181818
supplier_median,Lumme Energia,12,canonical_calculation,14,22,8,0,8,8,0,8,0,1,1,0.0,0.0,0.36363636363636365
supplier_median,Lumme Energia,12,canonical_calculation,30,19,0,0,0,0,0,0,0,0,0,,,0.0
supplier_median,Lumme Energia,12,canonical_calculation,45,4,0,0,0,0,0,0,0,0,0,,,0.0
supplier_median,Lumme Energia,12,canonical_calculation,60,0,0,0,0,0,0,0,0,0,0,,,
supplier_median,Lumme Energia,12,canonical_calculation,90,0,0,0,0,0,0,0,0,0,0,,,
supplier_median,Lumme Energia,12,observed_seller_data,7,110,103,32,71,103,32,71,0,1,1,0.3106796116504854,0.3106796116504854,0.9363636363636364
supplier_median,Lumme Energia,12,observed_seller_data,14,110,96,15,81,96,8,88,7,1,1,0.15625,0.08333333333333333,0.8727272727272727
supplier_median,Lumme Energia,12,observed_seller_data,30,110,80,6,74,80,0,80,6,1,1,0.075,0.0,0.7272727272727273
supplier_median,Lumme Energia,12,observed_seller_data,45,110,65,4,61,65,0,65,4,1,1,0.06153846153846154,0.0,0.5909090909090909
supplier_median,Lumme Energia,12,observed_seller_data,60,99,50,0,50,50,0,50,0,1,1,0.0,0.0,0.5050505050505051
supplier_median,Lumme Energia,12,observed_seller_data,90,69,20,0,20,20,0,20,0,1,1,0.0,0.0,0.2898550724637681
supplier_median,Lumme Energia,24,canonical_calculation,7,21,14,0,14,10,0,10,0,1,1,0.0,0.0,0.6666666666666666
supplier_median,Lumme Energia,24,canonical_calculation,14,21,7,0,7,3,0,3,0,1,1,0.0,0.0,0.3333333333333333
supplier_median,Lumme Energia,24,canonical_calculation,30,18,0,0,0,0,0,0,0,0,0,,,0.0
supplier_median,Lumme Energia,24,canonical_calculation,45,4,0,0,0,0,0,0,0,0,0,,,0.0
supplier_median,Lumme Energia,24,canonical_calculation,60,0,0,0,0,0,0,0,0,0,0,,,
supplier_median,Lumme Energia,24,canonical_calculation,90,0,0,0,0,0,0,0,0,0,0,,,
supplier_median,Lumme Energia,24,observed_seller_data,7,110,103,25,78,103,25,78,0,1,1,0.24271844660194175,0.24271844660194175,0.9363636363636364
supplier_median,Lumme Energia,24,observed_seller_data,14,110,96,7,89,96,4,92,3,1,1,0.07291666666666667,0.041666666666666664,0.8727272727272727
supplier_median,Lumme Energia,24,observed_seller_data,30,110,80,22,58,80,0,80,22,1,1,0.275,0.0,0.7272727272727273
supplier_median,Lumme Energia,24,observed_seller_data,45,110,65,3,62,65,0,65,3,1,1,0.046153846153846156,0.0,0.5909090909090909
supplier_median,Lumme Energia,24,observed_seller_data,60,99,50,7,43,50,0,50,7,1,1,0.14,0.0,0.5050505050505051
supplier_median,Lumme Energia,24,observed_seller_data,90,69,20,4,16,20,0,20,4,1,1,0.2,0.0,0.2898550724637681
supplier_median,Nurmijärven Sähkö Oy,12,canonical_calculation,7,42,42,35,7,42,35,7,0,1,1,0.8333333333333334,0.8333333333333334,1.0
supplier_median,Nurmijärven Sähkö Oy,12,canonical_calculation,14,35,35,25,10,35,25,10,0,1,1,0.7142857142857143,0.7142857142857143,1.0
supplier_median,Nurmijärven Sähkö Oy,12,canonical_calculation,30,19,19,9,10,19,9,10,0,1,1,0.47368421052631576,0.47368421052631576,1.0
supplier_median,Nurmijärven Sähkö Oy,12,canonical_calculation,45,4,4,0,4,4,0,4,0,1,1,0.0,0.0,1.0
supplier_median,Nurmijärven Sähkö Oy,12,canonical_calculation,60,0,0,0,0,0,0,0,0,0,0,,,
supplier_median,Nurmijärven Sähkö Oy,12,canonical_calculation,90,0,0,0,0,0,0,0,0,0,0,,,
supplier_median,Nurmijärven Sähkö Oy,12,observed_seller_data,7,110,103,96,7,103,96,7,0,1,1,0.9320388349514563,0.9320388349514563,0.9363636363636364
supplier_median,Nurmijärven Sähkö Oy,12,observed_seller_data,14,110,96,82,14,96,82,14,0,1,1,0.8541666666666666,0.8541666666666666,0.8727272727272727
supplier_median,Nurmijärven Sähkö Oy,12,observed_seller_data,30,110,80,50,30,80,50,30,0,1,1,0.625,0.625,0.7272727272727273
supplier_median,Nurmijärven Sähkö Oy,12,observed_seller_data,45,110,65,20,45,65,20,45,0,1,1,0.3076923076923077,0.3076923076923077,0.5909090909090909
supplier_median,Nurmijärven Sähkö Oy,12,observed_seller_data,60,99,50,0,50,50,0,50,0,1,1,0.0,0.0,0.5050505050505051
supplier_median,Nurmijärven Sähkö Oy,12,observed_seller_data,90,69,20,0,20,20,0,20,0,1,1,0.0,0.0,0.2898550724637681
supplier_median,Nurmijärven Sähkö Oy,24,canonical_calculation,7,42,42,35,7,42,35,7,0,1,1,0.8333333333333334,0.8333333333333334,1.0
supplier_median,Nurmijärven Sähkö Oy,24,canonical_calculation,14,35,35,25,10,35,25,10,0,1,1,0.7142857142857143,0.7142857142857143,1.0
supplier_median,Nurmijärven Sähkö Oy,24,canonical_calculation,30,19,19,9,10,19,9,10,0,1,1,0.47368421052631576,0.47368421052631576,1.0
supplier_median,Nurmijärven Sähkö Oy,24,canonical_calculation,45,4,4,0,4,4,0,4,0,1,1,0.0,0.0,1.0
supplier_median,Nurmijärven Sähkö Oy,24,canonical_calculation,60,0,0,0,0,0,0,0,0,0,0,,,
supplier_median,Nurmijärven Sähkö Oy,24,canonical_calculation,90,0,0,0,0,0,0,0,0,0,0,,,
supplier_median,Nurmijärven Sähkö Oy,24,observed_seller_data,7,110,103,96,7,103,96,7,0,1,1,0.9320388349514563,0.9320388349514563,0.9363636363636364
supplier_median,Nurmijärven Sähkö Oy,24,observed_seller_data,14,110,96,82,14,96,82,14,0,1,1,0.8541666666666666,0.8541666666666666,0.8727272727272727
supplier_median,Nurmijärven Sähkö Oy,24,observed_seller_data,30,110,80,50,30,80,50,30,0,1,1,0.625,0.625,0.7272727272727273
supplier_median,Nurmijärven Sähkö Oy,24,observed_seller_data,45,110,65,20,45,65,20,45,0,1,1,0.3076923076923077,0.3076923076923077,0.5909090909090909
supplier_median,Nurmijärven Sähkö Oy,24,observed_seller_data,60,99,50,0,50,50,0,50,0,1,1,0.0,0.0,0.5050505050505051
supplier_median,Nurmijärven Sähkö Oy,24,observed_seller_data,90,69,20,0,20,20,0,20,0,1,1,0.0,0.0,0.2898550724637681
supplier_median,Omavoima Oy,12,canonical_calculation,7,41,41,26,15,40,26,14,0,1,1,0.6341463414634146,0.65,1.0
supplier_median,Omavoima Oy,12,canonical_calculation,14,34,34,14,20,33,14,19,0,1,1,0.4117647058823529,0.42424242424242425,1.0
supplier_median,Omavoima Oy,12,canonical_calculation,30,18,18,0,18,17,0,17,0,1,1,0.0,0.0,1.0
supplier_median,Omavoima Oy,12,canonical_calculation,45,3,3,0,3,2,0,2,0,1,1,0.0,0.0,1.0
supplier_median,Omavoima Oy,12,canonical_calculation,60,0,0,0,0,0,0,0,0,0,0,,,
supplier_median,Omavoima Oy,12,canonical_calculation,90,0,0,0,0,0,0,0,0,0,0,,,
supplier_median,Omavoima Oy,12,observed_seller_data,7,110,103,90,13,103,90,13,0,1,1,0.8737864077669902,0.8737864077669902,0.9363636363636364
supplier_median,Omavoima Oy,12,observed_seller_data,14,110,96,76,20,96,76,20,0,1,1,0.7916666666666666,0.7916666666666666,0.8727272727272727
supplier_median,Omavoima Oy,12,observed_seller_data,30,110,80,44,36,80,44,36,0,1,1,0.55,0.55,0.7272727272727273
supplier_median,Omavoima Oy,12,observed_seller_data,45,110,65,17,48,65,17,48,0,1,1,0.26153846153846155,0.26153846153846155,0.5909090909090909
supplier_median,Omavoima Oy,12,observed_seller_data,60,99,50,2,48,50,2,48,0,1,1,0.04,0.04,0.5050505050505051
supplier_median,Omavoima Oy,12,observed_seller_data,90,69,20,0,20,20,0,20,0,1,1,0.0,0.0,0.2898550724637681
supplier_median,Omavoima Oy,24,canonical_calculation,7,41,41,33,8,40,33,7,0,1,1,0.8048780487804879,0.825,1.0
supplier_median,Omavoima Oy,24,canonical_calculation,14,34,34,23,11,33,23,10,0,1,1,0.6764705882352942,0.696969696969697,1.0
supplier_median,Omavoima Oy,24,canonical_calculation,30,18,18,7,11,17,7,10,0,1,1,0.3888888888888889,0.4117647058823529,1.0
supplier_median,Omavoima Oy,24,canonical_calculation,45,3,3,0,3,2,0,2,0,1,1,0.0,0.0,1.0
supplier_median,Omavoima Oy,24,canonical_calculation,60,0,0,0,0,0,0,0,0,0,0,,,
supplier_median,Omavoima Oy,24,canonical_calculation,90,0,0,0,0,0,0,0,0,0,0,,,
supplier_median,Omavoima Oy,24,observed_seller_data,7,110,103,90,13,103,90,13,0,1,1,0.8737864077669902,0.8737864077669902,0.9363636363636364
supplier_median,Omavoima Oy,24,observed_seller_data,14,110,96,76,20,96,76,20,0,1,1,0.7916666666666666,0.7916666666666666,0.8727272727272727
supplier_median,Omavoima Oy,24,observed_seller_data,30,110,80,44,36,80,44,36,0,1,1,0.55,0.55,0.7272727272727273
supplier_median,Omavoima Oy,24,observed_seller_data,45,110,65,17,48,65,17,48,0,1,1,0.26153846153846155,0.26153846153846155,0.5909090909090909
supplier_median,Omavoima Oy,24,observed_seller_data,60,99,50,2,48,50,2,48,0,1,1,0.04,0.04,0.5050505050505051
supplier_median,Omavoima Oy,24,observed_seller_data,90,69,20,0,20,20,0,20,0,1,1,0.0,0.0,0.2898550724637681
supplier_median,Oomi Oy,6,observed_seller_data,7,77,70,18,52,70,18,52,0,1,1,0.2571428571428571,0.2571428571428571,0.9090909090909091
supplier_median,Oomi Oy,6,observed_seller_data,14,77,63,4,59,63,4,59,0,1,1,0.06349206349206349,0.06349206349206349,0.8181818181818182
supplier_median,Oomi Oy,6,observed_seller_data,30,77,47,0,47,47,0,47,0,1,1,0.0,0.0,0.6103896103896104
supplier_median,Oomi Oy,6,observed_seller_data,45,77,32,0,32,32,0,32,0,1,1,0.0,0.0,0.4155844155844156
supplier_median,Oomi Oy,6,observed_seller_data,60,77,17,0,17,17,0,17,0,1,1,0.0,0.0,0.22077922077922077
supplier_median,Oomi Oy,6,observed_seller_data,90,60,0,0,0,0,0,0,0,0,0,,,0.0
supplier_median,Oomi Oy,12,canonical_calculation,7,42,42,18,24,42,18,24,0,1,1,0.42857142857142855,0.42857142857142855,1.0
supplier_median,Oomi Oy,12,canonical_calculation,14,35,35,14,21,35,7,28,7,1,1,0.4,0.2,1.0
supplier_median,Oomi Oy,12,canonical_calculation,30,19,19,5,14,19,0,19,5,1,1,0.2631578947368421,0.0,1.0
supplier_median,Oomi Oy,12,canonical_calculation,45,4,4,0,4,4,0,4,0,1,1,0.0,0.0,1.0
supplier_median,Oomi Oy,12,canonical_calculation,60,0,0,0,0,0,0,0,0,0,0,,,
supplier_median,Oomi Oy,12,canonical_calculation,90,0,0,0,0,0,0,0,0,0,0,,,
supplier_median,Oomi Oy,12,observed_seller_data,7,109,102,31,71,100,31,69,0,1,1,0.30392156862745096,0.31,0.9357798165137615
supplier_median,Oomi Oy,12,observed_seller_data,14,109,95,15,80,93,8,85,7,1,1,0.15789473684210525,0.08602150537634409,0.8715596330275229
supplier_median,Oomi Oy,12,observed_seller_data,30,109,79,6,73,77,0,77,6,1,1,0.0759493670886076,0.0,0.7247706422018348
supplier_median,Oomi Oy,12,observed_seller_data,45,109,64,4,60,62,0,62,4,1,1,0.0625,0.0,0.5871559633027523
supplier_median,Oomi Oy,12,observed_seller_data,60,99,49,0,49,47,0,47,0,1,1,0.0,0.0,0.494949494949495
supplier_median,Oomi Oy,12,observed_seller_data,90,69,19,0,19,17,0,17,0,1,1,0.0,0.0,0.2753623188405797
supplier_median,Oomi Oy,24,canonical_calculation,7,41,41,14,27,37,14,23,0,1,1,0.34146341463414637,0.3783783783783784,1.0
supplier_median,Oomi Oy,24,canonical_calculation,14,34,34,7,27,30,7,23,0,1,1,0.20588235294117646,0.23333333333333334,1.0
supplier_median,Oomi Oy,24,canonical_calculation,30,18,18,4,14,14,0,14,0,1,1,0.2222222222222222,0.0,1.0
supplier_median,Oomi Oy,24,canonical_calculation,45,4,4,0,4,0,0,0,0,1,0,0.0,,1.0
supplier_median,Oomi Oy,24,canonical_calculation,60,0,0,0,0,0,0,0,0,0,0,,,
supplier_median,Oomi Oy,24,canonical_calculation,90,0,0,0,0,0,0,0,0,0,0,,,
supplier_median,Oomi Oy,24,observed_seller_data,7,109,102,24,78,100,24,76,0,1,1,0.23529411764705882,0.24,0.9357798165137615
supplier_median,Oomi Oy,24,observed_seller_data,14,109,95,7,88,93,4,89,3,1,1,0.07368421052631578,0.043010752688172046,0.8715596330275229
supplier_median,Oomi Oy,24,observed_seller_data,30,109,79,22,57,77,0,77,22,1,1,0.27848101265822783,0.0,0.7247706422018348
supplier_median,Oomi Oy,24,observed_seller_data,45,109,64,3,61,62,0,62,3,1,1,0.046875,0.0,0.5871559633027523
supplier_median,Oomi Oy,24,observed_seller_data,60,99,49,6,43,47,0,47,6,1,1,0.12244897959183673,0.0,0.494949494949495
supplier_median,Oomi Oy,24,observed_seller_data,90,69,19,3,16,17,0,17,3,1,1,0.15789473684210525,0.0,0.2753623188405797
supplier_median,Paneliankosken Voima Oy,12,canonical_calculation,7,39,38,30,8,30,30,0,0,1,1,0.7894736842105263,1.0,0.9743589743589743
supplier_median,Paneliankosken Voima Oy,12,canonical_calculation,14,32,31,16,15,16,16,0,0,1,1,0.5161290322580645,1.0,0.96875
supplier_median,Paneliankosken Voima Oy,12,canonical_calculation,30,17,17,0,17,0,0,0,0,1,0,0.0,,1.0
supplier_median,Paneliankosken Voima Oy,12,canonical_calculation,45,2,2,0,2,0,0,0,0,1,0,0.0,,1.0
supplier_median,Paneliankosken Voima Oy,12,canonical_calculation,60,0,0,0,0,0,0,0,0,0,0,,,
supplier_median,Paneliankosken Voima Oy,12,canonical_calculation,90,0,0,0,0,0,0,0,0,0,0,,,
supplier_median,Paneliankosken Voima Oy,12,observed_seller_data,7,110,103,83,20,103,83,20,0,1,1,0.8058252427184466,0.8058252427184466,0.9363636363636364
supplier_median,Paneliankosken Voima Oy,12,observed_seller_data,14,110,96,68,28,96,68,28,0,1,1,0.7083333333333334,0.7083333333333334,0.8727272727272727
supplier_median,Paneliankosken Voima Oy,12,observed_seller_data,30,110,80,36,44,80,36,44,0,1,1,0.45,0.45,0.7272727272727273
supplier_median,Paneliankosken Voima Oy,12,observed_seller_data,45,110,65,16,49,65,16,49,0,1,1,0.24615384615384617,0.24615384615384617,0.5909090909090909
supplier_median,Paneliankosken Voima Oy,12,observed_seller_data,60,99,50,1,49,50,1,49,0,1,1,0.02,0.02,0.5050505050505051
supplier_median,Paneliankosken Voima Oy,12,observed_seller_data,90,69,20,0,20,20,0,20,0,1,1,0.0,0.0,0.2898550724637681
supplier_median,Paneliankosken Voima Oy,24,canonical_calculation,7,40,39,30,9,30,30,0,0,1,1,0.7692307692307693,1.0,0.975
supplier_median,Paneliankosken Voima Oy,24,canonical_calculation,14,33,32,16,16,16,16,0,0,1,1,0.5,1.0,0.9696969696969697
supplier_median,Paneliankosken Voima Oy,24,canonical_calculation,30,18,18,0,18,0,0,0,0,1,0,0.0,,1.0
supplier_median,Paneliankosken Voima Oy,24,canonical_calculation,45,3,3,0,3,0,0,0,0,1,0,0.0,,1.0
supplier_median,Paneliankosken Voima Oy,24,canonical_calculation,60,0,0,0,0,0,0,0,0,0,0,,,
supplier_median,Paneliankosken Voima Oy,24,canonical_calculation,90,0,0,0,0,0,0,0,0,0,0,,,
supplier_median,Paneliankosken Voima Oy,24,observed_seller_data,7,110,103,76,27,103,76,27,0,1,1,0.7378640776699029,0.7378640776699029,0.9363636363636364
supplier_median,Paneliankosken Voima Oy,24,observed_seller_data,14,110,96,54,42,96,54,42,0,1,1,0.5625,0.5625,0.8727272727272727
supplier_median,Paneliankosken Voima Oy,24,observed_seller_data,30,110,80,14,66,80,14,66,0,1,1,0.175,0.175,0.7272727272727273
supplier_median,Paneliankosken Voima Oy,24,observed_seller_data,45,110,65,0,65,65,0,65,0,1,1,0.0,0.0,0.5909090909090909
supplier_median,Paneliankosken Voima Oy,24,observed_seller_data,60,99,50,0,50,50,0,50,0,1,1,0.0,0.0,0.5050505050505051
supplier_median,Paneliankosken Voima Oy,24,observed_seller_data,90,69,20,0,20,20,0,20,0,1,1,0.0,0.0,0.2898550724637681
supplier_median,Pohjois-Karjalan Sähkö Oy,6,canonical_calculation,7,42,42,32,10,42,32,10,0,1,1,0.7619047619047619,0.7619047619047619,1.0
supplier_median,Pohjois-Karjalan Sähkö Oy,6,canonical_calculation,14,35,35,23,12,35,23,12,0,1,1,0.6571428571428571,0.6571428571428571,1.0
supplier_median,Pohjois-Karjalan Sähkö Oy,6,canonical_calculation,30,19,19,7,12,19,7,12,0,1,1,0.3684210526315789,0.3684210526315789,1.0
supplier_median,Pohjois-Karjalan Sähkö Oy,6,canonical_calculation,45,4,4,0,4,4,0,4,0,1,1,0.0,0.0,1.0
supplier_median,Pohjois-Karjalan Sähkö Oy,6,canonical_calculation,60,0,0,0,0,0,0,0,0,0,0,,,
supplier_median,Pohjois-Karjalan Sähkö Oy,6,canonical_calculation,90,0,0,0,0,0,0,0,0,0,0,,,
supplier_median,Pohjois-Karjalan Sähkö Oy,6,observed_seller_data,7,110,103,82,21,103,82,21,0,1,1,0.7961165048543689,0.7961165048543689,0.9363636363636364
supplier_median,Pohjois-Karjalan Sähkö Oy,6,observed_seller_data,14,110,96,54,42,96,54,42,0,1,1,0.5625,0.5625,0.8727272727272727
supplier_median,Pohjois-Karjalan Sähkö Oy,6,observed_seller_data,30,110,80,3,77,80,3,77,0,1,1,0.0375,0.0375,0.7272727272727273
supplier_median,Pohjois-Karjalan Sähkö Oy,6,observed_seller_data,45,110,65,0,65,65,0,65,0,1,1,0.0,0.0,0.5909090909090909
supplier_median,Pohjois-Karjalan Sähkö Oy,6,observed_seller_data,60,99,50,0,50,50,0,50,0,1,1,0.0,0.0,0.5050505050505051
supplier_median,Pohjois-Karjalan Sähkö Oy,6,observed_seller_data,90,69,20,0,20,20,0,20,0,1,1,0.0,0.0,0.2898550724637681
supplier_median,Pohjois-Karjalan Sähkö Oy,12,canonical_calculation,7,42,42,39,3,42,39,3,0,1,1,0.9285714285714286,0.9285714285714286,1.0
supplier_median,Pohjois-Karjalan Sähkö Oy,12,canonical_calculation,14,35,35,32,3,35,32,3,0,1,1,0.9142857142857143,0.9142857142857143,1.0
supplier_median,Pohjois-Karjalan Sähkö Oy,12,canonical_calculation,30,19,19,16,3,19,16,3,0,1,1,0.8421052631578947,0.8421052631578947,1.0
supplier_median,Pohjois-Karjalan Sähkö Oy,12,canonical_calculation,45,4,4,1,3,4,1,3,0,1,1,0.25,0.25,1.0
supplier_median,Pohjois-Karjalan Sähkö Oy,12,canonical_calculation,60,0,0,0,0,0,0,0,0,0,0,,,
supplier_median,Pohjois-Karjalan Sähkö Oy,12,canonical_calculation,90,0,0,0,0,0,0,0,0,0,0,,,
supplier_median,Pohjois-Karjalan Sähkö Oy,12,observed_seller_data,7,110,103,87,16,103,87,16,0,1,1,0.8446601941747572,0.8446601941747572,0.9363636363636364
supplier_median,Pohjois-Karjalan Sähkö Oy,12,observed_seller_data,14,110,96,66,30,96,66,30,0,1,1,0.6875,0.6875,0.8727272727272727
supplier_median,Pohjois-Karjalan Sähkö Oy,12,observed_seller_data,30,110,80,20,60,80,20,60,0,1,1,0.25,0.25,0.7272727272727273
supplier_median,Pohjois-Karjalan Sähkö Oy,12,observed_seller_data,45,110,65,5,60,65,5,60,0,1,1,0.07692307692307693,0.07692307692307693,0.5909090909090909
supplier_median,Pohjois-Karjalan Sähkö Oy,12,observed_seller_data,60,99,50,0,50,50,0,50,0,1,1,0.0,0.0,0.5050505050505051
supplier_median,Pohjois-Karjalan Sähkö Oy,12,observed_seller_data,90,69,20,0,20,20,0,20,0,1,1,0.0,0.0,0.2898550724637681
supplier_median,Pohjois-Karjalan Sähkö Oy,24,canonical_calculation,7,42,42,42,0,42,42,0,0,1,1,1.0,1.0,1.0
supplier_median,Pohjois-Karjalan Sähkö Oy,24,canonical_calculation,14,35,35,35,0,35,35,0,0,1,1,1.0,1.0,1.0
supplier_median,Pohjois-Karjalan Sähkö Oy,24,canonical_calculation,30,19,19,19,0,19,19,0,0,1,1,1.0,1.0,1.0
supplier_median,Pohjois-Karjalan Sähkö Oy,24,canonical_calculation,45,4,4,4,0,4,4,0,0,1,1,1.0,1.0,1.0
supplier_median,Pohjois-Karjalan Sähkö Oy,24,canonical_calculation,60,0,0,0,0,0,0,0,0,0,0,,,
supplier_median,Pohjois-Karjalan Sähkö Oy,24,canonical_calculation,90,0,0,0,0,0,0,0,0,0,0,,,
supplier_median,Pohjois-Karjalan Sähkö Oy,24,observed_seller_data,7,110,103,88,15,103,88,15,0,1,1,0.8543689320388349,0.8543689320388349,0.9363636363636364
supplier_median,Pohjois-Karjalan Sähkö Oy,24,observed_seller_data,14,110,96,69,27,96,69,27,0,1,1,0.71875,0.71875,0.8727272727272727
supplier_median,Pohjois-Karjalan Sähkö Oy,24,observed_seller_data,30,110,80,39,41,80,39,41,0,1,1,0.4875,0.4875,0.7272727272727273
supplier_median,Pohjois-Karjalan Sähkö Oy,24,observed_seller_data,45,110,65,24,41,65,24,41,0,1,1,0.36923076923076925,0.36923076923076925,0.5909090909090909
supplier_median,Pohjois-Karjalan Sähkö Oy,24,observed_seller_data,60,99,50,9,41,50,9,41,0,1,1,0.18,0.18,0.5050505050505051
supplier_median,Pohjois-Karjalan Sähkö Oy,24,observed_seller_data,90,69,20,0,20,20,0,20,0,1,1,0.0,0.0,0.2898550724637681
supplier_median,Porvoon Energia Oy,6,observed_seller_data,7,70,63,47,16,63,47,16,0,1,1,0.746031746031746,0.746031746031746,0.9
supplier_median,Porvoon Energia Oy,6,observed_seller_data,14,70,56,26,30,56,26,30,0,1,1,0.4642857142857143,0.4642857142857143,0.8
supplier_median,Porvoon Energia Oy,6,observed_seller_data,30,70,40,0,40,40,0,40,0,1,1,0.0,0.0,0.5714285714285714
supplier_median,Porvoon Energia Oy,6,observed_seller_data,45,70,25,0,25,25,0,25,0,1,1,0.0,0.0,0.35714285714285715
supplier_median,Porvoon Energia Oy,6,observed_seller_data,60,70,10,0,10,10,0,10,0,1,1,0.0,0.0,0.14285714285714285
supplier_median,Porvoon Energia Oy,6,observed_seller_data,90,69,0,0,0,0,0,0,0,0,0,,,0.0
supplier_median,Porvoon Energia Oy,12,canonical_calculation,7,42,42,30,12,42,30,12,0,1,1,0.7142857142857143,0.7142857142857143,1.0
supplier_median,Porvoon Energia Oy,12,canonical_calculation,14,35,35,21,14,35,21,14,0,1,1,0.6,0.6,1.0
supplier_median,Porvoon Energia Oy,12,canonical_calculation,30,19,19,5,14,19,5,14,0,1,1,0.2631578947368421,0.2631578947368421,1.0
supplier_median,Porvoon Energia Oy,12,canonical_calculation,45,4,4,0,4,4,0,4,0,1,1,0.0,0.0,1.0
supplier_median,Porvoon Energia Oy,12,canonical_calculation,60,0,0,0,0,0,0,0,0,0,0,,,
supplier_median,Porvoon Energia Oy,12,canonical_calculation,90,0,0,0,0,0,0,0,0,0,0,,,
supplier_median,Porvoon Energia Oy,12,observed_seller_data,7,110,103,43,60,103,43,60,0,1,1,0.4174757281553398,0.4174757281553398,0.9363636363636364
supplier_median,Porvoon Energia Oy,12,observed_seller_data,14,110,96,14,82,96,14,82,0,1,1,0.14583333333333334,0.14583333333333334,0.8727272727272727
supplier_median,Porvoon Energia Oy,12,observed_seller_data,30,110,80,2,78,80,0,80,2,1,1,0.025,0.0,0.7272727272727273
supplier_median,Porvoon Energia Oy,12,observed_seller_data,45,110,65,7,58,65,0,65,7,1,1,0.1076923076923077,0.0,0.5909090909090909
supplier_median,Porvoon Energia Oy,12,observed_seller_data,60,99,50,3,47,50,0,50,3,1,1,0.06,0.0,0.5050505050505051
supplier_median,Porvoon Energia Oy,12,observed_seller_data,90,69,20,0,20,20,0,20,0,1,1,0.0,0.0,0.2898550724637681
supplier_median,Porvoon Energia Oy,24,canonical_calculation,7,42,42,36,6,42,36,6,0,1,1,0.8571428571428571,0.8571428571428571,1.0
supplier_median,Porvoon Energia Oy,24,canonical_calculation,14,35,35,29,6,35,29,6,0,1,1,0.8285714285714286,0.8285714285714286,1.0
supplier_median,Porvoon Energia Oy,24,canonical_calculation,30,19,19,13,6,19,13,6,0,1,1,0.6842105263157895,0.6842105263157895,1.0
supplier_median,Porvoon Energia Oy,24,canonical_calculation,45,4,4,0,4,4,0,4,0,1,1,0.0,0.0,1.0
supplier_median,Porvoon Energia Oy,24,canonical_calculation,60,0,0,0,0,0,0,0,0,0,0,,,
supplier_median,Porvoon Energia Oy,24,canonical_calculation,90,0,0,0,0,0,0,0,0,0,0,,,
supplier_median,Porvoon Energia Oy,24,observed_seller_data,7,110,103,57,46,103,57,46,0,1,1,0.5533980582524272,0.5533980582524272,0.9363636363636364
supplier_median,Porvoon Energia Oy,24,observed_seller_data,14,110,96,21,75,96,21,75,0,1,1,0.21875,0.21875,0.8727272727272727
supplier_median,Porvoon Energia Oy,24,observed_seller_data,30,110,80,12,68,80,0,80,12,1,1,0.15,0.0,0.7272727272727273
supplier_median,Porvoon Energia Oy,24,observed_seller_data,45,110,65,9,56,65,0,65,9,1,1,0.13846153846153847,0.0,0.5909090909090909
supplier_median,Porvoon Energia Oy,24,observed_seller_data,60,99,50,0,50,50,0,50,0,1,1,0.0,0.0,0.5050505050505051
supplier_median,Porvoon Energia Oy,24,observed_seller_data,90,69,20,1,19,20,0,20,1,1,1,0.05,0.0,0.2898550724637681
supplier_median,Sähkötytöt Oy,6,observed_seller_data,7,42,35,35,0,35,35,0,0,1,1,1.0,1.0,0.8333333333333334
supplier_median,Sähkötytöt Oy,6,observed_seller_data,14,42,28,28,0,28,28,0,0,1,1,1.0,1.0,0.6666666666666666
supplier_median,Sähkötytöt Oy,6,observed_seller_data,30,42,12,12,0,12,12,0,0,1,1,1.0,1.0,0.2857142857142857
supplier_median,Sähkötytöt Oy,6,observed_seller_data,45,42,0,0,0,0,0,0,0,0,0,,,0.0
supplier_median,Sähkötytöt Oy,6,observed_seller_data,60,42,0,0,0,0,0,0,0,0,0,,,0.0
supplier_median,Sähkötytöt Oy,6,observed_seller_data,90,42,0,0,0,0,0,0,0,0,0,,,0.0
supplier_median,Sähkötytöt Oy,12,observed_seller_data,7,56,49,49,0,49,49,0,0,1,1,1.0,1.0,0.875
supplier_median,Sähkötytöt Oy,12,observed_seller_data,14,56,42,42,0,42,42,0,0,1,1,1.0,1.0,0.75
supplier_median,Sähkötytöt Oy,12,observed_seller_data,30,56,26,26,0,26,26,0,0,1,1,1.0,1.0,0.4642857142857143
supplier_median,Sähkötytöt Oy,12,observed_seller_data,45,56,11,11,0,11,11,0,0,1,1,1.0,1.0,0.19642857142857142
supplier_median,Sähkötytöt Oy,12,observed_seller_data,60,56,0,0,0,0,0,0,0,0,0,,,0.0
supplier_median,Sähkötytöt Oy,12,observed_seller_data,90,56,0,0,0,0,0,0,0,0,0,,,0.0
supplier_median,Sähkötytöt Oy,24,observed_seller_data,7,51,44,44,0,44,44,0,0,1,1,1.0,1.0,0.8627450980392157
supplier_median,Sähkötytöt Oy,24,observed_seller_data,14,51,37,37,0,37,37,0,0,1,1,1.0,1.0,0.7254901960784313
supplier_median,Sähkötytöt Oy,24,observed_seller_data,30,51,21,21,0,21,21,0,0,1,1,1.0,1.0,0.4117647058823529
supplier_median,Sähkötytöt Oy,24,observed_seller_data,45,51,6,6,0,6,6,0,0,1,1,1.0,1.0,0.11764705882352941
supplier_median,Sähkötytöt Oy,24,observed_seller_data,60,51,0,0,0,0,0,0,0,0,0,,,0.0
supplier_median,Sähkötytöt Oy,24,observed_seller_data,90,51,0,0,0,0,0,0,0,0,0,,,0.0
supplier_median,Turku Energia Oy,6,canonical_calculation,7,41,41,24,17,40,24,16,0,1,1,0.5853658536585366,0.6,1.0
supplier_median,Turku Energia Oy,6,canonical_calculation,14,34,34,4,30,33,4,29,0,1,1,0.11764705882352941,0.12121212121212122,1.0
supplier_median,Turku Energia Oy,6,canonical_calculation,30,18,18,0,18,17,0,17,0,1,1,0.0,0.0,1.0
supplier_median,Turku Energia Oy,6,canonical_calculation,45,3,3,0,3,2,0,2,0,1,1,0.0,0.0,1.0
supplier_median,Turku Energia Oy,6,canonical_calculation,60,0,0,0,0,0,0,0,0,0,0,,,
supplier_median,Turku Energia Oy,6,canonical_calculation,90,0,0,0,0,0,0,0,0,0,0,,,
supplier_median,Turku Energia Oy,6,observed_seller_data,7,104,91,63,28,90,62,28,0,1,1,0.6923076923076923,0.6888888888888889,0.875
supplier_median,Turku Energia Oy,6,observed_seller_data,14,104,84,32,52,76,24,52,0,1,1,0.38095238095238093,0.3157894736842105,0.8076923076923077
supplier_median,Turku Energia Oy,6,observed_seller_data,30,104,74,9,65,59,4,55,0,1,1,0.12162162162162163,0.06779661016949153,0.7115384615384616
supplier_median,Turku Energia Oy,6,observed_seller_data,45,104,59,0,59,44,0,44,0,1,1,0.0,0.0,0.5673076923076923
supplier_median,Turku Energia Oy,6,observed_seller_data,60,93,44,0,44,29,0,29,0,1,1,0.0,0.0,0.4731182795698925
supplier_median,Turku Energia Oy,6,observed_seller_data,90,63,15,0,15,0,0,0,0,1,0,0.0,,0.23809523809523808
supplier_median,Turku Energia Oy,12,canonical_calculation,7,41,41,24,17,40,24,16,0,1,1,0.5853658536585366,0.6,1.0
supplier_median,Turku Energia Oy,12,canonical_calculation,14,34,34,8,26,33,8,25,0,1,1,0.23529411764705882,0.24242424242424243,1.0
supplier_median,Turku Energia Oy,12,canonical_calculation,30,18,18,0,18,17,0,17,0,1,1,0.0,0.0,1.0
supplier_median,Turku Energia Oy,12,canonical_calculation,45,3,3,0,3,2,0,2,0,1,1,0.0,0.0,1.0
supplier_median,Turku Energia Oy,12,canonical_calculation,60,0,0,0,0,0,0,0,0,0,0,,,
supplier_median,Turku Energia Oy,12,canonical_calculation,90,0,0,0,0,0,0,0,0,0,0,,,
supplier_median,Turku Energia Oy,12,observed_seller_data,7,110,103,75,28,103,75,28,0,1,1,0.7281553398058253,0.7281553398058253,0.9363636363636364
supplier_median,Turku Energia Oy,12,observed_seller_data,14,110,96,44,52,96,44,52,0,1,1,0.4583333333333333,0.4583333333333333,0.8727272727272727
supplier_median,Turku Energia Oy,12,observed_seller_data,30,110,80,24,56,80,24,56,0,1,1,0.3,0.3,0.7272727272727273
supplier_median,Turku Energia Oy,12,observed_seller_data,45,110,65,9,56,65,9,56,0,1,1,0.13846153846153847,0.13846153846153847,0.5909090909090909
supplier_median,Turku Energia Oy,12,observed_seller_data,60,99,50,0,50,50,0,50,0,1,1,0.0,0.0,0.5050505050505051
supplier_median,Turku Energia Oy,12,observed_seller_data,90,69,20,0,20,20,0,20,0,1,1,0.0,0.0,0.2898550724637681
supplier_median,Turku Energia Oy,24,canonical_calculation,7,41,41,10,31,40,10,30,0,1,1,0.24390243902439024,0.25,1.0
supplier_median,Turku Energia Oy,24,canonical_calculation,14,34,34,0,34,33,0,33,0,1,1,0.0,0.0,1.0
supplier_median,Turku Energia Oy,24,canonical_calculation,30,18,18,0,18,17,0,17,0,1,1,0.0,0.0,1.0
supplier_median,Turku Energia Oy,24,canonical_calculation,45,3,3,0,3,2,0,2,0,1,1,0.0,0.0,1.0
supplier_median,Turku Energia Oy,24,canonical_calculation,60,0,0,0,0,0,0,0,0,0,0,,,
supplier_median,Turku Energia Oy,24,canonical_calculation,90,0,0,0,0,0,0,0,0,0,0,,,
supplier_median,Turku Energia Oy,24,observed_seller_data,7,74,66,46,20,60,46,14,0,1,1,0.696969696969697,0.7666666666666667,0.8918918918918919
supplier_median,Turku Energia Oy,24,observed_seller_data,14,74,59,22,37,46,22,24,0,1,1,0.3728813559322034,0.4782608695652174,0.7972972972972973
supplier_median,Turku Energia Oy,24,observed_seller_data,30,74,44,0,44,17,0,17,0,1,1,0.0,0.0,0.5945945945945946
supplier_median,Turku Energia Oy,24,observed_seller_data,45,74,29,0,29,2,0,2,0,1,1,0.0,0.0,0.3918918918918919
supplier_median,Turku Energia Oy,24,observed_seller_data,60,63,15,0,15,0,0,0,0,1,0,0.0,,0.23809523809523808
supplier_median,Turku Energia Oy,24,observed_seller_data,90,33,0,0,0,0,0,0,0,0,0,,,0.0
supplier_median,Vaasan Sähkö Myynti Oy,6,canonical_calculation,7,41,40,21,19,34,21,13,0,1,1,0.525,0.6176470588235294,0.975609756097561
supplier_median,Vaasan Sähkö Myynti Oy,6,canonical_calculation,14,34,34,6,28,26,6,20,0,1,1,0.17647058823529413,0.23076923076923078,1.0
supplier_median,Vaasan Sähkö Myynti Oy,6,canonical_calculation,30,18,18,0,18,10,0,10,0,1,1,0.0,0.0,1.0
supplier_median,Vaasan Sähkö Myynti Oy,6,canonical_calculation,45,4,4,0,4,0,0,0,0,1,0,0.0,,1.0
supplier_median,Vaasan Sähkö Myynti Oy,6,canonical_calculation,60,0,0,0,0,0,0,0,0,0,0,,,
supplier_median,Vaasan Sähkö Myynti Oy,6,canonical_calculation,90,0,0,0,0,0,0,0,0,0,0,,,
supplier_median,Vaasan Sähkö Myynti Oy,6,observed_seller_data,7,110,103,47,56,103,47,56,0,1,1,0.4563106796116505,0.4563106796116505,0.9363636363636364
supplier_median,Vaasan Sähkö Myynti Oy,6,observed_seller_data,14,110,96,14,82,96,14,82,0,1,1,0.14583333333333334,0.14583333333333334,0.8727272727272727
supplier_median,Vaasan Sähkö Myynti Oy,6,observed_seller_data,30,110,80,0,80,80,0,80,0,1,1,0.0,0.0,0.7272727272727273
supplier_median,Vaasan Sähkö Myynti Oy,6,observed_seller_data,45,110,65,0,65,65,0,65,0,1,1,0.0,0.0,0.5909090909090909
supplier_median,Vaasan Sähkö Myynti Oy,6,observed_seller_data,60,99,50,0,50,50,0,50,0,1,1,0.0,0.0,0.5050505050505051
supplier_median,Vaasan Sähkö Myynti Oy,6,observed_seller_data,90,69,20,0,20,20,0,20,0,1,1,0.0,0.0,0.2898550724637681
supplier_median,Vaasan Sähkö Myynti Oy,12,canonical_calculation,7,22,14,8,6,8,8,0,0,1,1,0.5714285714285714,1.0,0.6363636363636364
supplier_median,Vaasan Sähkö Myynti Oy,12,canonical_calculation,14,22,8,1,7,1,1,0,0,1,1,0.125,1.0,0.36363636363636365
supplier_median,Vaasan Sähkö Myynti Oy,12,canonical_calculation,30,18,6,0,6,0,0,0,0,1,0,0.0,,0.3333333333333333
supplier_median,Vaasan Sähkö Myynti Oy,12,canonical_calculation,45,4,4,0,4,0,0,0,0,1,0,0.0,,1.0
supplier_median,Vaasan Sähkö Myynti Oy,12,canonical_calculation,60,0,0,0,0,0,0,0,0,0,0,,,
supplier_median,Vaasan Sähkö Myynti Oy,12,canonical_calculation,90,0,0,0,0,0,0,0,0,0,0,,,
supplier_median,Vaasan Sähkö Myynti Oy,12,observed_seller_data,7,110,103,27,76,103,27,76,0,1,1,0.2621359223300971,0.2621359223300971,0.9363636363636364
supplier_median,Vaasan Sähkö Myynti Oy,12,observed_seller_data,14,110,96,8,88,96,8,88,0,1,1,0.08333333333333333,0.08333333333333333,0.8727272727272727
supplier_median,Vaasan Sähkö Myynti Oy,12,observed_seller_data,30,110,80,0,80,80,0,80,0,1,1,0.0,0.0,0.7272727272727273
supplier_median,Vaasan Sähkö Myynti Oy,12,observed_seller_data,45,110,65,0,65,65,0,65,0,1,1,0.0,0.0,0.5909090909090909
supplier_median,Vaasan Sähkö Myynti Oy,12,observed_seller_data,60,99,50,0,50,50,0,50,0,1,1,0.0,0.0,0.5050505050505051
supplier_median,Vaasan Sähkö Myynti Oy,12,observed_seller_data,90,69,20,0,20,20,0,20,0,1,1,0.0,0.0,0.2898550724637681
supplier_median,Vaasan Sähkö Myynti Oy,24,canonical_calculation,7,41,40,28,12,34,28,6,0,1,1,0.7,0.8235294117647058,0.975609756097561
supplier_median,Vaasan Sähkö Myynti Oy,24,canonical_calculation,14,34,34,21,13,27,21,6,0,1,1,0.6176470588235294,0.7777777777777778,1.0
supplier_median,Vaasan Sähkö Myynti Oy,24,canonical_calculation,30,18,18,5,13,11,5,6,0,1,1,0.2777777777777778,0.45454545454545453,1.0
supplier_median,Vaasan Sähkö Myynti Oy,24,canonical_calculation,45,4,4,0,4,0,0,0,0,1,0,0.0,,1.0
supplier_median,Vaasan Sähkö Myynti Oy,24,canonical_calculation,60,0,0,0,0,0,0,0,0,0,0,,,
supplier_median,Vaasan Sähkö Myynti Oy,24,canonical_calculation,90,0,0,0,0,0,0,0,0,0,0,,,
supplier_median,Vaasan Sähkö Myynti Oy,24,observed_seller_data,7,110,103,27,76,103,27,76,0,1,1,0.2621359223300971,0.2621359223300971,0.9363636363636364
supplier_median,Vaasan Sähkö Myynti Oy,24,observed_seller_data,14,110,96,8,88,96,8,88,0,1,1,0.08333333333333333,0.08333333333333333,0.8727272727272727
supplier_median,Vaasan Sähkö Myynti Oy,24,observed_seller_data,30,110,80,5,75,80,0,80,5,1,1,0.0625,0.0,0.7272727272727273
supplier_median,Vaasan Sähkö Myynti Oy,24,observed_seller_data,45,110,65,0,65,65,0,65,0,1,1,0.0,0.0,0.5909090909090909
supplier_median,Vaasan Sähkö Myynti Oy,24,observed_seller_data,60,99,50,0,50,50,0,50,0,1,1,0.0,0.0,0.5050505050505051
supplier_median,Vaasan Sähkö Myynti Oy,24,observed_seller_data,90,69,20,0,20,20,0,20,0,1,1,0.0,0.0,0.2898550724637681
supplier_median,Vattenfall Oy,6,canonical_calculation,7,11,4,4,0,4,4,0,0,1,1,1.0,1.0,0.36363636363636365
supplier_median,Vattenfall Oy,6,canonical_calculation,14,10,0,0,0,0,0,0,0,0,0,,,0.0
supplier_median,Vattenfall Oy,6,canonical_calculation,30,0,0,0,0,0,0,0,0,0,0,,,
supplier_median,Vattenfall Oy,6,canonical_calculation,45,0,0,0,0,0,0,0,0,0,0,,,
supplier_median,Vattenfall Oy,6,canonical_calculation,60,0,0,0,0,0,0,0,0,0,0,,,
supplier_median,Vattenfall Oy,6,canonical_calculation,90,0,0,0,0,0,0,0,0,0,0,,,
supplier_median,Vattenfall Oy,6,observed_seller_data,7,100,86,58,28,86,58,28,0,1,1,0.6744186046511628,0.6744186046511628,0.86
supplier_median,Vattenfall Oy,6,observed_seller_data,14,100,78,22,56,72,22,50,0,1,1,0.28205128205128205,0.3055555555555556,0.78
supplier_median,Vattenfall Oy,6,observed_seller_data,30,100,62,0,62,40,0,40,0,1,1,0.0,0.0,0.62
supplier_median,Vattenfall Oy,6,observed_seller_data,45,100,47,0,47,10,0,10,0,1,1,0.0,0.0,0.47
supplier_median,Vattenfall Oy,6,observed_seller_data,60,91,45,0,45,0,0,0,0,1,0,0.0,,0.4945054945054945
supplier_median,Vattenfall Oy,6,observed_seller_data,90,61,18,0,18,0,0,0,0,1,0,0.0,,0.29508196721311475
supplier_median,Vattenfall Oy,12,canonical_calculation,7,38,31,17,14,27,17,10,0,1,1,0.5483870967741935,0.6296296296296297,0.8157894736842105
supplier_median,Vattenfall Oy,12,canonical_calculation,14,34,27,6,21,20,6,14,0,1,1,0.2222222222222222,0.3,0.7941176470588235
supplier_median,Vattenfall Oy,12,canonical_calculation,30,18,11,0,11,4,0,4,0,1,1,0.0,0.0,0.6111111111111112
supplier_median,Vattenfall Oy,12,canonical_calculation,45,4,3,0,3,0,0,0,0,1,0,0.0,,0.75
supplier_median,Vattenfall Oy,12,canonical_calculation,60,0,0,0,0,0,0,0,0,0,0,,,
supplier_median,Vattenfall Oy,12,canonical_calculation,90,0,0,0,0,0,0,0,0,0,0,,,
supplier_median,Vattenfall Oy,12,observed_seller_data,7,110,103,62,41,103,62,41,0,1,1,0.6019417475728155,0.6019417475728155,0.9363636363636364
supplier_median,Vattenfall Oy,12,observed_seller_data,14,110,96,27,69,96,27,69,0,1,1,0.28125,0.28125,0.8727272727272727
supplier_median,Vattenfall Oy,12,observed_seller_data,30,110,80,1,79,80,0,80,1,1,1,0.0125,0.0,0.7272727272727273
supplier_median,Vattenfall Oy,12,observed_seller_data,45,110,65,13,52,65,0,65,13,1,1,0.2,0.0,0.5909090909090909
supplier_median,Vattenfall Oy,12,observed_seller_data,60,99,50,0,50,50,0,50,0,1,1,0.0,0.0,0.5050505050505051
supplier_median,Vattenfall Oy,12,observed_seller_data,90,69,20,0,20,20,0,20,0,1,1,0.0,0.0,0.2898550724637681
supplier_median,Vattenfall Oy,24,canonical_calculation,7,41,39,16,23,30,16,14,0,1,1,0.41025641025641024,0.5333333333333333,0.9512195121951219
supplier_median,Vattenfall Oy,24,canonical_calculation,14,34,33,2,31,22,2,20,0,1,1,0.06060606060606061,0.09090909090909091,0.9705882352941176
supplier_median,Vattenfall Oy,24,canonical_calculation,30,18,17,0,17,6,0,6,0,1,1,0.0,0.0,0.9444444444444444
supplier_median,Vattenfall Oy,24,canonical_calculation,45,4,3,0,3,0,0,0,0,1,0,0.0,,0.75
supplier_median,Vattenfall Oy,24,canonical_calculation,60,0,0,0,0,0,0,0,0,0,0,,,
supplier_median,Vattenfall Oy,24,canonical_calculation,90,0,0,0,0,0,0,0,0,0,0,,,
supplier_median,Vattenfall Oy,24,observed_seller_data,7,110,103,51,52,103,51,52,0,1,1,0.49514563106796117,0.49514563106796117,0.9363636363636364
supplier_median,Vattenfall Oy,24,observed_seller_data,14,110,96,13,83,96,13,83,0,1,1,0.13541666666666666,0.13541666666666666,0.8727272727272727
supplier_median,Vattenfall Oy,24,observed_seller_data,30,110,80,0,80,80,0,80,0,1,1,0.0,0.0,0.7272727272727273
supplier_median,Vattenfall Oy,24,observed_seller_data,45,110,65,0,65,65,0,65,0,1,1,0.0,0.0,0.5909090909090909
supplier_median,Vattenfall Oy,24,observed_seller_data,60,99,50,0,50,50,0,50,0,1,1,0.0,0.0,0.5050505050505051
supplier_median,Vattenfall Oy,24,observed_seller_data,90,69,20,0,20,20,0,20,0,1,1,0.0,0.0,0.2898550724637681
supplier_median,Vihreä Älyenergia Oy,12,canonical_calculation,7,42,42,35,7,42,35,7,0,1,1,0.8333333333333334,0.8333333333333334,1.0
supplier_median,Vihreä Älyenergia Oy,12,canonical_calculation,14,35,35,24,11,35,24,11,0,1,1,0.6857142857142857,0.6857142857142857,1.0
supplier_median,Vihreä Älyenergia Oy,12,canonical_calculation,30,19,19,8,11,19,8,11,0,1,1,0.42105263157894735,0.42105263157894735,1.0
supplier_median,Vihreä Älyenergia Oy,12,canonical_calculation,45,4,4,0,4,4,0,4,0,1,1,0.0,0.0,1.0
supplier_median,Vihreä Älyenergia Oy,12,canonical_calculation,60,0,0,0,0,0,0,0,0,0,0,,,
supplier_median,Vihreä Älyenergia Oy,12,canonical_calculation,90,0,0,0,0,0,0,0,0,0,0,,,
supplier_median,Vihreä Älyenergia Oy,12,observed_seller_data,7,110,103,96,7,103,91,12,5,1,1,0.9320388349514563,0.883495145631068,0.9363636363636364
supplier_median,Vihreä Älyenergia Oy,12,observed_seller_data,14,110,96,91,5,96,84,12,7,1,1,0.9479166666666666,0.875,0.8727272727272727
supplier_median,Vihreä Älyenergia Oy,12,observed_seller_data,30,110,80,75,5,80,68,12,7,1,1,0.9375,0.85,0.7272727272727273
supplier_median,Vihreä Älyenergia Oy,12,observed_seller_data,45,110,65,60,5,65,53,12,7,1,1,0.9230769230769231,0.8153846153846154,0.5909090909090909
supplier_median,Vihreä Älyenergia Oy,12,observed_seller_data,60,99,50,45,5,50,38,12,7,1,1,0.9,0.76,0.5050505050505051
supplier_median,Vihreä Älyenergia Oy,12,observed_seller_data,90,69,20,15,5,20,8,12,7,1,1,0.75,0.4,0.2898550724637681
supplier_median,Vihreä Älyenergia Oy,24,canonical_calculation,7,42,42,35,7,42,35,7,0,1,1,0.8333333333333334,0.8333333333333334,1.0
supplier_median,Vihreä Älyenergia Oy,24,canonical_calculation,14,35,35,24,11,35,24,11,0,1,1,0.6857142857142857,0.6857142857142857,1.0
supplier_median,Vihreä Älyenergia Oy,24,canonical_calculation,30,19,19,8,11,19,8,11,0,1,1,0.42105263157894735,0.42105263157894735,1.0
supplier_median,Vihreä Älyenergia Oy,24,canonical_calculation,45,4,4,0,4,4,0,4,0,1,1,0.0,0.0,1.0
supplier_median,Vihreä Älyenergia Oy,24,canonical_calculation,60,0,0,0,0,0,0,0,0,0,0,,,
supplier_median,Vihreä Älyenergia Oy,24,canonical_calculation,90,0,0,0,0,0,0,0,0,0,0,,,
supplier_median,Vihreä Älyenergia Oy,24,observed_seller_data,7,110,103,100,3,103,100,3,0,1,1,0.970873786407767,0.970873786407767,0.9363636363636364
supplier_median,Vihreä Älyenergia Oy,24,observed_seller_data,14,110,96,93,3,96,93,3,0,1,1,0.96875,0.96875,0.8727272727272727
supplier_median,Vihreä Älyenergia Oy,24,observed_seller_data,30,110,80,77,3,80,77,3,0,1,1,0.9625,0.9625,0.7272727272727273
supplier_median,Vihreä Älyenergia Oy,24,observed_seller_data,45,110,65,62,3,65,62,3,0,1,1,0.9538461538461539,0.9538461538461539,0.5909090909090909
supplier_median,Vihreä Älyenergia Oy,24,observed_seller_data,60,99,50,47,3,50,47,3,0,1,1,0.94,0.94,0.5050505050505051
supplier_median,Vihreä Älyenergia Oy,24,observed_seller_data,90,69,20,17,3,20,17,3,0,1,1,0.85,0.85,0.2898550724637681
supplier_median,Väre Oy,6,observed_seller_data,7,15,8,1,7,8,1,7,0,1,1,0.125,0.125,0.5333333333333333
supplier_median,Väre Oy,6,observed_seller_data,14,15,1,0,1,1,0,1,0,1,1,0.0,0.0,0.06666666666666667
supplier_median,Väre Oy,6,observed_seller_data,30,15,0,0,0,0,0,0,0,0,0,,,0.0
supplier_median,Väre Oy,6,observed_seller_data,45,15,0,0,0,0,0,0,0,0,0,,,0.0
supplier_median,Väre Oy,6,observed_seller_data,60,15,0,0,0,0,0,0,0,0,0,,,0.0
supplier_median,Väre Oy,6,observed_seller_data,90,15,0,0,0,0,0,0,0,0,0,,,0.0
supplier_median,Väre Oy,12,observed_seller_data,7,15,8,1,7,8,1,7,0,1,1,0.125,0.125,0.5333333333333333
supplier_median,Väre Oy,12,observed_seller_data,14,15,1,0,1,1,0,1,0,1,1,0.0,0.0,0.06666666666666667
supplier_median,Väre Oy,12,observed_seller_data,30,15,0,0,0,0,0,0,0,0,0,,,0.0
supplier_median,Väre Oy,12,observed_seller_data,45,15,0,0,0,0,0,0,0,0,0,,,0.0
supplier_median,Väre Oy,12,observed_seller_data,60,15,0,0,0,0,0,0,0,0,0,,,0.0
supplier_median,Väre Oy,12,observed_seller_data,90,15,0,0,0,0,0,0,0,0,0,,,0.0
supplier_median,Väre Oy,24,observed_seller_data,7,15,8,1,7,8,1,7,0,1,1,0.125,0.125,0.5333333333333333
supplier_median,Väre Oy,24,observed_seller_data,14,15,1,0,1,1,0,1,0,1,1,0.0,0.0,0.06666666666666667
supplier_median,Väre Oy,24,observed_seller_data,30,15,0,0,0,0,0,0,0,0,0,,,0.0
supplier_median,Väre Oy,24,observed_seller_data,45,15,0,0,0,0,0,0,0,0,0,,,0.0
supplier_median,Väre Oy,24,observed_seller_data,60,15,0,0,0,0,0,0,0,0,0,,,0.0
supplier_median,Väre Oy,24,observed_seller_data,90,15,0,0,0,0,0,0,0,0,0,,,0.0
supplier_median,Äänekosken Energia Oy,6,canonical_calculation,7,32,25,14,11,21,14,7,0,1,1,0.56,0.6666666666666666,0.78125
supplier_median,Äänekosken Energia Oy,6,canonical_calculation,14,32,18,4,14,14,4,10,0,1,1,0.2222222222222222,0.2857142857142857,0.5625
supplier_median,Äänekosken Energia Oy,6,canonical_calculation,30,18,3,0,3,0,0,0,0,1,0,0.0,,0.16666666666666666
supplier_median,Äänekosken Energia Oy,6,canonical_calculation,45,4,0,0,0,0,0,0,0,0,0,,,0.0
supplier_median,Äänekosken Energia Oy,6,canonical_calculation,60,0,0,0,0,0,0,0,0,0,0,,,
supplier_median,Äänekosken Energia Oy,6,canonical_calculation,90,0,0,0,0,0,0,0,0,0,0,,,
supplier_median,Äänekosken Energia Oy,6,observed_seller_data,7,110,103,75,28,103,75,28,0,1,1,0.7281553398058253,0.7281553398058253,0.9363636363636364
supplier_median,Äänekosken Energia Oy,6,observed_seller_data,14,110,96,49,47,96,49,47,0,1,1,0.5104166666666666,0.5104166666666666,0.8727272727272727
supplier_median,Äänekosken Energia Oy,6,observed_seller_data,30,110,80,3,77,80,3,77,0,1,1,0.0375,0.0375,0.7272727272727273
supplier_median,Äänekosken Energia Oy,6,observed_seller_data,45,110,65,0,65,65,0,65,0,1,1,0.0,0.0,0.5909090909090909
supplier_median,Äänekosken Energia Oy,6,observed_seller_data,60,99,50,0,50,50,0,50,0,1,1,0.0,0.0,0.5050505050505051
supplier_median,Äänekosken Energia Oy,6,observed_seller_data,90,69,20,0,20,20,0,20,0,1,1,0.0,0.0,0.2898550724637681
supplier_median,Äänekosken Energia Oy,12,canonical_calculation,7,41,40,33,7,33,33,0,0,1,1,0.825,1.0,0.975609756097561
supplier_median,Äänekosken Energia Oy,12,canonical_calculation,14,34,33,26,7,26,26,0,0,1,1,0.7878787878787878,1.0,0.9705882352941176
supplier_median,Äänekosken Energia Oy,12,canonical_calculation,30,18,17,10,7,10,10,0,0,1,1,0.5882352941176471,1.0,0.9444444444444444
supplier_median,Äänekosken Energia Oy,12,canonical_calculation,45,4,3,0,3,0,0,0,0,1,0,0.0,,0.75
supplier_median,Äänekosken Energia Oy,12,canonical_calculation,60,0,0,0,0,0,0,0,0,0,0,,,
supplier_median,Äänekosken Energia Oy,12,canonical_calculation,90,0,0,0,0,0,0,0,0,0,0,,,
supplier_median,Äänekosken Energia Oy,12,observed_seller_data,7,110,103,82,21,103,82,21,0,1,1,0.7961165048543689,0.7961165048543689,0.9363636363636364
supplier_median,Äänekosken Energia Oy,12,observed_seller_data,14,110,96,63,33,96,63,33,0,1,1,0.65625,0.65625,0.8727272727272727
supplier_median,Äänekosken Energia Oy,12,observed_seller_data,30,110,80,33,47,80,33,47,0,1,1,0.4125,0.4125,0.7272727272727273
supplier_median,Äänekosken Energia Oy,12,observed_seller_data,45,110,65,18,47,65,18,47,0,1,1,0.27692307692307694,0.27692307692307694,0.5909090909090909
supplier_median,Äänekosken Energia Oy,12,observed_seller_data,60,99,50,3,47,50,3,47,0,1,1,0.06,0.06,0.5050505050505051
supplier_median,Äänekosken Energia Oy,12,observed_seller_data,90,69,20,0,20,20,0,20,0,1,1,0.0,0.0,0.2898550724637681
supplier_median,Äänekosken Energia Oy,24,canonical_calculation,7,41,41,30,11,37,30,7,0,1,1,0.7317073170731707,0.8108108108108109,1.0
supplier_median,Äänekosken Energia Oy,24,canonical_calculation,14,34,34,20,14,30,20,10,0,1,1,0.5882352941176471,0.6666666666666666,1.0
supplier_median,Äänekosken Energia Oy,24,canonical_calculation,30,18,18,4,14,14,4,10,0,1,1,0.2222222222222222,0.2857142857142857,1.0
supplier_median,Äänekosken Energia Oy,24,canonical_calculation,45,4,4,0,4,0,0,0,0,1,0,0.0,,1.0
supplier_median,Äänekosken Energia Oy,24,canonical_calculation,60,0,0,0,0,0,0,0,0,0,0,,,
supplier_median,Äänekosken Energia Oy,24,canonical_calculation,90,0,0,0,0,0,0,0,0,0,0,,,
supplier_median,Äänekosken Energia Oy,24,observed_seller_data,7,110,103,91,12,103,91,12,0,1,1,0.883495145631068,0.883495145631068,0.9363636363636364
supplier_median,Äänekosken Energia Oy,24,observed_seller_data,14,110,96,77,19,96,77,19,0,1,1,0.8020833333333334,0.8020833333333334,0.8727272727272727
supplier_median,Äänekosken Energia Oy,24,observed_seller_data,30,110,80,45,35,80,45,35,0,1,1,0.5625,0.5625,0.7272727272727273
supplier_median,Äänekosken Energia Oy,24,observed_seller_data,45,110,65,20,45,65,20,45,0,1,1,0.3076923076923077,0.3076923076923077,0.5909090909090909
supplier_median,Äänekosken Energia Oy,24,observed_seller_data,60,99,50,5,45,50,5,45,0,1,1,0.1,0.1,0.5050505050505051
supplier_median,Äänekosken Energia Oy,24,observed_seller_data,90,69,20,0,20,20,0,20,0,1,1,0.0,0.0,0.2898550724637681
